{
"type": "FeatureCollection",
"name": "mx_states_2017",
"crs": { "type": "name", "properties": { "name": "urn:ogc:def:crs:OGC:1.3:CRS84" } },
"xy_coordinate_resolution": 0.0001,
"features": [
{ "type": "Feature", "properties": { "CVE_ENT": "01", "NOM_ENT": "Aguascalientes" }, "geometry": { "type": "Polygon", "coordinates": [ [ [ -102.3118, 22.4569 ], [ -102.2532, 22.3745 ], [ -102.1498, 22.3472 ], [ -102.1532, 22.2904 ], [ -102.0373, 22.299 ], [ -102.0225, 22.2416 ], [ -101.9997, 22.2337 ], [ -102.001, 22.1681 ], [ -102.0452, 22.1537 ], [ -102.0171, 22.154 ], [ -102.0259, 22.1298 ], [ -101.8552, 22.0465 ], [ -101.8638, 21.99 ], [ -101.8912, 21.9766 ], [ -101.8947, 21.9897 ], [ -101.9126, 21.9975 ], [ -101.8858, 21.9326 ], [ -101.8353, 21.9418 ], [ -101.838, 21.9073 ], [ -101.8802, 21.9101 ], [ -102.0384, 21.8532 ], [ -102.0417, 21.8231 ], [ -102.1421, 21.7054 ], [ -102.2143, 21.6948 ], [ -102.2376, 21.652 ], [ -102.304, 21.6667 ], [ -102.3257, 21.6223 ], [ -102.6335, 21.7673 ], [ -102.7352, 21.7157 ], [ -102.7757, 21.7346 ], [ -102.8533, 21.799 ], [ -102.8473, 21.8334 ], [ -102.8742, 21.8528 ], [ -102.7558, 22.0737 ], [ -102.6909, 22.1066 ], [ -102.6693, 22.194 ], [ -102.6393, 22.226 ], [ -102.67, 22.2457 ], [ -102.6687, 22.2919 ], [ -102.5066, 22.2938 ], [ -102.4672, 22.312 ], [ -102.4686, 22.3519 ], [ -102.3214, 22.3885 ], [ -102.3118, 22.4569 ] ] ] } },
{ "type": "Feature", "properties": { "CVE_ENT": "02", "NOM_ENT": "Baja California" }, "geometry": { "type": "MultiPolygon", "coordinates": [ [ [ [ -117.1237, 32.5339 ], [ -114.7197, 32.7186 ], [ -114.7646, 32.6432 ], [ -114.8079, 32.6203 ], [ -114.8122, 32.5622 ], [ -114.7918, 32.5578 ], [ -114.8159, 32.483 ], [ -114.935, 32.4819 ], [ -114.9666, 32.3388 ], [ -115.053, 32.2452 ], [ -114.9753, 32.178 ], [ -114.9655, 31.9184 ], [ -114.9097, 31.8673 ], [ -114.8432, 31.8635 ], [ -114.8069, 31.8167 ], [ -114.8169, 31.7287 ], [ -114.7837, 31.6355 ], [ -114.8164, 31.6096 ], [ -114.8579, 31.5011 ], [ -114.8906, 31.1503 ], [ -114.8675, 31.0902 ], [ -114.8143, 31.0521 ], [ -114.829, 30.9933 ], [ -114.7203, 30.937 ], [ -114.7099, 30.9057 ], [ -114.6988, 30.6337 ], [ -114.6307, 30.4887 ], [ -114.6563, 30.2852 ], [ -114.6398, 30.2604 ], [ -114.6677, 30.1914 ], [ -114.5368, 29.9704 ], [ -114.413, 29.8907 ], [ -114.4136, 29.8483 ], [ -114.3692, 29.8077 ], [ -114.3949, 29.808 ], [ -114.386, 29.7771 ], [ -114.3305, 29.7425 ], [ -114.2943, 29.7428 ], [ -114.2802, 29.7723 ], [ -114.2081, 29.7438 ], [ -113.6375, 29.2834 ], [ -113.6251, 29.2529 ], [ -113.6561, 29.2085 ], [ -113.5385, 29.058 ], [ -113.563, 29.0078 ], [ -113.5262, 28.8933 ], [ -113.479, 28.8945 ], [ -113.4801, 28.9477 ], [ -113.4384, 28.9597 ], [ -113.4152, 28.9234 ], [ -113.3857, 28.9396 ], [ -113.394, 28.9152 ], [ -113.3677, 28.9035 ], [ -113.3807, 28.8945 ], [ -113.3574, 28.874 ], [ -113.3708, 28.8385 ], [ -113.3547, 28.8044 ], [ -113.3126, 28.8031 ], [ -113.2516, 28.8405 ], [ -113.1964, 28.7923 ], [ -113.1892, 28.73 ], [ -113.1288, 28.6326 ], [ -113.1043, 28.5061 ], [ -113.0156, 28.4574 ], [ -112.9035, 28.4752 ], [ -112.8804, 28.4344 ], [ -112.8467, 28.4409 ], [ -112.8735, 28.2822 ], [ -112.7865, 28.1961 ], [ -112.812, 28.1358 ], [ -112.7887, 28.0683 ], [ -112.8049, 28.0285 ], [ -112.7649, 28.0 ], [ -114.2049, 28.0 ], [ -114.0622, 28.2076 ], [ -114.0788, 28.2466 ], [ -114.1249, 28.2568 ], [ -114.0479, 28.4385 ], [ -114.0693, 28.5151 ], [ -114.1617, 28.5704 ], [ -114.1741, 28.651 ], [ -114.2702, 28.6601 ], [ -114.2697, 28.6896 ], [ -114.284, 28.706 ], [ -114.347, 28.7308 ], [ -114.3486, 28.7723 ], [ -114.3972, 28.8178 ], [ -114.4141, 28.8765 ], [ -114.4373, 28.8759 ], [ -114.4883, 28.933 ], [ -114.5317, 28.9188 ], [ -114.5622, 28.9713 ], [ -114.5922, 28.9704 ], [ -114.6269, 29.0899 ], [ -114.7159, 29.1103 ], [ -114.7434, 29.1818 ], [ -114.813, 29.2142 ], [ -114.967, 29.3751 ], [ -115.0725, 29.4166 ], [ -115.1886, 29.4278 ], [ -115.2503, 29.5144 ], [ -115.3785, 29.5584 ], [ -115.4571, 29.6249 ], [ -115.5054, 29.617 ], [ -115.5846, 29.6922 ], [ -115.6197, 29.6953 ], [ -115.6999, 29.7552 ], [ -115.6845, 29.8265 ], [ -115.702, 29.9003 ], [ -115.7428, 29.948 ], [ -115.8127, 29.9495 ], [ -115.7813, 30.0909 ], [ -115.8118, 30.3005 ], [ -115.8495, 30.3577 ], [ -115.9169, 30.4007 ], [ -115.9695, 30.398 ], [ -115.9904, 30.3864 ], [ -115.9839, 30.3581 ], [ -116.0068, 30.3661 ], [ -116.0476, 30.4727 ], [ -116.0266, 30.6476 ], [ -116.06, 30.8006 ], [ -116.1762, 30.8628 ], [ -116.2699, 30.9671 ], [ -116.3303, 30.9604 ], [ -116.309, 31.1507 ], [ -116.3641, 31.2486 ], [ -116.4567, 31.3309 ], [ -116.5218, 31.4347 ], [ -116.6019, 31.463 ], [ -116.6087, 31.4973 ], [ -116.6911, 31.5542 ], [ -116.6921, 31.5714 ], [ -116.6517, 31.582 ], [ -116.6676, 31.6178 ], [ -116.6499, 31.6645 ], [ -116.7445, 31.7434 ], [ -116.6558, 31.7223 ], [ -116.6138, 31.7763 ], [ -116.6125, 31.8404 ], [ -116.7465, 31.9025 ], [ -116.7691, 31.9713 ], [ -116.8517, 31.9863 ], [ -116.8802, 32.0187 ], [ -116.9232, 32.2275 ], [ -117.0244, 32.2687 ], [ -117.0902, 32.3968 ], [ -117.1242, 32.4865 ], [ -117.1237, 32.5339 ] ] ], [ [ [ -117.3, 32.4403 ], [ -117.2967, 32.4437 ], [ -117.2941, 32.4337 ], [ -117.3, 32.4403 ] ] ], [ [ [ -117.2596, 32.4147 ], [ -117.2594, 32.4198 ], [ -117.2573, 32.4185 ], [ -117.2596, 32.4147 ] ] ], [ [ [ -117.2506, 32.4198 ], [ -117.2394, 32.3968 ], [ -117.2415, 32.3908 ], [ -117.2506, 32.4198 ] ] ], [ [ [ -116.8093, 31.8099 ], [ -116.8012, 31.812 ], [ -116.8014, 31.8059 ], [ -116.8093, 31.8099 ] ] ], [ [ [ -116.797, 31.8031 ], [ -116.7888, 31.8066 ], [ -116.7869, 31.791 ], [ -116.797, 31.8031 ] ] ], [ [ [ -114.7465, 31.8019 ], [ -114.6669, 31.7169 ], [ -114.6523, 31.6787 ], [ -114.7116, 31.7103 ], [ -114.6897, 31.6817 ], [ -114.7175, 31.6812 ], [ -114.7911, 31.73 ], [ -114.7999, 31.8126 ], [ -114.7465, 31.8019 ] ] ], [ [ [ -114.7448, 31.5321 ], [ -114.7725, 31.5329 ], [ -114.7717, 31.5587 ], [ -114.7546, 31.5519 ], [ -114.7448, 31.5321 ] ] ], [ [ [ -116.123, 30.4852 ], [ -116.1004, 30.4845 ], [ -116.108, 30.4804 ], [ -116.123, 30.4852 ] ] ], [ [ [ -114.6255, 30.1312 ], [ -114.6272, 30.1304 ], [ -114.6265, 30.1314 ], [ -114.6255, 30.1312 ] ] ], [ [ [ -114.5539, 30.0898 ], [ -114.5401, 30.0922 ], [ -114.5352, 30.0833 ], [ -114.5539, 30.0898 ] ] ], [ [ [ -114.4865, 30.0512 ], [ -114.4912, 30.0533 ], [ -114.4892, 30.0547 ], [ -114.4865, 30.0512 ] ] ], [ [ [ -114.4799, 30.0202 ], [ -114.4733, 30.0142 ], [ -114.475, 30.013 ], [ -114.4799, 30.0202 ] ] ], [ [ [ -114.3909, 29.9934 ], [ -114.387, 29.992 ], [ -114.3896, 29.9887 ], [ -114.3909, 29.9934 ] ] ], [ [ [ -114.4175, 29.988 ], [ -114.3917, 29.9618 ], [ -114.4153, 29.9487 ], [ -114.4237, 29.967 ], [ -114.4175, 29.988 ] ] ], [ [ [ -115.7948, 29.7926 ], [ -115.7882, 29.7934 ], [ -115.7951, 29.7866 ], [ -115.7948, 29.7926 ] ] ], [ [ [ -115.4996, 29.6141 ], [ -115.5003, 29.6145 ], [ -115.4996, 29.615 ], [ -115.4996, 29.6141 ] ] ], [ [ [ -118.2626, 29.1827 ], [ -118.2898, 29.1401 ], [ -118.2281, 29.062 ], [ -118.2215, 28.9626 ], [ -118.2482, 28.891 ], [ -118.2949, 28.8814 ], [ -118.291, 28.9682 ], [ -118.3131, 28.9796 ], [ -118.3166, 29.0376 ], [ -118.3646, 29.0775 ], [ -118.3651, 29.1462 ], [ -118.2626, 29.1827 ] ] ], [ [ [ -113.5757, 29.546 ], [ -113.5596, 29.5609 ], [ -113.5605, 29.5553 ], [ -113.5757, 29.546 ] ] ], [ [ [ -113.5398, 29.5664 ], [ -113.5344, 29.562 ], [ -113.5453, 29.5654 ], [ -113.5398, 29.5664 ] ] ], [ [ [ -113.5587, 29.5543 ], [ -113.5575, 29.5488 ], [ -113.559, 29.5461 ], [ -113.5587, 29.5543 ] ] ], [ [ [ -113.5156, 29.5518 ], [ -113.3934, 29.4592 ], [ -113.352, 29.3873 ], [ -113.3761, 29.3495 ], [ -113.3668, 29.3078 ], [ -113.2944, 29.2813 ], [ -113.1676, 29.2789 ], [ -113.1746, 29.1278 ], [ -113.1484, 29.0662 ], [ -113.1002, 29.0562 ], [ -113.1161, 28.987 ], [ -113.2439, 29.0671 ], [ -113.3007, 29.1451 ], [ -113.4044, 29.2095 ], [ -113.4428, 29.2757 ], [ -113.4969, 29.2838 ], [ -113.5073, 29.3232 ], [ -113.5882, 29.4089 ], [ -113.5721, 29.5384 ], [ -113.5156, 29.5518 ] ] ], [ [ [ -113.6082, 29.1681 ], [ -113.6069, 29.1668 ], [ -113.6081, 29.166 ], [ -113.6082, 29.1681 ] ] ], [ [ [ -113.53, 29.0985 ], [ -113.5273, 29.0981 ], [ -113.5308, 29.0962 ], [ -113.53, 29.0985 ] ] ], [ [ [ -113.5246, 29.0955 ], [ -113.5023, 29.0904 ], [ -113.4892, 29.0377 ], [ -113.5138, 29.0521 ], [ -113.5097, 29.062 ], [ -113.5246, 29.0955 ] ] ], [ [ [ -113.5181, 29.0653 ], [ -113.5162, 29.0675 ], [ -113.5149, 29.0648 ], [ -113.5181, 29.0653 ] ] ], [ [ [ -113.513, 29.0614 ], [ -113.5123, 29.0618 ], [ -113.5126, 29.0611 ], [ -113.513, 29.0614 ] ] ], [ [ [ -114.6158, 28.9657 ], [ -114.6162, 28.9653 ], [ -114.6162, 28.9657 ], [ -114.6158, 28.9657 ] ] ], [ [ [ -113.0834, 29.0689 ], [ -113.0848, 29.0631 ], [ -113.0877, 29.062 ], [ -113.0926, 29.0629 ], [ -113.0951, 29.0619 ], [ -113.0973, 29.0616 ], [ -113.0975, 29.0618 ], [ -113.0834, 29.0689 ] ] ], [ [ [ -113.499, 29.0274 ], [ -113.4983, 29.0274 ], [ -113.4983, 29.0271 ], [ -113.499, 29.0274 ] ] ], [ [ [ -113.467, 29.0149 ], [ -113.461, 29.0163 ], [ -113.463, 29.0117 ], [ -113.467, 29.0149 ] ] ], [ [ [ -113.5163, 29.0134 ], [ -113.5108, 29.0141 ], [ -113.5111, 29.0134 ], [ -113.5163, 29.0134 ] ] ], [ [ [ -113.5051, 29.0142 ], [ -113.5065, 29.0139 ], [ -113.5051, 29.0149 ], [ -113.5051, 29.0142 ] ] ], [ [ [ -113.525, 29.0133 ], [ -113.5241, 29.0119 ], [ -113.525, 29.0107 ], [ -113.525, 29.0133 ] ] ], [ [ [ -113.5152, 29.0116 ], [ -113.5141, 29.0097 ], [ -113.5159, 29.0097 ], [ -113.5152, 29.0116 ] ] ], [ [ [ -113.5239, 29.0055 ], [ -113.5211, 29.0053 ], [ -113.5243, 29.0016 ], [ -113.5239, 29.0055 ] ] ], [ [ [ -113.517, 28.9938 ], [ -113.502, 28.994 ], [ -113.5114, 28.9887 ], [ -113.517, 28.9938 ] ] ], [ [ [ -113.5212, 28.9984 ], [ -113.5196, 28.9989 ], [ -113.5201, 28.9979 ], [ -113.5212, 28.9984 ] ] ], [ [ [ -113.5207, 28.997 ], [ -113.5183, 28.9977 ], [ -113.5181, 28.9951 ], [ -113.5207, 28.997 ] ] ], [ [ [ -113.4771, 28.9749 ], [ -113.4814, 28.9673 ], [ -113.4851, 28.9789 ], [ -113.4771, 28.9749 ] ] ], [ [ [ -113.4746, 28.9572 ], [ -113.4764, 28.9554 ], [ -113.4774, 28.9559 ], [ -113.4746, 28.9572 ] ] ], [ [ [ -113.4823, 28.9564 ], [ -113.483, 28.9559 ], [ -113.483, 28.9562 ], [ -113.4823, 28.9564 ] ] ], [ [ [ -113.3836, 28.9241 ], [ -113.3853, 28.9247 ], [ -113.3845, 28.9265 ], [ -113.3836, 28.9241 ] ] ], [ [ [ -113.0443, 28.9112 ], [ -113.0428, 28.9116 ], [ -113.0432, 28.9107 ], [ -113.0443, 28.9112 ] ] ], [ [ [ -113.3592, 28.8834 ], [ -113.358, 28.8825 ], [ -113.3599, 28.8826 ], [ -113.3592, 28.8834 ] ] ], [ [ [ -113.048, 28.8944 ], [ -113.0327, 28.8957 ], [ -113.0445, 28.8836 ], [ -113.048, 28.8944 ] ] ], [ [ [ -113.03, 28.8858 ], [ -113.0277, 28.8876 ], [ -113.0269, 28.8858 ], [ -113.03, 28.8858 ] ] ], [ [ [ -114.3523, 28.7678 ], [ -114.3511, 28.7671 ], [ -114.3523, 28.7672 ], [ -114.3523, 28.7678 ] ] ], [ [ [ -113.3575, 28.8265 ], [ -113.3583, 28.8274 ], [ -113.3573, 28.8279 ], [ -113.3575, 28.8265 ] ] ], [ [ [ -112.9994, 28.8369 ], [ -112.9989, 28.8363 ], [ -112.9996, 28.8364 ], [ -112.9994, 28.8369 ] ] ], [ [ [ -112.9816, 28.821 ], [ -112.9757, 28.8255 ], [ -112.9758, 28.8218 ], [ -112.9816, 28.821 ] ] ], [ [ [ -114.2804, 28.6929 ], [ -114.2783, 28.6938 ], [ -114.2786, 28.693 ], [ -114.2804, 28.6929 ] ] ], [ [ [ -114.2787, 28.6704 ], [ -114.2777, 28.6687 ], [ -114.2794, 28.6693 ], [ -114.2787, 28.6704 ] ] ], [ [ [ -112.9657, 28.7311 ], [ -112.9508, 28.7274 ], [ -112.9463, 28.7172 ], [ -112.9657, 28.7311 ] ] ], [ [ [ -112.9671, 28.7338 ], [ -112.9658, 28.7337 ], [ -112.966, 28.7333 ], [ -112.9671, 28.7338 ] ] ], [ [ [ -112.9642, 28.7246 ], [ -112.9619, 28.7233 ], [ -112.9645, 28.7237 ], [ -112.9642, 28.7246 ] ] ], [ [ [ -112.9314, 28.6964 ], [ -112.9208, 28.6997 ], [ -112.8976, 28.6972 ], [ -112.8951, 28.6799 ], [ -112.9314, 28.6964 ] ] ], [ [ [ -112.9047, 28.6983 ], [ -112.9036, 28.6985 ], [ -112.9045, 28.698 ], [ -112.9047, 28.6983 ] ] ], [ [ [ -112.8923, 28.6783 ], [ -112.8387, 28.6612 ], [ -112.7525, 28.5915 ], [ -112.7826, 28.5804 ], [ -112.8923, 28.6783 ] ] ], [ [ [ -115.2179, 28.3777 ], [ -115.1742, 28.3062 ], [ -115.1567, 28.1663 ], [ -115.1864, 28.1054 ], [ -115.1856, 28.0314 ], [ -115.2299, 28.0296 ], [ -115.2905, 28.0935 ], [ -115.345, 28.0745 ], [ -115.3589, 28.0807 ], [ -115.3527, 28.117 ], [ -115.2388, 28.228 ], [ -115.2641, 28.2943 ], [ -115.2179, 28.3777 ] ] ], [ [ [ -115.6066, 28.3007 ], [ -115.5756, 28.309 ], [ -115.5789, 28.2975 ], [ -115.6066, 28.3007 ] ] ], [ [ [ -115.5706, 28.3083 ], [ -115.5676, 28.3139 ], [ -115.5609, 28.3081 ], [ -115.5706, 28.3083 ] ] ], [ [ [ -115.5498, 28.3045 ], [ -115.5368, 28.3047 ], [ -115.5437, 28.2914 ], [ -115.5498, 28.3045 ] ] ], [ [ [ -112.6558, 28.423 ], [ -112.6653, 28.4274 ], [ -112.6576, 28.4355 ], [ -112.6558, 28.423 ] ] ] ] } },
{ "type": "Feature", "properties": { "CVE_ENT": "03", "NOM_ENT": "Baja California Sur" }, "geometry": { "type": "MultiPolygon", "coordinates": [ [ [ [ -109.8942, 22.8749 ], [ -109.8947, 22.8753 ], [ -109.8942, 22.8755 ], [ -109.8942, 22.8749 ] ] ], [ [ [ -109.8933, 22.8763 ], [ -109.8929, 22.8759 ], [ -109.8933, 22.8757 ], [ -109.8933, 22.8763 ] ] ], [ [ [ -110.1491, 24.2525 ], [ -110.1485, 24.2519 ], [ -110.1496, 24.2519 ], [ -110.1491, 24.2525 ] ] ], [ [ [ -110.3396, 24.2891 ], [ -110.3373, 24.2884 ], [ -110.3415, 24.2859 ], [ -110.3396, 24.2891 ] ] ], [ [ [ -109.9342, 24.3759 ], [ -109.8025, 24.1367 ], [ -109.8736, 24.153 ], [ -109.9219, 24.2604 ], [ -109.9342, 24.3759 ] ] ], [ [ [ -110.3829, 24.4576 ], [ -110.3847, 24.4568 ], [ -110.3849, 24.4571 ], [ -110.3829, 24.4576 ] ] ], [ [ [ -110.3866, 24.4665 ], [ -110.3821, 24.4664 ], [ -110.3885, 24.4655 ], [ -110.3866, 24.4665 ] ] ], [ [ [ -110.4092, 24.4821 ], [ -110.4018, 24.4817 ], [ -110.4085, 24.4799 ], [ -110.4092, 24.4821 ] ] ], [ [ [ -110.3541, 24.5315 ], [ -110.2891, 24.4728 ], [ -110.3276, 24.4024 ], [ -110.3516, 24.4054 ], [ -110.3496, 24.4334 ], [ -110.3705, 24.4289 ], [ -110.3564, 24.469 ], [ -110.3865, 24.4747 ], [ -110.3804, 24.5071 ], [ -110.3994, 24.5185 ], [ -110.3541, 24.5315 ] ] ], [ [ [ -110.3912, 24.5902 ], [ -110.3613, 24.554 ], [ -110.3679, 24.5307 ], [ -110.3991, 24.5363 ], [ -110.3831, 24.557 ], [ -110.4099, 24.5476 ], [ -110.3912, 24.5902 ] ] ], [ [ [ -110.4044, 24.5978 ], [ -110.4012, 24.5991 ], [ -110.3995, 24.5988 ], [ -110.4044, 24.5978 ] ] ], [ [ [ -110.5662, 24.8401 ], [ -110.5603, 24.8225 ], [ -110.5652, 24.8142 ], [ -110.5869, 24.8282 ], [ -110.5662, 24.8401 ] ] ], [ [ [ -110.6053, 24.8433 ], [ -110.6054, 24.8433 ], [ -110.6052, 24.8435 ], [ -110.6053, 24.8433 ] ] ], [ [ [ -110.5812, 24.8531 ], [ -110.58, 24.853 ], [ -110.5806, 24.8522 ], [ -110.5812, 24.8531 ] ] ], [ [ [ -110.6032, 24.8751 ], [ -110.6038, 24.8744 ], [ -110.6036, 24.8772 ], [ -110.6032, 24.8751 ] ] ], [ [ [ -110.5109, 25.115 ], [ -110.5095, 25.1113 ], [ -110.5114, 25.1115 ], [ -110.5109, 25.115 ] ] ], [ [ [ -110.7067, 25.1049 ], [ -110.6688, 25.052 ], [ -110.5749, 25.0159 ], [ -110.5324, 24.8762 ], [ -110.5898, 24.8649 ], [ -110.5736, 24.888 ], [ -110.6414, 24.9141 ], [ -110.6779, 25.0173 ], [ -110.7135, 25.0327 ], [ -110.7067, 25.1049 ] ] ], [ [ [ -110.8619, 25.1294 ], [ -110.8603, 25.1287 ], [ -110.8612, 25.128 ], [ -110.8619, 25.1294 ] ] ], [ [ [ -110.6975, 25.2056 ], [ -110.6955, 25.1993 ], [ -110.7047, 25.1941 ], [ -110.6975, 25.2056 ] ] ], [ [ [ -110.916, 25.2099 ], [ -110.9166, 25.2092 ], [ -110.9171, 25.2099 ], [ -110.916, 25.2099 ] ] ], [ [ [ -110.9225, 25.2476 ], [ -110.9208, 25.2466 ], [ -110.9229, 25.2467 ], [ -110.9225, 25.2476 ] ] ], [ [ [ -110.6917, 25.3056 ], [ -110.7108, 25.2674 ], [ -110.7302, 25.2618 ], [ -110.7315, 25.292 ], [ -110.6917, 25.3056 ] ] ], [ [ [ -110.9546, 25.3285 ], [ -110.9534, 25.3294 ], [ -110.9529, 25.3286 ], [ -110.9546, 25.3285 ] ] ], [ [ [ -112.1201, 25.4952 ], [ -112.1195, 25.4949 ], [ -112.1199, 25.4946 ], [ -112.1201, 25.4952 ] ] ], [ [ [ -112.1202, 25.4961 ], [ -112.1208, 25.496 ], [ -112.1204, 25.4964 ], [ -112.1202, 25.4961 ] ] ], [ [ [ -111.1325, 25.5878 ], [ -111.1293, 25.5866 ], [ -111.1301, 25.5843 ], [ -111.1325, 25.5878 ] ] ], [ [ [ -111.1519, 25.5884 ], [ -111.1485, 25.5832 ], [ -111.153, 25.5829 ], [ -111.1519, 25.5884 ] ] ], [ [ [ -110.7729, 25.7123 ], [ -110.763, 25.6906 ], [ -110.7587, 25.5937 ], [ -110.8049, 25.6472 ], [ -110.7729, 25.7123 ] ] ], [ [ [ -111.035, 25.7143 ], [ -111.0133, 25.6787 ], [ -111.0298, 25.6498 ], [ -111.0596, 25.7073 ], [ -111.035, 25.7143 ] ] ], [ [ [ -111.2239, 25.7315 ], [ -111.2257, 25.7303 ], [ -111.2249, 25.7323 ], [ -111.2239, 25.7315 ] ] ], [ [ [ -111.0426, 25.7403 ], [ -111.0445, 25.7394 ], [ -111.0438, 25.7432 ], [ -111.0426, 25.7403 ] ] ], [ [ [ -111.0486, 25.7425 ], [ -111.0499, 25.7418 ], [ -111.0499, 25.743 ], [ -111.0486, 25.7425 ] ] ], [ [ [ -111.2282, 25.7444 ], [ -111.2261, 25.7434 ], [ -111.2271, 25.7432 ], [ -111.2282, 25.7444 ] ] ], [ [ [ -111.2754, 25.7579 ], [ -111.2739, 25.7571 ], [ -111.2758, 25.7553 ], [ -111.2754, 25.7579 ] ] ], [ [ [ -111.2812, 25.7684 ], [ -111.2814, 25.7672 ], [ -111.2816, 25.7681 ], [ -111.2812, 25.7684 ] ] ], [ [ [ -111.2452, 25.7647 ], [ -111.2551, 25.812 ], [ -111.2473, 25.7988 ], [ -111.2484, 25.7886 ], [ -111.2433, 25.7891 ], [ -111.2452, 25.7647 ] ] ], [ [ [ -111.3164, 25.8424 ], [ -111.3167, 25.8402 ], [ -111.3174, 25.84 ], [ -111.3164, 25.8424 ] ] ], [ [ [ -111.1807, 26.0448 ], [ -111.1786, 26.0457 ], [ -111.1778, 26.0439 ], [ -111.1807, 26.0448 ] ] ], [ [ [ -111.0598, 26.071 ], [ -111.0843, 26.0172 ], [ -111.0651, 25.9702 ], [ -111.1204, 25.9939 ], [ -111.1803, 25.9045 ], [ -111.2044, 25.8064 ], [ -111.2331, 25.8483 ], [ -111.168, 25.9874 ], [ -111.1754, 26.0417 ], [ -111.0598, 26.071 ] ] ], [ [ [ -111.3056, 26.1063 ], [ -111.3037, 26.1048 ], [ -111.3063, 26.1047 ], [ -111.3056, 26.1063 ] ] ], [ [ [ -111.2791, 26.1353 ], [ -111.2632, 26.1061 ], [ -111.2971, 26.0986 ], [ -111.2791, 26.1353 ] ] ], [ [ [ -111.4304, 26.6241 ], [ -111.4282, 26.6369 ], [ -111.4251, 26.6245 ], [ -111.4304, 26.6241 ] ] ], [ [ [ -111.9153, 26.8782 ], [ -111.9137, 26.8783 ], [ -111.9154, 26.8776 ], [ -111.9153, 26.8782 ] ] ], [ [ [ -111.9086, 27.041 ], [ -111.9159, 27.0339 ], [ -111.9088, 27.0428 ], [ -111.9086, 27.041 ] ] ], [ [ [ -111.9092, 27.059 ], [ -111.9097, 27.0597 ], [ -111.9092, 27.0599 ], [ -111.9092, 27.059 ] ] ], [ [ [ -112.0691, 27.1654 ], [ -112.0678, 27.1649 ], [ -112.0677, 27.1641 ], [ -112.0691, 27.1654 ] ] ], [ [ [ -112.0802, 27.251 ], [ -112.0467, 27.2246 ], [ -112.0594, 27.1796 ], [ -112.0848, 27.1857 ], [ -112.1085, 27.2372 ], [ -112.0802, 27.251 ] ] ], [ [ [ -114.2953, 27.1015 ], [ -114.289, 27.1013 ], [ -114.2909, 27.0983 ], [ -114.2953, 27.1015 ] ] ], [ [ [ -114.2936, 27.1122 ], [ -114.2932, 27.113 ], [ -114.293, 27.1125 ], [ -114.2936, 27.1122 ] ] ], [ [ [ -114.3755, 27.1507 ], [ -114.3724, 27.1452 ], [ -114.3847, 27.146 ], [ -114.3755, 27.1507 ] ] ], [ [ [ -111.8953, 27.4306 ], [ -111.8691, 27.4545 ], [ -111.8599, 27.4306 ], [ -111.8953, 27.4306 ] ] ], [ [ [ -114.711, 27.5136 ], [ -114.7104, 27.514 ], [ -114.7102, 27.5138 ], [ -114.711, 27.5136 ] ] ], [ [ [ -114.71, 27.5149 ], [ -114.7095, 27.5146 ], [ -114.71, 27.5146 ], [ -114.71, 27.5149 ] ] ], [ [ [ -114.7112, 27.5158 ], [ -114.7107, 27.5155 ], [ -114.711, 27.5154 ], [ -114.7112, 27.5158 ] ] ], [ [ [ -112.7414, 27.8424 ], [ -112.7371, 27.8422 ], [ -112.7365, 27.8412 ], [ -112.7414, 27.8424 ] ] ], [ [ [ -112.76, 27.9022 ], [ -112.7605, 27.9025 ], [ -112.7597, 27.9034 ], [ -112.76, 27.9022 ] ] ], [ [ [ -115.2243, 27.8936 ], [ -115.2223, 27.8936 ], [ -115.2228, 27.8927 ], [ -115.2243, 27.8936 ] ] ], [ [ [ -115.2203, 27.8906 ], [ -115.1614, 27.8703 ], [ -115.1672, 27.8522 ], [ -115.2203, 27.8906 ] ] ], [ [ [ -112.7649, 28.0 ], [ -112.7714, 27.862 ], [ -112.7199, 27.8254 ], [ -112.676, 27.7216 ], [ -112.5954, 27.6505 ], [ -112.4183, 27.5903 ], [ -112.33, 27.5177 ], [ -112.3032, 27.3859 ], [ -112.1991, 27.2516 ], [ -112.2125, 27.2038 ], [ -112.0972, 27.1331 ], [ -111.9534, 27.0964 ], [ -111.946, 27.07 ], [ -111.9887, 27.0561 ], [ -112.0152, 26.9998 ], [ -112.0081, 26.9579 ], [ -111.9522, 26.9014 ], [ -111.9715, 26.8985 ], [ -111.9759, 26.896 ], [ -111.9827, 26.8889 ], [ -111.9544, 26.8999 ], [ -111.9023, 26.8532 ], [ -111.8015, 26.8889 ], [ -111.647, 26.7448 ], [ -111.5616, 26.6968 ], [ -111.5655, 26.5588 ], [ -111.4421, 26.5179 ], [ -111.469, 26.4134 ], [ -111.3866, 26.3221 ], [ -111.3977, 26.2556 ], [ -111.3544, 26.1296 ], [ -111.3239, 26.1001 ], [ -111.3586, 25.9597 ], [ -111.3334, 25.8364 ], [ -111.292, 25.813 ], [ -111.3083, 25.8129 ], [ -111.3063, 25.7735 ], [ -111.2429, 25.7212 ], [ -111.2239, 25.7251 ], [ -111.1933, 25.6136 ], [ -111.1215, 25.5282 ], [ -111.0168, 25.5149 ], [ -111.0248, 25.4437 ], [ -110.9331, 25.2916 ], [ -110.9462, 25.2575 ], [ -110.9076, 25.1458 ], [ -110.8155, 25.0344 ], [ -110.7572, 25.0138 ], [ -110.6572, 24.8069 ], [ -110.6903, 24.7073 ], [ -110.729, 24.6687 ], [ -110.7382, 24.5527 ], [ -110.687, 24.463 ], [ -110.6813, 24.3569 ], [ -110.6121, 24.2565 ], [ -110.5064, 24.1948 ], [ -110.3246, 24.1751 ], [ -110.2997, 24.2117 ], [ -110.3363, 24.2582 ], [ -110.3341, 24.329 ], [ -110.2976, 24.3524 ], [ -110.2342, 24.3441 ], [ -110.2356, 24.3173 ], [ -110.1747, 24.2528 ], [ -110.0082, 24.1594 ], [ -109.9843, 24.0437 ], [ -109.9297, 24.0287 ], [ -109.8268, 24.0606 ], [ -109.8042, 24.0212 ], [ -109.8357, 23.9851 ], [ -109.8375, 23.9327 ], [ -109.6994, 23.799 ], [ -109.7133, 23.7381 ], [ -109.6971, 23.6626 ], [ -109.4684, 23.5546 ], [ -109.4794, 23.5192 ], [ -109.425, 23.4503 ], [ -109.4132, 23.387 ], [ -109.4322, 23.3769 ], [ -109.4254, 23.3048 ], [ -109.4554, 23.2016 ], [ -109.5361, 23.1094 ], [ -109.7031, 23.0391 ], [ -109.7152, 23.0047 ], [ -109.7924, 22.9662 ], [ -109.8428, 22.9032 ], [ -109.9114, 22.8857 ], [ -109.8944, 22.8759 ], [ -109.9681, 22.8737 ], [ -110.0611, 22.9496 ], [ -110.1018, 23.0291 ], [ -110.1682, 23.3171 ], [ -110.334, 23.5645 ], [ -110.5994, 23.6989 ], [ -111.0221, 24.0936 ], [ -111.2754, 24.2436 ], [ -111.5776, 24.3676 ], [ -111.6951, 24.3507 ], [ -111.7113, 24.3033 ], [ -111.8762, 24.4425 ], [ -112.1021, 24.5588 ], [ -112.1164, 24.6029 ], [ -112.1748, 24.6533 ], [ -112.1352, 24.6967 ], [ -112.1749, 24.7653 ], [ -112.2381, 24.7895 ], [ -112.2615, 24.7789 ], [ -112.2595, 24.7501 ], [ -112.3026, 24.7917 ], [ -112.2053, 25.0158 ], [ -112.1248, 25.2819 ], [ -112.0944, 25.6843 ], [ -112.1074, 25.7825 ], [ -112.1915, 25.9863 ], [ -112.2342, 26.0367 ], [ -112.3081, 26.0719 ], [ -112.3346, 26.1606 ], [ -112.3934, 26.2327 ], [ -112.4568, 26.2625 ], [ -112.4975, 26.2315 ], [ -112.635, 26.3211 ], [ -112.6799, 26.3153 ], [ -112.7211, 26.3651 ], [ -113.1383, 26.6598 ], [ -113.269, 26.7036 ], [ -113.2832, 26.7532 ], [ -113.3386, 26.7867 ], [ -113.4639, 26.8083 ], [ -113.5092, 26.7915 ], [ -113.5475, 26.7202 ], [ -113.6072, 26.7137 ], [ -113.7337, 26.7995 ], [ -113.7855, 26.9173 ], [ -113.8528, 26.9704 ], [ -113.947, 26.9994 ], [ -114.0025, 26.9711 ], [ -114.0902, 27.0861 ], [ -114.1471, 27.1241 ], [ -114.2595, 27.1517 ], [ -114.2967, 27.1229 ], [ -114.3847, 27.1802 ], [ -114.431, 27.1744 ], [ -114.4349, 27.2098 ], [ -114.488, 27.2287 ], [ -114.4886, 27.3504 ], [ -114.5135, 27.4172 ], [ -114.601, 27.4785 ], [ -114.7145, 27.5221 ], [ -114.7373, 27.5242 ], [ -114.7848, 27.6075 ], [ -114.8211, 27.6299 ], [ -114.8476, 27.6178 ], [ -114.9537, 27.7165 ], [ -115.0063, 27.7177 ], [ -115.0823, 27.8474 ], [ -115.0552, 27.8618 ], [ -115.0063, 27.8284 ], [ -114.8658, 27.8302 ], [ -114.6339, 27.7761 ], [ -114.4992, 27.772 ], [ -114.3344, 27.8695 ], [ -114.2948, 27.8641 ], [ -114.2656, 27.8884 ], [ -114.2653, 27.9424 ], [ -114.2049, 28.0 ], [ -112.7649, 28.0 ] ] ] ] } },
{ "type": "Feature", "properties": { "CVE_ENT": "04", "NOM_ENT": "Campeche" }, "geometry": { "type": "MultiPolygon", "coordinates": [ [ [ [ -90.3794, 20.8483 ], [ -90.3866, 20.5556 ], [ -90.3411, 20.5537 ], [ -90.3352, 20.5763 ], [ -90.3352, 20.5413 ], [ -90.2292, 20.5436 ], [ -90.2342, 20.4705 ], [ -90.1848, 20.461 ], [ -90.1863, 20.4369 ], [ -90.0672, 20.4252 ], [ -90.0042, 20.487 ], [ -89.838, 20.2872 ], [ -89.8724, 20.2876 ], [ -89.8757, 20.2531 ], [ -89.8407, 20.251 ], [ -89.8462, 20.2097 ], [ -89.8025, 20.2016 ], [ -89.794, 20.1362 ], [ -89.7485, 20.1793 ], [ -89.5987, 19.9982 ], [ -89.5875, 19.8744 ], [ -89.5257, 19.7756 ], [ -89.4759, 19.7712 ], [ -89.4917, 19.7422 ], [ -89.4772, 19.7111 ], [ -89.1467, 19.4239 ], [ -89.1502, 18.4511 ], [ -89.1255, 18.4506 ], [ -89.1212, 18.3858 ], [ -89.1382, 18.3855 ], [ -89.1324, 18.2934 ], [ -89.1517, 18.2936 ], [ -89.1431, 18.1458 ], [ -89.2002, 18.1446 ], [ -89.2025, 18.0833 ], [ -89.1444, 18.0824 ], [ -89.1447, 18.0577 ], [ -89.1634, 18.0579 ], [ -89.163, 18.0185 ], [ -89.2067, 18.0211 ], [ -89.2074, 17.9926 ], [ -89.2059, 17.9541 ], [ -89.1522, 17.9536 ], [ -89.1517, 17.8156 ], [ -90.9876, 17.8155 ], [ -90.9879, 17.9625 ], [ -91.2175, 17.975 ], [ -91.327, 18.0627 ], [ -91.3844, 18.0641 ], [ -91.504, 18.1165 ], [ -91.5093, 18.1711 ], [ -91.5345, 18.1462 ], [ -91.58, 18.1582 ], [ -91.5722, 18.142 ], [ -91.6095, 18.0984 ], [ -91.6127, 17.9129 ], [ -91.6388, 17.874 ], [ -91.7605, 17.9576 ], [ -91.7623, 17.939 ], [ -91.9003, 18.0121 ], [ -91.9667, 18.016 ], [ -92.0421, 18.0783 ], [ -92.0399, 18.0979 ], [ -92.083, 18.0857 ], [ -92.1217, 18.1018 ], [ -92.1609, 18.1554 ], [ -92.1489, 18.2104 ], [ -92.1832, 18.2741 ], [ -92.1761, 18.4582 ], [ -92.3103, 18.4556 ], [ -92.3225, 18.4731 ], [ -92.3538, 18.4423 ], [ -92.4253, 18.5113 ], [ -92.4688, 18.651 ], [ -92.4164, 18.6616 ], [ -91.9569, 18.6974 ], [ -91.9088, 18.6363 ], [ -91.8557, 18.6113 ], [ -91.84, 18.6643 ], [ -91.7407, 18.6802 ], [ -91.4983, 18.7905 ], [ -91.3935, 18.8921 ], [ -91.1133, 19.0354 ], [ -90.7584, 19.3078 ], [ -90.7226, 19.3591 ], [ -90.7032, 19.4838 ], [ -90.7118, 19.5624 ], [ -90.6855, 19.628 ], [ -90.7123, 19.6718 ], [ -90.6615, 19.7585 ], [ -90.5088, 19.866 ], [ -90.4473, 19.9595 ], [ -90.4911, 20.061 ], [ -90.4788, 20.1134 ], [ -90.4952, 20.16 ], [ -90.4775, 20.1844 ], [ -90.5023, 20.4978 ], [ -90.4481, 20.6339 ], [ -90.4419, 20.6797 ], [ -90.4536, 20.7041 ], [ -90.4074, 20.7683 ], [ -90.4123, 20.8246 ], [ -90.3794, 20.8483 ] ] ], [ [ [ -90.4668, 20.6756 ], [ -90.4569, 20.6745 ], [ -90.4541, 20.6559 ], [ -90.4668, 20.6756 ] ] ], [ [ [ -90.4616, 20.6555 ], [ -90.463, 20.6475 ], [ -90.4694, 20.6584 ], [ -90.4616, 20.6555 ] ] ], [ [ [ -90.4696, 20.6531 ], [ -90.4709, 20.5984 ], [ -90.4782, 20.6183 ], [ -90.4696, 20.6531 ] ] ], [ [ [ -90.4963, 20.3437 ], [ -90.4988, 20.3431 ], [ -90.4987, 20.3442 ], [ -90.4963, 20.3437 ] ] ], [ [ [ -90.4869, 20.2117 ], [ -90.4793, 20.2055 ], [ -90.4845, 20.2038 ], [ -90.4869, 20.2117 ] ] ], [ [ [ -91.961, 20.2035 ], [ -91.9641, 20.2024 ], [ -91.9623, 20.2086 ], [ -91.961, 20.2035 ] ] ], [ [ [ -91.979, 20.204 ], [ -91.9765, 20.2031 ], [ -91.9766, 20.2027 ], [ -91.979, 20.204 ] ] ], [ [ [ -91.9577, 20.1967 ], [ -91.9555, 20.1965 ], [ -91.9555, 20.1961 ], [ -91.9577, 20.1967 ] ] ] ] } },
{ "type": "Feature", "properties": { "CVE_ENT": "05", "NOM_ENT": "Coahuila de Zaragoza" }, "geometry": { "type": "Polygon", "coordinates": [ [ [ -102.3108, 29.8769 ], [ -102.2232, 29.8405 ], [ -102.187, 29.8488 ], [ -102.1436, 29.8036 ], [ -102.0722, 29.7866 ], [ -101.9879, 29.797 ], [ -101.9755, 29.8157 ], [ -101.9289, 29.7827 ], [ -101.8532, 29.8078 ], [ -101.8236, 29.7873 ], [ -101.8176, 29.8117 ], [ -101.8044, 29.78 ], [ -101.6615, 29.7713 ], [ -101.6438, 29.7541 ], [ -101.5749, 29.7693 ], [ -101.5446, 29.8122 ], [ -101.5366, 29.7581 ], [ -101.4643, 29.7896 ], [ -101.4477, 29.7505 ], [ -101.4013, 29.7707 ], [ -101.4157, 29.7464 ], [ -101.3709, 29.6988 ], [ -101.3607, 29.6487 ], [ -101.3017, 29.651 ], [ -101.3002, 29.5743 ], [ -101.2712, 29.6274 ], [ -101.2491, 29.6229 ], [ -101.2586, 29.5224 ], [ -101.1855, 29.518 ], [ -101.1476, 29.4745 ], [ -101.0618, 29.4642 ], [ -101.0101, 29.3685 ], [ -100.8864, 29.3078 ], [ -100.8769, 29.2801 ], [ -100.8138, 29.2637 ], [ -100.767, 29.1957 ], [ -100.7728, 29.1684 ], [ -100.6761, 29.1033 ], [ -100.6409, 28.9146 ], [ -100.6009, 28.9016 ], [ -100.5744, 28.8285 ], [ -100.5351, 28.8047 ], [ -100.5002, 28.6617 ], [ -100.4462, 28.6417 ], [ -100.4471, 28.6092 ], [ -100.3987, 28.5854 ], [ -100.411, 28.5497 ], [ -100.3885, 28.5154 ], [ -100.3339, 28.4993 ], [ -100.3684, 28.4767 ], [ -100.3375, 28.443 ], [ -100.3429, 28.3872 ], [ -100.2868, 28.3132 ], [ -100.2936, 28.2788 ], [ -100.2206, 28.2328 ], [ -100.2092, 28.1912 ], [ -100.0846, 28.145 ], [ -99.9905, 27.9936 ], [ -99.9312, 27.9806 ], [ -99.9376, 27.9422 ], [ -99.8935, 27.8995 ], [ -99.8776, 27.7996 ], [ -99.8444, 27.7784 ], [ -99.9988, 27.6153 ], [ -100.1884, 27.7991 ], [ -100.3506, 27.6846 ], [ -100.4177, 27.3936 ], [ -100.678, 27.3348 ], [ -100.8341, 27.1952 ], [ -100.8306, 27.0739 ], [ -100.7994, 27.0458 ], [ -100.7659, 27.0633 ], [ -100.7477, 27.0363 ], [ -100.7486, 27.0812 ], [ -100.7197, 27.0792 ], [ -100.6827, 27.1114 ], [ -100.6742, 27.0846 ], [ -100.534, 27.0456 ], [ -100.5381, 26.8086 ], [ -100.5901, 26.7595 ], [ -100.6144, 26.6856 ], [ -100.6912, 26.6138 ], [ -100.753, 26.7352 ], [ -101.2068, 26.3698 ], [ -101.0976, 26.2529 ], [ -101.0686, 26.189 ], [ -100.9164, 26.0756 ], [ -100.9055, 25.9569 ], [ -100.8344, 25.945 ], [ -100.8227, 25.9169 ], [ -100.8619, 25.8185 ], [ -100.7834, 25.6397 ], [ -100.7298, 25.6339 ], [ -100.6903, 25.5671 ], [ -100.6329, 25.5713 ], [ -100.6147, 25.5423 ], [ -100.5384, 25.5318 ], [ -100.5297, 25.5144 ], [ -100.6191, 25.5057 ], [ -100.5795, 25.4945 ], [ -100.5849, 25.4708 ], [ -100.5309, 25.4635 ], [ -100.5227, 25.4343 ], [ -100.4519, 25.4108 ], [ -100.4701, 25.3378 ], [ -100.313, 25.3364 ], [ -100.2541, 25.3069 ], [ -100.2431, 25.2674 ], [ -100.2625, 25.254 ], [ -100.2296, 25.2179 ], [ -100.3255, 25.2223 ], [ -100.332, 25.1863 ], [ -100.5957, 25.2548 ], [ -100.7089, 25.2365 ], [ -100.8031, 25.1653 ], [ -100.8215, 24.9967 ], [ -100.7275, 24.9187 ], [ -100.8261, 24.835 ], [ -100.797, 24.7508 ], [ -100.8104, 24.5516 ], [ -100.9022, 24.5839 ], [ -100.9588, 24.5427 ], [ -101.0805, 24.5912 ], [ -101.1276, 24.6234 ], [ -101.2017, 24.7655 ], [ -101.3421, 24.8133 ], [ -101.4616, 24.7368 ], [ -101.6223, 24.759 ], [ -101.6408, 24.8007 ], [ -101.609, 24.7897 ], [ -101.6013, 24.8356 ], [ -101.6563, 24.8608 ], [ -101.6851, 24.84 ], [ -101.7735, 24.8755 ], [ -101.8488, 25.0176 ], [ -102.2955, 25.1252 ], [ -102.4633, 25.1159 ], [ -102.4468, 24.9995 ], [ -102.6697, 25.0666 ], [ -102.8695, 24.742 ], [ -102.9752, 24.7994 ], [ -103.0929, 24.8229 ], [ -103.2591, 24.9647 ], [ -103.2466, 24.996 ], [ -103.278, 25.0346 ], [ -103.2622, 25.0585 ], [ -103.3595, 25.11 ], [ -103.4028, 25.1823 ], [ -103.5109, 25.2798 ], [ -103.4621, 25.3763 ], [ -103.4067, 25.3989 ], [ -103.3369, 25.3712 ], [ -103.3414, 25.4101 ], [ -103.4944, 25.5377 ], [ -103.4546, 25.5579 ], [ -103.4248, 25.6237 ], [ -103.3814, 25.6403 ], [ -103.3394, 25.7076 ], [ -103.3186, 25.8127 ], [ -103.3464, 25.8603 ], [ -103.3505, 26.1424 ], [ -103.2608, 26.2847 ], [ -103.3168, 26.3618 ], [ -103.3742, 26.6024 ], [ -103.6439, 26.6902 ], [ -103.6582, 26.7195 ], [ -103.7152, 26.7351 ], [ -103.754, 26.8296 ], [ -103.8517, 26.8961 ], [ -103.8359, 26.9358 ], [ -103.8521, 26.9346 ], [ -103.7408, 27.0225 ], [ -103.7525, 27.0779 ], [ -103.7994, 27.1247 ], [ -103.7984, 27.2135 ], [ -103.8321, 27.2983 ], [ -103.8769, 27.3116 ], [ -103.8546, 27.5494 ], [ -103.8973, 27.6565 ], [ -103.8967, 27.7406 ], [ -103.8811, 27.7392 ], [ -103.9356, 27.7975 ], [ -103.9008, 27.8269 ], [ -103.96, 27.8353 ], [ -103.955, 27.9508 ], [ -103.8929, 27.914 ], [ -103.8777, 27.9575 ], [ -103.9267, 27.9714 ], [ -103.6246, 28.5811 ], [ -103.5919, 28.5908 ], [ -103.616, 28.5982 ], [ -103.5964, 28.6395 ], [ -103.5727, 28.6406 ], [ -103.5573, 28.6113 ], [ -103.5145, 28.665 ], [ -103.3076, 29.0033 ], [ -103.2799, 28.9759 ], [ -103.2673, 28.996 ], [ -103.1639, 28.972 ], [ -103.1161, 28.9842 ], [ -103.1007, 29.0603 ], [ -103.0338, 29.1012 ], [ -102.9953, 29.1796 ], [ -102.9508, 29.1735 ], [ -102.9123, 29.2194 ], [ -102.8678, 29.2231 ], [ -102.9063, 29.2593 ], [ -102.884, 29.348 ], [ -102.8392, 29.3589 ], [ -102.8124, 29.4003 ], [ -102.8332, 29.4102 ], [ -102.8083, 29.5226 ], [ -102.771, 29.5484 ], [ -102.7684, 29.5949 ], [ -102.7402, 29.5979 ], [ -102.741, 29.6359 ], [ -102.6933, 29.6767 ], [ -102.6758, 29.743 ], [ -102.6303, 29.734 ], [ -102.5696, 29.7717 ], [ -102.548, 29.7446 ], [ -102.5178, 29.7839 ], [ -102.4872, 29.7869 ], [ -102.3876, 29.7615 ], [ -102.3649, 29.8455 ], [ -102.3108, 29.8769 ] ] ] } },
{ "type": "Feature", "properties": { "CVE_ENT": "06", "NOM_ENT": "Colima" }, "geometry": { "type": "MultiPolygon", "coordinates": [ [ [ [ -114.7564, 18.3653 ], [ -114.6896, 18.3711 ], [ -114.6805, 18.3613 ], [ -114.7521, 18.3389 ], [ -114.7564, 18.3653 ] ] ], [ [ [ -104.4888, 19.1036 ], [ -104.4849, 19.1028 ], [ -104.4873, 19.1012 ], [ -104.4888, 19.1036 ] ] ], [ [ [ -110.9863, 18.8611 ], [ -110.9403, 18.8343 ], [ -110.9077, 18.7789 ], [ -110.9201, 18.7323 ], [ -110.9515, 18.7192 ], [ -111.0359, 18.7879 ], [ -111.0491, 18.7799 ], [ -111.0556, 18.7807 ], [ -111.052, 18.8163 ], [ -111.0129, 18.8254 ], [ -110.9863, 18.8611 ] ] ], [ [ [ -112.0656, 18.9932 ], [ -112.0661, 18.9921 ], [ -112.0662, 18.9934 ], [ -112.0656, 18.9932 ] ] ], [ [ [ -103.6183, 19.5125 ], [ -103.5743, 19.4116 ], [ -103.4864, 19.3379 ], [ -103.5092, 19.2951 ], [ -103.4976, 19.1746 ], [ -103.5265, 19.0787 ], [ -103.4885, 19.0276 ], [ -103.4884, 18.9639 ], [ -103.5086, 18.9637 ], [ -103.5313, 18.9063 ], [ -103.5581, 18.9066 ], [ -103.5732, 18.8713 ], [ -103.6303, 18.8853 ], [ -103.62, 18.8014 ], [ -103.7003, 18.7544 ], [ -103.7378, 18.6842 ], [ -103.9832, 18.8726 ], [ -104.1608, 18.9627 ], [ -104.3321, 19.0176 ], [ -104.3038, 19.0715 ], [ -104.3338, 19.1022 ], [ -104.3541, 19.091 ], [ -104.3554, 19.1154 ], [ -104.3939, 19.1146 ], [ -104.3954, 19.0851 ], [ -104.4112, 19.1065 ], [ -104.4417, 19.0833 ], [ -104.4851, 19.1229 ], [ -104.604, 19.1509 ], [ -104.6906, 19.177 ], [ -104.6809, 19.1838 ], [ -104.6836, 19.19 ], [ -104.68, 19.1932 ], [ -104.6188, 19.1808 ], [ -104.5898, 19.1501 ], [ -104.6003, 19.1791 ], [ -104.5769, 19.1802 ], [ -104.5303, 19.2598 ], [ -104.4717, 19.2288 ], [ -104.4393, 19.278 ], [ -104.4009, 19.2891 ], [ -104.4013, 19.2668 ], [ -104.3619, 19.2691 ], [ -104.2612, 19.3118 ], [ -104.1917, 19.2922 ], [ -104.1798, 19.3126 ], [ -104.123, 19.319 ], [ -104.1333, 19.3537 ], [ -104.0902, 19.393 ], [ -104.0617, 19.4977 ], [ -103.8995, 19.4345 ], [ -103.9088, 19.4536 ], [ -103.8893, 19.4636 ], [ -103.8564, 19.4313 ], [ -103.8241, 19.4378 ], [ -103.8192, 19.4087 ], [ -103.7182, 19.4535 ], [ -103.69, 19.4924 ], [ -103.6183, 19.5125 ] ] ], [ [ [ -110.801, 19.3349 ], [ -110.7963, 19.3027 ], [ -110.8126, 19.2982 ], [ -110.8188, 19.3065 ], [ -110.801, 19.3349 ] ] ] ] } },
{ "type": "Feature", "properties": { "CVE_ENT": "07", "NOM_ENT": "Chiapas" }, "geometry": { "type": "Polygon", "coordinates": [ [ [ -91.9999, 17.9433 ], [ -91.9396, 17.9063 ], [ -91.9568, 17.8799 ], [ -91.9442, 17.8629 ], [ -91.9181, 17.8995 ], [ -91.8497, 17.8829 ], [ -91.8109, 17.8994 ], [ -91.7797, 17.8513 ], [ -91.7822, 17.7825 ], [ -91.7902, 17.746 ], [ -91.8307, 17.7377 ], [ -91.6814, 17.6701 ], [ -91.6547, 17.6762 ], [ -91.6446, 17.6219 ], [ -91.6636, 17.6122 ], [ -91.6343, 17.5346 ], [ -91.6628, 17.4798 ], [ -91.6998, 17.4671 ], [ -91.5797, 17.4073 ], [ -91.5372, 17.4197 ], [ -91.5099, 17.3922 ], [ -91.4198, 17.3741 ], [ -91.3835, 17.3128 ], [ -91.4255, 17.3018 ], [ -91.4274, 17.2166 ], [ -91.3547, 17.1908 ], [ -91.3465, 17.159 ], [ -91.3244, 17.1827 ], [ -91.2664, 17.1701 ], [ -91.2669, 17.1079 ], [ -91.227, 17.0951 ], [ -91.1752, 17.0157 ], [ -91.1228, 17.0034 ], [ -91.0656, 16.9029 ], [ -90.9878, 16.8631 ], [ -90.9851, 16.898 ], [ -90.965, 16.9015 ], [ -90.9545, 16.8845 ], [ -90.974, 16.8636 ], [ -90.9336, 16.8593 ], [ -90.9218, 16.8219 ], [ -90.8041, 16.7987 ], [ -90.8028, 16.7762 ], [ -90.7153, 16.7279 ], [ -90.6576, 16.6395 ], [ -90.6668, 16.5818 ], [ -90.6405, 16.5958 ], [ -90.6256, 16.5777 ], [ -90.6471, 16.5605 ], [ -90.6454, 16.5186 ], [ -90.6166, 16.5218 ], [ -90.6058, 16.502 ], [ -90.634, 16.4813 ], [ -90.5952, 16.4908 ], [ -90.5884, 16.4697 ], [ -90.547, 16.4823 ], [ -90.5278, 16.4577 ], [ -90.4803, 16.4613 ], [ -90.4861, 16.4239 ], [ -90.3943, 16.4159 ], [ -90.4011, 16.3914 ], [ -90.3703, 16.3659 ], [ -90.4098, 16.363 ], [ -90.3816, 16.3384 ], [ -90.4386, 16.3021 ], [ -90.4224, 16.2592 ], [ -90.4547, 16.2486 ], [ -90.4278, 16.2332 ], [ -90.4567, 16.2095 ], [ -90.4245, 16.1632 ], [ -90.4502, 16.1499 ], [ -90.4279, 16.1371 ], [ -90.4566, 16.1121 ], [ -90.4537, 16.0923 ], [ -90.425, 16.1037 ], [ -90.4408, 16.0742 ], [ -91.7314, 16.074 ], [ -92.2101, 15.2612 ], [ -92.0592, 15.0703 ], [ -92.0857, 15.0207 ], [ -92.127, 15.0152 ], [ -92.1508, 14.9869 ], [ -92.1362, 14.8916 ], [ -92.1848, 14.8283 ], [ -92.1457, 14.6634 ], [ -92.2268, 14.5321 ], [ -92.4106, 14.6949 ], [ -92.9544, 15.2567 ], [ -93.3323, 15.5911 ], [ -93.749, 15.8965 ], [ -94.036, 16.0221 ], [ -94.1096, 16.1791 ], [ -94.0485, 16.2162 ], [ -94.033, 16.2759 ], [ -94.1391, 16.4618 ], [ -93.8609, 17.1637 ], [ -93.8271, 17.1725 ], [ -93.7983, 17.2419 ], [ -93.6627, 17.2563 ], [ -93.6644, 17.2862 ], [ -93.6079, 17.3149 ], [ -93.5138, 17.4428 ], [ -93.4841, 17.5499 ], [ -93.4517, 17.5465 ], [ -93.4459, 17.586 ], [ -93.3563, 17.648 ], [ -93.3543, 17.7129 ], [ -93.3905, 17.7734 ], [ -93.3491, 17.7671 ], [ -93.3431, 17.7875 ], [ -93.3809, 17.7832 ], [ -93.3406, 17.7981 ], [ -93.3409, 17.9303 ], [ -93.298, 17.9386 ], [ -93.2783, 17.9853 ], [ -93.2409, 17.9501 ], [ -93.192, 17.9561 ], [ -93.0914, 17.8976 ], [ -93.1318, 17.8523 ], [ -93.1156, 17.8222 ], [ -93.1016, 17.8458 ], [ -93.0254, 17.8254 ], [ -93.012, 17.7937 ], [ -93.0577, 17.7205 ], [ -93.0371, 17.7034 ], [ -93.0405, 17.6098 ], [ -92.9481, 17.4827 ], [ -92.9392, 17.5024 ], [ -92.8874, 17.5105 ], [ -92.8499, 17.469 ], [ -92.8315, 17.4809 ], [ -92.8196, 17.4327 ], [ -92.8543, 17.4112 ], [ -92.8292, 17.3963 ], [ -92.7858, 17.4175 ], [ -92.7542, 17.3433 ], [ -92.6788, 17.3785 ], [ -92.6682, 17.4567 ], [ -92.6594, 17.4443 ], [ -92.6058, 17.4774 ], [ -92.5714, 17.5496 ], [ -92.5301, 17.55 ], [ -92.52, 17.573 ], [ -92.4021, 17.578 ], [ -92.3507, 17.6179 ], [ -92.3499, 17.7028 ], [ -92.3281, 17.7137 ], [ -92.2746, 17.6923 ], [ -92.1719, 17.7866 ], [ -92.1308, 17.7661 ], [ -92.1466, 17.8147 ], [ -92.1205, 17.796 ], [ -92.102, 17.8509 ], [ -92.0494, 17.8548 ], [ -92.0718, 17.8777 ], [ -92.0033, 17.8905 ], [ -91.9999, 17.9433 ] ] ] } },
{ "type": "Feature", "properties": { "CVE_ENT": "08", "NOM_ENT": "Chihuahua" }, "geometry": { "type": "Polygon", "coordinates": [ [ [ -108.2084, 31.7837 ], [ -106.5285, 31.7838 ], [ -106.4875, 31.7477 ], [ -106.452, 31.7646 ], [ -106.3813, 31.7323 ], [ -106.2081, 31.4676 ], [ -106.0802, 31.3986 ], [ -106.0048, 31.3926 ], [ -105.9535, 31.3641 ], [ -105.9378, 31.3182 ], [ -105.8703, 31.2897 ], [ -105.7726, 31.1662 ], [ -105.6041, 31.0833 ], [ -105.5576, 30.99 ], [ -105.4001, 30.8894 ], [ -105.4012, 30.8532 ], [ -105.3391, 30.8403 ], [ -105.3165, 30.8109 ], [ -105.2912, 30.8258 ], [ -105.2564, 30.7944 ], [ -105.2155, 30.8059 ], [ -105.2168, 30.7835 ], [ -105.1659, 30.7795 ], [ -105.1617, 30.7524 ], [ -105.1186, 30.7496 ], [ -105.0619, 30.6858 ], [ -105.0069, 30.6858 ], [ -104.9717, 30.61 ], [ -104.9224, 30.6035 ], [ -104.8665, 30.494 ], [ -104.8592, 30.3904 ], [ -104.8166, 30.3751 ], [ -104.8113, 30.3326 ], [ -104.7062, 30.2341 ], [ -104.6829, 29.9292 ], [ -104.5653, 29.7701 ], [ -104.5083, 29.6326 ], [ -104.399, 29.573 ], [ -104.3849, 29.543 ], [ -104.2129, 29.4851 ], [ -104.2175, 29.4561 ], [ -104.1679, 29.3955 ], [ -104.0379, 29.3199 ], [ -103.7833, 29.2655 ], [ -103.7773, 29.2219 ], [ -103.7426, 29.2223 ], [ -103.7183, 29.1811 ], [ -103.6501, 29.1567 ], [ -103.5541, 29.1585 ], [ -103.4328, 29.0436 ], [ -103.3596, 29.0188 ], [ -103.3451, 29.0468 ], [ -103.3365, 29.0182 ], [ -103.3068, 29.0229 ], [ -103.4036, 28.8692 ], [ -103.3963, 28.8335 ], [ -103.4317, 28.8132 ], [ -103.5145, 28.665 ], [ -103.5573, 28.6113 ], [ -103.5727, 28.6406 ], [ -103.5964, 28.6395 ], [ -103.616, 28.5982 ], [ -103.5919, 28.5908 ], [ -103.6246, 28.5811 ], [ -103.9267, 27.9714 ], [ -103.8777, 27.9575 ], [ -103.8929, 27.914 ], [ -103.955, 27.9508 ], [ -103.96, 27.8353 ], [ -103.9008, 27.8269 ], [ -103.9356, 27.7975 ], [ -103.8811, 27.7392 ], [ -103.8967, 27.7406 ], [ -103.8973, 27.6565 ], [ -103.8546, 27.5494 ], [ -103.8769, 27.3116 ], [ -103.8321, 27.2983 ], [ -103.7984, 27.2135 ], [ -103.7994, 27.1247 ], [ -103.7525, 27.0779 ], [ -103.7408, 27.0225 ], [ -103.8521, 26.9346 ], [ -103.8359, 26.9358 ], [ -103.8517, 26.8961 ], [ -103.754, 26.8296 ], [ -103.6991, 26.7253 ], [ -103.9938, 26.7536 ], [ -103.995, 26.7775 ], [ -104.0332, 26.7744 ], [ -104.0457, 26.743 ], [ -104.2278, 26.7771 ], [ -104.273, 26.8423 ], [ -104.3153, 26.7991 ], [ -104.3173, 26.7607 ], [ -104.2865, 26.7254 ], [ -104.3304, 26.6565 ], [ -104.4348, 26.6045 ], [ -104.5028, 26.4658 ], [ -104.501, 26.4148 ], [ -104.5744, 26.3405 ], [ -104.5938, 26.3804 ], [ -104.6201, 26.3688 ], [ -104.6541, 26.391 ], [ -104.727, 26.478 ], [ -104.8093, 26.5085 ], [ -104.8989, 26.51 ], [ -104.9632, 26.4734 ], [ -104.9631, 26.4492 ], [ -105.0004, 26.4549 ], [ -105.0566, 26.4193 ], [ -105.1015, 26.5214 ], [ -105.2647, 26.4621 ], [ -105.2791, 26.4875 ], [ -105.3167, 26.4623 ], [ -105.3528, 26.4789 ], [ -105.3427, 26.5045 ], [ -105.3686, 26.5343 ], [ -105.4034, 26.5175 ], [ -105.4701, 26.5279 ], [ -105.4715, 26.5087 ], [ -105.4961, 26.5428 ], [ -105.549, 26.5466 ], [ -105.6195, 26.6835 ], [ -105.601, 26.6148 ], [ -105.6749, 26.6177 ], [ -105.7463, 26.7139 ], [ -105.7943, 26.6988 ], [ -105.7758, 26.6609 ], [ -105.8654, 26.7474 ], [ -105.9392, 26.7632 ], [ -106.0473, 26.8449 ], [ -106.1006, 26.7593 ], [ -106.1253, 26.7794 ], [ -106.1776, 26.7723 ], [ -106.1766, 26.7277 ], [ -106.1307, 26.7022 ], [ -106.1727, 26.7052 ], [ -106.188, 26.6745 ], [ -106.2079, 26.6781 ], [ -106.233, 26.5596 ], [ -106.2801, 26.5321 ], [ -106.242, 26.4668 ], [ -106.2644, 26.4061 ], [ -106.2976, 26.3965 ], [ -106.3022, 26.3639 ], [ -106.2754, 26.3674 ], [ -106.287, 26.3351 ], [ -106.3122, 26.3488 ], [ -106.4328, 26.204 ], [ -106.4156, 26.1394 ], [ -106.4586, 26.1122 ], [ -106.4712, 26.0605 ], [ -106.4534, 26.0278 ], [ -106.4704, 26.0054 ], [ -106.4447, 26.0051 ], [ -106.4558, 25.9726 ], [ -106.5473, 25.9524 ], [ -106.556, 25.6917 ], [ -106.4636, 25.729 ], [ -106.5918, 25.6474 ], [ -106.6528, 25.5588 ], [ -106.708, 25.6024 ], [ -106.682, 25.5792 ], [ -106.7057, 25.5973 ], [ -106.7025, 25.5812 ], [ -106.8737, 25.5719 ], [ -106.8938, 25.6443 ], [ -106.9943, 25.6622 ], [ -106.9669, 25.6683 ], [ -106.9653, 25.6979 ], [ -106.9903, 25.7149 ], [ -107.0107, 25.6915 ], [ -107.0461, 25.6999 ], [ -107.0579, 25.7574 ], [ -107.2961, 25.9248 ], [ -107.2763, 26.002 ], [ -107.3049, 26.0764 ], [ -107.3465, 26.1095 ], [ -107.431, 26.1429 ], [ -107.52, 26.1042 ], [ -107.582, 26.1706 ], [ -107.6357, 26.1546 ], [ -107.7111, 26.1744 ], [ -107.7552, 26.1345 ], [ -107.7807, 26.1369 ], [ -107.7889, 26.1686 ], [ -107.854, 26.1965 ], [ -108.0128, 26.439 ], [ -107.9696, 26.4702 ], [ -107.9856, 26.4721 ], [ -107.9573, 26.4937 ], [ -107.961, 26.527 ], [ -108.0318, 26.6159 ], [ -108.0816, 26.642 ], [ -108.0117, 26.6895 ], [ -108.0057, 26.761 ], [ -108.0376, 26.7698 ], [ -108.0268, 26.7985 ], [ -108.0941, 26.8705 ], [ -108.1442, 26.8676 ], [ -108.1431, 26.9079 ], [ -108.1745, 26.8815 ], [ -108.2302, 26.9057 ], [ -108.235, 26.9586 ], [ -108.1815, 26.9941 ], [ -108.1943, 27.0319 ], [ -108.2504, 27.041 ], [ -108.286, 27.0125 ], [ -108.3165, 27.0345 ], [ -108.3333, 27.0046 ], [ -108.48, 27.0396 ], [ -108.5025, 26.9874 ], [ -108.5722, 27.0127 ], [ -108.5625, 27.046 ], [ -108.6023, 27.0369 ], [ -108.6114, 27.1541 ], [ -108.6532, 27.1761 ], [ -108.6626, 27.2195 ], [ -108.591, 27.3181 ], [ -108.6616, 27.4647 ], [ -108.6524, 27.537 ], [ -108.7398, 27.6 ], [ -108.7845, 27.7305 ], [ -108.8955, 27.7448 ], [ -108.9203, 27.784 ], [ -108.8691, 27.8393 ], [ -108.9149, 27.854 ], [ -108.9265, 27.9406 ], [ -109.0319, 28.0183 ], [ -109.0729, 28.1486 ], [ -109.0687, 28.2861 ], [ -108.9974, 28.2551 ], [ -108.994, 28.298 ], [ -108.922, 28.2515 ], [ -108.7917, 28.2536 ], [ -108.7967, 28.2672 ], [ -108.6872, 28.3035 ], [ -108.6413, 28.2916 ], [ -108.6362, 28.3352 ], [ -108.6035, 28.3476 ], [ -108.5509, 28.3181 ], [ -108.5196, 28.3348 ], [ -108.5216, 28.3651 ], [ -108.4797, 28.3695 ], [ -108.5155, 28.4263 ], [ -108.5077, 28.5082 ], [ -108.5801, 28.6324 ], [ -108.5838, 28.7401 ], [ -108.6433, 28.7651 ], [ -108.6238, 28.8061 ], [ -108.6578, 28.8092 ], [ -108.7098, 28.8895 ], [ -108.7094, 29.083 ], [ -108.7296, 29.0965 ], [ -108.6985, 29.1277 ], [ -108.7288, 29.1718 ], [ -108.7453, 29.1623 ], [ -108.7354, 29.2177 ], [ -108.7619, 29.2539 ], [ -108.6822, 29.2674 ], [ -108.6697, 29.3074 ], [ -108.7177, 29.4659 ], [ -108.6251, 29.501 ], [ -108.6623, 29.5445 ], [ -108.6383, 29.5583 ], [ -108.6595, 29.584 ], [ -108.6411, 29.5889 ], [ -108.655, 29.6494 ], [ -108.6183, 29.6605 ], [ -108.6591, 29.7161 ], [ -108.5925, 29.7176 ], [ -108.535, 29.7514 ], [ -108.5412, 29.7961 ], [ -108.6185, 29.8005 ], [ -108.6357, 29.8297 ], [ -108.6072, 29.8471 ], [ -108.6287, 29.953 ], [ -108.6069, 30.0286 ], [ -108.6202, 30.2982 ], [ -108.5505, 30.2666 ], [ -108.5422, 30.2835 ], [ -108.58, 30.3375 ], [ -108.622, 30.3403 ], [ -108.6486, 30.4169 ], [ -108.6038, 30.4651 ], [ -108.6648, 30.4681 ], [ -108.6778, 30.5571 ], [ -108.7267, 30.5945 ], [ -108.762, 30.5873 ], [ -108.8765, 30.6246 ], [ -108.8669, 30.6894 ], [ -108.919, 30.7393 ], [ -108.9483, 30.7369 ], [ -108.9392, 30.9076 ], [ -108.8024, 30.9041 ], [ -108.8032, 31.0048 ], [ -108.6838, 31.006 ], [ -108.6844, 31.0337 ], [ -108.7525, 31.0338 ], [ -108.7299, 31.0521 ], [ -108.7661, 31.0736 ], [ -108.77, 31.1025 ], [ -108.8456, 31.1356 ], [ -108.805, 31.193 ], [ -108.8483, 31.1951 ], [ -108.8607, 31.2189 ], [ -108.9063, 31.2133 ], [ -108.8798, 31.2388 ], [ -108.8172, 31.239 ], [ -108.7559, 31.3324 ], [ -108.2085, 31.3334 ], [ -108.2084, 31.7837 ] ] ] } },
{ "type": "Feature", "properties": { "CVE_ENT": "09", "NOM_ENT": "Ciudad de México" }, "geometry": { "type": "Polygon", "coordinates": [ [ [ -99.128, 19.5245 ], [ -99.0639, 19.4988 ], [ -99.0465, 19.4424 ], [ -99.0581, 19.4007 ], [ -98.9919, 19.3676 ], [ -98.9579, 19.3232 ], [ -98.9765, 19.2531 ], [ -98.9403, 19.2232 ], [ -98.9685, 19.2106 ], [ -98.9524, 19.1686 ], [ -98.9657, 19.0859 ], [ -99.029, 19.0854 ], [ -99.0598, 19.0482 ], [ -99.1254, 19.0621 ], [ -99.1354, 19.0893 ], [ -99.2268, 19.0961 ], [ -99.2787, 19.1317 ], [ -99.3153, 19.2292 ], [ -99.3649, 19.2778 ], [ -99.3176, 19.3657 ], [ -99.2223, 19.427 ], [ -99.2092, 19.5124 ], [ -99.1572, 19.5028 ], [ -99.177, 19.5293 ], [ -99.1568, 19.5281 ], [ -99.1581, 19.5573 ], [ -99.1237, 19.5928 ], [ -99.1081, 19.5649 ], [ -99.128, 19.5245 ] ] ] } },
{ "type": "Feature", "properties": { "CVE_ENT": "10", "NOM_ENT": "Durango" }, "geometry": { "type": "Polygon", "coordinates": [ [ [ -106.0473, 26.8449 ], [ -105.8983, 26.7638 ], [ -105.8941, 26.741 ], [ -105.8654, 26.7474 ], [ -105.7758, 26.6609 ], [ -105.7943, 26.6988 ], [ -105.7463, 26.7139 ], [ -105.6749, 26.6177 ], [ -105.601, 26.6148 ], [ -105.6195, 26.6835 ], [ -105.549, 26.5466 ], [ -105.4961, 26.5428 ], [ -105.4715, 26.5087 ], [ -105.4701, 26.5279 ], [ -105.4034, 26.5175 ], [ -105.3686, 26.5343 ], [ -105.3427, 26.5045 ], [ -105.3528, 26.4789 ], [ -105.3167, 26.4623 ], [ -105.2791, 26.4875 ], [ -105.2647, 26.4621 ], [ -105.1015, 26.5214 ], [ -105.0566, 26.4193 ], [ -105.0004, 26.4549 ], [ -104.9631, 26.4492 ], [ -104.9632, 26.4734 ], [ -104.8989, 26.51 ], [ -104.8093, 26.5085 ], [ -104.727, 26.478 ], [ -104.6541, 26.391 ], [ -104.6201, 26.3688 ], [ -104.5938, 26.3804 ], [ -104.5744, 26.3405 ], [ -104.501, 26.4148 ], [ -104.5028, 26.4658 ], [ -104.4348, 26.6045 ], [ -104.3304, 26.6565 ], [ -104.2865, 26.7254 ], [ -104.3173, 26.7607 ], [ -104.3153, 26.7991 ], [ -104.273, 26.8423 ], [ -104.2278, 26.7771 ], [ -104.0457, 26.743 ], [ -104.0332, 26.7744 ], [ -103.995, 26.7775 ], [ -103.9938, 26.7536 ], [ -103.8613, 26.7541 ], [ -103.6582, 26.7195 ], [ -103.6439, 26.6902 ], [ -103.3742, 26.6024 ], [ -103.3168, 26.3618 ], [ -103.2608, 26.2847 ], [ -103.3505, 26.1424 ], [ -103.3464, 25.8603 ], [ -103.3186, 25.8127 ], [ -103.3394, 25.7076 ], [ -103.3814, 25.6403 ], [ -103.4248, 25.6237 ], [ -103.4546, 25.5579 ], [ -103.4944, 25.5377 ], [ -103.3414, 25.4101 ], [ -103.3369, 25.3712 ], [ -103.4067, 25.3989 ], [ -103.4621, 25.3763 ], [ -103.5107, 25.2791 ], [ -103.4028, 25.1823 ], [ -103.3595, 25.11 ], [ -103.2622, 25.0585 ], [ -103.278, 25.0346 ], [ -103.2466, 24.996 ], [ -103.2591, 24.9647 ], [ -103.0892, 24.8212 ], [ -102.9752, 24.7995 ], [ -102.8564, 24.7398 ], [ -102.6697, 25.0666 ], [ -102.6289, 25.0083 ], [ -102.6429, 24.9786 ], [ -102.673, 24.9788 ], [ -102.6731, 24.9427 ], [ -102.5662, 24.9022 ], [ -102.5122, 24.7097 ], [ -102.4803, 24.428 ], [ -102.6066, 24.4112 ], [ -102.6999, 24.374 ], [ -102.7566, 24.377 ], [ -102.7888, 24.4062 ], [ -102.8317, 24.3847 ], [ -102.8919, 24.4611 ], [ -102.9001, 24.4285 ], [ -102.9674, 24.4577 ], [ -102.9836, 24.4333 ], [ -103.0431, 24.4665 ], [ -103.0985, 24.4016 ], [ -103.1653, 24.4352 ], [ -103.2228, 24.4171 ], [ -103.2535, 24.4472 ], [ -103.2826, 24.4288 ], [ -103.4193, 24.4305 ], [ -103.4483, 24.3326 ], [ -103.5067, 24.288 ], [ -103.5683, 24.2864 ], [ -103.5595, 24.1938 ], [ -103.622, 24.1175 ], [ -103.636, 24.1103 ], [ -103.6604, 24.1493 ], [ -103.8133, 24.022 ], [ -103.8724, 24.007 ], [ -103.8184, 23.9649 ], [ -103.8531, 23.8746 ], [ -103.8161, 23.8076 ], [ -103.8624, 23.7526 ], [ -103.8511, 23.6796 ], [ -103.7851, 23.6766 ], [ -103.7935, 23.6309 ], [ -103.8113, 23.6136 ], [ -103.8492, 23.6401 ], [ -103.8774, 23.629 ], [ -103.8825, 23.5923 ], [ -103.9069, 23.6019 ], [ -103.8901, 23.5798 ], [ -103.9215, 23.5892 ], [ -103.9253, 23.557 ], [ -104.066, 23.4635 ], [ -104.1112, 23.3512 ], [ -104.129, 23.1822 ], [ -104.1721, 23.1284 ], [ -104.1666, 22.9452 ], [ -104.1126, 22.9051 ], [ -104.1115, 22.8103 ], [ -104.0805, 22.7666 ], [ -104.1822, 22.7583 ], [ -104.221, 22.7794 ], [ -104.2663, 22.7365 ], [ -104.29, 22.6456 ], [ -104.2614, 22.5862 ], [ -104.3258, 22.5374 ], [ -104.299, 22.4617 ], [ -104.3488, 22.4097 ], [ -104.3715, 22.4217 ], [ -104.4954, 22.3763 ], [ -104.4837, 22.3494 ], [ -104.5065, 22.3452 ], [ -104.5817, 22.3999 ], [ -104.6026, 22.4605 ], [ -104.6553, 22.4622 ], [ -104.6676, 22.5625 ], [ -104.7598, 22.5687 ], [ -104.7889, 22.648 ], [ -104.8147, 22.6342 ], [ -104.8584, 22.6483 ], [ -104.8625, 22.6071 ], [ -104.9879, 22.4987 ], [ -105.0075, 22.5857 ], [ -105.0724, 22.6565 ], [ -105.0684, 22.6784 ], [ -104.8927, 22.7374 ], [ -104.9156, 22.7485 ], [ -104.9184, 22.8198 ], [ -104.959, 22.8136 ], [ -104.9884, 22.836 ], [ -105.0031, 22.977 ], [ -105.3236, 22.9413 ], [ -105.3505, 23.0606 ], [ -105.4159, 23.1169 ], [ -105.502, 23.128 ], [ -105.5543, 23.0989 ], [ -105.644, 23.1418 ], [ -105.6303, 23.2356 ], [ -105.6432, 23.2765 ], [ -105.6871, 23.2875 ], [ -105.694, 23.3406 ], [ -105.7307, 23.3749 ], [ -105.7003, 23.4202 ], [ -105.7389, 23.4452 ], [ -105.7234, 23.4748 ], [ -105.7603, 23.503 ], [ -105.7693, 23.5565 ], [ -105.8116, 23.611 ], [ -105.8455, 23.6033 ], [ -105.8452, 23.5837 ], [ -105.8843, 23.5904 ], [ -105.8926, 23.5526 ], [ -105.9089, 23.5883 ], [ -105.9266, 23.6841 ], [ -105.9061, 23.7394 ], [ -105.9613, 23.8407 ], [ -105.9537, 23.9086 ], [ -105.8672, 23.8752 ], [ -105.8576, 23.8993 ], [ -105.8999, 23.9439 ], [ -105.9454, 23.948 ], [ -105.9121, 23.9975 ], [ -105.9987, 24.0434 ], [ -105.9897, 24.1144 ], [ -106.0439, 24.2208 ], [ -106.0699, 24.2202 ], [ -106.0758, 24.2714 ], [ -106.1525, 24.3388 ], [ -106.2689, 24.3748 ], [ -106.3363, 24.3557 ], [ -106.3675, 24.3019 ], [ -106.4696, 24.2779 ], [ -106.5171, 24.287 ], [ -106.6016, 24.4146 ], [ -106.56, 24.4727 ], [ -106.6301, 24.5065 ], [ -106.6226, 24.5249 ], [ -106.6455, 24.529 ], [ -106.7059, 24.6653 ], [ -106.8658, 24.823 ], [ -106.9307, 24.8209 ], [ -106.9514, 24.859 ], [ -106.9271, 24.8666 ], [ -106.9345, 24.8805 ], [ -107.0006, 24.9282 ], [ -107.021, 24.9099 ], [ -107.0636, 25.0253 ], [ -107.1299, 25.0531 ], [ -107.1249, 25.1866 ], [ -107.1488, 25.2245 ], [ -107.121, 25.2431 ], [ -107.2078, 25.3316 ], [ -107.1715, 25.3264 ], [ -107.2101, 25.4171 ], [ -107.1587, 25.442 ], [ -107.1393, 25.4896 ], [ -107.1781, 25.5152 ], [ -107.1739, 25.5565 ], [ -107.1246, 25.5504 ], [ -106.9733, 25.6296 ], [ -106.9943, 25.6622 ], [ -106.8938, 25.6443 ], [ -106.8737, 25.5719 ], [ -106.7025, 25.5812 ], [ -106.7057, 25.5973 ], [ -106.682, 25.5792 ], [ -106.708, 25.6024 ], [ -106.6528, 25.5588 ], [ -106.5918, 25.6474 ], [ -106.4636, 25.729 ], [ -106.556, 25.6917 ], [ -106.5601, 25.9127 ], [ -106.5473, 25.9524 ], [ -106.4558, 25.9726 ], [ -106.4447, 26.0051 ], [ -106.4704, 26.0054 ], [ -106.4534, 26.0278 ], [ -106.4712, 26.0605 ], [ -106.4586, 26.1122 ], [ -106.4156, 26.1394 ], [ -106.4328, 26.204 ], [ -106.3122, 26.3488 ], [ -106.287, 26.3351 ], [ -106.2754, 26.3674 ], [ -106.3022, 26.3639 ], [ -106.2976, 26.3965 ], [ -106.2644, 26.4061 ], [ -106.242, 26.4668 ], [ -106.2801, 26.5321 ], [ -106.233, 26.5596 ], [ -106.2079, 26.6781 ], [ -106.188, 26.6745 ], [ -106.1727, 26.7052 ], [ -106.1307, 26.7022 ], [ -106.1766, 26.7277 ], [ -106.1776, 26.7723 ], [ -106.1253, 26.7794 ], [ -106.1006, 26.7593 ], [ -106.0473, 26.8449 ] ] ] } },
{ "type": "Feature", "properties": { "CVE_ENT": "11", "NOM_ENT": "Guanajuato" }, "geometry": { "type": "Polygon", "coordinates": [ [ [ -101.35, 21.838 ], [ -101.2897, 21.8121 ], [ -101.2171, 21.8161 ], [ -101.1613, 21.7575 ], [ -100.982, 21.7535 ], [ -100.9126, 21.7136 ], [ -100.9072, 21.6816 ], [ -100.8701, 21.6725 ], [ -100.8651, 21.6871 ], [ -100.8343, 21.6646 ], [ -100.8577, 21.619 ], [ -100.7343, 21.5787 ], [ -100.6574, 21.5247 ], [ -100.6354, 21.5432 ], [ -100.6149, 21.5058 ], [ -100.5339, 21.5423 ], [ -100.4611, 21.5453 ], [ -100.4857, 21.5953 ], [ -100.435, 21.6827 ], [ -100.2721, 21.6873 ], [ -100.1796, 21.6508 ], [ -100.1714, 21.6013 ], [ -100.1472, 21.6181 ], [ -100.0623, 21.5233 ], [ -99.9568, 21.5262 ], [ -99.9423, 21.4496 ], [ -99.8349, 21.4781 ], [ -99.8392, 21.4624 ], [ -99.8171, 21.4617 ], [ -99.7761, 21.4945 ], [ -99.784, 21.3201 ], [ -99.7579, 21.2921 ], [ -99.7372, 21.3129 ], [ -99.6713, 21.3012 ], [ -99.6991, 21.2667 ], [ -99.6878, 21.2258 ], [ -99.7385, 21.2358 ], [ -99.8304, 21.1575 ], [ -99.9864, 21.2183 ], [ -100.0275, 21.1002 ], [ -100.0111, 21.0285 ], [ -100.0689, 21.0228 ], [ -100.0807, 20.9499 ], [ -100.0642, 20.9363 ], [ -100.1815, 20.9304 ], [ -100.2636, 20.971 ], [ -100.2655, 20.9292 ], [ -100.2992, 20.9313 ], [ -100.3336, 20.8907 ], [ -100.4134, 20.8874 ], [ -100.4722, 20.9284 ], [ -100.502, 20.8529 ], [ -100.5776, 20.8167 ], [ -100.5489, 20.7364 ], [ -100.5965, 20.7173 ], [ -100.5511, 20.6338 ], [ -100.4962, 20.6162 ], [ -100.4821, 20.5715 ], [ -100.5048, 20.555 ], [ -100.5097, 20.5065 ], [ -100.4762, 20.3896 ], [ -100.41, 20.376 ], [ -100.3913, 20.3131 ], [ -100.3236, 20.2519 ], [ -100.3552, 20.219 ], [ -100.3403, 20.1897 ], [ -100.3972, 20.0969 ], [ -100.3583, 20.0649 ], [ -100.3629, 19.9899 ], [ -100.4658, 19.9874 ], [ -100.5117, 19.9582 ], [ -100.5199, 19.9188 ], [ -100.536, 19.923 ], [ -100.5318, 19.9764 ], [ -100.5931, 19.9583 ], [ -100.5568, 19.9853 ], [ -100.5767, 19.9931 ], [ -100.6176, 19.9577 ], [ -100.6604, 19.9645 ], [ -100.7487, 19.9127 ], [ -100.7788, 19.9151 ], [ -100.8243, 19.9783 ], [ -100.8358, 19.9346 ], [ -100.9475, 19.9625 ], [ -100.9479, 19.9336 ], [ -100.9705, 19.9292 ], [ -101.0046, 19.9662 ], [ -100.9676, 20.0113 ], [ -101.0142, 20.0403 ], [ -100.9928, 20.0649 ], [ -101.0429, 20.092 ], [ -101.1331, 20.06 ], [ -101.1752, 20.0971 ], [ -101.1716, 20.0734 ], [ -101.1963, 20.0572 ], [ -101.1603, 20.0402 ], [ -101.203, 20.0072 ], [ -101.253, 20.0355 ], [ -101.3887, 20.0304 ], [ -101.4087, 20.1231 ], [ -101.3894, 20.1349 ], [ -101.4225, 20.1632 ], [ -101.4199, 20.2016 ], [ -101.3632, 20.1958 ], [ -101.3526, 20.2349 ], [ -101.4206, 20.2752 ], [ -101.4559, 20.2672 ], [ -101.4402, 20.3052 ], [ -101.4639, 20.3285 ], [ -101.5011, 20.3117 ], [ -101.5229, 20.3323 ], [ -101.5831, 20.3274 ], [ -101.6011, 20.298 ], [ -101.6246, 20.3146 ], [ -101.6255, 20.267 ], [ -101.6979, 20.1897 ], [ -101.7312, 20.2148 ], [ -101.8249, 20.2018 ], [ -101.8339, 20.2248 ], [ -101.8881, 20.1884 ], [ -101.9399, 20.2271 ], [ -101.9512, 20.2716 ], [ -101.9345, 20.2977 ], [ -101.9635, 20.3186 ], [ -101.9453, 20.3427 ], [ -101.9964, 20.3596 ], [ -102.0138, 20.3279 ], [ -102.0136, 20.3939 ], [ -102.0964, 20.3843 ], [ -102.0141, 20.5426 ], [ -101.9739, 20.5418 ], [ -101.9511, 20.6074 ], [ -101.9681, 20.6636 ], [ -102.0138, 20.6644 ], [ -102.0144, 20.7171 ], [ -102.0377, 20.7174 ], [ -102.0345, 20.7421 ], [ -102.0645, 20.7387 ], [ -102.0676, 20.7722 ], [ -102.0959, 20.78 ], [ -102.0799, 20.8291 ], [ -102.0218, 20.8622 ], [ -101.9799, 20.925 ], [ -101.9389, 20.9306 ], [ -101.875, 21.0929 ], [ -101.8177, 21.107 ], [ -101.8334, 21.1373 ], [ -101.804, 21.1663 ], [ -101.7811, 21.1605 ], [ -101.7597, 21.2676 ], [ -101.6432, 21.2993 ], [ -101.6428, 21.3551 ], [ -101.6776, 21.3951 ], [ -101.5704, 21.4185 ], [ -101.6412, 21.5223 ], [ -101.5802, 21.6255 ], [ -101.5961, 21.6371 ], [ -101.5691, 21.6923 ], [ -101.584, 21.7096 ], [ -101.5576, 21.7351 ], [ -101.5797, 21.7364 ], [ -101.5857, 21.7788 ], [ -101.5388, 21.7773 ], [ -101.4739, 21.8274 ], [ -101.35, 21.838 ] ] ] } },
{ "type": "Feature", "properties": { "CVE_ENT": "12", "NOM_ENT": "Guerrero" }, "geometry": { "type": "MultiPolygon", "coordinates": [ [ [ [ -99.9181, 16.8227 ], [ -99.9014, 16.8227 ], [ -99.9056, 16.8175 ], [ -99.9181, 16.8227 ] ] ], [ [ [ -101.6596, 17.6733 ], [ -101.6546, 17.6788 ], [ -101.6519, 17.6744 ], [ -101.6596, 17.6733 ] ] ], [ [ [ -100.6102, 18.8871 ], [ -100.4935, 18.8239 ], [ -100.4903, 18.7893 ], [ -100.4306, 18.7832 ], [ -100.4181, 18.7595 ], [ -100.4471, 18.7016 ], [ -100.4783, 18.6869 ], [ -100.487, 18.6403 ], [ -100.4297, 18.5993 ], [ -100.4494, 18.5566 ], [ -100.4291, 18.51 ], [ -100.3959, 18.5405 ], [ -100.3737, 18.5291 ], [ -100.362, 18.4968 ], [ -100.3853, 18.4265 ], [ -100.3037, 18.367 ], [ -100.2709, 18.3737 ], [ -100.2595, 18.4274 ], [ -100.2364, 18.4168 ], [ -100.1742, 18.4817 ], [ -100.0899, 18.5222 ], [ -100.0689, 18.5644 ], [ -100.0824, 18.5879 ], [ -100.025, 18.6069 ], [ -100.0016, 18.5639 ], [ -99.9617, 18.553 ], [ -99.9472, 18.5879 ], [ -99.8885, 18.6187 ], [ -99.8476, 18.6055 ], [ -99.8125, 18.6409 ], [ -99.793, 18.6307 ], [ -99.737, 18.7398 ], [ -99.672, 18.7135 ], [ -99.7092, 18.7688 ], [ -99.697, 18.7863 ], [ -99.6614, 18.7713 ], [ -99.6309, 18.7205 ], [ -99.6229, 18.7398 ], [ -99.5899, 18.7393 ], [ -99.5364, 18.6937 ], [ -99.4944, 18.7205 ], [ -99.4539, 18.6099 ], [ -99.4197, 18.5903 ], [ -99.4229, 18.5621 ], [ -99.3574, 18.4677 ], [ -99.3283, 18.4888 ], [ -99.3284, 18.4595 ], [ -99.2054, 18.4566 ], [ -99.1779, 18.4247 ], [ -99.1813, 18.4484 ], [ -99.1406, 18.475 ], [ -99.1283, 18.4273 ], [ -99.066, 18.3671 ], [ -99.0637, 18.2515 ], [ -99.0169, 18.2664 ], [ -99.0193, 18.2454 ], [ -98.989, 18.2493 ], [ -99.0001, 18.1902 ], [ -98.8819, 18.1662 ], [ -98.8524, 18.1176 ], [ -98.8698, 18.0572 ], [ -98.7351, 18.0451 ], [ -98.8149, 18.0017 ], [ -98.7318, 17.9826 ], [ -98.6505, 17.9332 ], [ -98.5855, 17.9749 ], [ -98.5296, 17.9758 ], [ -98.5267, 17.9963 ], [ -98.4251, 17.9769 ], [ -98.4242, 17.9382 ], [ -98.445, 17.9223 ], [ -98.4249, 17.8396 ], [ -98.4963, 17.7688 ], [ -98.4896, 17.7034 ], [ -98.461, 17.6304 ], [ -98.4101, 17.5998 ], [ -98.377, 17.6053 ], [ -98.3294, 17.533 ], [ -98.3119, 17.4775 ], [ -98.3358, 17.4563 ], [ -98.2874, 17.329 ], [ -98.3235, 17.2759 ], [ -98.2885, 17.2382 ], [ -98.2443, 17.2515 ], [ -98.2031, 17.2163 ], [ -98.2226, 17.1221 ], [ -98.0073, 17.0401 ], [ -98.0302, 17.0158 ], [ -98.0575, 17.0238 ], [ -98.1113, 16.9589 ], [ -98.0723, 16.8742 ], [ -98.1081, 16.7609 ], [ -98.1352, 16.7584 ], [ -98.139, 16.7238 ], [ -98.2003, 16.6972 ], [ -98.2335, 16.7174 ], [ -98.2434, 16.6967 ], [ -98.2285, 16.6395 ], [ -98.1938, 16.6215 ], [ -98.2034, 16.5872 ], [ -98.2694, 16.5585 ], [ -98.33, 16.5727 ], [ -98.3951, 16.5468 ], [ -98.3873, 16.4978 ], [ -98.3525, 16.4894 ], [ -98.3495, 16.4456 ], [ -98.3992, 16.3805 ], [ -98.4708, 16.3812 ], [ -98.5334, 16.3516 ], [ -98.5526, 16.316 ], [ -98.773, 16.5549 ], [ -98.8417, 16.5485 ], [ -98.8569, 16.5282 ], [ -98.9058, 16.5344 ], [ -99.3329, 16.6584 ], [ -99.6548, 16.6954 ], [ -99.8174, 16.7888 ], [ -99.8451, 16.7843 ], [ -99.8591, 16.7962 ], [ -99.837, 16.8057 ], [ -99.8765, 16.8145 ], [ -99.8513, 16.8367 ], [ -99.8621, 16.8551 ], [ -99.8977, 16.8541 ], [ -99.911, 16.8419 ], [ -99.8941, 16.8328 ], [ -99.9157, 16.8278 ], [ -99.923, 16.8598 ], [ -99.9899, 16.9093 ], [ -101.0611, 17.266 ], [ -101.0567, 17.3076 ], [ -101.2036, 17.427 ], [ -101.457, 17.5258 ], [ -101.4436, 17.5639 ], [ -101.4907, 17.611 ], [ -101.5527, 17.6116 ], [ -101.5514, 17.6387 ], [ -101.5727, 17.6235 ], [ -101.6064, 17.6606 ], [ -101.6492, 17.6646 ], [ -101.6672, 17.734 ], [ -101.7476, 17.7932 ], [ -101.8181, 17.893 ], [ -102.0332, 17.988 ], [ -102.0994, 17.9827 ], [ -102.1379, 17.9402 ], [ -102.1375, 17.9697 ], [ -102.1802, 17.9989 ], [ -102.1783, 18.1229 ], [ -102.1424, 18.1871 ], [ -101.9781, 18.2073 ], [ -101.9734, 18.2323 ], [ -101.9066, 18.2448 ], [ -101.8968, 18.2771 ], [ -101.8632, 18.2617 ], [ -101.8829, 18.2774 ], [ -101.8557, 18.3143 ], [ -101.8893, 18.4005 ], [ -101.8604, 18.4462 ], [ -101.8879, 18.4815 ], [ -101.8823, 18.5342 ], [ -101.7718, 18.6037 ], [ -101.7173, 18.612 ], [ -101.7012, 18.5879 ], [ -101.6245, 18.5992 ], [ -101.5836, 18.521 ], [ -101.5074, 18.4868 ], [ -101.4419, 18.489 ], [ -101.4069, 18.5125 ], [ -101.3656, 18.4999 ], [ -101.3619, 18.5202 ], [ -101.2821, 18.5447 ], [ -101.0887, 18.5059 ], [ -101.012, 18.5275 ], [ -100.9574, 18.4444 ], [ -100.9223, 18.4446 ], [ -100.9145, 18.4717 ], [ -100.8944, 18.4631 ], [ -100.874, 18.492 ], [ -100.7982, 18.4805 ], [ -100.7227, 18.4004 ], [ -100.691, 18.4142 ], [ -100.643, 18.3462 ], [ -100.5882, 18.4121 ], [ -100.7442, 18.5181 ], [ -100.7649, 18.5612 ], [ -100.7512, 18.6417 ], [ -100.7703, 18.6927 ], [ -100.7843, 18.687 ], [ -100.7729, 18.7326 ], [ -100.7969, 18.7463 ], [ -100.799, 18.7845 ], [ -100.7667, 18.8654 ], [ -100.71, 18.8364 ], [ -100.6961, 18.7941 ], [ -100.6102, 18.8871 ] ] ] ] } },
{ "type": "Feature", "properties": { "CVE_ENT": "13", "NOM_ENT": "Hidalgo" }, "geometry": { "type": "Polygon", "coordinates": [ [ [ -98.9607, 19.8882 ], [ -98.9561, 19.9282 ], [ -98.9998, 19.9418 ], [ -98.9433, 19.9768 ], [ -98.9447, 20.0205 ], [ -98.989, 20.0683 ], [ -99.0215, 19.987 ], [ -99.0041, 19.9649 ], [ -99.0345, 19.9718 ], [ -99.0313, 20.0149 ], [ -99.0596, 19.974 ], [ -99.0854, 20.0325 ], [ -99.1586, 20.0272 ], [ -99.2278, 19.9511 ], [ -99.2056, 19.9275 ], [ -99.2283, 19.875 ], [ -99.2969, 19.8352 ], [ -99.3066, 19.7977 ], [ -99.3386, 19.802 ], [ -99.3446, 19.7795 ], [ -99.383, 19.7714 ], [ -99.3732, 19.8515 ], [ -99.415, 19.8505 ], [ -99.4452, 19.8843 ], [ -99.4359, 19.9031 ], [ -99.484, 19.9052 ], [ -99.4778, 19.9606 ], [ -99.4502, 19.9642 ], [ -99.4368, 20.0013 ], [ -99.5181, 20.1457 ], [ -99.5018, 20.1533 ], [ -99.5122, 20.1751 ], [ -99.5996, 20.1697 ], [ -99.6306, 20.1457 ], [ -99.6597, 20.1808 ], [ -99.6769, 20.1625 ], [ -99.7194, 20.1671 ], [ -99.8419, 20.2819 ], [ -99.8595, 20.2646 ], [ -99.8281, 20.543 ], [ -99.6579, 20.6018 ], [ -99.6195, 20.5914 ], [ -99.5653, 20.6404 ], [ -99.5019, 20.659 ], [ -99.5485, 20.7372 ], [ -99.5038, 20.7658 ], [ -99.4887, 20.8329 ], [ -99.4461, 20.853 ], [ -99.3906, 20.9523 ], [ -99.3899, 21.0041 ], [ -99.3632, 21.0417 ], [ -99.3973, 21.1021 ], [ -99.3464, 21.1009 ], [ -99.3092, 21.1473 ], [ -99.2477, 21.1013 ], [ -99.0765, 21.1735 ], [ -99.0613, 21.1542 ], [ -99.0431, 21.1787 ], [ -99.0735, 21.2304 ], [ -99.0551, 21.2825 ], [ -98.945, 21.3113 ], [ -98.8827, 21.1796 ], [ -98.8574, 21.1893 ], [ -98.7939, 21.1602 ], [ -98.8081, 21.1932 ], [ -98.7729, 21.172 ], [ -98.7413, 21.1928 ], [ -98.7021, 21.1851 ], [ -98.6966, 21.1615 ], [ -98.6827, 21.2006 ], [ -98.6505, 21.1809 ], [ -98.6087, 21.2014 ], [ -98.5952, 21.2832 ], [ -98.6811, 21.3462 ], [ -98.5496, 21.3846 ], [ -98.5114, 21.3625 ], [ -98.4808, 21.3977 ], [ -98.4636, 21.3502 ], [ -98.4956, 21.3404 ], [ -98.544, 21.2639 ], [ -98.5165, 21.2443 ], [ -98.4684, 21.2496 ], [ -98.4796, 21.2239 ], [ -98.4164, 21.155 ], [ -98.3507, 21.1571 ], [ -98.2791, 21.1927 ], [ -98.2945, 21.1472 ], [ -98.2491, 21.1294 ], [ -98.2168, 21.1515 ], [ -98.202, 21.1064 ], [ -98.1474, 21.0766 ], [ -98.1612, 21.0191 ], [ -98.1883, 21.0313 ], [ -98.215, 20.9896 ], [ -98.2393, 20.923 ], [ -98.2249, 20.9064 ], [ -98.2655, 20.8665 ], [ -98.2538, 20.8215 ], [ -98.2247, 20.8182 ], [ -98.2336, 20.7976 ], [ -98.2988, 20.7778 ], [ -98.3078, 20.8019 ], [ -98.3285, 20.7841 ], [ -98.3447, 20.7975 ], [ -98.3148, 20.8098 ], [ -98.3529, 20.836 ], [ -98.3451, 20.8648 ], [ -98.4029, 20.8584 ], [ -98.4505, 20.8215 ], [ -98.4645, 20.7725 ], [ -98.4497, 20.7513 ], [ -98.5166, 20.7429 ], [ -98.5502, 20.6894 ], [ -98.5334, 20.6627 ], [ -98.4214, 20.7443 ], [ -98.4948, 20.6443 ], [ -98.4802, 20.589 ], [ -98.5122, 20.5942 ], [ -98.5347, 20.5307 ], [ -98.5973, 20.4958 ], [ -98.5497, 20.4354 ], [ -98.549, 20.3603 ], [ -98.4604, 20.3314 ], [ -98.3861, 20.4027 ], [ -98.321, 20.418 ], [ -98.3121, 20.4498 ], [ -98.2287, 20.5208 ], [ -98.158, 20.5426 ], [ -98.0872, 20.6229 ], [ -98.0749, 20.6765 ], [ -98.021, 20.6268 ], [ -98.0173, 20.526 ], [ -97.9851, 20.5174 ], [ -98.0114, 20.4558 ], [ -98.0705, 20.4303 ], [ -98.1268, 20.3362 ], [ -98.1813, 20.3365 ], [ -98.1791, 20.2938 ], [ -98.254, 20.3013 ], [ -98.2844, 20.2628 ], [ -98.2705, 20.2158 ], [ -98.1759, 20.2542 ], [ -98.128, 20.1859 ], [ -98.1396, 20.1501 ], [ -98.0979, 20.1454 ], [ -98.1809, 20.047 ], [ -98.1604, 19.9781 ], [ -98.2516, 19.9481 ], [ -98.2481, 19.9175 ], [ -98.315, 19.8551 ], [ -98.2671, 19.8433 ], [ -98.2348, 19.777 ], [ -98.1945, 19.7656 ], [ -98.1957, 19.7416 ], [ -98.2596, 19.7172 ], [ -98.3317, 19.7223 ], [ -98.3238, 19.6853 ], [ -98.3817, 19.6094 ], [ -98.4902, 19.62 ], [ -98.5192, 19.6024 ], [ -98.5356, 19.6344 ], [ -98.5504, 19.6186 ], [ -98.5664, 19.6411 ], [ -98.6347, 19.5978 ], [ -98.6656, 19.6062 ], [ -98.67, 19.6587 ], [ -98.6197, 19.6612 ], [ -98.6399, 19.6711 ], [ -98.6329, 19.7222 ], [ -98.6081, 19.7251 ], [ -98.5969, 19.7658 ], [ -98.6608, 19.835 ], [ -98.6759, 19.8132 ], [ -98.6976, 19.8321 ], [ -98.6727, 19.8628 ], [ -98.7128, 19.8538 ], [ -98.7806, 19.8835 ], [ -98.7952, 19.8564 ], [ -98.8558, 19.9043 ], [ -98.8832, 19.9015 ], [ -98.954, 19.7986 ], [ -99.0082, 19.8284 ], [ -99.0204, 19.8641 ], [ -98.9607, 19.8882 ] ] ] } },
{ "type": "Feature", "properties": { "CVE_ENT": "14", "NOM_ENT": "Jalisco" }, "geometry": { "type": "MultiPolygon", "coordinates": [ [ [ [ -104.8149, 19.2313 ], [ -104.8135, 19.2259 ], [ -104.8163, 19.2209 ], [ -104.8149, 19.2313 ] ] ], [ [ [ -104.8148, 19.2331 ], [ -104.8123, 19.2321 ], [ -104.8134, 19.2309 ], [ -104.8148, 19.2331 ] ] ], [ [ [ -104.8768, 19.2737 ], [ -104.8765, 19.2724 ], [ -104.8775, 19.2727 ], [ -104.8768, 19.2737 ] ] ], [ [ [ -104.9595, 19.3071 ], [ -104.9609, 19.3077 ], [ -104.9606, 19.3081 ], [ -104.9595, 19.3071 ] ] ], [ [ [ -104.9556, 19.3106 ], [ -104.9557, 19.3094 ], [ -104.9566, 19.3103 ], [ -104.9556, 19.3106 ] ] ], [ [ [ -104.9513, 19.315 ], [ -104.9519, 19.3146 ], [ -104.9519, 19.3153 ], [ -104.9513, 19.315 ] ] ], [ [ [ -105.036, 19.389 ], [ -105.0339, 19.3903 ], [ -105.0341, 19.389 ], [ -105.036, 19.389 ] ] ], [ [ [ -105.0364, 19.4401 ], [ -105.0347, 19.4405 ], [ -105.0357, 19.4396 ], [ -105.0364, 19.4401 ] ] ], [ [ [ -105.0646, 19.4771 ], [ -105.0634, 19.4763 ], [ -105.0663, 19.4763 ], [ -105.0646, 19.4771 ] ] ], [ [ [ -105.0684, 19.4778 ], [ -105.0645, 19.479 ], [ -105.0639, 19.4778 ], [ -105.067, 19.4771 ], [ -105.0684, 19.4778 ] ] ], [ [ [ -105.0862, 19.5144 ], [ -105.085, 19.5146 ], [ -105.0852, 19.5138 ], [ -105.0862, 19.5144 ] ] ], [ [ [ -105.087, 19.5215 ], [ -105.0855, 19.5225 ], [ -105.0856, 19.5211 ], [ -105.087, 19.5215 ] ] ], [ [ [ -105.0959, 19.526 ], [ -105.0909, 19.5246 ], [ -105.091, 19.5233 ], [ -105.0959, 19.526 ] ] ], [ [ [ -105.0941, 19.5304 ], [ -105.0931, 19.5302 ], [ -105.0945, 19.5292 ], [ -105.0941, 19.5304 ] ] ], [ [ [ -105.0896, 19.5332 ], [ -105.0879, 19.5316 ], [ -105.0895, 19.5318 ], [ -105.0896, 19.5332 ] ] ], [ [ [ -105.0893, 19.534 ], [ -105.0877, 19.5357 ], [ -105.0872, 19.5343 ], [ -105.0893, 19.534 ] ] ], [ [ [ -105.0919, 19.536 ], [ -105.0928, 19.5353 ], [ -105.0921, 19.5364 ], [ -105.0919, 19.536 ] ] ], [ [ [ -105.0951, 19.5388 ], [ -105.0921, 19.5393 ], [ -105.0932, 19.5379 ], [ -105.0951, 19.5388 ] ] ], [ [ [ -105.1157, 19.5488 ], [ -105.1132, 19.5483 ], [ -105.116, 19.5473 ], [ -105.1157, 19.5488 ] ] ], [ [ [ -105.1112, 19.5505 ], [ -105.108, 19.5445 ], [ -105.1133, 19.5454 ], [ -105.1112, 19.5505 ] ] ], [ [ [ -105.1079, 19.5557 ], [ -105.1066, 19.5563 ], [ -105.1064, 19.5561 ], [ -105.1079, 19.5557 ] ] ], [ [ [ -105.1136, 19.5615 ], [ -105.1116, 19.5573 ], [ -105.1172, 19.555 ], [ -105.1136, 19.5615 ] ] ], [ [ [ -105.1306, 19.5737 ], [ -105.1311, 19.5733 ], [ -105.1309, 19.5739 ], [ -105.1306, 19.5737 ] ] ], [ [ [ -105.1343, 19.574 ], [ -105.1325, 19.5737 ], [ -105.1345, 19.5736 ], [ -105.1343, 19.574 ] ] ], [ [ [ -105.1353, 19.5752 ], [ -105.1358, 19.5738 ], [ -105.1369, 19.5744 ], [ -105.1353, 19.5752 ] ] ], [ [ [ -105.1478, 19.579 ], [ -105.1466, 19.5788 ], [ -105.1479, 19.5786 ], [ -105.1478, 19.579 ] ] ], [ [ [ -105.1467, 19.581 ], [ -105.1469, 19.5804 ], [ -105.1475, 19.5807 ], [ -105.1467, 19.581 ] ] ], [ [ [ -105.2914, 20.5455 ], [ -105.2932, 20.5444 ], [ -105.2934, 20.5452 ], [ -105.2914, 20.5455 ] ] ], [ [ [ -104.0257, 22.7433 ], [ -103.9088, 22.75 ], [ -103.8983, 22.7283 ], [ -103.7747, 22.7339 ], [ -103.752, 22.7116 ], [ -103.761, 22.6256 ], [ -103.8607, 22.5676 ], [ -103.8761, 22.4412 ], [ -103.8947, 22.4382 ], [ -103.8669, 22.4094 ], [ -103.9261, 22.3321 ], [ -103.9179, 22.262 ], [ -103.8629, 22.1669 ], [ -103.8286, 22.2866 ], [ -103.8454, 22.3428 ], [ -103.8111, 22.3767 ], [ -103.7691, 22.5558 ], [ -103.7265, 22.5741 ], [ -103.661, 22.5471 ], [ -103.6027, 22.5568 ], [ -103.5592, 22.4284 ], [ -103.594, 22.4072 ], [ -103.6048, 22.3401 ], [ -103.6421, 22.3409 ], [ -103.6378, 22.2952 ], [ -103.5949, 22.2731 ], [ -103.6903, 22.1301 ], [ -103.6838, 22.1092 ], [ -103.6047, 22.0979 ], [ -103.5601, 22.1366 ], [ -103.5145, 22.1291 ], [ -103.5016, 22.1056 ], [ -103.4395, 22.1176 ], [ -103.4197, 22.1775 ], [ -103.4341, 22.1908 ], [ -103.409, 22.2154 ], [ -103.2951, 22.2533 ], [ -103.3139, 22.2587 ], [ -103.3069, 22.3063 ], [ -103.3557, 22.2798 ], [ -103.3637, 22.3145 ], [ -103.3429, 22.3351 ], [ -103.3667, 22.351 ], [ -103.2852, 22.4142 ], [ -103.1686, 22.385 ], [ -103.2206, 22.2805 ], [ -103.1906, 22.2985 ], [ -103.101, 22.294 ], [ -103.0554, 22.2473 ], [ -103.0548, 22.2138 ], [ -103.1061, 22.1914 ], [ -103.1088, 22.1443 ], [ -103.077, 22.1255 ], [ -103.1528, 22.0876 ], [ -103.1543, 22.0722 ], [ -103.1079, 22.0634 ], [ -103.1115, 22.0143 ], [ -103.2017, 21.9986 ], [ -103.2056, 21.9652 ], [ -103.2786, 21.9896 ], [ -103.3413, 21.9404 ], [ -103.3441, 21.9135 ], [ -103.4139, 21.9055 ], [ -103.4705, 21.8135 ], [ -103.5028, 21.8331 ], [ -103.526, 21.8051 ], [ -103.5726, 21.8035 ], [ -103.5085, 21.7397 ], [ -103.5555, 21.6341 ], [ -103.5452, 21.5876 ], [ -103.5905, 21.5898 ], [ -103.5929, 21.5592 ], [ -103.6449, 21.5765 ], [ -103.6898, 21.5523 ], [ -103.6726, 21.5055 ], [ -103.7015, 21.4663 ], [ -103.6587, 21.4637 ], [ -103.6608, 21.4416 ], [ -103.6265, 21.4345 ], [ -103.5953, 21.3909 ], [ -103.5759, 21.4362 ], [ -103.5387, 21.4448 ], [ -103.5039, 21.3768 ], [ -103.51, 21.3549 ], [ -103.5676, 21.3522 ], [ -103.5784, 21.3302 ], [ -103.6169, 21.3534 ], [ -103.7208, 21.308 ], [ -103.7136, 21.2667 ], [ -103.6667, 21.2905 ], [ -103.634, 21.2823 ], [ -103.6402, 21.2221 ], [ -103.6673, 21.216 ], [ -103.6186, 21.1888 ], [ -103.6136, 21.1562 ], [ -103.569, 21.1167 ], [ -103.5315, 21.142 ], [ -103.504, 21.1277 ], [ -103.4286, 21.1467 ], [ -103.3531, 21.0453 ], [ -103.2965, 21.0648 ], [ -103.2757, 21.0514 ], [ -103.2582, 21.0831 ], [ -103.2096, 21.0942 ], [ -103.1273, 21.0535 ], [ -103.0565, 21.0993 ], [ -103.0985, 21.1285 ], [ -103.0714, 21.1529 ], [ -103.0843, 21.1941 ], [ -103.0655, 21.2558 ], [ -103.017, 21.241 ], [ -102.9969, 21.2597 ], [ -102.9106, 21.2052 ], [ -102.8488, 21.2932 ], [ -102.8152, 21.2947 ], [ -102.812, 21.3237 ], [ -102.7985, 21.3069 ], [ -102.7889, 21.3295 ], [ -102.7553, 21.3232 ], [ -102.7291, 21.3874 ], [ -102.6778, 21.3409 ], [ -102.6424, 21.3677 ], [ -102.6597, 21.4109 ], [ -102.6307, 21.534 ], [ -102.6964, 21.543 ], [ -102.6951, 21.5729 ], [ -102.7647, 21.5961 ], [ -102.7734, 21.6583 ], [ -102.8053, 21.6713 ], [ -102.6689, 21.764 ], [ -102.5525, 21.7426 ], [ -102.4569, 21.6981 ], [ -102.4611, 21.6793 ], [ -102.3102, 21.6266 ], [ -102.304, 21.6667 ], [ -102.2376, 21.652 ], [ -102.2143, 21.6948 ], [ -102.1421, 21.7054 ], [ -102.0417, 21.8231 ], [ -102.0384, 21.8532 ], [ -101.8802, 21.9101 ], [ -101.838, 21.9073 ], [ -101.8353, 21.9418 ], [ -101.8858, 21.9326 ], [ -101.9126, 21.9975 ], [ -101.8912, 21.9766 ], [ -101.8626, 21.9914 ], [ -101.8617, 22.0289 ], [ -101.8014, 22.031 ], [ -101.73, 22.0021 ], [ -101.6571, 21.9393 ], [ -101.6507, 21.9077 ], [ -101.6167, 21.9294 ], [ -101.5698, 21.9171 ], [ -101.566, 21.842 ], [ -101.5105, 21.7991 ], [ -101.5857, 21.7788 ], [ -101.5797, 21.7364 ], [ -101.5576, 21.7351 ], [ -101.584, 21.7096 ], [ -101.5691, 21.6923 ], [ -101.5961, 21.6371 ], [ -101.5802, 21.6255 ], [ -101.6413, 21.5266 ], [ -101.5704, 21.4185 ], [ -101.6776, 21.3951 ], [ -101.6428, 21.3551 ], [ -101.6432, 21.2993 ], [ -101.7597, 21.2676 ], [ -101.7811, 21.1605 ], [ -101.804, 21.1663 ], [ -101.8334, 21.1373 ], [ -101.8177, 21.107 ], [ -101.875, 21.0929 ], [ -101.9389, 20.9306 ], [ -101.9799, 20.925 ], [ -102.0218, 20.8622 ], [ -102.0799, 20.8291 ], [ -102.0959, 20.78 ], [ -102.0676, 20.7722 ], [ -102.0645, 20.7387 ], [ -102.0345, 20.7421 ], [ -102.0377, 20.7174 ], [ -102.0144, 20.7171 ], [ -102.0138, 20.6644 ], [ -101.9681, 20.6636 ], [ -101.9511, 20.6074 ], [ -101.9739, 20.5418 ], [ -102.0141, 20.5426 ], [ -102.0709, 20.409 ], [ -102.1058, 20.3786 ], [ -102.1682, 20.3787 ], [ -102.1754, 20.356 ], [ -102.2542, 20.3353 ], [ -102.3066, 20.3582 ], [ -102.3663, 20.3279 ], [ -102.4346, 20.341 ], [ -102.5054, 20.3159 ], [ -102.5286, 20.271 ], [ -102.6101, 20.2691 ], [ -102.6273, 20.2294 ], [ -102.679, 20.2269 ], [ -102.6797, 20.1715 ], [ -102.8193, 20.1372 ], [ -102.8019, 20.123 ], [ -102.8163, 20.106 ], [ -102.8659, 20.1624 ], [ -102.9402, 20.1717 ], [ -102.954, 20.1666 ], [ -102.9264, 20.1296 ], [ -103.0441, 20.1241 ], [ -103.0207, 20.0473 ], [ -103.0515, 19.9916 ], [ -103.0252, 19.9605 ], [ -102.9512, 19.9966 ], [ -102.9026, 19.9669 ], [ -102.7769, 19.9602 ], [ -102.7312, 19.8995 ], [ -102.7303, 19.8532 ], [ -102.7533, 19.8341 ], [ -102.7394, 19.8158 ], [ -102.7923, 19.8141 ], [ -102.8195, 19.7779 ], [ -102.7805, 19.7043 ], [ -102.8057, 19.6748 ], [ -102.7758, 19.6277 ], [ -102.7159, 19.6029 ], [ -102.7106, 19.5411 ], [ -102.7381, 19.4934 ], [ -102.6895, 19.5134 ], [ -102.6575, 19.4872 ], [ -102.5819, 19.5283 ], [ -102.5427, 19.478 ], [ -102.5686, 19.4455 ], [ -102.5437, 19.4296 ], [ -102.5768, 19.4239 ], [ -102.6621, 19.2188 ], [ -102.7007, 19.2245 ], [ -102.6988, 19.2499 ], [ -102.7127, 19.2358 ], [ -102.7538, 19.2558 ], [ -102.8244, 19.2057 ], [ -102.8654, 19.2113 ], [ -102.9601, 19.1741 ], [ -102.9776, 19.1201 ], [ -103.0204, 19.1305 ], [ -103.016, 19.0792 ], [ -102.9908, 19.0534 ], [ -103.0632, 19.0279 ], [ -103.0525, 18.9981 ], [ -103.1482, 18.9259 ], [ -103.203, 18.9653 ], [ -103.2239, 19.0241 ], [ -103.3325, 18.9732 ], [ -103.4114, 18.9677 ], [ -103.4727, 18.9911 ], [ -103.495, 18.9707 ], [ -103.4885, 19.0276 ], [ -103.5265, 19.0787 ], [ -103.4976, 19.1746 ], [ -103.5092, 19.2951 ], [ -103.4864, 19.3379 ], [ -103.5743, 19.4116 ], [ -103.6183, 19.5125 ], [ -103.69, 19.4924 ], [ -103.7182, 19.4535 ], [ -103.8192, 19.4087 ], [ -103.8241, 19.4378 ], [ -103.8564, 19.4313 ], [ -103.8893, 19.4636 ], [ -103.9088, 19.4536 ], [ -103.8995, 19.4345 ], [ -104.0617, 19.4977 ], [ -104.0902, 19.393 ], [ -104.1333, 19.3537 ], [ -104.123, 19.319 ], [ -104.1798, 19.3126 ], [ -104.1917, 19.2922 ], [ -104.2612, 19.3118 ], [ -104.3619, 19.2691 ], [ -104.4013, 19.2668 ], [ -104.4009, 19.2891 ], [ -104.4393, 19.278 ], [ -104.4717, 19.2288 ], [ -104.5303, 19.2598 ], [ -104.5769, 19.1802 ], [ -104.6003, 19.1791 ], [ -104.5898, 19.1501 ], [ -104.6188, 19.1808 ], [ -104.68, 19.1932 ], [ -104.7028, 19.1781 ], [ -104.6855, 19.2068 ], [ -104.734, 19.2217 ], [ -104.7327, 19.2394 ], [ -104.8089, 19.2332 ], [ -104.7941, 19.2953 ], [ -104.8305, 19.3077 ], [ -104.8741, 19.2804 ], [ -104.9533, 19.3219 ], [ -105.0318, 19.3881 ], [ -105.0248, 19.4361 ], [ -105.0731, 19.4711 ], [ -105.0575, 19.4745 ], [ -105.0607, 19.4958 ], [ -105.1042, 19.578 ], [ -105.1423, 19.5751 ], [ -105.1527, 19.6035 ], [ -105.2644, 19.6793 ], [ -105.5048, 20.0116 ], [ -105.5496, 20.0946 ], [ -105.5543, 20.2248 ], [ -105.6562, 20.3177 ], [ -105.6928, 20.3882 ], [ -105.695, 20.4092 ], [ -105.6723, 20.4074 ], [ -105.6041, 20.4758 ], [ -105.3166, 20.5115 ], [ -105.2578, 20.5577 ], [ -105.2329, 20.6154 ], [ -105.2789, 20.6813 ], [ -105.2426, 20.7042 ], [ -105.2399, 20.7473 ], [ -105.197, 20.7772 ], [ -105.1734, 20.7677 ], [ -105.1425, 20.8865 ], [ -105.0803, 20.9315 ], [ -104.9672, 20.9095 ], [ -104.9005, 20.9463 ], [ -104.8381, 21.02 ], [ -104.73, 21.0123 ], [ -104.7294, 20.9832 ], [ -104.681, 20.9438 ], [ -104.5569, 20.9241 ], [ -104.4999, 20.8382 ], [ -104.2885, 20.6892 ], [ -104.282, 20.629 ], [ -104.2536, 20.6034 ], [ -104.2418, 20.7134 ], [ -104.2828, 20.7835 ], [ -104.2976, 20.7708 ], [ -104.3283, 20.7981 ], [ -104.3759, 20.7841 ], [ -104.3504, 20.8116 ], [ -104.3618, 20.8409 ], [ -104.2954, 20.8455 ], [ -104.2909, 20.8878 ], [ -104.2066, 20.9364 ], [ -104.2427, 21.0273 ], [ -104.2109, 21.1186 ], [ -104.2194, 21.1766 ], [ -104.0857, 21.2054 ], [ -104.0686, 21.1868 ], [ -104.0528, 21.2054 ], [ -104.028, 21.1947 ], [ -103.9734, 21.2563 ], [ -103.924, 21.2346 ], [ -103.931, 21.2625 ], [ -103.8984, 21.2265 ], [ -103.8194, 21.2484 ], [ -103.8203, 21.281 ], [ -103.7493, 21.3367 ], [ -103.7413, 21.3741 ], [ -103.7644, 21.4103 ], [ -103.7209, 21.4254 ], [ -103.7741, 21.4984 ], [ -103.8237, 21.493 ], [ -103.8599, 21.5247 ], [ -103.8563, 21.5524 ], [ -103.9192, 21.582 ], [ -103.9077, 21.6187 ], [ -103.9302, 21.6419 ], [ -103.8877, 21.6978 ], [ -103.8959, 21.7277 ], [ -103.9318, 21.7434 ], [ -103.9217, 21.7703 ], [ -104.1304, 21.7904 ], [ -104.1617, 21.8098 ], [ -104.197, 21.8508 ], [ -104.1722, 21.8713 ], [ -104.201, 21.8915 ], [ -104.1737, 21.9634 ], [ -104.1933, 21.9854 ], [ -104.246, 21.9669 ], [ -104.2941, 22.0028 ], [ -104.3269, 21.9754 ], [ -104.3707, 21.9762 ], [ -104.3732, 22.1026 ], [ -104.3287, 22.2454 ], [ -104.2849, 22.2971 ], [ -104.2984, 22.3478 ], [ -104.2547, 22.3488 ], [ -104.2583, 22.3847 ], [ -104.2207, 22.4211 ], [ -104.1647, 22.3916 ], [ -104.1675, 22.4451 ], [ -104.1951, 22.4476 ], [ -104.1857, 22.4714 ], [ -104.2049, 22.4719 ], [ -104.2148, 22.4842 ], [ -104.1504, 22.5163 ], [ -104.1135, 22.4966 ], [ -104.1204, 22.5175 ], [ -104.0772, 22.5318 ], [ -104.0516, 22.4667 ], [ -104.0942, 22.355 ], [ -104.0487, 22.3764 ], [ -104.0151, 22.3648 ], [ -104.0059, 22.4087 ], [ -103.9294, 22.4751 ], [ -103.9344, 22.4999 ], [ -104.0056, 22.5366 ], [ -103.9723, 22.5451 ], [ -104.0008, 22.5668 ], [ -103.9862, 22.5909 ], [ -104.027, 22.6132 ], [ -104.0155, 22.6689 ], [ -104.0736, 22.6969 ], [ -104.0257, 22.7433 ] ] ] ] } },
{ "type": "Feature", "properties": { "CVE_ENT": "15", "NOM_ENT": "México" }, "geometry": { "type": "Polygon", "coordinates": [ [ [ -98.96, 19.8878 ], [ -99.0206, 19.8677 ], [ -99.0082, 19.8284 ], [ -98.9554, 19.7988 ], [ -98.906, 19.8451 ], [ -98.9118, 19.881 ], [ -98.8558, 19.9043 ], [ -98.7952, 19.8564 ], [ -98.7806, 19.8835 ], [ -98.7128, 19.8538 ], [ -98.6727, 19.8628 ], [ -98.6976, 19.8321 ], [ -98.6759, 19.8132 ], [ -98.6608, 19.835 ], [ -98.5969, 19.7658 ], [ -98.6081, 19.7251 ], [ -98.6329, 19.7222 ], [ -98.6399, 19.6711 ], [ -98.6197, 19.6612 ], [ -98.67, 19.6587 ], [ -98.6617, 19.6101 ], [ -98.7081, 19.5548 ], [ -98.6348, 19.4312 ], [ -98.6602, 19.4321 ], [ -98.6381, 19.3589 ], [ -98.6635, 19.3248 ], [ -98.6275, 19.2578 ], [ -98.647, 19.1848 ], [ -98.6255, 19.1196 ], [ -98.6293, 19.0171 ], [ -98.714, 18.943 ], [ -98.7921, 18.9353 ], [ -98.8595, 18.9648 ], [ -98.871, 19.0254 ], [ -98.9156, 19.0641 ], [ -98.979, 19.0745 ], [ -98.9524, 19.1686 ], [ -98.9685, 19.2106 ], [ -98.9403, 19.2232 ], [ -98.9765, 19.2531 ], [ -98.9579, 19.3232 ], [ -98.9919, 19.3676 ], [ -99.0581, 19.4007 ], [ -99.0639, 19.4988 ], [ -99.1259, 19.5212 ], [ -99.1081, 19.5649 ], [ -99.1237, 19.5928 ], [ -99.1581, 19.5573 ], [ -99.1568, 19.5281 ], [ -99.176, 19.532 ], [ -99.177, 19.5293 ], [ -99.1572, 19.5028 ], [ -99.2092, 19.5124 ], [ -99.2223, 19.4269 ], [ -99.3131, 19.3704 ], [ -99.3566, 19.3067 ], [ -99.3649, 19.2778 ], [ -99.3153, 19.2292 ], [ -99.2787, 19.1317 ], [ -99.3183, 19.0874 ], [ -99.3087, 18.9588 ], [ -99.367, 18.894 ], [ -99.4293, 18.8776 ], [ -99.4259, 18.8264 ], [ -99.4939, 18.7208 ], [ -99.5364, 18.6937 ], [ -99.5899, 18.7393 ], [ -99.6229, 18.7398 ], [ -99.6309, 18.7205 ], [ -99.6614, 18.7713 ], [ -99.6972, 18.7863 ], [ -99.7092, 18.7688 ], [ -99.672, 18.7135 ], [ -99.737, 18.7398 ], [ -99.793, 18.6307 ], [ -99.8125, 18.6409 ], [ -99.8476, 18.6055 ], [ -99.8885, 18.6187 ], [ -99.9472, 18.5879 ], [ -99.9617, 18.553 ], [ -100.0016, 18.5639 ], [ -100.025, 18.6069 ], [ -100.0824, 18.5879 ], [ -100.0689, 18.5644 ], [ -100.0899, 18.5222 ], [ -100.1742, 18.4817 ], [ -100.2364, 18.4168 ], [ -100.2595, 18.4274 ], [ -100.2713, 18.3733 ], [ -100.3037, 18.367 ], [ -100.3853, 18.4265 ], [ -100.362, 18.4968 ], [ -100.3737, 18.5291 ], [ -100.3959, 18.5405 ], [ -100.4291, 18.51 ], [ -100.4494, 18.5566 ], [ -100.4297, 18.5993 ], [ -100.4887, 18.6471 ], [ -100.4181, 18.7595 ], [ -100.4594, 18.7969 ], [ -100.4903, 18.7893 ], [ -100.4935, 18.8239 ], [ -100.5855, 18.8588 ], [ -100.6129, 18.8935 ], [ -100.5438, 18.9347 ], [ -100.5298, 19.0093 ], [ -100.4108, 19.0636 ], [ -100.3895, 19.1429 ], [ -100.3616, 19.1547 ], [ -100.3731, 19.1942 ], [ -100.3199, 19.253 ], [ -100.3124, 19.3624 ], [ -100.2931, 19.3951 ], [ -100.2374, 19.4035 ], [ -100.1899, 19.4397 ], [ -100.2064, 19.4704 ], [ -100.201, 19.4928 ], [ -100.1777, 19.4926 ], [ -100.2375, 19.5572 ], [ -100.274, 19.6722 ], [ -100.2341, 19.72 ], [ -100.1921, 19.6971 ], [ -100.1482, 19.7282 ], [ -100.1315, 19.852 ], [ -100.0633, 19.8546 ], [ -100.1301, 19.9162 ], [ -100.116, 20.0061 ], [ -100.1551, 20.0074 ], [ -100.1529, 20.0543 ], [ -100.0888, 20.015 ], [ -100.0003, 20.0775 ], [ -99.9802, 20.0591 ], [ -99.9263, 20.0643 ], [ -99.9422, 20.1201 ], [ -99.9362, 20.1625 ], [ -99.9272, 20.1571 ], [ -99.9219, 20.1587 ], [ -99.9655, 20.2017 ], [ -99.9811, 20.2715 ], [ -99.9509, 20.2159 ], [ -99.9184, 20.2118 ], [ -99.9341, 20.2498 ], [ -99.9195, 20.2817 ], [ -99.8595, 20.2646 ], [ -99.8419, 20.2819 ], [ -99.7402, 20.1779 ], [ -99.6769, 20.1625 ], [ -99.6597, 20.1808 ], [ -99.6306, 20.1457 ], [ -99.5996, 20.1697 ], [ -99.5122, 20.1751 ], [ -99.5018, 20.1533 ], [ -99.5181, 20.1457 ], [ -99.4368, 20.0013 ], [ -99.4502, 19.9642 ], [ -99.4778, 19.9606 ], [ -99.484, 19.9052 ], [ -99.4359, 19.9031 ], [ -99.4452, 19.8843 ], [ -99.415, 19.8505 ], [ -99.3732, 19.8515 ], [ -99.383, 19.7714 ], [ -99.3446, 19.7795 ], [ -99.3386, 19.802 ], [ -99.3066, 19.7977 ], [ -99.2969, 19.8352 ], [ -99.2283, 19.875 ], [ -99.2056, 19.9275 ], [ -99.2278, 19.9511 ], [ -99.1586, 20.0272 ], [ -99.0854, 20.0325 ], [ -99.0596, 19.974 ], [ -99.0313, 20.0149 ], [ -99.0345, 19.9718 ], [ -99.0041, 19.9649 ], [ -99.0215, 19.987 ], [ -98.989, 20.0683 ], [ -98.9447, 20.0205 ], [ -98.9433, 19.9768 ], [ -98.9998, 19.9418 ], [ -98.9561, 19.9282 ], [ -98.96, 19.8878 ] ] ] } },
{ "type": "Feature", "properties": { "CVE_ENT": "16", "NOM_ENT": "Michoacán de Ocampo" }, "geometry": { "type": "Polygon", "coordinates": [ [ [ -102.0101, 20.3819 ], [ -102.0252, 20.3486 ], [ -102.0147, 20.3283 ], [ -101.9964, 20.3596 ], [ -101.9447, 20.3421 ], [ -101.9635, 20.3186 ], [ -101.9345, 20.2977 ], [ -101.9512, 20.2716 ], [ -101.9399, 20.2271 ], [ -101.8881, 20.1884 ], [ -101.8339, 20.2248 ], [ -101.8249, 20.2018 ], [ -101.7312, 20.2148 ], [ -101.6979, 20.1897 ], [ -101.6255, 20.267 ], [ -101.6246, 20.3146 ], [ -101.6011, 20.298 ], [ -101.5831, 20.3274 ], [ -101.5229, 20.3323 ], [ -101.5011, 20.3117 ], [ -101.4649, 20.329 ], [ -101.4402, 20.3052 ], [ -101.4559, 20.2672 ], [ -101.4206, 20.2752 ], [ -101.3526, 20.2349 ], [ -101.3632, 20.1958 ], [ -101.4199, 20.2016 ], [ -101.4225, 20.1632 ], [ -101.3894, 20.1349 ], [ -101.4087, 20.1231 ], [ -101.4047, 20.0802 ], [ -101.3875, 20.083 ], [ -101.4017, 20.035 ], [ -101.253, 20.0355 ], [ -101.203, 20.0072 ], [ -101.1603, 20.0402 ], [ -101.1963, 20.0572 ], [ -101.1716, 20.0734 ], [ -101.1752, 20.0971 ], [ -101.1331, 20.06 ], [ -101.0749, 20.0884 ], [ -101.0213, 20.0869 ], [ -100.9927, 20.0645 ], [ -101.0081, 20.0281 ], [ -100.9673, 20.0099 ], [ -101.0034, 19.9536 ], [ -100.9644, 19.9283 ], [ -100.9475, 19.9625 ], [ -100.8358, 19.9346 ], [ -100.8243, 19.9783 ], [ -100.7788, 19.9151 ], [ -100.7487, 19.9127 ], [ -100.6604, 19.9645 ], [ -100.6176, 19.9577 ], [ -100.5767, 19.9931 ], [ -100.5568, 19.9853 ], [ -100.5931, 19.9583 ], [ -100.5318, 19.9764 ], [ -100.536, 19.923 ], [ -100.5199, 19.9188 ], [ -100.5117, 19.9582 ], [ -100.4658, 19.9874 ], [ -100.3629, 19.9899 ], [ -100.3583, 20.0649 ], [ -100.3972, 20.0969 ], [ -100.3403, 20.1897 ], [ -100.3552, 20.219 ], [ -100.3236, 20.2519 ], [ -100.3458, 20.298 ], [ -100.2604, 20.2675 ], [ -100.1811, 20.2088 ], [ -100.2356, 20.1435 ], [ -100.1974, 20.1299 ], [ -100.2029, 20.0766 ], [ -100.1645, 20.0783 ], [ -100.1381, 20.0476 ], [ -100.1533, 20.0537 ], [ -100.1577, 20.0179 ], [ -100.116, 20.0061 ], [ -100.1301, 19.9162 ], [ -100.063, 19.8558 ], [ -100.1315, 19.852 ], [ -100.1482, 19.7282 ], [ -100.1921, 19.6971 ], [ -100.2341, 19.72 ], [ -100.274, 19.6722 ], [ -100.2375, 19.5572 ], [ -100.1777, 19.4926 ], [ -100.201, 19.4928 ], [ -100.2064, 19.4704 ], [ -100.1899, 19.4397 ], [ -100.2374, 19.4035 ], [ -100.2931, 19.3951 ], [ -100.3124, 19.3624 ], [ -100.3199, 19.253 ], [ -100.3731, 19.1942 ], [ -100.3616, 19.1547 ], [ -100.3895, 19.1429 ], [ -100.4108, 19.0636 ], [ -100.5298, 19.0093 ], [ -100.5438, 18.9347 ], [ -100.5932, 18.9153 ], [ -100.6961, 18.7941 ], [ -100.7484, 18.8679 ], [ -100.7918, 18.8342 ], [ -100.7969, 18.7463 ], [ -100.7729, 18.7326 ], [ -100.7854, 18.6915 ], [ -100.7512, 18.6417 ], [ -100.7649, 18.5612 ], [ -100.715, 18.4864 ], [ -100.5907, 18.4155 ], [ -100.6087, 18.3792 ], [ -100.6459, 18.3461 ], [ -100.691, 18.4142 ], [ -100.7227, 18.4004 ], [ -100.7982, 18.4805 ], [ -100.874, 18.492 ], [ -100.923, 18.4442 ], [ -100.9631, 18.4457 ], [ -101.012, 18.5275 ], [ -101.0887, 18.5059 ], [ -101.2821, 18.5447 ], [ -101.3619, 18.5202 ], [ -101.3656, 18.4999 ], [ -101.4069, 18.5125 ], [ -101.4419, 18.489 ], [ -101.5065, 18.4867 ], [ -101.5836, 18.521 ], [ -101.6245, 18.5992 ], [ -101.7012, 18.5879 ], [ -101.7173, 18.612 ], [ -101.7718, 18.6037 ], [ -101.8823, 18.5342 ], [ -101.8879, 18.4815 ], [ -101.8604, 18.4462 ], [ -101.8893, 18.4005 ], [ -101.8557, 18.3143 ], [ -101.8829, 18.2774 ], [ -101.8632, 18.2617 ], [ -101.8968, 18.2771 ], [ -101.9066, 18.2448 ], [ -101.9734, 18.2323 ], [ -101.9765, 18.208 ], [ -102.1403, 18.1883 ], [ -102.1618, 18.1641 ], [ -102.1813, 18.0033 ], [ -102.133, 17.9508 ], [ -102.1855, 17.9149 ], [ -102.4838, 18.0187 ], [ -102.7591, 18.0699 ], [ -103.0312, 18.1881 ], [ -103.1116, 18.1909 ], [ -103.3619, 18.265 ], [ -103.4922, 18.3296 ], [ -103.5831, 18.5059 ], [ -103.7119, 18.597 ], [ -103.6862, 18.6286 ], [ -103.7378, 18.6842 ], [ -103.7003, 18.7544 ], [ -103.62, 18.8014 ], [ -103.6303, 18.8853 ], [ -103.5732, 18.8713 ], [ -103.4731, 18.9911 ], [ -103.4114, 18.9677 ], [ -103.3325, 18.9732 ], [ -103.2254, 19.0241 ], [ -103.1734, 18.9363 ], [ -103.125, 18.9301 ], [ -103.0881, 18.9841 ], [ -103.0525, 18.9981 ], [ -103.0632, 19.0279 ], [ -102.9908, 19.0534 ], [ -103.016, 19.0792 ], [ -103.0197, 19.1324 ], [ -102.9776, 19.1201 ], [ -102.9601, 19.1741 ], [ -102.8654, 19.2113 ], [ -102.8244, 19.2057 ], [ -102.7538, 19.2558 ], [ -102.7127, 19.2358 ], [ -102.6966, 19.2488 ], [ -102.7007, 19.2245 ], [ -102.6699, 19.2124 ], [ -102.5768, 19.4239 ], [ -102.5437, 19.4296 ], [ -102.5686, 19.4455 ], [ -102.5427, 19.478 ], [ -102.5819, 19.5283 ], [ -102.6575, 19.4872 ], [ -102.6895, 19.5134 ], [ -102.7381, 19.4934 ], [ -102.7106, 19.5411 ], [ -102.7159, 19.6029 ], [ -102.7758, 19.6277 ], [ -102.8057, 19.6748 ], [ -102.7805, 19.7043 ], [ -102.8195, 19.7779 ], [ -102.7923, 19.8141 ], [ -102.7394, 19.8158 ], [ -102.7533, 19.8341 ], [ -102.7303, 19.8532 ], [ -102.7312, 19.8995 ], [ -102.7769, 19.9602 ], [ -102.9026, 19.9669 ], [ -102.9512, 19.9966 ], [ -103.0252, 19.9605 ], [ -103.0515, 19.9916 ], [ -103.0207, 20.0473 ], [ -103.0441, 20.1241 ], [ -102.9264, 20.1296 ], [ -102.954, 20.1666 ], [ -102.9402, 20.1717 ], [ -102.8659, 20.1624 ], [ -102.8163, 20.106 ], [ -102.8152, 20.1393 ], [ -102.6797, 20.1715 ], [ -102.679, 20.2269 ], [ -102.6273, 20.2294 ], [ -102.6101, 20.2691 ], [ -102.5293, 20.2706 ], [ -102.53, 20.2962 ], [ -102.4474, 20.3385 ], [ -102.3667, 20.3278 ], [ -102.3066, 20.3582 ], [ -102.2542, 20.3353 ], [ -102.1754, 20.356 ], [ -102.1682, 20.3787 ], [ -102.0101, 20.3819 ] ] ] } },
{ "type": "Feature", "properties": { "CVE_ENT": "17", "NOM_ENT": "Morelos" }, "geometry": { "type": "Polygon", "coordinates": [ [ [ -99.0621, 19.0487 ], [ -99.029, 19.0854 ], [ -98.9156, 19.0641 ], [ -98.871, 19.0254 ], [ -98.8595, 18.9648 ], [ -98.7921, 18.9353 ], [ -98.714, 18.943 ], [ -98.6329, 19.0155 ], [ -98.7073, 18.9029 ], [ -98.7135, 18.8672 ], [ -98.6814, 18.9072 ], [ -98.6649, 18.8877 ], [ -98.7535, 18.743 ], [ -98.7159, 18.7392 ], [ -98.7419, 18.7022 ], [ -98.7114, 18.6165 ], [ -98.7067, 18.4451 ], [ -98.7522, 18.4539 ], [ -98.8278, 18.5239 ], [ -98.8504, 18.478 ], [ -98.9122, 18.4621 ], [ -98.9351, 18.4229 ], [ -98.9854, 18.4212 ], [ -98.9879, 18.3971 ], [ -99.0648, 18.3324 ], [ -99.0663, 18.3678 ], [ -99.1283, 18.4273 ], [ -99.1411, 18.4752 ], [ -99.1813, 18.4484 ], [ -99.1779, 18.4247 ], [ -99.2054, 18.4566 ], [ -99.3284, 18.4595 ], [ -99.3283, 18.4888 ], [ -99.3574, 18.4677 ], [ -99.4229, 18.5621 ], [ -99.4197, 18.5903 ], [ -99.4539, 18.6099 ], [ -99.4944, 18.7205 ], [ -99.4259, 18.8264 ], [ -99.4293, 18.8776 ], [ -99.367, 18.894 ], [ -99.313, 18.9481 ], [ -99.3183, 19.0874 ], [ -99.2951, 19.1229 ], [ -99.1354, 19.0893 ], [ -99.1254, 19.0621 ], [ -99.0621, 19.0487 ] ] ] } },
{ "type": "Feature", "properties": { "CVE_ENT": "18", "NOM_ENT": "Nayarit" }, "geometry": { "type": "MultiPolygon", "coordinates": [ [ [ [ -105.3836, 23.0817 ], [ -105.3505, 23.0606 ], [ -105.3236, 22.9413 ], [ -105.0031, 22.977 ], [ -104.9884, 22.836 ], [ -104.959, 22.8136 ], [ -104.9184, 22.8198 ], [ -104.9156, 22.7485 ], [ -104.8927, 22.7374 ], [ -105.0684, 22.6784 ], [ -105.0724, 22.6565 ], [ -105.0075, 22.5857 ], [ -104.9879, 22.4987 ], [ -104.8625, 22.6071 ], [ -104.8584, 22.6483 ], [ -104.8147, 22.6342 ], [ -104.7889, 22.648 ], [ -104.7754, 22.5842 ], [ -104.737, 22.5581 ], [ -104.67, 22.5653 ], [ -104.6553, 22.4622 ], [ -104.6026, 22.4605 ], [ -104.5931, 22.412 ], [ -104.5065, 22.3452 ], [ -104.4812, 22.3516 ], [ -104.4954, 22.3763 ], [ -104.3715, 22.4217 ], [ -104.35, 22.3864 ], [ -104.2931, 22.3651 ], [ -104.2849, 22.2971 ], [ -104.3287, 22.2454 ], [ -104.3732, 22.1026 ], [ -104.3699, 21.9748 ], [ -104.3269, 21.9754 ], [ -104.2941, 22.0028 ], [ -104.246, 21.9669 ], [ -104.1933, 21.9854 ], [ -104.1737, 21.9634 ], [ -104.201, 21.8915 ], [ -104.1722, 21.8713 ], [ -104.197, 21.8508 ], [ -104.1617, 21.8098 ], [ -104.0798, 21.7824 ], [ -104.0522, 21.7948 ], [ -103.9235, 21.7718 ], [ -103.9318, 21.7434 ], [ -103.8959, 21.7277 ], [ -103.8877, 21.6978 ], [ -103.9302, 21.6419 ], [ -103.9077, 21.6187 ], [ -103.9192, 21.582 ], [ -103.8563, 21.5524 ], [ -103.8599, 21.5247 ], [ -103.8237, 21.493 ], [ -103.7741, 21.4984 ], [ -103.721, 21.426 ], [ -103.7644, 21.4103 ], [ -103.7413, 21.3741 ], [ -103.7493, 21.3367 ], [ -103.8203, 21.281 ], [ -103.8194, 21.2484 ], [ -103.8984, 21.2265 ], [ -103.931, 21.2625 ], [ -103.924, 21.2346 ], [ -103.9734, 21.2563 ], [ -104.028, 21.1947 ], [ -104.0528, 21.2054 ], [ -104.0686, 21.1868 ], [ -104.0857, 21.2054 ], [ -104.2194, 21.1766 ], [ -104.2109, 21.1186 ], [ -104.2427, 21.0273 ], [ -104.2066, 20.9364 ], [ -104.2909, 20.8878 ], [ -104.2954, 20.8455 ], [ -104.3618, 20.8409 ], [ -104.3504, 20.8116 ], [ -104.3759, 20.7841 ], [ -104.3283, 20.7981 ], [ -104.2976, 20.7708 ], [ -104.2828, 20.7835 ], [ -104.2418, 20.7134 ], [ -104.2536, 20.6034 ], [ -104.282, 20.629 ], [ -104.2885, 20.6892 ], [ -104.4999, 20.8382 ], [ -104.5569, 20.9241 ], [ -104.6564, 20.9324 ], [ -104.7294, 20.9832 ], [ -104.7285, 21.0114 ], [ -104.7825, 21.0234 ], [ -104.8381, 21.02 ], [ -104.9005, 20.9463 ], [ -104.9672, 20.9095 ], [ -105.0316, 20.9092 ], [ -105.0474, 20.9344 ], [ -105.0986, 20.9194 ], [ -105.1606, 20.8574 ], [ -105.1734, 20.7677 ], [ -105.197, 20.7772 ], [ -105.2399, 20.7473 ], [ -105.2426, 20.7042 ], [ -105.2763, 20.672 ], [ -105.3481, 20.7599 ], [ -105.399, 20.7346 ], [ -105.511, 20.772 ], [ -105.5381, 20.762 ], [ -105.5285, 20.7879 ], [ -105.4873, 20.7965 ], [ -105.4524, 20.8749 ], [ -105.3316, 20.9857 ], [ -105.3131, 21.0349 ], [ -105.2737, 21.0231 ], [ -105.2388, 21.0564 ], [ -105.2164, 21.205 ], [ -105.2482, 21.3473 ], [ -105.1879, 21.4583 ], [ -105.2275, 21.5234 ], [ -105.2655, 21.5121 ], [ -105.4446, 21.6247 ], [ -105.6283, 21.9577 ], [ -105.654, 22.0429 ], [ -105.6366, 22.1819 ], [ -105.6863, 22.379 ], [ -105.7603, 22.5306 ], [ -105.7141, 22.4749 ], [ -105.677, 22.4681 ], [ -105.7001, 22.5639 ], [ -105.6392, 22.577 ], [ -105.6421, 22.5939 ], [ -105.5973, 22.5363 ], [ -105.5417, 22.5365 ], [ -105.5336, 22.515 ], [ -105.5032, 22.5277 ], [ -105.4741, 22.5029 ], [ -105.4417, 22.5243 ], [ -105.4496, 22.6246 ], [ -105.4727, 22.6272 ], [ -105.464, 22.6592 ], [ -105.4981, 22.6514 ], [ -105.5248, 22.7748 ], [ -105.4746, 22.8514 ], [ -105.5013, 22.9586 ], [ -105.4089, 23.0236 ], [ -105.413, 23.0741 ], [ -105.3836, 23.0817 ] ] ], [ [ [ -105.8803, 21.8425 ], [ -105.8817, 21.8504 ], [ -105.8803, 21.8467 ], [ -105.8803, 21.8425 ] ] ], [ [ [ -106.6732, 21.7748 ], [ -106.6577, 21.7394 ], [ -106.677, 21.7286 ], [ -106.6877, 21.7594 ], [ -106.6732, 21.7748 ] ] ], [ [ [ -106.6533, 21.6934 ], [ -106.5363, 21.6581 ], [ -106.5057, 21.6033 ], [ -106.5322, 21.5448 ], [ -106.629, 21.5986 ], [ -106.6533, 21.6934 ] ] ], [ [ [ -106.4347, 21.4942 ], [ -106.3712, 21.4807 ], [ -106.3586, 21.4553 ], [ -106.3864, 21.4198 ], [ -106.494, 21.4662 ], [ -106.4347, 21.4942 ] ] ], [ [ [ -106.2281, 21.3326 ], [ -106.2298, 21.2919 ], [ -106.2791, 21.3146 ], [ -106.2582, 21.3348 ], [ -106.2281, 21.3326 ] ] ], [ [ [ -105.2747, 21.0473 ], [ -105.2713, 21.0492 ], [ -105.2718, 21.0464 ], [ -105.2747, 21.0473 ] ] ] ] } },
{ "type": "Feature", "properties": { "CVE_ENT": "19", "NOM_ENT": "Nuevo León" }, "geometry": { "type": "Polygon", "coordinates": [ [ [ -100.1884, 27.7991 ], [ -99.9988, 27.6153 ], [ -99.8185, 27.7763 ], [ -99.7281, 27.6791 ], [ -99.9264, 27.5492 ], [ -99.9191, 27.4915 ], [ -99.7604, 27.437 ], [ -99.7477, 27.2772 ], [ -99.65, 27.0659 ], [ -99.7342, 26.9206 ], [ -99.7701, 26.9284 ], [ -99.7667, 26.8898 ], [ -99.7449, 26.912 ], [ -99.7129, 26.8958 ], [ -99.6938, 26.9093 ], [ -99.5899, 26.8612 ], [ -99.5809, 26.8293 ], [ -99.6592, 26.6704 ], [ -99.5383, 26.6646 ], [ -99.3968, 26.5966 ], [ -99.4309, 26.3513 ], [ -99.4012, 26.3048 ], [ -99.3641, 26.3293 ], [ -99.26, 26.2528 ], [ -99.1978, 26.2587 ], [ -99.1605, 26.0616 ], [ -99.1263, 26.054 ], [ -99.1309, 26.0688 ], [ -99.0765, 26.0719 ], [ -99.0239, 26.1041 ], [ -98.9007, 25.9683 ], [ -98.8232, 26.0476 ], [ -98.5851, 26.0179 ], [ -98.5817, 25.4894 ], [ -98.4216, 25.4894 ], [ -98.4231, 25.4475 ], [ -98.9342, 25.0728 ], [ -99.019, 25.0699 ], [ -99.0525, 25.1271 ], [ -99.0976, 25.0631 ], [ -99.1606, 25.0553 ], [ -99.1565, 25.0278 ], [ -99.1809, 25.0115 ], [ -99.1589, 24.916 ], [ -99.2074, 24.8614 ], [ -99.182, 24.776 ], [ -99.2949, 24.8041 ], [ -99.3894, 24.7398 ], [ -99.4777, 24.7126 ], [ -99.4994, 24.6413 ], [ -99.5462, 24.6131 ], [ -99.6094, 24.6225 ], [ -99.733, 24.554 ], [ -99.7198, 24.4837 ], [ -99.6364, 24.5067 ], [ -99.5899, 24.3961 ], [ -99.6571, 24.118 ], [ -99.5419, 24.0336 ], [ -99.5409, 23.9973 ], [ -99.4869, 23.9605 ], [ -99.4569, 23.8661 ], [ -99.4938, 23.8787 ], [ -99.6022, 23.7629 ], [ -99.769, 23.7845 ], [ -99.8607, 23.7745 ], [ -99.9612, 23.5569 ], [ -99.9212, 23.3792 ], [ -100.0803, 23.3957 ], [ -100.1449, 23.3395 ], [ -100.078, 23.306 ], [ -100.1019, 23.2311 ], [ -100.2282, 23.2505 ], [ -100.2064, 23.3071 ], [ -100.2182, 23.3101 ], [ -100.2784, 23.3104 ], [ -100.3062, 23.2609 ], [ -100.3743, 23.2653 ], [ -100.3638, 23.189 ], [ -100.3235, 23.1956 ], [ -100.3317, 23.1627 ], [ -100.4839, 23.2088 ], [ -100.4571, 23.3664 ], [ -100.5172, 23.421 ], [ -100.4942, 23.5284 ], [ -100.4592, 23.5116 ], [ -100.4695, 23.5668 ], [ -100.4916, 23.5686 ], [ -100.4457, 23.6773 ], [ -100.4977, 23.7363 ], [ -100.4976, 23.7987 ], [ -100.5503, 23.8422 ], [ -100.5398, 23.8884 ], [ -100.5624, 23.9196 ], [ -100.5238, 24.0715 ], [ -100.5387, 24.1185 ], [ -100.5168, 24.1399 ], [ -100.6134, 24.1739 ], [ -100.5935, 24.1782 ], [ -100.5851, 24.2239 ], [ -100.6331, 24.226 ], [ -100.6035, 24.4013 ], [ -100.7112, 24.4915 ], [ -100.7423, 24.4604 ], [ -100.7999, 24.5562 ], [ -100.797, 24.7508 ], [ -100.8261, 24.835 ], [ -100.7275, 24.9187 ], [ -100.8215, 24.9967 ], [ -100.8031, 25.1653 ], [ -100.7089, 25.2365 ], [ -100.592, 25.255 ], [ -100.332, 25.1863 ], [ -100.3255, 25.2223 ], [ -100.2296, 25.2179 ], [ -100.2625, 25.254 ], [ -100.2431, 25.2674 ], [ -100.2541, 25.3069 ], [ -100.313, 25.3364 ], [ -100.4701, 25.3378 ], [ -100.4519, 25.4108 ], [ -100.5227, 25.4343 ], [ -100.5309, 25.4635 ], [ -100.5849, 25.4708 ], [ -100.5795, 25.4945 ], [ -100.6191, 25.5057 ], [ -100.5297, 25.5144 ], [ -100.5384, 25.5318 ], [ -100.6147, 25.5423 ], [ -100.6329, 25.5713 ], [ -100.6903, 25.5671 ], [ -100.7298, 25.6339 ], [ -100.7834, 25.6397 ], [ -100.8619, 25.8185 ], [ -100.8227, 25.9169 ], [ -100.8344, 25.945 ], [ -100.9055, 25.9569 ], [ -100.9164, 26.0756 ], [ -101.0686, 26.189 ], [ -101.0976, 26.2529 ], [ -101.2068, 26.3698 ], [ -100.753, 26.7352 ], [ -100.6912, 26.6138 ], [ -100.6144, 26.6856 ], [ -100.5901, 26.7595 ], [ -100.5381, 26.8086 ], [ -100.534, 27.0456 ], [ -100.6742, 27.0846 ], [ -100.6827, 27.1114 ], [ -100.7197, 27.0792 ], [ -100.7486, 27.0812 ], [ -100.7358, 27.0476 ], [ -100.7477, 27.0363 ], [ -100.7659, 27.0633 ], [ -100.7994, 27.0458 ], [ -100.8306, 27.0739 ], [ -100.8341, 27.1952 ], [ -100.678, 27.3348 ], [ -100.4177, 27.3936 ], [ -100.3506, 27.6846 ], [ -100.1884, 27.7991 ] ] ] } },
{ "type": "Feature", "properties": { "CVE_ENT": "20", "NOM_ENT": "Oaxaca" }, "geometry": { "type": "MultiPolygon", "coordinates": [ [ [ [ -96.2313, 15.6872 ], [ -96.2271, 15.6871 ], [ -96.2282, 15.6853 ], [ -96.2313, 15.6872 ] ] ], [ [ [ -96.2221, 15.6909 ], [ -96.2236, 15.6902 ], [ -96.2233, 15.6908 ], [ -96.2221, 15.6909 ] ] ], [ [ [ -96.164, 15.7182 ], [ -96.1602, 15.7182 ], [ -96.1614, 15.7164 ], [ -96.164, 15.7182 ] ] ], [ [ [ -96.1198, 15.7475 ], [ -96.118, 15.7476 ], [ -96.1186, 15.747 ], [ -96.1198, 15.7475 ] ] ], [ [ [ -96.1172, 15.7482 ], [ -96.1171, 15.7478 ], [ -96.1176, 15.748 ], [ -96.1172, 15.7482 ] ] ], [ [ [ -96.1161, 15.7489 ], [ -96.1158, 15.7486 ], [ -96.116, 15.7485 ], [ -96.1161, 15.7489 ] ] ], [ [ [ -96.1165, 15.7492 ], [ -96.1162, 15.7491 ], [ -96.1164, 15.7489 ], [ -96.1165, 15.7492 ] ] ], [ [ [ -96.0851, 15.7637 ], [ -96.0828, 15.764 ], [ -96.0838, 15.7625 ], [ -96.0851, 15.7637 ] ] ], [ [ [ -96.0947, 15.772 ], [ -96.095, 15.7716 ], [ -96.0951, 15.7718 ], [ -96.0947, 15.772 ] ] ], [ [ [ -97.353, 15.9376 ], [ -97.3519, 15.9364 ], [ -97.3528, 15.9366 ], [ -97.353, 15.9376 ] ] ], [ [ [ -95.5764, 15.9419 ], [ -95.5743, 15.9403 ], [ -95.5769, 15.9414 ], [ -95.5764, 15.9419 ] ] ], [ [ [ -96.7269, 18.5298 ], [ -96.6725, 18.6076 ], [ -96.683, 18.6697 ], [ -96.5609, 18.5877 ], [ -96.4573, 18.5704 ], [ -96.403, 18.4399 ], [ -96.3526, 18.4102 ], [ -96.3099, 18.3224 ], [ -96.2708, 18.2978 ], [ -96.2887, 18.2627 ], [ -96.268, 18.2244 ], [ -96.2175, 18.162 ], [ -96.1697, 18.1857 ], [ -96.1797, 18.1406 ], [ -96.1356, 18.1341 ], [ -96.0992, 18.1668 ], [ -96.0514, 18.1267 ], [ -95.9535, 18.1599 ], [ -95.8332, 18.129 ], [ -95.7999, 17.95 ], [ -95.8588, 17.8448 ], [ -95.8664, 17.7744 ], [ -95.8929, 17.7651 ], [ -95.9028, 17.7327 ], [ -95.8728, 17.7274 ], [ -95.8953, 17.7045 ], [ -95.8033, 17.6294 ], [ -95.7811, 17.6389 ], [ -95.7737, 17.6058 ], [ -95.8035, 17.6071 ], [ -95.8075, 17.5918 ], [ -95.7817, 17.603 ], [ -95.7269, 17.578 ], [ -95.7251, 17.5362 ], [ -95.7022, 17.5185 ], [ -95.6485, 17.5399 ], [ -95.6541, 17.5604 ], [ -95.5987, 17.5346 ], [ -95.532, 17.5558 ], [ -95.5063, 17.5908 ], [ -95.463, 17.5964 ], [ -95.4731, 17.6091 ], [ -95.4255, 17.6475 ], [ -95.3344, 17.6748 ], [ -95.2978, 17.7221 ], [ -95.2672, 17.7167 ], [ -95.269, 17.7409 ], [ -95.2389, 17.7393 ], [ -95.1824, 17.6911 ], [ -95.1881, 17.6507 ], [ -95.2482, 17.646 ], [ -95.2788, 17.6132 ], [ -95.253, 17.6078 ], [ -95.0766, 17.3729 ], [ -94.951, 17.3156 ], [ -94.8908, 17.3111 ], [ -94.9148, 17.2926 ], [ -94.8954, 17.2564 ], [ -94.9228, 17.1938 ], [ -93.8674, 17.137 ], [ -94.1391, 16.4618 ], [ -94.033, 16.2759 ], [ -94.0485, 16.2162 ], [ -94.1096, 16.1791 ], [ -94.1028, 16.1425 ], [ -94.036, 16.0221 ], [ -94.0002, 16.0031 ], [ -94.2733, 16.1233 ], [ -94.54, 16.1919 ], [ -94.8318, 16.2145 ], [ -95.1423, 16.1886 ], [ -95.2026, 16.1457 ], [ -95.1983, 16.1599 ], [ -95.2332, 16.1583 ], [ -95.2757, 16.1074 ], [ -95.3504, 16.0816 ], [ -95.378, 16.0463 ], [ -95.3681, 16.0209 ], [ -95.4356, 15.9761 ], [ -95.5685, 15.9578 ], [ -95.6625, 15.9124 ], [ -95.77, 15.8946 ], [ -95.7772, 15.8711 ], [ -95.954, 15.8296 ], [ -96.0749, 15.7667 ], [ -96.0943, 15.7737 ], [ -96.1214, 15.7607 ], [ -96.1279, 15.7376 ], [ -96.2038, 15.712 ], [ -96.2375, 15.6825 ], [ -96.4262, 15.6964 ], [ -96.4946, 15.6584 ], [ -96.5568, 15.6572 ], [ -96.6989, 15.7162 ], [ -96.8604, 15.7398 ], [ -97.0187, 15.8069 ], [ -97.0619, 15.8603 ], [ -97.2134, 15.9237 ], [ -97.7885, 15.9824 ], [ -98.2043, 16.2285 ], [ -98.5526, 16.316 ], [ -98.5334, 16.3516 ], [ -98.4708, 16.3812 ], [ -98.3992, 16.3805 ], [ -98.3499, 16.4444 ], [ -98.3525, 16.4894 ], [ -98.3873, 16.4978 ], [ -98.3951, 16.5468 ], [ -98.33, 16.5727 ], [ -98.2694, 16.5585 ], [ -98.2034, 16.5872 ], [ -98.1938, 16.6215 ], [ -98.2285, 16.6395 ], [ -98.2434, 16.6967 ], [ -98.2335, 16.7174 ], [ -98.2003, 16.6972 ], [ -98.139, 16.7238 ], [ -98.1352, 16.7584 ], [ -98.1081, 16.7609 ], [ -98.0723, 16.8742 ], [ -98.1113, 16.9589 ], [ -98.0575, 17.0238 ], [ -98.0302, 17.0158 ], [ -98.0073, 17.0401 ], [ -98.2226, 17.1221 ], [ -98.2031, 17.2163 ], [ -98.2443, 17.2515 ], [ -98.2885, 17.2382 ], [ -98.3235, 17.2759 ], [ -98.2874, 17.329 ], [ -98.3358, 17.4563 ], [ -98.3119, 17.4775 ], [ -98.3294, 17.533 ], [ -98.377, 17.6053 ], [ -98.4101, 17.5998 ], [ -98.461, 17.6304 ], [ -98.4862, 17.681 ], [ -98.4963, 17.7688 ], [ -98.4249, 17.8396 ], [ -98.4249, 17.866 ], [ -98.3491, 17.8932 ], [ -98.3288, 17.8789 ], [ -98.2823, 17.9351 ], [ -98.2548, 17.8836 ], [ -98.2097, 17.8798 ], [ -98.1709, 17.9021 ], [ -98.1696, 17.9528 ], [ -98.1304, 17.9881 ], [ -98.0467, 17.9762 ], [ -98.0298, 17.9918 ], [ -97.9794, 17.9644 ], [ -97.9374, 17.9679 ], [ -97.9363, 17.9172 ], [ -97.8193, 17.9147 ], [ -97.7664, 18.0059 ], [ -97.6997, 18.0016 ], [ -97.6978, 18.0188 ], [ -97.7717, 18.0684 ], [ -97.7985, 18.0358 ], [ -97.7909, 18.0042 ], [ -97.8263, 17.9727 ], [ -97.8426, 17.9961 ], [ -97.8348, 18.0498 ], [ -97.8107, 18.0677 ], [ -97.8672, 18.1149 ], [ -97.8395, 18.1712 ], [ -97.8592, 18.1923 ], [ -97.7832, 18.2863 ], [ -97.6547, 18.2931 ], [ -97.634, 18.2001 ], [ -97.6532, 18.1753 ], [ -97.5696, 18.1034 ], [ -97.5439, 18.0334 ], [ -97.534, 18.0463 ], [ -97.4669, 18.0269 ], [ -97.4032, 18.1075 ], [ -97.3768, 18.0944 ], [ -97.3321, 18.1455 ], [ -97.2143, 18.1637 ], [ -97.1834, 18.199 ], [ -97.1138, 18.1495 ], [ -97.0421, 18.1566 ], [ -96.9915, 18.2307 ], [ -96.9368, 18.216 ], [ -96.9219, 18.2406 ], [ -96.8462, 18.2468 ], [ -96.8218, 18.3207 ], [ -96.7842, 18.3383 ], [ -96.7539, 18.3926 ], [ -96.7298, 18.3977 ], [ -96.733, 18.3741 ], [ -96.7002, 18.3829 ], [ -96.6962, 18.3648 ], [ -96.6746, 18.3814 ], [ -96.7097, 18.43 ], [ -96.6823, 18.5071 ], [ -96.7269, 18.5298 ] ] ] ] } },
{ "type": "Feature", "properties": { "CVE_ENT": "21", "NOM_ENT": "Puebla" }, "geometry": { "type": "Polygon", "coordinates": [ [ [ -98.1662, 19.1051 ], [ -98.0317, 19.2309 ], [ -97.9282, 19.1642 ], [ -97.851, 19.2229 ], [ -97.8703, 19.2706 ], [ -97.8393, 19.3014 ], [ -97.7714, 19.2837 ], [ -97.7196, 19.3048 ], [ -97.6909, 19.2859 ], [ -97.6254, 19.3266 ], [ -97.6314, 19.3554 ], [ -97.6739, 19.3675 ], [ -97.7548, 19.4575 ], [ -97.7969, 19.4724 ], [ -97.7945, 19.4984 ], [ -97.8594, 19.4543 ], [ -97.8623, 19.4562 ], [ -97.8487, 19.4828 ], [ -97.8897, 19.5046 ], [ -97.8701, 19.5592 ], [ -97.9162, 19.5939 ], [ -97.9466, 19.5855 ], [ -97.9679, 19.6247 ], [ -98.0422, 19.6402 ], [ -98.0364, 19.6858 ], [ -98.0608, 19.7289 ], [ -98.0646, 19.7087 ], [ -98.101, 19.668 ], [ -98.1177, 19.6883 ], [ -98.1656, 19.6675 ], [ -98.2411, 19.6758 ], [ -98.2553, 19.7188 ], [ -98.1957, 19.7416 ], [ -98.1944, 19.7654 ], [ -98.2348, 19.777 ], [ -98.2692, 19.8449 ], [ -98.315, 19.8551 ], [ -98.2481, 19.9175 ], [ -98.2516, 19.9481 ], [ -98.1604, 19.9781 ], [ -98.1809, 20.047 ], [ -98.0979, 20.1454 ], [ -98.1396, 20.1501 ], [ -98.128, 20.1859 ], [ -98.1759, 20.2542 ], [ -98.2705, 20.2158 ], [ -98.2844, 20.2628 ], [ -98.254, 20.3013 ], [ -98.1791, 20.2938 ], [ -98.1813, 20.3365 ], [ -98.1268, 20.3362 ], [ -98.0705, 20.4303 ], [ -98.0114, 20.4558 ], [ -97.9808, 20.5407 ], [ -97.9097, 20.5864 ], [ -97.895, 20.6239 ], [ -97.9178, 20.6739 ], [ -97.8974, 20.7032 ], [ -97.9224, 20.7165 ], [ -97.8791, 20.8343 ], [ -97.8425, 20.84 ], [ -97.8501, 20.8169 ], [ -97.8307, 20.808 ], [ -97.773, 20.8272 ], [ -97.6952, 20.8 ], [ -97.726, 20.7917 ], [ -97.7228, 20.75 ], [ -97.753, 20.7324 ], [ -97.7495, 20.6433 ], [ -97.7045, 20.6292 ], [ -97.7154, 20.6091 ], [ -97.6934, 20.6027 ], [ -97.6848, 20.5543 ], [ -97.5879, 20.5611 ], [ -97.541, 20.4897 ], [ -97.576, 20.4909 ], [ -97.6354, 20.4522 ], [ -97.6454, 20.4083 ], [ -97.6721, 20.4085 ], [ -97.7092, 20.4551 ], [ -97.7346, 20.4513 ], [ -97.7656, 20.3812 ], [ -97.7007, 20.3199 ], [ -97.6793, 20.3499 ], [ -97.6731, 20.3366 ], [ -97.6814, 20.3024 ], [ -97.7573, 20.2791 ], [ -97.7315, 20.1813 ], [ -97.6045, 20.1669 ], [ -97.5803, 20.079 ], [ -97.4948, 20.1373 ], [ -97.5054, 20.1539 ], [ -97.4651, 20.1802 ], [ -97.4453, 20.2462 ], [ -97.4082, 20.2321 ], [ -97.3806, 20.2499 ], [ -97.3655, 20.2157 ], [ -97.15, 20.1606 ], [ -97.1514, 20.1375 ], [ -97.1224, 20.1367 ], [ -97.2061, 20.0564 ], [ -97.2069, 20.0147 ], [ -97.2607, 19.9773 ], [ -97.2558, 19.9325 ], [ -97.3046, 19.8707 ], [ -97.3138, 19.7351 ], [ -97.3331, 19.7168 ], [ -97.3039, 19.6712 ], [ -97.3412, 19.6757 ], [ -97.4027, 19.6153 ], [ -97.4185, 19.6272 ], [ -97.4266, 19.5417 ], [ -97.4045, 19.4959 ], [ -97.3483, 19.4846 ], [ -97.3573, 19.4324 ], [ -97.3973, 19.4191 ], [ -97.3604, 19.376 ], [ -97.285, 19.3916 ], [ -97.2102, 19.3594 ], [ -97.2003, 19.3093 ], [ -97.1702, 19.329 ], [ -97.102, 19.3036 ], [ -97.0455, 19.3213 ], [ -96.9856, 19.2794 ], [ -97.0012, 19.2365 ], [ -97.0561, 19.1977 ], [ -97.027, 19.1332 ], [ -97.0556, 19.134 ], [ -97.0667, 19.1595 ], [ -97.1946, 19.1718 ], [ -97.1972, 19.1466 ], [ -97.2614, 19.0966 ], [ -97.2851, 18.9994 ], [ -97.2583, 18.9777 ], [ -97.2418, 18.9021 ], [ -97.2973, 18.8673 ], [ -97.353, 18.7913 ], [ -97.3301, 18.766 ], [ -97.344, 18.6858 ], [ -97.3232, 18.6643 ], [ -97.3032, 18.6743 ], [ -97.2718, 18.6278 ], [ -97.2354, 18.6436 ], [ -97.1414, 18.5964 ], [ -97.08, 18.4545 ], [ -96.9989, 18.5319 ], [ -96.9543, 18.5538 ], [ -96.9259, 18.5349 ], [ -96.8992, 18.5486 ], [ -96.8424, 18.4934 ], [ -96.797, 18.5119 ], [ -96.7814, 18.4296 ], [ -96.7249, 18.4082 ], [ -96.7286, 18.3957 ], [ -96.8214, 18.3212 ], [ -96.8548, 18.2412 ], [ -96.9219, 18.2406 ], [ -96.9368, 18.216 ], [ -96.9915, 18.2307 ], [ -97.0421, 18.1566 ], [ -97.1138, 18.1495 ], [ -97.1674, 18.2009 ], [ -97.2143, 18.1637 ], [ -97.3034, 18.1591 ], [ -97.3765, 18.0945 ], [ -97.4112, 18.1024 ], [ -97.4669, 18.0269 ], [ -97.534, 18.0463 ], [ -97.5439, 18.0334 ], [ -97.5696, 18.1034 ], [ -97.6532, 18.1753 ], [ -97.634, 18.2001 ], [ -97.6547, 18.2931 ], [ -97.7973, 18.2832 ], [ -97.8592, 18.1923 ], [ -97.8395, 18.1712 ], [ -97.8675, 18.1446 ], [ -97.8495, 18.0837 ], [ -97.8107, 18.0677 ], [ -97.8348, 18.0498 ], [ -97.8426, 17.9961 ], [ -97.8263, 17.9727 ], [ -97.7909, 18.0042 ], [ -97.7985, 18.0358 ], [ -97.7717, 18.0684 ], [ -97.6978, 18.0188 ], [ -97.6997, 18.0016 ], [ -97.7664, 18.0059 ], [ -97.7679, 17.9767 ], [ -97.8034, 17.9605 ], [ -97.8323, 17.9085 ], [ -97.9363, 17.9172 ], [ -97.9374, 17.9679 ], [ -97.9794, 17.9644 ], [ -98.0298, 17.9918 ], [ -98.0467, 17.9762 ], [ -98.1304, 17.9881 ], [ -98.1696, 17.9528 ], [ -98.1709, 17.9021 ], [ -98.2097, 17.8798 ], [ -98.2548, 17.8836 ], [ -98.2823, 17.9351 ], [ -98.3024, 17.8927 ], [ -98.3826, 17.8837 ], [ -98.3987, 17.8609 ], [ -98.4355, 17.8914 ], [ -98.425, 17.9766 ], [ -98.4481, 17.9907 ], [ -98.5267, 17.9963 ], [ -98.5296, 17.9758 ], [ -98.5855, 17.9749 ], [ -98.6505, 17.9332 ], [ -98.7318, 17.9826 ], [ -98.8136, 18.0009 ], [ -98.7351, 18.0451 ], [ -98.8698, 18.0572 ], [ -98.8524, 18.1176 ], [ -98.8819, 18.1662 ], [ -99.0001, 18.1902 ], [ -98.989, 18.2494 ], [ -99.0193, 18.2454 ], [ -99.0317, 18.2723 ], [ -99.0637, 18.2515 ], [ -99.0694, 18.2832 ], [ -99.0518, 18.2898 ], [ -99.0705, 18.3268 ], [ -98.9879, 18.3971 ], [ -98.9854, 18.4212 ], [ -98.9351, 18.4229 ], [ -98.9122, 18.4621 ], [ -98.8504, 18.478 ], [ -98.8278, 18.5239 ], [ -98.7522, 18.4539 ], [ -98.7067, 18.4451 ], [ -98.7114, 18.6165 ], [ -98.7419, 18.7022 ], [ -98.7159, 18.7392 ], [ -98.7535, 18.743 ], [ -98.6613, 18.8978 ], [ -98.6814, 18.9072 ], [ -98.7135, 18.8672 ], [ -98.7073, 18.9029 ], [ -98.6199, 19.0351 ], [ -98.647, 19.1848 ], [ -98.6275, 19.2578 ], [ -98.6635, 19.3248 ], [ -98.6381, 19.3589 ], [ -98.6602, 19.4321 ], [ -98.6347, 19.4299 ], [ -98.6614, 19.4581 ], [ -98.5232, 19.4609 ], [ -98.4703, 19.3608 ], [ -98.4077, 19.3159 ], [ -98.3689, 19.2261 ], [ -98.3307, 19.2001 ], [ -98.3427, 19.1779 ], [ -98.3239, 19.1687 ], [ -98.3071, 19.1892 ], [ -98.223, 19.1366 ], [ -98.1907, 19.14 ], [ -98.2043, 19.1149 ], [ -98.1662, 19.1051 ] ] ] } },
{ "type": "Feature", "properties": { "CVE_ENT": "23", "NOM_ENT": "Quintana Roo" }, "geometry": { "type": "MultiPolygon", "coordinates": [ [ [ [ -87.0575, 21.5927 ], [ -87.0493, 21.5896 ], [ -87.0462, 21.5851 ], [ -87.1061, 21.6013 ], [ -87.1295, 21.5684 ], [ -87.1576, 21.5624 ], [ -87.1513, 21.5571 ], [ -87.1665, 21.5563 ], [ -87.2086, 21.5206 ], [ -87.2229, 21.5165 ], [ -87.2078, 21.5279 ], [ -87.2898, 21.5111 ], [ -87.3278, 21.5494 ], [ -87.3967, 21.5125 ], [ -87.3349, 21.5662 ], [ -87.2809, 21.5415 ], [ -87.2212, 21.5437 ], [ -87.1025, 21.6054 ], [ -87.0575, 21.5927 ] ] ], [ [ [ -87.0, 21.5714 ], [ -86.9925, 21.564 ], [ -87.0231, 21.5802 ], [ -87.0303, 21.5746 ], [ -87.034, 21.5858 ], [ -87.0, 21.5714 ] ] ], [ [ [ -87.0103, 21.5574 ], [ -86.9748, 21.5105 ], [ -86.9702, 21.5313 ], [ -86.9814, 21.5394 ], [ -86.9901, 21.5433 ], [ -86.9977, 21.5414 ], [ -86.992, 21.563 ], [ -86.9759, 21.5476 ], [ -86.9525, 21.4886 ], [ -86.8867, 21.4035 ], [ -86.8509, 21.2559 ], [ -86.8235, 21.244 ], [ -86.822, 21.3141 ], [ -86.7922, 21.3421 ], [ -86.8279, 21.413 ], [ -86.8098, 21.4129 ], [ -86.7992, 21.3888 ], [ -86.795, 21.3859 ], [ -86.7959, 21.4081 ], [ -86.7904, 21.3456 ], [ -86.8159, 21.2833 ], [ -86.804, 21.1642 ], [ -86.7406, 21.1349 ], [ -86.7786, 21.0325 ], [ -86.813, 21.0231 ], [ -86.8779, 20.8414 ], [ -87.099, 20.5928 ], [ -87.2822, 20.4461 ], [ -87.4235, 20.2262 ], [ -87.4784, 20.0769 ], [ -87.4763, 19.999 ], [ -87.4365, 19.9276 ], [ -87.4325, 19.9087 ], [ -87.4301, 19.8868 ], [ -87.451, 19.8358 ], [ -87.4739, 19.8188 ], [ -87.4696, 19.7807 ], [ -87.4872, 19.8013 ], [ -87.4312, 19.8883 ], [ -87.4674, 19.9451 ], [ -87.4474, 19.8902 ], [ -87.4594, 19.8584 ], [ -87.4977, 19.8069 ], [ -87.5789, 19.7904 ], [ -87.6668, 19.6165 ], [ -87.6894, 19.6262 ], [ -87.6607, 19.6343 ], [ -87.6491, 19.6881 ], [ -87.7423, 19.6637 ], [ -87.7485, 19.5995 ], [ -87.7021, 19.5502 ], [ -87.6768, 19.5692 ], [ -87.6694, 19.5375 ], [ -87.6875, 19.5317 ], [ -87.6638, 19.5294 ], [ -87.6695, 19.501 ], [ -87.6504, 19.5052 ], [ -87.6101, 19.5541 ], [ -87.5504, 19.5661 ], [ -87.5257, 19.5405 ], [ -87.4924, 19.5707 ], [ -87.5048, 19.5901 ], [ -87.4954, 19.5858 ], [ -87.4517, 19.596 ], [ -87.4544, 19.648 ], [ -87.4106, 19.592 ], [ -87.4402, 19.469 ], [ -87.5251, 19.3956 ], [ -87.5454, 19.3916 ], [ -87.5495, 19.3936 ], [ -87.5551, 19.3914 ], [ -87.5646, 19.3939 ], [ -87.5399, 19.4031 ], [ -87.5354, 19.429 ], [ -87.5539, 19.427 ], [ -87.636, 19.3734 ], [ -87.6692, 19.295 ], [ -87.683, 19.205 ], [ -87.6378, 19.1772 ], [ -87.5867, 19.2454 ], [ -87.5778, 19.2698 ], [ -87.5939, 19.2505 ], [ -87.612, 19.2401 ], [ -87.5562, 19.2961 ], [ -87.4888, 19.3262 ], [ -87.4456, 19.3117 ], [ -87.5372, 19.208 ], [ -87.5499, 19.0847 ], [ -87.6274, 18.9397 ], [ -87.6722, 18.7562 ], [ -87.7126, 18.7076 ], [ -87.7641, 18.4178 ], [ -87.828, 18.3103 ], [ -87.8443, 18.1909 ], [ -87.9024, 18.1427 ], [ -87.9254, 18.1602 ], [ -88.0303, 18.1604 ], [ -88.0304, 18.4148 ], [ -88.2496, 18.4155 ], [ -88.2501, 18.4731 ], [ -88.3268, 18.4902 ], [ -88.3801, 18.4789 ], [ -88.4024, 18.4967 ], [ -88.4471, 18.4756 ], [ -88.4764, 18.4947 ], [ -88.5206, 18.4592 ], [ -88.5444, 18.36 ], [ -88.6058, 18.2917 ], [ -88.6155, 18.2233 ], [ -88.6976, 18.1824 ], [ -88.6801, 18.1602 ], [ -88.7186, 18.1088 ], [ -88.7167, 18.0605 ], [ -88.7666, 18.0343 ], [ -88.7845, 17.9799 ], [ -88.8594, 17.9252 ], [ -88.8598, 17.8945 ], [ -88.9137, 17.9106 ], [ -88.9448, 17.9591 ], [ -88.9872, 17.9473 ], [ -89.0006, 17.9844 ], [ -89.0375, 18.0051 ], [ -89.1327, 17.972 ], [ -89.152, 17.9403 ], [ -89.2059, 17.9541 ], [ -89.2067, 18.0211 ], [ -89.163, 18.0185 ], [ -89.1634, 18.0579 ], [ -89.1447, 18.0577 ], [ -89.1444, 18.0824 ], [ -89.2025, 18.0833 ], [ -89.2002, 18.1446 ], [ -89.1431, 18.1458 ], [ -89.1517, 18.2936 ], [ -89.1324, 18.2934 ], [ -89.1382, 18.3855 ], [ -89.1212, 18.3858 ], [ -89.1255, 18.4506 ], [ -89.1502, 18.4511 ], [ -89.1467, 19.4239 ], [ -89.2966, 19.5512 ], [ -89.2196, 19.608 ], [ -89.2229, 19.6367 ], [ -89.1892, 19.644 ], [ -89.1449, 19.6374 ], [ -89.1495, 19.5812 ], [ -89.109, 19.5823 ], [ -89.1084, 19.6123 ], [ -89.1336, 19.6146 ], [ -89.1234, 19.7034 ], [ -89.0362, 19.678 ], [ -89.0305, 19.7088 ], [ -88.9975, 19.7049 ], [ -88.9947, 19.7274 ], [ -89.0488, 19.7215 ], [ -89.0252, 19.7767 ], [ -89.0041, 19.772 ], [ -88.9744, 19.8181 ], [ -88.9295, 19.7909 ], [ -88.9005, 19.8611 ], [ -88.8259, 19.8799 ], [ -88.7835, 20.0082 ], [ -88.7002, 20.0104 ], [ -88.6906, 20.0899 ], [ -88.5767, 20.1481 ], [ -88.5076, 20.1434 ], [ -88.5023, 20.1901 ], [ -88.5199, 20.1923 ], [ -88.4434, 20.2381 ], [ -88.4029, 20.2395 ], [ -88.4091, 20.2521 ], [ -88.3088, 20.2535 ], [ -88.2668, 20.2691 ], [ -88.2646, 20.2903 ], [ -88.1365, 20.2814 ], [ -87.993, 20.418 ], [ -87.9951, 20.4473 ], [ -87.9627, 20.4467 ], [ -87.7443, 20.6538 ], [ -87.5331, 20.9996 ], [ -87.5349, 21.4902 ], [ -87.4883, 21.4852 ], [ -87.4732, 21.4572 ], [ -87.4311, 21.4686 ], [ -87.3411, 21.4323 ], [ -87.2739, 21.4433 ], [ -87.2325, 21.4186 ], [ -87.2156, 21.4433 ], [ -87.1117, 21.4712 ], [ -87.0989, 21.5322 ], [ -87.1287, 21.5545 ], [ -87.0857, 21.5894 ], [ -87.0103, 21.5574 ] ] ], [ [ [ -87.0186, 21.5707 ], [ -87.0195, 21.5693 ], [ -87.0255, 21.5739 ], [ -87.0186, 21.5707 ] ] ], [ [ [ -87.0037, 21.5621 ], [ -87.0093, 21.5597 ], [ -87.0094, 21.566 ], [ -87.0037, 21.5621 ] ] ], [ [ [ -86.7915, 21.494 ], [ -86.7842, 21.458 ], [ -86.8038, 21.5317 ], [ -86.7915, 21.494 ] ] ], [ [ [ -86.972, 21.531 ], [ -86.9747, 21.5264 ], [ -86.9775, 21.5355 ], [ -86.972, 21.531 ] ] ], [ [ [ -86.9132, 21.4719 ], [ -86.9118, 21.4664 ], [ -86.9202, 21.4723 ], [ -86.9132, 21.4719 ] ] ], [ [ [ -86.9318, 21.4742 ], [ -86.9276, 21.468 ], [ -86.934, 21.4668 ], [ -86.9318, 21.4742 ] ] ], [ [ [ -86.9019, 21.4573 ], [ -86.9039, 21.4511 ], [ -86.9132, 21.4493 ], [ -86.9019, 21.4573 ] ] ], [ [ [ -86.8704, 21.4287 ], [ -86.8785, 21.4204 ], [ -86.8883, 21.4168 ], [ -86.8836, 21.434 ], [ -86.8517, 21.436 ], [ -86.8704, 21.4287 ] ] ], [ [ [ -86.7389, 21.2455 ], [ -86.7104, 21.2015 ], [ -86.7184, 21.2055 ], [ -86.7425, 21.2344 ], [ -86.7301, 21.2214 ], [ -86.7486, 21.2648 ], [ -86.7389, 21.2455 ] ] ], [ [ [ -86.8985, 20.3442 ], [ -86.9925, 20.2729 ], [ -87.017, 20.2991 ], [ -87.017, 20.4116 ], [ -86.9275, 20.5508 ], [ -86.897, 20.5656 ], [ -86.8698, 20.5373 ], [ -86.814, 20.5416 ], [ -86.8233, 20.5545 ], [ -86.7687, 20.5606 ], [ -86.7269, 20.5922 ], [ -86.8985, 20.3442 ] ] ], [ [ [ -86.8625, 20.5473 ], [ -86.8591, 20.5472 ], [ -86.8629, 20.5457 ], [ -86.8625, 20.5473 ] ] ], [ [ [ -87.4853, 19.7075 ], [ -87.4797, 19.7046 ], [ -87.5059, 19.71 ], [ -87.4853, 19.7075 ] ] ], [ [ [ -87.4795, 19.704 ], [ -87.4791, 19.7053 ], [ -87.4784, 19.7046 ], [ -87.4795, 19.704 ] ] ], [ [ [ -87.4699, 19.7032 ], [ -87.4683, 19.6992 ], [ -87.4778, 19.7033 ], [ -87.4699, 19.7032 ] ] ], [ [ [ -87.4643, 19.6962 ], [ -87.4643, 19.6947 ], [ -87.4642, 19.6938 ], [ -87.4685, 19.6953 ], [ -87.4643, 19.6962 ] ] ], [ [ [ -87.4582, 19.6908 ], [ -87.4643, 19.6947 ], [ -87.4617, 19.6958 ], [ -87.4582, 19.6908 ] ] ], [ [ [ -87.7043, 19.646 ], [ -87.7134, 19.6488 ], [ -87.7096, 19.6501 ], [ -87.7043, 19.646 ] ] ], [ [ [ -87.6801, 19.642 ], [ -87.6809, 19.6464 ], [ -87.6736, 19.6438 ], [ -87.6801, 19.642 ] ] ], [ [ [ -87.5175, 19.6278 ], [ -87.5207, 19.6232 ], [ -87.5191, 19.6286 ], [ -87.5175, 19.6278 ] ] ], [ [ [ -87.6994, 19.6426 ], [ -87.6994, 19.6462 ], [ -87.6967, 19.6455 ], [ -87.6994, 19.6426 ] ] ], [ [ [ -87.4664, 19.607 ], [ -87.4661, 19.6133 ], [ -87.4651, 19.6133 ], [ -87.4664, 19.607 ] ] ], [ [ [ -87.4943, 19.6071 ], [ -87.4951, 19.607 ], [ -87.4956, 19.6099 ], [ -87.4943, 19.6071 ] ] ], [ [ [ -87.5209, 19.6062 ], [ -87.5234, 19.6047 ], [ -87.5234, 19.6129 ], [ -87.5209, 19.6062 ] ] ], [ [ [ -87.4627, 19.5988 ], [ -87.4726, 19.6007 ], [ -87.4648, 19.6033 ], [ -87.4627, 19.5988 ] ] ], [ [ [ -87.4832, 19.6044 ], [ -87.4789, 19.5998 ], [ -87.4846, 19.5986 ], [ -87.4832, 19.6044 ] ] ], [ [ [ -87.4556, 19.5958 ], [ -87.4583, 19.5961 ], [ -87.4587, 19.5978 ], [ -87.4556, 19.5958 ] ] ], [ [ [ -87.4646, 19.5977 ], [ -87.4635, 19.5984 ], [ -87.4623, 19.5967 ], [ -87.4646, 19.5977 ] ] ], [ [ [ -87.4918, 19.5949 ], [ -87.4939, 19.5951 ], [ -87.4908, 19.5989 ], [ -87.4918, 19.5949 ] ] ], [ [ [ -87.4993, 19.5913 ], [ -87.4993, 19.5926 ], [ -87.4977, 19.5926 ], [ -87.4993, 19.5913 ] ] ], [ [ [ -87.5582, 19.5831 ], [ -87.5585, 19.5837 ], [ -87.5577, 19.5836 ], [ -87.5582, 19.5831 ] ] ], [ [ [ -87.6391, 19.588 ], [ -87.6359, 19.5889 ], [ -87.6363, 19.5879 ], [ -87.6391, 19.588 ] ] ], [ [ [ -87.5626, 19.5804 ], [ -87.5615, 19.5812 ], [ -87.5614, 19.5809 ], [ -87.5626, 19.5804 ] ] ], [ [ [ -87.6484, 19.5872 ], [ -87.647, 19.5874 ], [ -87.6472, 19.5869 ], [ -87.6484, 19.5872 ] ] ], [ [ [ -87.6906, 19.5879 ], [ -87.6755, 19.5874 ], [ -87.6947, 19.5872 ], [ -87.713, 19.5897 ], [ -87.6906, 19.5879 ] ] ], [ [ [ -87.66, 19.5875 ], [ -87.66, 19.5878 ], [ -87.6594, 19.588 ], [ -87.66, 19.5875 ] ] ], [ [ [ -87.5675, 19.5772 ], [ -87.5663, 19.5777 ], [ -87.5662, 19.5774 ], [ -87.5675, 19.5772 ] ] ], [ [ [ -87.577, 19.5647 ], [ -87.5774, 19.5652 ], [ -87.5769, 19.566 ], [ -87.577, 19.5647 ] ] ], [ [ [ -87.6619, 19.5098 ], [ -87.6573, 19.5171 ], [ -87.6572, 19.5125 ], [ -87.6619, 19.5098 ] ] ], [ [ [ -87.6618, 19.5047 ], [ -87.6596, 19.5079 ], [ -87.6585, 19.5056 ], [ -87.6618, 19.5047 ] ] ], [ [ [ -87.5494, 19.4124 ], [ -87.5495, 19.4084 ], [ -87.5555, 19.4107 ], [ -87.5494, 19.4124 ] ] ], [ [ [ -87.5654, 19.3973 ], [ -87.5655, 19.3937 ], [ -87.5716, 19.3943 ], [ -87.5654, 19.3973 ] ] ], [ [ [ -87.4834, 19.3445 ], [ -87.4793, 19.3354 ], [ -87.515, 19.3573 ], [ -87.4834, 19.3445 ] ] ], [ [ [ -87.4643, 19.329 ], [ -87.4655, 19.3266 ], [ -87.4712, 19.3348 ], [ -87.4643, 19.329 ] ] ], [ [ [ -87.6054, 19.2341 ], [ -87.606, 19.2351 ], [ -87.6032, 19.2369 ], [ -87.6054, 19.2341 ] ] ], [ [ [ -87.652, 19.2155 ], [ -87.6402, 19.2185 ], [ -87.6146, 19.236 ], [ -87.6313, 19.2215 ], [ -87.6409, 19.217 ], [ -87.652, 19.2155 ] ] ], [ [ [ -87.6285, 19.2026 ], [ -87.631, 19.2027 ], [ -87.6287, 19.2045 ], [ -87.6285, 19.2026 ] ] ], [ [ [ -87.634, 19.1931 ], [ -87.6275, 19.1967 ], [ -87.6273, 19.1956 ], [ -87.634, 19.1931 ] ] ], [ [ [ -87.6403, 19.1845 ], [ -87.6471, 19.1864 ], [ -87.6457, 19.188 ], [ -87.6403, 19.1845 ] ] ], [ [ [ -87.3494, 18.7787 ], [ -87.3391, 18.7861 ], [ -87.3424, 18.7802 ], [ -87.3494, 18.7787 ] ] ], [ [ [ -87.3193, 18.7666 ], [ -87.3201, 18.7702 ], [ -87.3181, 18.7701 ], [ -87.3193, 18.7666 ] ] ], [ [ [ -87.3611, 18.772 ], [ -87.3573, 18.774 ], [ -87.3568, 18.7725 ], [ -87.3611, 18.772 ] ] ], [ [ [ -87.3578, 18.7668 ], [ -87.3543, 18.7705 ], [ -87.3534, 18.769 ], [ -87.3578, 18.7668 ] ] ], [ [ [ -87.3318, 18.7586 ], [ -87.3267, 18.765 ], [ -87.325, 18.7616 ], [ -87.3318, 18.7586 ] ] ], [ [ [ -87.3219, 18.7589 ], [ -87.3216, 18.7625 ], [ -87.3204, 18.7622 ], [ -87.3219, 18.7589 ] ] ], [ [ [ -87.2905, 18.7528 ], [ -87.2898, 18.7545 ], [ -87.289, 18.7544 ], [ -87.2905, 18.7528 ] ] ], [ [ [ -87.3218, 18.754 ], [ -87.3203, 18.7559 ], [ -87.319, 18.7533 ], [ -87.3218, 18.754 ] ] ], [ [ [ -87.2983, 18.7483 ], [ -87.3034, 18.7448 ], [ -87.3029, 18.7499 ], [ -87.2983, 18.7483 ] ] ], [ [ [ -87.318, 18.7469 ], [ -87.3178, 18.7484 ], [ -87.3152, 18.7471 ], [ -87.318, 18.7469 ] ] ], [ [ [ -87.38, 18.7412 ], [ -87.3724, 18.753 ], [ -87.3736, 18.7436 ], [ -87.38, 18.7412 ] ] ], [ [ [ -87.2802, 18.74 ], [ -87.2807, 18.7436 ], [ -87.2794, 18.7417 ], [ -87.2802, 18.74 ] ] ], [ [ [ -87.2453, 18.6835 ], [ -87.2474, 18.6453 ], [ -87.2645, 18.6188 ], [ -87.2527, 18.6674 ], [ -87.2738, 18.7394 ], [ -87.2453, 18.6835 ] ] ], [ [ [ -87.3032, 18.7396 ], [ -87.3051, 18.7375 ], [ -87.3069, 18.7397 ], [ -87.3032, 18.7396 ] ] ], [ [ [ -87.3875, 18.7325 ], [ -87.3852, 18.7364 ], [ -87.384, 18.7325 ], [ -87.3875, 18.7325 ] ] ], [ [ [ -87.3927, 18.7232 ], [ -87.3895, 18.7253 ], [ -87.3877, 18.7223 ], [ -87.3927, 18.7232 ] ] ], [ [ [ -87.4106, 18.6798 ], [ -87.3947, 18.7119 ], [ -87.4025, 18.6817 ], [ -87.4106, 18.6798 ] ] ], [ [ [ -87.4334, 18.6383 ], [ -87.4203, 18.66 ], [ -87.4283, 18.6329 ], [ -87.4334, 18.6383 ] ] ], [ [ [ -87.3178, 18.5778 ], [ -87.341, 18.5735 ], [ -87.3205, 18.5988 ], [ -87.3178, 18.5778 ] ] ], [ [ [ -87.4425, 18.6009 ], [ -87.4401, 18.6133 ], [ -87.4366, 18.6095 ], [ -87.4425, 18.6009 ] ] ], [ [ [ -87.4392, 18.5875 ], [ -87.4369, 18.5897 ], [ -87.4356, 18.5889 ], [ -87.4392, 18.5875 ] ] ], [ [ [ -87.3833, 18.3751 ], [ -87.3322, 18.4438 ], [ -87.337, 18.523 ], [ -87.3144, 18.5555 ], [ -87.3229, 18.4566 ], [ -87.3619, 18.3851 ], [ -87.3833, 18.3751 ] ] ], [ [ [ -87.4392, 18.5604 ], [ -87.4367, 18.5623 ], [ -87.4346, 18.559 ], [ -87.4392, 18.5604 ] ] ], [ [ [ -87.447, 18.4802 ], [ -87.4406, 18.5187 ], [ -87.4372, 18.5161 ], [ -87.447, 18.4802 ] ] ], [ [ [ -87.4474, 18.46 ], [ -87.4443, 18.4626 ], [ -87.4388, 18.4503 ], [ -87.4392, 18.4285 ], [ -87.4474, 18.46 ] ] ], [ [ [ -87.438, 18.4226 ], [ -87.4352, 18.4236 ], [ -87.4341, 18.4209 ], [ -87.438, 18.4226 ] ] ], [ [ [ -87.4292, 18.4048 ], [ -87.4301, 18.4095 ], [ -87.426, 18.4055 ], [ -87.4292, 18.4048 ] ] ], [ [ [ -87.4207, 18.3959 ], [ -87.4213, 18.3993 ], [ -87.4175, 18.3996 ], [ -87.4207, 18.3959 ] ] ], [ [ [ -87.4084, 18.3803 ], [ -87.4088, 18.3901 ], [ -87.407, 18.3904 ], [ -87.4084, 18.3803 ] ] ], [ [ [ -87.392, 18.3745 ], [ -87.3946, 18.3808 ], [ -87.3885, 18.377 ], [ -87.392, 18.3745 ] ] ] ] } },
{ "type": "Feature", "properties": { "CVE_ENT": "24", "NOM_ENT": "San Luis Potosí" }, "geometry": { "type": "Polygon", "coordinates": [ [ [ -100.6035, 24.4013 ], [ -100.6331, 24.226 ], [ -100.5851, 24.2239 ], [ -100.5935, 24.1782 ], [ -100.6134, 24.1739 ], [ -100.5168, 24.1399 ], [ -100.5387, 24.1185 ], [ -100.5238, 24.0715 ], [ -100.5624, 23.9196 ], [ -100.5398, 23.8884 ], [ -100.5503, 23.8422 ], [ -100.4976, 23.7987 ], [ -100.4977, 23.7363 ], [ -100.4665, 23.6889 ], [ -100.4471, 23.6965 ], [ -100.4916, 23.5686 ], [ -100.4695, 23.5668 ], [ -100.4592, 23.5116 ], [ -100.4942, 23.5284 ], [ -100.5172, 23.421 ], [ -100.4571, 23.3664 ], [ -100.4798, 23.1944 ], [ -100.3317, 23.1627 ], [ -100.3235, 23.1956 ], [ -100.3638, 23.189 ], [ -100.3743, 23.2653 ], [ -100.3062, 23.2609 ], [ -100.2784, 23.3104 ], [ -100.2064, 23.3071 ], [ -100.2282, 23.2505 ], [ -100.1038, 23.2315 ], [ -100.1156, 23.126 ], [ -100.0687, 23.1212 ], [ -100.069, 23.0959 ], [ -100.0112, 23.0639 ], [ -100.0621, 23.0398 ], [ -100.0716, 22.9974 ], [ -100.0974, 23.0131 ], [ -100.0894, 22.9688 ], [ -100.1108, 22.9757 ], [ -100.1104, 22.9167 ], [ -100.0442, 22.9179 ], [ -100.0294, 22.8244 ], [ -100.0941, 22.7513 ], [ -100.0223, 22.7259 ], [ -99.957, 22.7517 ], [ -99.8824, 22.7499 ], [ -99.8428, 22.7306 ], [ -99.8479, 22.6784 ], [ -99.814, 22.6608 ], [ -99.7241, 22.6596 ], [ -99.6825, 22.6811 ], [ -99.5606, 22.6412 ], [ -99.5347, 22.6128 ], [ -99.4945, 22.6209 ], [ -99.5443, 22.7441 ], [ -99.4968, 22.7485 ], [ -99.442, 22.6636 ], [ -99.3855, 22.6703 ], [ -99.3732, 22.6291 ], [ -99.3296, 22.6349 ], [ -99.2368, 22.4129 ], [ -99.0604, 22.4153 ], [ -98.932, 22.3928 ], [ -98.89, 22.3551 ], [ -98.758, 22.3665 ], [ -98.6767, 22.4089 ], [ -98.6815, 22.3716 ], [ -98.5793, 22.3778 ], [ -98.5793, 22.3486 ], [ -98.4759, 22.2886 ], [ -98.4467, 22.3056 ], [ -98.4304, 22.2746 ], [ -98.3964, 22.2763 ], [ -98.4051, 22.2561 ], [ -98.3681, 22.2554 ], [ -98.3745, 22.2361 ], [ -98.326, 22.243 ], [ -98.3523, 22.2228 ], [ -98.3365, 22.1877 ], [ -98.432, 22.1283 ], [ -98.4188, 22.098 ], [ -98.4595, 21.9952 ], [ -98.4815, 21.9905 ], [ -98.4688, 21.9646 ], [ -98.522, 21.9794 ], [ -98.5788, 21.9661 ], [ -98.566, 21.9376 ], [ -98.5156, 21.9513 ], [ -98.5031, 21.9366 ], [ -98.5004, 21.9231 ], [ -98.5438, 21.9321 ], [ -98.5108, 21.9087 ], [ -98.5382, 21.9058 ], [ -98.548, 21.8601 ], [ -98.5289, 21.8632 ], [ -98.5145, 21.8239 ], [ -98.4863, 21.8363 ], [ -98.4931, 21.8139 ], [ -98.475, 21.8142 ], [ -98.4547, 21.7664 ], [ -98.5374, 21.7206 ], [ -98.5307, 21.6973 ], [ -98.5438, 21.7234 ], [ -98.5674, 21.7174 ], [ -98.5582, 21.6877 ], [ -98.5792, 21.6719 ], [ -98.622, 21.6824 ], [ -98.6095, 21.6672 ], [ -98.6436, 21.6317 ], [ -98.6211, 21.6278 ], [ -98.6022, 21.5404 ], [ -98.5322, 21.5011 ], [ -98.5033, 21.3914 ], [ -98.5114, 21.3625 ], [ -98.5496, 21.3846 ], [ -98.6836, 21.342 ], [ -98.5955, 21.2846 ], [ -98.618, 21.1943 ], [ -98.6507, 21.1809 ], [ -98.6827, 21.2006 ], [ -98.7018, 21.1608 ], [ -98.7052, 21.1872 ], [ -98.7729, 21.172 ], [ -98.8081, 21.1932 ], [ -98.7888, 21.1664 ], [ -98.8212, 21.1604 ], [ -98.8574, 21.1893 ], [ -98.8827, 21.1796 ], [ -98.945, 21.3113 ], [ -99.0434, 21.2794 ], [ -99.1043, 21.2896 ], [ -99.1276, 21.3183 ], [ -99.1029, 21.3212 ], [ -99.1378, 21.3298 ], [ -99.1294, 21.362 ], [ -99.0926, 21.3634 ], [ -99.1423, 21.5354 ], [ -99.1283, 21.5898 ], [ -99.1882, 21.67 ], [ -99.2177, 21.6666 ], [ -99.2435, 21.6151 ], [ -99.2807, 21.6079 ], [ -99.2744, 21.5653 ], [ -99.3055, 21.5329 ], [ -99.3759, 21.5479 ], [ -99.4046, 21.4289 ], [ -99.4691, 21.4468 ], [ -99.5038, 21.4186 ], [ -99.5529, 21.4291 ], [ -99.6595, 21.5679 ], [ -99.7467, 21.5784 ], [ -99.7493, 21.5232 ], [ -99.7923, 21.4745 ], [ -99.9423, 21.4496 ], [ -99.9568, 21.5262 ], [ -100.0623, 21.5233 ], [ -100.1472, 21.6181 ], [ -100.1714, 21.6013 ], [ -100.1796, 21.6508 ], [ -100.2721, 21.6873 ], [ -100.435, 21.6827 ], [ -100.4857, 21.5953 ], [ -100.4611, 21.5453 ], [ -100.5339, 21.5423 ], [ -100.6149, 21.5058 ], [ -100.6354, 21.5432 ], [ -100.6574, 21.5247 ], [ -100.7343, 21.5787 ], [ -100.8577, 21.619 ], [ -100.8343, 21.6646 ], [ -100.8651, 21.6871 ], [ -100.8701, 21.6725 ], [ -100.9072, 21.6816 ], [ -100.9126, 21.7136 ], [ -100.982, 21.7535 ], [ -101.1613, 21.7575 ], [ -101.2171, 21.8161 ], [ -101.2897, 21.8121 ], [ -101.3195, 21.8353 ], [ -101.4739, 21.8274 ], [ -101.4963, 21.8099 ], [ -101.4832, 21.8677 ], [ -101.4418, 21.9093 ], [ -101.4102, 21.9087 ], [ -101.4292, 21.9344 ], [ -101.3734, 21.9902 ], [ -101.3265, 21.9997 ], [ -101.3524, 22.0131 ], [ -101.3272, 22.0215 ], [ -101.3517, 22.0438 ], [ -101.3657, 22.0185 ], [ -101.3827, 22.0207 ], [ -101.3771, 22.045 ], [ -101.3466, 22.0497 ], [ -101.3277, 22.1441 ], [ -101.3513, 22.1768 ], [ -101.3242, 22.2099 ], [ -101.3768, 22.2617 ], [ -101.4163, 22.2673 ], [ -101.3914, 22.2999 ], [ -101.4351, 22.3415 ], [ -101.433, 22.3633 ], [ -101.3819, 22.3575 ], [ -101.3748, 22.4565 ], [ -101.3137, 22.4535 ], [ -101.2857, 22.5079 ], [ -101.3057, 22.6099 ], [ -101.3369, 22.6588 ], [ -101.38, 22.6758 ], [ -101.3492, 22.7118 ], [ -101.4111, 22.7477 ], [ -101.491, 22.7429 ], [ -101.497, 22.7015 ], [ -101.5674, 22.6568 ], [ -101.5738, 22.6128 ], [ -101.5953, 22.6241 ], [ -101.5901, 22.589 ], [ -101.6599, 22.5053 ], [ -101.696, 22.5204 ], [ -101.7462, 22.5087 ], [ -101.7354, 22.4802 ], [ -101.7715, 22.4882 ], [ -101.7834, 22.465 ], [ -101.8371, 22.4997 ], [ -101.8199, 22.5513 ], [ -101.8729, 22.5631 ], [ -101.8533, 22.656 ], [ -101.9397, 22.6457 ], [ -102.1249, 22.7829 ], [ -102.1921, 22.8649 ], [ -102.2381, 23.0476 ], [ -102.26, 23.0459 ], [ -102.2141, 23.1313 ], [ -102.2394, 23.2095 ], [ -102.2894, 23.2317 ], [ -102.2858, 23.2733 ], [ -102.2447, 23.2768 ], [ -102.2316, 23.3151 ], [ -102.2695, 23.2799 ], [ -102.296, 23.3205 ], [ -102.2536, 23.365 ], [ -102.2381, 23.4469 ], [ -102.1936, 23.4476 ], [ -102.1688, 23.361 ], [ -102.1225, 23.3539 ], [ -101.7751, 23.4476 ], [ -101.1925, 23.9186 ], [ -101.2167, 24.1597 ], [ -101.0654, 24.207 ], [ -101.0127, 24.3908 ], [ -100.9873, 24.4325 ], [ -101.0067, 24.3358 ], [ -100.9453, 24.2812 ], [ -100.8504, 24.3435 ], [ -100.7112, 24.4915 ], [ -100.6035, 24.4013 ] ] ] } },
{ "type": "Feature", "properties": { "CVE_ENT": "25", "NOM_ENT": "Sinaloa" }, "geometry": { "type": "MultiPolygon", "coordinates": [ [ [ [ -106.4129, 23.1733 ], [ -106.4132, 23.1731 ], [ -106.4132, 23.1733 ], [ -106.4129, 23.1733 ] ] ], [ [ [ -106.4045, 23.1799 ], [ -106.4028, 23.1797 ], [ -106.4039, 23.1784 ], [ -106.4045, 23.1799 ] ] ], [ [ [ -106.4406, 23.1847 ], [ -106.4391, 23.1843 ], [ -106.4406, 23.1838 ], [ -106.4406, 23.1847 ] ] ], [ [ [ -106.4359, 23.1875 ], [ -106.4367, 23.1872 ], [ -106.4366, 23.1877 ], [ -106.4359, 23.1875 ] ] ], [ [ [ -106.463, 23.2252 ], [ -106.4672, 23.2223 ], [ -106.4635, 23.2277 ], [ -106.463, 23.2252 ] ] ], [ [ [ -106.4666, 23.2391 ], [ -106.4637, 23.2278 ], [ -106.4712, 23.2349 ], [ -106.4666, 23.2391 ] ] ], [ [ [ -106.4794, 23.2567 ], [ -106.4735, 23.2515 ], [ -106.4795, 23.2504 ], [ -106.4794, 23.2567 ] ] ], [ [ [ -108.3771, 25.167 ], [ -108.3541, 25.1618 ], [ -108.3687, 25.1489 ], [ -108.372, 25.1522 ], [ -108.3735, 25.1531 ], [ -108.3763, 25.1569 ], [ -108.3778, 25.1582 ], [ -108.3771, 25.167 ] ] ], [ [ [ -108.3809, 25.1816 ], [ -108.3807, 25.1612 ], [ -108.3785, 25.1601 ], [ -108.3777, 25.1578 ], [ -108.3743, 25.1539 ], [ -108.373, 25.1526 ], [ -108.3721, 25.1521 ], [ -108.3689, 25.1488 ], [ -108.384, 25.1602 ], [ -108.3809, 25.1816 ] ] ], [ [ [ -108.3798, 25.1836 ], [ -108.3761, 25.1679 ], [ -108.3792, 25.1715 ], [ -108.3807, 25.1806 ], [ -108.3798, 25.1836 ] ] ], [ [ [ -108.4755, 27.0399 ], [ -108.3333, 27.0046 ], [ -108.3165, 27.0345 ], [ -108.286, 27.0125 ], [ -108.2504, 27.041 ], [ -108.1943, 27.0319 ], [ -108.1815, 26.9941 ], [ -108.235, 26.9586 ], [ -108.2302, 26.9057 ], [ -108.1745, 26.8815 ], [ -108.1431, 26.9079 ], [ -108.1442, 26.8676 ], [ -108.0941, 26.8705 ], [ -108.0268, 26.7985 ], [ -108.0376, 26.7698 ], [ -108.0057, 26.761 ], [ -108.0117, 26.6895 ], [ -108.0816, 26.642 ], [ -108.0318, 26.6159 ], [ -107.961, 26.527 ], [ -107.9573, 26.4937 ], [ -107.9856, 26.4721 ], [ -107.9696, 26.4702 ], [ -108.0128, 26.439 ], [ -107.8409, 26.1835 ], [ -107.7889, 26.1686 ], [ -107.7807, 26.1369 ], [ -107.7552, 26.1345 ], [ -107.7111, 26.1744 ], [ -107.6357, 26.1546 ], [ -107.582, 26.1706 ], [ -107.52, 26.1042 ], [ -107.431, 26.1429 ], [ -107.3465, 26.1095 ], [ -107.3049, 26.0764 ], [ -107.2763, 26.002 ], [ -107.2961, 25.9248 ], [ -107.0579, 25.7574 ], [ -107.0642, 25.7191 ], [ -107.0431, 25.6977 ], [ -107.0107, 25.6915 ], [ -106.9903, 25.7149 ], [ -106.9653, 25.6979 ], [ -106.9669, 25.6683 ], [ -106.9944, 25.6618 ], [ -106.9733, 25.6296 ], [ -107.1246, 25.5504 ], [ -107.1739, 25.5565 ], [ -107.1781, 25.5152 ], [ -107.1393, 25.4896 ], [ -107.1587, 25.442 ], [ -107.2101, 25.4171 ], [ -107.1715, 25.3264 ], [ -107.2078, 25.3316 ], [ -107.121, 25.2431 ], [ -107.1488, 25.2245 ], [ -107.1249, 25.1866 ], [ -107.1299, 25.0531 ], [ -107.0636, 25.0253 ], [ -107.021, 24.9099 ], [ -107.0006, 24.9282 ], [ -106.9345, 24.8805 ], [ -106.9271, 24.8666 ], [ -106.9514, 24.859 ], [ -106.9307, 24.8209 ], [ -106.8658, 24.823 ], [ -106.7059, 24.6653 ], [ -106.6455, 24.529 ], [ -106.6226, 24.5249 ], [ -106.6301, 24.5065 ], [ -106.56, 24.4727 ], [ -106.6016, 24.4146 ], [ -106.5171, 24.287 ], [ -106.4696, 24.2779 ], [ -106.3675, 24.3019 ], [ -106.3363, 24.3557 ], [ -106.2689, 24.3748 ], [ -106.1525, 24.3388 ], [ -106.0745, 24.2694 ], [ -106.0699, 24.2202 ], [ -106.0439, 24.2208 ], [ -105.9897, 24.1144 ], [ -105.9987, 24.0434 ], [ -105.9121, 23.9975 ], [ -105.9454, 23.948 ], [ -105.8999, 23.9439 ], [ -105.8576, 23.8993 ], [ -105.8672, 23.8752 ], [ -105.9537, 23.9086 ], [ -105.9613, 23.8407 ], [ -105.9061, 23.7394 ], [ -105.9266, 23.6841 ], [ -105.8926, 23.5526 ], [ -105.8843, 23.5904 ], [ -105.8452, 23.5837 ], [ -105.8455, 23.6033 ], [ -105.8116, 23.611 ], [ -105.7693, 23.5565 ], [ -105.7603, 23.503 ], [ -105.7234, 23.4748 ], [ -105.7389, 23.4452 ], [ -105.7003, 23.4202 ], [ -105.7307, 23.3749 ], [ -105.694, 23.3406 ], [ -105.6871, 23.2875 ], [ -105.6432, 23.2765 ], [ -105.6297, 23.2023 ], [ -105.6462, 23.1489 ], [ -105.624, 23.1224 ], [ -105.5543, 23.0989 ], [ -105.504, 23.1277 ], [ -105.4244, 23.1203 ], [ -105.3922, 23.0852 ], [ -105.413, 23.0741 ], [ -105.4089, 23.0236 ], [ -105.5013, 22.9586 ], [ -105.4746, 22.8514 ], [ -105.5248, 22.7748 ], [ -105.4981, 22.6514 ], [ -105.464, 22.6592 ], [ -105.4727, 22.6272 ], [ -105.4504, 22.6268 ], [ -105.4369, 22.5819 ], [ -105.4413, 22.5251 ], [ -105.4664, 22.5054 ], [ -105.5983, 22.5367 ], [ -105.6421, 22.5939 ], [ -105.6392, 22.577 ], [ -105.7001, 22.5639 ], [ -105.6726, 22.4741 ], [ -105.7141, 22.4749 ], [ -105.8709, 22.7084 ], [ -106.0345, 22.8297 ], [ -106.1748, 22.9917 ], [ -106.3485, 23.1465 ], [ -106.4035, 23.1865 ], [ -106.43, 23.1766 ], [ -106.422, 23.2168 ], [ -106.4935, 23.3037 ], [ -106.4836, 23.3313 ], [ -106.6952, 23.5694 ], [ -106.8101, 23.6517 ], [ -106.7965, 23.6841 ], [ -106.9483, 23.8945 ], [ -107.1995, 24.1068 ], [ -107.8001, 24.488 ], [ -107.8393, 24.5512 ], [ -108.0002, 24.6539 ], [ -108.0208, 24.7324 ], [ -108.1217, 24.8295 ], [ -108.2244, 25.0158 ], [ -108.3324, 25.1057 ], [ -108.3342, 25.1245 ], [ -108.3574, 25.1692 ], [ -108.4503, 25.2566 ], [ -108.6521, 25.3442 ], [ -109.0224, 25.4384 ], [ -109.2255, 25.6261 ], [ -109.2963, 25.6454 ], [ -109.3981, 25.6387 ], [ -109.4336, 25.8094 ], [ -109.4211, 25.8939 ], [ -109.4477, 25.949 ], [ -109.2868, 26.2794 ], [ -109.2101, 26.3432 ], [ -109.1252, 26.297 ], [ -109.0064, 26.4024 ], [ -108.9365, 26.3902 ], [ -108.9101, 26.4217 ], [ -108.8814, 26.4062 ], [ -108.8603, 26.4328 ], [ -108.8761, 26.4476 ], [ -108.8378, 26.4725 ], [ -108.8475, 26.4872 ], [ -108.9147, 26.4795 ], [ -108.8913, 26.4896 ], [ -108.8731, 26.5511 ], [ -108.7343, 26.5936 ], [ -108.6788, 26.587 ], [ -108.679, 26.6429 ], [ -108.6304, 26.6766 ], [ -108.6284, 26.7184 ], [ -108.601, 26.7272 ], [ -108.5808, 26.7896 ], [ -108.554, 26.7799 ], [ -108.5369, 26.7984 ], [ -108.557, 26.8237 ], [ -108.467, 26.9707 ], [ -108.4243, 26.9762 ], [ -108.5025, 26.9874 ], [ -108.4755, 27.0399 ] ] ] ] } },
{ "type": "Feature", "properties": { "CVE_ENT": "26", "NOM_ENT": "Sonora" }, "geometry": { "type": "MultiPolygon", "coordinates": [ [ [ [ -114.8826, 32.4921 ], [ -114.8491, 32.4734 ], [ -114.8136, 32.4939 ], [ -114.7834, 32.4856 ], [ -111.075, 31.3326 ], [ -108.7559, 31.3324 ], [ -108.8172, 31.239 ], [ -108.8798, 31.2388 ], [ -108.9066, 31.208 ], [ -108.8607, 31.2189 ], [ -108.8483, 31.1951 ], [ -108.805, 31.193 ], [ -108.8456, 31.1356 ], [ -108.77, 31.1025 ], [ -108.7661, 31.0736 ], [ -108.7299, 31.0521 ], [ -108.7525, 31.0338 ], [ -108.6844, 31.0337 ], [ -108.6838, 31.006 ], [ -108.8032, 31.0048 ], [ -108.8024, 30.9041 ], [ -108.9392, 30.9076 ], [ -108.9483, 30.7369 ], [ -108.919, 30.7393 ], [ -108.8669, 30.6894 ], [ -108.8765, 30.6246 ], [ -108.762, 30.5873 ], [ -108.7267, 30.5945 ], [ -108.6778, 30.5571 ], [ -108.6648, 30.4681 ], [ -108.6038, 30.4651 ], [ -108.6486, 30.4169 ], [ -108.622, 30.3403 ], [ -108.58, 30.3375 ], [ -108.5422, 30.2835 ], [ -108.5505, 30.2666 ], [ -108.6202, 30.2982 ], [ -108.6069, 30.0286 ], [ -108.6287, 29.953 ], [ -108.6072, 29.8471 ], [ -108.6357, 29.8297 ], [ -108.6185, 29.8005 ], [ -108.5412, 29.7961 ], [ -108.535, 29.7514 ], [ -108.5925, 29.7176 ], [ -108.6591, 29.7161 ], [ -108.6183, 29.6605 ], [ -108.655, 29.6494 ], [ -108.6411, 29.5889 ], [ -108.6595, 29.584 ], [ -108.6383, 29.5583 ], [ -108.6623, 29.5445 ], [ -108.6251, 29.501 ], [ -108.7177, 29.4659 ], [ -108.6697, 29.3074 ], [ -108.6822, 29.2674 ], [ -108.7619, 29.2539 ], [ -108.7354, 29.2177 ], [ -108.7453, 29.1623 ], [ -108.7288, 29.1718 ], [ -108.6985, 29.1277 ], [ -108.7296, 29.0965 ], [ -108.7094, 29.083 ], [ -108.7098, 28.8895 ], [ -108.6578, 28.8092 ], [ -108.6238, 28.8061 ], [ -108.6433, 28.7651 ], [ -108.5838, 28.7401 ], [ -108.5801, 28.6324 ], [ -108.5077, 28.5082 ], [ -108.5155, 28.4263 ], [ -108.4797, 28.3695 ], [ -108.5216, 28.3651 ], [ -108.5196, 28.3348 ], [ -108.5509, 28.3181 ], [ -108.6035, 28.3476 ], [ -108.6362, 28.3352 ], [ -108.6413, 28.2916 ], [ -108.6872, 28.3035 ], [ -108.7967, 28.2672 ], [ -108.7917, 28.2536 ], [ -108.922, 28.2515 ], [ -108.994, 28.298 ], [ -108.9974, 28.2551 ], [ -109.0687, 28.2861 ], [ -109.0729, 28.1486 ], [ -109.0319, 28.0183 ], [ -108.9265, 27.9406 ], [ -108.9149, 27.854 ], [ -108.8691, 27.8393 ], [ -108.9203, 27.784 ], [ -108.8955, 27.7448 ], [ -108.7845, 27.7305 ], [ -108.7398, 27.6 ], [ -108.6524, 27.537 ], [ -108.6616, 27.4647 ], [ -108.591, 27.3181 ], [ -108.6626, 27.2195 ], [ -108.6532, 27.1761 ], [ -108.6114, 27.1541 ], [ -108.6023, 27.0369 ], [ -108.5625, 27.046 ], [ -108.5722, 27.0127 ], [ -108.5518, 26.9971 ], [ -108.4243, 26.9762 ], [ -108.467, 26.9707 ], [ -108.557, 26.8237 ], [ -108.5369, 26.7984 ], [ -108.554, 26.7799 ], [ -108.5808, 26.7896 ], [ -108.601, 26.7272 ], [ -108.6284, 26.7184 ], [ -108.6304, 26.6766 ], [ -108.679, 26.6429 ], [ -108.6788, 26.587 ], [ -108.7343, 26.5936 ], [ -108.8731, 26.5511 ], [ -108.8913, 26.4896 ], [ -108.9147, 26.4795 ], [ -108.8475, 26.4872 ], [ -108.8378, 26.4725 ], [ -108.8761, 26.4476 ], [ -108.8603, 26.4328 ], [ -108.8814, 26.4062 ], [ -108.9101, 26.4217 ], [ -108.9365, 26.3902 ], [ -109.0064, 26.4024 ], [ -109.1252, 26.297 ], [ -109.2025, 26.3444 ], [ -109.26, 26.3197 ], [ -109.2677, 26.5016 ], [ -109.403, 26.6535 ], [ -109.6067, 26.6949 ], [ -109.6806, 26.6749 ], [ -109.7711, 26.7091 ], [ -109.8498, 26.79 ], [ -109.8901, 26.9225 ], [ -109.9672, 27.0542 ], [ -110.3045, 27.1545 ], [ -110.4399, 27.2713 ], [ -110.5993, 27.314 ], [ -110.5873, 27.5106 ], [ -110.6265, 27.6203 ], [ -110.6009, 27.7005 ], [ -110.6163, 27.7792 ], [ -110.6161, 27.8093 ], [ -110.6144, 27.7956 ], [ -110.5899, 27.8455 ], [ -110.5485, 27.8321 ], [ -110.5265, 27.8508 ], [ -110.6482, 27.9039 ], [ -110.6654, 27.8952 ], [ -110.6489, 27.892 ], [ -110.6105, 27.8582 ], [ -110.7292, 27.9088 ], [ -110.8532, 27.9123 ], [ -110.7994, 27.9201 ], [ -110.8289, 27.9543 ], [ -110.9072, 27.8976 ], [ -110.8558, 27.8999 ], [ -110.867, 27.8954 ], [ -110.864, 27.8781 ], [ -110.881, 27.864 ], [ -110.876, 27.8515 ], [ -110.89, 27.8397 ], [ -110.9328, 27.8817 ], [ -110.9503, 27.8685 ], [ -110.949, 27.8893 ], [ -110.9666, 27.9055 ], [ -110.9466, 27.9214 ], [ -110.984, 27.9584 ], [ -111.04, 27.957 ], [ -111.0502, 27.9498 ], [ -111.0487, 27.9409 ], [ -111.051, 27.9429 ], [ -111.0552, 27.9417 ], [ -111.0608, 27.9322 ], [ -111.06, 27.9278 ], [ -111.105, 27.9367 ], [ -111.0993, 27.9612 ], [ -111.255, 28.0542 ], [ -111.3438, 28.2097 ], [ -111.3771, 28.2188 ], [ -111.3904, 28.2709 ], [ -111.457, 28.316 ], [ -111.4686, 28.3719 ], [ -111.7123, 28.459 ], [ -111.7744, 28.6071 ], [ -111.9502, 28.7573 ], [ -111.901, 28.787 ], [ -111.9723, 28.8435 ], [ -112.0311, 28.8593 ], [ -112.1013, 28.9549 ], [ -112.1723, 28.969 ], [ -112.1502, 28.9917 ], [ -112.1876, 29.0733 ], [ -112.1651, 29.1149 ], [ -112.1996, 29.1764 ], [ -112.23, 29.1798 ], [ -112.209, 29.2457 ], [ -112.2331, 29.3076 ], [ -112.301, 29.33 ], [ -112.3462, 29.3136 ], [ -112.3349, 29.2918 ], [ -112.4096, 29.3443 ], [ -112.4214, 29.3765 ], [ -112.384, 29.4924 ], [ -112.4288, 29.5198 ], [ -112.4354, 29.5592 ], [ -112.5806, 29.7118 ], [ -112.6655, 29.8917 ], [ -112.7473, 29.9154 ], [ -112.7331, 30.0005 ], [ -112.7615, 30.0624 ], [ -112.7596, 30.1986 ], [ -112.8182, 30.2641 ], [ -112.8644, 30.2682 ], [ -112.846, 30.3245 ], [ -112.8617, 30.408 ], [ -113.0398, 30.6072 ], [ -113.1268, 30.8105 ], [ -113.0964, 30.97 ], [ -113.1284, 31.0589 ], [ -113.0919, 30.9953 ], [ -113.0588, 31.0605 ], [ -113.1015, 31.1894 ], [ -113.2071, 31.2405 ], [ -113.5454, 31.2963 ], [ -113.5584, 31.3178 ], [ -113.6246, 31.328 ], [ -113.6439, 31.3433 ], [ -113.6113, 31.3439 ], [ -113.6092, 31.3646 ], [ -113.6403, 31.4805 ], [ -113.8525, 31.5954 ], [ -113.92, 31.5983 ], [ -113.9794, 31.6314 ], [ -113.9562, 31.5624 ], [ -113.987, 31.5295 ], [ -114.0201, 31.53 ], [ -114.0259, 31.4922 ], [ -114.1692, 31.4988 ], [ -114.4483, 31.649 ], [ -114.5828, 31.7522 ], [ -114.6192, 31.7629 ], [ -114.6928, 31.7631 ], [ -114.7602, 31.8183 ], [ -114.8188, 31.8209 ], [ -114.8449, 31.8645 ], [ -114.9107, 31.8678 ], [ -114.9655, 31.9184 ], [ -114.9753, 32.178 ], [ -115.053, 32.2452 ], [ -114.9666, 32.3388 ], [ -114.9354, 32.4814 ], [ -114.8826, 32.4921 ] ], [ [ -110.8302, 27.9695 ], [ -110.8695, 27.9691 ], [ -110.8271, 27.9553 ], [ -110.8302, 27.9695 ] ], [ [ -110.8277, 27.9548 ], [ -110.8424, 27.9542 ], [ -110.8449, 27.9528 ], [ -110.8277, 27.9548 ] ] ], [ [ [ -114.6797, 31.757 ], [ -114.6249, 31.7576 ], [ -114.5957, 31.7472 ], [ -114.6193, 31.7285 ], [ -114.6797, 31.757 ] ] ], [ [ [ -112.2918, 29.2263 ], [ -112.2625, 29.1938 ], [ -112.2744, 29.1368 ], [ -112.1951, 29.0207 ], [ -112.2117, 28.9931 ], [ -112.2154, 28.9569 ], [ -112.215, 28.9592 ], [ -112.2087, 28.9664 ], [ -112.1909, 28.9767 ], [ -112.1932, 28.9785 ], [ -112.1893, 28.977 ], [ -112.2752, 28.8166 ], [ -112.2536, 28.7678 ], [ -112.3102, 28.7468 ], [ -112.4068, 28.7995 ], [ -112.4615, 28.8026 ], [ -112.5844, 28.8766 ], [ -112.4895, 28.949 ], [ -112.5058, 29.0631 ], [ -112.4616, 29.1883 ], [ -112.4091, 29.186 ], [ -112.36, 29.2202 ], [ -112.2918, 29.2263 ] ] ], [ [ [ -111.9637, 28.816 ], [ -111.9735, 28.8091 ], [ -111.9656, 28.8167 ], [ -111.9637, 28.816 ] ] ], [ [ [ -112.5534, 28.7307 ], [ -112.5539, 28.672 ], [ -112.6057, 28.6677 ], [ -112.6121, 28.7266 ], [ -112.5534, 28.7307 ] ] ], [ [ [ -112.2982, 28.7352 ], [ -112.283, 28.7145 ], [ -112.2862, 28.7093 ], [ -112.2982, 28.7352 ] ] ], [ [ [ -111.3901, 27.9851 ], [ -111.3691, 27.9616 ], [ -111.3674, 27.9525 ], [ -111.3901, 27.9851 ] ] ], [ [ [ -111.1191, 27.9582 ], [ -111.1248, 27.9527 ], [ -111.1191, 27.9596 ], [ -111.1191, 27.9582 ] ] ], [ [ [ -111.0292, 27.953 ], [ -111.0291, 27.9485 ], [ -111.0321, 27.947 ], [ -111.0292, 27.953 ] ] ], [ [ [ -111.0509, 27.9402 ], [ -111.0521, 27.9398 ], [ -111.0523, 27.9416 ], [ -111.0509, 27.9402 ] ] ], [ [ [ -111.0508, 27.9358 ], [ -111.0518, 27.9356 ], [ -111.0516, 27.9365 ], [ -111.0508, 27.9358 ] ] ], [ [ [ -110.993, 27.9346 ], [ -110.99, 27.9349 ], [ -110.9907, 27.933 ], [ -110.993, 27.9346 ] ] ], [ [ [ -111.0591, 27.9308 ], [ -111.0596, 27.9297 ], [ -111.0597, 27.9309 ], [ -111.0591, 27.9308 ] ] ], [ [ [ -110.9918, 27.926 ], [ -110.9911, 27.9255 ], [ -110.9924, 27.9257 ], [ -110.9918, 27.926 ] ] ], [ [ [ -110.9691, 27.9097 ], [ -110.9703, 27.9086 ], [ -110.9709, 27.9092 ], [ -110.9691, 27.9097 ] ] ], [ [ [ -110.8748, 27.9114 ], [ -110.8703, 27.9089 ], [ -110.875, 27.9066 ], [ -110.8748, 27.9114 ] ] ], [ [ [ -110.8791, 27.9089 ], [ -110.8819, 27.9098 ], [ -110.8793, 27.911 ], [ -110.8791, 27.9089 ] ] ], [ [ [ -110.8984, 27.9009 ], [ -110.8991, 27.9005 ], [ -110.8991, 27.9011 ], [ -110.8984, 27.9009 ] ] ], [ [ [ -110.9013, 27.8994 ], [ -110.9003, 27.8989 ], [ -110.9011, 27.8988 ], [ -110.9013, 27.8994 ] ] ], [ [ [ -110.8331, 27.9009 ], [ -110.8414, 27.8878 ], [ -110.847, 27.8871 ], [ -110.8482, 27.8885 ], [ -110.8486, 27.8912 ], [ -110.8331, 27.9009 ] ] ], [ [ [ -110.9553, 27.8849 ], [ -110.9553, 27.8844 ], [ -110.956, 27.8843 ], [ -110.9553, 27.8849 ] ] ], [ [ [ -110.9527, 27.8758 ], [ -110.9533, 27.8755 ], [ -110.9524, 27.8768 ], [ -110.9527, 27.8758 ] ] ], [ [ [ -110.8596, 27.8808 ], [ -110.8639, 27.8747 ], [ -110.866, 27.8746 ], [ -110.8596, 27.8808 ] ] ], [ [ [ -110.9507, 27.8677 ], [ -110.9512, 27.8675 ], [ -110.9509, 27.8683 ], [ -110.9507, 27.8677 ] ] ] ] } },
{ "type": "Feature", "properties": { "CVE_ENT": "27", "NOM_ENT": "Tabasco" }, "geometry": { "type": "Polygon", "coordinates": [ [ [ -92.4688, 18.651 ], [ -92.414, 18.4873 ], [ -92.3555, 18.4428 ], [ -92.3225, 18.4731 ], [ -92.3103, 18.4556 ], [ -92.1761, 18.4582 ], [ -92.1832, 18.2741 ], [ -92.1489, 18.2104 ], [ -92.1609, 18.1554 ], [ -92.1101, 18.0944 ], [ -92.0399, 18.0979 ], [ -92.0421, 18.0783 ], [ -91.9667, 18.016 ], [ -91.9003, 18.0121 ], [ -91.7623, 17.939 ], [ -91.7605, 17.9576 ], [ -91.6388, 17.874 ], [ -91.6127, 17.9129 ], [ -91.6095, 18.0984 ], [ -91.5722, 18.142 ], [ -91.58, 18.1582 ], [ -91.5345, 18.1462 ], [ -91.5093, 18.1711 ], [ -91.504, 18.1165 ], [ -91.3844, 18.0641 ], [ -91.327, 18.0627 ], [ -91.2175, 17.975 ], [ -90.9879, 17.9625 ], [ -90.9875, 17.251 ], [ -91.4397, 17.251 ], [ -91.4252, 17.3023 ], [ -91.3837, 17.3112 ], [ -91.4198, 17.3741 ], [ -91.5099, 17.3922 ], [ -91.5372, 17.4197 ], [ -91.5797, 17.4073 ], [ -91.7001, 17.4675 ], [ -91.6628, 17.4798 ], [ -91.6343, 17.5346 ], [ -91.6636, 17.6122 ], [ -91.6446, 17.6219 ], [ -91.6547, 17.6762 ], [ -91.6814, 17.6701 ], [ -91.8307, 17.7377 ], [ -91.7902, 17.746 ], [ -91.7822, 17.7825 ], [ -91.7797, 17.8513 ], [ -91.8099, 17.8982 ], [ -91.8497, 17.8829 ], [ -91.9181, 17.8995 ], [ -91.9484, 17.8633 ], [ -91.9396, 17.9063 ], [ -91.9784, 17.9137 ], [ -91.9957, 17.9426 ], [ -92.0033, 17.8905 ], [ -92.0718, 17.8777 ], [ -92.0494, 17.8548 ], [ -92.102, 17.8509 ], [ -92.1205, 17.796 ], [ -92.1466, 17.8147 ], [ -92.1308, 17.7661 ], [ -92.1945, 17.7766 ], [ -92.2746, 17.6923 ], [ -92.3373, 17.7121 ], [ -92.3507, 17.6179 ], [ -92.4021, 17.578 ], [ -92.52, 17.573 ], [ -92.5301, 17.55 ], [ -92.5714, 17.5496 ], [ -92.6058, 17.4774 ], [ -92.6594, 17.4443 ], [ -92.6682, 17.4567 ], [ -92.6788, 17.3785 ], [ -92.7542, 17.3433 ], [ -92.7858, 17.4175 ], [ -92.8292, 17.3963 ], [ -92.8543, 17.4112 ], [ -92.8196, 17.4327 ], [ -92.8315, 17.4809 ], [ -92.8499, 17.469 ], [ -92.8874, 17.5105 ], [ -92.9392, 17.5024 ], [ -92.9469, 17.4821 ], [ -92.968, 17.518 ], [ -92.9849, 17.5113 ], [ -92.9805, 17.5376 ], [ -93.0417, 17.6129 ], [ -93.0371, 17.7034 ], [ -93.0577, 17.7202 ], [ -93.0164, 17.8081 ], [ -93.0431, 17.8426 ], [ -93.1016, 17.8458 ], [ -93.1156, 17.8222 ], [ -93.1318, 17.8523 ], [ -93.0907, 17.8969 ], [ -93.192, 17.9561 ], [ -93.2409, 17.9501 ], [ -93.2783, 17.9853 ], [ -93.298, 17.9386 ], [ -93.3393, 17.934 ], [ -93.3406, 17.7981 ], [ -93.3809, 17.7832 ], [ -93.3462, 17.7756 ], [ -93.3905, 17.7734 ], [ -93.3543, 17.7129 ], [ -93.3563, 17.648 ], [ -93.4459, 17.586 ], [ -93.4517, 17.5465 ], [ -93.4841, 17.5499 ], [ -93.5138, 17.4428 ], [ -93.6274, 17.3128 ], [ -93.6949, 17.3878 ], [ -93.6382, 17.4361 ], [ -93.6504, 17.4589 ], [ -93.6152, 17.5551 ], [ -93.6565, 17.5552 ], [ -93.7132, 17.6307 ], [ -93.7329, 17.6258 ], [ -93.7385, 17.6794 ], [ -93.8051, 17.6894 ], [ -93.8266, 17.7192 ], [ -93.87, 17.7135 ], [ -93.877, 17.7566 ], [ -93.9401, 17.7532 ], [ -93.9678, 17.8452 ], [ -94.0259, 17.8404 ], [ -94.0332, 17.8726 ], [ -94.0834, 17.8699 ], [ -94.092, 17.9619 ], [ -94.0614, 17.9881 ], [ -94.0837, 18.0061 ], [ -94.0744, 18.0589 ], [ -94.0972, 18.0797 ], [ -94.0816, 18.0999 ], [ -94.0979, 18.1684 ], [ -94.1278, 18.1699 ], [ -94.1258, 18.2163 ], [ -93.4353, 18.4279 ], [ -93.2141, 18.4469 ], [ -93.1868, 18.4311 ], [ -93.1984, 18.4532 ], [ -93.0285, 18.4311 ], [ -92.8923, 18.4443 ], [ -92.7715, 18.5053 ], [ -92.6873, 18.6194 ], [ -92.6346, 18.6128 ], [ -92.4688, 18.651 ] ] ] } },
{ "type": "Feature", "properties": { "CVE_ENT": "28", "NOM_ENT": "Tamaulipas" }, "geometry": { "type": "Polygon", "coordinates": [ [ [ -99.7281, 27.6791 ], [ -99.6647, 27.658 ], [ -99.6555, 27.6293 ], [ -99.5959, 27.6398 ], [ -99.5842, 27.6035 ], [ -99.5548, 27.6144 ], [ -99.5115, 27.5661 ], [ -99.5282, 27.4981 ], [ -99.4788, 27.4795 ], [ -99.5045, 27.3388 ], [ -99.5381, 27.3164 ], [ -99.4946, 27.3038 ], [ -99.4909, 27.2627 ], [ -99.4418, 27.2508 ], [ -99.4262, 27.1761 ], [ -99.4457, 27.0219 ], [ -99.3765, 26.9768 ], [ -99.385, 26.9396 ], [ -99.3242, 26.9159 ], [ -99.3171, 26.8655 ], [ -99.268, 26.8426 ], [ -99.2396, 26.7453 ], [ -99.2086, 26.7244 ], [ -99.1715, 26.5431 ], [ -99.1043, 26.4991 ], [ -99.0916, 26.4753 ], [ -99.1136, 26.4325 ], [ -99.084, 26.3976 ], [ -99.0373, 26.4136 ], [ -99.0108, 26.3923 ], [ -98.9744, 26.4013 ], [ -98.9432, 26.3694 ], [ -98.9267, 26.3946 ], [ -98.8961, 26.3531 ], [ -98.8046, 26.3676 ], [ -98.7885, 26.3305 ], [ -98.7507, 26.3312 ], [ -98.7509, 26.296 ], [ -98.7025, 26.2871 ], [ -98.7197, 26.2725 ], [ -98.6811, 26.2629 ], [ -98.6706, 26.237 ], [ -98.5857, 26.2577 ], [ -98.5627, 26.2244 ], [ -98.5542, 26.2478 ], [ -98.4814, 26.2006 ], [ -98.4818, 26.2193 ], [ -98.4441, 26.2242 ], [ -98.4439, 26.2005 ], [ -98.3873, 26.1584 ], [ -98.3357, 26.1658 ], [ -98.3053, 26.1029 ], [ -98.2663, 26.1209 ], [ -98.2881, 26.1043 ], [ -98.1936, 26.0531 ], [ -98.1766, 26.0753 ], [ -98.1469, 26.0491 ], [ -98.1319, 26.0743 ], [ -98.0813, 26.0713 ], [ -98.0729, 26.0364 ], [ -98.0387, 26.0414 ], [ -98.0279, 26.067 ], [ -97.9659, 26.0517 ], [ -97.8614, 26.07 ], [ -97.8343, 26.0456 ], [ -97.8011, 26.0602 ], [ -97.7779, 26.0292 ], [ -97.768, 26.0473 ], [ -97.7615, 26.0256 ], [ -97.7071, 26.0377 ], [ -97.6916, 26.0188 ], [ -97.6626, 26.0381 ], [ -97.6681, 26.0194 ], [ -97.6399, 26.0239 ], [ -97.6493, 26.0104 ], [ -97.6184, 26.0023 ], [ -97.6344, 25.99 ], [ -97.6021, 25.9574 ], [ -97.5679, 25.9525 ], [ -97.5833, 25.9332 ], [ -97.5373, 25.9308 ], [ -97.5213, 25.8863 ], [ -97.4555, 25.8841 ], [ -97.454, 25.8543 ], [ -97.4244, 25.8404 ], [ -97.4094, 25.8623 ], [ -97.4061, 25.8379 ], [ -97.3726, 25.8401 ], [ -97.3564, 25.8878 ], [ -97.375, 25.9083 ], [ -97.3479, 25.9313 ], [ -97.3261, 25.9175 ], [ -97.2768, 25.9352 ], [ -97.284, 25.9593 ], [ -97.1464, 25.9549 ], [ -97.1583, 25.7841 ], [ -97.2009, 25.6299 ], [ -97.5079, 25.066 ], [ -97.6862, 24.4561 ], [ -97.769, 23.3782 ], [ -97.7659, 22.8948 ], [ -97.8593, 22.5725 ], [ -97.8448, 22.4083 ], [ -97.7836, 22.2626 ], [ -97.8321, 22.2381 ], [ -97.8449, 22.207 ], [ -97.9173, 22.2391 ], [ -97.9567, 22.2939 ], [ -98.0003, 22.2974 ], [ -97.9705, 22.328 ], [ -97.99, 22.3509 ], [ -98.0728, 22.3472 ], [ -98.1135, 22.3953 ], [ -98.1875, 22.4239 ], [ -98.195, 22.4696 ], [ -98.2479, 22.4717 ], [ -98.2729, 22.4473 ], [ -98.3168, 22.4686 ], [ -98.3188, 22.3907 ], [ -98.3523, 22.3887 ], [ -98.3552, 22.4074 ], [ -98.3878, 22.3893 ], [ -98.3886, 22.4243 ], [ -98.4095, 22.3999 ], [ -98.4338, 22.4329 ], [ -98.461, 22.4122 ], [ -98.505, 22.4295 ], [ -98.5749, 22.3939 ], [ -98.6381, 22.4145 ], [ -98.7589, 22.3663 ], [ -98.89, 22.3551 ], [ -98.932, 22.3928 ], [ -99.0604, 22.4153 ], [ -99.2368, 22.4129 ], [ -99.3296, 22.6349 ], [ -99.3732, 22.6291 ], [ -99.3855, 22.6703 ], [ -99.442, 22.6636 ], [ -99.4968, 22.7485 ], [ -99.5443, 22.7441 ], [ -99.4945, 22.6209 ], [ -99.5347, 22.6128 ], [ -99.5606, 22.6412 ], [ -99.6825, 22.6811 ], [ -99.7241, 22.6596 ], [ -99.814, 22.6608 ], [ -99.8479, 22.6784 ], [ -99.8428, 22.7306 ], [ -99.8824, 22.7499 ], [ -99.957, 22.7517 ], [ -100.0223, 22.7259 ], [ -100.1019, 22.7628 ], [ -100.0294, 22.8244 ], [ -100.0442, 22.9179 ], [ -100.1104, 22.9167 ], [ -100.1108, 22.9757 ], [ -100.0894, 22.9688 ], [ -100.0974, 23.0131 ], [ -100.0716, 22.9974 ], [ -100.0621, 23.0398 ], [ -100.0113, 23.0654 ], [ -100.069, 23.0959 ], [ -100.0687, 23.1212 ], [ -100.1156, 23.126 ], [ -100.1183, 23.2005 ], [ -100.078, 23.306 ], [ -100.1449, 23.3395 ], [ -100.0803, 23.3957 ], [ -99.9212, 23.3792 ], [ -99.9612, 23.5569 ], [ -99.8607, 23.7745 ], [ -99.769, 23.7845 ], [ -99.6022, 23.7629 ], [ -99.4938, 23.8787 ], [ -99.4569, 23.8661 ], [ -99.4869, 23.9605 ], [ -99.5409, 23.9973 ], [ -99.5419, 24.0336 ], [ -99.6571, 24.118 ], [ -99.5899, 24.3961 ], [ -99.6364, 24.5067 ], [ -99.7198, 24.4837 ], [ -99.733, 24.554 ], [ -99.6094, 24.6225 ], [ -99.5462, 24.6131 ], [ -99.4994, 24.6413 ], [ -99.4777, 24.7126 ], [ -99.3894, 24.7398 ], [ -99.2949, 24.8041 ], [ -99.182, 24.776 ], [ -99.2074, 24.8614 ], [ -99.1589, 24.916 ], [ -99.1809, 25.0115 ], [ -99.1565, 25.0278 ], [ -99.1606, 25.0553 ], [ -99.0976, 25.0631 ], [ -99.0525, 25.1271 ], [ -99.019, 25.0699 ], [ -98.9342, 25.0728 ], [ -98.4231, 25.4475 ], [ -98.4216, 25.4894 ], [ -98.5817, 25.4894 ], [ -98.5851, 26.0179 ], [ -98.8232, 26.0476 ], [ -98.9007, 25.9683 ], [ -99.0239, 26.1041 ], [ -99.0765, 26.0719 ], [ -99.1309, 26.0688 ], [ -99.1263, 26.054 ], [ -99.1601, 26.0612 ], [ -99.1978, 26.2587 ], [ -99.26, 26.2528 ], [ -99.3641, 26.3293 ], [ -99.4012, 26.3048 ], [ -99.4309, 26.3513 ], [ -99.3968, 26.5966 ], [ -99.5383, 26.6646 ], [ -99.6592, 26.6704 ], [ -99.5808, 26.8301 ], [ -99.591, 26.8625 ], [ -99.6614, 26.9008 ], [ -99.7443, 26.9122 ], [ -99.7667, 26.8898 ], [ -99.7701, 26.9284 ], [ -99.7342, 26.9206 ], [ -99.65, 27.0659 ], [ -99.7477, 27.2772 ], [ -99.7604, 27.437 ], [ -99.9191, 27.4915 ], [ -99.9264, 27.5492 ], [ -99.7281, 27.6791 ] ] ] } },
{ "type": "Feature", "properties": { "CVE_ENT": "29", "NOM_ENT": "Tlaxcala" }, "geometry": { "type": "Polygon", "coordinates": [ [ [ -98.0317, 19.2309 ], [ -98.1662, 19.1051 ], [ -98.2043, 19.1149 ], [ -98.1907, 19.14 ], [ -98.223, 19.1366 ], [ -98.3071, 19.1892 ], [ -98.3239, 19.1687 ], [ -98.3427, 19.1779 ], [ -98.3307, 19.2001 ], [ -98.3689, 19.2261 ], [ -98.4077, 19.3159 ], [ -98.4703, 19.3608 ], [ -98.5232, 19.4609 ], [ -98.5703, 19.4668 ], [ -98.5913, 19.4492 ], [ -98.6532, 19.466 ], [ -98.7084, 19.5476 ], [ -98.6924, 19.5859 ], [ -98.6656, 19.6062 ], [ -98.609, 19.6024 ], [ -98.5664, 19.6411 ], [ -98.5504, 19.6186 ], [ -98.5356, 19.6344 ], [ -98.5192, 19.6024 ], [ -98.4902, 19.62 ], [ -98.3817, 19.6094 ], [ -98.3238, 19.6853 ], [ -98.3321, 19.7217 ], [ -98.3111, 19.7277 ], [ -98.2553, 19.7188 ], [ -98.2411, 19.6758 ], [ -98.1656, 19.6675 ], [ -98.1177, 19.6883 ], [ -98.101, 19.668 ], [ -98.0608, 19.7289 ], [ -98.0364, 19.6858 ], [ -98.0422, 19.6402 ], [ -97.9679, 19.6247 ], [ -97.9466, 19.5855 ], [ -97.9162, 19.5939 ], [ -97.8701, 19.5592 ], [ -97.8897, 19.5046 ], [ -97.8487, 19.4828 ], [ -97.8623, 19.4562 ], [ -97.7945, 19.4984 ], [ -97.7969, 19.4724 ], [ -97.7548, 19.4575 ], [ -97.6739, 19.3675 ], [ -97.6314, 19.3554 ], [ -97.6263, 19.3239 ], [ -97.6909, 19.2859 ], [ -97.7196, 19.3048 ], [ -97.7714, 19.2837 ], [ -97.8393, 19.3014 ], [ -97.8703, 19.2706 ], [ -97.851, 19.2229 ], [ -97.9282, 19.1642 ], [ -98.0317, 19.2309 ] ] ] } },
{ "type": "Feature", "properties": { "CVE_ENT": "30", "NOM_ENT": "Veracruz de Ignacio de la Llave" }, "geometry": { "type": "MultiPolygon", "coordinates": [ [ [ [ -96.091, 19.1755 ], [ -96.0929, 19.1762 ], [ -96.0921, 19.1772 ], [ -96.091, 19.1755 ] ] ], [ [ [ -97.2285, 21.4727 ], [ -97.225, 21.4687 ], [ -97.2304, 21.4686 ], [ -97.2285, 21.4727 ] ] ], [ [ [ -96.6725, 18.6076 ], [ -96.7269, 18.5298 ], [ -96.6815, 18.5033 ], [ -96.7097, 18.43 ], [ -96.675, 18.3842 ], [ -96.6962, 18.3648 ], [ -96.6977, 18.3821 ], [ -96.741, 18.3826 ], [ -96.7249, 18.4082 ], [ -96.781, 18.4291 ], [ -96.797, 18.5119 ], [ -96.8424, 18.4934 ], [ -96.8992, 18.5486 ], [ -96.9259, 18.5349 ], [ -96.9543, 18.5538 ], [ -96.9989, 18.5319 ], [ -97.08, 18.4545 ], [ -97.1414, 18.5964 ], [ -97.2354, 18.6436 ], [ -97.2718, 18.6278 ], [ -97.3032, 18.6743 ], [ -97.3232, 18.6643 ], [ -97.344, 18.6858 ], [ -97.3301, 18.766 ], [ -97.353, 18.7913 ], [ -97.2973, 18.8673 ], [ -97.2418, 18.9021 ], [ -97.2583, 18.9777 ], [ -97.2851, 18.9994 ], [ -97.2614, 19.0966 ], [ -97.1972, 19.1466 ], [ -97.1946, 19.1718 ], [ -97.0667, 19.1595 ], [ -97.0556, 19.134 ], [ -97.027, 19.1332 ], [ -97.0561, 19.1977 ], [ -97.0012, 19.2365 ], [ -96.9856, 19.2794 ], [ -97.0455, 19.3213 ], [ -97.102, 19.3036 ], [ -97.1702, 19.329 ], [ -97.2003, 19.3093 ], [ -97.2102, 19.3594 ], [ -97.285, 19.3916 ], [ -97.3604, 19.376 ], [ -97.3973, 19.4191 ], [ -97.3573, 19.4324 ], [ -97.3483, 19.4846 ], [ -97.4045, 19.4959 ], [ -97.4266, 19.5417 ], [ -97.4185, 19.6272 ], [ -97.4027, 19.6153 ], [ -97.3412, 19.6757 ], [ -97.3039, 19.6712 ], [ -97.3331, 19.7168 ], [ -97.3138, 19.7351 ], [ -97.3046, 19.8707 ], [ -97.2558, 19.9325 ], [ -97.2607, 19.9773 ], [ -97.2069, 20.0147 ], [ -97.2061, 20.0564 ], [ -97.1224, 20.1367 ], [ -97.1514, 20.1375 ], [ -97.15, 20.1606 ], [ -97.3655, 20.2157 ], [ -97.3782, 20.2493 ], [ -97.4082, 20.2321 ], [ -97.4453, 20.2462 ], [ -97.4651, 20.1802 ], [ -97.5054, 20.1539 ], [ -97.4948, 20.1373 ], [ -97.586, 20.0793 ], [ -97.6045, 20.1669 ], [ -97.6328, 20.1832 ], [ -97.6868, 20.1658 ], [ -97.7394, 20.1895 ], [ -97.7351, 20.2424 ], [ -97.7573, 20.2791 ], [ -97.6814, 20.3024 ], [ -97.6731, 20.3366 ], [ -97.6793, 20.3499 ], [ -97.7007, 20.3199 ], [ -97.7656, 20.3812 ], [ -97.7346, 20.4513 ], [ -97.7092, 20.4551 ], [ -97.6721, 20.4085 ], [ -97.6454, 20.4083 ], [ -97.6354, 20.4522 ], [ -97.576, 20.4909 ], [ -97.541, 20.4897 ], [ -97.5879, 20.5611 ], [ -97.6848, 20.5543 ], [ -97.6934, 20.6027 ], [ -97.7154, 20.6091 ], [ -97.7045, 20.6292 ], [ -97.7495, 20.6433 ], [ -97.753, 20.7324 ], [ -97.7228, 20.75 ], [ -97.726, 20.7917 ], [ -97.6952, 20.8 ], [ -97.773, 20.8272 ], [ -97.8307, 20.808 ], [ -97.8501, 20.8169 ], [ -97.8411, 20.8393 ], [ -97.8791, 20.8343 ], [ -97.9224, 20.7165 ], [ -97.8974, 20.7032 ], [ -97.9178, 20.6712 ], [ -97.8951, 20.6227 ], [ -97.9097, 20.5864 ], [ -97.9808, 20.5407 ], [ -97.9793, 20.5149 ], [ -98.0173, 20.526 ], [ -98.021, 20.6268 ], [ -98.0749, 20.6765 ], [ -98.0872, 20.6229 ], [ -98.158, 20.5426 ], [ -98.2287, 20.5208 ], [ -98.3121, 20.4498 ], [ -98.321, 20.418 ], [ -98.3861, 20.4027 ], [ -98.4604, 20.3314 ], [ -98.549, 20.3603 ], [ -98.5497, 20.4354 ], [ -98.5973, 20.4958 ], [ -98.5347, 20.5307 ], [ -98.5122, 20.5942 ], [ -98.4802, 20.589 ], [ -98.4948, 20.6443 ], [ -98.4214, 20.7443 ], [ -98.5334, 20.6627 ], [ -98.5502, 20.6894 ], [ -98.5166, 20.7429 ], [ -98.4497, 20.7513 ], [ -98.4645, 20.7725 ], [ -98.4505, 20.8215 ], [ -98.4029, 20.8584 ], [ -98.3451, 20.8648 ], [ -98.3529, 20.836 ], [ -98.3148, 20.8098 ], [ -98.3447, 20.7975 ], [ -98.3285, 20.7841 ], [ -98.3078, 20.8019 ], [ -98.2988, 20.7778 ], [ -98.2336, 20.7976 ], [ -98.2247, 20.8182 ], [ -98.2538, 20.8215 ], [ -98.2655, 20.8665 ], [ -98.2249, 20.9064 ], [ -98.2374, 20.9348 ], [ -98.2016, 21.0125 ], [ -98.1883, 21.0313 ], [ -98.1612, 21.0191 ], [ -98.1474, 21.0784 ], [ -98.2017, 21.1061 ], [ -98.2168, 21.1515 ], [ -98.2491, 21.1294 ], [ -98.2822, 21.1364 ], [ -98.2959, 21.1536 ], [ -98.2791, 21.1927 ], [ -98.3507, 21.1571 ], [ -98.4164, 21.155 ], [ -98.4796, 21.2239 ], [ -98.4684, 21.2496 ], [ -98.5165, 21.2443 ], [ -98.544, 21.2639 ], [ -98.4956, 21.3404 ], [ -98.4648, 21.3478 ], [ -98.4687, 21.387 ], [ -98.5192, 21.4013 ], [ -98.5322, 21.5011 ], [ -98.6022, 21.5404 ], [ -98.6211, 21.6278 ], [ -98.6436, 21.6317 ], [ -98.6095, 21.6672 ], [ -98.622, 21.6824 ], [ -98.5792, 21.6719 ], [ -98.5582, 21.6877 ], [ -98.5674, 21.7174 ], [ -98.5438, 21.7234 ], [ -98.5307, 21.6973 ], [ -98.5374, 21.7206 ], [ -98.4547, 21.7664 ], [ -98.475, 21.8142 ], [ -98.4931, 21.8139 ], [ -98.4863, 21.8363 ], [ -98.5145, 21.8239 ], [ -98.5289, 21.8632 ], [ -98.548, 21.8601 ], [ -98.5382, 21.9058 ], [ -98.5108, 21.9087 ], [ -98.5438, 21.9321 ], [ -98.5004, 21.9231 ], [ -98.5031, 21.9366 ], [ -98.5156, 21.9513 ], [ -98.566, 21.9376 ], [ -98.5788, 21.9661 ], [ -98.522, 21.9794 ], [ -98.4688, 21.9646 ], [ -98.4815, 21.9905 ], [ -98.4595, 21.9952 ], [ -98.4188, 22.098 ], [ -98.432, 22.1283 ], [ -98.3365, 22.1877 ], [ -98.3523, 22.2228 ], [ -98.326, 22.243 ], [ -98.3745, 22.2361 ], [ -98.3681, 22.2554 ], [ -98.4051, 22.2561 ], [ -98.3964, 22.2763 ], [ -98.4304, 22.2746 ], [ -98.4467, 22.3056 ], [ -98.4759, 22.2886 ], [ -98.5793, 22.3486 ], [ -98.5793, 22.3778 ], [ -98.6815, 22.3716 ], [ -98.6709, 22.4057 ], [ -98.5749, 22.3939 ], [ -98.5064, 22.4293 ], [ -98.461, 22.4122 ], [ -98.4372, 22.4336 ], [ -98.4095, 22.3999 ], [ -98.3847, 22.4223 ], [ -98.3878, 22.3893 ], [ -98.3552, 22.4074 ], [ -98.3523, 22.3887 ], [ -98.3188, 22.3907 ], [ -98.3168, 22.4686 ], [ -98.2729, 22.4473 ], [ -98.2479, 22.4717 ], [ -98.195, 22.4696 ], [ -98.189, 22.4253 ], [ -98.1135, 22.3953 ], [ -98.0743, 22.3478 ], [ -97.99, 22.3509 ], [ -97.9705, 22.328 ], [ -98.0003, 22.2974 ], [ -97.9567, 22.2939 ], [ -97.895, 22.2224 ], [ -97.8449, 22.207 ], [ -97.8248, 22.2441 ], [ -97.7924, 22.2603 ], [ -97.7743, 22.2639 ], [ -97.7937, 22.2497 ], [ -97.7852, 22.1663 ], [ -97.6981, 21.9565 ], [ -97.5643, 21.7708 ], [ -97.3279, 21.5672 ], [ -97.3506, 21.4566 ], [ -97.4144, 21.3254 ], [ -97.4202, 21.2309 ], [ -97.2052, 20.7761 ], [ -97.1756, 20.6587 ], [ -96.7102, 20.1652 ], [ -96.4495, 19.8492 ], [ -96.4011, 19.7253 ], [ -96.374, 19.5609 ], [ -96.3128, 19.4792 ], [ -96.3023, 19.3336 ], [ -96.1693, 19.2219 ], [ -96.1235, 19.2139 ], [ -96.1403, 19.2101 ], [ -96.0927, 19.1515 ], [ -96.105, 19.1236 ], [ -96.0826, 19.0777 ], [ -95.9728, 19.0566 ], [ -95.9589, 18.9591 ], [ -95.92, 18.8781 ], [ -95.8623, 18.8325 ], [ -95.6461, 18.7359 ], [ -95.4919, 18.7125 ], [ -95.189, 18.7097 ], [ -95.0795, 18.6417 ], [ -95.0338, 18.5723 ], [ -94.8166, 18.5386 ], [ -94.7365, 18.3939 ], [ -94.6231, 18.2871 ], [ -94.607, 18.204 ], [ -94.5398, 18.1612 ], [ -94.373, 18.1614 ], [ -94.13, 18.2128 ], [ -94.1269, 18.1682 ], [ -94.0947, 18.1607 ], [ -94.0837, 18.0065 ], [ -94.0614, 17.9881 ], [ -94.092, 17.9619 ], [ -94.0834, 17.8699 ], [ -94.0332, 17.8726 ], [ -94.0259, 17.8404 ], [ -93.9678, 17.8452 ], [ -93.9401, 17.7532 ], [ -93.877, 17.7566 ], [ -93.87, 17.7135 ], [ -93.8266, 17.7192 ], [ -93.8051, 17.6894 ], [ -93.7385, 17.6794 ], [ -93.7329, 17.6258 ], [ -93.7132, 17.6307 ], [ -93.6565, 17.5552 ], [ -93.6152, 17.5551 ], [ -93.6504, 17.4589 ], [ -93.6382, 17.4361 ], [ -93.6949, 17.3878 ], [ -93.635, 17.3377 ], [ -93.6415, 17.318 ], [ -93.6079, 17.3149 ], [ -93.6644, 17.2862 ], [ -93.6627, 17.2563 ], [ -93.8014, 17.2404 ], [ -93.8271, 17.1725 ], [ -93.8609, 17.1637 ], [ -93.8674, 17.137 ], [ -94.9228, 17.1938 ], [ -94.8954, 17.2564 ], [ -94.9148, 17.2926 ], [ -94.8908, 17.3111 ], [ -94.951, 17.3156 ], [ -95.0766, 17.3729 ], [ -95.253, 17.6078 ], [ -95.2788, 17.6132 ], [ -95.2482, 17.646 ], [ -95.1881, 17.6507 ], [ -95.1824, 17.6911 ], [ -95.2389, 17.7393 ], [ -95.269, 17.7409 ], [ -95.2655, 17.7175 ], [ -95.2978, 17.7221 ], [ -95.3338, 17.6752 ], [ -95.4255, 17.6475 ], [ -95.4731, 17.6091 ], [ -95.463, 17.5964 ], [ -95.4842, 17.6019 ], [ -95.5853, 17.535 ], [ -95.6536, 17.5605 ], [ -95.6485, 17.5399 ], [ -95.7021, 17.5185 ], [ -95.7251, 17.5362 ], [ -95.7269, 17.578 ], [ -95.7817, 17.603 ], [ -95.8075, 17.5918 ], [ -95.8035, 17.6071 ], [ -95.7737, 17.6058 ], [ -95.7811, 17.6389 ], [ -95.8033, 17.6294 ], [ -95.8953, 17.7045 ], [ -95.8728, 17.7274 ], [ -95.9029, 17.7341 ], [ -95.8664, 17.7744 ], [ -95.8588, 17.8448 ], [ -95.7999, 17.95 ], [ -95.8332, 18.129 ], [ -95.9535, 18.1599 ], [ -96.0514, 18.1267 ], [ -96.0992, 18.1668 ], [ -96.1356, 18.1341 ], [ -96.1797, 18.1406 ], [ -96.1697, 18.1857 ], [ -96.2175, 18.162 ], [ -96.268, 18.2244 ], [ -96.2887, 18.2627 ], [ -96.2708, 18.2978 ], [ -96.3099, 18.3224 ], [ -96.3526, 18.4102 ], [ -96.403, 18.4399 ], [ -96.4573, 18.5704 ], [ -96.5609, 18.5877 ], [ -96.683, 18.6697 ], [ -96.6725, 18.6076 ] ] ] ] } },
{ "type": "Feature", "properties": { "CVE_ENT": "31", "NOM_ENT": "Yucatán" }, "geometry": { "type": "MultiPolygon", "coordinates": [ [ [ [ -92.2247, 20.9137 ], [ -92.2389, 20.8985 ], [ -92.2453, 20.9018 ], [ -92.2247, 20.9137 ] ] ], [ [ [ -92.2002, 20.9246 ], [ -92.2011, 20.9241 ], [ -92.2012, 20.9252 ], [ -92.2002, 20.9246 ] ] ], [ [ [ -92.197, 20.9275 ], [ -92.1996, 20.9262 ], [ -92.1973, 20.9288 ], [ -92.197, 20.9275 ] ] ], [ [ [ -92.2007, 20.9346 ], [ -92.2057, 20.9194 ], [ -92.2157, 20.9139 ], [ -92.2007, 20.9346 ] ] ], [ [ [ -92.3025, 20.9894 ], [ -92.3071, 20.9764 ], [ -92.3242, 20.9742 ], [ -92.3249, 20.9839 ], [ -92.3025, 20.9894 ] ] ], [ [ [ -92.079, 21.8393 ], [ -92.0816, 21.8384 ], [ -92.0805, 21.8403 ], [ -92.079, 21.8393 ] ] ], [ [ [ -88.2852, 21.5639 ], [ -88.2837, 21.5631 ], [ -88.2853, 21.5628 ], [ -88.2852, 21.5639 ] ] ], [ [ [ -87.9629, 21.6101 ], [ -87.7384, 21.5304 ], [ -87.5349, 21.4902 ], [ -87.5331, 20.9996 ], [ -87.7443, 20.6538 ], [ -87.9627, 20.4467 ], [ -87.9951, 20.4473 ], [ -87.993, 20.418 ], [ -88.1365, 20.2814 ], [ -88.2646, 20.2903 ], [ -88.2668, 20.2691 ], [ -88.3088, 20.2535 ], [ -88.4091, 20.2521 ], [ -88.4029, 20.2395 ], [ -88.4434, 20.2381 ], [ -88.5199, 20.1923 ], [ -88.5023, 20.1901 ], [ -88.5076, 20.1434 ], [ -88.5767, 20.1481 ], [ -88.6906, 20.0899 ], [ -88.7002, 20.0104 ], [ -88.7835, 20.0082 ], [ -88.8259, 19.8799 ], [ -88.9005, 19.8611 ], [ -88.9295, 19.7909 ], [ -88.9744, 19.8181 ], [ -89.0041, 19.772 ], [ -89.0252, 19.7767 ], [ -89.0488, 19.7215 ], [ -88.9947, 19.7274 ], [ -88.9975, 19.7049 ], [ -89.0305, 19.7088 ], [ -89.0362, 19.678 ], [ -89.1234, 19.7034 ], [ -89.1336, 19.6146 ], [ -89.1084, 19.6123 ], [ -89.109, 19.5823 ], [ -89.1495, 19.5812 ], [ -89.1449, 19.6374 ], [ -89.1892, 19.644 ], [ -89.2229, 19.6367 ], [ -89.2196, 19.608 ], [ -89.2966, 19.5512 ], [ -89.4683, 19.7002 ], [ -89.4917, 19.7422 ], [ -89.4759, 19.7712 ], [ -89.5257, 19.7756 ], [ -89.5875, 19.8744 ], [ -89.5987, 19.9982 ], [ -89.7485, 20.1793 ], [ -89.794, 20.1362 ], [ -89.8025, 20.2016 ], [ -89.8462, 20.2097 ], [ -89.8407, 20.251 ], [ -89.8757, 20.2531 ], [ -89.8724, 20.2876 ], [ -89.838, 20.2872 ], [ -90.0042, 20.487 ], [ -90.0672, 20.4252 ], [ -90.1863, 20.4369 ], [ -90.1848, 20.461 ], [ -90.2342, 20.4705 ], [ -90.2292, 20.5436 ], [ -90.3352, 20.5413 ], [ -90.3352, 20.5763 ], [ -90.3411, 20.5537 ], [ -90.3866, 20.5556 ], [ -90.3794, 20.8483 ], [ -90.3998, 20.8453 ], [ -90.407, 20.8487 ], [ -90.3402, 21.0035 ], [ -90.0946, 21.1555 ], [ -89.9922, 21.1781 ], [ -89.8451, 21.2508 ], [ -89.6696, 21.2851 ], [ -89.6814, 21.3489 ], [ -89.6644, 21.2884 ], [ -88.8406, 21.3979 ], [ -88.6947, 21.4511 ], [ -88.6067, 21.5251 ], [ -88.3766, 21.5678 ], [ -88.2699, 21.5557 ], [ -88.145, 21.6239 ], [ -87.9629, 21.6101 ] ] ], [ [ [ -91.3859, 22.1115 ], [ -91.3875, 22.1116 ], [ -91.386, 22.1123 ], [ -91.3859, 22.1115 ] ] ], [ [ [ -91.3836, 22.117 ], [ -91.3803, 22.1165 ], [ -91.3835, 22.1154 ], [ -91.3836, 22.117 ] ] ], [ [ [ -91.4074, 22.1183 ], [ -91.4091, 22.1178 ], [ -91.4092, 22.1191 ], [ -91.4074, 22.1183 ] ] ], [ [ [ -91.4056, 22.1178 ], [ -91.405, 22.1189 ], [ -91.4045, 22.1176 ], [ -91.4056, 22.1178 ] ] ], [ [ [ -91.3881, 22.1228 ], [ -91.3894, 22.1222 ], [ -91.3896, 22.1236 ], [ -91.3881, 22.1228 ] ] ], [ [ [ -89.6624, 22.3709 ], [ -89.6643, 22.3707 ], [ -89.6626, 22.3715 ], [ -89.6624, 22.3709 ] ] ], [ [ [ -89.6657, 22.3727 ], [ -89.6717, 22.3677 ], [ -89.674, 22.368 ], [ -89.6657, 22.3727 ] ] ], [ [ [ -89.6669, 22.3804 ], [ -89.6686, 22.3799 ], [ -89.668, 22.3806 ], [ -89.6669, 22.3804 ] ] ], [ [ [ -89.6786, 22.3815 ], [ -89.6746, 22.3769 ], [ -89.6801, 22.3803 ], [ -89.6786, 22.3815 ] ] ], [ [ [ -89.6791, 22.3822 ], [ -89.6819, 22.3809 ], [ -89.68, 22.3837 ], [ -89.6791, 22.3822 ] ] ], [ [ [ -89.6782, 22.3898 ], [ -89.6792, 22.3875 ], [ -89.6796, 22.3901 ], [ -89.6782, 22.3898 ] ] ], [ [ [ -89.6745, 22.3905 ], [ -89.6756, 22.3883 ], [ -89.6756, 22.3904 ], [ -89.6745, 22.3905 ] ] ], [ [ [ -89.7285, 22.4285 ], [ -89.7253, 22.4247 ], [ -89.7293, 22.4245 ], [ -89.7285, 22.4285 ] ] ], [ [ [ -89.72, 22.4286 ], [ -89.7209, 22.4278 ], [ -89.7207, 22.4285 ], [ -89.72, 22.4286 ] ] ], [ [ [ -89.7199, 22.4313 ], [ -89.7161, 22.4304 ], [ -89.7202, 22.4305 ], [ -89.7199, 22.4313 ] ] ], [ [ [ -89.7275, 22.4336 ], [ -89.7285, 22.433 ], [ -89.7285, 22.4335 ], [ -89.7275, 22.4336 ] ] ], [ [ [ -89.7304, 22.4339 ], [ -89.727, 22.4289 ], [ -89.7286, 22.4288 ], [ -89.7317, 22.4247 ], [ -89.7304, 22.4339 ] ] ], [ [ [ -89.7414, 22.4391 ], [ -89.7396, 22.433 ], [ -89.7438, 22.435 ], [ -89.7414, 22.4391 ] ] ], [ [ [ -89.7315, 22.4408 ], [ -89.733, 22.4391 ], [ -89.7334, 22.4403 ], [ -89.7315, 22.4408 ] ] ], [ [ [ -89.7294, 22.4431 ], [ -89.7254, 22.4427 ], [ -89.7276, 22.4395 ], [ -89.7294, 22.4431 ] ] ], [ [ [ -89.7232, 22.4453 ], [ -89.7259, 22.4441 ], [ -89.7256, 22.4457 ], [ -89.7232, 22.4453 ] ] ], [ [ [ -89.7401, 22.4726 ], [ -89.7448, 22.4721 ], [ -89.744, 22.4759 ], [ -89.7401, 22.4726 ] ] ], [ [ [ -89.7555, 22.4842 ], [ -89.7387, 22.4489 ], [ -89.7387, 22.4402 ], [ -89.7592, 22.4702 ], [ -89.7555, 22.4842 ] ] ], [ [ [ -89.7485, 22.4868 ], [ -89.7511, 22.4844 ], [ -89.7516, 22.4863 ], [ -89.7485, 22.4868 ] ] ], [ [ [ -89.7495, 22.4914 ], [ -89.7541, 22.4933 ], [ -89.7498, 22.4945 ], [ -89.7495, 22.4914 ] ] ], [ [ [ -89.7355, 22.4953 ], [ -89.7246, 22.5001 ], [ -89.7285, 22.4905 ], [ -89.7355, 22.4953 ] ] ], [ [ [ -89.7578, 22.509 ], [ -89.7609, 22.506 ], [ -89.7597, 22.5097 ], [ -89.7578, 22.509 ] ] ], [ [ [ -89.7845, 22.5055 ], [ -89.757, 22.491 ], [ -89.7586, 22.48 ], [ -89.7845, 22.5055 ] ] ], [ [ [ -89.7363, 22.5118 ], [ -89.7385, 22.5076 ], [ -89.7391, 22.5107 ], [ -89.7363, 22.5118 ] ] ], [ [ [ -89.7172, 22.5113 ], [ -89.7202, 22.507 ], [ -89.7202, 22.5107 ], [ -89.7172, 22.5113 ] ] ], [ [ [ -89.7313, 22.5189 ], [ -89.7312, 22.5124 ], [ -89.7357, 22.5176 ], [ -89.7313, 22.5189 ] ] ], [ [ [ -89.7501, 22.52 ], [ -89.7533, 22.5187 ], [ -89.7538, 22.5228 ], [ -89.7501, 22.52 ] ] ], [ [ [ -89.7435, 22.523 ], [ -89.7418, 22.5137 ], [ -89.7505, 22.5061 ], [ -89.7435, 22.523 ] ] ], [ [ [ -89.7509, 22.5287 ], [ -89.7513, 22.5241 ], [ -89.752, 22.5284 ], [ -89.7509, 22.5287 ] ] ], [ [ [ -89.7383, 22.5311 ], [ -89.7405, 22.53 ], [ -89.7394, 22.5318 ], [ -89.7383, 22.5311 ] ] ], [ [ [ -89.7426, 22.5323 ], [ -89.7371, 22.5249 ], [ -89.737, 22.5216 ], [ -89.7403, 22.5225 ], [ -89.7426, 22.5323 ] ] ], [ [ [ -89.743, 22.5389 ], [ -89.7389, 22.536 ], [ -89.7425, 22.535 ], [ -89.743, 22.5389 ] ] ], [ [ [ -89.7411, 22.541 ], [ -89.7357, 22.5388 ], [ -89.7374, 22.5365 ], [ -89.7411, 22.541 ] ] ], [ [ [ -89.7633, 22.5629 ], [ -89.7603, 22.5617 ], [ -89.7601, 22.561 ], [ -89.7632, 22.5612 ], [ -89.7633, 22.5629 ] ] ], [ [ [ -89.7749, 22.5638 ], [ -89.7763, 22.5607 ], [ -89.7781, 22.5626 ], [ -89.7749, 22.5638 ] ] ], [ [ [ -89.7782, 22.5612 ], [ -89.7807, 22.5626 ], [ -89.7803, 22.5667 ], [ -89.7782, 22.5612 ] ] ], [ [ [ -89.7756, 22.5669 ], [ -89.7774, 22.567 ], [ -89.7766, 22.5687 ], [ -89.7756, 22.5669 ] ] ], [ [ [ -89.7738, 22.5722 ], [ -89.7753, 22.5707 ], [ -89.7749, 22.5727 ], [ -89.7738, 22.5722 ] ] ], [ [ [ -89.7619, 22.5801 ], [ -89.7648, 22.577 ], [ -89.7626, 22.5811 ], [ -89.7619, 22.5801 ] ] ], [ [ [ -89.7605, 22.5812 ], [ -89.7585, 22.5753 ], [ -89.7596, 22.5753 ], [ -89.7605, 22.5812 ] ] ], [ [ [ -89.751, 22.5787 ], [ -89.7575, 22.5701 ], [ -89.7529, 22.5825 ], [ -89.751, 22.5787 ] ] ], [ [ [ -89.6655, 22.5521 ], [ -89.6085, 22.4537 ], [ -89.6308, 22.3851 ], [ -89.6602, 22.3654 ], [ -89.6613, 22.3712 ], [ -89.6512, 22.3763 ], [ -89.6471, 22.3882 ], [ -89.6629, 22.3726 ], [ -89.6587, 22.3901 ], [ -89.6872, 22.3976 ], [ -89.6798, 22.3866 ], [ -89.6929, 22.3814 ], [ -89.7299, 22.421 ], [ -89.6897, 22.416 ], [ -89.7016, 22.4325 ], [ -89.7291, 22.4367 ], [ -89.7126, 22.4541 ], [ -89.7325, 22.4861 ], [ -89.7053, 22.495 ], [ -89.7159, 22.5314 ], [ -89.7533, 22.5471 ], [ -89.7442, 22.5233 ], [ -89.7564, 22.5394 ], [ -89.7707, 22.5136 ], [ -89.7955, 22.5151 ], [ -89.7829, 22.5531 ], [ -89.7745, 22.5602 ], [ -89.7616, 22.5597 ], [ -89.7487, 22.5677 ], [ -89.751, 22.5854 ], [ -89.6655, 22.5521 ] ] ] ] } },
{ "type": "Feature", "properties": { "CVE_ENT": "32", "NOM_ENT": "Zacatecas" }, "geometry": { "type": "Polygon", "coordinates": [ [ [ -101.8488, 25.0176 ], [ -101.7735, 24.8755 ], [ -101.6851, 24.84 ], [ -101.6563, 24.8608 ], [ -101.6013, 24.8356 ], [ -101.609, 24.7897 ], [ -101.6408, 24.8007 ], [ -101.6223, 24.759 ], [ -101.4616, 24.7368 ], [ -101.3421, 24.8133 ], [ -101.215, 24.7752 ], [ -101.1276, 24.6234 ], [ -101.0805, 24.5912 ], [ -100.9588, 24.5427 ], [ -100.9022, 24.5839 ], [ -100.7999, 24.5562 ], [ -100.7423, 24.4604 ], [ -100.8504, 24.3435 ], [ -100.9453, 24.2812 ], [ -101.0067, 24.3358 ], [ -100.9873, 24.4325 ], [ -101.0654, 24.207 ], [ -101.2167, 24.1597 ], [ -101.1925, 23.9186 ], [ -101.7751, 23.4476 ], [ -102.1225, 23.3539 ], [ -102.1688, 23.361 ], [ -102.1936, 23.4476 ], [ -102.2381, 23.4469 ], [ -102.2536, 23.365 ], [ -102.296, 23.3205 ], [ -102.2695, 23.2799 ], [ -102.2316, 23.3151 ], [ -102.2447, 23.2768 ], [ -102.2858, 23.2733 ], [ -102.2894, 23.2317 ], [ -102.2394, 23.2095 ], [ -102.2141, 23.1313 ], [ -102.26, 23.0459 ], [ -102.2381, 23.0476 ], [ -102.1921, 22.8649 ], [ -102.1249, 22.7829 ], [ -101.9397, 22.6457 ], [ -101.8533, 22.656 ], [ -101.8729, 22.5631 ], [ -101.8199, 22.5513 ], [ -101.8371, 22.4997 ], [ -101.7993, 22.4706 ], [ -101.7354, 22.4802 ], [ -101.7462, 22.5087 ], [ -101.696, 22.5204 ], [ -101.6599, 22.5053 ], [ -101.5901, 22.589 ], [ -101.5953, 22.6241 ], [ -101.5738, 22.6128 ], [ -101.5674, 22.6568 ], [ -101.497, 22.7015 ], [ -101.491, 22.7429 ], [ -101.4111, 22.7477 ], [ -101.3492, 22.7118 ], [ -101.38, 22.6758 ], [ -101.3369, 22.6588 ], [ -101.3057, 22.6099 ], [ -101.2857, 22.5079 ], [ -101.3137, 22.4535 ], [ -101.3748, 22.4565 ], [ -101.3819, 22.3575 ], [ -101.433, 22.3633 ], [ -101.4351, 22.3415 ], [ -101.3914, 22.2999 ], [ -101.4163, 22.2673 ], [ -101.3768, 22.2617 ], [ -101.3242, 22.2099 ], [ -101.3513, 22.1768 ], [ -101.3277, 22.1441 ], [ -101.3466, 22.0497 ], [ -101.3771, 22.045 ], [ -101.3827, 22.0207 ], [ -101.3517, 22.0438 ], [ -101.3309, 22.0353 ], [ -101.3279, 22.0165 ], [ -101.3486, 22.0281 ], [ -101.3524, 22.0131 ], [ -101.3275, 21.997 ], [ -101.3734, 21.9902 ], [ -101.4292, 21.9344 ], [ -101.4102, 21.9087 ], [ -101.4418, 21.9093 ], [ -101.4832, 21.8677 ], [ -101.4963, 21.8099 ], [ -101.537, 21.8105 ], [ -101.566, 21.842 ], [ -101.5698, 21.9171 ], [ -101.6167, 21.9294 ], [ -101.6507, 21.9077 ], [ -101.6591, 21.9416 ], [ -101.7466, 22.0121 ], [ -101.8617, 22.0289 ], [ -101.8552, 22.0465 ], [ -102.0259, 22.1298 ], [ -102.0171, 22.154 ], [ -102.0452, 22.1537 ], [ -102.001, 22.1681 ], [ -101.9997, 22.2337 ], [ -102.0225, 22.2416 ], [ -102.0373, 22.299 ], [ -102.1532, 22.2904 ], [ -102.1498, 22.3472 ], [ -102.2532, 22.3745 ], [ -102.3118, 22.4569 ], [ -102.3214, 22.3885 ], [ -102.4686, 22.3519 ], [ -102.4702, 22.3092 ], [ -102.6687, 22.2919 ], [ -102.67, 22.2457 ], [ -102.6393, 22.226 ], [ -102.6693, 22.194 ], [ -102.6909, 22.1066 ], [ -102.7558, 22.0737 ], [ -102.8742, 21.8528 ], [ -102.8473, 21.8334 ], [ -102.8533, 21.799 ], [ -102.7453, 21.72 ], [ -102.8053, 21.6713 ], [ -102.7734, 21.6583 ], [ -102.7647, 21.5961 ], [ -102.6951, 21.5729 ], [ -102.6964, 21.543 ], [ -102.6307, 21.534 ], [ -102.6597, 21.4109 ], [ -102.6426, 21.3672 ], [ -102.695, 21.3407 ], [ -102.7291, 21.3874 ], [ -102.7553, 21.3232 ], [ -102.7889, 21.3295 ], [ -102.7985, 21.3069 ], [ -102.812, 21.3237 ], [ -102.8152, 21.2947 ], [ -102.8488, 21.2932 ], [ -102.9106, 21.2052 ], [ -102.9969, 21.2597 ], [ -103.017, 21.241 ], [ -103.0655, 21.2558 ], [ -103.0843, 21.1941 ], [ -103.0714, 21.1529 ], [ -103.0985, 21.1285 ], [ -103.0565, 21.0993 ], [ -103.1273, 21.0535 ], [ -103.2096, 21.0942 ], [ -103.2582, 21.0831 ], [ -103.2757, 21.0514 ], [ -103.2965, 21.0648 ], [ -103.3531, 21.0453 ], [ -103.4286, 21.1467 ], [ -103.504, 21.1277 ], [ -103.5315, 21.142 ], [ -103.569, 21.1167 ], [ -103.6136, 21.1562 ], [ -103.6186, 21.1888 ], [ -103.6673, 21.216 ], [ -103.6402, 21.2221 ], [ -103.634, 21.2823 ], [ -103.6667, 21.2905 ], [ -103.7136, 21.2667 ], [ -103.7208, 21.308 ], [ -103.6169, 21.3534 ], [ -103.5784, 21.3302 ], [ -103.5676, 21.3522 ], [ -103.51, 21.3549 ], [ -103.5039, 21.3768 ], [ -103.5387, 21.4448 ], [ -103.5759, 21.4362 ], [ -103.5953, 21.3909 ], [ -103.6265, 21.4345 ], [ -103.6608, 21.4416 ], [ -103.6587, 21.4637 ], [ -103.7015, 21.4663 ], [ -103.6726, 21.5055 ], [ -103.6898, 21.5523 ], [ -103.6449, 21.5765 ], [ -103.5929, 21.5592 ], [ -103.5905, 21.5898 ], [ -103.5452, 21.5876 ], [ -103.5555, 21.6341 ], [ -103.5085, 21.7397 ], [ -103.5726, 21.8035 ], [ -103.526, 21.8051 ], [ -103.5028, 21.8331 ], [ -103.4705, 21.8135 ], [ -103.4139, 21.9055 ], [ -103.3441, 21.9135 ], [ -103.3413, 21.9404 ], [ -103.2786, 21.9896 ], [ -103.2056, 21.9652 ], [ -103.2017, 21.9986 ], [ -103.1115, 22.0143 ], [ -103.1079, 22.0634 ], [ -103.1543, 22.0722 ], [ -103.1528, 22.0876 ], [ -103.077, 22.1255 ], [ -103.1088, 22.1443 ], [ -103.1061, 22.1914 ], [ -103.0548, 22.2138 ], [ -103.0554, 22.2473 ], [ -103.101, 22.294 ], [ -103.1906, 22.2985 ], [ -103.2206, 22.2805 ], [ -103.1686, 22.385 ], [ -103.2852, 22.4142 ], [ -103.3667, 22.351 ], [ -103.3429, 22.3351 ], [ -103.3637, 22.3145 ], [ -103.3557, 22.2798 ], [ -103.3069, 22.3063 ], [ -103.3139, 22.2587 ], [ -103.2951, 22.2533 ], [ -103.409, 22.2154 ], [ -103.4341, 22.1908 ], [ -103.4197, 22.1775 ], [ -103.4395, 22.1176 ], [ -103.5016, 22.1056 ], [ -103.5145, 22.1291 ], [ -103.5601, 22.1366 ], [ -103.6047, 22.0979 ], [ -103.6838, 22.1092 ], [ -103.6903, 22.1301 ], [ -103.5949, 22.2731 ], [ -103.6378, 22.2952 ], [ -103.6421, 22.3409 ], [ -103.6048, 22.3401 ], [ -103.594, 22.4072 ], [ -103.5592, 22.4284 ], [ -103.6027, 22.5568 ], [ -103.661, 22.5471 ], [ -103.7265, 22.5741 ], [ -103.7691, 22.5558 ], [ -103.8111, 22.3767 ], [ -103.8454, 22.3428 ], [ -103.8286, 22.2866 ], [ -103.8629, 22.1669 ], [ -103.9179, 22.262 ], [ -103.9261, 22.3321 ], [ -103.8669, 22.4094 ], [ -103.8947, 22.4382 ], [ -103.8761, 22.4412 ], [ -103.8607, 22.5676 ], [ -103.761, 22.6256 ], [ -103.752, 22.7116 ], [ -103.7747, 22.7339 ], [ -103.8983, 22.7283 ], [ -103.9093, 22.7501 ], [ -104.013, 22.7476 ], [ -104.0736, 22.6969 ], [ -104.0155, 22.6689 ], [ -104.027, 22.6132 ], [ -103.9862, 22.5909 ], [ -104.0008, 22.5668 ], [ -103.9723, 22.5451 ], [ -104.0056, 22.5366 ], [ -103.9344, 22.4999 ], [ -103.9294, 22.4761 ], [ -104.0059, 22.4087 ], [ -104.0151, 22.3648 ], [ -104.0487, 22.3764 ], [ -104.0973, 22.3578 ], [ -104.0516, 22.4667 ], [ -104.0819, 22.5336 ], [ -104.1208, 22.517 ], [ -104.1135, 22.4966 ], [ -104.1504, 22.5163 ], [ -104.2148, 22.4842 ], [ -104.1857, 22.4714 ], [ -104.1951, 22.4476 ], [ -104.1675, 22.4451 ], [ -104.1674, 22.3874 ], [ -104.2207, 22.4211 ], [ -104.2583, 22.3847 ], [ -104.2547, 22.3488 ], [ -104.2921, 22.344 ], [ -104.2931, 22.3651 ], [ -104.3535, 22.4013 ], [ -104.2961, 22.473 ], [ -104.3258, 22.5374 ], [ -104.2614, 22.5862 ], [ -104.29, 22.6456 ], [ -104.2663, 22.7365 ], [ -104.221, 22.7794 ], [ -104.1822, 22.7583 ], [ -104.0805, 22.7666 ], [ -104.1115, 22.8103 ], [ -104.1126, 22.9051 ], [ -104.1666, 22.9452 ], [ -104.1721, 23.1284 ], [ -104.129, 23.1822 ], [ -104.1112, 23.3512 ], [ -104.066, 23.4635 ], [ -103.9253, 23.557 ], [ -103.9215, 23.5892 ], [ -103.8901, 23.5798 ], [ -103.9069, 23.6019 ], [ -103.8825, 23.5923 ], [ -103.8774, 23.629 ], [ -103.8492, 23.6401 ], [ -103.8113, 23.6136 ], [ -103.7935, 23.6309 ], [ -103.7851, 23.6766 ], [ -103.8511, 23.6796 ], [ -103.8624, 23.7526 ], [ -103.8161, 23.8076 ], [ -103.8531, 23.8746 ], [ -103.8184, 23.9649 ], [ -103.8724, 24.007 ], [ -103.8133, 24.022 ], [ -103.6604, 24.1493 ], [ -103.636, 24.1103 ], [ -103.622, 24.1175 ], [ -103.5595, 24.1938 ], [ -103.5683, 24.2864 ], [ -103.5067, 24.288 ], [ -103.4483, 24.3326 ], [ -103.4193, 24.4305 ], [ -103.2826, 24.4288 ], [ -103.2535, 24.4472 ], [ -103.2228, 24.4171 ], [ -103.1653, 24.4352 ], [ -103.0985, 24.4016 ], [ -103.0431, 24.4665 ], [ -102.9836, 24.4333 ], [ -102.9674, 24.4577 ], [ -102.9001, 24.4285 ], [ -102.8919, 24.4611 ], [ -102.8317, 24.3847 ], [ -102.7888, 24.4062 ], [ -102.7566, 24.377 ], [ -102.6999, 24.374 ], [ -102.6066, 24.4112 ], [ -102.4803, 24.428 ], [ -102.5122, 24.7097 ], [ -102.5662, 24.9022 ], [ -102.6731, 24.9427 ], [ -102.673, 24.9788 ], [ -102.6429, 24.9786 ], [ -102.6289, 25.0083 ], [ -102.6697, 25.0666 ], [ -102.4468, 24.9995 ], [ -102.4633, 25.1159 ], [ -102.2955, 25.1252 ], [ -101.8488, 25.0176 ] ] ] } },
{ "type": "Feature", "properties": { "CVE_ENT": "22", "NOM_ENT": "Querétaro" }, "geometry": { "type": "Polygon", "coordinates": [ [ [ -99.1881, 21.6699 ], [ -99.1283, 21.5898 ], [ -99.1423, 21.5354 ], [ -99.0928, 21.3817 ], [ -99.0926, 21.3634 ], [ -99.1294, 21.362 ], [ -99.1378, 21.3298 ], [ -99.1029, 21.3212 ], [ -99.1276, 21.3183 ], [ -99.1043, 21.2896 ], [ -99.0532, 21.2816 ], [ -99.0735, 21.2304 ], [ -99.0431, 21.1787 ], [ -99.0613, 21.1542 ], [ -99.0624, 21.1743 ], [ -99.0765, 21.1735 ], [ -99.2154, 21.1062 ], [ -99.2559, 21.1042 ], [ -99.3092, 21.1473 ], [ -99.3464, 21.1009 ], [ -99.3974, 21.102 ], [ -99.3632, 21.0417 ], [ -99.3899, 21.0041 ], [ -99.3906, 20.9523 ], [ -99.4461, 20.853 ], [ -99.4887, 20.8329 ], [ -99.5038, 20.7658 ], [ -99.5485, 20.7372 ], [ -99.5019, 20.659 ], [ -99.5653, 20.6404 ], [ -99.6195, 20.5914 ], [ -99.6579, 20.6018 ], [ -99.8281, 20.543 ], [ -99.8591, 20.2685 ], [ -99.9195, 20.2817 ], [ -99.9341, 20.2498 ], [ -99.9185, 20.2118 ], [ -99.9509, 20.2159 ], [ -99.9585, 20.2522 ], [ -99.9857, 20.2623 ], [ -99.9652, 20.2012 ], [ -99.9219, 20.1587 ], [ -99.9362, 20.1625 ], [ -99.9422, 20.1201 ], [ -99.9263, 20.0643 ], [ -99.9802, 20.0591 ], [ -100.0003, 20.0775 ], [ -100.0888, 20.015 ], [ -100.1645, 20.0783 ], [ -100.2029, 20.0766 ], [ -100.1974, 20.1299 ], [ -100.2356, 20.1435 ], [ -100.1811, 20.2088 ], [ -100.2604, 20.2675 ], [ -100.3813, 20.303 ], [ -100.41, 20.376 ], [ -100.4762, 20.3896 ], [ -100.5097, 20.5065 ], [ -100.5048, 20.555 ], [ -100.4821, 20.5715 ], [ -100.4962, 20.6162 ], [ -100.5511, 20.6338 ], [ -100.5965, 20.7173 ], [ -100.5489, 20.7364 ], [ -100.5776, 20.8167 ], [ -100.502, 20.8529 ], [ -100.4722, 20.9284 ], [ -100.4134, 20.8874 ], [ -100.3336, 20.8907 ], [ -100.2992, 20.9313 ], [ -100.2655, 20.9292 ], [ -100.2636, 20.971 ], [ -100.1815, 20.9304 ], [ -100.0642, 20.9363 ], [ -100.0807, 20.9499 ], [ -100.0689, 21.0228 ], [ -100.0111, 21.0285 ], [ -100.0275, 21.1002 ], [ -99.9864, 21.2183 ], [ -99.8313, 21.1573 ], [ -99.7385, 21.2358 ], [ -99.6878, 21.2258 ], [ -99.6991, 21.2667 ], [ -99.6713, 21.3012 ], [ -99.7372, 21.3129 ], [ -99.7579, 21.2921 ], [ -99.7945, 21.3574 ], [ -99.7755, 21.375 ], [ -99.7773, 21.496 ], [ -99.7493, 21.5232 ], [ -99.7467, 21.5784 ], [ -99.6595, 21.5679 ], [ -99.5519, 21.4284 ], [ -99.4975, 21.4192 ], [ -99.4363, 21.4499 ], [ -99.4059, 21.4283 ], [ -99.3759, 21.5479 ], [ -99.3055, 21.5329 ], [ -99.2744, 21.5653 ], [ -99.2807, 21.6079 ], [ -99.2435, 21.6151 ], [ -99.2177, 21.6666 ], [ -99.1881, 21.6699 ] ] ] } }
]
}
