store_id,chain_name,county_fips,lat,lon,price_medium_cup
ST-100000,Other chains,28446,29.1288,-83.6125,3.58
ST-100001,Independent,24397,29.1108,-86.4478,4.13
ST-100002,Independent,45142,26.2044,-78.9813,3.52
ST-100003,Independent,49075,29.6416,-110.0643,5.61
ST-100004,Blue Ridge Roasters,21250,32.1047,-85.9484,3.86
ST-100005,Other chains,01203,39.4607,-86.1275,4.28
ST-100006,Other chains,05108,37.8903,-85.6554,3.63
ST-100007,Blue Ridge Roasters,26512,38.0653,-88.8173,4.41
ST-100008,Independent,42334,41.9497,-74.8382,3.9
ST-100009,Independent,28110,28.1063,-88.353,4.75
ST-100010,Blue Ridge Roasters,31938,37.0637,-84.4106,4.94
ST-100011,Other chains,28413,28.9076,-80.0315,4.06
ST-100012,Other chains,08397,38.3235,-101.2969,4.17
ST-100013,Blue Ridge Roasters,39320,40.4526,-92.6218,5.0
ST-100014,Cardinal Coffee Co.,42861,42.2581,-70.5014,4.12
ST-100015,Blue Ridge Roasters,55534,42.9896,-100.4548,4.8
ST-100016,Cardinal Coffee Co.,39828,39.9894,-84.0257,3.61
ST-100017,Blue Ridge Roasters,22969,32.6086,-93.7395,4.8
ST-100018,Cardinal Coffee Co.,45917,29.2186,-90.906,3.68
ST-100019,Blue Ridge Roasters,16736,34.9665,-110.0066,4.57
ST-100020,Other chains,51236,28.0031,-88.729,3.6
ST-100021,Blue Ridge Roasters,40671,34.4477,-89.5501,4.22
ST-100022,Independent,49853,37.9863,-114.9089,4.85
ST-100023,Independent,25684,35.8866,-70.1222,5.63
ST-100024,Blue Ridge Roasters,09212,41.3107,-80.0973,4.07
ST-100025,Blue Ridge Roasters,23444,37.7535,-74.8249,4.23
ST-100026,Blue Ridge Roasters,37660,37.4811,-87.2719,4.02
ST-100027,Cardinal Coffee Co.,54550,30.7635,-80.0807,5.7
ST-100028,Independent,42062,43.5445,-69.4125,4.87
ST-100029,Cardinal Coffee Co.,48434,35.7669,-96.0117,3.82
ST-100030,Cardinal Coffee Co.,34814,38.6352,-68.2293,4.25
ST-100031,Blue Ridge Roasters,54550,32.7281,-88.6645,3.85
ST-100032,Blue Ridge Roasters,54243,34.1604,-83.5822,4.02
ST-100033,Independent,20004,41.3466,-94.6335,4.72
ST-100034,Blue Ridge Roasters,46458,42.0833,-86.7732,4.36
ST-100035,Other chains,01274,28.5111,-69.6919,4.16
ST-100036,Other chains,31257,42.6621,-88.237,3.9
ST-100037,Cardinal Coffee Co.,34731,40.0415,-77.2591,3.92
ST-100038,Independent,33263,42.5484,-75.893,4.98
ST-100039,Cardinal Coffee Co.,08098,41.76,-120.8142,3.86
ST-100040,Other chains,41158,41.0064,-103.3062,5.15
ST-100041,Independent,10112,33.5462,-83.1227,3.45
ST-100042,Other chains,19151,42.9264,-95.2934,4.34
ST-100043,Independent,04343,41.0652,-118.0979,4.39
ST-100044,Independent,16133,43.4865,-111.9083,5.26
ST-100045,Independent,05090,32.3978,-79.408,3.75
ST-100046,Independent,13820,32.9919,-91.9059,3.78
ST-100047,Other chains,39468,43.7962,-82.3195,3.87
ST-100048,Blue Ridge Roasters,50279,40.0288,-75.0498,4.15
ST-100049,Independent,49342,34.9942,-117.5815,4.5
ST-100050,Blue Ridge Roasters,37076,33.9797,-87.8061,4.41
ST-100051,Blue Ridge Roasters,38575,40.3819,-78.5087,3.69
ST-100052,Independent,55308,37.3774,-97.3293,4.19
ST-100053,Independent,01723,34.0016,-89.3914,3.99
ST-100054,Cardinal Coffee Co.,50355,45.7934,-68.7845,4.02
ST-100055,Independent,41943,34.1108,-110.7013,5.26
ST-100056,Other chains,24019,35.567,-89.7474,3.99
ST-100057,Independent,28271,24.8888,-79.2112,3.66
ST-100058,Other chains,28110,31.2991,-78.9262,4.39
ST-100059,Other chains,10447,38.0215,-83.0117,3.93
ST-100060,Independent,12843,31.515,-88.6744,3.68
ST-100061,Independent,21536,32.7698,-87.7498,3.68
ST-100062,Other chains,09186,43.7886,-72.7919,4.18
ST-100063,Blue Ridge Roasters,37115,27.3506,-92.8716,3.51
ST-100064,Cardinal Coffee Co.,34816,41.7163,-66.5333,3.9
ST-100065,Independent,22039,32.6926,-74.7987,3.74
ST-100066,Independent,19589,46.587,-90.4157,5.66
ST-100067,Blue Ridge Roasters,50750,37.7928,-72.3634,3.28
ST-100068,Other chains,42334,40.3554,-67.3852,3.33
ST-100069,Independent,28446,29.7149,-73.2666,4.32
ST-100070,Other chains,42861,38.3968,-65.1581,4.64
ST-100071,Cardinal Coffee Co.,16868,42.3822,-122.4132,3.21
ST-100072,Independent,12252,32.58,-86.8933,3.67
ST-100073,Independent,38486,39.3333,-85.9959,4.4
ST-100074,Independent,48152,30.9465,-87.9653,3.82
ST-100075,Blue Ridge Roasters,42175,39.8103,-63.8034,4.96
ST-100076,Cardinal Coffee Co.,32428,37.5786,-102.2237,4.42
ST-100077,Blue Ridge Roasters,01131,28.7067,-89.8956,4.19
ST-100078,Independent,35988,38.2238,-112.9744,4.89
ST-100079,Cardinal Coffee Co.,42062,40.4224,-78.9973,3.72
ST-100080,Cardinal Coffee Co.,24397,30.2266,-86.1708,3.53
ST-100081,Blue Ridge Roasters,12995,32.9651,-86.3526,3.82
ST-100082,Blue Ridge Roasters,56612,39.7197,-106.2745,4.59
ST-100083,Independent,22911,30.8301,-90.3308,3.87
ST-100084,Cardinal Coffee Co.,21250,32.0676,-100.7005,5.45
ST-100085,Independent,38655,47.4759,-98.6273,4.02
ST-100086,Independent,29154,47.3613,-95.1698,4.39
ST-100087,Independent,40175,29.3377,-88.9341,4.6
ST-100088,Cardinal Coffee Co.,45021,29.7567,-83.877,3.59
ST-100089,Cardinal Coffee Co.,34384,38.3218,-80.9788,3.63
ST-100090,Independent,04684,42.1712,-119.2666,4.09
ST-100091,Other chains,06050,37.8044,-117.5767,4.04
ST-100092,Other chains,50556,42.219,-81.1939,4.29
ST-100093,Independent,37136,38.4909,-88.327,3.81
ST-100094,Cardinal Coffee Co.,34530,41.4686,-78.0837,4.07
ST-100095,Blue Ridge Roasters,21922,34.6187,-80.8657,3.96
ST-100096,Other chains,38895,42.5613,-94.9372,3.73
ST-100097,Independent,51812,30.7353,-87.1456,4.32
ST-100098,Independent,48152,35.6775,-88.2701,4.24
ST-100099,Blue Ridge Roasters,30921,36.4509,-107.1467,6.25
ST-100100,Independent,34816,45.5196,-75.4257,0.0
ST-100101,Cardinal Coffee Co.,53281,37.2376,-105.6958,4.51
ST-100102,Blue Ridge Roasters,46128,39.5661,-95.9142,3.77
ST-100103,Independent,34448,38.2345,-74.7962,5.07
ST-100104,Blue Ridge Roasters,54574,29.7272,-88.4553,3.96
ST-100105,Other chains,39830,39.7197,-96.3563,3.74
ST-100106,Other chains,49923,31.706,-112.4051,4.81
ST-100107,Blue Ridge Roasters,02471,38.3,-101.6024,4.83
ST-100108,Independent,19126,39.4761,-94.1175,4.48
ST-100109,Independent,16131,41.37,-112.7647,4.22
ST-100110,Other chains,39468,42.2689,-96.8734,3.77
ST-100111,Cardinal Coffee Co.,05161,30.3771,-93.7554,4.65
ST-100112,Cardinal Coffee Co.,18237,39.6243,-93.7235,4.08
ST-100113,Other chains,02346,38.2961,-114.6999,4.38
ST-100114,Independent,25021,45.9579,-76.9335,5.76
ST-100115,Cardinal Coffee Co.,50519,39.0331,-75.8562,4.42
ST-100116,Independent,47310,30.3407,-94.89,3.53
ST-100117,Independent,41803,35.6142,-115.7557,5.09
ST-100118,Blue Ridge Roasters,16131,34.5539,-108.9894,3.61
ST-100119,Independent,40790,33.421,-93.1495,3.99
ST-100120,Other chains,49336,39.6087,-114.1309,3.93
ST-100121,Independent,30921,42.8483,-110.2429,6.03
ST-100122,Other chains,48915,35.6242,-89.6936,3.73
ST-100123,Other chains,31053,48.1914,-86.9509,3.67
ST-100124,Cardinal Coffee Co.,16286,38.7784,-121.1268,3.61
ST-100125,Other chains,40985,31.7184,-79.6693,4.94
ST-100126,Blue Ridge Roasters,55308,37.0993,-86.8052,3.62
ST-100127,Independent,50103,43.5897,-74.166,5.72
ST-100128,Independent,37076,32.8556,-78.2511,4.39
ST-100129,Independent,31273,42.9538,-90.9761,4.07
ST-100130,Other chains,56444,35.5826,-115.7071,3.19
ST-100131,Blue Ridge Roasters,39320,42.0548,-80.7647,4.08
ST-100132,Independent,34997,42.1156,-63.4554,5.39
ST-100133,Independent,08638,39.4171,-116.1606,5.62
ST-100134,Blue Ridge Roasters,50355,39.4502,-75.1825,4.35
ST-100135,Cardinal Coffee Co.,50827,45.068,-68.2297,4.46
ST-100136,Independent,05090,38.6509,-85.4689,3.93
ST-100137,Other chains,02346,35.669,-108.4325,4.81
ST-100138,Cardinal Coffee Co.,18877,43.1613,-84.3176,4.07
ST-100139,Other chains,27041,32.3664,-92.3738,5.51
ST-100140,Independent,06037,41.0058,-109.4844,0.0
ST-100141,Cardinal Coffee Co.,53345,33.3895,-112.0372,3.62
ST-100142,Independent,51812,30.9251,-92.3012,4.06
ST-100143,Independent,23974,37.5609,-80.4379,4.85
ST-100144,Other chains,50118,40.8532,-78.4145,5.48
ST-100145,Cardinal Coffee Co.,19170,43.5164,-83.4289,3.93
ST-100146,Independent,42652,35.9281,-68.7319,4.42
ST-100147,Other chains,22864,31.4216,-80.5005,4.61
ST-100148,Independent,09678,39.9599,-71.8593,5.4
ST-100149,Cardinal Coffee Co.,24622,37.2431,-82.523,4.47
ST-100150,Other chains,48481,33.7953,-83.3346,4.25
ST-100151,Blue Ridge Roasters,54221,28.9683,-82.5544,3.41
ST-100152,Other chains,19027,39.5861,-86.1478,4.25
ST-100153,Cardinal Coffee Co.,49853,43.6683,-120.4265,3.15
ST-100154,Other chains,21536,34.6431,-89.7415,3.83
ST-100155,Cardinal Coffee Co.,28303,29.7453,-91.1735,3.91
ST-100156,Cardinal Coffee Co.,23070,40.6988,-67.8571,4.07
ST-100157,Independent,50827,40.7947,-64.5754,4.8
ST-100158,Other chains,49342,37.3861,-125.0143,4.46
ST-100159,Independent,40985,27.3694,-75.6111,4.41
ST-100160,Other chains,38911,38.9671,-88.4797,3.82
ST-100161,Independent,51236,36.6676,-78.9237,3.9
ST-100162,Independent,10176,31.3566,-81.9612,4.27
ST-100163,Other chains,08348,38.6902,-103.3576,4.44
ST-100164,Independent,17618,41.4216,-87.7415,4.41
ST-100165,Independent,30590,45.6544,-120.1807,4.16
ST-100166,Cardinal Coffee Co.,34955,41.5266,-75.134,4.8
ST-100167,Independent,01473,35.7818,-81.9061,3.53
ST-100168,Independent,45107,30.7055,-86.2958,3.66
ST-100169,Blue Ridge Roasters,09186,40.7218,-70.5536,4.8
ST-100170,Independent,44218,41.5377,-74.8942,6.55
ST-100171,Independent,45979,30.1776,-88.5731,3.71
ST-100172,Independent,49655,38.3888,-118.5159,6.14
ST-100173,Independent,05770,35.1642,-87.3509,4.08
ST-100174,Independent,53297,36.5989,-110.7726,5.4
ST-100175,Independent,32072,39.0003,-123.7564,3.94
ST-100176,Cardinal Coffee Co.,51079,34.6262,-89.6805,3.79
ST-100177,Cardinal Coffee Co.,41272,36.5266,-123.9802,4.61
ST-100178,Independent,42203,44.7862,-78.2024,5.11
ST-100179,Independent,09614,41.7187,-67.3161,5.13
ST-100180,Other chains,41267,38.5046,-119.1167,4.6
ST-100181,Cardinal Coffee Co.,30430,32.9756,-107.781,5.3
ST-100182,Blue Ridge Roasters,46119,39.8792,-71.907,4.23
ST-100183,Blue Ridge Roasters,45421,33.6148,-76.2788,3.89
ST-100184,Independent,05108,37.736,-84.1989,3.68
ST-100185,Other chains,53373,40.7037,-106.8494,4.81
ST-100186,Other chains,05041,35.8786,-93.2181,4.09
ST-100187,Other chains,21651,28.8727,-94.4405,3.85
ST-100188,Independent,20004,40.6195,-88.8278,3.93
ST-100189,Independent,54729,36.1622,-82.6083,3.43
ST-100190,Independent,10355,29.8368,-78.4336,3.97
ST-100191,Independent,49873,41.8957,-115.4126,5.64
ST-100192,Independent,12300,34.7,-83.8396,3.7
ST-100193,Cardinal Coffee Co.,38243,41.8242,-88.0453,4.05
ST-100194,Independent,18372,40.0139,-89.7884,4.59
ST-100195,Other chains,24126,29.5411,-85.4348,4.56
ST-100196,Independent,35810,44.3261,-117.1282,4.28
ST-100197,Independent,42698,43.3956,-72.8218,3.59
ST-100198,Other chains,50216,42.5218,-73.3297,4.09
ST-100199,Cardinal Coffee Co.,48463,31.2615,-87.6401,4.34
ST-100200,Independent,36465,41.6136,-70.5054,4.8
ST-100201,Cardinal Coffee Co.,16133,39.4942,-105.833,4.0
ST-100202,Independent,20305,42.1996,-84.9357,4.14
ST-100203,Independent,50908,43.703,-80.7547,4.06
ST-100204,Blue Ridge Roasters,30375,36.6526,-111.4021,3.75
ST-100205,Independent,50355,37.1002,-79.9686,4.68
ST-100206,Cardinal Coffee Co.,27831,41.2528,-88.4207,4.04
ST-100207,Independent,34853,36.2583,-79.9452,5.13
ST-100208,Cardinal Coffee Co.,50103,40.529,-66.837,4.17
ST-100209,Other chains,42861,39.9724,-69.8,4.58
ST-100210,Independent,25066,42.9752,-67.5821,5.45
ST-100211,Independent,36465,47.4478,-68.1897,5.07
ST-100212,Blue Ridge Roasters,25081,35.6662,-76.1236,5.12
ST-100213,Other chains,47638,39.3226,-87.5537,4.15
ST-100214,Cardinal Coffee Co.,01473,31.8008,-74.5497,5.14
ST-100215,Cardinal Coffee Co.,48489,33.5434,-85.9907,4.34
ST-100216,Blue Ridge Roasters,55069,36.7555,-97.1275,4.3
ST-100217,Independent,01357,35.4906,-78.9552,4.41
ST-100218,Blue Ridge Roasters,35810,39.1244,-111.1373,3.51
ST-100219,Independent,02643,38.8156,-102.9643,4.92
ST-100220,Other chains,34182,35.6878,-73.0422,4.61
ST-100221,Independent,26475,41.2214,-89.12,5.19
ST-100222,Independent,29314,43.5375,-79.8433,4.0
ST-100223,Blue Ridge Roasters,55014,40.2912,-98.2308,5.11
ST-100224,Blue Ridge Roasters,28287,36.0226,-88.5122,3.86
ST-100225,Cardinal Coffee Co.,24156,35.8987,-90.3242,4.05
ST-100226,Blue Ridge Roasters,09895,39.5767,-87.6705,4.75
ST-100227,Other chains,46777,45.7853,-83.7609,4.92
ST-100228,Other chains,21775,32.6359,-88.3445,3.84
ST-100229,Other chains,34808,41.6492,-69.0678,4.04
ST-100230,Cardinal Coffee Co.,02659,39.2969,-109.6655,3.73
ST-100231,Cardinal Coffee Co.,33072,41.7079,-70.8571,3.82
ST-100232,Cardinal Coffee Co.,32072,31.1096,-114.7324,3.96
ST-100233,Blue Ridge Roasters,50355,40.9435,-79.0855,4.85
ST-100234,Independent,16286,34.9082,-111.4614,4.39
ST-100235,Cardinal Coffee Co.,32308,43.879,-106.485,3.7
ST-100236,Independent,53297,43.7582,-112.3023,5.64
ST-100237,Independent,16745,41.5558,-116.2116,4.93
ST-100238,Other chains,16131,38.2846,-119.1941,3.75
ST-100239,Independent,01647,29.476,-83.775,3.57
ST-100240,Blue Ridge Roasters,53908,37.0273,-115.3244,4.51
ST-100241,Cardinal Coffee Co.,23075,47.3279,-74.9304,3.79
ST-100242,Independent,12252,30.4234,-86.4327,3.63
ST-100243,Other chains,10112,25.4332,-87.6666,3.63
ST-100244,Independent,41274,42.0905,-110.2372,4.61
ST-100245,Other chains,22864,37.0015,-81.673,3.82
ST-100246,Other chains,38655,45.9776,-77.2083,4.63
ST-100247,Independent,40622,35.615,-80.4522,3.84
ST-100248,Independent,17359,44.6046,-79.4379,4.38
ST-100249,Independent,33263,41.6588,-79.4116,4.8
ST-100250,Blue Ridge Roasters,01131,26.2711,-94.6057,4.02
ST-100251,Independent,05041,32.5836,-85.0866,3.76
ST-100252,Other chains,29110,42.8647,-83.8518,3.77
ST-100253,Independent,20305,40.5942,-84.793,4.54
ST-100254,Other chains,18372,40.4575,-81.7317,3.77
ST-100255,Independent,27489,38.1076,-104.2193,4.03
ST-100256,Other chains,27891,37.9948,-81.4821,4.15
ST-100257,Independent,54856,38.0144,-82.9872,3.89
ST-100258,Blue Ridge Roasters,38432,46.623,-98.2641,3.76
ST-100259,Blue Ridge Roasters,16966,38.9921,-107.6588,4.71
ST-100260,Independent,30566,39.8446,-110.9831,4.15
ST-100261,Other chains,05366,29.5574,-82.7126,3.75
ST-100262,Independent,27041,42.9277,-83.0053,4.32
ST-100263,Blue Ridge Roasters,40455,37.7789,-82.4183,3.98
ST-100264,Blue Ridge Roasters,02226,34.4123,-120.837,4.19
ST-100265,Cardinal Coffee Co.,51898,33.8916,-85.8582,5.12
ST-100266,Independent,30792,40.6171,-121.7059,4.96
ST-100267,Independent,48234,34.0828,-81.1056,4.25
ST-100268,Independent,21250,37.4285,-76.6122,3.43
ST-100269,Independent,39901,47.1081,-96.4487,4.89
ST-100270,Independent,22881,31.7995,-89.0288,3.95
ST-100271,Other chains,55069,43.0195,-94.2942,3.67
ST-100272,Blue Ridge Roasters,37326,32.7527,-87.7234,4.51
ST-100273,Cardinal Coffee Co.,35988,37.1037,-109.5255,3.77
ST-100274,Independent,25066,42.3124,-77.1584,5.46
ST-100275,Independent,54856,34.5145,-81.0848,5.11
ST-100276,Blue Ridge Roasters,25021,42.1508,-68.1077,4.04
ST-100277,Independent,01473,29.8565,-78.3894,3.61
ST-100278,Independent,34731,40.1093,-81.2091,5.3
ST-100279,Blue Ridge Roasters,49853,37.6323,-103.6844,3.37
ST-100280,Blue Ridge Roasters,50519,38.9727,-65.7036,0.0
ST-100281,Other chains,49995,39.9406,-102.6839,3.63
ST-100282,Independent,32072,40.2543,-112.9469,4.14
ST-100283,Blue Ridge Roasters,51849,35.4386,-89.5111,3.84
ST-100284,Independent,30590,36.4271,-117.9054,4.32
ST-100285,Independent,30579,37.2676,-118.6107,5.03
ST-100286,Cardinal Coffee Co.,06482,43.6637,-111.9299,3.58
ST-100287,Independent,39588,40.5065,-83.9129,4.34
ST-100288,Cardinal Coffee Co.,21775,32.5904,-77.1606,3.74
ST-100289,Blue Ridge Roasters,25021,40.9747,-77.4133,4.21
ST-100290,Independent,22881,35.8991,-85.2321,4.71
ST-100291,Other chains,36993,45.0154,-75.1251,4.13
ST-100292,Blue Ridge Roasters,13848,35.8396,-88.8117,4.03
ST-100293,Other chains,22863,32.5797,-80.5855,4.5
ST-100294,Blue Ridge Roasters,22039,29.8827,-82.8229,4.09
ST-100295,Other chains,40553,38.2756,-84.1491,4.82
ST-100296,Independent,41749,41.5689,-109.8502,4.45
ST-100297,Blue Ridge Roasters,41214,37.63,-108.3073,3.99
ST-100298,Other chains,10112,36.7715,-81.3674,5.14
ST-100299,Independent,22732,30.8932,-90.0309,4.13
ST-100300,Independent,41078,43.2321,-106.622,4.91
ST-100301,Other chains,25081,45.9349,-72.9678,5.08
ST-100302,Blue Ridge Roasters,09805,38.7356,-77.1077,4.99
ST-100303,Cardinal Coffee Co.,33403,43.2453,-73.0946,3.83
ST-100304,Cardinal Coffee Co.,45364,34.8466,-82.9331,3.74
ST-100305,Other chains,45142,40.3447,-78.5093,4.24
ST-100306,Other chains,04408,36.7731,-118.2769,4.79
ST-100307,Blue Ridge Roasters,45364,36.7976,-77.0501,3.9
ST-100308,Independent,19919,41.052,-88.861,4.03
ST-100309,Independent,49071,35.2759,-115.0369,3.98
ST-100310,Cardinal Coffee Co.,32428,38.64,-115.2205,4.05
ST-100311,Other chains,19027,41.0074,-95.0082,3.59
ST-100312,Blue Ridge Roasters,26553,37.8233,-99.4455,4.7
ST-100313,Independent,39819,41.9365,-84.9356,4.65
ST-100314,Independent,34717,44.3734,-62.6147,4.83
ST-100315,Blue Ridge Roasters,42511,42.2146,-84.2057,4.94
ST-100316,Other chains,49075,37.3745,-117.7026,4.97
ST-100317,Independent,01473,32.0546,-80.4905,3.73
ST-100318,Cardinal Coffee Co.,55069,40.9864,-89.2738,3.67
ST-100319,Other chains,22211,33.152,-79.9935,4.5
ST-100320,Other chains,48235,35.8295,-85.6103,6.01
ST-100321,Independent,30491,39.8158,-115.4838,5.5
ST-100322,Other chains,32616,34.7919,-113.3551,5.17
ST-100323,Cardinal Coffee Co.,22863,30.813,-99.2925,4.61
ST-100324,Other chains,46119,41.4981,-95.8609,5.1
ST-100325,Independent,04343,42.3724,-106.3103,4.38
ST-100326,Blue Ridge Roasters,51575,36.3935,-77.8486,3.45
ST-100327,Cardinal Coffee Co.,06542,44.3241,-103.563,4.83
ST-100328,Independent,50280,41.8918,-71.8548,4.81
ST-100329,Blue Ridge Roasters,02285,41.2899,-125.5364,5.92
ST-100330,Blue Ridge Roasters,01271,28.1366,-88.81,3.63
ST-100331,Blue Ridge Roasters,09895,42.7896,-66.5521,6.38
ST-100332,Independent,40125,29.2742,-75.2617,3.94
ST-100333,Blue Ridge Roasters,13820,32.3124,-76.8241,3.56
ST-100334,Independent,36958,50.5895,-75.9175,5.95
ST-100335,Other chains,48481,33.4107,-92.8395,3.8
ST-100336,Other chains,02285,36.4086,-112.2438,4.65
ST-100337,Independent,29439,42.2234,-88.9112,4.3
ST-100338,Independent,47515,30.9488,-75.6066,5.07
ST-100339,Independent,24622,29.6178,-83.6333,4.51
ST-100340,Blue Ridge Roasters,55025,47.3094,-88.8999,3.99
ST-100341,Other chains,41158,42.2004,-111.559,5.35
ST-100342,Blue Ridge Roasters,02346,40.0366,-109.6008,4.69
ST-100343,Independent,36654,40.3245,-70.7414,4.85
ST-100344,Independent,16874,38.0676,-116.3472,4.66
ST-100345,Independent,04438,43.6274,-118.3457,5.13
ST-100346,Other chains,55521,41.9197,-80.7766,3.94
ST-100347,Cardinal Coffee Co.,06585,29.7516,-121.8462,4.3
ST-100348,Blue Ridge Roasters,09883,48.7628,-64.6735,4.46
ST-100349,Independent,06585,39.5492,-123.4641,5.25
ST-100350,Other chains,48481,33.5301,-88.5072,3.85
ST-100351,Independent,40553,35.7601,-79.1689,4.56
ST-100352,Other chains,50103,42.8962,-74.4979,3.96
ST-100353,Other chains,30491,41.2407,-119.8989,5.01
ST-100354,Blue Ridge Roasters,23075,40.2288,-71.9414,4.9
ST-100355,Other chains,27147,37.3106,-88.598,5.01
ST-100356,Independent,25021,42.3407,-75.7963,5.15
ST-100357,Cardinal Coffee Co.,32308,43.2948,-115.7435,3.54
ST-100358,Independent,20315,39.0566,-89.2076,3.89
ST-100359,Blue Ridge Roasters,56444,36.8159,-115.4915,4.18
ST-100360,Independent,22969,36.1631,-70.3928,3.7
ST-100361,Independent,33283,40.1283,-75.9401,4.56
ST-100362,Independent,50856,40.2683,-76.7425,5.2
ST-100363,Independent,36465,40.3806,-77.7498,5.11
ST-100364,Cardinal Coffee Co.,10745,32.3051,-74.3383,3.54
ST-100365,Blue Ridge Roasters,30579,34.2791,-121.8344,3.52
ST-100366,Independent,20296,39.382,-86.8434,4.68
ST-100367,Other chains,41803,39.6911,-113.4357,3.81
ST-100368,Other chains,36835,42.1697,-83.0404,3.96
ST-100369,Independent,41943,42.474,-116.9145,5.3
ST-100370,Blue Ridge Roasters,56047,44.5182,-110.0983,4.58
ST-100371,Cardinal Coffee Co.,41943,43.5375,-117.1864,4.97
ST-100372,Other chains,22304,35.244,-83.4426,4.84
ST-100373,Independent,06542,38.5538,-101.6251,5.22
ST-100374,Other chains,36567,39.6308,-73.4764,4.05
ST-100375,Independent,27891,41.0536,-97.7211,4.12
ST-100376,Independent,33283,43.2567,-79.5808,4.97
ST-100377,Cardinal Coffee Co.,48434,34.9658,-86.7124,4.58
ST-100378,Cardinal Coffee Co.,51660,34.3693,-87.1134,4.61
ST-100379,Other chains,22988,32.1365,-84.0879,5.5
ST-100380,Independent,41245,41.3606,-110.1253,5.21
ST-100381,Independent,50856,45.2826,-64.1168,4.34
ST-100382,Independent,01271,35.1405,-85.0223,3.8
ST-100383,Independent,26839,40.904,-95.9132,4.09
ST-100384,Independent,39164,38.4985,-82.0772,4.28
ST-100385,Blue Ridge Roasters,37076,29.9273,-77.4219,3.67
ST-100386,Blue Ridge Roasters,49342,36.9563,-110.6053,4.76
ST-100387,Cardinal Coffee Co.,28446,33.2712,-86.4784,0.0
ST-100388,Independent,09805,43.0594,-70.7647,5.7
ST-100389,Independent,24682,28.2564,-86.2665,4.22
ST-100390,Cardinal Coffee Co.,34508,39.988,-86.8343,4.77
ST-100391,Independent,49873,39.7299,-108.6192,4.32
ST-100392,Other chains,10176,29.801,-79.6465,4.21
ST-100393,Independent,23615,42.8017,-65.8535,6.96
ST-100394,Blue Ridge Roasters,23444,40.5777,-78.8846,4.45
ST-100395,Other chains,31053,38.8297,-87.643,4.73
ST-100396,Cardinal Coffee Co.,56915,39.1596,-110.5132,4.05
ST-100397,Cardinal Coffee Co.,40677,33.6768,-84.4877,3.77
ST-100398,Cardinal Coffee Co.,49681,36.4544,-111.3109,3.67
ST-100399,Independent,48876,31.7722,-84.7772,3.85
ST-100400,Cardinal Coffee Co.,40583,33.903,-83.7295,3.86
ST-100401,Other chains,42033,39.2137,-70.0559,3.83
ST-100402,Other chains,08348,34.0267,-104.6783,4.62
ST-100403,Blue Ridge Roasters,55534,36.3903,-93.538,4.7
ST-100404,Independent,48234,31.2458,-86.0338,4.29
ST-100405,Other chains,51236,28.5447,-87.5356,4.21
ST-100406,Blue Ridge Roasters,54772,31.4568,-88.394,3.86
ST-100407,Independent,16736,43.9948,-121.6962,4.96
ST-100408,Independent,23444,37.3642,-74.3547,5.15
ST-100409,Independent,51049,31.6522,-82.1241,3.9
ST-100410,Blue Ridge Roasters,28446,38.8969,-85.9306,4.58
ST-100411,Independent,54550,33.7244,-85.0537,4.89
ST-100412,Independent,42589,40.3968,-71.9894,4.94
ST-100413,Independent,25356,41.0294,-66.0333,5.81
ST-100414,Other chains,27936,42.2881,-91.5186,3.59
ST-100415,Independent,17068,46.0873,-96.0297,4.2
ST-100416,Independent,13015,30.9074,-85.5426,3.8
ST-100417,Blue Ridge Roasters,21327,30.2272,-73.6986,4.23
ST-100418,Independent,12215,28.3636,-91.9654,4.91
ST-100419,Other chains,45021,32.8093,-81.0992,4.03
ST-100420,Other chains,01493,28.2829,-78.0525,3.52
ST-100421,Blue Ridge Roasters,18581,39.6087,-103.1932,4.44
ST-100422,Blue Ridge Roasters,01557,29.7739,-82.5387,3.81
ST-100423,Independent,39164,44.2224,-85.3795,4.47
ST-100424,Independent,09614,39.9748,-76.104,5.25
ST-100425,Independent,24549,33.6908,-88.8786,3.37
ST-100426,Independent,05875,27.6877,-88.544,3.98
ST-100427,Independent,31257,41.3945,-90.9714,4.27
ST-100428,Blue Ridge Roasters,01493,28.8905,-86.8126,4.1
ST-100429,Independent,01397,31.2231,-87.9447,3.62
ST-100430,Independent,24397,39.1336,-87.0669,3.53
ST-100431,Blue Ridge Roasters,45823,35.2965,-77.8552,5.03
ST-100432,Blue Ridge Roasters,05689,32.1148,-92.2866,4.24
ST-100433,Independent,29187,50.5968,-99.4944,4.07
ST-100434,Independent,49655,36.2545,-104.7593,4.4
ST-100435,Independent,40790,35.9956,-86.1521,5.17
ST-100436,Independent,47588,27.902,-87.3294,4.63
ST-100437,Other chains,21775,31.7682,-85.6673,3.75
ST-100438,Other chains,55308,36.9566,-87.7443,0.0
ST-100439,Blue Ridge Roasters,10176,33.2718,-88.1443,3.6
ST-100440,Blue Ridge Roasters,40622,32.6679,-81.9644,4.79
ST-100441,Cardinal Coffee Co.,30400,38.077,-117.7736,3.68
ST-100442,Cardinal Coffee Co.,02346,42.2762,-113.811,4.06
ST-100443,Independent,54245,30.7987,-98.2882,3.62
ST-100444,Independent,45917,33.4806,-77.9666,3.95
ST-100445,Blue Ridge Roasters,08134,41.4617,-113.0565,3.85
ST-100446,Blue Ridge Roasters,17740,36.5503,-84.9794,4.91
ST-100447,Independent,41214,36.7548,-109.1406,4.57
ST-100448,Independent,37993,32.6616,-81.7011,4.03
ST-100449,Independent,09745,43.3905,-74.5467,5.27
ST-100450,Independent,50856,45.7637,-72.1706,5.02
ST-100451,Blue Ridge Roasters,41803,38.3524,-117.7677,3.82
ST-100452,Cardinal Coffee Co.,34808,40.5506,-81.5271,4.12
ST-100453,Blue Ridge Roasters,20059,38.3822,-89.6066,4.1
ST-100454,Independent,20315,41.99,-93.0787,4.41
ST-100455,Independent,34792,40.6086,-65.9472,5.38
ST-100456,Other chains,17839,40.1779,-86.7491,4.33
ST-100457,Blue Ridge Roasters,22881,32.2183,-89.2989,5.17
ST-100458,Independent,25081,43.1549,-76.1292,5.4
ST-100459,Independent,04319,37.3088,-111.202,4.62
ST-100460,Other chains,04408,36.6835,-112.408,4.25
ST-100461,Other chains,26512,42.2952,-87.3695,3.7
ST-100462,Other chains,34448,32.4228,-74.0881,4.49
ST-100463,Cardinal Coffee Co.,22755,30.689,-93.3439,3.81
ST-100464,Blue Ridge Roasters,42511,38.0461,-87.4054,0.0
ST-100465,Blue Ridge Roasters,29439,44.6098,-91.2417,4.26
ST-100466,Independent,06529,37.6772,-108.637,4.75
ST-100467,Cardinal Coffee Co.,56444,37.3179,-114.1742,3.59
ST-100468,Cardinal Coffee Co.,41943,38.8541,-104.5806,5.75
ST-100469,Independent,29110,39.2139,-89.2813,4.41
ST-100470,Other chains,01665,31.2921,-76.8568,5.6
ST-100471,Independent,22224,32.7913,-78.0886,3.73
ST-100472,Independent,39202,39.7339,-82.6923,4.2
ST-100473,Independent,28287,31.2123,-92.2211,3.88
ST-100474,Other chains,23615,38.4695,-74.3972,4.59
ST-100475,Other chains,18841,37.5386,-81.6634,3.91
ST-100476,Blue Ridge Roasters,21527,32.6819,-83.3659,3.9
ST-100477,Other chains,25150,42.4198,-71.1738,4.67
ST-100478,Other chains,25081,37.2155,-82.8273,5.61
ST-100479,Other chains,30082,41.2798,-100.4873,3.61
ST-100480,Other chains,02446,41.2921,-116.7482,3.66
ST-100481,Independent,22025,35.4241,-96.9666,4.09
ST-100482,Other chains,53297,39.8997,-114.1068,4.48
ST-100483,Cardinal Coffee Co.,53281,40.9112,-126.6849,4.31
ST-100484,Cardinal Coffee Co.,09186,48.0551,-81.0108,4.45
ST-100485,Independent,45364,31.5954,-69.6489,3.57
ST-100486,Other chains,54856,29.3629,-87.2802,3.97
ST-100487,Other chains,36835,36.8978,-83.0667,3.27
ST-100488,Independent,24019,37.767,-84.8482,3.95
ST-100489,Other chains,28802,37.8064,-90.3868,4.39
ST-100490,Independent,12215,29.7262,-79.8129,4.04
ST-100491,Independent,34478,39.318,-79.8373,5.14
ST-100492,Independent,55102,40.028,-87.3756,4.68
ST-100493,Other chains,35210,42.6728,-118.8824,4.34
ST-100494,Blue Ridge Roasters,34717,37.6381,-58.9058,4.29
ST-100495,Independent,19027,35.1001,-85.9783,5.07
ST-100496,Cardinal Coffee Co.,46951,47.5025,-89.873,4.34
ST-100497,Independent,10725,33.4371,-86.7577,3.49
ST-100498,Blue Ridge Roasters,47310,33.8632,-88.3216,3.68
ST-100499,Other chains,21658,31.8847,-89.5655,4.14
ST-100500,Cardinal Coffee Co.,25684,42.8974,-79.2304,4.91
ST-100501,Other chains,19471,36.4574,-78.93,4.11
ST-100502,Cardinal Coffee Co.,16868,36.4772,-115.3157,3.46
ST-100503,Other chains,45364,32.8155,-97.7765,4.2
ST-100504,Independent,24459,25.6873,-91.9958,3.46
ST-100505,Independent,01397,31.5924,-79.4337,4.17
ST-100506,Independent,08501,37.9075,-113.5139,4.88
ST-100507,Blue Ridge Roasters,23615,40.5919,-75.3045,5.18
ST-100508,Cardinal Coffee Co.,27375,39.3468,-81.9811,3.78
ST-100509,Other chains,51635,29.5123,-89.663,4.25
ST-100510,Independent,55534,35.5339,-85.2055,4.88
ST-100511,Independent,56915,39.4342,-116.0073,7.92
ST-100512,Cardinal Coffee Co.,05689,31.5996,-81.5447,4.28
ST-100513,Other chains,30590,34.8742,-114.3468,4.53
ST-100514,Independent,02364,39.1876,-113.4493,4.29
ST-100515,Independent,37076,31.6151,-80.0792,4.58
ST-100516,Independent,32443,37.6169,-107.5119,3.89
ST-100517,Blue Ridge Roasters,48163,26.0293,-85.9926,5.23
ST-100518,Independent,16454,41.0483,-114.8297,4.78
ST-100519,Independent,17618,37.3008,-79.4051,3.91
ST-100520,Cardinal Coffee Co.,28275,32.6898,-81.464,3.85
ST-100521,Independent,24622,30.0752,-87.3469,4.38
ST-100522,Blue Ridge Roasters,42062,40.3338,-78.4185,4.14
ST-100523,Independent,05643,35.9569,-78.8506,3.97
ST-100524,Other chains,35210,40.5949,-111.3076,4.49
ST-100525,Blue Ridge Roasters,24195,35.8901,-85.9813,3.9
ST-100526,Independent,42975,42.4912,-73.8101,4.82
ST-100527,Independent,55744,42.1884,-86.9732,4.06
ST-100528,Cardinal Coffee Co.,20030,35.6566,-89.3401,3.57
ST-100529,Other chains,44031,40.5474,-67.2779,4.73
ST-100530,Independent,04408,38.3253,-104.444,5.24
ST-100531,Independent,54772,36.171,-81.8087,3.58
ST-100532,Independent,29154,39.4813,-80.7517,4.37
ST-100533,Cardinal Coffee Co.,47533,33.2946,-84.949,3.56
ST-100534,Other chains,44130,42.1773,-70.358,4.25
ST-100535,Blue Ridge Roasters,31823,44.473,-82.9733,3.78
ST-100536,Independent,22988,32.0988,-78.8858,3.64
ST-100537,Other chains,47617,34.9834,-79.504,4.02
ST-100538,Other chains,30566,33.8854,-108.2129,3.42
ST-100539,Independent,45107,27.6579,-73.2572,3.33
ST-100540,Independent,40671,25.65,-88.2382,4.26
ST-100541,Independent,30491,41.358,-112.9313,5.04
ST-100542,Other chains,04343,41.021,-113.2871,4.37
ST-100543,Cardinal Coffee Co.,21536,35.1905,-87.2084,3.87
ST-100544,Cardinal Coffee Co.,56035,36.9679,-123.9326,3.85
ST-100545,Other chains,30855,37.3094,-103.7508,4.89
ST-100546,Independent,35988,38.6369,-118.1562,4.63
ST-100547,Independent,25356,45.8311,-73.4811,5.58
ST-100548,Independent,45979,37.5815,-93.5312,4.1
ST-100549,Other chains,28768,34.8814,-81.2757,3.75
ST-100550,Cardinal Coffee Co.,12252,33.4931,-89.7124,4.08
ST-100551,Independent,10176,36.5061,-91.8158,3.54
ST-100552,Independent,16966,38.2325,-110.8339,5.28
ST-100553,Other chains,32428,37.8272,-116.2044,4.28
ST-100554,Other chains,20379,40.6129,-92.445,4.16
ST-100555,Cardinal Coffee Co.,12995,29.5639,-83.9693,4.87
ST-100556,Independent,13848,31.975,-80.2001,4.05
ST-100557,Other chains,20554,37.6478,-93.9104,4.03
ST-100558,Other chains,42975,44.575,-80.4472,3.1
ST-100559,Cardinal Coffee Co.,34955,43.1311,-74.3591,4.16
ST-100560,Cardinal Coffee Co.,30491,43.2887,-108.7645,4.35
ST-100561,Other chains,10725,27.6122,-76.2235,5.02
ST-100562,Other chains,30976,44.7051,-118.428,4.29
ST-100563,Cardinal Coffee Co.,54574,27.7826,-86.9078,4.35
ST-100564,Blue Ridge Roasters,49071,35.4051,-104.9453,3.21
ST-100565,Independent,28201,30.6375,-73.1614,4.11
ST-100566,Other chains,16133,42.9232,-117.9585,4.76
ST-100567,Cardinal Coffee Co.,34153,42.1767,-78.9329,0.0
ST-100568,Independent,01397,31.7685,-82.7134,4.27
ST-100569,Independent,02285,36.6221,-115.4665,4.94
ST-100570,Other chains,49276,34.8722,-116.5554,3.87
ST-100571,Other chains,49873,42.3979,-110.5332,3.82
ST-100572,Other chains,50750,43.8959,-65.2035,3.23
ST-100573,Blue Ridge Roasters,38013,45.0574,-96.8569,5.09
ST-100574,Other chains,50552,42.6905,-65.51,4.35
ST-100575,Other chains,34530,33.5737,-77.9486,4.94
ST-100576,Independent,13215,28.7663,-82.9252,3.67
ST-100577,Independent,12995,33.8946,-75.4549,4.17
ST-100578,Other chains,08259,37.8908,-110.0481,3.75
ST-100579,Independent,49071,37.3235,-113.7849,4.1
ST-100580,Cardinal Coffee Co.,01271,29.1903,-80.6909,3.81
ST-100581,Cardinal Coffee Co.,56047,41.8428,-113.039,5.86
ST-100582,Cardinal Coffee Co.,44130,42.8686,-71.3719,3.83
ST-100583,Independent,27041,42.5036,-90.2281,4.76
ST-100584,Other chains,45917,30.5992,-79.8331,4.12
ST-100585,Independent,04438,39.5289,-120.3654,4.26
ST-100586,Other chains,34717,37.4867,-80.5811,4.63
ST-100587,Independent,05674,32.1105,-93.4536,4.83
ST-100588,Cardinal Coffee Co.,05689,24.9162,-85.3386,4.26
ST-100589,Other chains,09186,36.7957,-83.6772,4.37
ST-100590,Independent,48298,31.5331,-89.151,3.57
ST-100591,Independent,49071,46.1254,-118.6451,3.8
ST-100592,Other chains,51495,27.0978,-76.1219,3.8
ST-100593,Independent,55744,37.2693,-94.9441,3.96
ST-100594,Independent,56340,39.6503,-119.7193,5.13
ST-100595,Blue Ridge Roasters,55765,46.3083,-87.51,3.71
ST-100596,Other chains,02226,39.6065,-101.8791,3.62
ST-100597,Blue Ridge Roasters,39541,43.1064,-89.6964,4.21
ST-100598,Independent,47310,31.4872,-85.2323,4.04
ST-100599,Other chains,10725,30.9681,-77.2555,3.98
ST-100600,Blue Ridge Roasters,19151,41.2466,-83.7306,4.58
ST-100601,Blue Ridge Roasters,56612,37.0251,-109.4475,4.25
ST-100602,Blue Ridge Roasters,46595,43.1728,-92.494,4.03
ST-100603,Independent,33723,36.6812,-71.7643,0.0
ST-100604,Independent,18234,43.67,-97.1647,4.37
ST-100605,Cardinal Coffee Co.,22211,32.6179,-88.7421,3.84
ST-100606,Independent,02112,38.3558,-103.4112,4.96
ST-100607,Cardinal Coffee Co.,41267,34.071,-104.188,4.42
ST-100608,Independent,27041,38.0606,-86.3751,4.34
ST-100609,Independent,01665,36.096,-96.5761,3.53
ST-100610,Independent,50827,40.8742,-81.7493,6.66
ST-100611,Blue Ridge Roasters,48489,33.3352,-89.0768,4.17
ST-100612,Other chains,53775,36.3614,-113.0302,4.05
ST-100613,Independent,54990,32.4128,-92.5025,3.64
ST-100614,Independent,01271,28.3835,-86.4779,4.01
ST-100615,Independent,48163,32.7996,-74.3962,4.49
ST-100616,Other chains,49342,40.1119,-109.595,3.8
ST-100617,Independent,48191,33.4618,-83.687,4.86
ST-100618,Other chains,25423,38.7892,-80.6053,4.53
ST-100619,Independent,27147,39.9738,-98.8339,4.54
ST-100620,Independent,50552,43.1116,-81.8692,4.67
ST-100621,Other chains,17852,40.3657,-99.0763,4.29
ST-100622,Blue Ridge Roasters,42071,40.6381,-74.0498,4.1
ST-100623,Independent,48235,38.2104,-82.6967,3.88
ST-100624,Other chains,48298,29.647,-90.7917,4.59
ST-100625,Independent,31273,44.2413,-88.1125,4.6
ST-100626,Independent,48152,29.036,-76.186,3.91
ST-100627,Independent,53908,40.9643,-100.2538,5.08
ST-100628,Blue Ridge Roasters,47869,34.6245,-80.3775,4.12
ST-100629,Other chains,05770,30.9689,-86.049,3.66
ST-100630,Independent,20068,37.3476,-84.5714,4.24
ST-100631,Other chains,16133,33.0887,-103.8891,4.62
ST-100632,Cardinal Coffee Co.,26512,39.1547,-101.0434,5.06
ST-100633,Other chains,26839,42.5787,-80.1076,3.87
ST-100634,Other chains,06585,35.7671,-115.2675,4.92
ST-100635,Other chains,45421,32.7908,-88.2098,3.92
ST-100636,Cardinal Coffee Co.,05689,28.0707,-87.1296,3.8
ST-100637,Independent,48234,31.7983,-83.0795,0.0
ST-100638,Blue Ridge Roasters,45107,29.0589,-91.6675,3.6
ST-100639,Cardinal Coffee Co.,55534,40.7661,-90.7089,3.72
ST-100640,Blue Ridge Roasters,17125,39.4968,-85.8483,3.77
ST-100641,Other chains,20554,37.4289,-87.6886,4.27
ST-100642,Independent,50289,39.5234,-72.2151,4.48
ST-100643,Other chains,30726,36.1975,-113.9438,4.88
ST-100644,Independent,26298,37.0582,-84.8377,4.18
ST-100645,Other chains,01473,35.7482,-78.6615,3.71
ST-100646,Independent,49274,37.9195,-106.0214,4.8
ST-100647,Independent,08397,32.3933,-109.4343,4.33
ST-100648,Other chains,54574,30.6302,-79.3666,3.61
ST-100649,Other chains,22911,35.2441,-79.7736,3.86
ST-100650,Other chains,06524,36.7159,-95.941,3.94
ST-100651,Other chains,40512,36.9932,-77.6916,4.41
ST-100652,Independent,30579,36.43,-112.5325,4.01
ST-100653,Other chains,30566,40.5102,-117.4701,3.61
ST-100654,Independent,56111,42.1099,-113.5668,4.65
ST-100655,Blue Ridge Roasters,26839,42.3506,-90.9907,4.65
ST-100656,Blue Ridge Roasters,24156,28.3765,-81.9315,3.94
ST-100657,Independent,42062,38.6726,-78.7015,5.21
ST-100658,Cardinal Coffee Co.,10745,36.0102,-77.8469,4.44
ST-100659,Other chains,49728,36.5862,-120.3374,3.56
ST-100660,Independent,12843,35.427,-94.7952,4.16
ST-100661,Other chains,12968,31.2091,-85.8107,0.0
ST-100662,Blue Ridge Roasters,09212,41.9243,-79.5554,3.88
ST-100663,Independent,16668,34.8417,-119.5494,4.55
ST-100664,Cardinal Coffee Co.,36872,39.6752,-78.3224,3.71
ST-100665,Independent,42602,38.8741,-79.0689,4.84
ST-100666,Independent,46797,41.6768,-88.9392,3.87
ST-100667,Cardinal Coffee Co.,44130,41.7796,-78.2228,3.93
ST-100668,Independent,21922,33.8879,-88.2348,3.95
ST-100669,Independent,48489,31.0284,-85.0292,4.22
ST-100670,Other chains,19919,38.2093,-82.9146,4.04
ST-100671,Independent,25081,42.0482,-65.6755,5.68
ST-100672,Other chains,34182,38.4112,-73.6134,3.37
ST-100673,Other chains,29729,44.2353,-87.6467,4.31
ST-100674,Independent,25066,41.1564,-75.5991,5.1
ST-100675,Blue Ridge Roasters,51635,31.5216,-82.1125,4.43
ST-100676,Independent,20315,42.3865,-86.6587,5.24
ST-100677,Cardinal Coffee Co.,27147,40.7709,-81.0449,4.61
ST-100678,Independent,40622,27.5258,-96.3322,3.92
ST-100679,Other chains,24675,29.3157,-86.407,3.57
ST-100680,Independent,34508,44.6731,-72.4649,0.0
ST-100681,Cardinal Coffee Co.,50856,41.7517,-74.6577,4.82
ST-100682,Independent,30400,33.9553,-117.635,4.46
ST-100683,Independent,23075,42.5563,-82.2962,4.92
ST-100684,Blue Ridge Roasters,47411,30.8222,-80.1621,4.39
ST-100685,Cardinal Coffee Co.,45979,29.8765,-89.5416,3.93
ST-100686,Other chains,20004,37.5654,-99.5294,4.76
ST-100687,Independent,48876,35.4998,-79.8606,3.67
ST-100688,Independent,16915,33.1035,-109.2461,4.51
ST-100689,Independent,04684,36.4874,-112.6952,5.35
ST-100690,Independent,19471,41.3604,-94.4873,5.07
ST-100691,Other chains,38797,45.7351,-89.6806,4.78
ST-100692,Other chains,20004,42.6616,-81.7065,3.73
ST-100693,Other chains,28413,29.9619,-94.6882,4.06
ST-100694,Independent,47460,37.0881,-94.3839,3.83
ST-100695,Blue Ridge Roasters,46119,36.9346,-92.7666,3.93
ST-100696,Other chains,29183,41.796,-89.1599,4.22
ST-100697,Independent,53775,40.4634,-114.9778,4.6
ST-100698,Cardinal Coffee Co.,33263,38.8567,-70.6431,4.65
ST-100699,Independent,51236,34.5928,-78.467,3.51
ST-100700,Independent,13045,30.9583,-83.3274,3.96
ST-100701,Other chains,09805,43.5854,-71.1374,3.89
ST-100702,Independent,42861,35.9812,-72.8674,4.64
ST-100703,Other chains,44042,42.5049,-74.443,4.0
ST-100704,Independent,56007,37.7637,-119.7614,0.0
ST-100705,Independent,50519,44.9491,-80.668,4.95
ST-100706,Independent,18759,40.8681,-97.1055,4.08
ST-100707,Independent,42062,45.2477,-75.391,4.47
ST-100708,Blue Ridge Roasters,42602,43.0228,-73.1063,4.7
ST-100709,Independent,40583,32.1175,-93.6956,4.02
ST-100710,Cardinal Coffee Co.,17359,43.363,-88.5644,4.13
ST-100711,Other chains,01647,34.8822,-90.2513,3.81
ST-100712,Independent,45242,33.9157,-91.4152,5.44
ST-100713,Independent,49995,32.1231,-115.7521,4.43
ST-100714,Blue Ridge Roasters,23974,38.5523,-81.2229,4.67
ST-100715,Other chains,02446,43.1523,-108.36,0.0
ST-100716,Cardinal Coffee Co.,24195,28.7322,-86.008,4.16
ST-100717,Independent,33283,44.1474,-69.6087,4.61
ST-100718,Blue Ridge Roasters,56612,41.1194,-114.661,4.94
ST-100719,Blue Ridge Roasters,56007,36.8227,-114.4341,3.97
ST-100720,Independent,29918,35.0143,-77.7597,3.97
ST-100721,Independent,56111,37.2933,-121.7384,5.11
ST-100722,Other chains,12843,38.734,-77.2931,4.42
ST-100723,Independent,54856,29.9102,-75.0729,3.73
ST-100724,Independent,30430,36.6172,-107.4051,4.9
ST-100725,Independent,29138,38.0073,-90.9828,3.95
ST-100726,Cardinal Coffee Co.,02446,42.6444,-103.4386,4.68
ST-100727,Blue Ridge Roasters,19589,40.2713,-90.9306,3.87
ST-100728,Independent,06529,37.1223,-116.2347,4.81
ST-100729,Blue Ridge Roasters,28768,36.7404,-87.3296,3.81
ST-100730,Cardinal Coffee Co.,19691,42.7385,-92.4212,4.08
ST-100731,Independent,05654,29.7421,-90.6797,4.25
ST-100732,Other chains,31741,37.3292,-82.34,5.27
ST-100733,Independent,50216,44.9745,-79.1407,4.85
ST-100734,Independent,09805,41.5504,-74.6779,4.38
ST-100735,Other chains,31052,36.3528,-97.6626,4.08
ST-100736,Other chains,50685,36.1507,-74.3151,4.54
ST-100737,Independent,34508,38.1519,-81.4356,5.67
ST-100738,Other chains,10882,28.7815,-92.0829,4.49
ST-100739,Blue Ridge Roasters,05161,26.3618,-85.6557,4.09
ST-100740,Independent,54221,29.2015,-78.6582,3.84
ST-100741,Other chains,27375,38.2428,-86.3575,4.2
ST-100742,Other chains,04316,37.612,-108.9453,4.39
ST-100743,Independent,51079,37.5787,-85.7795,3.77
ST-100744,Cardinal Coffee Co.,44867,40.6995,-76.5138,4.86
ST-100745,Independent,42602,40.9973,-69.7532,4.5
ST-100746,Independent,05321,34.0278,-88.3791,4.44
ST-100747,Other chains,09883,40.788,-69.4934,5.04
ST-100748,Blue Ridge Roasters,12252,33.7005,-77.5843,3.84
ST-100749,Cardinal Coffee Co.,06037,39.8418,-117.0483,4.13
ST-100750,Cardinal Coffee Co.,36567,41.8678,-78.6667,4.25
ST-100751,Blue Ridge Roasters,34478,49.7994,-77.7742,4.97
ST-100752,Independent,49274,41.7334,-120.8018,4.66
ST-100753,Other chains,05654,29.2548,-87.8164,3.77
ST-100754,Cardinal Coffee Co.,42886,42.6107,-66.6913,3.55
ST-100755,Cardinal Coffee Co.,56035,36.6248,-118.2735,3.92
ST-100756,Blue Ridge Roasters,04408,40.3388,-104.0488,4.67
ST-100757,Independent,45021,28.3744,-87.6007,3.46
ST-100758,Independent,37136,29.1767,-72.3158,3.56
ST-100759,Independent,18581,42.0317,-93.0909,0.0
ST-100760,Independent,33256,44.493,-75.3639,4.1
ST-100761,Cardinal Coffee Co.,48234,34.0079,-90.4611,4.4
ST-100762,Other chains,46474,43.5624,-93.1262,3.98
ST-100763,Independent,22881,33.6215,-76.9709,4.0
ST-100764,Independent,04316,39.5175,-109.1528,4.97
ST-100765,Cardinal Coffee Co.,25190,39.9889,-68.3271,3.74
ST-100766,Independent,48849,34.939,-92.8935,4.03
ST-100767,Other chains,31053,44.0746,-85.071,4.39
ST-100768,Independent,30306,38.8107,-117.8287,4.62
ST-100769,Independent,17359,40.6492,-97.0239,0.0
ST-100770,Independent,48191,37.2742,-83.5674,5.2
ST-100771,Other chains,28303,32.4387,-83.6288,3.67
ST-100772,Independent,37993,32.7271,-84.6799,3.65
ST-100773,Cardinal Coffee Co.,48849,33.9527,-80.6946,4.86
ST-100774,Independent,40317,32.2066,-79.7586,3.6
ST-100775,Independent,54053,30.039,-76.1816,3.7
ST-100776,Other chains,40175,33.6339,-92.1421,4.32
ST-100777,Independent,16668,38.8837,-102.9879,4.74
ST-100778,Independent,51898,38.0267,-73.7061,3.37
ST-100779,Blue Ridge Roasters,40985,34.8653,-87.1974,3.78
ST-100780,Other chains,44042,39.7136,-84.511,3.69
ST-100781,Independent,08134,41.1872,-120.301,4.4
ST-100782,Independent,45242,33.4236,-87.7711,3.94
ST-100783,Other chains,40175,36.4283,-72.9152,3.86
ST-100784,Cardinal Coffee Co.,23070,39.9266,-74.3975,4.28
ST-100785,Other chains,08453,39.566,-115.7031,4.11
ST-100786,Other chains,51812,32.2027,-89.1124,4.5
ST-100787,Cardinal Coffee Co.,40414,32.6754,-92.9363,4.17
ST-100788,Independent,44130,38.8444,-69.2525,4.69
ST-100789,Independent,06478,40.7277,-112.5524,5.4
ST-100790,Cardinal Coffee Co.,25081,42.7539,-61.901,4.51
ST-100791,Cardinal Coffee Co.,55308,44.8557,-85.2307,4.1
ST-100792,Other chains,30246,38.9699,-107.0204,3.52
ST-100793,Blue Ridge Roasters,53373,37.7645,-113.4526,5.19
ST-100794,Independent,39787,43.3679,-95.5462,4.77
ST-100795,Blue Ridge Roasters,22211,30.1174,-90.2415,3.89
ST-100796,Cardinal Coffee Co.,54478,35.755,-93.2155,3.76
ST-100797,Blue Ridge Roasters,49276,42.2485,-106.5376,3.7
ST-100798,Other chains,19126,44.7718,-91.3095,4.43
ST-100799,Cardinal Coffee Co.,05643,33.6299,-79.285,4.37
ST-100800,Independent,05904,31.0405,-84.1845,3.9
ST-100801,Blue Ridge Roasters,47515,32.8276,-86.7569,3.86
ST-100802,Cardinal Coffee Co.,04569,40.1402,-119.0176,4.23
ST-100803,Other chains,21327,30.8196,-83.1902,4.63
ST-100804,Blue Ridge Roasters,34717,45.4993,-75.8118,3.87
ST-100805,Cardinal Coffee Co.,04438,40.7403,-106.5869,3.84
ST-100806,Blue Ridge Roasters,16286,36.3233,-116.2925,4.43
ST-100807,Blue Ridge Roasters,41245,44.6486,-108.3034,3.95
ST-100808,Independent,50750,41.7922,-64.6549,3.93
ST-100809,Other chains,29110,37.7177,-87.3647,4.51
ST-100810,Other chains,47533,30.0092,-80.2883,4.81
ST-100811,Blue Ridge Roasters,36567,45.9634,-71.0687,4.02
ST-100812,Blue Ridge Roasters,30491,44.475,-100.6115,4.93
ST-100813,Independent,29439,44.0285,-86.7706,3.99
ST-100814,Cardinal Coffee Co.,54550,36.4579,-80.8002,5.14
ST-100815,Blue Ridge Roasters,02471,42.6498,-112.2177,4.44
ST-100816,Cardinal Coffee Co.,37166,34.1707,-89.6463,4.15
ST-100817,Independent,17740,41.9871,-96.2491,3.85
ST-100818,Cardinal Coffee Co.,51236,34.1196,-77.3985,3.72
ST-100819,Independent,40583,34.708,-91.0502,4.34
ST-100820,Cardinal Coffee Co.,01647,30.2752,-80.5248,3.56
ST-100821,Cardinal Coffee Co.,40790,34.6959,-82.5039,4.13
ST-100822,Independent,30400,43.3759,-106.4933,5.31
ST-100823,Blue Ridge Roasters,01647,31.8809,-88.0883,4.31
ST-100824,Other chains,55659,40.0603,-93.7444,4.29
ST-100825,Cardinal Coffee Co.,26948,42.4296,-86.7298,4.01
ST-100826,Independent,01357,30.551,-86.7541,3.5
ST-100827,Blue Ridge Roasters,42033,37.5495,-81.8862,3.97
ST-100828,Independent,34404,44.9432,-62.8688,6.11
ST-100829,Cardinal Coffee Co.,45085,31.1471,-89.7484,3.61
ST-100830,Cardinal Coffee Co.,19344,41.0553,-94.9618,4.5
ST-100831,Independent,49728,37.1696,-113.4528,4.43
ST-100832,Cardinal Coffee Co.,27723,44.8303,-81.4828,3.99
ST-100833,Other chains,34536,44.0595,-87.5004,4.09
ST-100834,Other chains,48331,31.7778,-77.9807,3.7
ST-100835,Independent,32072,35.4603,-117.4688,0.0
ST-100836,Independent,17125,39.9592,-87.4128,4.89
ST-100837,Blue Ridge Roasters,31118,42.7105,-93.056,3.76
ST-100838,Independent,38195,41.5659,-77.0485,4.95
ST-100839,Blue Ridge Roasters,21703,32.8273,-84.2523,3.51
ST-100840,Independent,10863,33.1351,-89.2485,3.81
ST-100841,Independent,17839,43.2764,-90.8065,4.29
ST-100842,Cardinal Coffee Co.,50156,41.3744,-73.9622,4.54
ST-100843,Independent,01131,33.85,-83.9339,3.9
ST-100844,Cardinal Coffee Co.,32616,36.0392,-109.3674,4.5
ST-100845,Independent,48769,40.1616,-85.0084,3.86
ST-100846,Blue Ridge Roasters,22755,31.6484,-93.263,4.53
ST-100847,Blue Ridge Roasters,25066,42.1108,-76.5416,4.42
ST-100848,Other chains,38797,42.6994,-85.36,3.53
ST-100849,Other chains,38059,39.7676,-93.0193,3.97
ST-100850,Independent,02194,39.0235,-107.9633,4.65
ST-100851,Cardinal Coffee Co.,32616,38.987,-111.8097,4.56
ST-100852,Independent,02112,36.2579,-113.3064,4.71
ST-100853,Cardinal Coffee Co.,16966,40.3158,-104.8351,4.29
ST-100854,Independent,16133,34.0523,-122.4288,4.83
ST-100855,Blue Ridge Roasters,49853,44.2581,-116.0519,4.3
ST-100856,Independent,50827,43.8789,-67.1054,5.62
ST-100857,Other chains,42589,43.4174,-63.5197,3.92
ST-100858,Blue Ridge Roasters,39164,35.7901,-75.284,4.04
ST-100859,Cardinal Coffee Co.,01357,30.1224,-84.6979,3.43
ST-100860,Independent,09805,45.668,-71.7526,4.98
ST-100861,Independent,49276,51.4537,-107.0954,4.24
ST-100862,Independent,24622,36.0841,-77.3495,3.83
ST-100863,Other chains,37136,35.6108,-83.1214,3.85
ST-100864,Other chains,42589,43.0749,-68.9431,4.67
ST-100865,Independent,26553,38.4575,-86.2414,4.38
ST-100866,Other chains,42511,44.4855,-71.3667,4.58
ST-100867,Blue Ridge Roasters,41943,35.6964,-117.5102,5.35
ST-100868,Independent,12968,28.8682,-86.9753,4.42
ST-100869,Blue Ridge Roasters,45467,28.6794,-88.1366,3.39
ST-100870,Independent,19471,43.9272,-96.1334,4.14
ST-100871,Independent,20713,40.8278,-98.9096,5.24
ST-100872,Cardinal Coffee Co.,48188,32.8026,-87.5418,5.48
ST-100873,Independent,56612,38.9538,-113.5833,4.79
ST-100874,Other chains,02506,35.6229,-111.3698,4.54
ST-100875,Cardinal Coffee Co.,38243,38.9878,-85.6656,3.87
ST-100876,Other chains,32443,37.1387,-110.8713,3.35
ST-100877,Cardinal Coffee Co.,36993,37.2842,-76.0415,4.2
ST-100878,Other chains,49342,37.4874,-117.4908,4.56
ST-100879,Independent,09805,38.2561,-69.2376,4.64
ST-100880,Blue Ridge Roasters,39164,42.733,-89.6109,4.49
ST-100881,Blue Ridge Roasters,08638,40.9829,-114.6027,4.83
ST-100882,Other chains,23476,37.6191,-75.6187,4.66
ST-100883,Independent,28201,31.6101,-89.3965,3.67
ST-100884,Cardinal Coffee Co.,01397,38.0682,-88.184,3.85
ST-100885,Other chains,38059,38.0577,-92.3747,4.11
ST-100886,Independent,40317,33.7799,-86.724,3.97
ST-100887,Other chains,30792,39.3166,-108.0655,4.37
ST-100888,Independent,02285,42.2787,-109.5573,4.59
ST-100889,Independent,39468,41.8864,-79.7196,3.85
ST-100890,Cardinal Coffee Co.,01493,31.2061,-77.7296,5.1
ST-100891,Blue Ridge Roasters,20305,41.2003,-77.2615,3.79
ST-100892,Independent,27371,41.2441,-85.645,3.84
ST-100893,Independent,42602,41.2249,-71.2414,5.05
ST-100894,Independent,30168,35.0427,-114.9245,4.88
ST-100895,Other chains,49681,42.7293,-107.0439,3.95
ST-100896,Other chains,56035,42.1993,-115.9367,3.57
ST-100897,Blue Ridge Roasters,47869,29.3674,-93.8227,5.33
ST-100898,Independent,01557,31.5978,-75.8421,4.6
ST-100899,Blue Ridge Roasters,21058,31.8247,-92.4951,4.04
ST-100900,Other chains,12182,29.0304,-82.3669,4.09
ST-100901,Other chains,51331,26.8996,-90.282,4.0
ST-100902,Independent,50827,39.4882,-67.74,4.82
ST-100903,Independent,09883,40.4308,-66.9223,5.61
ST-100904,Other chains,04083,34.6763,-108.8249,3.89
ST-100905,Other chains,45823,33.0309,-77.5218,3.99
ST-100906,Independent,04569,42.4886,-111.956,5.27
ST-100907,Other chains,50750,44.0263,-61.095,3.42
ST-100908,Independent,37972,32.1199,-80.523,3.56
ST-100909,Independent,31118,35.4788,-94.4033,4.44
ST-100910,Other chains,46458,43.1471,-88.5824,4.46
ST-100911,Blue Ridge Roasters,25081,41.9392,-75.415,5.25
ST-100912,Blue Ridge Roasters,36782,42.7731,-76.0025,3.74
ST-100913,Other chains,56915,44.8083,-121.9428,4.61
ST-100914,Other chains,17520,38.5256,-86.6788,3.63
ST-100915,Independent,10841,23.8756,-93.3145,5.2
ST-100916,Cardinal Coffee Co.,10176,29.3396,-100.1524,4.26
ST-100917,Other chains,22211,33.9581,-87.0641,3.95
ST-100918,Blue Ridge Roasters,05972,32.5808,-89.5354,4.53
ST-100919,Other chains,19471,37.3531,-94.1692,3.82
ST-100920,Cardinal Coffee Co.,49923,34.7408,-130.6186,4.45
ST-100921,Independent,32409,37.9362,-117.1051,4.64
ST-100922,Independent,01371,28.7617,-86.0419,3.68
ST-100923,Other chains,24459,34.0619,-88.8049,3.58
ST-100924,Other chains,50750,40.2657,-72.1759,3.64
ST-100925,Independent,30590,37.1186,-103.644,4.83
ST-100926,Independent,29110,38.7252,-85.9018,4.02
ST-100927,Other chains,50552,42.2894,-68.3416,4.14
ST-100928,Independent,17618,41.1278,-82.3452,4.41
ST-100929,Independent,30579,39.6059,-118.1132,4.04
ST-100930,Other chains,47588,33.0404,-82.3653,5.17
ST-100931,Other chains,37280,32.2834,-79.0291,4.12
ST-100932,Other chains,32806,35.9006,-114.6158,4.14
ST-100933,Cardinal Coffee Co.,46777,38.8089,-93.7438,4.68
ST-100934,Independent,16454,37.816,-108.8176,4.92
ST-100935,Other chains,48463,38.6956,-93.8898,4.25
ST-100936,Independent,12995,28.4535,-91.528,3.98
ST-100937,Independent,25190,40.2431,-78.5005,5.06
ST-100938,Other chains,56612,39.2948,-109.2969,4.25
ST-100939,Cardinal Coffee Co.,17284,40.09,-87.6865,3.71
ST-100940,Other chains,34153,44.7219,-68.3058,4.8
ST-100941,Independent,40827,31.5745,-90.5312,4.03
ST-100942,Other chains,34530,40.7964,-80.3528,4.1
ST-100943,Cardinal Coffee Co.,50134,43.9439,-71.3565,3.89
ST-100944,Cardinal Coffee Co.,13045,37.9321,-89.792,3.6
ST-100945,Other chains,40149,36.7225,-88.621,4.19
ST-100946,Independent,04408,38.59,-123.1406,5.16
ST-100947,Cardinal Coffee Co.,20003,40.8515,-87.2549,4.59
ST-100948,Cardinal Coffee Co.,10841,32.6402,-75.7523,4.15
ST-100949,Other chains,47515,32.941,-91.1757,4.32
ST-100950,Other chains,12071,29.958,-78.8698,4.38
ST-100951,Cardinal Coffee Co.,45242,35.3098,-85.3564,0.0
ST-100952,Independent,22732,33.1198,-95.5925,4.88
ST-100953,Independent,32428,38.8654,-117.3684,4.76
ST-100954,Other chains,46550,37.1866,-94.7388,4.64
ST-100955,Other chains,50196,41.6869,-76.3992,3.64
ST-100956,Other chains,01271,26.8204,-82.4829,3.5
ST-100957,Independent,49336,37.2551,-100.9065,4.07
ST-100958,Independent,50685,39.8107,-83.0869,4.96
ST-100959,Other chains,45242,33.361,-87.9087,3.43
ST-100960,Other chains,06524,44.6396,-117.3759,3.94
ST-100961,Independent,45142,34.2157,-92.6079,3.68
ST-100962,Cardinal Coffee Co.,35988,43.3452,-111.4273,5.12
ST-100963,Independent,45142,34.4356,-84.9911,3.43
ST-100964,Blue Ridge Roasters,24675,35.8752,-95.8828,3.96
ST-100965,Independent,29439,46.5714,-88.8911,4.47
ST-100966,Independent,41078,36.8045,-119.2324,4.91
ST-100967,Independent,29020,38.6087,-88.929,5.08
ST-100968,Other chains,48163,34.5064,-77.383,4.47
ST-100969,Other chains,45980,32.489,-82.2216,4.51
ST-100970,Other chains,21658,33.1611,-83.9349,4.05
ST-100971,Blue Ridge Roasters,40671,31.754,-88.1726,3.88
ST-100972,Blue Ridge Roasters,47617,30.7112,-84.5988,3.57
ST-100973,Independent,30590,43.8623,-108.6205,4.98
ST-100974,Cardinal Coffee Co.,47288,29.2004,-82.215,3.8
ST-100975,Independent,05904,34.5592,-85.5953,3.52
ST-100976,Other chains,27041,42.5727,-87.6957,4.12
ST-100977,Other chains,45917,27.763,-92.8994,0.0
ST-100978,Other chains,51495,30.0077,-89.406,4.6
ST-100979,Independent,42175,39.5119,-70.2546,5.22
ST-100980,Blue Ridge Roasters,42205,43.1938,-69.4478,4.11
ST-100981,Independent,22304,31.3989,-84.4384,4.0
ST-100982,Independent,45917,32.2432,-76.1262,4.29
ST-100983,Cardinal Coffee Co.,22847,28.1271,-81.9519,0.0
ST-100984,Blue Ridge Roasters,09745,48.4777,-75.8988,4.36
ST-100985,Other chains,20225,41.2136,-96.3185,3.85
ST-100986,Independent,31823,42.497,-80.3676,5.0
ST-100987,Other chains,56340,37.3781,-107.3781,4.94
ST-100988,Other chains,30726,37.0421,-101.2101,5.19
ST-100989,Blue Ridge Roasters,46458,46.7381,-75.9989,4.24
ST-100990,Other chains,48188,26.7498,-92.7216,4.01
ST-100991,Independent,36782,42.3359,-82.206,3.52
ST-100992,Other chains,39746,37.3655,-106.1792,3.97
ST-100993,Other chains,34508,40.285,-68.9898,4.37
ST-100994,Other chains,27876,39.0857,-85.0611,3.95
ST-100995,Other chains,47460,29.5421,-84.4133,3.87
ST-100996,Blue Ridge Roasters,35996,39.1063,-119.3568,4.3
ST-100997,Other chains,29613,33.2959,-89.5342,4.24
ST-100998,Cardinal Coffee Co.,24675,31.5535,-83.8918,3.82
ST-100999,Independent,54729,32.2291,-80.3036,4.58
ST-101000,Independent,02506,34.9222,-110.3621,4.26
ST-101001,Other chains,01723,37.0397,-81.0172,3.72
ST-101002,Cardinal Coffee Co.,29138,39.2166,-89.7448,4.5
ST-101003,Blue Ridge Roasters,01493,31.7875,-77.9111,3.52
ST-101004,Other chains,26512,39.2233,-85.2096,3.49
ST-101005,Cardinal Coffee Co.,32428,38.7553,-119.1216,4.14
ST-101006,Blue Ridge Roasters,24284,36.4244,-76.6647,3.88
ST-101007,Blue Ridge Roasters,12071,39.919,-77.6466,3.7
ST-101008,Cardinal Coffee Co.,33072,43.7369,-71.7072,4.4
ST-101009,Other chains,40583,35.764,-83.3157,3.66
ST-101010,Blue Ridge Roasters,56111,44.1493,-102.0483,4.14
ST-101011,Blue Ridge Roasters,48191,33.2466,-94.7999,0.0
ST-101012,Other chains,37993,37.2108,-77.5527,4.08
ST-101013,Cardinal Coffee Co.,04438,41.3772,-114.8572,3.79
ST-101014,Other chains,08348,39.432,-105.4289,4.43
ST-101015,Independent,27876,42.051,-88.2777,4.25
ST-101016,Other chains,12995,27.0357,-92.4576,3.85
ST-101017,Blue Ridge Roasters,45467,33.3764,-87.9791,4.0
ST-101018,Independent,22864,27.8688,-78.8696,4.94
ST-101019,Cardinal Coffee Co.,39901,36.1242,-90.2612,5.04
ST-101020,Cardinal Coffee Co.,20315,41.5786,-92.7289,3.73
ST-101021,Blue Ridge Roasters,30726,35.6578,-115.769,5.03
ST-101022,Other chains,41749,38.9787,-108.1465,3.89
ST-101023,Independent,06542,39.4153,-101.4962,5.51
ST-101024,Independent,49087,39.5491,-124.8453,4.39
ST-101025,Independent,40493,29.7876,-68.1959,4.53
ST-101026,Blue Ridge Roasters,41078,41.696,-110.7775,4.75
ST-101027,Cardinal Coffee Co.,30446,38.7323,-108.5187,4.87
ST-101028,Other chains,54221,33.8232,-87.6176,4.91
ST-101029,Other chains,48163,28.9107,-85.0211,4.9
ST-101030,Independent,19691,40.465,-87.8449,3.82
ST-101031,Independent,40149,35.7919,-91.2946,4.12
ST-101032,Independent,46951,43.9105,-93.8341,4.2
ST-101033,Cardinal Coffee Co.,20350,38.6081,-81.8926,3.95
ST-101034,Independent,37762,30.8633,-94.3141,4.2
ST-101035,Blue Ridge Roasters,47617,29.5339,-82.3538,3.85
ST-101036,Other chains,20315,39.0308,-91.2231,4.17
ST-101037,Cardinal Coffee Co.,30855,34.8028,-117.7642,4.38
ST-101038,Independent,32072,38.5855,-100.1684,3.78
ST-101039,Independent,23974,43.3994,-80.227,4.5
ST-101040,Cardinal Coffee Co.,23974,39.1448,-81.2806,4.61
ST-101041,Blue Ridge Roasters,31052,40.7282,-90.1218,3.65
ST-101042,Independent,06482,38.3385,-116.6114,4.85
ST-101043,Other chains,56111,42.1654,-111.9617,0.0
ST-101044,Blue Ridge Roasters,36465,39.6652,-73.5676,4.55
ST-101045,Blue Ridge Roasters,41274,37.2744,-110.5921,4.09
ST-101046,Independent,34478,38.9619,-75.2433,4.97
ST-101047,Independent,21651,29.0875,-89.213,3.73
ST-101048,Independent,30590,40.5876,-108.1396,4.16
ST-101049,Independent,38742,40.5947,-89.6702,4.55
ST-101050,Blue Ridge Roasters,34478,41.6644,-77.4737,4.44
ST-101051,Blue Ridge Roasters,21327,36.3239,-76.12,3.57
ST-101052,Other chains,10176,36.4962,-85.7279,3.9
ST-101053,Other chains,30976,34.0613,-105.4481,3.88
ST-101054,Independent,41245,40.9435,-104.639,4.9
ST-101055,Independent,36465,42.1769,-66.774,5.02
ST-101056,Other chains,25356,40.1152,-70.3531,4.75
ST-101057,Other chains,08397,39.9831,-112.0038,3.8
ST-101058,Other chains,26948,35.8209,-89.3843,3.93
ST-101059,Independent,16736,43.3879,-113.4647,6.07
ST-101060,Independent,12071,34.0448,-98.0014,4.29
ST-101061,Independent,50556,38.9044,-70.1872,4.78
ST-101062,Other chains,16286,37.2438,-110.5332,5.66
ST-101063,Cardinal Coffee Co.,25340,36.3906,-69.5469,4.41
ST-101064,Blue Ridge Roasters,40622,31.5581,-85.702,4.24
ST-101065,Blue Ridge Roasters,48331,31.0518,-81.011,4.25
ST-101066,Independent,28303,28.5247,-93.265,3.5
ST-101067,Cardinal Coffee Co.,45242,34.8301,-92.0156,4.53
ST-101068,Independent,05505,36.3304,-99.8573,3.56
ST-101069,Cardinal Coffee Co.,30921,38.9179,-112.8061,5.23
ST-101070,Other chains,02506,38.0831,-116.6352,4.65
ST-101071,Cardinal Coffee Co.,10030,33.805,-90.4203,3.63
ST-101072,Independent,36958,41.4411,-72.4921,5.31
ST-101073,Other chains,12071,29.2535,-87.553,3.9
ST-101074,Cardinal Coffee Co.,02346,37.042,-120.5985,4.86
ST-101075,Independent,19589,40.1107,-73.7314,4.84
ST-101076,Independent,48163,33.2446,-85.2221,4.89
ST-101077,Cardinal Coffee Co.,40493,32.528,-91.499,4.79
ST-101078,Independent,34404,42.1311,-78.519,5.39
ST-101079,Independent,54729,27.9255,-86.0389,3.5
ST-101080,Independent,27041,42.9957,-90.0515,4.65
ST-101081,Independent,53345,39.0102,-104.187,4.84
ST-101082,Blue Ridge Roasters,16668,46.6581,-112.4766,3.85
ST-101083,Cardinal Coffee Co.,02285,37.8371,-100.8688,4.45
ST-101084,Independent,05689,33.4704,-87.5945,4.77
ST-101085,Cardinal Coffee Co.,20350,49.4877,-86.4414,4.52
ST-101086,Independent,10977,33.0823,-78.8681,4.09
ST-101087,Independent,06037,38.7971,-104.8291,4.94
ST-101088,Independent,22988,29.5392,-77.1288,3.96
ST-101089,Other chains,56444,43.5848,-113.6321,4.99
ST-101090,Other chains,25066,38.0227,-74.5329,3.85
ST-101091,Blue Ridge Roasters,08259,40.2814,-126.8765,3.85
ST-101092,Independent,50908,40.0793,-75.6761,3.86
ST-101093,Independent,25066,40.932,-67.9525,4.6
ST-101094,Independent,48496,28.2282,-79.619,4.27
ST-101095,Other chains,42062,45.5294,-75.0189,4.36
ST-101096,Independent,50552,40.6666,-64.3052,4.83
ST-101097,Other chains,36782,37.8547,-76.804,3.55
ST-101098,Cardinal Coffee Co.,40512,36.2581,-89.2968,4.49
ST-101099,Blue Ridge Roasters,08134,37.4876,-114.809,3.8
ST-101100,Other chains,36835,42.5038,-81.2348,3.89
ST-101101,Independent,45242,35.0242,-81.2656,3.67
ST-101102,Other chains,56867,40.4221,-110.2691,4.42
ST-101103,Independent,09895,34.9101,-70.8401,6.5
ST-101104,Other chains,23615,43.5861,-76.9862,5.47
ST-101105,Blue Ridge Roasters,02226,38.6982,-112.3484,5.04
ST-101106,Independent,49342,38.0129,-125.0705,4.48
ST-101107,Other chains,05321,32.1728,-82.7426,3.84
ST-101108,Independent,53931,34.1699,-111.407,4.85
ST-101109,Independent,34384,42.0765,-81.1032,4.38
ST-101110,Other chains,21527,28.4068,-85.6279,4.22
ST-101111,Blue Ridge Roasters,54729,31.6425,-86.5471,3.98
ST-101112,Other chains,38895,41.4688,-78.4141,3.78
ST-101113,Cardinal Coffee Co.,37993,35.7221,-91.3668,4.1
ST-101114,Cardinal Coffee Co.,51331,30.0412,-83.0114,3.6
ST-101115,Independent,47617,36.8548,-91.5446,4.66
ST-101116,Independent,40937,35.3406,-88.3472,3.91
ST-101117,Other chains,26236,39.7118,-87.3391,3.76
ST-101118,Independent,55744,37.6738,-90.2682,4.33
ST-101119,Blue Ridge Roasters,38797,36.6686,-89.0359,4.16
ST-101120,Independent,12278,33.3153,-83.0037,3.59
ST-101121,Independent,50750,39.2881,-77.4621,3.85
ST-101122,Cardinal Coffee Co.,36699,45.0981,-69.1951,3.48
ST-101123,Other chains,34182,39.4614,-76.3329,4.02
ST-101124,Other chains,50604,38.798,-75.0853,5.87
ST-101125,Other chains,56915,39.7009,-109.8321,4.99
ST-101126,Independent,05875,30.4419,-83.638,3.75
ST-101127,Blue Ridge Roasters,35988,39.0256,-108.1346,4.0
ST-101128,Independent,36993,44.458,-72.5982,4.95
ST-101129,Other chains,47588,32.8517,-82.1858,3.57
ST-101130,Independent,54729,32.8629,-86.9522,3.61
ST-101131,Blue Ridge Roasters,13045,33.1154,-91.4126,4.05
ST-101132,Independent,56444,33.9207,-120.5658,3.78
ST-101133,Other chains,35996,40.1755,-122.0243,3.78
ST-101134,Other chains,02643,39.4798,-101.4236,4.64
ST-101135,Other chains,29303,43.6787,-102.2766,3.81
ST-101136,Independent,19151,42.8174,-81.8377,4.0
ST-101137,Other chains,54524,31.8942,-89.9252,4.38
ST-101138,Independent,39468,44.0972,-81.8814,3.93
ST-101139,Independent,51635,31.6221,-98.2152,4.16
ST-101140,Independent,40583,33.2415,-86.4106,5.02
ST-101141,Independent,24156,31.5666,-76.2759,3.48
ST-101142,Blue Ridge Roasters,30306,40.3853,-107.7207,4.19
ST-101143,Independent,54245,31.3705,-87.0236,3.89
ST-101144,Blue Ridge Roasters,23476,46.4427,-86.1579,5.31
ST-101145,Cardinal Coffee Co.,50280,47.5521,-82.4349,4.08
ST-101146,Other chains,24549,35.1218,-76.6651,3.39
ST-101147,Cardinal Coffee Co.,40493,37.1239,-87.0894,3.78
ST-101148,Cardinal Coffee Co.,38486,36.3824,-89.4309,3.97
ST-101149,Independent,05321,28.2359,-83.2988,4.34
ST-101150,Other chains,10265,31.5353,-92.817,3.83
ST-101151,Independent,06037,39.1237,-109.5563,5.29
ST-101152,Independent,48188,31.9054,-87.5177,3.84
ST-101153,Independent,18234,36.0736,-87.2378,4.32
ST-101154,Cardinal Coffee Co.,31823,44.4548,-92.4683,4.5
ST-101155,Independent,05674,38.9626,-94.4387,4.61
ST-101156,Cardinal Coffee Co.,39471,44.843,-91.5642,5.22
ST-101157,Independent,54754,35.7566,-81.1553,3.89
ST-101158,Blue Ridge Roasters,24397,33.1784,-82.6356,3.47
ST-101159,Blue Ridge Roasters,25081,38.971,-74.3144,5.1
ST-101160,Independent,34731,41.7176,-69.1112,4.49
ST-101161,Blue Ridge Roasters,38568,47.3168,-90.2216,4.42
ST-101162,Cardinal Coffee Co.,41943,37.944,-111.6623,5.11
ST-101163,Blue Ridge Roasters,40937,31.1351,-87.8786,4.63
ST-101164,Independent,36872,44.8219,-68.7603,4.14
ST-101165,Cardinal Coffee Co.,35988,42.5211,-110.2508,3.88
ST-101166,Independent,12252,29.9563,-88.3417,4.0
ST-101167,Independent,12182,31.7155,-93.9342,3.27
ST-101168,Independent,56035,37.4943,-105.3702,0.0
ST-101169,Blue Ridge Roasters,36835,41.7091,-78.9644,0.0
ST-101170,Independent,46458,44.3111,-88.5676,4.05
ST-101171,Cardinal Coffee Co.,40790,30.0879,-70.8844,4.23
ST-101172,Independent,27933,44.269,-84.1909,3.8
ST-101173,Other chains,40414,32.805,-75.3331,4.39
ST-101174,Independent,38568,47.9786,-92.2287,4.59
ST-101175,Cardinal Coffee Co.,25015,42.4565,-68.0741,5.12
ST-101176,Other chains,29020,40.7092,-88.84,3.63
ST-101177,Independent,47310,34.2241,-82.8039,5.06
ST-101178,Independent,09883,40.4886,-62.3749,4.94
ST-101179,Blue Ridge Roasters,09845,36.1142,-76.1719,4.48
ST-101180,Other chains,06037,38.2784,-111.8845,4.24
ST-101181,Other chains,31257,40.2311,-94.4193,4.03
ST-101182,Independent,20059,36.223,-83.6692,5.23
ST-101183,Other chains,34717,41.2809,-77.8638,3.59
ST-101184,Independent,19151,34.7987,-82.8637,5.28
ST-101185,Independent,20225,39.9569,-98.8995,4.6
ST-101186,Cardinal Coffee Co.,01274,33.2308,-81.7082,3.9
ST-101187,Blue Ridge Roasters,39787,41.291,-92.8622,4.06
ST-101188,Blue Ridge Roasters,30491,37.7668,-107.6169,4.98
ST-101189,Other chains,06478,38.7434,-112.0814,4.15
ST-101190,Independent,36465,39.1478,-77.712,5.2
ST-101191,Cardinal Coffee Co.,50552,41.5324,-76.8194,4.3
ST-101192,Independent,50103,41.6743,-79.6023,5.43
ST-101193,Independent,51279,29.7993,-79.9733,3.73
ST-101194,Independent,34508,42.3031,-80.7918,4.56
ST-101195,Other chains,16745,39.7844,-113.6025,4.07
ST-101196,Blue Ridge Roasters,21775,32.0014,-82.9286,3.92
ST-101197,Independent,16133,46.2631,-102.319,4.52
ST-101198,Cardinal Coffee Co.,51898,32.0779,-85.0558,4.05
ST-101199,Other chains,04438,38.1623,-113.4551,3.78
ST-101200,Other chains,50156,40.2328,-72.8582,4.32
ST-101201,Cardinal Coffee Co.,51849,29.5872,-97.4408,3.95
ST-101202,Independent,39939,43.0577,-96.1919,4.3
ST-101203,Cardinal Coffee Co.,35810,36.9413,-114.2522,4.06
ST-101204,Other chains,48915,30.7962,-89.2778,4.39
ST-101205,Other chains,02346,37.3853,-121.605,4.51
ST-101206,Other chains,50008,38.5452,-69.3533,3.4
ST-101207,Blue Ridge Roasters,30792,33.7468,-110.4415,4.46
ST-101208,Independent,54550,31.1112,-84.1584,4.25
ST-101209,Blue Ridge Roasters,05366,35.12,-89.1639,3.68
ST-101210,Independent,56007,39.5909,-111.5236,4.33
ST-101211,Independent,31118,45.6817,-85.9133,3.96
ST-101212,Blue Ridge Roasters,05654,34.7529,-86.5894,4.55
ST-101213,Cardinal Coffee Co.,37136,34.0719,-82.3326,3.64
ST-101214,Other chains,09678,47.1479,-79.2764,5.15
ST-101215,Other chains,18237,40.7086,-88.4151,4.18
ST-101216,Other chains,29613,41.1892,-82.145,3.89
ST-101217,Other chains,50008,41.4656,-67.1079,6.0
ST-101218,Cardinal Coffee Co.,04319,43.6314,-104.0345,3.43
ST-101219,Independent,13820,32.5075,-83.2866,3.81
ST-101220,Cardinal Coffee Co.,27147,39.0552,-88.8103,3.77
ST-101221,Independent,37972,34.263,-87.6927,3.97
ST-101222,Independent,01131,30.0512,-95.8449,3.56
ST-101223,Independent,40985,34.1004,-93.0694,3.85
ST-101224,Other chains,30726,40.2415,-113.0083,4.89
ST-101225,Other chains,56340,38.4318,-112.6497,3.95
ST-101226,Other chains,21658,34.1974,-76.5267,4.41
ST-101227,Other chains,29187,36.5366,-81.1112,3.76
ST-101228,Other chains,05321,32.9889,-89.1189,3.82
ST-101229,Independent,51849,31.1117,-80.09,3.64
ST-101230,Other chains,48769,41.0868,-87.8624,4.03
ST-101231,Other chains,22847,32.9675,-80.9043,4.84
ST-101232,Other chains,28287,30.7108,-80.1639,0.0
ST-101233,Independent,46128,36.8651,-81.5474,4.77
ST-101234,Independent,20554,44.9162,-91.9559,5.24
ST-101235,Other chains,20059,39.9499,-82.9142,3.92
ST-101236,Independent,25190,39.1259,-85.7369,4.38
ST-101237,Independent,42602,42.5089,-66.7227,5.34
ST-101238,Blue Ridge Roasters,12215,34.4492,-85.1501,4.26
ST-101239,Independent,18372,42.9019,-89.0224,3.91
ST-101240,Independent,19344,41.0593,-101.2246,5.31
ST-101241,Other chains,54849,32.9776,-87.332,3.62
ST-101242,Other chains,51236,33.1961,-76.8671,3.82
ST-101243,Other chains,55532,42.0092,-91.5602,4.38
ST-101244,Independent,08638,40.2747,-107.7192,5.73
ST-101245,Independent,30415,42.2834,-111.7927,4.4
ST-101246,Blue Ridge Roasters,28802,32.6692,-78.624,3.83
ST-101247,Blue Ridge Roasters,37653,30.0496,-83.851,3.78
ST-101248,Independent,09449,41.0671,-80.0909,4.35
ST-101249,Other chains,32708,41.2613,-111.6613,5.83
ST-101250,Other chains,01557,27.1404,-75.3927,4.12
ST-101251,Blue Ridge Roasters,08611,33.6577,-109.0141,4.22
ST-101252,Independent,21536,35.2548,-85.6987,4.24
ST-101253,Blue Ridge Roasters,42334,46.0604,-60.9655,3.7
ST-101254,Independent,50289,37.7044,-67.5447,5.73
ST-101255,Independent,45823,32.8014,-80.0996,4.03
ST-101256,Blue Ridge Roasters,24682,31.3014,-83.0959,3.78
ST-101257,Blue Ridge Roasters,36465,40.7175,-70.1184,4.51
ST-101258,Blue Ridge Roasters,37166,33.4166,-80.4236,3.46
ST-101259,Other chains,04684,35.1214,-125.0969,4.08
ST-101260,Independent,54550,29.1783,-82.6304,3.37
ST-101261,Independent,51898,31.5962,-85.9648,4.56
ST-101262,Independent,25190,41.0639,-77.4987,4.42
ST-101263,Independent,04319,35.6221,-113.1726,4.15
ST-101264,Cardinal Coffee Co.,19344,43.3689,-98.3351,5.35
ST-101265,Other chains,35810,37.7473,-122.8277,4.29
ST-101266,Other chains,17567,39.7345,-81.521,4.19
ST-101267,Cardinal Coffee Co.,05654,33.348,-82.2271,5.21
ST-101268,Blue Ridge Roasters,38243,40.6133,-103.4781,4.09
ST-101269,Independent,23476,44.0124,-77.9583,5.27
ST-101270,Blue Ridge Roasters,02506,36.1997,-106.7167,4.2
ST-101271,Independent,01357,28.3078,-86.6801,4.37
ST-101272,Other chains,45979,31.5706,-77.53,3.55
ST-101273,Blue Ridge Roasters,16759,39.1807,-105.7015,3.6
ST-101274,Independent,08638,35.2777,-120.1403,4.57
ST-101275,Independent,35996,34.8367,-112.8599,4.37
ST-101276,Independent,19471,41.5469,-91.6885,4.28
ST-101277,Other chains,37326,30.2267,-93.3354,3.58
ST-101278,Independent,30579,34.6425,-120.7256,3.77
ST-101279,Independent,38510,43.896,-93.8361,4.12
ST-101280,Independent,42062,39.6046,-78.3456,4.5
ST-101281,Other chains,41214,42.4494,-110.3006,4.01
ST-101282,Blue Ridge Roasters,12215,32.5854,-78.7347,4.33
ST-101283,Cardinal Coffee Co.,10112,33.3843,-81.9181,3.7
ST-101284,Independent,30921,38.3655,-107.4978,5.43
ST-101285,Independent,05001,24.5345,-86.5997,5.15
ST-101286,Other chains,28275,29.0896,-81.382,4.39
ST-101287,Independent,39341,40.6229,-89.8902,4.44
ST-101288,Independent,48481,33.5942,-87.6488,3.85
ST-101289,Cardinal Coffee Co.,42175,36.131,-63.1174,5.14
ST-101290,Independent,56915,38.8392,-125.9829,4.73
ST-101291,Independent,32308,35.6332,-123.2398,5.07
ST-101292,Other chains,27876,41.7039,-86.7038,4.3
ST-101293,Blue Ridge Roasters,20068,40.9418,-90.5899,4.39
ST-101294,Independent,41214,41.2305,-120.6219,4.46
ST-101295,Independent,50008,44.7005,-80.8277,4.03
ST-101296,Other chains,21922,33.877,-90.5464,3.63
ST-101297,Independent,05108,35.0812,-79.646,4.25
ST-101298,Independent,01271,31.449,-77.7255,4.04
ST-101299,Cardinal Coffee Co.,42068,49.9694,-64.6626,3.78
ST-101300,Cardinal Coffee Co.,45142,28.8435,-94.5341,3.72
ST-101301,Other chains,19027,39.4167,-97.2027,4.69
ST-101302,Independent,01357,35.2041,-93.6138,3.84
ST-101303,Independent,42175,43.7582,-66.7669,5.05
ST-101304,Blue Ridge Roasters,24156,33.9622,-82.4967,4.68
ST-101305,Cardinal Coffee Co.,24459,34.526,-84.5188,4.59
ST-101306,Independent,20305,34.7493,-87.6222,4.2
ST-101307,Blue Ridge Roasters,42698,46.2679,-74.8407,3.38
ST-101308,Independent,39202,40.3883,-95.7269,4.65
ST-101309,Other chains,17740,44.7377,-85.921,4.42
ST-101310,Other chains,09883,35.3994,-75.6168,4.32
ST-101311,Blue Ridge Roasters,32308,39.7697,-119.2019,4.8
ST-101312,Other chains,40583,30.8095,-81.5543,3.7
ST-101313,Other chains,04569,40.7164,-114.5547,4.6
ST-101314,Independent,06037,39.9512,-110.6351,0.0
ST-101315,Independent,42511,42.5981,-75.2499,5.54
ST-101316,Cardinal Coffee Co.,28275,29.3232,-79.6517,3.71
ST-101317,Independent,04343,38.8291,-110.679,4.44
ST-101318,Independent,40671,31.9595,-90.3022,4.42
ST-101319,Independent,05108,33.9859,-83.068,3.65
ST-101320,Other chains,12843,35.4679,-82.8719,3.69
ST-101321,Blue Ridge Roasters,42698,41.9514,-71.432,2.96
ST-101322,Other chains,12300,28.6715,-78.7848,3.91
ST-101323,Independent,02506,39.3227,-115.6959,4.37
ST-101324,Independent,56197,46.8332,-107.9924,4.4
ST-101325,Other chains,25114,46.438,-84.8489,5.51
ST-101326,Independent,37280,23.5768,-85.7199,3.35
ST-101327,Independent,39828,41.19,-90.648,3.98
ST-101328,Independent,56867,41.7964,-103.3129,4.45
ST-101329,Cardinal Coffee Co.,34909,40.953,-75.438,3.91
ST-101330,Independent,16668,37.6197,-108.3521,4.91
ST-101331,Independent,49995,38.1991,-122.5707,4.46
ST-101332,Independent,09212,43.1566,-76.6105,5.45
ST-101333,Independent,33403,38.0546,-79.5782,4.92
ST-101334,Independent,06529,42.5661,-97.1469,4.97
ST-101335,Blue Ridge Roasters,36567,41.332,-78.5008,4.35
ST-101336,Independent,51495,29.6949,-84.5603,3.59
ST-101337,Independent,49276,42.3731,-111.2405,4.72
ST-101338,Cardinal Coffee Co.,54990,27.8646,-94.5369,3.46
ST-101339,Other chains,10030,30.8344,-88.1562,3.85
ST-101340,Independent,47588,30.785,-82.5714,4.07
ST-101341,Independent,42861,47.9318,-73.9857,4.66
ST-101342,Independent,30446,36.9449,-125.8025,0.0
ST-101343,Other chains,18581,34.5351,-92.4019,4.15
ST-101344,Independent,18759,39.2546,-82.8751,3.95
ST-101345,Independent,46977,42.3667,-85.4707,4.17
ST-101346,Blue Ridge Roasters,16131,41.3523,-104.6918,4.35
ST-101347,Independent,42071,48.3296,-80.4139,5.32
ST-101348,Independent,56047,43.2207,-104.3144,5.52
ST-101349,Independent,28802,33.0638,-85.2664,3.52
ST-101350,Cardinal Coffee Co.,06544,36.3258,-102.4467,4.22
ST-101351,Cardinal Coffee Co.,30590,43.8721,-111.9802,4.03
ST-101352,Cardinal Coffee Co.,08134,37.8943,-124.2849,3.64
ST-101353,Other chains,06482,37.0255,-106.9045,5.03
ST-101354,Independent,50008,40.2488,-77.1611,4.18
ST-101355,Other chains,16668,35.2431,-114.2574,4.19
ST-101356,Other chains,45421,31.1049,-93.7186,4.36
ST-101357,Other chains,47323,31.8007,-75.2668,4.82
ST-101358,Other chains,32072,41.192,-115.1266,3.33
ST-101359,Independent,30976,37.8357,-102.5498,4.5
ST-101360,Independent,10863,28.6976,-87.5875,3.89
ST-101361,Blue Ridge Roasters,37660,27.6887,-90.5665,5.04
ST-101362,Independent,47588,33.1287,-77.0828,3.48
ST-101363,Blue Ridge Roasters,19919,41.2179,-89.44,3.96
ST-101364,Independent,20030,39.3371,-89.3814,4.32
ST-101365,Independent,45467,31.0976,-92.6898,0.0
ST-101366,Other chains,50827,42.6655,-77.2457,4.65
ST-101367,Cardinal Coffee Co.,34478,45.6716,-71.9278,5.43
ST-101368,Blue Ridge Roasters,49728,36.6596,-119.7951,4.25
ST-101369,Independent,10882,32.7667,-88.2345,3.69
ST-101370,Cardinal Coffee Co.,32443,41.8748,-114.5227,3.28
ST-101371,Other chains,54245,30.1717,-84.6014,4.43
ST-101372,Cardinal Coffee Co.,34731,41.4531,-65.6226,4.23
ST-101373,Cardinal Coffee Co.,34997,41.386,-76.2997,5.0
ST-101374,Blue Ridge Roasters,19259,37.0661,-93.143,4.34
ST-101375,Independent,06367,39.5055,-95.5218,5.26
ST-101376,Cardinal Coffee Co.,31180,41.0946,-91.5991,4.42
ST-101377,Other chains,54772,34.1653,-86.1439,4.83
ST-101378,Blue Ridge Roasters,06542,35.4393,-114.1471,4.75
ST-101379,Blue Ridge Roasters,16759,39.0299,-113.6606,3.63
ST-101380,Blue Ridge Roasters,38243,45.1452,-88.5335,3.84
ST-101381,Blue Ridge Roasters,50556,47.7325,-68.9752,4.28
ST-101382,Other chains,25190,45.3404,-72.0761,3.9
ST-101383,Cardinal Coffee Co.,42589,37.9688,-68.0374,4.23
ST-101384,Independent,46550,42.3532,-82.7358,4.59
ST-101385,Independent,40827,31.0506,-83.7487,3.68
ST-101386,Blue Ridge Roasters,30306,39.8517,-109.7421,4.68
ST-101387,Independent,12855,30.1833,-78.3476,4.25
ST-101388,Blue Ridge Roasters,21527,27.3596,-91.6673,4.22
ST-101389,Other chains,17740,39.9664,-74.0107,3.97
ST-101390,Cardinal Coffee Co.,04684,41.1678,-115.0755,4.31
ST-101391,Independent,24682,33.364,-87.1058,3.77
ST-101392,Other chains,04569,40.2088,-119.2714,4.16
ST-101393,Cardinal Coffee Co.,02194,39.6491,-119.0929,3.84
ST-101394,Independent,38568,42.2136,-83.1558,4.4
ST-101395,Cardinal Coffee Co.,09805,43.0885,-60.8788,3.98
ST-101396,Cardinal Coffee Co.,19170,40.176,-92.4034,3.8
ST-101397,Other chains,40553,32.7487,-82.9161,3.69
ST-101398,Independent,53931,44.2298,-110.679,4.79
ST-101399,Independent,38895,41.4261,-82.9985,3.88
ST-101400,Blue Ridge Roasters,02346,39.1277,-98.6877,3.97
ST-101401,Independent,10745,32.8087,-75.8742,4.3
ST-101402,Blue Ridge Roasters,39202,40.3463,-90.432,3.72
ST-101403,Other chains,38911,39.6939,-85.8274,4.44
ST-101404,Independent,24126,33.126,-81.2317,3.83
ST-101405,Blue Ridge Roasters,54478,30.9829,-85.1205,3.65
ST-101406,Other chains,51331,32.0635,-91.5756,4.68
ST-101407,Blue Ridge Roasters,39202,38.6285,-93.7927,4.29
ST-101408,Blue Ridge Roasters,47588,32.824,-78.1111,3.92
ST-101409,Blue Ridge Roasters,44177,43.2526,-66.9922,4.58
ST-101410,Independent,04684,38.3643,-113.2454,4.44
ST-101411,Independent,38655,34.9749,-87.4337,4.56
ST-101412,Cardinal Coffee Co.,50556,43.2711,-67.3164,4.49
ST-101413,Blue Ridge Roasters,12334,32.8606,-95.2256,3.85
ST-101414,Independent,01274,29.5203,-87.6781,4.09
ST-101415,Independent,22863,34.8198,-72.8928,3.95
ST-101416,Other chains,13848,28.3047,-83.2042,3.63
ST-101417,Independent,56111,42.1362,-118.7753,4.61
ST-101418,Other chains,28201,32.3279,-84.2963,3.9
ST-101419,Independent,45107,25.6934,-78.8714,3.4
ST-101420,Cardinal Coffee Co.,54772,33.035,-100.2792,4.19
ST-101421,Independent,44177,40.2814,-73.4423,5.41
ST-101422,Independent,47588,30.8295,-87.2345,4.28
ST-101423,Blue Ridge Roasters,55590,38.7868,-98.852,4.1
ST-101424,Cardinal Coffee Co.,45467,32.1184,-84.5084,4.09
ST-101425,Independent,25150,40.0444,-75.3189,4.65
ST-101426,Blue Ridge Roasters,41943,33.4299,-112.1445,4.99
ST-101427,Blue Ridge Roasters,21922,36.3162,-87.0896,4.03
ST-101428,Independent,16454,38.2669,-118.128,4.7
ST-101429,Blue Ridge Roasters,40989,30.3042,-93.7288,4.11
ST-101430,Independent,33283,38.1147,-78.6441,4.35
ST-101431,Blue Ridge Roasters,02285,41.3122,-106.8445,3.69
ST-101432,Independent,54990,28.6047,-83.6016,3.44
ST-101433,Blue Ridge Roasters,32443,39.402,-112.415,3.17
ST-101434,Independent,45242,30.7491,-91.2386,3.36
ST-101435,Blue Ridge Roasters,48340,30.9237,-87.2435,4.2
ST-101436,Blue Ridge Roasters,35988,35.6893,-107.5771,3.69
ST-101437,Other chains,40671,30.639,-81.9713,3.85
ST-101438,Blue Ridge Roasters,39588,41.0264,-91.8632,3.87
ST-101439,Other chains,21651,33.2059,-100.6684,3.48
ST-101440,Independent,48489,30.1432,-89.0491,3.95
ST-101441,Independent,41943,38.7272,-114.8962,5.29
ST-101442,Independent,19653,43.6654,-94.4426,4.93
ST-101443,Blue Ridge Roasters,10176,27.5121,-87.4791,4.12
ST-101444,Cardinal Coffee Co.,53345,38.9812,-107.1007,3.91
ST-101445,Other chains,51495,29.6476,-85.2238,3.9
ST-101446,Blue Ridge Roasters,54856,29.3419,-79.0618,4.14
ST-101447,Cardinal Coffee Co.,05654,33.283,-94.0502,4.05
ST-101448,Independent,46797,39.3642,-90.8304,4.06
ST-101449,Independent,51079,28.8496,-96.6341,4.0
ST-101450,Other chains,44106,45.4728,-77.0595,5.32
ST-101451,Independent,29187,43.7603,-95.2739,4.03
ST-101452,Independent,37136,26.7031,-77.3125,3.4
ST-101453,Other chains,24675,28.0767,-82.5417,4.96
ST-101454,Other chains,02285,40.7804,-105.911,4.82
ST-101455,Cardinal Coffee Co.,29201,40.1454,-91.5761,0.0
ST-101456,Independent,25190,46.0017,-80.6183,4.21
ST-101457,Other chains,06542,40.849,-118.3094,4.84
ST-101458,Independent,09756,42.3984,-72.9074,6.37
ST-101459,Blue Ridge Roasters,27933,37.9344,-78.139,4.34
ST-101460,Independent,17740,42.4743,-86.5257,4.55
ST-101461,Other chains,48876,28.6727,-87.2486,4.08
ST-101462,Other chains,53373,42.9157,-113.1326,4.64
ST-101463,Cardinal Coffee Co.,49507,40.2664,-112.1878,4.71
ST-101464,Independent,21658,30.0255,-72.8401,3.87
ST-101465,Blue Ridge Roasters,23615,43.914,-67.0983,4.9
ST-101466,Independent,31426,47.7246,-87.4402,4.32
ST-101467,Other chains,45322,31.8471,-84.3416,3.92
ST-101468,Independent,09449,43.1512,-72.7039,3.99
ST-101469,Independent,46128,39.7045,-86.0343,5.67
ST-101470,Cardinal Coffee Co.,27831,41.2561,-91.4792,4.32
ST-101471,Blue Ridge Roasters,50103,36.9783,-79.5645,4.61
ST-101472,Other chains,05161,32.4984,-78.8067,4.23
ST-101473,Independent,24622,32.6307,-84.8681,3.65
ST-101474,Other chains,34808,46.897,-68.8076,4.84
ST-101475,Independent,01665,27.115,-75.123,3.42
ST-101476,Independent,41274,38.1573,-108.8763,4.58
ST-101477,Blue Ridge Roasters,54122,36.3644,-82.8487,4.27
ST-101478,Independent,30976,38.2747,-92.7985,4.85
ST-101479,Cardinal Coffee Co.,24156,31.986,-83.7579,4.1
ST-101480,Independent,35988,36.5002,-118.5433,3.95
ST-101481,Independent,26839,38.2022,-90.6874,4.58
ST-101482,Other chains,26592,35.5224,-79.6899,3.86
ST-101483,Independent,44042,39.6124,-82.265,4.93
ST-101484,Cardinal Coffee Co.,40512,29.5319,-89.5148,4.05
ST-101485,Other chains,13820,32.8541,-78.3614,3.86
ST-101486,Independent,27489,38.637,-90.6297,4.5
ST-101487,Other chains,48769,31.0612,-85.6615,3.99
ST-101488,Independent,29613,39.6434,-82.5598,4.24
ST-101489,Independent,18234,40.8555,-93.3009,5.36
ST-101490,Independent,50196,39.9144,-83.3116,5.29
ST-101491,Other chains,47515,29.3146,-93.3333,3.86
ST-101492,Blue Ridge Roasters,20315,41.2573,-85.5093,4.12
ST-101493,Blue Ridge Roasters,55534,44.2024,-87.4452,3.9
ST-101494,Other chains,55521,41.3854,-93.1554,3.88
ST-101495,Independent,56915,37.1705,-118.9527,4.93
ST-101496,Other chains,16874,38.6306,-113.6234,4.01
ST-101497,Cardinal Coffee Co.,51898,26.3481,-78.3009,3.44
ST-101498,Other chains,48340,32.0818,-90.0149,3.95
ST-101499,Other chains,53297,37.7989,-115.9761,4.57
ST-101500,Other chains,32072,36.1996,-119.1431,4.35
ST-101501,Independent,21273,30.2437,-87.2045,3.82
ST-101502,Other chains,08134,37.7693,-109.9715,3.96
ST-101503,Other chains,56340,41.9774,-99.309,3.89
ST-101504,Cardinal Coffee Co.,30778,42.2762,-110.6933,4.4
ST-101505,Independent,54053,29.7156,-85.3221,3.62
ST-101506,Other chains,36782,39.9458,-69.3224,3.39
ST-101507,Independent,36567,40.0222,-70.3227,5.03
ST-101508,Blue Ridge Roasters,05108,34.9286,-88.466,3.73
ST-101509,Blue Ridge Roasters,24195,32.9365,-71.1876,0.0
ST-101510,Independent,40149,32.7784,-85.1463,3.72
ST-101511,Other chains,05674,34.1088,-83.5817,5.27
ST-101512,Independent,10725,30.7108,-81.6919,3.81
ST-101513,Cardinal Coffee Co.,32658,43.0917,-109.9248,4.41
ST-101514,Other chains,25340,41.4948,-65.3476,4.17
ST-101515,Independent,38655,38.4323,-92.5395,4.24
ST-101516,Cardinal Coffee Co.,30446,38.3111,-107.2997,3.81
ST-101517,Independent,30082,42.6958,-111.0126,4.37
ST-101518,Other chains,04343,37.7246,-106.1037,4.11
ST-101519,Other chains,30082,41.8487,-113.2899,3.44
ST-101520,Independent,30976,37.124,-114.1025,4.54
ST-101521,Cardinal Coffee Co.,31053,38.703,-84.6076,4.56
ST-101522,Blue Ridge Roasters,13848,34.4788,-82.852,3.73
ST-101523,Blue Ridge Roasters,17567,38.3781,-93.9218,4.06
ST-101524,Cardinal Coffee Co.,54221,34.9676,-76.9263,3.95
ST-101525,Blue Ridge Roasters,56197,40.0549,-107.6049,3.4
ST-101526,Cardinal Coffee Co.,46951,38.3792,-89.4452,4.23
ST-101527,Independent,21527,32.2857,-87.8094,3.79
ST-101528,Independent,31741,39.3537,-86.8152,4.19
ST-101529,Other chains,23444,42.5469,-70.5371,5.11
ST-101530,Independent,46951,46.6634,-98.5645,4.36
ST-101531,Cardinal Coffee Co.,09186,40.3879,-72.2459,4.23
ST-101532,Independent,30566,40.6013,-108.0847,4.08
ST-101533,Other chains,48915,32.5733,-99.1147,4.2
ST-101534,Cardinal Coffee Co.,41943,39.0722,-110.8229,5.44
ST-101535,Blue Ridge Roasters,51079,32.0044,-80.8323,3.82
ST-101536,Independent,29187,38.4277,-85.5147,4.72
ST-101537,Blue Ridge Roasters,09895,42.5054,-69.6853,5.25
ST-101538,Other chains,02194,38.1338,-113.9654,4.16
ST-101539,Blue Ridge Roasters,19228,38.2856,-95.2394,4.23
ST-101540,Blue Ridge Roasters,02471,42.0425,-122.7985,4.04
ST-101541,Other chains,34792,41.797,-67.9467,4.47
ST-101542,Independent,01665,31.8157,-80.7816,3.71
ST-101543,Blue Ridge Roasters,06524,43.0202,-104.9891,3.91
ST-101544,Independent,27619,35.4918,-93.3508,5.33
ST-101545,Independent,39164,44.8185,-84.177,4.22
ST-101546,Cardinal Coffee Co.,41214,36.3594,-121.0161,3.43
ST-101547,Other chains,17839,41.6346,-94.217,3.91
ST-101548,Other chains,51635,30.7358,-84.2441,3.87
ST-101549,Other chains,40125,29.731,-81.0208,4.13
ST-101550,Blue Ridge Roasters,26553,44.9417,-78.9259,3.58
ST-101551,Independent,16874,44.5686,-113.4404,4.77
ST-101552,Cardinal Coffee Co.,49923,38.3363,-117.1945,4.37
ST-101553,Other chains,29020,42.0064,-94.5029,3.74
ST-101554,Other chains,08348,39.171,-116.1271,4.74
ST-101555,Blue Ridge Roasters,27723,46.1915,-75.6738,4.15
ST-101556,Cardinal Coffee Co.,09805,35.1605,-69.9588,3.85
ST-101557,Other chains,10355,33.6314,-78.3248,3.57
ST-101558,Other chains,16137,36.8186,-113.4339,3.59
ST-101559,Other chains,25114,34.4321,-74.5099,4.64
ST-101560,Blue Ridge Roasters,26553,39.9184,-84.8044,4.16
ST-101561,Independent,05041,38.0441,-88.0348,3.66
ST-101562,Blue Ridge Roasters,35210,37.0319,-113.7478,3.88
ST-101563,Independent,23075,43.8723,-78.5482,4.93
ST-101564,Other chains,12252,36.096,-87.685,4.4
ST-101565,Blue Ridge Roasters,54754,32.4619,-84.7061,4.45
ST-101566,Blue Ridge Roasters,20603,41.3614,-93.9303,4.56
ST-101567,Independent,20350,35.8511,-87.2841,5.92
ST-101568,Cardinal Coffee Co.,29201,38.8515,-87.2925,4.12
ST-101569,Blue Ridge Roasters,21699,35.221,-86.0755,3.62
ST-101570,Independent,21922,32.682,-89.9648,3.64
ST-101571,Other chains,04408,40.102,-111.3702,5.13
ST-101572,Independent,24549,32.8995,-88.0294,3.56
ST-101573,Blue Ridge Roasters,47617,39.076,-84.7204,3.44
ST-101574,Independent,32658,37.7084,-105.4112,4.82
ST-101575,Blue Ridge Roasters,54053,37.3162,-92.5176,4.22
ST-101576,Cardinal Coffee Co.,45823,32.9005,-71.9591,3.69
ST-101577,Other chains,49342,44.0826,-112.4351,4.66
ST-101578,Independent,27756,37.3251,-86.529,5.3
ST-101579,Other chains,40671,33.054,-89.5165,4.19
ST-101580,Cardinal Coffee Co.,40431,31.3189,-78.1467,5.35
ST-101581,Independent,50008,41.9184,-75.2538,5.22
ST-101582,Independent,37115,36.1671,-87.3647,4.19
ST-101583,Independent,27375,42.1364,-92.4531,4.43
ST-101584,Other chains,18166,44.6611,-90.611,4.23
ST-101585,Independent,51049,30.4893,-82.4899,3.76
ST-101586,Blue Ridge Roasters,27831,38.5315,-87.9631,4.32
ST-101587,Cardinal Coffee Co.,49410,39.0483,-112.2392,3.98
ST-101588,Other chains,41245,38.884,-116.2685,5.29
ST-101589,Cardinal Coffee Co.,02112,38.4424,-116.615,5.03
ST-101590,Other chains,38243,38.1241,-91.7652,3.66
ST-101591,Independent,29183,44.596,-86.2383,4.64
ST-101592,Other chains,20059,39.9115,-85.0264,4.76
ST-101593,Independent,25423,45.7782,-69.7177,5.12
ST-101594,Independent,35988,39.0382,-112.0088,4.34
ST-101595,Other chains,21479,34.4453,-82.6986,3.96
ST-101596,Independent,31741,42.6731,-90.0107,4.02
ST-101597,Independent,49923,36.5272,-122.4538,4.88
ST-101598,Cardinal Coffee Co.,05366,33.6016,-86.2956,4.72
ST-101599,Independent,09186,47.285,-76.752,4.47
ST-101600,Independent,09756,42.2548,-80.7343,4.46
ST-101601,Cardinal Coffee Co.,47411,35.2038,-88.4044,3.73
ST-101602,Other chains,49923,41.0798,-111.1895,3.77
ST-101603,Other chains,55765,41.9211,-95.7995,4.35
ST-101604,Independent,02285,39.5594,-116.2647,4.94
ST-101605,Blue Ridge Roasters,30579,40.6419,-102.7126,4.02
ST-101606,Other chains,02446,41.2898,-121.6162,3.65
ST-101607,Independent,26874,36.9435,-90.0991,4.59
ST-101608,Independent,33263,42.2419,-81.4979,5.65
ST-101609,Independent,35005,38.4478,-116.5098,5.23
ST-101610,Blue Ridge Roasters,46977,39.8254,-90.1864,4.06
ST-101611,Independent,48331,36.3879,-90.9255,3.93
ST-101612,Other chains,05041,30.3006,-81.5564,4.25
ST-101613,Other chains,25190,37.3157,-66.3931,4.19
ST-101614,Independent,08611,41.3871,-106.9499,4.55
ST-101615,Cardinal Coffee Co.,08397,34.7388,-105.8523,3.23
ST-101616,Independent,22847,26.7162,-93.2784,3.84
ST-101617,Independent,40622,35.2248,-86.4584,5.14
ST-101618,Other chains,49071,39.4762,-109.1955,3.1
ST-101619,Blue Ridge Roasters,54243,33.9182,-79.7729,3.97
ST-101620,Other chains,45917,31.1727,-74.4799,4.78
ST-101621,Blue Ridge Roasters,16131,34.8468,-105.5858,4.38
ST-101622,Independent,10882,28.9426,-79.6211,4.34
ST-101623,Blue Ridge Roasters,26948,40.1834,-73.1984,4.61
ST-101624,Independent,44218,37.6828,-73.9221,5.15
ST-101625,Other chains,55765,41.9212,-90.7344,4.8
ST-101626,Cardinal Coffee Co.,24126,31.1126,-83.9359,4.72
ST-101627,Independent,10863,33.0551,-90.4903,3.45
ST-101628,Blue Ridge Roasters,01203,32.9654,-84.5942,3.8
ST-101629,Cardinal Coffee Co.,05161,33.6604,-95.3611,4.17
ST-101630,Other chains,35988,40.4984,-115.1771,3.67
ST-101631,Independent,32658,37.9683,-112.692,4.71
ST-101632,Independent,38195,41.5519,-83.3022,4.06
ST-101633,Independent,01397,33.208,-78.3335,4.18
ST-101634,Blue Ridge Roasters,24682,25.2133,-90.7817,4.4
ST-101635,Blue Ridge Roasters,10863,34.4396,-72.5438,3.68
ST-101636,Independent,26475,41.4498,-88.1098,4.65
ST-101637,Blue Ridge Roasters,35237,40.6921,-110.5597,3.6
ST-101638,Blue Ridge Roasters,08611,35.1395,-121.7062,3.81
ST-101639,Independent,45107,31.5527,-88.7203,3.93
ST-101640,Other chains,16066,35.7254,-105.7011,4.11
ST-101641,Cardinal Coffee Co.,30792,41.2338,-110.9813,4.49
ST-101642,Independent,27933,36.7847,-88.3531,4.43
ST-101643,Blue Ridge Roasters,22988,29.714,-83.637,4.21
ST-101644,Independent,05904,34.1029,-93.6592,3.97
ST-101645,Other chains,32443,37.1119,-112.5797,4.16
ST-101646,Cardinal Coffee Co.,50856,38.7148,-66.05,4.25
ST-101647,Blue Ridge Roasters,40989,35.2202,-78.4798,3.96
ST-101648,Other chains,49071,41.8431,-112.7512,3.42
ST-101649,Other chains,39746,43.1662,-79.618,3.55
ST-101650,Other chains,02346,41.5461,-119.5546,4.07
ST-101651,Independent,39588,40.3053,-94.8302,4.14
ST-101652,Independent,08348,38.3862,-100.8183,5.38
ST-101653,Cardinal Coffee Co.,41158,37.0558,-108.5322,4.07
ST-101654,Blue Ridge Roasters,55744,41.5032,-90.7333,4.34
ST-101655,Cardinal Coffee Co.,53503,37.4163,-112.3319,3.88
ST-101656,Other chains,27619,39.7008,-93.8398,3.9
ST-101657,Independent,48769,34.2997,-83.3404,4.05
ST-101658,Independent,40677,36.0536,-83.8157,0.0
ST-101659,Blue Ridge Roasters,04438,40.1948,-111.8807,3.75
ST-101660,Independent,25190,46.8829,-81.4585,4.97
ST-101661,Cardinal Coffee Co.,27264,38.8835,-87.4115,4.52
ST-101662,Other chains,51849,26.9861,-88.1771,3.78
ST-101663,Blue Ridge Roasters,51495,34.6439,-90.9159,3.55
ST-101664,Other chains,22988,30.1845,-77.3995,4.6
ST-101665,Blue Ridge Roasters,33403,40.6789,-61.4817,3.58
ST-101666,Cardinal Coffee Co.,39746,35.6906,-77.3443,4.09
ST-101667,Independent,02226,36.3024,-108.0993,4.34
ST-101668,Other chains,50289,36.9933,-76.0935,3.98
ST-101669,Cardinal Coffee Co.,40583,31.1971,-85.4221,3.93
ST-101670,Independent,35988,37.8163,-109.5664,0.0
ST-101671,Blue Ridge Roasters,34731,41.7699,-77.0215,4.05
ST-101672,Other chains,54754,36.2192,-77.0871,3.49
ST-101673,Independent,39320,43.0307,-101.2144,3.8
ST-101674,Other chains,02446,34.1335,-113.7744,5.01
ST-101675,Other chains,37653,34.324,-80.1936,4.09
ST-101676,Other chains,49995,39.3353,-117.071,3.53
ST-101677,Blue Ridge Roasters,18234,40.7065,-90.4409,4.24
ST-101678,Cardinal Coffee Co.,47460,32.4319,-81.4381,3.97
ST-101679,Other chains,08348,39.6137,-102.8904,4.71
ST-101680,Blue Ridge Roasters,29201,38.9243,-96.7636,3.96
ST-101681,Independent,46595,40.4529,-97.2084,4.79
ST-101682,Independent,34955,45.0518,-80.1762,4.47
ST-101683,Other chains,02346,36.8883,-121.2252,4.54
ST-101684,Blue Ridge Roasters,01357,29.4103,-93.7983,4.34
ST-101685,Independent,47460,32.3149,-90.836,3.96
ST-101686,Independent,54122,29.1083,-77.599,4.93
ST-101687,Other chains,21536,27.3317,-86.8725,4.26
ST-101688,Blue Ridge Roasters,54221,31.4666,-84.8117,4.08
ST-101689,Other chains,28275,36.8459,-90.7328,3.82
ST-101690,Other chains,05001,32.3842,-81.1988,4.2
ST-101691,Other chains,29613,41.5357,-77.7454,4.72
ST-101692,Other chains,56444,32.6096,-117.3258,3.48
ST-101693,Independent,08397,40.3144,-101.6515,4.03
ST-101694,Cardinal Coffee Co.,55534,41.2801,-86.8135,3.94
ST-101695,Independent,45021,30.5053,-84.8988,3.59
ST-101696,Other chains,34478,42.0402,-72.0993,4.94
ST-101697,Independent,41272,39.5104,-109.6568,6.13
ST-101698,Cardinal Coffee Co.,30082,35.8215,-100.8574,3.31
ST-101699,Other chains,02659,39.9956,-108.8787,3.8
ST-101700,Independent,46474,44.5914,-85.7534,3.96
ST-101701,Other chains,34404,40.8162,-77.029,5.37
ST-101702,Independent,31052,38.3972,-83.9655,4.52
ST-101703,Blue Ridge Roasters,42975,40.9673,-80.2411,3.32
ST-101704,Blue Ridge Roasters,09883,44.0638,-73.846,4.96
ST-101705,Independent,42861,37.821,-57.2003,4.52
ST-101706,Cardinal Coffee Co.,16759,40.7357,-127.0251,3.62
ST-101707,Other chains,36654,39.466,-73.1011,3.97
ST-101708,Independent,34808,42.2262,-72.8703,4.87
ST-101709,Cardinal Coffee Co.,49336,37.307,-113.3685,3.78
ST-101710,Other chains,10977,30.7989,-86.2271,3.84
ST-101711,Other chains,04316,43.5693,-111.4515,4.41
ST-101712,Independent,24397,28.2727,-86.512,4.05
ST-101713,Other chains,04343,40.4561,-110.6681,4.13
ST-101714,Independent,12968,37.694,-87.9257,4.64
ST-101715,Cardinal Coffee Co.,45107,34.5566,-72.8656,3.9
ST-101716,Cardinal Coffee Co.,48463,28.5067,-86.5121,4.45
ST-101717,Other chains,45648,28.6553,-81.5823,3.48
ST-101718,Independent,26157,38.7451,-93.0142,4.42
ST-101719,Independent,48463,32.9737,-79.4011,3.94
ST-101720,Other chains,34508,42.1778,-70.0992,4.31
ST-101721,Independent,06482,35.1849,-109.4844,5.21
ST-101722,Blue Ridge Roasters,39397,38.3817,-95.164,5.34
ST-101723,Other chains,36172,39.0656,-79.0144,3.96
ST-101724,Cardinal Coffee Co.,26874,40.4578,-78.883,3.62
ST-101725,Independent,41142,44.9541,-116.5808,4.68
ST-101726,Independent,38895,38.2004,-85.1546,3.89
ST-101727,Other chains,12300,29.5691,-90.668,3.91
ST-101728,Blue Ridge Roasters,04343,35.6006,-105.9497,4.23
ST-101729,Independent,36172,43.4066,-78.6184,3.9
ST-101730,Independent,02446,38.876,-117.7791,5.47
ST-101731,Independent,38071,38.3113,-93.2741,4.01
ST-101732,Other chains,27831,39.9116,-92.3228,4.25
ST-101733,Independent,12252,30.1255,-82.572,4.51
ST-101734,Independent,32708,39.8877,-111.5837,4.96
ST-101735,Blue Ridge Roasters,26948,49.0531,-95.5709,3.92
ST-101736,Independent,24019,34.1526,-85.1677,3.53
ST-101737,Independent,20004,40.721,-95.861,4.37
ST-101738,Other chains,45322,30.5051,-81.1387,4.24
ST-101739,Cardinal Coffee Co.,51635,28.4698,-80.0386,4.03
ST-101740,Independent,40677,34.7011,-85.1437,3.73
ST-101741,Blue Ridge Roasters,12855,34.5381,-83.3701,3.8
ST-101742,Independent,50118,40.1017,-63.9873,4.52
ST-101743,Independent,05875,36.14,-85.9456,3.71
ST-101744,Cardinal Coffee Co.,21527,32.5633,-90.6655,3.65
ST-101745,Blue Ridge Roasters,01493,34.8243,-81.5248,3.8
ST-101746,Other chains,50156,42.3886,-81.2959,4.35
ST-101747,Other chains,01647,31.9686,-86.2634,3.95
ST-101748,Independent,37993,29.6353,-88.5939,3.91
ST-101749,Other chains,25021,41.0634,-78.7109,4.19
ST-101750,Blue Ridge Roasters,20003,43.5262,-90.5005,4.02
ST-101751,Independent,40622,30.9756,-79.6007,4.03
ST-101752,Other chains,48331,33.8192,-78.366,4.63
ST-101753,Independent,17359,37.7518,-83.4428,3.79
ST-101754,Blue Ridge Roasters,06037,41.3402,-109.9819,3.99
ST-101755,Other chains,21527,33.4388,-86.5463,4.16
ST-101756,Independent,56047,35.3937,-126.1469,5.69
ST-101757,Other chains,05001,31.828,-82.794,4.32
ST-101758,Independent,10863,35.2943,-98.676,4.01
ST-101759,Other chains,24195,28.7229,-96.5402,3.5
ST-101760,Independent,16286,35.7871,-112.97,5.74
ST-101761,Independent,01665,32.2915,-83.4125,0.0
ST-101762,Independent,37972,38.9,-87.7065,3.42
ST-101763,Other chains,40622,30.4823,-75.7868,3.99
ST-101764,Independent,10863,33.9858,-82.2274,3.67
ST-101765,Other chains,42511,42.2804,-75.9964,4.59
ST-101766,Independent,01723,30.7314,-76.6821,3.67
ST-101767,Blue Ridge Roasters,47411,32.9834,-75.6093,3.62
ST-101768,Independent,08453,37.6565,-108.9246,4.87
ST-101769,Independent,12334,31.4266,-89.6515,4.38
ST-101770,Other chains,12038,27.5162,-88.3016,3.7
ST-101771,Blue Ridge Roasters,53281,38.9267,-120.6804,4.28
ST-101772,Cardinal Coffee Co.,37115,35.1973,-85.2545,3.87
ST-101773,Cardinal Coffee Co.,38568,41.1723,-95.3002,4.35
ST-101774,Blue Ridge Roasters,19996,44.2715,-90.9744,3.96
ST-101775,Cardinal Coffee Co.,09756,43.241,-72.9364,3.94
ST-101776,Other chains,09678,41.3214,-86.4023,4.53
ST-101777,Cardinal Coffee Co.,28110,30.6162,-92.5824,4.53
ST-101778,Blue Ridge Roasters,16286,37.5412,-115.0411,4.09
ST-101779,Cardinal Coffee Co.,48152,28.0885,-85.3152,4.08
ST-101780,Cardinal Coffee Co.,44177,40.6988,-77.4633,5.4
ST-101781,Blue Ridge Roasters,21703,32.938,-86.6231,4.61
ST-101782,Cardinal Coffee Co.,34717,46.6463,-78.7371,3.45
ST-101783,Blue Ridge Roasters,16874,40.585,-120.6964,3.61
ST-101784,Other chains,42334,38.9054,-77.7085,4.12
ST-101785,Other chains,40827,28.1819,-86.279,4.11
ST-101786,Other chains,38243,40.3803,-90.8623,4.8
ST-101787,Other chains,01723,34.9353,-84.3292,3.53
ST-101788,Cardinal Coffee Co.,22211,31.8382,-82.4866,4.16
ST-101789,Other chains,54681,34.126,-80.9096,4.1
ST-101790,Independent,26512,40.4566,-92.8013,4.02
ST-101791,Blue Ridge Roasters,06478,41.151,-121.4548,4.61
ST-101792,Independent,12038,27.7082,-77.3704,4.13
ST-101793,Independent,01397,37.3125,-82.6873,3.8
ST-101794,Other chains,49336,35.6625,-117.728,3.73
ST-101795,Other chains,02112,41.3812,-110.3338,4.18
ST-101796,Blue Ridge Roasters,31273,40.1834,-82.592,4.22
ST-101797,Independent,27371,40.6525,-78.6249,4.46
ST-101798,Cardinal Coffee Co.,18581,40.2767,-87.4963,4.17
ST-101799,Blue Ridge Roasters,46595,41.7668,-82.642,4.19
ST-101800,Other chains,47515,33.8726,-92.2576,3.89
ST-101801,Other chains,49681,42.1751,-112.2154,3.91
ST-101802,Independent,56035,43.2238,-114.0101,4.12
ST-101803,Independent,51812,33.4955,-82.9446,3.38
ST-101804,Independent,45917,37.641,-75.3328,3.78
ST-101805,Independent,30921,39.2789,-110.5007,6.36
ST-101806,Blue Ridge Roasters,41272,42.2323,-117.6261,4.55
ST-101807,Independent,27891,42.2862,-96.5806,4.21
ST-101808,Independent,10882,30.8524,-75.1253,3.67
ST-101809,Independent,16915,39.5437,-108.9172,4.12
ST-101810,Independent,29110,42.5095,-86.3115,3.78
ST-101811,Other chains,01647,32.4034,-87.0624,4.52
ST-101812,Independent,49923,40.2386,-110.3928,4.58
ST-101813,Other chains,53908,41.5961,-117.9218,4.01
ST-101814,Independent,30246,38.9299,-109.6768,4.19
ST-101815,Independent,30726,30.1683,-119.0492,5.5
ST-101816,Independent,39939,46.0348,-91.1557,4.81
ST-101817,Cardinal Coffee Co.,27933,40.1072,-92.8574,3.75
ST-101818,Independent,45467,30.0302,-104.5442,4.04
ST-101819,Blue Ridge Roasters,37280,29.1277,-87.0806,3.53
ST-101820,Independent,13848,31.4907,-90.3932,3.72
ST-101821,Other chains,48235,30.8118,-86.2623,4.61
ST-101822,Independent,12002,30.289,-84.9897,3.56
ST-101823,Blue Ridge Roasters,12334,30.4536,-74.3924,4.09
ST-101824,Other chains,38568,42.5892,-87.1717,3.96
ST-101825,Independent,38742,47.0911,-86.9953,4.25
ST-101826,Independent,50604,43.9617,-71.5263,6.01
ST-101827,Other chains,38742,44.3678,-83.7691,4.39
ST-101828,Independent,02285,37.8678,-109.2743,5.43
ST-101829,Independent,48876,32.814,-83.3097,3.85
ST-101830,Blue Ridge Roasters,27619,42.2794,-84.7325,0.0
ST-101831,Independent,01203,30.5213,-99.5598,3.85
ST-101832,Other chains,40431,31.2228,-72.4657,4.24
ST-101833,Cardinal Coffee Co.,23806,44.0637,-64.9616,5.14
ST-101834,Cardinal Coffee Co.,27619,44.2709,-87.6972,3.93
ST-101835,Independent,34814,41.7022,-82.978,5.34
ST-101836,Cardinal Coffee Co.,05108,28.9145,-77.7379,4.7
ST-101837,Cardinal Coffee Co.,46119,40.1132,-93.1633,4.2
ST-101838,Independent,36172,37.176,-71.297,4.64
ST-101839,Other chains,50750,41.7256,-82.1974,3.0
ST-101840,Cardinal Coffee Co.,28303,33.2662,-71.6416,3.98
ST-101841,Other chains,36958,40.6879,-83.1533,4.19
ST-101842,Independent,49655,39.7251,-111.5861,4.78
ST-101843,Independent,25081,42.7507,-87.2331,5.6
ST-101844,Cardinal Coffee Co.,51660,33.2706,-85.2473,3.64
ST-101845,Other chains,10882,28.8954,-87.5517,3.54
ST-101846,Independent,54990,31.7402,-78.1769,4.85
ST-101847,Independent,42071,42.7295,-77.0523,5.02
ST-101848,Other chains,30855,43.7361,-105.1683,0.0
ST-101849,Independent,06544,38.1842,-118.1447,4.72
ST-101850,Independent,36799,43.1525,-76.1918,5.29
ST-101851,Cardinal Coffee Co.,36699,44.1345,-76.0715,4.52
ST-101852,Independent,56612,38.4101,-109.0265,5.07
ST-101853,Independent,48769,35.9452,-82.7898,4.66
ST-101854,Independent,34853,45.1065,-70.1666,5.55
ST-101855,Other chains,27147,45.1412,-87.399,4.55
ST-101856,Independent,24019,33.8753,-81.0321,3.33
ST-101857,Cardinal Coffee Co.,22969,39.5804,-90.3872,3.85
ST-101858,Other chains,01271,30.6542,-82.6672,3.96
ST-101859,Cardinal Coffee Co.,02346,45.3722,-102.3508,4.36
ST-101860,Blue Ridge Roasters,47588,34.8049,-95.08,4.17
ST-101861,Blue Ridge Roasters,20296,45.0212,-86.066,3.72
ST-101862,Independent,24397,31.5399,-80.9393,3.45
ST-101863,Cardinal Coffee Co.,38575,43.5334,-80.2329,4.22
ST-101864,Other chains,31823,45.2809,-84.6437,4.55
ST-101865,Other chains,34182,38.2379,-73.8981,3.47
ST-101866,Blue Ridge Roasters,39320,40.51,-86.4196,4.76
ST-101867,Independent,10447,26.0762,-89.4102,4.74
ST-101868,Other chains,34814,40.965,-76.8278,4.61
ST-101869,Independent,05674,30.052,-93.0142,3.9
ST-101870,Other chains,37660,31.8467,-76.0778,3.69
ST-101871,Independent,05505,41.2709,-82.2991,3.77
ST-101872,Cardinal Coffee Co.,56047,44.1534,-117.4967,5.12
ST-101873,Other chains,41142,34.6817,-110.3719,4.0
ST-101874,Blue Ridge Roasters,12995,34.1672,-78.0439,3.57
ST-101875,Independent,42033,43.8968,-68.5432,4.36
ST-101876,Other chains,48186,31.4863,-90.5658,4.07
ST-101877,Independent,37280,33.0349,-103.803,3.82
ST-101878,Independent,19471,41.8279,-86.6277,4.61
ST-101879,Blue Ridge Roasters,34997,37.4602,-79.8212,4.91
ST-101880,Blue Ridge Roasters,18841,37.906,-85.266,3.56
ST-101881,Cardinal Coffee Co.,10355,33.0169,-79.2984,3.76
ST-101882,Independent,40455,32.7982,-78.3182,3.98
ST-101883,Blue Ridge Roasters,34997,39.3743,-64.0316,4.76
ST-101884,Other chains,16131,36.6169,-104.5819,4.06
ST-101885,Independent,02471,38.7307,-101.5027,4.51
ST-101886,Blue Ridge Roasters,27723,43.6585,-80.7256,4.19
ST-101887,Cardinal Coffee Co.,56007,38.7705,-103.2027,4.72
ST-101888,Other chains,42602,46.3682,-74.7452,4.55
ST-101889,Cardinal Coffee Co.,02471,36.9125,-119.736,4.43
ST-101890,Other chains,56035,39.5793,-97.1064,3.79
ST-101891,Independent,34536,40.4371,-74.1223,5.28
ST-101892,Independent,32443,40.7639,-104.6278,3.96
ST-101893,Other chains,02112,36.6552,-115.3016,4.15
ST-101894,Other chains,16137,44.7822,-106.2165,4.11
ST-101895,Blue Ridge Roasters,49342,33.9282,-126.6698,4.0
ST-101896,Blue Ridge Roasters,22039,37.6464,-87.4627,4.13
ST-101897,Blue Ridge Roasters,23806,41.77,-75.0905,4.95
ST-101898,Independent,02659,40.6573,-109.2243,4.14
ST-101899,Other chains,54053,36.5036,-78.5679,4.58
ST-101900,Other chains,48434,35.073,-91.5649,5.18
ST-101901,Blue Ridge Roasters,01647,30.3099,-81.0402,0.0
ST-101902,Independent,54053,34.3003,-77.64,4.55
ST-101903,Independent,50103,47.1024,-60.4245,4.32
ST-101904,Independent,22863,29.8381,-80.7602,0.0
ST-101905,Other chains,42203,47.8553,-77.257,3.79
ST-101906,Blue Ridge Roasters,13685,33.6571,-92.6306,3.78
ST-101907,Independent,08397,37.7003,-101.0248,4.17
ST-101908,Cardinal Coffee Co.,47288,29.8201,-80.5759,3.74
ST-101909,Other chains,12071,31.8301,-85.1319,3.54
ST-101910,Independent,26592,35.1342,-98.7189,0.0
ST-101911,Blue Ridge Roasters,16745,37.7543,-117.5871,3.73
ST-101912,Blue Ridge Roasters,10265,31.7112,-81.2121,4.09
ST-101913,Independent,39830,37.7768,-86.877,4.32
ST-101914,Blue Ridge Roasters,42334,43.7435,-86.178,3.9
ST-101915,Cardinal Coffee Co.,46458,40.3437,-85.2043,3.91
ST-101916,Independent,37653,30.5926,-94.4106,3.79
ST-101917,Independent,06478,38.024,-103.8759,6.14
ST-101918,Other chains,21273,33.5653,-83.7487,4.05
ST-101919,Independent,26592,41.2197,-91.7805,4.93
ST-101920,Cardinal Coffee Co.,56047,36.8971,-106.0591,5.51
ST-101921,Cardinal Coffee Co.,20059,41.377,-86.879,3.62
ST-101922,Other chains,41272,38.848,-104.0504,5.17
ST-101923,Other chains,19027,37.5816,-88.5171,4.01
ST-101924,Other chains,54524,31.6345,-84.1671,3.74
ST-101925,Cardinal Coffee Co.,41078,40.738,-113.7115,4.45
ST-101926,Blue Ridge Roasters,27756,42.7164,-87.4222,3.68
ST-101927,Blue Ridge Roasters,22732,31.8101,-74.8123,4.28
ST-101928,Independent,16745,41.0303,-115.0166,4.22
ST-101929,Blue Ridge Roasters,25114,38.5601,-70.6123,5.05
ST-101930,Independent,36958,38.653,-79.7827,4.47
ST-101931,Blue Ridge Roasters,51079,31.7462,-97.4004,3.62
ST-101932,Independent,20068,45.4927,-87.7552,4.17
ST-101933,Independent,44031,41.9898,-72.2776,5.31
ST-101934,Independent,40317,31.6739,-85.6603,3.74
ST-101935,Other chains,48163,37.1324,-93.9759,3.77
ST-101936,Cardinal Coffee Co.,39471,40.1392,-87.1742,3.86
ST-101937,Other chains,17618,47.7042,-87.4021,3.87
ST-101938,Blue Ridge Roasters,02226,37.4662,-117.3327,3.84
ST-101939,Other chains,51849,29.4648,-93.1209,4.12
ST-101940,Other chains,06037,38.5009,-113.5143,4.93
ST-101941,Independent,40416,31.7527,-81.0824,3.85
ST-101942,Other chains,49075,36.5768,-109.5001,5.3
ST-101943,Independent,37115,40.3059,-90.285,3.62
ST-101944,Cardinal Coffee Co.,09186,42.4559,-73.6784,4.11
ST-101945,Other chains,02194,40.3927,-106.6772,4.03
ST-101946,Independent,45242,31.1144,-92.036,4.24
ST-101947,Cardinal Coffee Co.,50289,39.767,-74.1211,3.92
ST-101948,Independent,33772,44.5767,-66.4622,4.7
ST-101949,Independent,37993,27.4725,-92.6496,4.67
ST-101950,Independent,50552,38.0714,-67.5668,4.55
ST-101951,Independent,39828,40.2581,-79.2849,4.13
ST-101952,Independent,36654,45.5531,-75.8332,4.66
ST-101953,Cardinal Coffee Co.,45085,31.3764,-87.0581,4.61
ST-101954,Blue Ridge Roasters,24610,33.7485,-78.8014,4.33
ST-101955,Blue Ridge Roasters,48298,32.5832,-86.1168,3.74
ST-101956,Cardinal Coffee Co.,27619,44.8888,-103.1188,4.16
ST-101957,Independent,42589,36.7458,-75.0928,4.85
ST-101958,Independent,22039,34.7079,-82.1776,4.22
ST-101959,Other chains,55025,40.4033,-84.5595,3.59
ST-101960,Other chains,05505,35.2747,-90.2838,3.7
ST-101961,Blue Ridge Roasters,25114,39.0422,-76.1188,5.1
ST-101962,Independent,34153,41.5732,-68.6386,4.43
ST-101963,Other chains,19996,40.6925,-89.36,4.14
ST-101964,Other chains,40512,29.4927,-94.1724,3.75
ST-101965,Blue Ridge Roasters,45980,28.6588,-77.5742,3.49
ST-101966,Independent,53373,37.2588,-113.2847,4.78
ST-101967,Independent,29201,41.3898,-82.4527,4.19
ST-101968,Cardinal Coffee Co.,40770,30.2293,-93.3727,4.2
ST-101969,Other chains,40553,31.5098,-85.7259,4.24
ST-101970,Cardinal Coffee Co.,09186,35.8426,-71.4416,4.64
ST-101971,Independent,45979,31.3881,-85.5229,3.53
ST-101972,Cardinal Coffee Co.,17520,44.0708,-96.098,4.33
ST-101973,Other chains,37993,34.6155,-99.3208,0.0
ST-101974,Blue Ridge Roasters,50908,41.2392,-65.3604,3.6
ST-101975,Other chains,49342,39.731,-110.5118,5.4
ST-101976,Blue Ridge Roasters,30778,36.5152,-104.9992,4.62
ST-101977,Independent,33403,46.3733,-68.928,4.47
ST-101978,Cardinal Coffee Co.,48769,38.7033,-81.4189,3.96
ST-101979,Blue Ridge Roasters,49995,39.4945,-113.928,3.73
ST-101980,Other chains,26874,48.7721,-86.0614,3.66
ST-101981,Blue Ridge Roasters,04316,36.9595,-103.4048,4.45
ST-101982,Independent,40455,28.7468,-84.5019,3.95
ST-101983,Blue Ridge Roasters,35988,36.8711,-100.5898,3.85
ST-101984,Blue Ridge Roasters,56035,38.3415,-120.9965,3.77
ST-101985,Independent,50280,48.4362,-84.1415,4.49
ST-101986,Other chains,12843,31.6565,-79.0715,4.09
ST-101987,Independent,13215,29.921,-89.9125,3.62
ST-101988,Independent,50908,38.8046,-62.24,4.55
ST-101989,Cardinal Coffee Co.,26302,44.4201,-80.976,4.3
ST-101990,Independent,30446,41.9919,-102.4746,5.48
ST-101991,Cardinal Coffee Co.,33263,40.0436,-69.1934,4.41
ST-101992,Blue Ridge Roasters,24126,26.8726,-90.5295,4.2
ST-101993,Blue Ridge Roasters,32428,35.6142,-121.956,5.29
ST-101994,Cardinal Coffee Co.,20518,46.1637,-80.0282,3.77
ST-101995,Other chains,24397,34.5664,-93.9974,4.38
ST-101996,Other chains,16736,39.1964,-102.4907,4.87
ST-101997,Independent,05674,38.1065,-80.9823,3.72
ST-101998,Independent,44177,47.375,-74.9575,5.37
ST-101999,Cardinal Coffee Co.,50289,41.3922,-71.8477,5.84
ST-102000,Cardinal Coffee Co.,30590,38.9473,-109.2083,4.41
ST-102001,Cardinal Coffee Co.,19996,39.2539,-90.2145,4.18
ST-102002,Blue Ridge Roasters,40989,31.6462,-76.4459,3.86
ST-102003,Other chains,36567,37.041,-66.1516,3.76
ST-102004,Independent,40125,28.0288,-84.066,3.63
ST-102005,Blue Ridge Roasters,32708,33.832,-115.6,4.27
ST-102006,Independent,47288,35.753,-77.1643,3.82
ST-102007,Blue Ridge Roasters,02364,34.3158,-124.1354,4.57
ST-102008,Cardinal Coffee Co.,18581,46.8499,-86.3366,3.82
ST-102009,Blue Ridge Roasters,05643,30.3089,-80.5625,3.8
ST-102010,Independent,06037,44.212,-116.9701,5.17
ST-102011,Other chains,54729,31.4048,-79.1573,3.74
ST-102012,Other chains,38911,36.3014,-89.1583,4.08
ST-102013,Blue Ridge Roasters,41158,42.8513,-115.2742,4.86
ST-102014,Other chains,38575,45.2056,-83.2207,3.7
ST-102015,Blue Ridge Roasters,01493,29.7818,-91.5141,4.37
ST-102016,Other chains,06544,38.005,-106.7848,4.49
ST-102017,Independent,39719,38.2826,-100.8941,4.07
ST-102018,Independent,29020,40.6384,-87.2858,4.21
ST-102019,Independent,34997,41.8235,-74.2369,5.3
ST-102020,Independent,47588,31.4459,-88.2382,3.76
ST-102021,Blue Ridge Roasters,18234,35.5433,-86.6623,4.92
ST-102022,Independent,48298,30.7574,-85.4774,3.74
ST-102023,Cardinal Coffee Co.,38519,43.1106,-82.6718,3.6
ST-102024,Independent,24195,31.8733,-81.6391,3.77
ST-102025,Independent,29187,40.0177,-86.2838,5.06
ST-102026,Other chains,18234,38.2077,-87.2488,4.1
ST-102027,Cardinal Coffee Co.,19996,39.1698,-91.833,3.92
ST-102028,Other chains,12995,36.7268,-86.8108,3.74
ST-102029,Blue Ridge Roasters,51238,29.0807,-83.5107,4.32
ST-102030,Independent,18841,43.1625,-90.0402,4.24
ST-102031,Cardinal Coffee Co.,16066,39.1412,-105.3313,4.29
ST-102032,Blue Ridge Roasters,05972,33.2344,-84.4393,4.1
ST-102033,Independent,20379,38.8029,-86.7442,4.72
ST-102034,Other chains,02194,37.9447,-120.4161,5.03
ST-102035,Cardinal Coffee Co.,20315,40.9828,-83.3406,5.13
ST-102036,Other chains,42861,39.938,-77.987,4.1
ST-102037,Blue Ridge Roasters,48152,33.4943,-91.2559,4.19
ST-102038,Cardinal Coffee Co.,34404,42.8723,-64.6229,6.06
ST-102039,Independent,38655,47.5181,-84.8143,4.26
ST-102040,Other chains,40677,33.3346,-79.1374,4.52
ST-102041,Blue Ridge Roasters,50355,35.7633,-71.773,3.94
ST-102042,Independent,49507,42.4891,-112.5589,4.8
ST-102043,Independent,08134,38.3884,-113.6776,5.56
ST-102044,Cardinal Coffee Co.,40493,38.5358,-80.3253,4.41
ST-102045,Other chains,48234,36.9128,-78.2049,4.01
ST-102046,Other chains,21699,30.9842,-85.4091,3.76
ST-102047,Cardinal Coffee Co.,32443,41.1657,-99.5647,3.54
ST-102048,Other chains,27375,39.2181,-90.1839,3.75
ST-102049,Other chains,33263,41.5081,-82.8641,4.7
ST-102050,Independent,12038,34.528,-95.3291,3.97
ST-102051,Cardinal Coffee Co.,01493,35.839,-95.1267,4.12
ST-102052,Independent,44031,44.1856,-76.9829,5.95
ST-102053,Independent,48463,32.725,-86.3921,3.99
ST-102054,Blue Ridge Roasters,42175,48.9503,-70.4044,4.85
ST-102055,Independent,08348,37.9049,-112.1716,4.55
ST-102056,Other chains,17359,36.1784,-83.9398,4.31
ST-102057,Other chains,42068,37.2559,-74.2306,4.16
ST-102058,Independent,25021,45.922,-74.4189,4.7
ST-102059,Cardinal Coffee Co.,29914,40.77,-92.4651,4.16
ST-102060,Blue Ridge Roasters,55590,41.4772,-80.4645,4.56
ST-102061,Independent,09186,39.8724,-83.6889,5.05
ST-102062,Independent,31118,39.6419,-87.1921,3.99
ST-102063,Independent,55774,38.6387,-90.0899,4.47
ST-102064,Independent,26475,42.4135,-84.3095,5.14
ST-102065,Independent,39819,40.7079,-89.125,3.9
ST-102066,Independent,39830,42.305,-88.9481,4.63
ST-102067,Independent,29154,42.0183,-90.5998,4.31
ST-102068,Other chains,33263,40.2224,-66.1405,4.1
ST-102069,Independent,42334,37.1238,-74.4856,4.51
ST-102070,Independent,31938,36.3626,-77.1821,4.09
ST-102071,Blue Ridge Roasters,28503,41.58,-83.3665,3.8
ST-102072,Independent,06529,43.4345,-111.8694,5.16
ST-102073,Blue Ridge Roasters,49071,43.0205,-112.872,3.75
ST-102074,Independent,12215,30.4762,-81.6145,3.94
ST-102075,Cardinal Coffee Co.,10030,32.5285,-88.5304,5.43
ST-102076,Blue Ridge Roasters,18166,38.5539,-88.1255,4.07
ST-102077,Cardinal Coffee Co.,30430,35.0638,-111.9512,4.15
ST-102078,Blue Ridge Roasters,04343,37.2337,-110.0485,4.34
ST-102079,Blue Ridge Roasters,16454,42.9786,-109.8998,4.18
ST-102080,Independent,08348,41.5222,-109.588,4.79
ST-102081,Independent,28287,29.5899,-84.4306,3.65
ST-102082,Blue Ridge Roasters,49336,38.0556,-102.5863,4.49
ST-102083,Independent,30430,41.2474,-109.4646,4.61
ST-102084,Independent,29918,39.2871,-73.3641,4.39
ST-102085,Cardinal Coffee Co.,04569,39.2388,-111.7009,4.19
ST-102086,Independent,23075,42.7055,-68.7465,4.95
ST-102087,Independent,56444,40.1728,-116.3563,4.0
ST-102088,Cardinal Coffee Co.,35237,39.7624,-103.5953,3.91
ST-102089,Blue Ridge Roasters,09212,39.5389,-78.7257,4.56
ST-102090,Other chains,40317,30.8471,-82.2647,3.94
ST-102091,Other chains,09212,38.0991,-76.0866,3.93
ST-102092,Other chains,02643,34.316,-109.288,4.44
ST-102093,Blue Ridge Roasters,16868,38.6558,-113.4088,3.9
ST-102094,Independent,45085,34.9488,-89.7355,5.08
ST-102095,Cardinal Coffee Co.,35237,34.8592,-113.6296,3.61
ST-102096,Cardinal Coffee Co.,44218,42.3189,-65.2505,4.81
ST-102097,Cardinal Coffee Co.,19589,43.3539,-86.1963,3.83
ST-102098,Independent,12002,26.9898,-92.7331,3.25
ST-102099,Independent,36567,40.6883,-67.9277,5.34
ST-102100,Independent,51218,37.4386,-90.3491,3.73
ST-102101,Independent,38895,42.6558,-84.5398,3.96
ST-102102,Independent,45242,26.8886,-81.681,4.19
ST-102103,Other chains,05505,34.475,-81.3021,4.57
ST-102104,Independent,53345,36.7568,-100.8809,4.61
ST-102105,Cardinal Coffee Co.,55744,43.0739,-93.9718,3.89
ST-102106,Other chains,32616,36.9298,-108.3352,4.77
ST-102107,Independent,22211,32.3409,-77.4425,3.7
ST-102108,Blue Ridge Roasters,38432,39.3874,-92.8601,4.4
ST-102109,Cardinal Coffee Co.,40985,32.5095,-89.4745,3.92
ST-102110,Independent,54122,30.7982,-86.7231,4.35
ST-102111,Blue Ridge Roasters,18841,40.3294,-87.0516,4.16
ST-102112,Other chains,37280,28.9732,-93.4629,3.57
ST-102113,Other chains,42698,42.972,-71.1916,3.81
ST-102114,Other chains,26553,41.5259,-97.4503,4.54
ST-102115,Other chains,48789,27.6504,-77.24,4.47
ST-102116,Independent,05041,35.4787,-81.9174,4.39
ST-102117,Other chains,04316,38.4711,-100.5212,4.35
ST-102118,Cardinal Coffee Co.,39588,41.4853,-84.9873,4.1
ST-102119,Cardinal Coffee Co.,04408,41.2937,-113.8286,4.49
ST-102120,Other chains,30246,39.9847,-116.7921,3.29
ST-102121,Other chains,08638,42.4956,-110.5667,4.48
ST-102122,Other chains,41267,38.1201,-112.1815,4.36
ST-102123,Independent,09212,44.6033,-67.3832,4.35
ST-102124,Cardinal Coffee Co.,22847,32.8688,-90.5717,3.91
ST-102125,Independent,50856,43.0229,-62.3746,4.58
ST-102126,Cardinal Coffee Co.,16759,40.2109,-104.3513,4.9
ST-102127,Other chains,40553,36.2222,-86.2211,3.9
ST-102128,Other chains,55765,43.1642,-78.2131,5.22
ST-102129,Blue Ridge Roasters,35005,37.6712,-116.6988,4.78
ST-102130,Blue Ridge Roasters,44042,39.5762,-73.2665,4.28
ST-102131,Independent,54550,32.3507,-92.6588,3.53
ST-102132,Independent,40677,30.2197,-73.9206,4.01
ST-102133,Independent,50118,38.3434,-84.3843,4.87
ST-102134,Other chains,37136,26.1158,-93.6427,4.21
ST-102135,Independent,49655,34.3522,-115.8083,4.35
ST-102136,Other chains,42071,47.4562,-66.5661,4.73
ST-102137,Independent,22304,30.5305,-79.2709,3.98
ST-102138,Other chains,29918,46.7104,-88.2677,4.3
ST-102139,Cardinal Coffee Co.,22211,33.7095,-78.8864,4.04
ST-102140,Cardinal Coffee Co.,34478,41.3507,-75.1925,5.38
ST-102141,Cardinal Coffee Co.,16066,34.4982,-109.4654,3.8
ST-102142,Cardinal Coffee Co.,30590,39.014,-102.0896,4.1
ST-102143,Other chains,26553,46.6766,-90.4797,3.73
ST-102144,Blue Ridge Roasters,38013,45.6729,-93.5982,4.19
ST-102145,Independent,22881,33.3227,-82.1778,3.7
ST-102146,Independent,28802,29.054,-80.5584,3.74
ST-102147,Cardinal Coffee Co.,10112,29.6285,-84.3373,3.78
ST-102148,Blue Ridge Roasters,34448,38.9422,-68.4797,5.86
ST-102149,Blue Ridge Roasters,34182,45.3345,-75.7076,3.36
ST-102150,Cardinal Coffee Co.,56197,43.8952,-111.2347,4.11
ST-102151,Independent,28201,33.0877,-82.7526,3.36
ST-102152,Other chains,02226,38.0908,-110.2758,4.03
ST-102153,Other chains,21699,37.1461,-75.3204,4.67
ST-102154,Cardinal Coffee Co.,41943,36.0643,-109.7827,4.64
ST-102155,Cardinal Coffee Co.,23806,41.6555,-76.3234,5.11
ST-102156,Other chains,23615,42.8889,-71.3321,4.95
ST-102157,Cardinal Coffee Co.,16868,36.4116,-105.9469,3.1
ST-102158,Other chains,16745,37.0923,-107.3546,4.51
ST-102159,Independent,29154,38.8588,-84.6872,4.48
ST-102160,Cardinal Coffee Co.,17618,45.2502,-97.9883,3.81
ST-102161,Cardinal Coffee Co.,47310,38.2431,-99.9551,4.26
ST-102162,Blue Ridge Roasters,12215,32.8444,-77.3484,3.46
ST-102163,Independent,38742,40.1953,-86.3669,4.18
ST-102164,Blue Ridge Roasters,32428,37.2005,-112.1295,4.38
ST-102165,Independent,19996,41.0052,-84.8341,4.23
ST-102166,Other chains,28413,30.8493,-73.4361,4.14
ST-102167,Independent,09678,41.2089,-66.0188,6.66
ST-102168,Independent,42602,42.7397,-68.7267,4.41
ST-102169,Cardinal Coffee Co.,21658,31.2841,-90.3204,4.02
ST-102170,Blue Ridge Roasters,27041,40.4312,-93.5407,4.34
ST-102171,Independent,10355,31.9436,-99.3184,4.39
ST-102172,Blue Ridge Roasters,34384,40.5473,-70.6989,3.94
ST-102173,Blue Ridge Roasters,16966,37.6757,-105.3482,4.05
ST-102174,Independent,12334,34.7866,-77.8589,3.83
ST-102175,Cardinal Coffee Co.,56612,33.6878,-107.9474,4.0
ST-102176,Blue Ridge Roasters,25684,46.2228,-75.4244,5.86
ST-102177,Other chains,19653,41.4066,-92.3857,4.14
ST-102178,Independent,29914,42.8301,-93.9522,4.61
ST-102179,Independent,21775,34.6752,-85.9805,3.56
ST-102180,Other chains,27933,38.8758,-94.867,3.79
ST-102181,Blue Ridge Roasters,42861,38.7569,-63.9643,4.41
ST-102182,Independent,18234,37.9032,-96.8142,4.16
ST-102183,Other chains,29303,40.2588,-90.1823,3.85
ST-102184,Independent,17520,43.0976,-100.6173,4.95
ST-102185,Other chains,17627,39.2487,-87.2207,4.15
ST-102186,Cardinal Coffee Co.,18372,42.8238,-89.0143,3.85
ST-102187,Other chains,10447,25.3962,-87.1407,4.01
ST-102188,Other chains,26553,39.8433,-94.5967,3.94
ST-102189,Independent,55102,44.5014,-88.9852,4.5
ST-102190,Other chains,51660,31.9871,-88.2668,3.6
ST-102191,Independent,04316,36.5126,-112.8212,5.48
ST-102192,Cardinal Coffee Co.,55765,39.0295,-77.2554,3.94
ST-102193,Cardinal Coffee Co.,40937,23.4159,-83.9669,3.73
ST-102194,Independent,32072,35.9646,-108.8028,3.9
ST-102195,Independent,48235,35.6717,-87.7868,3.93
ST-102196,Independent,30579,37.2522,-116.7066,3.99
ST-102197,Independent,08501,37.6064,-112.1377,4.55
ST-102198,Independent,36567,34.5046,-59.4764,4.46
ST-102199,Other chains,47323,27.6075,-86.7246,3.96
ST-102200,Blue Ridge Roasters,45421,36.0701,-82.8314,3.98
ST-102201,Other chains,06478,40.8519,-116.9704,4.34
ST-102202,Other chains,54243,28.6077,-101.5316,4.57
ST-102203,Other chains,33072,39.6083,-79.239,4.49
ST-102204,Blue Ridge Roasters,48481,32.4125,-70.7157,3.88
ST-102205,Other chains,33283,37.9116,-70.9277,6.22
ST-102206,Other chains,05041,26.4876,-75.1545,3.82
ST-102207,Other chains,54990,32.0224,-87.0863,3.46
ST-102208,Other chains,40493,34.2178,-99.141,4.41
ST-102209,Cardinal Coffee Co.,06544,40.7756,-118.6523,5.41
ST-102210,Blue Ridge Roasters,01131,35.1257,-82.6179,4.35
ST-102211,Other chains,05972,27.8393,-83.5743,3.99
ST-102212,Blue Ridge Roasters,10745,32.6737,-85.0625,3.65
ST-102213,Other chains,56007,38.1946,-115.1815,4.39
ST-102214,Independent,06482,38.7383,-106.3617,4.53
ST-102215,Independent,23615,40.8647,-77.5081,5.49
ST-102216,Blue Ridge Roasters,48769,30.5187,-83.1531,4.87
ST-102217,Independent,46550,31.9466,-87.828,3.9
ST-102218,Other chains,06544,42.4855,-114.211,4.5
ST-102219,Independent,45021,33.49,-90.2878,3.54
ST-102220,Cardinal Coffee Co.,37762,28.0471,-87.564,3.89
ST-102221,Independent,31118,42.4194,-77.7583,3.94
ST-102222,Other chains,20713,39.6581,-82.3253,4.04
ST-102223,Independent,47588,31.2431,-78.8777,5.46
ST-102224,Independent,46595,38.6948,-93.7188,4.7
ST-102225,Independent,42861,43.1108,-83.1261,5.0
ST-102226,Blue Ridge Roasters,53775,36.6005,-105.421,4.33
ST-102227,Other chains,04319,35.7095,-106.5714,3.76
ST-102228,Other chains,38381,44.3952,-88.1765,4.15
ST-102229,Independent,55774,40.4634,-91.2232,4.47
ST-102230,Blue Ridge Roasters,30921,38.5575,-120.7837,5.43
ST-102231,Independent,54243,34.5774,-79.7956,4.96
ST-102232,Blue Ridge Roasters,22755,30.4972,-77.8832,4.0
ST-102233,Cardinal Coffee Co.,46797,39.5955,-93.0746,4.87
ST-102234,Independent,55102,41.9171,-93.5756,5.47
ST-102235,Cardinal Coffee Co.,42062,36.8759,-67.0536,4.58
ST-102236,Other chains,45917,33.1633,-88.8512,3.86
ST-102237,Independent,36465,39.2329,-63.8256,5.7
ST-102238,Independent,33283,44.0664,-75.1543,4.27
ST-102239,Independent,37762,34.14,-87.3194,4.81
ST-102240,Independent,56340,40.2436,-111.7294,5.12
ST-102241,Independent,01274,27.6791,-87.3198,3.76
ST-102242,Cardinal Coffee Co.,12182,32.1898,-78.2427,3.79
ST-102243,Independent,37076,28.9682,-79.6851,3.44
ST-102244,Other chains,22304,32.3894,-78.4714,4.67
ST-102245,Other chains,38013,34.0542,-87.8929,3.87
ST-102246,Other chains,22863,27.8775,-87.7381,5.2
ST-102247,Cardinal Coffee Co.,45107,36.0671,-85.0544,3.49
ST-102248,Independent,05674,33.6072,-87.5542,3.76
ST-102249,Independent,16454,37.9386,-103.2004,4.38
ST-102250,Independent,41272,36.2738,-105.9864,4.6
ST-102251,Other chains,34814,38.2472,-75.0491,4.94
ST-102252,Other chains,38797,41.6005,-94.5588,3.68
ST-102253,Independent,38071,39.9691,-79.755,4.08
ST-102254,Independent,26302,45.6399,-88.1799,3.92
ST-102255,Blue Ridge Roasters,27756,40.4457,-89.781,3.9
ST-102256,Independent,50750,41.6762,-65.2021,4.94
ST-102257,Other chains,56340,34.8345,-115.0597,4.25
ST-102258,Independent,01493,31.4179,-86.9136,3.92
ST-102259,Independent,41274,39.531,-113.3846,4.33
ST-102260,Blue Ridge Roasters,34955,40.3816,-82.3994,3.9
ST-102261,Independent,09186,40.0431,-72.6056,4.74
ST-102262,Independent,40937,33.4807,-89.5741,4.04
ST-102263,Other chains,09449,46.0445,-77.9243,4.64
ST-102264,Independent,26157,41.4349,-93.2266,4.16
ST-102265,Cardinal Coffee Co.,41267,42.4326,-115.5224,5.24
ST-102266,Blue Ridge Roasters,39787,42.8648,-94.0335,3.76
ST-102267,Independent,27489,44.2531,-87.5167,4.59
ST-102268,Independent,48340,30.6708,-85.9336,4.76
ST-102269,Independent,48789,31.8792,-84.712,3.96
ST-102270,Independent,28201,31.8917,-70.8773,3.67
ST-102271,Independent,19471,42.6388,-89.9334,4.64
ST-102272,Other chains,41142,41.3772,-108.3703,5.26
ST-102273,Cardinal Coffee Co.,09212,41.8752,-70.1875,4.52
ST-102274,Other chains,51495,35.1301,-85.3771,5.0
ST-102275,Blue Ridge Roasters,24019,30.81,-83.3572,3.88
ST-102276,Cardinal Coffee Co.,49087,41.6561,-111.8758,3.85
ST-102277,Cardinal Coffee Co.,39164,44.0474,-87.7846,3.62
ST-102278,Independent,28446,34.5325,-88.5191,3.67
ST-102279,Independent,50750,41.9025,-77.4653,4.0
ST-102280,Blue Ridge Roasters,44218,43.64,-74.3985,4.93
ST-102281,Other chains,50280,38.818,-86.3314,4.55
ST-102282,Blue Ridge Roasters,05505,33.0951,-76.0236,3.95
ST-102283,Independent,29154,41.9015,-76.0349,4.05
ST-102284,Other chains,54478,28.5115,-83.9779,5.18
ST-102285,Independent,50008,42.9238,-70.5072,3.92
ST-102286,Other chains,30446,35.2535,-105.5137,3.58
ST-102287,Other chains,02604,37.7162,-119.948,4.81
ST-102288,Other chains,33072,41.6193,-68.9303,3.84
ST-102289,Other chains,36799,39.3078,-77.0586,4.35
ST-102290,Independent,42071,41.7477,-60.7557,4.75
ST-102291,Cardinal Coffee Co.,56007,39.1997,-113.1296,4.27
ST-102292,Other chains,18372,38.5395,-83.5509,3.9
ST-102293,Other chains,24156,34.2039,-86.0705,4.07
ST-102294,Independent,21250,30.2075,-71.8198,4.22
ST-102295,Independent,56197,45.8639,-115.0741,4.33
ST-102296,Independent,10725,32.1716,-78.0095,3.95
ST-102297,Blue Ridge Roasters,12300,28.9861,-81.2399,3.76
ST-102298,Cardinal Coffee Co.,16131,36.047,-109.5741,3.79
ST-102299,Other chains,23070,44.9427,-73.126,3.93
ST-102300,Other chains,35996,37.7725,-116.0021,4.51
ST-102301,Cardinal Coffee Co.,36465,37.4087,-90.0163,4.75
ST-102302,Independent,40175,35.0611,-78.5536,0.0
ST-102303,Blue Ridge Roasters,53775,37.7533,-114.933,3.94
ST-102304,Independent,24675,34.4603,-77.9824,3.53
ST-102305,Independent,21703,35.3067,-82.8898,3.72
ST-102306,Independent,26948,41.8234,-81.7985,4.03
ST-102307,Independent,48331,39.6877,-80.1886,4.06
ST-102308,Independent,29613,35.8258,-103.7882,4.33
ST-102309,Cardinal Coffee Co.,10745,30.0461,-81.3106,3.92
ST-102310,Independent,45467,31.7321,-87.0621,4.18
ST-102311,Independent,18946,47.7835,-82.0099,4.33
ST-102312,Independent,20225,46.394,-85.4528,4.91
ST-102313,Cardinal Coffee Co.,29918,44.8661,-85.3822,4.19
ST-102314,Blue Ridge Roasters,17122,38.6176,-90.6335,3.87
ST-102315,Independent,23974,39.4675,-79.9756,4.63
ST-102316,Independent,02194,36.5143,-114.5973,4.25
ST-102317,Other chains,47288,30.1497,-95.7994,4.08
ST-102318,Cardinal Coffee Co.,42033,45.9781,-78.0421,3.75
ST-102319,Cardinal Coffee Co.,45980,31.7687,-93.785,3.93
ST-102320,Blue Ridge Roasters,16874,38.6655,-120.6264,3.76
ST-102321,Other chains,29314,43.3232,-88.3011,3.61
ST-102322,Other chains,50827,36.5094,-71.2957,5.39
ST-102323,Independent,25114,41.6579,-74.6908,5.21
ST-102324,Cardinal Coffee Co.,42175,38.2094,-77.4927,4.44
ST-102325,Independent,04438,38.1168,-117.6844,4.9
ST-102326,Cardinal Coffee Co.,02506,37.2407,-113.9032,3.98
ST-102327,Blue Ridge Roasters,50685,39.5861,-79.4333,4.14
ST-102328,Independent,05972,33.1767,-85.377,4.3
ST-102329,Other chains,42203,42.1636,-83.6292,4.2
ST-102330,Other chains,37166,31.8405,-80.7921,4.28
ST-102331,Independent,48340,33.6121,-88.4022,4.72
ST-102332,Other chains,29810,38.3942,-86.7425,3.89
ST-102333,Independent,42589,43.5448,-69.1767,5.01
ST-102334,Blue Ridge Roasters,51495,31.8814,-83.0328,4.63
ST-102335,Other chains,49728,37.549,-107.2052,4.74
ST-102336,Independent,38895,38.6157,-101.3998,4.07
ST-102337,Blue Ridge Roasters,19344,40.2758,-91.9571,4.62
ST-102338,Cardinal Coffee Co.,23806,47.1119,-67.8815,4.21
ST-102339,Independent,37076,32.3101,-81.9446,3.9
ST-102340,Blue Ridge Roasters,45107,29.0668,-73.9092,3.52
ST-102341,Independent,41158,41.7565,-101.7737,4.8
ST-102342,Cardinal Coffee Co.,48234,31.0842,-83.2024,5.51
ST-102343,Independent,04316,39.8513,-113.5119,5.36
ST-102344,Independent,06478,37.183,-117.7506,4.54
ST-102345,Cardinal Coffee Co.,19228,44.8423,-91.8549,3.77
ST-102346,Independent,37972,30.7277,-87.4495,4.37
ST-102347,Blue Ridge Roasters,38071,45.1936,-92.5595,4.68
ST-102348,Cardinal Coffee Co.,18877,37.8522,-94.51,4.66
ST-102349,Other chains,53281,38.1213,-109.5905,4.27
ST-102350,Independent,21658,36.7,-74.8202,4.24
ST-102351,Other chains,41142,39.5045,-106.4005,4.15
ST-102352,Other chains,47588,39.3144,-86.9345,3.82
ST-102353,Independent,01493,31.6926,-78.9158,3.91
ST-102354,Other chains,51079,33.2711,-82.9201,3.66
ST-102355,Other chains,50750,47.2154,-74.7442,3.16
ST-102356,Cardinal Coffee Co.,55532,36.4582,-89.6187,4.33
ST-102357,Blue Ridge Roasters,10112,27.5867,-86.1996,4.2
ST-102358,Other chains,34478,39.1135,-70.5936,4.4
ST-102359,Other chains,08259,41.4401,-111.162,3.83
ST-102360,Cardinal Coffee Co.,34792,36.6704,-78.8705,4.78
ST-102361,Other chains,55659,42.7911,-93.6611,4.19
ST-102362,Other chains,49274,40.5801,-110.1646,4.66
ST-102363,Other chains,44106,47.5432,-71.9281,4.59
ST-102364,Other chains,30246,42.1365,-113.8788,5.29
ST-102365,Independent,54221,33.5922,-91.792,3.64
ST-102366,Independent,50519,45.5774,-66.9942,5.14
ST-102367,Cardinal Coffee Co.,48340,34.1167,-78.7684,3.76
ST-102368,Blue Ridge Roasters,48463,31.1198,-96.9243,4.07
ST-102369,Cardinal Coffee Co.,45021,29.0662,-76.9625,3.58
ST-102370,Other chains,04083,37.2919,-113.2539,3.68
ST-102371,Other chains,21327,32.3798,-83.8601,4.06
ST-102372,Blue Ridge Roasters,48152,33.0251,-78.1707,4.77
ST-102373,Cardinal Coffee Co.,26302,34.5944,-79.0848,3.84
ST-102374,Independent,10841,31.8413,-78.9828,3.86
ST-102375,Blue Ridge Roasters,56111,39.0857,-110.5538,4.57
ST-102376,Independent,28768,34.1426,-93.2538,4.16
ST-102377,Blue Ridge Roasters,51049,37.3804,-97.1574,3.46
ST-102378,Blue Ridge Roasters,21327,33.057,-79.731,4.35
ST-102379,Other chains,22863,29.7713,-76.9478,4.29
ST-102380,Cardinal Coffee Co.,16668,33.5458,-116.8879,4.26
ST-102381,Independent,34404,43.561,-76.1187,7.32
ST-102382,Independent,27831,38.3927,-92.3436,4.06
ST-102383,Independent,21651,35.1005,-88.5034,3.97
ST-102384,Other chains,48434,36.6923,-78.5502,5.35
ST-102385,Other chains,22025,27.8678,-83.6898,4.69
ST-102386,Independent,34731,43.1617,-75.8751,4.81
ST-102387,Independent,51049,36.3779,-69.0549,3.89
ST-102388,Blue Ridge Roasters,24682,35.5571,-93.6065,3.99
ST-102389,Cardinal Coffee Co.,01271,26.2109,-81.7125,3.85
ST-102390,Independent,01131,29.939,-91.2939,3.48
ST-102391,Independent,24682,28.6595,-85.9446,3.66
ST-102392,Blue Ridge Roasters,45021,34.0704,-84.1082,4.09
ST-102393,Independent,56047,40.24,-106.9324,5.29
ST-102394,Independent,05972,24.4063,-86.5671,3.95
ST-102395,Independent,37972,31.5975,-87.2017,4.5
ST-102396,Cardinal Coffee Co.,21527,34.9022,-86.6745,3.92
ST-102397,Blue Ridge Roasters,34792,41.9439,-80.9797,4.61
ST-102398,Independent,27876,41.4388,-85.2061,4.32
ST-102399,Blue Ridge Roasters,21703,31.405,-83.312,3.77
ST-102400,Blue Ridge Roasters,02226,35.8232,-109.389,4.42
ST-102401,Other chains,05108,32.4488,-85.4173,3.76
ST-102402,Other chains,36465,41.6563,-75.6573,4.52
ST-102403,Independent,12334,34.3458,-77.9464,3.87
ST-102404,Other chains,26302,43.0895,-82.8693,3.92
ST-102405,Cardinal Coffee Co.,05366,32.7576,-76.5112,5.01
ST-102406,Cardinal Coffee Co.,02446,42.2847,-109.7644,4.12
ST-102407,Independent,05904,31.3752,-76.884,3.98
ST-102408,Independent,22969,28.1679,-87.4965,3.71
ST-102409,Independent,19344,42.4312,-90.2051,4.22
ST-102410,Other chains,12843,32.8791,-77.8294,4.26
ST-102411,Cardinal Coffee Co.,16133,40.4908,-106.9395,3.91
ST-102412,Blue Ridge Roasters,21536,28.7066,-86.7427,3.52
ST-102413,Blue Ridge Roasters,01271,37.8724,-91.2775,3.88
ST-102414,Independent,18877,43.1315,-90.2238,4.31
ST-102415,Independent,50604,40.636,-78.6092,5.54
ST-102416,Cardinal Coffee Co.,42205,38.6936,-64.153,4.81
ST-102417,Blue Ridge Roasters,19027,44.2315,-84.4398,5.46
ST-102418,Other chains,20379,37.6947,-93.5955,4.26
ST-102419,Cardinal Coffee Co.,16874,45.7841,-118.2699,0.0
ST-102420,Cardinal Coffee Co.,51660,30.6604,-89.6699,4.13
ST-102421,Other chains,46550,46.1615,-92.353,4.84
ST-102422,Independent,44106,40.9466,-75.5002,5.26
ST-102423,Cardinal Coffee Co.,18759,45.7422,-82.3127,4.36
ST-102424,Cardinal Coffee Co.,30590,36.7954,-117.7991,3.92
ST-102425,Independent,29154,41.0565,-75.2628,4.75
ST-102426,Independent,35988,41.4142,-117.6598,4.13
ST-102427,Independent,49873,40.9862,-120.4543,5.48
ST-102428,Independent,33403,44.8023,-64.3702,4.67
ST-102429,Blue Ridge Roasters,40149,31.0376,-77.0725,4.33
ST-102430,Independent,08501,39.2544,-113.0941,4.62
ST-102431,Cardinal Coffee Co.,12215,36.2452,-82.712,3.54
ST-102432,Independent,33283,39.3842,-72.0606,4.81
ST-102433,Independent,49017,40.7176,-111.1797,4.58
ST-102434,Independent,30400,38.3425,-119.7789,4.33
ST-102435,Independent,45421,33.1176,-99.8918,4.07
ST-102436,Other chains,45648,32.7537,-90.0684,3.57
ST-102437,Independent,26839,38.6352,-78.1031,4.0
ST-102438,Independent,56197,38.2179,-100.8675,4.29
ST-102439,Independent,01647,32.9348,-86.571,3.52
ST-102440,Independent,50289,41.1918,-80.2478,4.51
ST-102441,Cardinal Coffee Co.,01203,37.2182,-83.3313,3.67
ST-102442,Other chains,16874,42.0299,-109.3661,4.2
ST-102443,Independent,49728,39.8699,-108.3957,4.45
ST-102444,Cardinal Coffee Co.,38519,38.7106,-104.1622,4.75
ST-102445,Blue Ridge Roasters,33403,39.0279,-55.5535,4.09
ST-102446,Other chains,53373,44.9214,-105.2052,4.16
ST-102447,Blue Ridge Roasters,04438,35.9703,-113.1872,4.24
ST-102448,Independent,45242,32.8416,-89.3109,3.58
ST-102449,Cardinal Coffee Co.,37280,33.5828,-79.0762,3.82
ST-102450,Other chains,12182,31.566,-82.0276,3.66
ST-102451,Blue Ridge Roasters,51898,29.4934,-84.4471,3.56
ST-102452,Other chains,44106,39.1453,-71.75,6.93
ST-102453,Other chains,09186,39.8605,-75.1763,0.0
ST-102454,Independent,18372,38.8715,-86.5888,3.81
ST-102455,Other chains,02471,42.9832,-107.6418,4.71
ST-102456,Cardinal Coffee Co.,34530,41.4726,-72.4401,3.79
ST-102457,Blue Ridge Roasters,27619,39.4286,-87.2545,4.1
ST-102458,Blue Ridge Roasters,47323,32.8209,-76.6428,4.35
ST-102459,Other chains,38510,43.0039,-98.5826,3.82
ST-102460,Cardinal Coffee Co.,09212,40.4661,-79.2873,4.06
ST-102461,Blue Ridge Roasters,28446,35.2059,-84.8406,3.85
ST-102462,Independent,39541,37.1866,-93.3792,3.89
ST-102463,Blue Ridge Roasters,51575,36.0139,-87.3762,4.58
ST-102464,Other chains,16066,38.9731,-104.2735,3.98
ST-102465,Cardinal Coffee Co.,09678,41.356,-75.3938,5.0
ST-102466,Independent,04684,36.921,-122.9753,4.66
ST-102467,Other chains,16668,35.3164,-114.5401,4.1
ST-102468,Other chains,30415,34.0,-111.6513,3.37
ST-102469,Blue Ridge Roasters,22755,30.2117,-84.7619,4.56
ST-102470,Independent,05505,34.263,-81.6638,3.95
ST-102471,Blue Ridge Roasters,22304,29.6162,-82.1537,4.07
ST-102472,Independent,21527,27.8547,-85.833,3.72
ST-102473,Independent,34853,38.7728,-81.6582,5.85
ST-102474,Cardinal Coffee Co.,02643,37.8455,-114.6468,3.96
ST-102475,Other chains,48235,31.4635,-88.7367,4.08
ST-102476,Independent,30246,38.6133,-113.7106,4.01
ST-102477,Other chains,26157,44.0978,-84.853,4.03
ST-102478,Other chains,50355,45.2478,-72.0754,4.75
ST-102479,Independent,47533,38.5164,-80.056,4.39
ST-102480,Independent,10030,27.6253,-87.3045,3.72
ST-102481,Cardinal Coffee Co.,10176,29.9323,-75.9498,4.02
ST-102482,Other chains,17125,43.0955,-84.963,4.23
ST-102483,Blue Ridge Roasters,31052,39.6379,-88.3266,3.81
ST-102484,Cardinal Coffee Co.,22847,35.0824,-81.3799,4.35
ST-102485,Cardinal Coffee Co.,26948,41.6213,-93.0546,3.88
ST-102486,Other chains,30792,43.7376,-124.6525,4.18
ST-102487,Cardinal Coffee Co.,36654,44.6281,-78.1402,3.8
ST-102488,Independent,17125,44.183,-84.5153,4.64
ST-102489,Independent,18841,39.7644,-88.5187,4.59
ST-102490,Independent,48234,32.2076,-85.821,0.0
ST-102491,Other chains,54524,31.5842,-90.087,3.88
ST-102492,Other chains,48769,27.9823,-96.735,3.95
ST-102493,Other chains,53775,43.4153,-103.4509,4.66
ST-102494,Independent,29020,43.2362,-90.2474,5.16
ST-102495,Cardinal Coffee Co.,48489,31.4649,-87.5772,3.86
ST-102496,Independent,50280,45.4138,-78.5299,4.79
ST-102497,Independent,46777,39.1089,-81.4729,4.02
ST-102498,Independent,10265,26.9856,-79.7119,3.79
ST-102499,Other chains,23476,44.5221,-80.3034,4.69
ST-102500,Independent,24195,28.6643,-78.0127,3.75
ST-102501,Cardinal Coffee Co.,37115,31.9127,-85.8704,4.26
ST-102502,Other chains,54550,33.1184,-88.6633,4.37
ST-102503,Cardinal Coffee Co.,21775,33.6564,-86.7617,3.61
ST-102504,Independent,48496,35.0452,-89.6998,4.1
ST-102505,Other chains,51331,34.2426,-92.9253,4.6
ST-102506,Cardinal Coffee Co.,50750,43.1497,-69.8432,3.65
ST-102507,Blue Ridge Roasters,25015,39.1277,-75.8242,4.31
ST-102508,Cardinal Coffee Co.,12968,33.3827,-81.2967,4.35
ST-102509,Other chains,06585,34.4834,-110.2767,4.71
ST-102510,Blue Ridge Roasters,42886,46.1864,-71.2088,4.22
ST-102511,Blue Ridge Roasters,45467,28.2923,-97.2759,3.8
ST-102512,Blue Ridge Roasters,24284,31.4607,-90.2006,4.06
ST-102513,Independent,02659,35.0434,-108.5838,6.34
ST-102514,Other chains,37326,30.3095,-92.649,3.47
ST-102515,Independent,47411,32.5403,-82.7616,3.69
ST-102516,Blue Ridge Roasters,28446,30.9137,-93.3442,3.83
ST-102517,Independent,08501,42.4327,-111.9013,4.44
ST-102518,Independent,36958,42.1807,-64.8401,6.21
ST-102519,Blue Ridge Roasters,41142,37.6113,-107.3524,3.96
ST-102520,Cardinal Coffee Co.,36958,41.0993,-85.6044,4.02
ST-102521,Independent,53297,42.6591,-106.9098,4.97
ST-102522,Independent,33283,44.2266,-63.5666,4.51
ST-102523,Other chains,31823,37.5837,-72.2179,4.28
ST-102524,Other chains,50196,39.458,-71.6495,4.05
ST-102525,Blue Ridge Roasters,12215,33.9244,-93.1865,3.58
ST-102526,Independent,20379,42.0601,-86.3919,4.54
ST-102527,Independent,09745,38.3489,-64.9238,4.75
ST-102528,Independent,22911,34.7474,-86.1225,4.62
ST-102529,Blue Ridge Roasters,01647,29.8274,-78.7413,3.72
ST-102530,Other chains,49075,42.9115,-117.0376,4.82
ST-102531,Other chains,02659,40.5883,-109.7659,4.15
ST-102532,Independent,45648,29.1042,-99.9375,3.47
ST-102533,Other chains,36835,39.9128,-80.202,3.26
ST-102534,Blue Ridge Roasters,55765,39.3606,-89.0367,4.05
ST-102535,Independent,16736,39.4796,-114.1801,5.47
ST-102536,Blue Ridge Roasters,33772,40.8881,-82.3037,4.11
ST-102537,Independent,12995,29.0635,-87.9979,4.21
ST-102538,Other chains,30921,34.8172,-110.0221,4.65
ST-102539,Independent,06585,40.6471,-112.5174,4.87
ST-102540,Cardinal Coffee Co.,05689,33.3587,-84.6344,4.11
ST-102541,Independent,54478,32.8166,-80.6082,4.47
ST-102542,Other chains,45364,33.3122,-87.059,4.64
ST-102543,Cardinal Coffee Co.,05770,30.6432,-76.8449,4.15
ST-102544,Blue Ridge Roasters,42033,42.052,-80.4356,3.85
ST-102545,Independent,33263,49.1155,-62.932,4.91
ST-102546,Other chains,10863,36.0237,-78.3218,5.05
ST-102547,Blue Ridge Roasters,29110,40.1348,-91.136,4.66
ST-102548,Independent,48234,30.9299,-86.7359,4.13
ST-102549,Other chains,17125,32.4187,-87.7596,4.18
ST-102550,Independent,16745,42.2061,-108.408,4.61
ST-102551,Independent,53931,41.3598,-105.4327,4.22
ST-102552,Blue Ridge Roasters,24126,30.8685,-93.0435,3.37
ST-102553,Independent,04083,34.7049,-109.3753,4.35
ST-102554,Blue Ridge Roasters,27756,37.5342,-101.6991,3.69
ST-102555,Independent,45421,33.8332,-86.0638,3.84
ST-102556,Independent,55774,40.732,-80.2765,4.3
ST-102557,Independent,35810,41.0748,-120.5057,4.06
ST-102558,Independent,02446,39.2593,-121.5954,4.8
ST-102559,Other chains,49655,41.9003,-110.6752,4.07
ST-102560,Cardinal Coffee Co.,49336,40.1087,-103.6754,3.89
ST-102561,Blue Ridge Roasters,41078,41.4864,-110.0476,4.53
ST-102562,Independent,46797,34.7309,-100.4277,4.51
ST-102563,Cardinal Coffee Co.,49276,35.297,-122.0988,4.2
ST-102564,Independent,12843,31.4069,-84.4135,3.94
ST-102565,Independent,24549,35.7387,-92.0755,3.68
ST-102566,Cardinal Coffee Co.,37136,38.1416,-84.1799,4.72
ST-102567,Blue Ridge Roasters,29183,40.5073,-87.824,4.73
ST-102568,Other chains,38071,39.1653,-91.9385,4.16
ST-102569,Other chains,38655,35.1351,-78.1115,3.8
ST-102570,Other chains,23070,44.0907,-70.9572,4.14
ST-102571,Independent,40414,30.8494,-77.7305,4.21
ST-102572,Independent,02364,47.875,-106.4765,4.21
ST-102573,Independent,37166,30.2818,-85.9004,4.04
ST-102574,Other chains,24549,38.8158,-86.1667,3.51
ST-102575,Other chains,12182,34.7451,-86.7857,3.8
ST-102576,Other chains,54856,29.4152,-80.9134,4.08
ST-102577,Independent,20296,41.6964,-92.9022,4.03
ST-102578,Other chains,02471,41.3141,-101.6498,4.82
ST-102579,Blue Ridge Roasters,26592,40.3242,-93.4752,3.85
ST-102580,Other chains,47638,35.0139,-83.7131,3.93
ST-102581,Blue Ridge Roasters,01203,34.9479,-86.3745,3.48
ST-102582,Independent,28802,34.289,-87.7048,3.44
ST-102583,Independent,30246,38.9506,-98.9659,3.85
ST-102584,Other chains,46458,37.4752,-91.6343,4.41
ST-102585,Blue Ridge Roasters,02112,38.7696,-113.8283,3.6
ST-102586,Independent,01274,33.0282,-88.9848,4.3
ST-102587,Independent,32428,33.3718,-111.7538,4.48
ST-102588,Independent,10863,33.0077,-85.6078,3.95
ST-102589,Other chains,41274,38.7096,-118.7155,3.27
ST-102590,Independent,08638,35.1101,-114.5462,4.59
ST-102591,Independent,40317,31.501,-81.3419,3.95
ST-102592,Other chains,02346,38.0645,-105.8381,4.28
ST-102593,Blue Ridge Roasters,45648,38.2903,-84.856,3.98
ST-102594,Independent,37280,33.1604,-84.646,3.6
ST-102595,Independent,02112,42.1081,-114.166,4.26
ST-102596,Independent,13820,32.1466,-88.0147,3.48
ST-102597,Independent,05001,26.8783,-90.5174,4.24
ST-102598,Independent,09678,43.517,-83.8399,5.31
ST-102599,Independent,38575,39.0254,-93.2147,4.37
ST-102600,Other chains,30306,37.9932,-106.5757,4.21
ST-102601,Other chains,48331,29.3411,-87.5465,4.42
ST-102602,Other chains,13685,32.7183,-87.0761,3.71
ST-102603,Independent,38797,44.1955,-91.1929,4.21
ST-102604,Independent,40677,35.2982,-77.5318,6.15
ST-102605,Other chains,04882,43.7586,-117.5703,3.84
ST-102606,Other chains,49728,44.1839,-110.3377,4.29
ST-102607,Blue Ridge Roasters,42602,35.3624,-74.9108,5.54
ST-102608,Independent,47533,28.9191,-84.5924,4.05
ST-102609,Independent,47515,27.0754,-83.5339,3.35
ST-102610,Blue Ridge Roasters,37314,34.3958,-84.657,3.61
ST-102611,Blue Ridge Roasters,47323,30.4208,-80.2419,4.04
ST-102612,Independent,48789,31.0325,-85.1755,3.96
ST-102613,Other chains,47460,31.8502,-74.5337,4.8
ST-102614,Cardinal Coffee Co.,40622,33.6477,-84.7331,4.98
ST-102615,Cardinal Coffee Co.,05108,28.044,-95.2208,4.03
ST-102616,Independent,24682,28.7234,-81.1701,3.76
ST-102617,Other chains,02506,39.0039,-109.6474,3.92
ST-102618,Other chains,05654,36.0962,-84.8047,4.27
ST-102619,Independent,26839,40.9238,-90.5574,4.08
ST-102620,Cardinal Coffee Co.,30491,36.625,-124.6877,4.65
ST-102621,Cardinal Coffee Co.,30900,32.5554,-123.6811,3.69
ST-102622,Other chains,50355,44.358,-64.6149,4.28
ST-102623,Independent,47869,30.2922,-88.513,4.35
ST-102624,Other chains,27723,37.5577,-83.2063,3.86
ST-102625,Blue Ridge Roasters,22211,27.354,-94.6182,3.99
ST-102626,Independent,38742,36.6827,-95.2811,5.07
ST-102627,Independent,21250,29.6164,-80.9282,4.79
ST-102628,Independent,46595,40.2835,-89.615,0.0
ST-102629,Independent,48191,28.8738,-81.774,3.75
ST-102630,Blue Ridge Roasters,41245,39.5571,-112.0818,3.92
ST-102631,Other chains,20225,40.2607,-90.246,4.58
ST-102632,Independent,35237,45.666,-116.0803,4.85
ST-102633,Other chains,49681,33.8867,-119.164,3.7
ST-102634,Independent,02604,39.4844,-103.5838,7.26
ST-102635,Cardinal Coffee Co.,23974,42.022,-65.0961,4.02
ST-102636,Other chains,30792,35.9083,-118.2322,4.91
ST-102637,Other chains,34182,41.7858,-81.1245,3.41
ST-102638,Cardinal Coffee Co.,45980,34.8088,-87.0866,3.79
ST-102639,Cardinal Coffee Co.,30082,39.2895,-109.9574,3.79
ST-102640,Independent,54990,36.6534,-86.0909,3.49
ST-102641,Independent,21651,25.9669,-82.0029,4.22
ST-102642,Blue Ridge Roasters,26839,38.4733,-89.2955,4.2
ST-102643,Independent,02112,43.4252,-112.6878,3.92
ST-102644,Independent,12995,35.2361,-70.5215,4.37
ST-102645,Independent,12855,34.1215,-88.1512,3.47
ST-102646,Other chains,49274,42.6996,-102.1603,4.29
ST-102647,Other chains,26475,35.2503,-80.3188,3.84
ST-102648,Other chains,25066,43.8868,-71.4754,4.57
ST-102649,Cardinal Coffee Co.,21703,35.6931,-96.5568,4.06
ST-102650,Independent,32428,37.0239,-111.8137,5.82
ST-102651,Independent,39541,48.8877,-92.0882,4.24
ST-102652,Cardinal Coffee Co.,55659,41.589,-88.8795,3.67
ST-102653,Cardinal Coffee Co.,09745,34.9217,-80.8778,3.85
ST-102654,Independent,49873,40.1438,-107.4625,4.27
ST-102655,Blue Ridge Roasters,27147,38.8404,-83.0901,3.65
ST-102656,Blue Ridge Roasters,48340,35.995,-77.9799,3.94
ST-102657,Independent,02346,40.6438,-114.2931,5.6
ST-102658,Independent,42062,39.7062,-80.8566,4.8
ST-102659,Blue Ridge Roasters,54122,37.0074,-82.8899,4.06
ST-102660,Cardinal Coffee Co.,01557,35.3184,-74.4636,4.3
ST-102661,Other chains,49342,36.5162,-111.5837,4.66
ST-102662,Blue Ridge Roasters,18877,40.5439,-86.2862,3.84
ST-102663,Other chains,54772,34.0508,-86.4095,4.36
ST-102664,Other chains,42975,40.4072,-77.5208,3.9
ST-102665,Independent,51812,31.4968,-81.0503,3.62
ST-102666,Cardinal Coffee Co.,53503,39.1102,-112.6364,3.53
ST-102667,Blue Ridge Roasters,33283,38.3026,-72.0789,3.99
ST-102668,Cardinal Coffee Co.,24459,25.8017,-81.955,4.73
ST-102669,Independent,41267,39.7174,-109.9149,5.93
ST-102670,Other chains,23974,35.5333,-71.1529,3.88
ST-102671,Other chains,20687,38.0209,-94.118,4.61
ST-102672,Independent,05643,27.1853,-90.4842,4.29
ST-102673,Independent,46777,36.0547,-89.2557,4.52
ST-102674,Independent,20225,42.2791,-89.1114,4.97
ST-102675,Other chains,24397,31.8331,-88.1339,4.03
ST-102676,Cardinal Coffee Co.,27891,40.2248,-87.554,4.11
ST-102677,Independent,22911,28.5523,-79.5507,3.53
ST-102678,Other chains,48188,30.5325,-77.8749,4.46
ST-102679,Independent,51812,33.6294,-76.5264,3.5
ST-102680,Blue Ridge Roasters,36835,41.3437,-82.3888,3.34
ST-102681,Independent,49853,41.468,-118.978,4.01
ST-102682,Blue Ridge Roasters,23075,44.3953,-76.2379,3.87
ST-102683,Blue Ridge Roasters,56340,38.2433,-111.5183,4.2
ST-102684,Independent,18877,35.4433,-90.4305,4.36
ST-102685,Blue Ridge Roasters,02506,36.7301,-115.3158,4.15
ST-102686,Other chains,17520,40.7069,-90.8265,3.96
ST-102687,Blue Ridge Roasters,20068,38.6705,-86.1001,4.41
ST-102688,Other chains,48769,29.3361,-92.9777,4.27
ST-102689,Blue Ridge Roasters,33263,41.7093,-60.4399,4.6
ST-102690,Other chains,39588,48.2909,-88.874,3.73
ST-102691,Independent,24622,31.0354,-78.6949,3.79
ST-102692,Other chains,04316,38.9916,-115.48,4.08
ST-102693,Independent,34816,37.5639,-71.0539,4.78
ST-102694,Independent,08259,42.7302,-111.3995,4.39
ST-102695,Independent,16066,41.6242,-106.8591,4.63
ST-102696,Independent,30855,41.4172,-113.1919,4.89
ST-102697,Other chains,48234,36.5794,-75.6906,4.03
ST-102698,Other chains,40493,31.218,-93.9523,4.48
ST-102699,Other chains,12300,31.5927,-79.3038,4.08
ST-102700,Independent,47288,37.6296,-84.2877,3.48
ST-102701,Other chains,41272,40.8982,-118.11,4.39
ST-102702,Other chains,25190,34.8423,-62.7876,4.12
ST-102703,Independent,46119,42.3645,-77.9078,4.14
ST-102704,Blue Ridge Roasters,50134,39.7549,-86.9432,4.22
ST-102705,Cardinal Coffee Co.,35005,41.6945,-110.9393,4.13
ST-102706,Independent,21651,33.7246,-80.766,3.81
ST-102707,Blue Ridge Roasters,22847,27.2784,-82.3498,3.82
ST-102708,Other chains,30415,39.8065,-102.9068,3.62
ST-102709,Independent,06524,39.6319,-104.1542,4.81
ST-102710,Blue Ridge Roasters,33263,42.5904,-72.9089,4.76
ST-102711,Blue Ridge Roasters,04438,40.7266,-98.3374,3.97
ST-102712,Other chains,06037,43.4879,-106.3789,5.57
ST-102713,Other chains,42975,42.7417,-76.6085,3.61
ST-102714,Other chains,05904,32.5687,-88.3141,4.41
ST-102715,Cardinal Coffee Co.,29110,44.4439,-81.54,4.72
ST-102716,Cardinal Coffee Co.,24675,39.2282,-89.7577,3.66
ST-102717,Cardinal Coffee Co.,01647,35.2452,-87.4584,4.17
ST-102718,Blue Ridge Roasters,39830,41.6186,-90.4374,4.22
ST-102719,Independent,50856,42.7976,-72.3661,4.81
ST-102720,Cardinal Coffee Co.,42071,42.2681,-75.6608,4.73
ST-102721,Cardinal Coffee Co.,42205,41.5556,-82.4018,3.83
ST-102722,Blue Ridge Roasters,12843,38.9955,-78.0275,5.03
ST-102723,Other chains,39939,38.7528,-91.4264,3.99
ST-102724,Cardinal Coffee Co.,39541,44.4647,-76.8804,3.81
ST-102725,Independent,28110,32.1224,-83.1761,3.37
ST-102726,Independent,45979,28.0587,-77.3968,4.38
ST-102727,Independent,54524,31.935,-81.2148,4.18
ST-102728,Independent,35005,37.3597,-104.1097,4.85
ST-102729,Blue Ridge Roasters,19919,42.7327,-85.578,3.64
ST-102730,Independent,16286,39.2739,-110.589,4.71
ST-102731,Independent,25015,38.4339,-67.9406,4.82
ST-102732,Independent,47850,36.913,-70.0842,4.5
ST-102733,Other chains,53373,42.2704,-113.6188,4.37
ST-102734,Other chains,06524,43.7582,-107.2304,3.68
ST-102735,Independent,51495,33.2109,-85.0315,3.86
ST-102736,Independent,21327,32.3928,-81.9636,4.01
ST-102737,Independent,29187,43.1107,-88.747,4.54
ST-102738,Independent,37653,30.7676,-97.9465,3.55
ST-102739,Blue Ridge Roasters,04408,39.3902,-113.2011,5.01
ST-102740,Independent,06482,38.473,-106.0027,4.51
ST-102741,Independent,21699,28.1169,-89.5912,3.39
ST-102742,Other chains,09756,41.8824,-68.9743,4.11
ST-102743,Blue Ridge Roasters,47617,31.1771,-83.8983,3.9
ST-102744,Other chains,36699,40.7723,-75.6489,3.84
ST-102745,Independent,39939,42.0914,-83.5651,4.28
ST-102746,Independent,46458,44.8176,-84.9138,5.23
ST-102747,Other chains,22755,29.9537,-82.4767,4.05
ST-102748,Independent,39819,39.9903,-82.9046,4.28
ST-102749,Cardinal Coffee Co.,09756,39.2048,-73.2814,3.97
ST-102750,Other chains,34717,39.0095,-84.368,3.89
ST-102751,Blue Ridge Roasters,41158,37.2163,-114.2687,0.0
ST-102752,Independent,28303,31.9106,-95.8264,4.08
ST-102753,Blue Ridge Roasters,42975,43.2576,-70.5558,4.18
ST-102754,Independent,50196,42.4613,-69.1228,4.23
ST-102755,Independent,24622,29.3294,-79.3498,4.21
ST-102756,Independent,20350,44.8825,-86.0654,4.52
ST-102757,Other chains,40455,35.3332,-79.1924,3.69
ST-102758,Cardinal Coffee Co.,51218,29.7964,-94.4596,4.54
ST-102759,Independent,56867,42.6723,-112.6454,4.4
ST-102760,Independent,19195,41.9808,-97.4895,4.48
ST-102761,Cardinal Coffee Co.,12995,32.0306,-87.15,3.41
ST-102762,Other chains,25066,42.5742,-64.8025,4.09
ST-102763,Independent,32443,38.9227,-105.4406,4.51
ST-102764,Independent,30082,40.6352,-108.0263,4.57
ST-102765,Other chains,40671,33.0619,-86.0897,4.04
ST-102766,Other chains,51898,31.4877,-90.9616,4.64
ST-102767,Other chains,29914,34.9225,-87.8778,4.47
ST-102768,Independent,16745,40.5815,-105.3359,5.04
ST-102769,Independent,51218,31.379,-82.5408,3.72
ST-102770,Blue Ridge Roasters,27831,43.3338,-98.5141,3.77
ST-102771,Independent,40622,33.945,-84.3723,3.68
ST-102772,Other chains,10030,31.457,-96.48,3.78
ST-102773,Independent,30792,42.069,-107.1749,4.64
ST-102774,Cardinal Coffee Co.,24622,33.1145,-89.158,3.64
ST-102775,Other chains,05875,32.9909,-92.3387,3.68
ST-102776,Other chains,12215,32.0857,-80.0924,3.75
ST-102777,Cardinal Coffee Co.,38655,46.0507,-85.6437,3.62
ST-102778,Other chains,19653,38.8602,-87.6056,4.02
ST-102779,Independent,23187,40.532,-61.3498,4.48
ST-102780,Independent,02471,35.288,-108.19,4.84
ST-102781,Independent,01397,34.6802,-88.8697,4.05
ST-102782,Other chains,24682,30.7536,-81.8848,3.6
ST-102783,Other chains,29183,39.5899,-90.7165,4.2
ST-102784,Independent,38013,39.4492,-81.3994,4.21
ST-102785,Independent,40416,32.6882,-83.3141,3.76
ST-102786,Independent,29729,37.2477,-86.7205,3.9
ST-102787,Independent,50908,34.7703,-83.1542,4.54
ST-102788,Other chains,08397,40.3731,-111.6319,3.47
ST-102789,Independent,38742,34.6593,-89.3376,5.22
ST-102790,Other chains,31037,43.5624,-95.1453,4.4
ST-102791,Blue Ridge Roasters,48876,37.1756,-86.329,4.37
ST-102792,Independent,16759,38.5073,-109.3855,4.07
ST-102793,Independent,26512,44.8985,-89.0261,4.39
ST-102794,Other chains,10030,32.4272,-93.4726,4.45
ST-102795,Cardinal Coffee Co.,30792,43.7977,-113.6393,4.34
ST-102796,Blue Ridge Roasters,24156,31.1313,-87.8081,4.02
ST-102797,Independent,54729,25.4054,-83.8389,4.02
ST-102798,Other chains,10863,32.2603,-84.4868,4.52
ST-102799,Other chains,24459,37.6239,-87.4697,4.05
ST-102800,Other chains,51635,34.1049,-87.704,4.1
ST-102801,Cardinal Coffee Co.,48340,30.954,-84.5967,4.18
ST-102802,Other chains,39468,41.9867,-83.2221,4.87
ST-102803,Independent,36465,44.4134,-72.8282,5.3
ST-102804,Cardinal Coffee Co.,51236,32.2432,-76.4616,4.08
ST-102805,Blue Ridge Roasters,25114,49.3792,-67.7009,5.5
ST-102806,Cardinal Coffee Co.,48434,30.9477,-76.0199,3.96
ST-102807,Other chains,40431,35.5075,-76.7882,5.15
ST-102808,Other chains,16736,41.2858,-102.6223,4.48
ST-102809,Blue Ridge Roasters,25081,39.4005,-81.4189,4.59
ST-102810,Cardinal Coffee Co.,37326,31.2267,-81.1154,4.13
ST-102811,Other chains,01131,35.5543,-77.6901,3.73
ST-102812,Other chains,42698,41.9344,-66.1058,4.14
ST-102813,Other chains,20059,42.0142,-93.6243,5.35
ST-102814,Independent,34448,36.5921,-70.5557,4.77
ST-102815,Independent,19691,42.968,-88.5488,3.99
ST-102816,Other chains,29020,41.8619,-77.9176,3.74
ST-102817,Other chains,22881,32.3083,-93.3237,3.65
ST-102818,Other chains,10977,33.5827,-89.6157,3.67
ST-102819,Cardinal Coffee Co.,23947,40.2723,-85.3638,4.79
ST-102820,Blue Ridge Roasters,44042,39.7243,-73.6323,4.37
ST-102821,Blue Ridge Roasters,34448,40.7743,-60.917,4.37
ST-102822,Other chains,05001,31.1074,-85.266,4.28
ST-102823,Independent,39939,47.5416,-88.3938,3.83
ST-102824,Cardinal Coffee Co.,45823,35.2356,-81.6986,3.91
ST-102825,Other chains,29918,38.0946,-89.6977,4.18
ST-102826,Other chains,36993,47.6089,-72.3038,4.31
ST-102827,Independent,02112,37.7014,-109.6467,4.14
ST-102828,Other chains,34816,41.5884,-79.5733,4.0
ST-102829,Independent,25015,44.1923,-75.0643,5.49
ST-102830,Independent,34705,35.59,-70.0484,5.04
ST-102831,Blue Ridge Roasters,56035,38.2889,-106.4285,3.32
ST-102832,Independent,37660,30.78,-77.209,3.32
ST-102833,Other chains,40583,33.1152,-82.9874,5.38
ST-102834,Other chains,41158,40.1101,-109.8653,4.44
ST-102835,Independent,50552,41.2682,-69.9989,4.89
ST-102836,Other chains,02346,38.6291,-115.5686,4.18
ST-102837,Blue Ridge Roasters,20713,44.1954,-92.8147,3.98
ST-102838,Cardinal Coffee Co.,13848,33.4045,-85.7488,3.67
ST-102839,Other chains,47288,32.6243,-92.6501,4.46
ST-102840,Cardinal Coffee Co.,27891,41.4436,-86.5586,4.58
ST-102841,Independent,49276,44.5077,-105.7055,4.7
ST-102842,Independent,34814,42.018,-78.7603,5.28
ST-102843,Blue Ridge Roasters,56444,37.4567,-109.3891,3.84
ST-102844,Other chains,39471,35.273,-92.7748,4.02
ST-102845,Cardinal Coffee Co.,01274,28.1982,-91.0995,4.2
ST-102846,Independent,56867,37.5989,-99.6666,5.51
ST-102847,Independent,50604,41.1749,-80.5134,5.65
ST-102848,Other chains,02364,37.3331,-119.6759,3.7
ST-102849,Independent,24126,33.5534,-83.7117,3.83
ST-102850,Cardinal Coffee Co.,54681,30.7945,-83.3889,3.67
ST-102851,Cardinal Coffee Co.,50134,38.7565,-70.4966,3.75
ST-102852,Independent,28413,34.3379,-72.9926,3.52
ST-102853,Independent,37993,36.6082,-89.6628,4.42
ST-102854,Independent,01473,29.1785,-88.4706,3.89
ST-102855,Independent,36799,42.2311,-64.8472,5.27
ST-102856,Cardinal Coffee Co.,38432,35.285,-83.3653,4.18
ST-102857,Other chains,16745,34.5764,-107.1995,3.81
ST-102858,Independent,33263,39.7337,-78.0392,0.0
ST-102859,Blue Ridge Roasters,48489,35.9047,-78.2447,5.37
ST-102860,Independent,30430,36.6639,-107.1809,4.91
ST-102861,Independent,25423,39.0517,-73.3628,5.03
ST-102862,Other chains,34404,41.6083,-78.0096,5.37
ST-102863,Other chains,28802,32.6113,-84.3598,3.58
ST-102864,Other chains,25356,39.1446,-64.6091,4.22
ST-102865,Independent,40175,38.4587,-91.5638,4.55
ST-102866,Blue Ridge Roasters,51049,31.7039,-89.7988,3.77
ST-102867,Blue Ridge Roasters,47515,32.8408,-88.7668,3.79
ST-102868,Other chains,20030,39.7947,-91.4649,4.17
ST-102869,Cardinal Coffee Co.,05702,33.8199,-85.0944,3.68
ST-102870,Other chains,37993,36.2049,-79.2486,3.73
ST-102871,Independent,38519,45.991,-86.2315,3.89
ST-102872,Blue Ridge Roasters,47617,30.2132,-84.635,3.53
ST-102873,Other chains,30590,42.3024,-110.338,3.8
ST-102874,Independent,21775,34.149,-81.2561,3.57
ST-102875,Cardinal Coffee Co.,45107,35.4236,-95.0902,3.58
ST-102876,Blue Ridge Roasters,19027,40.7244,-82.5705,4.05
ST-102877,Other chains,42334,40.9389,-79.4585,4.13
ST-102878,Independent,46797,43.8071,-91.6611,4.7
ST-102879,Other chains,42698,44.3641,-72.4574,3.63
ST-102880,Blue Ridge Roasters,30400,43.6972,-112.4524,3.58
ST-102881,Blue Ridge Roasters,39828,41.5956,-86.0784,3.97
ST-102882,Blue Ridge Roasters,30921,38.6793,-111.149,4.88
ST-102883,Independent,36654,34.1204,-76.236,4.59
ST-102884,Other chains,46119,36.1662,-79.8275,3.96
ST-102885,Other chains,12002,31.3172,-80.7516,3.51
ST-102886,Other chains,39511,37.6968,-87.1873,4.18
ST-102887,Other chains,41245,41.4424,-107.8449,4.96
ST-102888,Cardinal Coffee Co.,30900,35.0699,-116.232,3.78
ST-102889,Blue Ridge Roasters,02643,37.4961,-98.9514,4.06
ST-102890,Other chains,44106,40.1139,-81.0258,4.41
ST-102891,Independent,06585,42.6142,-111.321,5.33
ST-102892,Other chains,50289,39.6753,-76.2186,3.85
ST-102893,Blue Ridge Roasters,49342,40.3572,-113.9465,4.08
ST-102894,Cardinal Coffee Co.,22864,33.0871,-87.7255,3.82
ST-102895,Independent,27831,43.7099,-93.6303,4.19
ST-102896,Independent,09449,44.0506,-67.3699,4.49
ST-102897,Independent,34955,41.3997,-81.7282,4.7
ST-102898,Blue Ridge Roasters,17839,35.9111,-83.0986,4.56
ST-102899,Blue Ridge Roasters,56867,38.3048,-108.1088,3.71
ST-102900,Independent,35996,38.9401,-114.2853,5.07
ST-102901,Independent,08259,39.858,-108.8044,4.69
ST-102902,Cardinal Coffee Co.,44867,39.2873,-75.4474,4.45
ST-102903,Independent,01357,35.9227,-91.606,3.83
ST-102904,Other chains,38203,41.0409,-95.5426,3.68
ST-102905,Independent,05689,29.7385,-81.0674,3.97
ST-102906,Cardinal Coffee Co.,17839,39.6253,-85.3786,4.35
ST-102907,Independent,20068,46.7856,-87.5479,4.58
ST-102908,Blue Ridge Roasters,21536,34.4931,-87.3491,3.89
ST-102909,Blue Ridge Roasters,38895,44.1454,-90.1426,3.98
ST-102910,Cardinal Coffee Co.,51495,29.3752,-86.9533,3.93
ST-102911,Blue Ridge Roasters,48163,30.4335,-95.4817,4.54
ST-102912,Blue Ridge Roasters,42975,39.4557,-74.1325,3.33
ST-102913,Independent,32428,39.5532,-108.8653,5.12
ST-102914,Blue Ridge Roasters,22881,31.978,-84.5943,5.07
ST-102915,Independent,08453,37.5315,-101.3851,6.43
ST-102916,Cardinal Coffee Co.,54245,31.4078,-91.0274,4.3
ST-102917,Blue Ridge Roasters,37326,30.1179,-88.9666,3.82
ST-102918,Other chains,40317,31.9605,-84.2019,3.77
ST-102919,Blue Ridge Roasters,02194,42.3396,-110.5374,4.28
ST-102920,Independent,28287,27.9606,-96.4073,4.6
ST-102921,Independent,38519,42.0394,-85.3838,4.19
ST-102922,Independent,34955,45.6403,-73.0101,5.18
ST-102923,Blue Ridge Roasters,40677,31.9504,-97.7164,4.52
ST-102924,Other chains,50008,39.9134,-75.2003,3.8
ST-102925,Other chains,17520,43.7727,-93.8512,4.42
ST-102926,Blue Ridge Roasters,50355,38.5473,-77.2199,3.89
ST-102927,Independent,48463,32.4319,-93.0286,3.91
ST-102928,Other chains,34536,38.3805,-72.0029,4.68
ST-102929,Independent,47869,26.8897,-74.4293,3.85
ST-102930,Blue Ridge Roasters,02506,38.544,-110.4099,3.8
ST-102931,Other chains,16137,35.2098,-124.9563,3.8
ST-102932,Blue Ridge Roasters,18841,40.965,-87.2864,4.11
ST-102933,Independent,40937,35.8451,-86.1678,4.04
ST-102934,Independent,48915,38.0628,-91.6061,4.65
ST-102935,Cardinal Coffee Co.,40583,32.7806,-82.8783,4.5
ST-102936,Independent,45980,35.5576,-79.7214,3.3
ST-102937,Cardinal Coffee Co.,19170,42.1969,-93.011,4.23
ST-102938,Blue Ridge Roasters,56035,37.8507,-121.8624,3.84
ST-102939,Independent,25021,35.7257,-86.57,4.91
ST-102940,Independent,30900,43.8795,-115.9941,4.1
ST-102941,Other chains,45421,29.3527,-85.933,3.63
ST-102942,Blue Ridge Roasters,46128,45.1483,-92.096,3.63
ST-102943,Other chains,54221,34.1104,-89.0997,5.19
ST-102944,Blue Ridge Roasters,36958,38.572,-71.0926,4.33
ST-102945,Independent,32443,39.936,-109.223,4.47
ST-102946,Blue Ridge Roasters,24459,38.8987,-83.8024,3.59
ST-102947,Blue Ridge Roasters,36799,46.107,-69.6011,4.35
ST-102948,Blue Ridge Roasters,42334,39.9619,-78.4378,3.63
ST-102949,Other chains,40989,30.3641,-91.5674,3.9
ST-102950,Other chains,31257,41.3006,-92.134,4.16
ST-102951,Other chains,30415,38.5035,-115.5478,3.54
ST-102952,Cardinal Coffee Co.,06529,42.5992,-124.3077,5.89
ST-102953,Blue Ridge Roasters,01723,34.7188,-88.2734,4.46
ST-102954,Cardinal Coffee Co.,27723,35.9233,-82.3709,5.07
ST-102955,Independent,24156,33.876,-80.1949,3.8
ST-102956,Other chains,35210,38.4627,-108.8489,4.09
ST-102957,Other chains,50355,41.6113,-73.7103,4.96
ST-102958,Independent,38655,41.7468,-80.3066,4.08
ST-102959,Other chains,39746,44.5962,-95.361,4.14
ST-102960,Other chains,40431,35.4334,-90.789,3.97
ST-102961,Blue Ridge Roasters,54053,30.2508,-78.2542,4.06
ST-102962,Other chains,54243,32.3242,-84.8344,3.51
ST-102963,Independent,10355,31.1544,-89.0271,3.6
ST-102964,Independent,38071,35.9545,-85.6885,4.44
ST-102965,Independent,34997,41.1719,-77.1308,5.71
ST-102966,Blue Ridge Roasters,55590,46.5343,-94.0252,4.34
ST-102967,Independent,32658,33.8639,-117.1921,4.6
ST-102968,Other chains,01274,32.4278,-83.0707,3.98
ST-102969,Independent,20003,40.8316,-87.7651,3.83
ST-102970,Independent,04408,39.8632,-102.8995,5.04
ST-102971,Cardinal Coffee Co.,25066,38.6118,-76.2405,4.39
ST-102972,Independent,18581,36.7247,-90.8429,4.25
ST-102973,Other chains,39541,36.8642,-80.3622,4.88
ST-102974,Independent,30726,42.9928,-106.0861,5.73
ST-102975,Other chains,45322,29.5519,-84.1306,4.13
ST-102976,Cardinal Coffee Co.,54990,31.0013,-94.3661,3.96
ST-102977,Independent,42175,47.8139,-79.3711,5.29
ST-102978,Independent,29138,38.7972,-95.3246,4.51
ST-102979,Independent,13848,33.5272,-84.7813,3.83
ST-102980,Other chains,39397,44.1914,-92.05,4.14
ST-102981,Cardinal Coffee Co.,30778,42.0472,-102.3826,4.34
ST-102982,Blue Ridge Roasters,49087,35.0053,-121.4286,3.71
ST-102983,Independent,01357,30.3599,-91.968,3.64
ST-102984,Other chains,10725,33.4071,-83.5322,3.91
ST-102985,Independent,04408,44.7871,-108.8714,5.15
ST-102986,Cardinal Coffee Co.,45421,30.2155,-100.5228,4.6
ST-102987,Other chains,37280,31.0192,-95.4125,3.53
ST-102988,Independent,16149,40.2587,-113.5816,5.6
ST-102989,Blue Ridge Roasters,20713,42.859,-80.8637,3.78
ST-102990,Independent,35005,41.0408,-100.6734,4.91
ST-102991,Independent,50750,38.9609,-76.987,4.19
ST-102992,Other chains,54990,30.9039,-86.0239,3.58
ST-102993,Cardinal Coffee Co.,30566,39.6465,-117.0212,3.45
ST-102994,Other chains,45242,36.2869,-81.2008,3.82
ST-102995,Blue Ridge Roasters,05321,31.7845,-75.8288,4.34
ST-102996,Independent,54245,32.4331,-77.4639,4.18
ST-102997,Cardinal Coffee Co.,09212,38.4222,-74.674,3.7
ST-102998,Blue Ridge Roasters,26512,46.5897,-94.0312,3.86
ST-102999,Independent,38895,41.4628,-88.9508,3.84
ST-103000,Blue Ridge Roasters,54681,35.7333,-76.7153,3.57
ST-103001,Cardinal Coffee Co.,10841,32.5897,-87.4031,4.45
ST-103002,Other chains,38432,41.2558,-99.8926,4.21
ST-103003,Independent,06524,34.4991,-114.1601,4.31
ST-103004,Other chains,17740,34.5477,-90.6742,4.64
ST-103005,Independent,24549,36.2557,-95.9278,3.56
ST-103006,Independent,40431,32.7342,-83.6078,3.97
ST-103007,Independent,20305,41.6193,-85.964,3.75
ST-103008,Other chains,54729,28.7528,-73.8406,3.63
ST-103009,Independent,40677,29.7908,-92.9943,4.06
ST-103010,Blue Ridge Roasters,34731,44.6869,-70.1169,4.4
ST-103011,Independent,30590,44.2204,-106.199,4.42
ST-103012,Cardinal Coffee Co.,30491,37.1362,-108.8823,4.66
ST-103013,Other chains,05689,34.5144,-91.0408,4.43
ST-103014,Independent,35005,39.5701,-118.3896,4.84
ST-103015,Other chains,49342,38.6384,-111.4168,4.2
ST-103016,Independent,27723,46.5559,-88.4589,4.24
ST-103017,Independent,24622,31.1404,-88.3566,3.8
ST-103018,Cardinal Coffee Co.,51812,36.2221,-77.2502,3.43
ST-103019,Cardinal Coffee Co.,31823,42.1443,-91.4045,3.91
ST-103020,Independent,20554,40.9493,-100.3622,4.41
ST-103021,Blue Ridge Roasters,09186,45.6161,-75.8443,4.26
ST-103022,Independent,48481,33.3704,-82.1184,3.77
ST-103023,Blue Ridge Roasters,35810,38.7107,-109.9482,3.55
ST-103024,Cardinal Coffee Co.,35810,43.1383,-109.9947,3.87
ST-103025,Other chains,20379,44.7478,-80.0361,4.11
ST-103026,Blue Ridge Roasters,19653,44.6059,-95.6887,4.24
ST-103027,Cardinal Coffee Co.,28802,20.8366,-87.5423,3.68
ST-103028,Cardinal Coffee Co.,47638,33.8205,-75.7297,4.17
ST-103029,Independent,16131,39.6364,-123.8041,4.21
ST-103030,Independent,30900,38.8954,-112.3222,4.17
ST-103031,Other chains,56915,40.8293,-104.6265,5.04
ST-103032,Independent,06585,39.7817,-104.7159,4.75
ST-103033,Other chains,08259,41.0334,-108.0393,4.04
ST-103034,Independent,12855,31.6961,-80.8874,3.63
ST-103035,Other chains,50493,45.9945,-80.7461,5.61
ST-103036,Independent,36567,43.8368,-66.2609,5.07
ST-103037,Other chains,51849,34.1276,-92.2004,3.49
ST-103038,Cardinal Coffee Co.,55521,42.4811,-95.8425,4.83
ST-103039,Independent,34536,44.9718,-72.1728,5.52
ST-103040,Cardinal Coffee Co.,02471,42.0651,-114.9581,4.23
ST-103041,Cardinal Coffee Co.,20687,40.6617,-87.7598,3.75
ST-103042,Independent,30976,41.9709,-109.4154,4.94
ST-103043,Independent,16874,39.5222,-101.3313,4.65
ST-103044,Cardinal Coffee Co.,01131,38.2508,-82.3977,3.5
ST-103045,Other chains,54849,35.7932,-88.7112,3.87
ST-103046,Independent,20687,39.1232,-84.9411,4.65
ST-103047,Other chains,40677,39.4921,-89.9905,4.08
ST-103048,Independent,55521,34.6939,-83.5211,4.15
ST-103049,Independent,30976,40.9121,-111.6122,4.8
ST-103050,Cardinal Coffee Co.,38575,38.9113,-86.5967,3.75
ST-103051,Independent,17618,46.6465,-99.6839,0.0
ST-103052,Independent,45823,33.2584,-98.5045,3.64
ST-103053,Blue Ridge Roasters,48876,30.1186,-94.0085,4.17
ST-103054,Independent,51849,31.7005,-74.5254,3.41
ST-103055,Independent,05321,30.3582,-91.8889,3.91
ST-103056,Cardinal Coffee Co.,25150,40.5827,-70.1061,4.44
ST-103057,Blue Ridge Roasters,01647,31.5141,-88.8514,3.78
ST-103058,Other chains,55014,38.7465,-90.4402,3.97
ST-103059,Cardinal Coffee Co.,20350,41.8102,-89.2683,0.0
ST-103060,Blue Ridge Roasters,36567,42.6737,-64.6373,4.39
ST-103061,Independent,29138,38.0111,-85.493,4.32
ST-103062,Other chains,38568,36.0252,-86.6898,5.28
ST-103063,Independent,51575,33.4329,-77.2198,0.0
ST-103064,Independent,26236,42.5958,-92.7992,3.99
ST-103065,Other chains,39588,43.1907,-82.5899,4.44
ST-103066,Other chains,21536,34.1535,-79.5922,3.49
ST-103067,Cardinal Coffee Co.,25021,46.2182,-69.1606,4.3
ST-103068,Independent,05674,35.4912,-85.9301,3.63
ST-103069,Independent,16868,47.0395,-114.6239,4.37
ST-103070,Blue Ridge Roasters,40175,41.8019,-90.2189,3.94
ST-103071,Other chains,49336,33.7257,-116.8431,3.45
ST-103072,Blue Ridge Roasters,50156,34.9086,-80.0021,4.68
ST-103073,Independent,36465,41.4778,-72.2989,4.96
ST-103074,Independent,24284,34.0127,-86.37,4.05
ST-103075,Cardinal Coffee Co.,06478,38.7723,-109.4116,4.36
ST-103076,Cardinal Coffee Co.,53908,41.1107,-109.0727,3.91
ST-103077,Independent,34478,40.6893,-80.8585,0.0
ST-103078,Independent,49274,36.9181,-118.5386,4.87
ST-103079,Independent,38013,39.3713,-90.372,3.71
ST-103080,Independent,55069,40.3995,-93.6507,3.89
ST-103081,Blue Ridge Roasters,50827,44.0305,-79.7825,5.57
ST-103082,Independent,41274,37.5398,-101.8259,4.07
ST-103083,Cardinal Coffee Co.,42203,40.6331,-83.7001,4.05
ST-103084,Other chains,04438,40.7107,-99.8616,4.74
ST-103085,Other chains,01274,31.9036,-83.2667,3.74
ST-103086,Other chains,37993,35.8501,-79.0826,4.11
ST-103087,Independent,45979,29.7415,-79.79,4.65
ST-103088,Independent,49071,35.5909,-108.2982,4.29
ST-103089,Independent,20225,41.9139,-79.029,4.17
ST-103090,Cardinal Coffee Co.,34997,42.7129,-80.9945,5.29
ST-103091,Independent,51079,29.9051,-85.9383,3.33
ST-103092,Independent,18581,45.0308,-94.1171,4.13
ST-103093,Independent,34448,47.2748,-84.6765,5.65
ST-103094,Independent,55308,39.1164,-92.9674,3.96
ST-103095,Cardinal Coffee Co.,19919,45.4619,-77.7647,3.57
ST-103096,Cardinal Coffee Co.,33283,34.3536,-75.5408,4.08
ST-103097,Blue Ridge Roasters,34814,44.7283,-62.5989,4.86
ST-103098,Other chains,41267,36.4267,-99.485,4.61
ST-103099,Independent,20296,43.9282,-71.0292,4.52
ST-103100,Independent,49410,36.1162,-100.567,5.1
ST-103101,Independent,08259,38.7945,-97.8512,6.6
ST-103102,Cardinal Coffee Co.,34384,39.0697,-72.549,4.28
ST-103103,Cardinal Coffee Co.,40416,31.8584,-83.63,4.16
ST-103104,Independent,01271,37.9898,-83.231,3.38
ST-103105,Other chains,48152,32.1762,-84.9996,3.85
ST-103106,Independent,42205,47.8309,-73.602,4.38
ST-103107,Independent,39901,39.8426,-84.4869,4.99
ST-103108,Cardinal Coffee Co.,25684,45.9753,-77.2949,4.99
ST-103109,Other chains,24156,27.6229,-93.2657,3.76
ST-103110,Cardinal Coffee Co.,53503,38.1405,-109.8183,3.91
ST-103111,Other chains,05090,30.8917,-89.1568,3.9
ST-103112,Independent,28802,37.1131,-88.5356,3.67
ST-103113,Cardinal Coffee Co.,30579,39.5557,-112.8565,3.67
ST-103114,Other chains,28201,26.2358,-87.2329,3.68
ST-103115,Blue Ridge Roasters,34717,37.5696,-67.8397,3.94
ST-103116,Independent,49075,35.962,-113.0004,5.96
ST-103117,Other chains,19919,43.8022,-82.0373,3.84
ST-103118,Independent,50289,43.915,-73.2639,4.59
ST-103119,Blue Ridge Roasters,51575,31.5988,-85.5312,4.77
ST-103120,Other chains,06482,37.3545,-111.0507,4.91
ST-103121,Other chains,55659,43.1492,-96.7498,4.0
ST-103122,Other chains,13820,29.1114,-82.9715,3.9
ST-103123,Other chains,09745,42.873,-69.4049,4.17
ST-103124,Independent,34478,42.6176,-68.5549,5.12
ST-103125,Other chains,44218,40.6762,-82.613,4.87
ST-103126,Blue Ridge Roasters,48849,33.693,-94.1139,3.65
ST-103127,Cardinal Coffee Co.,35996,39.3063,-115.2209,3.72
ST-103128,Blue Ridge Roasters,50008,42.9923,-66.192,3.65
ST-103129,Other chains,20305,36.9977,-87.6741,3.77
ST-103130,Cardinal Coffee Co.,46550,42.8435,-93.6482,3.77
ST-103131,Other chains,42068,44.5798,-83.2176,3.88
ST-103132,Independent,10030,33.4629,-89.1039,4.05
ST-103133,Independent,05972,34.3036,-89.5093,3.71
ST-103134,Blue Ridge Roasters,13848,32.1702,-79.3863,3.39
ST-103135,Independent,18166,43.674,-82.9247,4.4
ST-103136,Cardinal Coffee Co.,21327,32.6957,-91.2994,3.81
ST-103137,Independent,50908,38.0562,-69.981,4.49
ST-103138,Blue Ridge Roasters,25190,43.9606,-70.5955,3.69
ST-103139,Independent,35988,34.0976,-119.0781,0.0
ST-103140,Independent,56612,39.8483,-112.5029,4.88
ST-103141,Cardinal Coffee Co.,08397,37.8473,-109.9551,3.4
ST-103142,Independent,41272,37.6556,-111.0206,5.6
ST-103143,Independent,28271,33.016,-95.2632,3.46
ST-103144,Independent,16066,36.8721,-111.2129,4.52
ST-103145,Independent,54478,34.0366,-81.1824,4.88
ST-103146,Cardinal Coffee Co.,42203,41.6704,-65.0224,3.83
ST-103147,Independent,34731,39.6481,-78.5127,4.91
ST-103148,Independent,50008,45.5145,-77.7727,4.26
ST-103149,Cardinal Coffee Co.,50355,42.1143,-75.7532,4.34
ST-103150,Blue Ridge Roasters,39541,42.8924,-87.2527,4.02
ST-103151,Cardinal Coffee Co.,51218,36.7498,-84.4179,3.93
ST-103152,Independent,16149,43.2005,-108.3742,4.97
ST-103153,Other chains,22732,34.2394,-91.7511,4.45
ST-103154,Blue Ridge Roasters,25150,40.592,-72.1189,4.04
ST-103155,Independent,45823,28.2109,-89.4533,3.55
ST-103156,Other chains,39746,41.6201,-89.86,4.18
ST-103157,Cardinal Coffee Co.,42203,44.7838,-64.2519,4.24
ST-103158,Cardinal Coffee Co.,31273,42.0629,-97.3895,4.24
ST-103159,Other chains,39471,30.6662,-90.6768,3.94
ST-103160,Independent,19653,43.6102,-96.6479,4.14
ST-103161,Other chains,16759,41.7945,-111.0816,4.04
ST-103162,Cardinal Coffee Co.,45979,31.5963,-78.7106,3.63
ST-103163,Independent,01665,35.4651,-83.9821,4.97
ST-103164,Independent,50493,43.3839,-75.2003,6.64
ST-103165,Independent,06478,36.9435,-104.0296,6.28
ST-103166,Other chains,48234,36.3139,-83.017,4.14
ST-103167,Independent,31938,37.1976,-84.0826,4.12
ST-103168,Independent,48876,32.3283,-80.7085,4.7
ST-103169,Cardinal Coffee Co.,48163,32.029,-102.2574,4.09
ST-103170,Cardinal Coffee Co.,37280,30.0237,-85.46,4.25
ST-103171,Independent,44042,42.4114,-80.9684,5.06
ST-103172,Other chains,22732,36.4311,-89.9759,3.82
ST-103173,Blue Ridge Roasters,36872,45.2432,-65.6525,3.87
ST-103174,Other chains,50493,43.671,-76.7488,5.31
ST-103175,Independent,09883,36.4122,-63.1446,5.23
ST-103176,Independent,16745,34.9921,-120.4461,4.2
ST-103177,Cardinal Coffee Co.,17359,41.4985,-95.502,4.7
ST-103178,Independent,29729,40.8973,-84.4259,5.44
ST-103179,Blue Ridge Roasters,39541,39.5058,-91.0482,3.94
ST-103180,Independent,02364,44.716,-110.156,4.44
ST-103181,Other chains,40125,32.8176,-85.6738,3.68
ST-103182,Other chains,30168,40.6272,-112.8555,4.6
ST-103183,Other chains,39541,43.9637,-90.8254,3.76
ST-103184,Other chains,25114,41.6649,-73.423,4.42
ST-103185,Other chains,10725,40.2732,-81.1502,4.27
ST-103186,Blue Ridge Roasters,18581,38.1789,-79.3135,4.32
ST-103187,Blue Ridge Roasters,30082,37.1818,-113.2151,3.48
ST-103188,Other chains,30590,36.1715,-114.3618,4.89
ST-103189,Other chains,51898,37.188,-88.1348,3.84
ST-103190,Other chains,30491,41.4063,-103.1813,4.73
ST-103191,Other chains,10841,30.8675,-80.8581,3.78
ST-103192,Independent,38575,38.4084,-100.3942,4.69
ST-103193,Other chains,05001,36.6547,-96.6587,4.29
ST-103194,Other chains,33772,42.5851,-79.4803,4.06
ST-103195,Cardinal Coffee Co.,41078,43.2313,-110.6191,4.72
ST-103196,Other chains,25340,41.3196,-74.7008,4.41
ST-103197,Blue Ridge Roasters,31273,42.5346,-85.9113,3.74
ST-103198,Other chains,28275,33.4007,-86.0527,4.27
ST-103199,Independent,50604,39.6277,-66.1155,5.89
ST-103200,Other chains,33072,41.0676,-69.8673,4.01
ST-103201,Independent,51660,28.9471,-84.5345,3.69
ST-103202,Independent,42062,42.9823,-67.628,4.4
ST-103203,Independent,47588,34.7837,-94.8934,3.64
ST-103204,Blue Ridge Roasters,19471,43.9705,-89.5104,4.03
ST-103205,Independent,17359,42.9996,-88.1749,4.46
ST-103206,Other chains,38911,40.6154,-85.3878,4.6
ST-103207,Blue Ridge Roasters,30579,43.6559,-122.291,3.67
ST-103208,Other chains,16137,41.6769,-113.5624,3.28
ST-103209,Independent,50289,45.6656,-72.0972,5.22
ST-103210,Independent,16286,43.3539,-109.137,4.7
ST-103211,Other chains,24682,32.1232,-77.8832,3.99
ST-103212,Cardinal Coffee Co.,47323,33.6636,-80.431,4.33
ST-103213,Blue Ridge Roasters,54574,34.8237,-85.3651,4.13
ST-103214,Other chains,51575,29.0526,-80.9502,3.97
ST-103215,Other chains,41078,35.6191,-113.2082,4.94
ST-103216,Cardinal Coffee Co.,05689,28.6021,-84.1194,3.91
ST-103217,Other chains,05674,32.1757,-80.2312,3.88
ST-103218,Cardinal Coffee Co.,38568,40.0,-89.2718,5.24
ST-103219,Cardinal Coffee Co.,36172,37.193,-72.3281,3.45
ST-103220,Independent,05972,32.9481,-79.2321,4.37
ST-103221,Independent,42589,41.2131,-70.227,4.6
ST-103222,Independent,55308,44.5467,-81.5992,4.47
ST-103223,Other chains,09805,47.5389,-60.5293,3.66
ST-103224,Cardinal Coffee Co.,39828,42.3694,-84.7824,3.63
ST-103225,Independent,22732,30.4101,-87.7678,4.42
ST-103226,Cardinal Coffee Co.,28278,34.4402,-81.9291,3.48
ST-103227,Independent,47288,32.5279,-82.1871,3.63
ST-103228,Independent,25340,40.7796,-70.8189,5.4
ST-103229,Other chains,10355,29.9152,-76.0299,4.26
ST-103230,Blue Ridge Roasters,55534,39.6073,-99.1047,3.95
ST-103231,Independent,22755,31.9666,-75.917,3.73
ST-103232,Blue Ridge Roasters,10745,34.9123,-73.8975,4.74
ST-103233,Independent,45467,34.0331,-81.5916,3.54
ST-103234,Other chains,12252,37.9767,-81.4472,3.97
ST-103235,Other chains,49276,41.023,-113.4499,4.63
ST-103236,Cardinal Coffee Co.,05090,33.7729,-84.9621,4.26
ST-103237,Cardinal Coffee Co.,37280,31.5813,-80.8123,4.56
ST-103238,Independent,24195,29.3876,-81.1987,3.63
ST-103239,Blue Ridge Roasters,50685,39.7903,-70.1757,4.06
ST-103240,Independent,30855,36.9005,-108.24,5.21
ST-103241,Independent,55025,33.3173,-83.6097,4.81
ST-103242,Other chains,20225,37.9741,-84.2801,4.21
ST-103243,Blue Ridge Roasters,30566,43.8066,-118.1461,3.49
ST-103244,Blue Ridge Roasters,48434,33.6058,-80.0064,5.68
ST-103245,Independent,23615,40.3704,-63.3485,5.23
ST-103246,Other chains,50552,42.6954,-74.6598,4.27
ST-103247,Independent,44130,35.6398,-65.5031,5.31
ST-103248,Blue Ridge Roasters,45364,33.3463,-90.5038,3.89
ST-103249,Other chains,25190,45.3325,-74.6786,4.36
ST-103250,Blue Ridge Roasters,49681,38.6367,-115.8469,3.25
ST-103251,Other chains,49873,33.684,-103.7247,4.32
ST-103252,Independent,21536,31.2582,-75.1571,3.53
ST-103253,Cardinal Coffee Co.,40493,36.3378,-85.5952,4.16
ST-103254,Other chains,17852,41.7759,-81.9736,3.72
ST-103255,Blue Ridge Roasters,34478,37.2451,-64.5962,5.0
ST-103256,Cardinal Coffee Co.,10265,39.6029,-85.1975,4.07
ST-103257,Blue Ridge Roasters,36782,37.7386,-73.7215,3.4
ST-103258,Other chains,36699,40.7712,-70.0983,4.35
ST-103259,Other chains,29613,37.8878,-94.0552,4.33
ST-103260,Cardinal Coffee Co.,42334,38.392,-73.8394,3.4
ST-103261,Other chains,54053,31.1435,-72.1433,4.29
ST-103262,Cardinal Coffee Co.,12038,34.4085,-88.0001,4.12
ST-103263,Cardinal Coffee Co.,06544,42.8716,-106.877,4.08
ST-103264,Independent,12252,31.3415,-81.8572,3.77
ST-103265,Cardinal Coffee Co.,56007,35.9696,-112.9826,3.96
ST-103266,Other chains,05505,33.9359,-83.6701,5.34
ST-103267,Cardinal Coffee Co.,02346,40.5239,-101.4843,4.12
ST-103268,Independent,10447,33.2211,-81.6784,3.67
ST-103269,Blue Ridge Roasters,39471,41.8272,-84.7411,3.94
ST-103270,Other chains,32616,38.6623,-102.3948,4.69
ST-103271,Other chains,55014,41.2945,-90.7365,3.96
ST-103272,Independent,25066,40.955,-80.7815,5.0
ST-103273,Independent,27371,44.2107,-78.3899,4.45
ST-103274,Blue Ridge Roasters,29918,47.6854,-88.1809,3.85
ST-103275,Independent,18166,41.539,-83.6384,4.19
ST-103276,Other chains,51849,32.4803,-89.574,4.87
ST-103277,Blue Ridge Roasters,49507,39.7676,-109.6688,4.89
ST-103278,Blue Ridge Roasters,19170,39.0262,-95.5816,4.59
ST-103279,Independent,48849,34.7949,-84.6176,3.62
ST-103280,Blue Ridge Roasters,27891,42.3235,-92.8875,5.25
ST-103281,Other chains,16454,37.7386,-117.2659,4.02
ST-103282,Blue Ridge Roasters,50604,44.2062,-76.3187,5.59
ST-103283,Independent,36465,41.557,-88.2603,0.0
ST-103284,Independent,12334,29.5898,-91.9594,3.35
ST-103285,Other chains,48340,33.5548,-80.3055,3.96
ST-103286,Other chains,41803,39.711,-109.914,4.44
ST-103287,Independent,12002,35.3813,-91.4451,4.2
ST-103288,Cardinal Coffee Co.,41245,41.4946,-108.7128,4.51
ST-103289,Independent,40827,32.1723,-90.2693,3.66
ST-103290,Cardinal Coffee Co.,25684,40.0837,-70.1682,5.86
ST-103291,Independent,34717,41.5052,-75.1938,4.28
ST-103292,Other chains,50134,42.5899,-76.4507,4.19
ST-103293,Other chains,19589,42.4513,-89.5464,4.36
ST-103294,Independent,47310,33.4042,-69.6428,4.12
ST-103295,Blue Ridge Roasters,39830,40.7277,-93.5528,4.35
ST-103296,Independent,54221,35.4905,-83.6406,3.52
ST-103297,Independent,22025,30.4771,-80.3118,3.83
ST-103298,Independent,13820,39.9382,-90.7745,3.51
ST-103299,Independent,54221,34.7892,-94.5655,4.12
ST-103300,Other chains,29020,37.6175,-92.6066,4.29
ST-103301,Independent,31053,41.5557,-84.4432,4.1
ST-103302,Other chains,37166,34.8181,-87.052,4.29
ST-103303,Independent,37280,31.4519,-86.3866,4.22
ST-103304,Blue Ridge Roasters,38013,36.5146,-83.5354,4.56
ST-103305,Blue Ridge Roasters,27723,37.8828,-93.8381,4.47
ST-103306,Other chains,24126,34.1263,-85.5325,4.13
ST-103307,Independent,24195,27.2362,-94.083,3.65
ST-103308,Independent,42203,37.152,-72.5757,4.76
ST-103309,Other chains,48463,34.1105,-83.623,4.64
ST-103310,Other chains,32308,38.3324,-107.2268,3.8
ST-103311,Cardinal Coffee Co.,42334,39.4127,-81.3715,3.51
ST-103312,Independent,30168,37.5158,-113.1513,5.44
ST-103313,Independent,44130,37.0876,-82.1708,4.21
ST-103314,Other chains,24126,33.9534,-86.4766,3.66
ST-103315,Cardinal Coffee Co.,24549,30.0804,-76.1093,4.54
ST-103316,Cardinal Coffee Co.,09756,39.8927,-76.4245,4.96
ST-103317,Independent,08453,40.0404,-120.1955,5.31
ST-103318,Independent,47515,31.7301,-89.0793,3.89
ST-103319,Other chains,02659,36.886,-121.6657,3.5
ST-103320,Other chains,20019,35.0317,-96.7746,3.75
ST-103321,Independent,49276,40.1023,-107.9741,4.47
ST-103322,Other chains,53297,39.237,-120.6777,4.39
ST-103323,Cardinal Coffee Co.,24459,30.9478,-83.126,5.0
ST-103324,Independent,27489,37.8878,-88.8455,4.16
ST-103325,Blue Ridge Roasters,37136,32.5383,-88.1892,3.81
ST-103326,Other chains,48152,33.9414,-83.6359,4.46
ST-103327,Independent,30566,39.2933,-117.626,3.99
ST-103328,Cardinal Coffee Co.,10841,37.4142,-79.9549,3.79
ST-103329,Cardinal Coffee Co.,27756,43.1143,-93.19,4.03
ST-103330,Independent,25356,41.1782,-76.8182,4.9
ST-103331,Other chains,45421,34.7148,-88.0321,3.59
ST-103332,Independent,04569,39.146,-107.8632,4.8
ST-103333,Blue Ridge Roasters,36993,41.6356,-71.2333,4.74
ST-103334,Cardinal Coffee Co.,05972,36.3891,-100.7302,4.86
ST-103335,Cardinal Coffee Co.,56444,36.3058,-110.4745,3.84
ST-103336,Blue Ridge Roasters,42071,41.5699,-84.9676,4.24
ST-103337,Cardinal Coffee Co.,23444,45.0691,-76.5479,5.23
ST-103338,Other chains,54550,33.427,-85.649,4.27
ST-103339,Other chains,40416,31.3928,-87.1123,5.52
ST-103340,Other chains,36993,36.3815,-71.4951,3.83
ST-103341,Independent,02506,32.189,-107.6795,4.72
ST-103342,Blue Ridge Roasters,10977,38.7285,-89.6408,3.7
ST-103343,Blue Ridge Roasters,49655,39.9255,-116.8588,3.57
ST-103344,Independent,30491,37.2478,-112.2158,5.34
ST-103345,Other chains,35237,40.0484,-121.2624,5.04
ST-103346,Independent,54849,29.657,-87.8619,3.43
ST-103347,Independent,27756,40.0064,-80.9115,6.12
ST-103348,Independent,22969,29.6772,-94.0378,4.42
ST-103349,Independent,44867,37.2602,-76.5407,5.22
ST-103350,Independent,05041,26.185,-88.5538,4.66
ST-103351,Cardinal Coffee Co.,34808,36.707,-62.4684,4.62
ST-103352,Cardinal Coffee Co.,48915,35.5639,-88.2272,3.97
ST-103353,Independent,25150,38.5394,-77.3789,4.5
ST-103354,Independent,20687,42.6047,-95.1846,3.97
ST-103355,Other chains,29110,43.8699,-88.9441,4.35
ST-103356,Independent,05108,32.5497,-83.379,3.86
ST-103357,Blue Ridge Roasters,02604,38.1043,-117.3149,4.8
ST-103358,Blue Ridge Roasters,25340,41.8991,-68.5677,4.2
ST-103359,Cardinal Coffee Co.,53503,37.7501,-110.3736,3.96
ST-103360,Other chains,06585,42.6117,-106.8886,4.85
ST-103361,Cardinal Coffee Co.,38911,46.6296,-90.9688,3.99
ST-103362,Other chains,24622,36.8494,-83.5409,3.9
ST-103363,Other chains,47638,26.0453,-86.2786,3.72
ST-103364,Independent,33723,40.1889,-65.7539,4.74
ST-103365,Independent,51236,32.5125,-84.3024,4.33
ST-103366,Independent,34384,42.8892,-74.4475,5.05
ST-103367,Blue Ridge Roasters,49342,33.8181,-114.7495,3.64
ST-103368,Blue Ridge Roasters,49853,33.7697,-115.0958,3.42
ST-103369,Independent,30400,42.9204,-110.5737,0.0
ST-103370,Independent,45242,30.8226,-80.0825,4.18
ST-103371,Independent,05770,28.0378,-89.1073,3.73
ST-103372,Cardinal Coffee Co.,30726,35.6891,-111.2405,5.87
ST-103373,Cardinal Coffee Co.,26948,42.1714,-87.895,4.81
ST-103374,Other chains,50604,39.0324,-72.3498,5.24
ST-103375,Independent,54221,33.2249,-95.245,3.71
ST-103376,Blue Ridge Roasters,39541,38.0638,-94.5484,3.66
ST-103377,Other chains,55521,35.7674,-97.1951,4.03
ST-103378,Cardinal Coffee Co.,50827,45.7731,-74.3027,5.31
ST-103379,Cardinal Coffee Co.,48152,33.6946,-90.4058,3.83
ST-103380,Blue Ridge Roasters,31273,39.9987,-91.9774,0.0
ST-103381,Independent,19996,39.4359,-96.1657,4.6
ST-103382,Other chains,50008,45.8947,-76.9194,3.82
ST-103383,Cardinal Coffee Co.,19919,42.7746,-95.7446,4.74
ST-103384,Cardinal Coffee Co.,06524,42.4404,-107.4525,3.98
ST-103385,Blue Ridge Roasters,46550,39.2489,-86.1246,4.07
ST-103386,Blue Ridge Roasters,05770,32.652,-84.0986,4.62
ST-103387,Independent,10112,33.7066,-86.8117,3.29
ST-103388,Other chains,29303,39.3498,-101.2261,4.1
ST-103389,Blue Ridge Roasters,32616,38.7134,-114.7492,4.66
ST-103390,Independent,01647,30.7492,-89.5687,3.65
ST-103391,Blue Ridge Roasters,22969,33.6972,-83.5164,0.0
ST-103392,Other chains,25114,37.5358,-70.7818,5.89
ST-103393,Independent,33263,43.2159,-72.5522,4.57
ST-103394,Blue Ridge Roasters,06482,39.9321,-104.4218,3.72
ST-103395,Cardinal Coffee Co.,41245,38.3901,-115.4099,4.2
ST-103396,Other chains,30566,40.3486,-115.6587,3.76
ST-103397,Cardinal Coffee Co.,56197,37.9052,-105.7727,3.55
ST-103398,Other chains,09186,39.4896,-73.5027,4.41
ST-103399,Independent,49336,40.6312,-113.482,3.94
ST-103400,Other chains,51812,34.261,-73.9209,3.97
ST-103401,Other chains,30590,37.4782,-108.5336,5.03
ST-103402,Blue Ridge Roasters,42589,39.7208,-75.6433,4.16
ST-103403,Cardinal Coffee Co.,27876,40.4511,-93.1157,3.99
ST-103404,Independent,40512,30.844,-77.0409,3.96
ST-103405,Blue Ridge Roasters,53775,43.5754,-110.758,4.2
ST-103406,Independent,37660,33.4494,-84.8529,4.15
ST-103407,Independent,31118,41.0438,-84.9423,4.37
ST-103408,Other chains,55765,38.2018,-83.7195,4.2
ST-103409,Independent,30726,41.217,-108.7008,6.39
ST-103410,Cardinal Coffee Co.,10841,30.6652,-79.6961,4.25
ST-103411,Independent,45421,30.5418,-82.2918,3.29
ST-103412,Independent,45648,34.8178,-81.6707,3.65
ST-103413,Blue Ridge Roasters,12855,33.662,-89.3898,3.51
ST-103414,Independent,47411,24.9897,-74.1379,3.61
ST-103415,Cardinal Coffee Co.,05041,32.0267,-92.4021,3.9
ST-103416,Other chains,16149,39.3766,-110.1437,3.74
ST-103417,Blue Ridge Roasters,49995,37.9812,-120.0206,4.17
ST-103418,Other chains,35237,39.4811,-112.5888,4.03
ST-103419,Cardinal Coffee Co.,40622,27.0709,-88.4278,3.97
ST-103420,Cardinal Coffee Co.,40770,24.0069,-84.1855,4.39
ST-103421,Independent,10725,29.5736,-82.9495,3.99
ST-103422,Independent,56197,39.8467,-117.738,4.3
ST-103423,Other chains,21651,22.8251,-85.1765,3.89
ST-103424,Cardinal Coffee Co.,48234,29.9694,-76.638,4.55
ST-103425,Blue Ridge Roasters,54849,26.7317,-92.8736,3.85
ST-103426,Other chains,12968,31.7721,-90.1243,3.98
ST-103427,Independent,40937,38.3737,-79.8355,4.06
ST-103428,Other chains,17627,40.3485,-88.5347,3.91
ST-103429,Independent,40937,32.1775,-84.0931,3.79
ST-103430,Other chains,28110,35.0177,-78.8662,3.89
ST-103431,Independent,09805,41.5639,-79.2644,5.11
ST-103432,Independent,41214,38.355,-115.116,4.37
ST-103433,Cardinal Coffee Co.,54681,35.2799,-88.8559,3.42
ST-103434,Independent,09883,42.9157,-76.5892,5.45
ST-103435,Other chains,53503,39.8659,-103.9629,3.63
ST-103436,Cardinal Coffee Co.,48849,32.0837,-95.2065,3.85
ST-103437,Independent,40125,31.4618,-92.1653,4.32
ST-103438,Independent,51635,35.2515,-93.1941,4.12
ST-103439,Other chains,16137,37.9906,-103.5898,3.48
ST-103440,Cardinal Coffee Co.,47310,36.1938,-88.6864,3.85
ST-103441,Other chains,45823,29.3586,-86.96,3.74
ST-103442,Independent,36835,45.8014,-84.1878,3.9
ST-103443,Other chains,48769,33.9161,-86.5743,3.63
ST-103444,Blue Ridge Roasters,51238,29.5944,-79.8009,3.74
ST-103445,Cardinal Coffee Co.,48234,34.0269,-83.4823,3.97
ST-103446,Independent,40493,30.5491,-85.6472,3.75
ST-103447,Independent,56612,39.1003,-121.3893,5.7
ST-103448,Other chains,40149,31.0401,-86.9677,3.93
ST-103449,Other chains,38071,40.6013,-88.1185,4.21
ST-103450,Independent,06524,41.8243,-117.9509,4.72
ST-103451,Other chains,21922,34.0555,-81.0707,4.16
ST-103452,Independent,53775,35.6239,-106.6896,4.72
ST-103453,Independent,30726,35.7957,-115.1719,5.63
ST-103454,Independent,30792,39.8123,-107.645,4.95
ST-103455,Blue Ridge Roasters,48463,33.5296,-85.6584,3.89
ST-103456,Independent,22025,30.4767,-78.1172,0.0
ST-103457,Blue Ridge Roasters,25423,46.2739,-62.2951,5.99
ST-103458,Independent,01203,34.9405,-91.562,3.97
ST-103459,Other chains,08259,37.1233,-107.3831,4.15
ST-103460,Other chains,37166,30.3332,-77.1702,4.42
ST-103461,Cardinal Coffee Co.,41943,38.3166,-117.8241,5.44
ST-103462,Independent,33723,40.5044,-77.9507,5.08
ST-103463,Other chains,27876,44.7685,-92.5183,5.06
ST-103464,Independent,12300,35.4536,-85.7967,3.57
ST-103465,Other chains,48463,32.6052,-87.1382,4.43
ST-103466,Blue Ridge Roasters,36465,43.5337,-75.6897,4.58
ST-103467,Independent,23444,43.9689,-69.4721,5.36
ST-103468,Independent,35210,39.1748,-123.3749,4.47
ST-103469,Other chains,22211,33.7079,-90.8434,5.04
ST-103470,Other chains,50216,43.2826,-70.4804,4.67
ST-103471,Cardinal Coffee Co.,25423,42.9628,-71.1833,4.65
ST-103472,Other chains,51079,30.1636,-91.3513,4.3
ST-103473,Other chains,42589,39.4669,-71.1418,3.87
ST-103474,Independent,10030,31.6342,-77.0388,3.43
ST-103475,Other chains,49087,36.88,-112.2942,3.66
ST-103476,Independent,38895,36.5807,-95.0478,5.2
ST-103477,Blue Ridge Roasters,28275,34.5279,-79.7503,3.81
ST-103478,Independent,23615,42.5392,-64.1617,6.03
ST-103479,Other chains,29138,36.9819,-94.3168,4.02
ST-103480,Other chains,35210,38.2772,-111.7645,3.95
ST-103481,Independent,05972,31.9471,-78.4591,3.85
ST-103482,Independent,16668,39.5458,-111.3078,4.62
ST-103483,Blue Ridge Roasters,38655,37.7542,-99.4838,4.43
ST-103484,Other chains,29914,36.938,-86.3395,4.09
ST-103485,Other chains,54856,34.0592,-90.8729,3.71
ST-103486,Independent,12252,27.8981,-92.6243,3.79
ST-103487,Blue Ridge Roasters,49336,38.302,-122.3665,3.7
ST-103488,Cardinal Coffee Co.,34536,40.5218,-67.3576,4.26
ST-103489,Blue Ridge Roasters,08134,38.6301,-117.0083,4.2
ST-103490,Blue Ridge Roasters,56111,39.7582,-110.0,4.48
ST-103491,Independent,40770,37.2957,-81.5263,3.85
ST-103492,Independent,29729,36.2015,-88.0291,4.08
ST-103493,Blue Ridge Roasters,21536,35.1297,-83.2206,4.48
ST-103494,Other chains,46595,33.4635,-86.7137,3.81
ST-103495,Independent,02285,43.1811,-111.1714,4.98
ST-103496,Independent,05770,26.3714,-89.561,3.56
ST-103497,Other chains,06482,46.3092,-117.096,4.04
ST-103498,Other chains,45085,31.3307,-85.6299,3.96
ST-103499,Blue Ridge Roasters,05654,36.3711,-85.757,3.73
ST-103500,Independent,48298,35.7525,-82.4241,3.63
ST-103501,Cardinal Coffee Co.,12038,31.1905,-78.3901,0.0
ST-103502,Blue Ridge Roasters,41214,37.9208,-109.9366,3.45
ST-103503,Cardinal Coffee Co.,39719,38.4885,-93.8653,4.74
ST-103504,Independent,53345,41.3621,-125.0869,4.16
ST-103505,Independent,16131,37.7296,-116.6136,5.39
ST-103506,Independent,02604,36.543,-120.0669,6.34
ST-103507,Cardinal Coffee Co.,47617,34.1118,-89.3822,3.92
ST-103508,Blue Ridge Roasters,30430,36.3085,-110.5463,4.55
ST-103509,Independent,55521,40.0131,-88.4937,4.72
ST-103510,Blue Ridge Roasters,06524,39.3213,-100.8509,3.67
ST-103511,Other chains,36835,39.5727,-71.6015,3.52
ST-103512,Independent,18877,39.5254,-77.545,5.1
ST-103513,Cardinal Coffee Co.,28723,37.1049,-80.7092,4.36
ST-103514,Cardinal Coffee Co.,17125,40.3873,-82.4858,4.03
ST-103515,Independent,39320,39.9211,-91.1534,4.33
ST-103516,Other chains,35005,38.4746,-118.4471,4.13
ST-103517,Other chains,18581,42.3634,-91.6938,4.0
ST-103518,Independent,37076,29.3984,-85.0712,4.05
ST-103519,Independent,34717,42.7816,-78.269,4.41
ST-103520,Independent,41214,39.7675,-118.0069,4.73
ST-103521,Independent,30726,33.634,-109.499,5.37
ST-103522,Blue Ridge Roasters,28287,37.8828,-91.0324,4.18
ST-103523,Other chains,48496,36.8824,-94.201,3.8
ST-103524,Other chains,30855,36.5983,-118.7325,4.29
ST-103525,Independent,49655,35.6327,-113.4061,4.34
ST-103526,Blue Ridge Roasters,51279,33.1842,-90.9455,4.12
ST-103527,Independent,48876,28.2224,-86.3685,3.68
ST-103528,Blue Ridge Roasters,56197,43.0928,-108.3973,3.98
ST-103529,Independent,38575,39.5946,-85.5533,4.22
ST-103530,Other chains,32428,43.8654,-115.965,4.29
ST-103531,Other chains,29613,38.5268,-96.8236,3.9
ST-103532,Independent,06542,38.6634,-115.4537,5.21
ST-103533,Cardinal Coffee Co.,50118,45.3016,-70.5661,4.84
ST-103534,Blue Ridge Roasters,42589,40.5303,-69.1648,3.94
ST-103535,Other chains,53297,39.8163,-109.8827,5.4
ST-103536,Blue Ridge Roasters,41274,42.278,-104.7914,4.62
ST-103537,Independent,30579,37.3319,-101.6248,4.12
ST-103538,Cardinal Coffee Co.,16131,35.2148,-114.8994,3.57
ST-103539,Independent,54772,28.1239,-76.0806,4.21
ST-103540,Cardinal Coffee Co.,39164,42.7503,-90.5633,4.45
ST-103541,Independent,50279,42.6663,-68.3809,4.83
ST-103542,Cardinal Coffee Co.,40455,35.685,-80.7486,4.07
ST-103543,Other chains,29303,40.1779,-100.8624,4.2
ST-103544,Independent,02346,34.7078,-117.7974,4.9
ST-103545,Blue Ridge Roasters,09805,34.4417,-81.8277,3.97
ST-103546,Other chains,42602,50.1039,-85.1923,4.22
ST-103547,Independent,20019,42.5808,-83.7241,4.84
ST-103548,Blue Ridge Roasters,18237,41.4104,-76.5874,4.44
ST-103549,Cardinal Coffee Co.,39511,41.8359,-90.546,4.11
ST-103550,Independent,40770,28.206,-79.8751,4.58
ST-103551,Other chains,18841,38.6154,-80.0922,3.6
ST-103552,Blue Ridge Roasters,37076,37.73,-83.75,5.54
ST-103553,Cardinal Coffee Co.,30566,40.975,-112.1519,3.47
ST-103554,Independent,01131,30.2092,-86.4741,3.83
ST-103555,Independent,40622,28.8196,-81.7746,4.1
ST-103556,Independent,27371,39.4529,-83.7518,4.37
ST-103557,Other chains,50279,40.5537,-71.7292,4.08
ST-103558,Other chains,18877,47.1474,-86.4352,3.83
ST-103559,Other chains,49923,38.4352,-112.3072,4.31
ST-103560,Independent,01203,28.9313,-94.5577,4.16
ST-103561,Blue Ridge Roasters,39468,40.8242,-83.6137,4.58
ST-103562,Other chains,48191,33.293,-92.7078,4.02
ST-103563,Cardinal Coffee Co.,30168,35.1584,-108.2837,4.64
ST-103564,Independent,21273,33.7065,-80.4656,3.85
ST-103565,Other chains,10112,36.1267,-91.8426,4.2
ST-103566,Independent,16668,39.416,-115.6468,5.07
ST-103567,Independent,45242,30.1088,-72.2712,3.68
ST-103568,Other chains,47323,30.9134,-85.4769,3.95
ST-103569,Blue Ridge Roasters,19653,36.0235,-96.3213,4.16
ST-103570,Independent,09212,41.0985,-69.6947,4.37
ST-103571,Blue Ridge Roasters,32308,39.9323,-116.6361,4.18
ST-103572,Other chains,40431,29.8101,-96.5231,4.26
ST-103573,Independent,54754,38.3191,-81.8814,3.47
ST-103574,Other chains,47638,34.8768,-90.4997,4.16
ST-103575,Independent,36699,36.1217,-72.5729,6.33
ST-103576,Independent,32658,33.6832,-116.8761,4.71
ST-103577,Blue Ridge Roasters,38195,38.0479,-84.7568,3.79
ST-103578,Blue Ridge Roasters,30430,43.7196,-110.899,4.78
ST-103579,Independent,45364,35.1728,-100.5353,3.68
ST-103580,Blue Ridge Roasters,55017,45.8711,-86.7079,4.6
ST-103581,Cardinal Coffee Co.,50118,41.5306,-76.2384,4.19
ST-103582,Cardinal Coffee Co.,53281,38.3715,-103.4997,4.0
ST-103583,Other chains,34717,37.7575,-72.1288,3.9
ST-103584,Other chains,34808,42.5491,-69.9631,4.72
ST-103585,Blue Ridge Roasters,37076,31.9115,-89.2632,4.18
ST-103586,Blue Ridge Roasters,39819,40.296,-93.7404,3.72
ST-103587,Blue Ridge Roasters,19589,45.8542,-89.1539,4.43
ST-103588,Blue Ridge Roasters,26512,40.621,-91.1637,3.98
ST-103589,Independent,35210,42.9929,-103.9719,4.68
ST-103590,Independent,38575,36.2358,-89.9199,4.39
ST-103591,Independent,20554,49.0643,-96.3489,4.11
ST-103592,Independent,18877,39.8802,-93.9655,3.93
ST-103593,Other chains,29303,43.1216,-83.2097,3.72
ST-103594,Cardinal Coffee Co.,38071,43.5988,-90.0035,4.61
ST-103595,Blue Ridge Roasters,44106,40.0079,-75.8243,5.32
ST-103596,Blue Ridge Roasters,09186,43.9571,-68.1389,3.85
ST-103597,Cardinal Coffee Co.,01274,35.113,-90.4886,3.91
ST-103598,Blue Ridge Roasters,16915,36.8606,-125.4111,3.52
ST-103599,Blue Ridge Roasters,36799,39.3961,-79.6172,4.54
ST-103600,Cardinal Coffee Co.,17125,41.1359,-87.5475,4.7
ST-103601,Independent,06478,38.6535,-113.4971,5.64
ST-103602,Blue Ridge Roasters,30246,43.1794,-121.3626,3.8
ST-103603,Blue Ridge Roasters,21273,34.608,-78.9036,3.78
ST-103604,Other chains,38742,40.7887,-88.019,4.05
ST-103605,Other chains,01493,34.3182,-82.6659,3.64
ST-103606,Other chains,46777,34.86,-86.4823,4.01
ST-103607,Blue Ridge Roasters,23806,39.6541,-82.2911,4.44
ST-103608,Independent,27876,41.8635,-87.1827,4.95
ST-103609,Cardinal Coffee Co.,54849,35.8461,-79.5553,3.44
ST-103610,Other chains,38432,41.5993,-82.1581,4.48
ST-103611,Other chains,54990,36.8747,-80.6724,3.61
ST-103612,Other chains,17359,43.6038,-85.9212,4.3
ST-103613,Independent,38797,39.535,-99.4245,4.17
ST-103614,Cardinal Coffee Co.,02604,38.5799,-112.0896,5.49
ST-103615,Other chains,35210,40.2253,-117.7394,3.67
ST-103616,Cardinal Coffee Co.,26236,39.6541,-81.307,3.82
ST-103617,Cardinal Coffee Co.,48188,37.0939,-78.2177,3.98
ST-103618,Blue Ridge Roasters,19027,37.6738,-94.7032,4.08
ST-103619,Cardinal Coffee Co.,50289,42.4483,-74.7759,4.35
ST-103620,Independent,28503,34.7063,-83.5089,3.51
ST-103621,Independent,36465,40.5597,-69.0953,4.93
ST-103622,Other chains,40414,30.8836,-95.0537,4.01
ST-103623,Other chains,01493,32.2718,-98.2577,3.92
ST-103624,Other chains,20713,43.436,-88.7711,4.0
ST-103625,Independent,42698,40.0005,-89.6885,3.48
ST-103626,Independent,55528,37.7932,-88.0486,4.26
ST-103627,Independent,56612,42.4518,-108.4468,5.24
ST-103628,Other chains,37762,33.6979,-77.5835,3.99
ST-103629,Cardinal Coffee Co.,20296,44.0236,-92.7354,4.04
ST-103630,Other chains,34816,43.778,-73.5329,4.29
ST-103631,Independent,28303,39.0397,-81.0909,3.62
ST-103632,Blue Ridge Roasters,34478,44.8449,-81.5543,5.28
ST-103633,Other chains,22863,30.3278,-79.5079,3.94
ST-103634,Independent,51218,33.9108,-83.3539,3.99
ST-103635,Other chains,24019,30.8275,-88.6327,4.7
ST-103636,Cardinal Coffee Co.,17567,39.6376,-88.1517,4.07
ST-103637,Independent,42861,37.2625,-75.336,5.16
ST-103638,Independent,42205,40.6417,-69.8196,4.54
ST-103639,Other chains,22969,34.1351,-87.1628,4.52
ST-103640,Cardinal Coffee Co.,35810,38.8019,-110.6375,4.54
ST-103641,Other chains,55308,37.7019,-92.7256,3.78
ST-103642,Other chains,54053,27.9309,-90.6271,4.22
ST-103643,Blue Ridge Roasters,48234,38.8355,-83.9708,4.95
ST-103644,Other chains,36872,42.4755,-79.8806,3.81
ST-103645,Other chains,09614,39.0278,-69.6965,4.81
ST-103646,Independent,29303,42.3854,-85.4466,4.97
ST-103647,Other chains,48463,39.0676,-89.5907,4.54
ST-103648,Independent,48849,34.3614,-83.7173,3.78
ST-103649,Independent,48163,24.1388,-89.6182,4.2
ST-103650,Blue Ridge Roasters,56867,46.9569,-121.6259,4.42
ST-103651,Other chains,37280,26.9523,-88.5834,3.49
ST-103652,Independent,04319,38.382,-112.3019,4.35
ST-103653,Blue Ridge Roasters,37076,29.0998,-81.8715,3.97
ST-103654,Cardinal Coffee Co.,16149,36.78,-111.1031,4.2
ST-103655,Independent,49853,39.8532,-106.554,3.7
ST-103656,Other chains,48188,26.2869,-90.887,4.02
ST-103657,Other chains,30306,38.7293,-114.2602,4.34
ST-103658,Independent,16915,42.442,-102.1338,4.14
ST-103659,Independent,10447,29.9703,-96.5865,3.4
ST-103660,Other chains,01647,28.3291,-87.7117,4.56
ST-103661,Independent,21703,32.0821,-91.429,5.0
ST-103662,Independent,08348,37.985,-113.1724,5.12
ST-103663,Other chains,13820,30.7143,-87.6067,4.05
ST-103664,Other chains,56915,35.435,-108.3871,4.44
ST-103665,Cardinal Coffee Co.,41245,40.5576,-110.4669,4.08
ST-103666,Blue Ridge Roasters,32072,40.7858,-119.8337,3.24
ST-103667,Other chains,19589,37.8031,-92.529,3.63
ST-103668,Cardinal Coffee Co.,48789,29.7182,-85.0007,4.66
ST-103669,Cardinal Coffee Co.,40989,32.9095,-80.5637,5.14
ST-103670,Other chains,30792,36.1051,-97.4023,4.52
ST-103671,Cardinal Coffee Co.,30491,39.536,-107.7832,4.59
ST-103672,Blue Ridge Roasters,40149,36.9041,-91.075,4.04
ST-103673,Independent,48789,32.3205,-85.5631,4.26
ST-103674,Blue Ridge Roasters,42861,37.8592,-73.4141,4.66
ST-103675,Blue Ridge Roasters,30590,40.1763,-115.1163,3.97
ST-103676,Independent,38486,40.467,-86.1785,4.19
ST-103677,Blue Ridge Roasters,54122,32.0495,-98.6283,3.57
ST-103678,Other chains,16286,40.426,-108.6811,3.92
ST-103679,Blue Ridge Roasters,51635,34.5731,-87.8583,4.13
ST-103680,Independent,31823,41.1065,-89.6582,4.41
ST-103681,Independent,19653,40.818,-80.2057,4.42
ST-103682,Independent,56340,45.1906,-119.5691,4.36
ST-103683,Other chains,45467,36.1017,-83.3637,3.8
ST-103684,Blue Ridge Roasters,34448,44.0006,-69.7365,4.83
ST-103685,Independent,12252,32.8936,-83.978,4.56
ST-103686,Other chains,55014,37.9828,-98.6852,4.46
ST-103687,Independent,49728,42.3822,-103.8976,4.88
ST-103688,Independent,17627,41.4329,-90.2681,3.86
ST-103689,Other chains,38071,39.2685,-92.1652,4.79
ST-103690,Blue Ridge Roasters,23075,40.7706,-76.3629,4.37
ST-103691,Other chains,21536,29.6015,-87.2929,4.02
ST-103692,Other chains,40414,35.672,-92.1411,4.22
ST-103693,Other chains,13045,34.5491,-84.0103,0.0
ST-103694,Independent,37166,33.0449,-88.5834,3.64
ST-103695,Other chains,27756,40.8716,-84.9747,4.16
ST-103696,Cardinal Coffee Co.,29863,38.958,-85.8944,4.05
ST-103697,Independent,39746,34.6098,-79.246,3.89
ST-103698,Other chains,06037,34.7612,-113.2698,3.99
ST-103699,Blue Ridge Roasters,44218,39.2721,-79.3195,4.67
ST-103700,Other chains,06585,36.3211,-120.8185,4.26
ST-103701,Cardinal Coffee Co.,17618,41.8681,-75.8399,4.04
ST-103702,Blue Ridge Roasters,34792,43.9345,-70.5274,5.14
ST-103703,Independent,20687,40.6147,-93.1545,4.02
ST-103704,Other chains,25015,45.7268,-64.3411,4.38
ST-103705,Blue Ridge Roasters,30246,36.6513,-103.863,4.63
ST-103706,Independent,51218,32.0934,-93.1077,3.64
ST-103707,Independent,31180,40.847,-93.5208,4.04
ST-103708,Other chains,47323,35.7766,-85.7939,3.77
ST-103709,Independent,10265,32.8177,-91.4205,3.84
ST-103710,Cardinal Coffee Co.,02604,39.4007,-112.5795,5.07
ST-103711,Cardinal Coffee Co.,16454,34.0355,-107.7282,3.86
ST-103712,Independent,48163,29.8003,-93.2396,3.89
ST-103713,Blue Ridge Roasters,53373,42.2879,-110.242,4.85
ST-103714,Independent,04316,32.774,-104.989,5.06
ST-103715,Other chains,28503,36.529,-82.5987,4.62
ST-103716,Other chains,24156,33.999,-85.4537,3.82
ST-103717,Independent,42975,39.2574,-78.5086,4.48
ST-103718,Blue Ridge Roasters,12182,30.0039,-80.0149,4.27
ST-103719,Blue Ridge Roasters,30590,44.6879,-119.0615,3.75
ST-103720,Other chains,50156,45.7342,-73.0432,4.54
ST-103721,Blue Ridge Roasters,30491,38.6417,-111.8469,4.75
ST-103722,Blue Ridge Roasters,49336,39.4038,-105.2463,3.38
ST-103723,Other chains,38013,39.0615,-92.4965,3.57
ST-103724,Independent,40553,32.9044,-87.9864,4.07
ST-103725,Blue Ridge Roasters,08453,36.9783,-119.4512,3.82
ST-103726,Independent,56915,38.7644,-109.3763,4.62
ST-103727,Cardinal Coffee Co.,25340,46.931,-77.0429,4.1
ST-103728,Independent,55069,40.7132,-94.1724,3.75
ST-103729,Other chains,54849,29.3559,-89.6009,3.54
ST-103730,Blue Ridge Roasters,29303,36.9009,-85.7774,4.08
ST-103731,Independent,46474,41.3814,-95.6178,4.21
ST-103732,Other chains,42698,39.2173,-80.585,3.25
ST-103733,Other chains,42975,42.2398,-69.1218,3.75
ST-103734,Cardinal Coffee Co.,05090,27.6415,-85.9967,4.58
ST-103735,Other chains,10030,34.5708,-79.2673,4.45
ST-103736,Independent,05090,29.3195,-87.1561,5.01
ST-103737,Cardinal Coffee Co.,02285,39.1389,-112.0068,3.66
ST-103738,Independent,48769,31.4851,-84.0622,3.77
ST-103739,Independent,19589,46.1552,-80.6763,4.02
ST-103740,Other chains,09186,42.0145,-66.6648,5.36
ST-103741,Other chains,55102,46.8364,-82.0806,4.1
ST-103742,Independent,20350,42.6822,-92.7729,4.19
ST-103743,Independent,50008,45.7762,-80.421,4.25
ST-103744,Other chains,50685,40.8736,-69.9353,4.22
ST-103745,Independent,36465,42.5365,-66.2394,5.11
ST-103746,Independent,54053,36.1559,-78.0231,3.61
ST-103747,Independent,54681,35.2149,-84.9217,3.58
ST-103748,Independent,04569,40.593,-107.6331,5.81
ST-103749,Independent,04684,38.0162,-107.5277,5.58
ST-103750,Other chains,22881,32.0237,-84.1063,5.42
ST-103751,Independent,36782,44.913,-73.3458,3.53
ST-103752,Blue Ridge Roasters,48234,36.5377,-84.4108,3.88
ST-103753,Other chains,25015,39.7214,-79.2286,4.15
ST-103754,Blue Ridge Roasters,12002,30.2687,-89.1163,5.18
ST-103755,Other chains,21699,29.7876,-89.2089,4.11
ST-103756,Cardinal Coffee Co.,13848,34.9891,-94.5954,4.25
ST-103757,Cardinal Coffee Co.,55308,38.2116,-88.1428,3.96
ST-103758,Cardinal Coffee Co.,24156,34.9528,-85.2434,3.88
ST-103759,Other chains,53281,40.6371,-107.4282,4.79
ST-103760,Cardinal Coffee Co.,02471,37.3647,-104.4357,4.41
ST-103761,Other chains,05654,37.1916,-77.0542,4.13
ST-103762,Independent,48331,28.1132,-76.4892,4.31
ST-103763,Cardinal Coffee Co.,25340,46.4786,-79.0425,4.34
ST-103764,Other chains,05321,33.4567,-93.5918,4.08
ST-103765,Independent,40512,26.2796,-79.4155,3.82
ST-103766,Other chains,19228,45.7756,-80.7072,3.9
ST-103767,Independent,17852,43.9166,-79.664,4.84
ST-103768,Independent,30082,37.7154,-109.09,4.34
ST-103769,Other chains,40125,29.6058,-96.9802,0.0
ST-103770,Independent,37653,27.7928,-82.8063,4.27
ST-103771,Blue Ridge Roasters,40455,39.7463,-81.6674,4.09
ST-103772,Independent,01357,29.7299,-77.4875,3.41
ST-103773,Other chains,21536,28.7092,-76.4222,3.71
ST-103774,Blue Ridge Roasters,26512,41.8038,-83.5422,3.94
ST-103775,Cardinal Coffee Co.,21536,27.5863,-88.5237,3.53
ST-103776,Other chains,40175,29.5554,-91.1747,4.22
ST-103777,Cardinal Coffee Co.,25150,44.4849,-71.2962,4.48
ST-103778,Other chains,35988,40.3926,-116.7545,4.31
ST-103779,Other chains,55102,39.8409,-80.1492,4.16
ST-103780,Blue Ridge Roasters,45107,32.5549,-95.2274,3.67
ST-103781,Other chains,24019,31.1726,-81.5987,3.45
ST-103782,Blue Ridge Roasters,24682,32.314,-83.0828,3.46
ST-103783,Independent,40455,30.2146,-86.2406,3.92
ST-103784,Independent,16117,37.2593,-117.5507,4.72
ST-103785,Cardinal Coffee Co.,21658,30.668,-97.3707,3.52
ST-103786,Independent,01557,30.3224,-88.1886,3.94
ST-103787,Cardinal Coffee Co.,45917,35.6317,-88.0833,3.74
ST-103788,Independent,38432,43.3104,-82.3296,3.99
ST-103789,Blue Ridge Roasters,18759,38.2029,-93.6971,3.66
ST-103790,Independent,40790,28.9168,-82.2834,4.8
ST-103791,Other chains,18166,40.5282,-96.7534,3.69
ST-103792,Independent,38195,47.4659,-86.1185,5.34
ST-103793,Independent,47533,29.4169,-98.4262,3.57
ST-103794,Blue Ridge Roasters,01274,32.0163,-72.4282,5.06
ST-103795,Blue Ridge Roasters,38911,41.2662,-89.8464,3.82
ST-103796,Cardinal Coffee Co.,04343,38.6741,-128.767,4.22
ST-103797,Blue Ridge Roasters,13820,31.1254,-89.3065,4.55
ST-103798,Independent,45979,35.9652,-90.254,4.47
ST-103799,Other chains,34182,42.8634,-78.4349,3.74
ST-103800,Blue Ridge Roasters,54754,35.0374,-87.1878,3.95
ST-103801,Independent,50685,43.2681,-78.4757,4.6
ST-103802,Other chains,54849,35.1818,-89.8985,4.29
ST-103803,Cardinal Coffee Co.,18759,45.7532,-95.9521,4.58
ST-103804,Cardinal Coffee Co.,06478,42.9931,-107.0693,4.3
ST-103805,Blue Ridge Roasters,19653,47.9744,-81.7932,4.21
ST-103806,Blue Ridge Roasters,40455,36.152,-86.5274,6.07
ST-103807,Blue Ridge Roasters,27756,38.9917,-89.1058,3.66
ST-103808,Independent,47533,35.0419,-91.758,4.03
ST-103809,Independent,21327,34.6313,-84.5739,4.28
ST-103810,Other chains,19919,46.7609,-87.6202,3.64
ST-103811,Cardinal Coffee Co.,38243,38.0985,-90.3164,3.7
ST-103812,Blue Ridge Roasters,42033,43.1739,-72.1236,3.76
ST-103813,Independent,42511,39.4568,-72.6477,5.02
ST-103814,Other chains,16137,40.5376,-118.3248,3.15
ST-103815,Independent,37653,31.8558,-77.8417,3.61
ST-103816,Independent,50552,42.9384,-75.7459,4.62
ST-103817,Independent,35210,34.769,-101.9466,4.61
ST-103818,Other chains,50552,43.8797,-71.9775,3.93
ST-103819,Cardinal Coffee Co.,24682,33.1182,-73.1744,3.78
ST-103820,Independent,01647,32.9566,-77.9484,3.82
ST-103821,Independent,49087,44.8507,-110.6369,4.31
ST-103822,Cardinal Coffee Co.,28287,31.3525,-89.3386,4.12
ST-103823,Cardinal Coffee Co.,01557,33.5268,-89.2094,4.7
ST-103824,Cardinal Coffee Co.,04569,39.3008,-108.8018,4.02
ST-103825,Independent,33283,42.0941,-73.6412,4.35
ST-103826,Other chains,06524,45.6654,-115.5342,4.32
ST-103827,Other chains,41245,39.1914,-107.0016,4.54
ST-103828,Cardinal Coffee Co.,35210,37.2982,-111.7674,4.4
ST-103829,Independent,26302,46.6127,-83.9659,4.54
ST-103830,Cardinal Coffee Co.,09883,40.5769,-80.3528,4.48
ST-103831,Independent,05161,27.6845,-79.0032,4.86
ST-103832,Independent,54245,30.2775,-81.994,4.63
ST-103833,Independent,22732,28.7602,-77.8146,3.69
ST-103834,Other chains,04316,33.6001,-106.1354,5.06
ST-103835,Blue Ridge Roasters,45980,31.411,-85.5097,4.69
ST-103836,Other chains,46474,40.7894,-89.9922,5.19
ST-103837,Blue Ridge Roasters,05875,36.0416,-74.3018,4.41
ST-103838,Blue Ridge Roasters,50556,43.3882,-76.2434,4.35
ST-103839,Independent,38895,42.7515,-84.5094,4.03
ST-103840,Cardinal Coffee Co.,25340,38.8204,-76.7883,3.96
ST-103841,Independent,49276,41.6548,-123.1713,4.23
ST-103842,Blue Ridge Roasters,24549,36.6737,-92.364,4.08
ST-103843,Independent,40937,33.6837,-82.5645,3.91
ST-103844,Blue Ridge Roasters,19126,42.2676,-84.7932,3.64
ST-103845,Blue Ridge Roasters,12995,28.7059,-82.5447,3.64
ST-103846,Independent,49276,42.1633,-105.1243,5.23
ST-103847,Independent,49507,44.3425,-109.6524,5.23
ST-103848,Other chains,01271,33.4689,-89.6514,3.68
ST-103849,Independent,06544,37.2169,-108.4342,6.04
ST-103850,Independent,40622,32.014,-83.9824,4.12
ST-103851,Independent,51660,31.2387,-88.4533,3.46
ST-103852,Independent,41214,37.9187,-109.1649,4.28
ST-103853,Cardinal Coffee Co.,38655,42.9439,-88.5238,3.64
ST-103854,Independent,24019,33.3384,-88.63,4.61
ST-103855,Blue Ridge Roasters,17839,44.0118,-90.0672,4.53
ST-103856,Cardinal Coffee Co.,47869,33.6127,-76.5186,3.72
ST-103857,Independent,48298,29.9077,-76.7147,3.53
ST-103858,Other chains,28201,30.9979,-83.8711,4.35
ST-103859,Other chains,37136,30.8115,-84.6564,4.01
ST-103860,Independent,20059,40.4406,-97.5983,4.87
ST-103861,Independent,30430,44.3841,-101.6838,4.58
ST-103862,Independent,20068,46.8647,-82.7819,4.59
ST-103863,Independent,30246,41.5098,-107.4883,4.27
ST-103864,Blue Ridge Roasters,19151,41.3563,-102.6484,5.73
ST-103865,Blue Ridge Roasters,40622,28.415,-84.7545,3.75
ST-103866,Blue Ridge Roasters,12995,33.16,-85.7628,4.34
ST-103867,Independent,41943,36.63,-107.9031,6.01
ST-103868,Independent,36172,46.3916,-77.2062,3.92
ST-103869,Other chains,53503,34.1817,-113.3903,3.68
ST-103870,Other chains,12300,33.6535,-81.2835,4.13
ST-103871,Independent,21250,29.8773,-89.6415,3.6
ST-103872,Cardinal Coffee Co.,12995,32.4715,-88.4443,3.63
ST-103873,Blue Ridge Roasters,42068,43.4982,-73.34,4.51
ST-103874,Cardinal Coffee Co.,05674,35.5659,-76.9691,5.37
ST-103875,Cardinal Coffee Co.,38519,40.8179,-84.1492,4.52
ST-103876,Other chains,39819,43.2836,-82.5476,3.7
ST-103877,Independent,45322,30.5126,-84.6201,3.27
ST-103878,Independent,10030,33.2366,-76.0295,3.48
ST-103879,Other chains,34955,44.5066,-84.9471,4.42
ST-103880,Independent,36567,42.4963,-62.3666,5.24
ST-103881,Independent,27147,39.412,-76.0894,4.12
ST-103882,Other chains,29020,40.1629,-86.2603,3.72
ST-103883,Other chains,47869,35.547,-80.0064,3.85
ST-103884,Cardinal Coffee Co.,50118,38.2245,-74.728,3.77
ST-103885,Other chains,16133,36.1671,-113.2574,4.27
ST-103886,Cardinal Coffee Co.,26302,42.8048,-92.6652,4.12
ST-103887,Independent,25066,40.1826,-74.7941,4.64
ST-103888,Cardinal Coffee Co.,30082,34.6408,-108.6644,4.2
ST-103889,Other chains,29810,45.0525,-86.4807,4.05
ST-103890,Other chains,45980,29.2012,-73.0804,3.63
ST-103891,Independent,08501,38.4017,-111.3984,5.09
ST-103892,Independent,06585,37.1414,-120.933,6.59
ST-103893,Other chains,01473,31.6069,-75.1341,3.53
ST-103894,Independent,09895,38.8461,-81.8257,0.0
ST-103895,Independent,01665,34.6428,-88.3563,3.85
ST-103896,Other chains,06542,39.3325,-110.3695,5.03
ST-103897,Blue Ridge Roasters,41272,41.951,-109.4969,4.81
ST-103898,Independent,44130,39.6725,-83.1726,4.4
ST-103899,Independent,54729,38.8991,-89.4788,3.65
ST-103900,Independent,29810,35.2861,-97.8847,5.01
ST-103901,Other chains,34808,36.7446,-70.7697,5.37
ST-103902,Blue Ridge Roasters,51575,37.7593,-77.8997,3.79
ST-103903,Independent,19228,42.4221,-96.331,5.57
ST-103904,Independent,38059,42.0242,-83.026,4.27
ST-103905,Independent,50008,42.7938,-68.9153,4.84
ST-103906,Independent,37115,34.2136,-88.9544,3.57
ST-103907,Independent,25356,42.3993,-86.3955,5.65
ST-103908,Blue Ridge Roasters,40770,29.6023,-91.4275,4.01
ST-103909,Independent,50908,43.9546,-78.0715,6.06
ST-103910,Independent,08259,40.982,-102.75,4.81
ST-103911,Blue Ridge Roasters,36782,45.7853,-75.2098,4.51
ST-103912,Blue Ridge Roasters,01665,37.7927,-91.041,4.04
ST-103913,Independent,20030,41.9914,-88.1129,4.21
ST-103914,Independent,44106,37.8174,-82.2721,5.55
ST-103915,Independent,29187,46.3176,-85.914,5.77
ST-103916,Independent,25021,38.4456,-80.366,4.87
ST-103917,Cardinal Coffee Co.,33723,42.5139,-79.4951,6.32
ST-103918,Independent,05875,31.7298,-82.747,4.54
ST-103919,Other chains,48188,31.2081,-74.4986,5.45
ST-103920,Cardinal Coffee Co.,50556,43.7929,-61.3133,4.14
ST-103921,Independent,05674,33.2334,-91.2392,4.44
ST-103922,Independent,12855,34.0397,-88.5796,4.58
ST-103923,Independent,46128,38.5529,-85.9068,5.16
ST-103924,Independent,46550,40.4778,-81.9873,4.75
ST-103925,Blue Ridge Roasters,44106,39.1914,-87.4845,4.74
ST-103926,Independent,38797,40.4028,-88.476,4.06
ST-103927,Other chains,51049,32.1437,-87.9229,3.74
ST-103928,Blue Ridge Roasters,16868,44.5329,-123.5441,3.72
ST-103929,Other chains,53503,38.2218,-120.023,3.87
ST-103930,Other chains,53373,32.6232,-115.4066,4.35
ST-103931,Blue Ridge Roasters,12843,36.6853,-84.6471,3.81
ST-103932,Other chains,09845,42.8478,-68.4514,4.44
ST-103933,Other chains,29439,40.607,-86.8739,3.54
ST-103934,Independent,39397,39.6884,-83.3148,4.23
ST-103935,Independent,50156,38.6592,-74.3397,4.79
ST-103936,Independent,23444,47.3141,-78.7297,4.84
ST-103937,Independent,22969,32.6555,-86.1025,3.66
ST-103938,Blue Ridge Roasters,39471,35.7867,-84.8269,3.87
ST-103939,Independent,17852,41.9832,-82.8046,4.47
ST-103940,Blue Ridge Roasters,47310,36.1185,-85.8872,4.16
ST-103941,Other chains,20518,41.4693,-94.5747,4.29
ST-103942,Independent,02226,36.2952,-109.9861,4.81
ST-103943,Blue Ridge Roasters,20068,38.0268,-86.1321,3.9
ST-103944,Independent,47515,29.748,-77.6037,3.53
ST-103945,Other chains,46474,45.565,-93.0726,3.78
ST-103946,Cardinal Coffee Co.,05321,32.285,-89.0068,4.06
ST-103947,Independent,34814,36.4638,-69.963,5.32
ST-103948,Cardinal Coffee Co.,25066,42.6524,-76.9446,4.85
ST-103949,Independent,45421,32.9231,-87.6981,4.63
ST-103950,Other chains,39541,39.6533,-81.4752,3.8
ST-103951,Blue Ridge Roasters,50685,38.4388,-82.726,4.49
ST-103952,Blue Ridge Roasters,16745,35.8083,-99.6628,4.3
ST-103953,Cardinal Coffee Co.,33256,44.7599,-78.1758,3.93
ST-103954,Other chains,21703,33.2425,-79.7996,3.66
ST-103955,Other chains,47638,33.9359,-85.6528,3.72
ST-103956,Blue Ridge Roasters,27876,41.7343,-87.3718,4.59
ST-103957,Other chains,01357,33.4831,-86.5767,3.83
ST-103958,Blue Ridge Roasters,50604,40.0948,-69.3605,5.01
ST-103959,Other chains,05654,31.8825,-87.0839,3.62
ST-103960,Other chains,55069,44.4947,-92.4377,4.73
ST-103961,Independent,19344,45.2438,-78.1199,4.67
ST-103962,Independent,29729,37.3337,-88.8237,3.94
ST-103963,Independent,16137,38.3752,-116.0542,4.27
ST-103964,Independent,41267,41.5179,-120.9417,5.64
ST-103965,Blue Ridge Roasters,30082,44.6462,-100.8065,4.84
ST-103966,Independent,22881,37.8459,-88.3116,3.75
ST-103967,Cardinal Coffee Co.,28503,30.1127,-72.629,4.14
ST-103968,Independent,54681,36.3251,-82.6069,3.58
ST-103969,Independent,08348,39.1759,-111.1427,4.78
ST-103970,Cardinal Coffee Co.,12300,35.6332,-83.9809,4.8
ST-103971,Blue Ridge Roasters,17852,43.3648,-75.7043,4.61
ST-103972,Blue Ridge Roasters,47515,28.7081,-98.1533,3.57
ST-103973,Other chains,45364,34.1499,-83.714,3.48
ST-103974,Other chains,36993,44.5171,-76.0912,4.52
ST-103975,Blue Ridge Roasters,01357,32.4395,-86.2786,3.89
ST-103976,Independent,39588,40.2611,-88.1041,3.9
ST-103977,Independent,49655,34.285,-113.5975,4.86
ST-103978,Other chains,55308,43.0509,-87.8712,4.24
ST-103979,Cardinal Coffee Co.,56007,39.6262,-112.1415,4.15
ST-103980,Other chains,13820,29.7334,-92.8813,3.96
ST-103981,Cardinal Coffee Co.,45980,31.5225,-82.7118,3.62
ST-103982,Independent,34508,41.9635,-70.2037,5.21
ST-103983,Blue Ridge Roasters,32708,37.3241,-115.2524,5.61
ST-103984,Other chains,22039,32.508,-73.7926,3.74
ST-103985,Other chains,38381,35.7502,-80.9866,4.62
ST-103986,Independent,55521,45.0483,-83.9363,3.9
ST-103987,Cardinal Coffee Co.,38243,41.0477,-84.0091,4.5
ST-103988,Independent,55025,37.7019,-88.8194,4.19
ST-103989,Other chains,54122,25.1209,-78.1518,4.25
ST-103990,Independent,04343,42.0874,-102.5755,4.32
ST-103991,Other chains,54574,34.1743,-80.1519,3.35
ST-103992,Independent,48463,33.1321,-88.4217,4.07
ST-103993,Cardinal Coffee Co.,24622,35.0909,-85.2381,4.39
ST-103994,Cardinal Coffee Co.,35005,41.5827,-108.558,4.43
ST-103995,Independent,35237,39.5833,-106.9735,4.66
ST-103996,Other chains,39541,40.2374,-89.4649,3.78
ST-103997,Other chains,49507,37.7486,-115.4009,4.79
ST-103998,Other chains,05654,33.7628,-75.4948,5.03
ST-103999,Independent,02112,43.1911,-118.4339,4.2
ST-104000,Other chains,08397,38.6913,-117.648,4.02
ST-104001,Blue Ridge Roasters,37653,36.9294,-92.9628,3.69
ST-104002,Cardinal Coffee Co.,50156,42.6195,-80.1613,5.41
ST-104003,Blue Ridge Roasters,45085,33.6421,-77.5159,3.52
ST-104004,Cardinal Coffee Co.,23187,48.7153,-66.815,4.52
ST-104005,Independent,41803,43.958,-112.4443,4.61
ST-104006,Blue Ridge Roasters,29110,46.0358,-86.0221,3.93
ST-104007,Independent,22881,30.1072,-85.063,3.85
ST-104008,Independent,49276,45.5765,-119.1519,4.58
ST-104009,Independent,20554,40.7533,-75.6914,5.29
ST-104010,Independent,40677,31.8175,-76.7516,0.0
ST-104011,Other chains,10882,26.0223,-82.8735,3.47
ST-104012,Blue Ridge Roasters,22988,33.4789,-90.1353,3.69
ST-104013,Independent,36782,38.2499,-75.8496,4.08
ST-104014,Other chains,42062,42.7248,-78.6546,4.75
ST-104015,Other chains,51898,29.0153,-84.4145,3.63
ST-104016,Other chains,21527,37.8931,-83.1405,4.04
ST-104017,Other chains,51575,34.1547,-87.0468,4.46
ST-104018,Other chains,50008,48.3396,-83.2265,3.97
ST-104019,Cardinal Coffee Co.,22863,29.4309,-72.2076,4.15
ST-104020,Other chains,19170,45.6475,-87.5748,4.05
ST-104021,Other chains,20296,35.5919,-86.2604,4.03
ST-104022,Independent,45107,33.1242,-87.5345,4.13
ST-104023,Other chains,39588,39.1051,-98.3721,4.41
ST-104024,Other chains,40671,31.1561,-85.4998,4.52
ST-104025,Other chains,41943,37.4505,-113.9393,4.83
ST-104026,Other chains,05654,29.7559,-80.7428,3.6
ST-104027,Independent,37136,28.7209,-79.5635,3.66
ST-104028,Blue Ridge Roasters,50279,40.1727,-69.9098,4.06
ST-104029,Cardinal Coffee Co.,34448,41.8481,-68.5704,5.55
ST-104030,Other chains,50289,44.9911,-63.678,4.01
ST-104031,Other chains,04408,39.8861,-109.6609,4.87
ST-104032,Other chains,56612,42.4996,-105.4047,4.23
ST-104033,Other chains,39541,36.5655,-86.0368,4.76
ST-104034,Other chains,38013,39.7011,-100.4002,4.42
ST-104035,Independent,31938,43.133,-89.9271,4.44
ST-104036,Other chains,54221,33.5296,-90.2063,4.09
ST-104037,Independent,22969,29.9165,-83.6114,4.72
ST-104038,Blue Ridge Roasters,10725,35.3022,-89.7461,3.45
ST-104039,Independent,53931,37.4062,-108.3659,4.64
ST-104040,Blue Ridge Roasters,18759,38.6679,-83.1138,3.68
ST-104041,Blue Ridge Roasters,45107,33.9608,-77.7786,4.07
ST-104042,Independent,13820,32.5185,-75.2844,3.88
ST-104043,Cardinal Coffee Co.,55069,39.4313,-99.0561,4.18
ST-104044,Other chains,56444,37.3294,-119.194,3.29
ST-104045,Independent,34816,38.2906,-56.9331,5.42
ST-104046,Cardinal Coffee Co.,37660,31.3128,-78.9429,4.26
ST-104047,Independent,28275,35.8,-83.6533,3.69
ST-104048,Independent,30306,39.7337,-111.8078,5.28
ST-104049,Independent,54221,35.3758,-85.3412,3.32
ST-104050,Cardinal Coffee Co.,20518,42.5482,-100.6025,3.68
ST-104051,Other chains,56197,37.1633,-116.634,3.63
ST-104052,Cardinal Coffee Co.,41078,34.0526,-112.6711,4.64
ST-104053,Other chains,54550,29.7194,-89.2952,4.63
ST-104054,Cardinal Coffee Co.,35210,36.9863,-115.5108,4.34
ST-104055,Other chains,39819,38.7543,-73.6476,5.04
ST-104056,Other chains,28768,35.4431,-86.5099,3.56
ST-104057,Blue Ridge Roasters,30491,41.9118,-110.3313,4.62
ST-104058,Independent,20296,47.6356,-87.5448,3.95
ST-104059,Independent,12215,30.2088,-81.4632,3.92
ST-104060,Cardinal Coffee Co.,02346,43.7923,-114.8637,4.07
ST-104061,Blue Ridge Roasters,16874,43.7738,-104.5181,4.07
ST-104062,Independent,56867,38.3032,-109.3386,4.53
ST-104063,Other chains,55102,42.4207,-96.723,4.51
ST-104064,Other chains,41267,42.7222,-112.645,4.74
ST-104065,Independent,34182,41.3232,-75.5329,3.77
ST-104066,Independent,37326,32.0908,-86.309,4.36
ST-104067,Independent,47617,30.618,-81.9442,4.41
ST-104068,Independent,02112,31.9199,-108.1916,4.76
ST-104069,Other chains,53931,39.2114,-108.9001,3.9
ST-104070,Cardinal Coffee Co.,51218,30.3704,-82.9665,4.15
ST-104071,Independent,54681,29.274,-84.4862,4.38
ST-104072,Blue Ridge Roasters,05505,33.7666,-97.9072,4.06
ST-104073,Independent,54478,28.1461,-80.3326,3.74
ST-104074,Blue Ridge Roasters,40671,34.9182,-82.0699,4.16
ST-104075,Blue Ridge Roasters,36782,42.9508,-80.4086,3.76
ST-104076,Cardinal Coffee Co.,10863,31.2994,-83.3165,4.01
ST-104077,Blue Ridge Roasters,30590,38.8101,-108.1124,4.29
ST-104078,Other chains,22864,28.9293,-77.9725,4.02
ST-104079,Independent,56867,41.251,-108.9382,4.7
ST-104080,Other chains,22304,33.0621,-83.0704,4.42
ST-104081,Independent,12252,33.2855,-79.3194,3.58
ST-104082,Independent,50604,43.0057,-76.3392,5.39
ST-104083,Other chains,19691,39.0728,-86.528,3.88
ST-104084,Cardinal Coffee Co.,51635,27.9428,-88.7267,3.81
ST-104085,Independent,55534,43.872,-82.3382,4.32
ST-104086,Blue Ridge Roasters,33263,43.5662,-84.1583,4.29
ST-104087,Other chains,45467,30.8939,-80.0996,3.76
ST-104088,Other chains,48298,33.7273,-84.8937,4.26
ST-104089,Cardinal Coffee Co.,37762,36.2739,-79.2077,3.65
ST-104090,Independent,38575,44.4161,-93.6833,4.61
ST-104091,Blue Ridge Roasters,05972,30.8063,-84.4601,3.81
ST-104092,Independent,37280,28.0337,-84.6362,3.82
ST-104093,Independent,37166,28.5484,-82.3967,3.77
ST-104094,Cardinal Coffee Co.,40317,31.5648,-91.2854,4.88
ST-104095,Other chains,50556,45.887,-70.6827,4.42
ST-104096,Independent,49728,36.8147,-123.0754,4.84
ST-104097,Other chains,36993,39.711,-78.5071,4.58
ST-104098,Cardinal Coffee Co.,24195,30.6493,-94.3764,3.72
ST-104099,Other chains,27375,39.4048,-84.0307,0.0
ST-104100,Independent,01357,32.4663,-82.5992,3.67
ST-104101,Blue Ridge Roasters,29914,37.1598,-86.2638,4.14
ST-104102,Independent,08397,42.2531,-103.1609,4.52
ST-104103,Independent,51331,32.0655,-86.8957,3.64
ST-104104,Independent,48163,39.9374,-81.3425,3.63
ST-104105,Independent,46977,37.4793,-88.6039,4.17
ST-104106,Independent,50908,46.2696,-75.0174,4.06
ST-104107,Independent,24195,36.674,-77.1602,3.51
ST-104108,Other chains,24622,31.2649,-72.5087,3.94
ST-104109,Other chains,40622,31.3148,-87.5888,4.12
ST-104110,Independent,30306,36.2361,-106.9977,5.03
ST-104111,Other chains,21273,29.7705,-83.0853,3.62
ST-104112,Independent,41274,38.9982,-110.0133,4.02
ST-104113,Blue Ridge Roasters,27891,41.0621,-87.5169,4.51
ST-104114,Other chains,56047,34.1929,-113.9985,4.54
ST-104115,Blue Ridge Roasters,12300,39.3805,-106.5099,3.98
ST-104116,Independent,28201,31.7214,-75.7911,3.78
ST-104117,Independent,30921,39.1968,-116.1684,5.44
ST-104118,Blue Ridge Roasters,51660,30.6213,-86.4493,4.66
ST-104119,Cardinal Coffee Co.,32616,38.199,-113.3218,4.68
ST-104120,Blue Ridge Roasters,05090,31.4264,-89.7028,3.91
ST-104121,Blue Ridge Roasters,33772,41.4912,-73.0586,4.11
ST-104122,Independent,51331,32.4562,-85.2659,4.07
ST-104123,Blue Ridge Roasters,21250,34.9146,-89.2992,3.66
ST-104124,Independent,16668,39.6817,-111.1042,5.46
ST-104125,Other chains,04684,41.1128,-112.1983,3.58
ST-104126,Other chains,42861,41.4706,-68.933,5.98
