CODIGO_ACTIVIDAD,ANIO,MES,ENTIDAD,H000W_I000W,J000W,REMUNERACION_MEDIA,M000W,K100W,ESTATUS
46,2008,1,Aguascalientes,71.46639435,64.42557977,90.14807639,70.7836292,73.35199339,Cifras definitivas
46,2008,1,Baja California,60.87890359,69.68600321,114.46658711,65.84799522,69.71818452,Cifras definitivas
46,2008,1,Baja California Sur,74.37742382,70.86759801,95.28106026,75.33608302,81.12866868,Cifras definitivas
46,2008,1,Campeche,46.83897095,50.07211733,106.90268448,67.4116243,64.00397387,Cifras definitivas
46,2008,1,Coahuila de Zaragoza,73.06287282,66.60212455,91.15727589,65.20691777,67.03115295,Cifras definitivas
46,2008,1,Colima,55.90890498,51.63051081,92.34756221,46.94296489,50.54154143,Cifras definitivas
46,2008,1,Chiapas,51.55709448,58.35037118,113.17622098,61.18060793,48.00367158,Cifras definitivas
46,2008,1,Chihuahua,66.65420393,67.49455369,101.26076033,59.88526662,46.58824637,Cifras definitivas
46,2008,1,Ciudad de México,74.6947636,69.32237997,92.80754986,72.64977766,67.42482506,Cifras definitivas
46,2008,1,Durango,56.17914562,60.47737367,107.65093168,49.63028195,39.87927161,Cifras definitivas
46,2008,1,Guanajuato,64.60163387,66.18791682,102.45548426,65.98411728,63.05029574,Cifras definitivas
46,2008,1,Guerrero,76.11016628,74.56286022,97.9670179,81.10176923,66.52481786,Cifras definitivas
46,2008,1,Hidalgo,74.71260265,67.34588683,90.1399288,57.74000873,67.01019499,Cifras definitivas
46,2008,1,Jalisco,70.36972905,77.20563809,109.71427506,70.78981959,69.35474597,Cifras definitivas
46,2008,1,México,98.67619229,67.77309665,68.68231848,74.9020434,70.01340685,Cifras definitivas
46,2008,1,Michoacán de Ocampo,63.53948899,58.10880257,91.45305304,50.56204645,46.87204034,Cifras definitivas
46,2008,1,Morelos,64.32246394,63.45253873,98.64755615,75.75497862,72.93824007,Cifras definitivas
46,2008,1,Nayarit,57.97975207,58.46176792,100.83135204,63.96230105,50.72034896,Cifras definitivas
46,2008,1,Nuevo León,62.060378,70.27814561,113.24156873,67.36018949,64.63587253,Cifras definitivas
46,2008,1,Oaxaca,64.43650118,59.38936984,92.16727903,63.82375033,61.44220336,Cifras definitivas
46,2008,1,Puebla,68.53951156,69.41789091,101.2815664,75.01069263,76.77181814,Cifras definitivas
46,2008,1,Querétaro,57.71119157,56.10871789,97.22328783,50.83436752,51.43400488,Cifras definitivas
46,2008,1,Quintana Roo,49.03386064,60.46216495,123.30696413,52.83991618,52.81479567,Cifras definitivas
46,2008,1,San Luis Potosí,61.44273905,59.4900557,96.82194612,68.50322153,72.24182125,Cifras definitivas
46,2008,1,Sinaloa,65.95874926,57.60003106,87.32735491,63.49330584,64.39905986,Cifras definitivas
46,2008,1,Sonora,66.78898445,69.3097207,103.77417964,45.08122673,36.14222664,Cifras definitivas
46,2008,1,Tabasco,32.19669674,51.96032574,161.38402694,73.40839346,67.42547395,Cifras definitivas
46,2008,1,Tamaulipas,76.13699685,61.01925773,80.14403018,64.85250203,77.05900565,Cifras definitivas
46,2008,1,Tlaxcala,78.80126189,58.64262603,74.41838446,55.80974945,38.0180297,Cifras definitivas
46,2008,1,Veracruz de Ignacio de la Llave,70.49819944,68.10446841,96.60455012,84.43973489,79.95450167,Cifras definitivas
46,2008,1,Yucatán,43.04600705,58.71901707,136.40990441,54.92240833,53.54546025,Cifras definitivas
46,2008,1,Zacatecas,69.83752256,61.97617291,88.74337267,75.99092499,77.79810034,Cifras definitivas
46,2008,2,Aguascalientes,71.35389879,64.52765834,90.43326214,64.67825272,70.32441789,Cifras definitivas
46,2008,2,Baja California,60.79831485,69.70644057,114.65192866,63.14493609,69.26793179,Cifras definitivas
46,2008,2,Baja California Sur,75.64482862,71.02245924,93.88937821,69.59194389,79.94792374,Cifras definitivas
46,2008,2,Campeche,46.99142986,50.70077583,107.89366483,65.86759407,65.24304321,Cifras definitivas
46,2008,2,Coahuila de Zaragoza,74.09258051,66.75141646,90.09190394,60.80225327,69.46660964,Cifras definitivas
46,2008,2,Colima,56.14100566,51.67917254,92.05245245,43.89536098,50.73556238,Cifras definitivas
46,2008,2,Chiapas,51.37219142,58.3725935,113.62683173,58.1297936,47.6284733,Cifras definitivas
46,2008,2,Chihuahua,66.31262895,67.70347623,102.09740935,57.11102875,45.95818712,Cifras definitivas
46,2008,2,Ciudad de México,74.35801304,69.38459075,93.31151804,66.09038795,66.92018253,Cifras definitivas
46,2008,2,Durango,57.35938401,60.54247146,105.54937523,45.62681512,39.42592214,Cifras definitivas
46,2008,2,Guanajuato,63.74583782,66.31407857,104.02887598,59.56114197,62.82588297,Cifras definitivas
46,2008,2,Guerrero,74.94184613,74.53326385,99.45480089,73.79928515,63.55956804,Cifras definitivas
46,2008,2,Hidalgo,75.08801158,67.35159881,89.69687357,53.67376607,65.8836505,Cifras definitivas
46,2008,2,Jalisco,69.2865762,77.08847382,111.26033071,65.12938824,70.6261642,Cifras definitivas
46,2008,2,México,98.81966528,67.78158465,68.59119028,67.91213462,69.34354717,Cifras definitivas
46,2008,2,Michoacán de Ocampo,63.24007865,58.21171712,92.04877407,46.34175877,45.02532504,Cifras definitivas
46,2008,2,Morelos,64.84077085,63.45253873,97.85901355,70.0012965,76.03211002,Cifras definitivas
46,2008,2,Nayarit,58.15504381,58.55291629,100.68415816,60.05633018,50.47016092,Cifras definitivas
46,2008,2,Nuevo León,61.95798025,70.36641979,113.57119697,63.08940325,64.67630713,Cifras definitivas
46,2008,2,Oaxaca,64.814915,59.38936984,91.62917183,59.83274994,59.41768748,Cifras definitivas
46,2008,2,Puebla,68.7984197,69.56583657,101.11545712,69.05848668,73.85877827,Cifras definitivas
46,2008,2,Querétaro,57.77828213,56.10871789,97.11039481,46.33500306,49.92022056,Cifras definitivas
46,2008,2,Quintana Roo,48.97974619,60.43932515,123.39656665,51.36372786,53.72333935,Cifras definitivas
46,2008,2,San Luis Potosí,60.94480351,59.4900557,97.61300763,65.62046397,70.06435039,Cifras definitivas
46,2008,2,Sinaloa,65.58991229,57.89257204,88.26444497,59.31648185,65.4401946,Cifras definitivas
46,2008,2,Sonora,66.25214374,69.4135341,104.77175557,43.38027526,36.30165607,Cifras definitivas
46,2008,2,Tabasco,32.24149518,52.05066059,161.43997138,66.74653812,67.77509667,Cifras definitivas
46,2008,2,Tamaulipas,75.88516263,61.26163929,80.7294037,61.37393698,78.22785407,Cifras definitivas
46,2008,2,Tlaxcala,78.89453441,58.77976999,74.50423585,53.49278525,39.45558256,Cifras definitivas
46,2008,2,Veracruz de Ignacio de la Llave,70.51775403,68.1389668,96.62668322,76.99040563,77.67590097,Cifras definitivas
46,2008,2,Yucatán,42.49908976,58.81263833,138.38564229,51.93278647,53.46217781,Cifras definitivas
46,2008,2,Zacatecas,70.74563244,62.25551881,87.99909855,69.18717801,77.49150215,Cifras definitivas
46,2008,3,Aguascalientes,70.99108983,64.60814254,91.00880504,67.55636978,71.00155784,Cifras definitivas
46,2008,3,Baja California,61.35164699,69.71410458,113.6303718,67.35908379,71.60325929,Cifras definitivas
46,2008,3,Baja California Sur,76.5601701,71.10261266,92.87154478,74.11183156,85.58865614,Cifras definitivas
46,2008,3,Campeche,47.03941514,50.74269754,107.87272203,66.55802396,67.37742649,Cifras definitivas
46,2008,3,Coahuila de Zaragoza,74.58602308,66.80297297,89.56500187,63.54938334,69.88200326,Cifras definitivas
46,2008,3,Colima,56.59258695,51.67917254,91.3179187,46.12739188,52.26025474,Cifras definitivas
46,2008,3,Chiapas,51.75891941,58.39918022,112.82921067,64.1758059,50.3289117,Cifras definitivas
46,2008,3,Chihuahua,67.60705809,68.26688296,100.97597039,59.75269071,47.48747488,Cifras definitivas
46,2008,3,Ciudad de México,74.14331197,69.68212074,93.98301598,68.41829477,67.40508879,Cifras definitivas
46,2008,3,Durango,57.9433089,60.65856696,104.68605972,47.83700016,39.62186381,Cifras definitivas
46,2008,3,Guanajuato,64.26932525,66.31407857,103.18153849,62.47181356,66.20075362,Cifras definitivas
46,2008,3,Guerrero,78.55814135,74.53538912,94.87926756,80.10356349,67.19108988,Cifras definitivas
46,2008,3,Hidalgo,75.42764794,67.45475352,89.42974541,57.48767839,69.32348617,Cifras definitivas
46,2008,3,Jalisco,71.00413788,77.17782019,108.69482046,67.47647441,71.65305718,Cifras definitivas
46,2008,3,México,99.02599372,67.84876586,68.51611714,70.93628038,69.37212063,Cifras definitivas
46,2008,3,Michoacán de Ocampo,63.31474859,58.21171712,91.9402168,49.32340995,47.14356085,Cifras definitivas
46,2008,3,Morelos,65.02770479,63.47695322,97.6152448,76.6395137,80.5114691,Cifras definitivas
46,2008,3,Nayarit,58.43368656,58.62514933,100.32765821,64.2616392,52.73017954,Cifras definitivas
46,2008,3,Nuevo León,62.0265915,70.67694502,113.94620164,64.96195791,63.34100725,Cifras definitivas
46,2008,3,Oaxaca,65.06573161,59.38936984,91.27595797,64.17748187,64.41829045,Cifras definitivas
46,2008,3,Puebla,68.89929595,69.66978521,101.11828321,70.50665564,74.82271046,Cifras definitivas
46,2008,3,Querétaro,57.81030864,56.10871789,97.05659632,48.01530025,50.85482056,Cifras definitivas
46,2008,3,Quintana Roo,49.1988549,60.8185034,123.61772144,54.07008768,59.10512492,Cifras definitivas
46,2008,3,San Luis Potosí,61.01044792,59.57878524,97.65341392,71.85950191,77.42193649,Cifras definitivas
46,2008,3,Sinaloa,66.86289413,57.96573354,86.69342584,64.53482224,71.52809211,Cifras definitivas
46,2008,3,Sonora,66.25797749,69.41631046,104.76672106,45.20377738,37.95199429,Cifras definitivas
46,2008,3,Tabasco,32.24647571,52.1682342,161.77964584,68.98027989,68.88816534,Cifras definitivas
46,2008,3,Tamaulipas,76.14277769,61.24345371,80.43238711,65.16796467,83.00158079,Cifras definitivas
46,2008,3,Tlaxcala,78.65916553,58.77976999,74.72717209,56.28695554,40.22156896,Cifras definitivas
46,2008,3,Veracruz de Ignacio de la Llave,70.72104757,68.15159194,96.3667738,81.33317104,81.36320793,Cifras definitivas
46,2008,3,Yucatán,42.5396114,58.91985287,138.50585591,53.9929224,55.05712557,Cifras definitivas
46,2008,3,Zacatecas,70.13219771,62.25551881,88.7688121,72.91752964,77.99773451,Cifras definitivas
46,2008,4,Aguascalientes,71.5071421,64.98759115,90.88265765,66.7373964,75.89060207,Cifras definitivas
46,2008,4,Baja California,62.01404011,69.62334299,112.27029051,67.04863884,76.57217086,Cifras definitivas
46,2008,4,Baja California Sur,77.46603507,71.10261266,91.78553232,72.89172758,92.85756279,Cifras definitivas
46,2008,4,Campeche,47.27586468,50.76590464,107.38228689,65.59456139,71.80645056,Cifras definitivas
46,2008,4,Coahuila de Zaragoza,74.62338781,66.800922,89.51740729,64.61194089,76.80779153,Cifras definitivas
46,2008,4,Colima,56.80828716,51.67917254,90.97118594,46.89103325,55.92340785,Cifras definitivas
46,2008,4,Chiapas,52.25922911,58.38845074,111.72849607,59.33368573,50.4885991,Cifras definitivas
46,2008,4,Chihuahua,68.54225231,68.67247385,100.18998725,59.60931685,50.90759164,Cifras definitivas
46,2008,4,Ciudad de México,74.52120362,69.89413531,93.79093723,68.06519524,70.72255062,Cifras definitivas
46,2008,4,Durango,57.83037469,60.91661789,105.33671659,47.78187596,44.46017283,Cifras definitivas
46,2008,4,Guanajuato,64.50012684,66.24254543,102.70141886,61.08072336,68.48138547,Cifras definitivas
46,2008,4,Guerrero,78.73582852,74.53538912,94.66514866,75.47921633,68.32158098,Cifras definitivas
46,2008,4,Hidalgo,75.5138834,67.46617748,89.34274658,55.10201362,72.46390927,Cifras definitivas
46,2008,4,Jalisco,70.8417066,77.27754221,109.08481164,67.21959697,76.29509569,Cifras definitivas
46,2008,4,México,99.57422214,67.87786528,68.16811,69.9456648,74.03895379,Cifras definitivas
46,2008,4,Michoacán de Ocampo,63.5453474,58.26485239,91.69019413,47.43355211,49.06246787,Cifras definitivas
46,2008,4,Morelos,66.62964051,63.63021437,95.49836061,71.71894958,81.12573842,Cifras definitivas
46,2008,4,Nayarit,58.80037146,58.62514933,99.70200506,61.21972319,55.25944341,Cifras definitivas
46,2008,4,Nuevo León,63.26190652,70.7975007,111.91174056,67.67000609,69.96167476,Cifras definitivas
46,2008,4,Oaxaca,65.04919713,59.38936984,91.29915888,62.51518017,69.66819919,Cifras definitivas
46,2008,4,Puebla,68.77996122,69.66564384,101.28770445,69.71456677,80.65529921,Cifras definitivas
46,2008,4,Querétaro,57.94726471,56.10871789,96.82720689,48.68033783,53.97834425,Cifras definitivas
46,2008,4,Quintana Roo,49.60585483,60.85958093,122.686286,51.68798607,64.23374776,Cifras definitivas
46,2008,4,San Luis Potosí,61.42828629,59.14477522,96.28263914,67.3867774,72.4534134,Cifras definitivas
46,2008,4,Sinaloa,67.60830589,58.14524616,86.0031107,68.29007727,77.07622615,Cifras definitivas
46,2008,4,Sonora,66.11159961,69.42463952,105.01128384,45.0438025,42.2451934,Cifras definitivas
46,2008,4,Tabasco,32.41753615,53.45414058,164.89266899,68.21065271,74.72550949,Cifras definitivas
46,2008,4,Tamaulipas,76.47961769,61.44348682,80.33968876,64.45462622,88.51253428,Cifras definitivas
46,2008,4,Tlaxcala,78.83648768,58.80107801,74.58612089,54.14199325,41.50804977,Cifras definitivas
46,2008,4,Veracruz de Ignacio de la Llave,71.54556302,68.58709043,95.86491116,80.64715688,87.92507214,Cifras definitivas
46,2008,4,Yucatán,42.75482751,59.81363979,139.89914888,53.24414649,58.51622221,Cifras definitivas
46,2008,4,Zacatecas,70.34082683,62.42137766,88.74131919,73.40160036,85.32992547,Cifras definitivas
46,2008,5,Aguascalientes,71.47044392,65.0152863,90.96807398,69.09473429,73.50459237,Cifras definitivas
46,2008,5,Baja California,61.39256927,70.54124062,114.90191966,67.35958301,72.04353247,Cifras definitivas
46,2008,5,Baja California Sur,74.34985553,71.01906813,95.52011584,74.9437153,87.52323636,Cifras definitivas
46,2008,5,Campeche,47.46761987,50.73287334,106.87890709,67.98805763,71.49841422,Cifras definitivas
46,2008,5,Coahuila de Zaragoza,75.22081487,66.90300559,88.94214415,65.46277022,72.66059608,Cifras definitivas
46,2008,5,Colima,57.08234762,51.67917254,90.53442035,46.67382763,52.98613555,Cifras definitivas
46,2008,5,Chiapas,52.61987197,58.41888228,111.02057092,67.50383957,53.2860793,Cifras definitivas
46,2008,5,Chihuahua,68.68884606,68.6756893,99.98084586,62.49436839,50.50331998,Cifras definitivas
46,2008,5,Ciudad de México,74.8384422,70.09925232,93.66743917,72.44065088,71.15395135,Cifras definitivas
46,2008,5,Durango,57.49628711,60.9287809,105.96993991,48.35136808,41.70146797,Cifras definitivas
46,2008,5,Guanajuato,64.66591854,66.24501684,102.44193284,65.22166365,66.72363213,Cifras definitivas
46,2008,5,Guerrero,77.97346008,74.55077597,95.61044988,80.55024236,68.22065834,Cifras definitivas
46,2008,5,Hidalgo,75.75765394,67.4604655,89.04772256,58.43645846,70.32071194,Cifras definitivas
46,2008,5,Jalisco,71.73106368,77.60381566,108.18718095,69.50829169,72.42724388,Cifras definitivas
46,2008,5,México,99.37746035,67.88246367,68.30770623,73.81359915,72.47923848,Cifras definitivas
46,2008,5,Michoacán de Ocampo,63.59353092,58.30256571,91.68002604,51.6968471,49.12651019,Cifras definitivas
46,2008,5,Morelos,65.59152957,63.63021437,97.00980414,74.03411006,78.62325935,Cifras definitivas
46,2008,5,Nayarit,58.61568911,58.66019306,100.07592498,66.70088352,53.54812066,Cifras definitivas
46,2008,5,Nuevo León,63.20213679,70.89020276,112.16425007,68.95967,67.48316578,Cifras definitivas
46,2008,5,Oaxaca,64.98460915,59.36866863,91.35804525,65.87539171,66.49430503,Cifras definitivas
46,2008,5,Puebla,67.74850916,69.71310393,102.89983469,73.45556306,77.5811364,Cifras definitivas
46,2008,5,Querétaro,58.39196631,56.10871789,96.08979015,50.97720155,53.29666669,Cifras definitivas
46,2008,5,Quintana Roo,49.9275381,60.94078305,122.05845786,53.50615975,61.63851018,Cifras definitivas
46,2008,5,San Luis Potosí,61.78769356,59.16358328,95.75302115,64.29936114,72.32796861,Cifras definitivas
46,2008,5,Sinaloa,68.67693162,58.74731796,85.54155897,69.11236052,68.52129693,Cifras definitivas
46,2008,5,Sonora,65.99249705,69.36516532,105.11068443,47.22411905,39.46739251,Cifras definitivas
46,2008,5,Tabasco,32.92764292,53.42386392,162.24624414,72.71979533,71.5228056,Cifras definitivas
46,2008,5,Tamaulipas,76.93652435,60.88967185,79.14273794,66.7681355,83.36511434,Cifras definitivas
46,2008,5,Tlaxcala,77.88126147,58.80102407,75.50086242,57.77347964,42.90272967,Cifras definitivas
46,2008,5,Veracruz de Ignacio de la Llave,71.49164067,68.59855038,95.95324675,84.16881257,84.50155286,Cifras definitivas
46,2008,5,Yucatán,43.98106938,59.78482446,135.93308508,58.67354363,60.66758898,Cifras definitivas
46,2008,5,Zacatecas,70.78788329,62.41587859,88.17311055,75.15263917,81.0695034,Cifras definitivas
46,2008,6,Aguascalientes,72.40561876,65.0152863,89.79315061,66.94248478,73.06473155,Cifras definitivas
46,2008,6,Baja California,61.34108015,71.07241091,115.86429638,69.4222512,73.88568678,Cifras definitivas
46,2008,6,Baja California Sur,73.78460751,71.01906813,96.25187492,73.53729609,89.79076201,Cifras definitivas
46,2008,6,Campeche,46.48740392,50.73287334,109.13251561,66.82954223,73.10655916,Cifras definitivas
46,2008,6,Coahuila de Zaragoza,75.4785452,67.00442913,88.77281478,66.79361082,74.5895643,Cifras definitivas
46,2008,6,Colima,56.34928783,51.67917254,91.71220175,46.95972304,54.44115724,Cifras definitivas
46,2008,6,Chiapas,52.72803909,58.4081528,110.77247288,56.2279991,59.81280466,Cifras definitivas
46,2008,6,Chihuahua,69.49955963,68.86965294,99.0936537,62.67088672,52.65853675,Cifras definitivas
46,2008,6,Ciudad de México,75.47528688,70.23498234,93.05692664,70.60473613,70.66725375,Cifras definitivas
46,2008,6,Durango,57.93615,60.98790718,105.26744905,47.67538645,42.4521125,Cifras definitivas
46,2008,6,Guanajuato,63.95918094,66.21231344,103.52276634,63.333897,66.62743512,Cifras definitivas
46,2008,6,Guerrero,77.7236344,74.55077597,95.91776883,73.70550972,73.12929533,Cifras definitivas
46,2008,6,Hidalgo,75.7400277,67.57834343,89.22408069,55.63904374,74.11706283,Cifras definitivas
46,2008,6,Jalisco,72.04865812,77.63252349,107.75013097,67.99540854,73.25636113,Cifras definitivas
46,2008,6,México,99.87242528,67.54220256,67.6284794,70.49346204,74.98589438,Cifras definitivas
46,2008,6,Michoacán de Ocampo,63.34270221,58.27476447,91.9991766,47.01038552,52.4269466,Cifras definitivas
46,2008,6,Morelos,66.7695091,63.63021437,95.2983109,71.0508253,78.22310217,Cifras definitivas
46,2008,6,Nayarit,58.48456099,58.66019306,100.30030502,60.54181077,56.42310547,Cifras definitivas
46,2008,6,Nuevo León,63.58488335,70.79414808,111.33801676,69.2058086,69.71496313,Cifras definitivas
46,2008,6,Oaxaca,64.94472427,59.36866863,91.41415149,62.89359588,65.7329648,Cifras definitivas
46,2008,6,Puebla,68.08290587,69.71310393,102.39443079,69.50266684,79.37488817,Cifras definitivas
46,2008,6,Querétaro,58.72814385,56.33747118,95.92925553,48.55782113,53.44684116,Cifras definitivas
46,2008,6,Quintana Roo,49.85408463,60.95832691,122.27348544,52.70649178,60.66636126,Cifras definitivas
46,2008,6,San Luis Potosí,61.59704557,59.22309773,96.14600373,61.98441548,69.7855007,Cifras definitivas
46,2008,6,Sinaloa,69.47488925,58.84362749,84.69769168,86.63664695,83.1324501,Cifras definitivas
46,2008,6,Sonora,66.47191195,69.46405632,104.50136649,46.64249504,39.6154486,Cifras definitivas
46,2008,6,Tabasco,33.73128689,58.80298262,174.3277178,70.24914644,74.37544153,Cifras definitivas
46,2008,6,Tamaulipas,76.74879225,61.28090868,79.84608863,67.90244888,87.16796235,Cifras definitivas
46,2008,6,Tlaxcala,78.06814586,58.80102407,75.32012375,53.29471759,44.60630903,Cifras definitivas
46,2008,6,Veracruz de Ignacio de la Llave,71.38163297,68.68169766,96.21760501,80.25806628,82.93989969,Cifras definitivas
46,2008,6,Yucatán,43.18511368,60.08536808,139.13444463,54.04048362,58.8571983,Cifras definitivas
46,2008,6,Zacatecas,70.76644644,62.41587859,88.1998203,74.48087669,85.86629993,Cifras definitivas
46,2008,7,Aguascalientes,73.16144754,65.01061551,88.85911596,71.88370196,77.40329168,Cifras definitivas
46,2008,7,Baja California,61.3235644,71.08518426,115.91821995,70.45348047,79.06886609,Cifras definitivas
46,2008,7,Baja California Sur,71.72607637,71.07068854,99.08626282,74.74808207,90.59501106,Cifras definitivas
46,2008,7,Campeche,46.77514775,50.72819171,108.45116296,69.17884178,76.53491383,Cifras definitivas
46,2008,7,Coahuila de Zaragoza,76.12931361,67.0368986,88.05661764,67.27018832,77.70142697,Cifras definitivas
46,2008,7,Colima,56.79214244,51.67917254,90.99704699,47.53324538,56.58482667,Cifras definitivas
46,2008,7,Chiapas,52.15673403,57.68907215,110.60714062,59.84536861,62.54687546,Cifras definitivas
46,2008,7,Chihuahua,69.85129363,68.93910906,98.69410497,62.92943588,53.98609398,Cifras definitivas
46,2008,7,Ciudad de México,75.65661214,70.29739221,92.91638922,72.91915338,75.00478318,Cifras definitivas
46,2008,7,Durango,58.35010917,61.13026774,104.76461588,49.31904213,45.51644981,Cifras definitivas
46,2008,7,Guanajuato,64.54530372,66.19317953,102.553053,67.66974184,72.00090692,Cifras definitivas
46,2008,7,Guerrero,77.09417349,74.55077597,96.70092122,76.8450817,75.37674558,Cifras definitivas
46,2008,7,Hidalgo,76.21488559,67.57834343,88.66816883,56.12206473,75.09617961,Cifras definitivas
46,2008,7,Jalisco,72.69652763,77.82686268,107.05719409,70.75401243,77.40645202,Cifras definitivas
46,2008,7,México,100.34551282,67.56060566,67.32797886,71.37176367,77.48782209,Cifras definitivas
46,2008,7,Michoacán de Ocampo,63.33752845,58.27320218,92.00422499,49.29502529,55.68125518,Cifras definitivas
46,2008,7,Morelos,66.58208915,63.79339835,95.8116502,73.15764966,82.1969355,Cifras definitivas
46,2008,7,Nayarit,58.69504064,58.66019306,99.94062943,62.99337007,60.22979278,Cifras definitivas
46,2008,7,Nuevo León,64.422759,70.56793412,109.53882636,71.35153403,72.921282,Cifras definitivas
46,2008,7,Oaxaca,65.1818785,59.36866863,91.08155517,64.75942022,69.4536873,Cifras definitivas
46,2008,7,Puebla,67.93981764,70.09182096,103.16751412,70.8160154,82.14258021,Cifras definitivas
46,2008,7,Querétaro,58.96021931,56.5243897,95.86868971,50.25074067,54.62303274,Cifras definitivas
46,2008,7,Quintana Roo,50.81222375,61.08446184,120.21607663,56.40580057,65.00278555,Cifras definitivas
46,2008,7,San Luis Potosí,62.19542626,59.50479971,95.67391573,71.13156927,78.46984975,Cifras definitivas
46,2008,7,Sinaloa,70.51852194,58.93274502,83.57059025,74.55305573,102.87993698,Cifras definitivas
46,2008,7,Sonora,66.10898486,69.73371628,105.48296336,46.84855646,40.66147803,Cifras definitivas
46,2008,7,Tabasco,33.56790815,59.48655718,177.21258326,73.31531279,81.7577331,Cifras definitivas
46,2008,7,Tamaulipas,77.7316382,61.37298919,78.95496687,68.22946021,90.45237535,Cifras definitivas
46,2008,7,Tlaxcala,78.6473024,58.80388121,74.76910131,55.34889863,44.61314374,Cifras definitivas
46,2008,7,Veracruz de Ignacio de la Llave,72.09648722,69.05317342,95.77883207,83.19621365,88.04977065,Cifras definitivas
46,2008,7,Yucatán,43.29544322,61.3938218,141.8020402,56.19628073,59.97046363,Cifras definitivas
46,2008,7,Zacatecas,70.9548552,62.7544995,88.44285472,80.37871104,94.22854384,Cifras definitivas
46,2008,8,Aguascalientes,73.04580251,65.01061551,88.9997964,70.01047404,76.53108657,Cifras definitivas
46,2008,8,Baja California,61.33047713,71.68730326,116.88691596,70.27862578,76.44350778,Cifras definitivas
46,2008,8,Baja California Sur,71.49250533,71.07068854,99.4099846,75.77747263,87.21839407,Cifras definitivas
46,2008,8,Campeche,46.67706675,50.73799105,108.70004176,69.31190513,73.87568397,Cifras definitivas
46,2008,8,Coahuila de Zaragoza,75.72682583,67.06548361,88.56238575,68.13959801,75.66667137,Cifras definitivas
46,2008,8,Colima,56.24599214,51.93906516,92.34269534,47.87188869,55.38652648,Cifras definitivas
46,2008,8,Chiapas,51.60071323,56.90857327,110.28640828,66.93565451,64.35975559,Cifras definitivas
46,2008,8,Chihuahua,69.56677553,68.94980762,99.11312849,62.75760012,51.52420648,Cifras definitivas
46,2008,8,Ciudad de México,75.86845892,70.43345418,92.83627898,72.53097835,72.33772299,Cifras definitivas
46,2008,8,Durango,58.20899065,61.72759523,106.04477855,50.205489,43.73604525,Cifras definitivas
46,2008,8,Guanajuato,64.52845119,66.35589787,102.83200146,66.046608,68.70395484,Cifras definitivas
46,2008,8,Guerrero,76.63078182,74.54966713,97.28423143,79.87598376,73.8636964,Cifras definitivas
46,2008,8,Hidalgo,76.13864922,67.69622135,88.91177089,57.54269206,75.85346188,Cifras definitivas
46,2008,8,Jalisco,72.68068168,77.79856702,107.04160338,70.48922262,75.96853717,Cifras definitivas
46,2008,8,México,100.50393696,67.59190899,67.25299629,73.60723651,76.51952732,Cifras definitivas
46,2008,8,Michoacán de Ocampo,63.46930978,58.29106238,91.84133652,51.10898547,55.61089601,Cifras definitivas
46,2008,8,Morelos,66.75916207,63.81048849,95.58311775,74.30494359,82.64824738,Cifras definitivas
46,2008,8,Nayarit,58.69739328,58.66019306,99.93662373,64.22627949,58.24807809,Cifras definitivas
46,2008,8,Nuevo León,64.65108734,71.09088911,109.96085609,70.45095626,70.11183335,Cifras definitivas
46,2008,8,Oaxaca,65.36623598,59.32620425,90.759707,65.57285669,69.31761748,Cifras definitivas
46,2008,8,Puebla,68.34594384,70.10591343,102.57509004,72.54083089,82.75836054,Cifras definitivas
46,2008,8,Querétaro,58.91302442,56.5243897,95.94548957,50.76242228,55.31913236,Cifras definitivas
46,2008,8,Quintana Roo,50.6560667,61.00986164,120.43939772,54.68890047,59.60012096,Cifras definitivas
46,2008,8,San Luis Potosí,62.42845324,59.51378481,95.3311859,67.07531261,76.71589706,Cifras definitivas
46,2008,8,Sinaloa,70.29122853,58.95145798,83.86744579,67.68784531,71.06556992,Cifras definitivas
46,2008,8,Sonora,66.18207132,69.74204534,105.37906105,47.26879304,39.15983692,Cifras definitivas
46,2008,8,Tabasco,33.18519712,59.44437926,179.12920344,73.75880397,76.99859716,Cifras definitivas
46,2008,8,Tamaulipas,77.30388303,61.0658486,78.99454233,69.26732633,88.94761339,Cifras definitivas
46,2008,8,Tlaxcala,79.10513161,58.80389919,74.33639006,59.25975137,46.06811143,Cifras definitivas
46,2008,8,Veracruz de Ignacio de la Llave,72.35583481,69.0788581,95.47102633,84.35420463,86.38427366,Cifras definitivas
46,2008,8,Yucatán,43.17311263,61.64591105,142.78773823,57.11486216,59.30015012,Cifras definitivas
46,2008,8,Zacatecas,71.2718881,62.81817633,88.13878516,75.89681686,89.59398688,Cifras definitivas
46,2008,9,Aguascalientes,73.82498845,65.01061551,88.06044793,65.79009326,70.86019492,Cifras definitivas
46,2008,9,Baja California,61.04513625,71.5843394,117.26460746,66.77318856,74.67597037,Cifras definitivas
46,2008,9,Baja California Sur,71.24375008,71.07068854,99.7570853,68.95419565,84.167319,Cifras definitivas
46,2008,9,Campeche,47.03495156,50.73801591,107.87300556,64.72741675,73.41890015,Cifras definitivas
46,2008,9,Coahuila de Zaragoza,75.86116501,66.86439001,88.14047346,63.93809499,72.11862785,Cifras definitivas
46,2008,9,Colima,56.88585889,52.08541863,91.56127664,43.34521746,51.97441558,Cifras definitivas
46,2008,9,Chiapas,51.44684992,56.9120479,110.62299828,56.78039104,61.69517927,Cifras definitivas
46,2008,9,Chihuahua,69.07343584,68.95554016,99.82931835,59.27149827,49.69520572,Cifras definitivas
46,2008,9,Ciudad de México,75.94640631,70.48905273,92.81420432,66.75369984,69.70477914,Cifras definitivas
46,2008,9,Durango,58.2202988,62.00837794,106.50645774,45.35284492,41.47744419,Cifras definitivas
46,2008,9,Guanajuato,64.69559766,66.37392658,102.59419339,59.30116025,68.44460164,Cifras definitivas
46,2008,9,Guerrero,78.52847071,74.55179241,94.9360044,70.20692779,70.15249029,Cifras definitivas
46,2008,9,Hidalgo,76.25700795,67.80838564,88.92085785,52.61405883,71.72941425,Cifras definitivas
46,2008,9,Jalisco,72.67297055,77.73444626,106.96472935,65.35706013,71.40578972,Cifras definitivas
46,2008,9,México,100.73348239,68.10500057,67.60909973,68.52997825,74.68691693,Cifras definitivas
46,2008,9,Michoacán de Ocampo,63.67915829,58.29547343,91.54560926,45.93864347,53.17084747,Cifras definitivas
46,2008,9,Morelos,66.71416802,63.81537139,95.65490103,69.80768554,78.07102648,Cifras definitivas
46,2008,9,Nayarit,58.85885657,58.75134143,99.81733396,58.6426087,55.08513961,Cifras definitivas
46,2008,9,Nuevo León,64.64242292,71.16269451,110.08667574,66.52052005,68.60435715,Cifras definitivas
46,2008,9,Oaxaca,65.073316,59.32620425,91.16825128,61.0654607,67.11199007,Cifras definitivas
46,2008,9,Puebla,68.37053012,70.21743754,102.7013209,67.1613498,80.30697839,Cifras definitivas
46,2008,9,Querétaro,59.27910953,56.55565253,95.40570528,48.02533449,52.59193931,Cifras definitivas
46,2008,9,Quintana Roo,50.552655,61.91270663,122.47172108,46.62654914,55.73163596,Cifras definitivas
46,2008,9,San Luis Potosí,62.20107597,59.54683787,95.73280999,64.25329309,72.07007007,Cifras definitivas
46,2008,9,Sinaloa,70.44744931,59.05165471,83.82369452,61.52683969,65.90610972,Cifras definitivas
46,2008,9,Sonora,66.39905804,69.73519729,105.02437738,44.24991783,38.4892922,Cifras definitivas
46,2008,9,Tabasco,33.14146919,62.24715343,187.82255269,68.38558181,73.31765019,Cifras definitivas
46,2008,9,Tamaulipas,76.87926363,61.36675124,79.82224119,63.91682053,84.12951535,Cifras definitivas
46,2008,9,Tlaxcala,79.48302034,58.80389919,73.98297012,53.27322429,43.99645391,Cifras definitivas
46,2008,9,Veracruz de Ignacio de la Llave,72.38649961,69.18079423,95.57140434,75.86987872,81.51508773,Cifras definitivas
46,2008,9,Yucatán,43.43515618,61.67662464,141.99701363,52.49260328,56.9818984,Cifras definitivas
46,2008,9,Zacatecas,70.00144696,63.26993779,90.3837571,73.44668949,83.61490567,Cifras definitivas
46,2008,10,Aguascalientes,74.53516991,65.16559112,87.42931853,70.38276172,77.46829945,Cifras definitivas
46,2008,10,Baja California,61.67639823,71.60361806,116.09565428,68.84676268,79.59982492,Cifras definitivas
46,2008,10,Baja California Sur,71.8156486,70.98385415,98.84176434,73.85881637,94.55597135,Cifras definitivas
46,2008,10,Campeche,47.86640594,50.73801591,105.99921785,67.79982751,77.26000849,Cifras definitivas
46,2008,10,Coahuila de Zaragoza,75.80565089,66.91735107,88.2748849,66.24420365,79.7271601,Cifras definitivas
46,2008,10,Colima,57.11548473,52.15008684,91.3063893,46.82706691,58.79087561,Cifras definitivas
46,2008,10,Chiapas,51.98137914,56.91929145,109.49938688,62.87125733,65.54340896,Cifras definitivas
46,2008,10,Chihuahua,68.00405309,68.95192812,101.39385079,60.5753442,53.98820769,Cifras definitivas
46,2008,10,Ciudad de México,76.22169553,70.61233609,92.64073122,69.83202419,78.34018728,Cifras definitivas
46,2008,10,Durango,58.23143063,62.00837794,106.4860974,47.34302399,46.29023391,Cifras definitivas
46,2008,10,Guanajuato,64.73476964,66.47945149,102.69512328,61.81943914,71.37633561,Cifras definitivas
46,2008,10,Guerrero,79.10263884,74.56599659,94.26486611,76.29229613,78.49805281,Cifras definitivas
46,2008,10,Hidalgo,76.70267509,67.81980961,88.41909299,56.81410748,81.69227789,Cifras definitivas
46,2008,10,Jalisco,73.30696374,77.76412953,106.08013968,68.69696322,80.35088566,Cifras definitivas
46,2008,10,México,101.53112121,68.50377694,67.47071846,72.61962876,87.83951435,Cifras definitivas
46,2008,10,Michoacán de Ocampo,63.67430895,58.29988448,91.55950876,50.65547616,60.04953504,Cifras definitivas
46,2008,10,Morelos,66.76677174,63.83682671,95.61167186,73.96835384,88.11990712,Cifras definitivas
46,2008,10,Nayarit,60.19086558,58.78745795,97.66840431,64.64100626,64.37779159,Cifras definitivas
46,2008,10,Nuevo León,64.44855787,71.29545008,110.6238098,70.17968213,75.94226016,Cifras definitivas
46,2008,10,Oaxaca,64.81313016,59.65574548,92.04268538,66.13026245,75.11352914,Cifras definitivas
46,2008,10,Puebla,69.34944863,70.22191112,101.25806695,71.43431886,86.58641841,Cifras definitivas
46,2008,10,Querétaro,59.49195567,56.55565253,95.06436945,50.4715875,60.0508682,Cifras definitivas
46,2008,10,Quintana Roo,51.65224739,62.47171856,120.94675782,48.57138912,62.34829468,Cifras definitivas
46,2008,10,San Luis Potosí,61.99004264,59.48865477,95.96485538,66.70707912,79.31636459,Cifras definitivas
46,2008,10,Sinaloa,69.88374909,59.15053957,84.64133699,67.02649088,77.82998341,Cifras definitivas
46,2008,10,Sonora,66.59232957,69.7657372,104.76542516,48.71622382,44.69036817,Cifras definitivas
46,2008,10,Tabasco,33.91744025,62.25149825,183.53831478,71.65856979,81.64079382,Cifras definitivas
46,2008,10,Tamaulipas,77.48916657,61.1591447,78.92605819,69.07978629,97.26389382,Cifras definitivas
46,2008,10,Tlaxcala,79.75784741,59.28194173,74.32740935,57.04222999,48.97749287,Cifras definitivas
46,2008,10,Veracruz de Ignacio de la Llave,72.76498344,69.19492615,95.09371524,82.10962814,93.25621473,Cifras definitivas
46,2008,10,Yucatán,44.73587602,62.29336052,139.24698936,54.21022444,59.90917234,Cifras definitivas
46,2008,10,Zacatecas,70.72934341,63.23861847,89.40931079,72.25446433,92.58976336,Cifras definitivas
46,2008,11,Aguascalientes,75.12768378,65.15348042,86.72366449,69.66147086,76.22180385,Cifras definitivas
46,2008,11,Baja California,62.14827237,71.56490947,115.15188877,68.00895814,72.61351683,Cifras definitivas
46,2008,11,Baja California Sur,73.0876628,71.42535042,97.725591,74.35546781,88.77892098,Cifras definitivas
46,2008,11,Campeche,48.18874105,50.73801591,105.29018772,69.8341017,76.79005936,Cifras definitivas
46,2008,11,Coahuila de Zaragoza,76.76011001,66.93145956,87.19562746,66.92752201,75.48827975,Cifras definitivas
46,2008,11,Colima,57.66083564,52.29644031,90.69663963,46.73381026,56.49172679,Cifras definitivas
46,2008,11,Chiapas,52.28550585,57.30417615,109.59858802,64.8809797,74.04358901,Cifras definitivas
46,2008,11,Chihuahua,67.69192784,69.00182991,101.93509346,60.80904572,51.2236684,Cifras definitivas
46,2008,11,Ciudad de México,76.80060957,70.62435229,91.95806216,72.08658253,75.04647341,Cifras definitivas
46,2008,11,Durango,59.63525866,62.00837794,103.9793896,50.23994868,46.1825765,Cifras definitivas
46,2008,11,Guanajuato,65.90026508,66.55059516,100.98683985,63.62979167,68.23763238,Cifras definitivas
46,2008,11,Guerrero,80.84363779,74.56599659,92.23483582,78.32176294,80.50807649,Cifras definitivas
46,2008,11,Hidalgo,77.59394476,67.86688135,87.46414628,56.50253777,79.91355813,Cifras definitivas
46,2008,11,Jalisco,74.50641853,77.80812332,104.43143672,68.89136731,75.50283217,Cifras definitivas
46,2008,11,México,101.0167586,68.65270392,67.96169752,74.65608758,85.72003092,Cifras definitivas
46,2008,11,Michoacán de Ocampo,64.20049475,58.35659598,90.89742409,51.27591664,59.51377047,Cifras definitivas
46,2008,11,Morelos,66.57200348,63.83682671,95.89140085,74.19453326,84.73149094,Cifras definitivas
46,2008,11,Nayarit,60.91045763,58.82357448,96.57385081,63.90337586,64.70567185,Cifras definitivas
46,2008,11,Nuevo León,65.11347913,71.39830417,109.65211063,68.53284034,69.64362885,Cifras definitivas
46,2008,11,Oaxaca,66.31477267,59.57081671,89.83038667,65.42199998,70.9851532,Cifras definitivas
46,2008,11,Puebla,69.71135411,70.23381936,100.74946938,73.64897724,87.36269644,Cifras definitivas
46,2008,11,Querétaro,60.36611465,57.05287427,94.5114235,50.27248955,56.90996059,Cifras definitivas
46,2008,11,Quintana Roo,51.78155083,62.47171856,120.6447423,50.87347811,59.90489859,Cifras definitivas
46,2008,11,San Luis Potosí,63.13262877,59.56055217,94.34194858,67.03561641,76.84978075,Cifras definitivas
46,2008,11,Sinaloa,70.71167286,59.16506945,83.67086657,64.80120143,70.63134102,Cifras definitivas
46,2008,11,Sonora,67.57934791,69.78517169,103.26405011,46.22228957,40.04345894,Cifras definitivas
46,2008,11,Tabasco,34.00537389,62.74637195,184.51898854,75.09277472,82.32608438,Cifras definitivas
46,2008,11,Tamaulipas,78.35347253,61.229141,78.14477013,69.93423909,88.76835998,Cifras definitivas
46,2008,11,Tlaxcala,80.65626328,59.28194173,73.49948946,58.2602332,47.98613951,Cifras definitivas
46,2008,11,Veracruz de Ignacio de la Llave,73.45448871,69.21081117,94.22271176,82.77278074,88.97700985,Cifras definitivas
46,2008,11,Yucatán,44.72454586,62.98989451,140.83965147,56.15859352,61.83682233,Cifras definitivas
46,2008,11,Zacatecas,70.5879671,63.26993779,89.63275242,74.48526174,89.31420475,Cifras definitivas
46,2008,12,Aguascalientes,76.39628079,65.18950815,85.33073531,86.91925184,82.10417935,Cifras definitivas
46,2008,12,Baja California,62.75111268,73.18226552,116.62305638,84.59966545,82.81813701,Cifras definitivas
46,2008,12,Baja California Sur,73.23196202,71.42535042,97.53302854,100.78101329,99.64834239,Cifras definitivas
46,2008,12,Campeche,48.19454329,50.74693117,105.2960101,86.67203385,86.74746212,Cifras definitivas
46,2008,12,Coahuila de Zaragoza,76.00443614,66.92824783,88.058344,86.96204105,82.16673494,Cifras definitivas
46,2008,12,Colima,57.42153679,52.36958274,91.20198739,63.40912257,61.77368679,Cifras definitivas
46,2008,12,Chiapas,52.34394467,57.30417615,109.47622788,75.28791737,75.54532603,Cifras definitivas
46,2008,12,Chihuahua,68.28878266,69.12197404,101.22009992,76.76771092,54.99579891,Cifras definitivas
46,2008,12,Ciudad de México,77.05394938,70.66144193,91.70385489,91.27270454,80.23402132,Cifras definitivas
46,2008,12,Durango,59.49256937,62.01790528,104.24479214,62.97117701,49.96647251,Cifras definitivas
46,2008,12,Guanajuato,66.63800967,66.56146995,99.88514105,79.85692831,76.89004111,Cifras definitivas
46,2008,12,Guerrero,81.15419196,74.56599659,91.88187916,99.81649563,86.97083679,Cifras definitivas
46,2008,12,Hidalgo,77.40312216,68.04655423,87.91189855,68.90420203,83.88945918,Cifras definitivas
46,2008,12,Jalisco,73.76213065,77.89973197,105.60938422,82.82220405,78.13084478,Cifras definitivas
46,2008,12,México,101.64262637,68.67151402,67.56172727,91.98208881,87.15622183,Cifras definitivas
46,2008,12,Michoacán de Ocampo,64.92079828,58.29288414,89.79076919,62.2754321,61.69875554,Cifras definitivas
46,2008,12,Morelos,68.00122866,63.80087731,93.82312433,94.57597764,96.07974086,Cifras definitivas
46,2008,12,Nayarit,60.85908248,58.84109634,96.68416601,78.6726511,65.79924782,Cifras definitivas
46,2008,12,Nuevo León,65.02113368,71.62360363,110.15434456,82.84560305,72.89199846,Cifras definitivas
46,2008,12,Oaxaca,66.57800222,59.57081671,89.47522413,82.28217592,79.64436792,Cifras definitivas
46,2008,12,Puebla,70.22163999,70.2222272,100.00083622,89.67501616,90.66559178,Cifras definitivas
46,2008,12,Querétaro,60.32769103,57.05287427,94.57161926,63.14383511,61.84100524,Cifras definitivas
46,2008,12,Quintana Roo,52.53672449,63.31957208,120.52440021,68.65689654,63.61307296,Cifras definitivas
46,2008,12,San Luis Potosí,64.21267823,59.56654224,92.76445693,83.99790424,81.8088071,Cifras definitivas
46,2008,12,Sinaloa,70.18142896,59.23557812,84.40349391,80.61166055,79.88250689,Cifras definitivas
46,2008,12,Sonora,67.18337696,69.79905347,103.89333884,57.03903351,44.83492112,Cifras definitivas
46,2008,12,Tabasco,34.5690368,62.76809603,181.57317021,94.9769855,84.98561517,Cifras definitivas
46,2008,12,Tamaulipas,78.1779078,61.26328438,78.3639344,88.4294637,98.06937397,Cifras definitivas
46,2008,12,Tlaxcala,80.53910846,59.28194173,73.60640422,68.57070567,50.66572616,Cifras definitivas
46,2008,12,Veracruz de Ignacio de la Llave,74.00398611,69.21191564,93.5245779,108.15285543,97.56896166,Cifras definitivas
46,2008,12,Yucatán,44.93631639,63.17901739,140.59678778,70.7899585,68.56947164,Cifras definitivas
46,2008,12,Zacatecas,70.25484628,63.29193412,90.08906498,90.01679844,97.90573555,Cifras definitivas
46,2009,1,Aguascalientes,73.24521435,63.59211162,86.82084172,70.76232747,67.5021739,Cifras definitivas
46,2009,1,Baja California,62.35937626,68.04883017,109.12365429,70.37772146,67.26172866,Cifras definitivas
46,2009,1,Baja California Sur,71.54369108,68.49040638,95.7322796,73.70225207,74.2333591,Cifras definitivas
46,2009,1,Campeche,47.32466284,47.60809104,100.59890168,67.12537992,67.41443514,Cifras definitivas
46,2009,1,Coahuila de Zaragoza,75.86835322,68.77399872,90.64912549,67.4169878,67.02462825,Cifras definitivas
46,2009,1,Colima,56.94486671,50.57414152,88.81246799,47.05110663,50.06040096,Cifras definitivas
46,2009,1,Chiapas,50.96391236,61.41856588,120.51383623,57.91927884,60.54738607,Cifras definitivas
46,2009,1,Chihuahua,67.38402943,67.71229586,100.48715761,59.5820783,44.06587284,Cifras definitivas
46,2009,1,Ciudad de México,75.76267788,68.77990282,90.78335764,70.37430066,62.81363662,Cifras definitivas
46,2009,1,Durango,55.24855412,60.12731022,108.83055888,47.51865727,39.06898388,Cifras definitivas
46,2009,1,Guanajuato,66.9271176,65.0153501,97.14350839,63.4063873,58.45283407,Cifras definitivas
46,2009,1,Guerrero,78.69875441,76.0475555,96.63120601,75.58079549,70.46605355,Cifras definitivas
46,2009,1,Hidalgo,75.64166367,68.25911679,90.24010509,55.06724067,70.2391282,Cifras definitivas
46,2009,1,Jalisco,72.38082141,73.44594748,101.47155842,70.19605879,69.01034116,Cifras definitivas
46,2009,1,México,99.928915,65.40652635,65.45305365,72.2265362,70.0226351,Cifras definitivas
46,2009,1,Michoacán de Ocampo,65.2216606,60.01640514,92.01913074,49.92350919,52.98661737,Cifras definitivas
46,2009,1,Morelos,66.47165239,62.07686675,93.38848143,76.66377279,80.89242667,Cifras definitivas
46,2009,1,Nayarit,59.67146146,58.20244937,97.5381664,62.63573323,56.16799979,Cifras definitivas
46,2009,1,Nuevo León,66.1490344,69.59406397,105.20798165,65.39404468,59.71207425,Cifras definitivas
46,2009,1,Oaxaca,65.48923542,58.63263233,89.53018302,63.35083482,60.51771634,Cifras definitivas
46,2009,1,Puebla,68.90084021,68.44618828,99.34013587,71.8086661,74.35618975,Cifras definitivas
46,2009,1,Querétaro,60.17862806,54.51240925,90.58433369,51.63284819,51.28595652,Cifras definitivas
46,2009,1,Quintana Roo,51.45067266,60.40680631,117.40722363,51.46276482,52.1633957,Cifras definitivas
46,2009,1,San Luis Potosí,62.40134062,59.04883638,94.62751248,66.85168238,67.57450556,Cifras definitivas
46,2009,1,Sinaloa,71.91232414,58.78080424,81.73954179,61.40704039,63.56313561,Cifras definitivas
46,2009,1,Sonora,67.04093607,65.52455844,97.73813178,46.155648,37.70815177,Cifras definitivas
46,2009,1,Tabasco,34.66249402,57.5068938,165.90523973,69.5888317,67.27694703,Cifras definitivas
46,2009,1,Tamaulipas,77.12279459,60.86666474,78.92175726,68.5614369,79.04935042,Cifras definitivas
46,2009,1,Tlaxcala,80.94994808,61.55331309,76.03873078,55.38695994,41.4292959,Cifras definitivas
46,2009,1,Veracruz de Ignacio de la Llave,70.12715503,67.26275196,95.91541526,80.97148801,76.37035188,Cifras definitivas
46,2009,1,Yucatán,44.92758893,60.00806862,133.56618962,55.04005008,53.24196643,Cifras definitivas
46,2009,1,Zacatecas,69.47365402,62.6680122,90.20399615,72.36848572,79.95031102,Cifras definitivas
46,2009,2,Aguascalientes,72.25456021,61.51705171,85.1393345,62.21836413,63.21223719,Cifras definitivas
46,2009,2,Baja California,62.05723731,65.63417259,105.76392929,63.50448782,64.25891813,Cifras definitivas
46,2009,2,Baja California Sur,72.24137395,65.12174436,90.14466475,65.56634862,73.00791659,Cifras definitivas
46,2009,2,Campeche,46.96712077,46.9430764,99.94880595,61.1689524,64.69285443,Cifras definitivas
46,2009,2,Coahuila de Zaragoza,75.2858882,65.00007481,86.33766083,59.36770495,64.8563775,Cifras definitivas
46,2009,2,Colima,56.62854256,47.46482033,83.81783847,41.97310611,47.66169944,Cifras definitivas
46,2009,2,Chiapas,50.82743421,59.13810868,116.35076529,54.30321989,57.86136068,Cifras definitivas
46,2009,2,Chihuahua,66.39068318,64.11137024,96.56681807,53.58513735,43.97408904,Cifras definitivas
46,2009,2,Ciudad de México,75.38778739,65.7208461,87.17704601,61.40599609,59.17600635,Cifras definitivas
46,2009,2,Durango,54.4310833,56.26539605,103.36997289,42.42702636,36.65924852,Cifras definitivas
46,2009,2,Guanajuato,66.42171112,63.03280729,94.89789743,56.23762164,56.58797691,Cifras definitivas
46,2009,2,Guerrero,79.49401013,72.60640184,91.33568897,67.01473895,64.72881144,Cifras definitivas
46,2009,2,Hidalgo,75.51911055,67.02737364,88.75551255,50.0193794,67.09665634,Cifras definitivas
46,2009,2,Jalisco,73.05522623,73.37301459,100.43499743,63.09265606,64.19347077,Cifras definitivas
46,2009,2,México,99.98035298,63.40613712,63.41859698,63.583512,66.42558256,Cifras definitivas
46,2009,2,Michoacán de Ocampo,64.61035674,58.51761146,90.57001758,43.98363214,49.04447043,Cifras definitivas
46,2009,2,Morelos,65.83649201,59.1348521,89.82078221,66.18737346,71.17825006,Cifras definitivas
46,2009,2,Nayarit,60.2937045,57.30121903,95.03681936,56.77645065,73.62748026,Cifras definitivas
46,2009,2,Nuevo León,65.88473452,67.1860703,101.97517041,60.38244323,58.12497867,Cifras definitivas
46,2009,2,Oaxaca,65.4374914,57.9424167,88.54620717,58.20593495,61.83681998,Cifras definitivas
46,2009,2,Puebla,68.91316556,66.87899749,97.0482156,64.2761602,69.82688381,Cifras definitivas
46,2009,2,Querétaro,59.66748181,52.98756902,88.80476838,45.80358305,48.3771547,Cifras definitivas
46,2009,2,Quintana Roo,51.42685671,58.41908946,113.59646145,46.07281133,46.96006722,Cifras definitivas
46,2009,2,San Luis Potosí,61.59855728,56.9462882,92.44743824,58.61975644,61.44278306,Cifras definitivas
46,2009,2,Sinaloa,70.50828048,58.26056166,82.62938943,56.80356045,62.78395316,Cifras definitivas
46,2009,2,Sonora,66.34279998,62.98938514,94.94532211,41.95126685,35.43873006,Cifras definitivas
46,2009,2,Tabasco,34.35955583,55.49975401,161.52640123,63.282882,62.88588787,Cifras definitivas
46,2009,2,Tamaulipas,76.57368089,59.04786249,77.11247756,62.08371899,78.25567428,Cifras definitivas
46,2009,2,Tlaxcala,80.20424888,58.93777934,73.48460981,50.79657898,40.37114588,Cifras definitivas
46,2009,2,Veracruz de Ignacio de la Llave,70.21505395,68.79963949,97.98417237,73.40266363,73.50695013,Cifras definitivas
46,2009,2,Yucatán,44.57986775,55.90731677,125.40933742,48.33839043,50.31570127,Cifras definitivas
46,2009,2,Zacatecas,68.95690912,60.44656686,87.65846328,66.21276699,76.66969702,Cifras definitivas
46,2009,3,Aguascalientes,71.41730851,62.20312476,87.09810837,67.168701,70.80557086,Cifras definitivas
46,2009,3,Baja California,62.1715776,68.86105623,110.75970546,67.78734544,69.96489504,Cifras definitivas
46,2009,3,Baja California Sur,71.86702912,65.71204362,91.43559213,68.87067826,76.92912457,Cifras definitivas
46,2009,3,Campeche,46.72522968,46.64822296,99.83519242,65.40185495,69.82482065,Cifras definitivas
46,2009,3,Coahuila de Zaragoza,75.24326142,65.76282404,87.40028382,62.61848272,68.69705808,Cifras definitivas
46,2009,3,Colima,55.96121938,48.70129956,87.02687343,44.59445105,50.10287638,Cifras definitivas
46,2009,3,Chiapas,50.50030181,61.1256643,121.04019602,55.98722699,61.47880788,Cifras definitivas
46,2009,3,Chihuahua,67.07134983,65.1055129,97.06903628,58.36630881,46.82489341,Cifras definitivas
46,2009,3,Ciudad de México,75.22873925,67.05101154,89.12951647,66.56726388,65.25700463,Cifras definitivas
46,2009,3,Durango,54.44732586,57.81410386,106.1835507,44.80184715,38.66112326,Cifras definitivas
46,2009,3,Guanajuato,66.55483954,64.39366795,96.75279573,63.1017931,60.99985622,Cifras definitivas
46,2009,3,Guerrero,79.58464028,76.47677073,96.09488773,73.05971725,70.60293431,Cifras definitivas
46,2009,3,Hidalgo,75.6002622,67.36523202,89.10714072,52.27662067,70.27805124,Cifras definitivas
46,2009,3,Jalisco,72.78765986,74.11816421,101.82792571,68.44318675,70.89400023,Cifras definitivas
46,2009,3,México,100.57384868,64.26911557,63.90241242,68.70476442,72.74815773,Cifras definitivas
46,2009,3,Michoacán de Ocampo,64.45031936,59.68237511,92.60214023,47.55827151,52.18795156,Cifras definitivas
46,2009,3,Morelos,65.68560336,61.25748545,93.25861729,73.29067831,79.82583491,Cifras definitivas
46,2009,3,Nayarit,59.82201294,58.08862009,97.10241638,59.55812218,64.23043833,Cifras definitivas
46,2009,3,Nuevo León,65.85052019,67.2925565,102.1898632,65.50470586,63.30102399,Cifras definitivas
46,2009,3,Oaxaca,65.64284294,61.16202657,93.17394529,61.11857644,64.22341277,Cifras definitivas
46,2009,3,Puebla,68.90656487,66.54188884,96.5682863,68.79836534,75.81000676,Cifras definitivas
46,2009,3,Querétaro,59.20609128,54.15426287,91.46738401,48.10744646,51.17371972,Cifras definitivas
46,2009,3,Quintana Roo,51.25291831,60.70981797,118.45143647,50.73654532,53.61345421,Cifras definitivas
46,2009,3,San Luis Potosí,61.9004785,59.78365359,96.58027698,63.26998963,66.18630987,Cifras definitivas
46,2009,3,Sinaloa,66.7232086,56.51790994,84.70502412,62.32619859,66.21576068,Cifras definitivas
46,2009,3,Sonora,65.72385668,63.25710511,96.24679425,44.67681741,36.99398646,Cifras definitivas
46,2009,3,Tabasco,33.64908414,56.50084884,167.91199607,66.24028179,67.68107048,Cifras definitivas
46,2009,3,Tamaulipas,76.79517601,58.99313861,76.81880774,66.73650776,85.078257,Cifras definitivas
46,2009,3,Tlaxcala,80.19706077,61.96749946,77.26904062,54.21265337,40.85229108,Cifras definitivas
46,2009,3,Veracruz de Ignacio de la Llave,69.87011106,71.63453771,102.52529533,79.19026105,80.35194202,Cifras definitivas
46,2009,3,Yucatán,44.35854172,57.24968514,129.06124259,52.47002455,55.00213699,Cifras definitivas
46,2009,3,Zacatecas,69.41662146,63.16252301,90.99048856,71.62718795,82.15078926,Cifras definitivas
46,2009,4,Aguascalientes,71.42372027,63.41258517,88.78364909,62.54990605,66.45282964,Cifras definitivas
46,2009,4,Baja California,61.96600196,70.36820251,113.55937173,65.50482372,68.28567002,Cifras definitivas
46,2009,4,Baja California Sur,73.09883131,65.17520064,89.16038666,68.8776801,77.9690627,Cifras definitivas
46,2009,4,Campeche,47.71102667,48.31034024,101.2561322,64.92427239,67.3656858,Cifras definitivas
46,2009,4,Coahuila de Zaragoza,75.61401164,67.21703994,88.89495278,62.17243714,68.18328126,Cifras definitivas
46,2009,4,Colima,57.37216876,51.51059247,89.78324087,43.9225595,49.6748415,Cifras definitivas
46,2009,4,Chiapas,50.52131328,50.26520072,99.49306037,52.49148641,41.74527196,Cifras definitivas
46,2009,4,Chihuahua,67.71011748,65.66849072,96.98475378,56.73336831,45.93858446,Cifras definitivas
46,2009,4,Ciudad de México,74.18144726,66.06461172,89.05813267,61.89703648,62.35211943,Cifras definitivas
46,2009,4,Durango,55.33511966,59.11756315,106.83552058,44.5046774,37.34520889,Cifras definitivas
46,2009,4,Guanajuato,67.67272824,65.01288818,96.06955397,59.82339996,61.24933532,Cifras definitivas
46,2009,4,Guerrero,79.77913842,73.07754367,91.59981559,70.95472367,61.07638474,Cifras definitivas
46,2009,4,Hidalgo,76.43146409,64.19766878,83.99377082,51.23469083,64.87725285,Cifras definitivas
46,2009,4,Jalisco,72.85792772,75.68769497,103.88395242,64.05991265,66.49356696,Cifras definitivas
46,2009,4,México,100.84680437,64.50126821,63.95965506,64.95545115,65.46164728,Cifras definitivas
46,2009,4,Michoacán de Ocampo,65.89389114,56.27423213,85.40128858,46.58222356,44.54538783,Cifras definitivas
46,2009,4,Morelos,66.90123678,60.14991585,89.90852598,69.543564,76.1378295,Cifras definitivas
46,2009,4,Nayarit,61.14337261,54.77940774,89.59173399,58.15714279,61.56284775,Cifras definitivas
46,2009,4,Nuevo León,66.05736464,68.68632991,103.97982161,62.08547019,62.22579149,Cifras definitivas
46,2009,4,Oaxaca,66.66630431,58.63736849,87.95653081,59.76427088,64.22633609,Cifras definitivas
46,2009,4,Puebla,69.08507587,66.1270249,95.71824894,65.935843,69.79456725,Cifras definitivas
46,2009,4,Querétaro,59.44263532,52.7956376,88.81779436,46.59658492,48.89635965,Cifras definitivas
46,2009,4,Quintana Roo,51.42781349,61.79119766,120.15132176,49.9341509,53.28863275,Cifras definitivas
46,2009,4,San Luis Potosí,62.5461763,58.90367202,94.17629583,60.35958385,60.19667856,Cifras definitivas
46,2009,4,Sinaloa,67.57152901,56.24597841,83.23916779,60.9357533,65.72425304,Cifras definitivas
46,2009,4,Sonora,65.71428982,64.1001379,97.54368201,43.19521266,35.88241145,Cifras definitivas
46,2009,4,Tabasco,34.64946401,55.15082958,159.16791545,65.44620461,63.51630756,Cifras definitivas
46,2009,4,Tamaulipas,77.42127432,61.13051102,78.95828576,65.00264797,82.77882305,Cifras definitivas
46,2009,4,Tlaxcala,81.76249805,60.53895029,74.04244211,51.0798302,37.76706933,Cifras definitivas
46,2009,4,Veracruz de Ignacio de la Llave,70.83716226,66.81670256,94.32436369,77.05981525,76.70176303,Cifras definitivas
46,2009,4,Yucatán,44.97846186,58.08619067,129.14223446,50.25486357,51.42245602,Cifras definitivas
46,2009,4,Zacatecas,71.37544911,62.84717973,88.05153665,71.6267265,78.41509871,Cifras definitivas
46,2009,5,Aguascalientes,71.06442638,68.9983225,97.09263272,64.69137838,65.07144229,Cifras definitivas
46,2009,5,Baja California,61.81552071,73.15751359,118.34813126,67.61685136,69.19258246,Cifras definitivas
46,2009,5,Baja California Sur,72.44845681,73.56686484,101.54372927,70.72196283,76.36986004,Cifras definitivas
46,2009,5,Campeche,47.97631649,50.788518,105.86164532,66.25299555,68.52056913,Cifras definitivas
46,2009,5,Coahuila de Zaragoza,75.41368155,73.00112273,96.80090035,65.73041871,69.20639918,Cifras definitivas
46,2009,5,Colima,56.99618496,52.15471797,91.50562973,45.64042929,50.12798152,Cifras definitivas
46,2009,5,Chiapas,49.96303246,55.83821231,111.75905377,56.28359703,45.72475719,Cifras definitivas
46,2009,5,Chihuahua,66.76785573,70.06601612,104.93974287,61.49401685,47.262687,Cifras definitivas
46,2009,5,Ciudad de México,74.37602916,68.50195894,92.10219975,64.17750784,62.18715095,Cifras definitivas
46,2009,5,Durango,55.13857363,61.81204817,112.10309607,45.85108835,37.64015645,Cifras definitivas
46,2009,5,Guanajuato,67.31527069,70.99622408,105.46822935,61.17456511,59.91481824,Cifras definitivas
46,2009,5,Guerrero,80.53457821,73.58274632,91.36789185,71.87703893,59.85808913,Cifras definitivas
46,2009,5,Hidalgo,76.39133438,68.18974257,89.26371443,53.23344361,66.6192715,Cifras definitivas
46,2009,5,Jalisco,72.42478303,83.2263286,114.91415662,67.08208685,68.55409647,Cifras definitivas
46,2009,5,México,100.66975113,66.94547555,66.50009044,66.94956056,65.75944982,Cifras definitivas
46,2009,5,Michoacán de Ocampo,65.93712901,57.68826164,87.489799,46.4957247,42.97879605,Cifras definitivas
46,2009,5,Morelos,66.15395766,62.29698948,94.16970909,71.7016019,76.87173817,Cifras definitivas
46,2009,5,Nayarit,61.24132122,60.92749187,99.48755294,60.27360274,75.97977865,Cifras definitivas
46,2009,5,Nuevo León,65.91771502,74.52082903,113.05129282,64.29317132,62.02581431,Cifras definitivas
46,2009,5,Oaxaca,66.74119915,59.96384252,89.84531786,60.83606738,60.40360032,Cifras definitivas
46,2009,5,Puebla,69.1370369,70.06319698,101.33960048,67.4739797,69.7533821,Cifras definitivas
46,2009,5,Querétaro,59.66812561,57.97133252,97.15628223,47.57103113,50.02661728,Cifras definitivas
46,2009,5,Quintana Roo,51.37920211,65.27776371,127.05094869,43.93350554,50.42456504,Cifras definitivas
46,2009,5,San Luis Potosí,62.30069745,65.84406514,105.68752492,61.91656068,60.87393107,Cifras definitivas
46,2009,5,Sinaloa,68.28250149,62.78924596,91.95510503,66.79933347,68.24935219,Cifras definitivas
46,2009,5,Sonora,65.9217005,68.66042362,104.15450921,45.22059655,36.52212248,Cifras definitivas
46,2009,5,Tabasco,34.32611363,57.56666811,167.7051726,67.90870413,65.53475268,Cifras definitivas
46,2009,5,Tamaulipas,77.28649475,72.56134299,93.886187,69.70047849,84.6801109,Cifras definitivas
46,2009,5,Tlaxcala,81.86109496,61.42915605,75.04072121,54.09694931,39.18528979,Cifras definitivas
46,2009,5,Veracruz de Ignacio de la Llave,70.72429585,69.76002013,98.63657077,79.715238,77.34481758,Cifras definitivas
46,2009,5,Yucatán,45.31214355,61.85676617,136.51255784,51.64973038,52.54024088,Cifras definitivas
46,2009,5,Zacatecas,70.4998895,65.36235934,92.71271176,73.12929519,79.33005159,Cifras definitivas
46,2009,6,Aguascalientes,71.33739,59.36799047,83.22142213,64.70333589,68.51954113,Cifras definitivas
46,2009,6,Baja California,61.39872526,66.54637546,108.38396918,65.24082032,68.00334102,Cifras definitivas
46,2009,6,Baja California Sur,72.2667597,64.05255047,88.63348895,67.44929058,75.3645537,Cifras definitivas
46,2009,6,Campeche,47.98941659,46.11655938,96.09735366,65.04033011,67.87905475,Cifras definitivas
46,2009,6,Coahuila de Zaragoza,75.22838917,65.79143858,87.45559928,63.95970538,69.15639277,Cifras definitivas
46,2009,6,Colima,56.80185379,47.37494121,83.40386457,44.88344648,49.5204433,Cifras definitivas
46,2009,6,Chiapas,50.24214061,47.85354923,95.24584074,52.73375312,51.33990831,Cifras definitivas
46,2009,6,Chihuahua,67.13046142,64.49604887,96.07568234,59.80879143,47.00874326,Cifras definitivas
46,2009,6,Ciudad de México,74.78402963,62.58585993,83.68880393,65.61949304,66.52979316,Cifras definitivas
46,2009,6,Durango,55.07559582,54.40387902,98.78037307,44.89679118,37.05527841,Cifras definitivas
46,2009,6,Guanajuato,67.27754778,63.40083394,94.23773017,61.06006795,60.82964265,Cifras definitivas
46,2009,6,Guerrero,80.09128404,67.53301156,84.32005101,67.49290277,63.36589615,Cifras definitivas
46,2009,6,Hidalgo,76.69626168,62.63837729,81.67070457,50.84408487,67.61780928,Cifras definitivas
46,2009,6,Jalisco,73.17112071,72.78707287,99.47513741,66.88817911,71.25034372,Cifras definitivas
46,2009,6,México,100.93050955,61.52335096,60.95614818,65.75150082,68.57620365,Cifras definitivas
46,2009,6,Michoacán de Ocampo,65.20835827,53.57768912,82.16383688,44.71491364,46.88855053,Cifras definitivas
46,2009,6,Morelos,66.42295214,56.97465595,85.77555516,71.47025907,79.47510991,Cifras definitivas
46,2009,6,Nayarit,60.75722913,53.79867624,88.54695484,57.91916784,120.98518601,Cifras definitivas
46,2009,6,Nuevo León,65.93139436,66.74637879,101.2361098,66.47757856,65.65246326,Cifras definitivas
46,2009,6,Oaxaca,66.73574405,53.78364289,80.59195811,60.7189425,61.03697931,Cifras definitivas
46,2009,6,Puebla,69.09804824,63.64497971,92.10821627,66.54510833,72.54571089,Cifras definitivas
46,2009,6,Querétaro,59.63667707,51.52605986,86.39995116,47.58034602,51.51480325,Cifras definitivas
46,2009,6,Quintana Roo,51.20726744,56.66389437,110.65596194,46.10325517,50.85945597,Cifras definitivas
46,2009,6,San Luis Potosí,62.25831751,55.34984107,88.90352853,61.18182401,62.78340734,Cifras definitivas
46,2009,6,Sinaloa,68.36756057,56.47150923,82.59985987,72.92801766,75.69195308,Cifras definitivas
46,2009,6,Sonora,65.6482839,62.58244162,95.3298973,44.33842117,36.85161368,Cifras definitivas
46,2009,6,Tabasco,34.5156513,52.60604679,152.41215161,66.01003317,65.54593116,Cifras definitivas
46,2009,6,Tamaulipas,76.22804401,59.5297938,78.09434779,68.51730302,86.35508959,Cifras definitivas
46,2009,6,Tlaxcala,81.18798971,54.32253425,66.90956931,51.89181954,40.30981102,Cifras definitivas
46,2009,6,Veracruz de Ignacio de la Llave,70.73485749,63.19052588,89.33435101,78.10711398,77.89894011,Cifras definitivas
46,2009,6,Yucatán,45.64392319,54.6822157,119.80174332,51.6807352,54.38954025,Cifras definitivas
46,2009,6,Zacatecas,70.73577299,55.54474702,78.52426668,72.49650735,79.93889703,Cifras definitivas
46,2009,7,Aguascalientes,72.84216359,62.77866992,86.1845212,67.6155221,70.56831208,Cifras definitivas
46,2009,7,Baja California,61.51871644,67.18888376,109.21697924,67.56760675,72.41577253,Cifras definitivas
46,2009,7,Baja California Sur,72.04320383,64.42728598,89.42867967,70.63126811,79.72805612,Cifras definitivas
46,2009,7,Campeche,48.11216172,45.33187214,94.2212333,67.08836031,70.91505783,Cifras definitivas
46,2009,7,Coahuila de Zaragoza,76.1652997,67.38725265,88.47500491,62.97260135,70.16550432,Cifras definitivas
46,2009,7,Colima,56.84256637,48.10106304,84.62155408,45.31972857,51.70247649,Cifras definitivas
46,2009,7,Chiapas,50.42192408,50.13247147,99.42593898,56.31012171,55.65800452,Cifras definitivas
46,2009,7,Chihuahua,67.67771965,65.23766828,96.39460168,59.77874085,47.93010088,Cifras definitivas
46,2009,7,Ciudad de México,75.40711356,63.91716845,84.76278355,69.85903018,69.28053667,Cifras definitivas
46,2009,7,Durango,55.30831451,56.88645318,102.85334797,45.17552191,38.70906786,Cifras definitivas
46,2009,7,Guanajuato,67.57471921,64.38841601,95.28477034,62.85486363,65.3085172,Cifras definitivas
46,2009,7,Guerrero,80.33638814,68.42830441,85.17722292,73.64881471,68.23188498,Cifras definitivas
46,2009,7,Hidalgo,76.73131317,62.00021701,80.80171503,53.35699028,70.51414507,Cifras definitivas
46,2009,7,Jalisco,73.13429322,73.43417435,100.41004174,68.87524242,72.07983109,Cifras definitivas
46,2009,7,México,100.61637119,62.29311843,61.9115137,68.67817977,71.60439418,Cifras definitivas
46,2009,7,Michoacán de Ocampo,65.1558947,54.80713844,84.11693016,46.85834666,50.81553858,Cifras definitivas
46,2009,7,Morelos,66.44864663,58.81901293,88.51799986,75.68192458,83.63852567,Cifras definitivas
46,2009,7,Nayarit,60.69395163,55.25363204,91.0364716,60.54242444,80.4053459,Cifras definitivas
46,2009,7,Nuevo León,66.46441388,68.60784466,103.22492994,65.40434617,65.0210317,Cifras definitivas
46,2009,7,Oaxaca,66.84150306,55.7694081,83.43529925,62.87683328,63.94994354,Cifras definitivas
46,2009,7,Puebla,69.71833654,64.5701428,92.61572494,69.59697415,75.55733456,Cifras definitivas
46,2009,7,Querétaro,58.34562291,52.18105739,89.43439934,49.32032529,53.53500952,Cifras definitivas
46,2009,7,Quintana Roo,52.43750282,57.93427835,110.48252726,51.61440975,55.88238879,Cifras definitivas
46,2009,7,San Luis Potosí,62.70234842,56.02268972,89.34703585,62.41849974,66.01430533,Cifras definitivas
46,2009,7,Sinaloa,68.20652764,58.1104632,85.19780322,66.09919496,80.7172272,Cifras definitivas
46,2009,7,Sonora,66.16277468,64.66835911,97.74130457,44.65216918,36.94857687,Cifras definitivas
46,2009,7,Tabasco,34.78653558,52.84028228,151.89866251,68.08181534,69.94624946,Cifras definitivas
46,2009,7,Tamaulipas,77.08809911,60.50325484,78.48585649,67.72105151,87.04427243,Cifras definitivas
46,2009,7,Tlaxcala,81.13900828,55.82475313,68.80137472,53.68596048,41.58029538,Cifras definitivas
46,2009,7,Veracruz de Ignacio de la Llave,71.28339273,64.18834537,90.0467036,80.13970408,80.63332555,Cifras definitivas
46,2009,7,Yucatán,46.14593068,56.05315324,121.46933091,55.18631018,54.92840825,Cifras definitivas
46,2009,7,Zacatecas,70.95279377,58.21154224,82.04263588,74.93307776,85.4082793,Cifras definitivas
46,2009,8,Aguascalientes,73.07045478,62.16905853,85.08097933,66.14151699,70.99014071,Cifras definitivas
46,2009,8,Baja California,61.67862615,66.29107968,107.47820407,67.38081793,68.29974018,Cifras definitivas
46,2009,8,Baja California Sur,72.95822232,65.99074854,90.45004996,70.66634322,77.46039979,Cifras definitivas
46,2009,8,Campeche,47.7361092,45.56633153,95.45464072,67.79659071,70.43013423,Cifras definitivas
46,2009,8,Coahuila de Zaragoza,75.35387541,66.47279211,88.21416516,64.39458859,70.31673637,Cifras definitivas
46,2009,8,Colima,56.25907629,46.86312943,83.29878932,45.65107327,51.44327825,Cifras definitivas
46,2009,8,Chiapas,50.4513542,45.73169351,90.64512585,62.00199581,56.53307254,Cifras definitivas
46,2009,8,Chihuahua,67.27845762,64.6065507,96.02858476,59.78361461,46.7845264,Cifras definitivas
46,2009,8,Ciudad de México,74.85887322,63.45813599,84.77035956,68.29940175,65.6889458,Cifras definitivas
46,2009,8,Durango,55.08911629,55.03949143,99.90991894,45.71034658,38.73004757,Cifras definitivas
46,2009,8,Guanajuato,67.00775339,62.68794023,93.5532637,62.58468065,60.24598605,Cifras definitivas
46,2009,8,Guerrero,79.58819709,65.5470556,82.35775906,75.20513642,67.36254949,Cifras definitivas
46,2009,8,Hidalgo,76.33232312,61.20883154,80.18730341,54.5875822,70.37342958,Cifras definitivas
46,2009,8,Jalisco,72.89984289,72.21324248,99.05815927,68.32590677,71.06673807,Cifras definitivas
46,2009,8,México,98.97852326,62.11681834,62.75787544,70.216211,70.48329395,Cifras definitivas
46,2009,8,Michoacán de Ocampo,65.05962259,52.21239474,80.25314728,47.80275566,48.7871992,Cifras definitivas
46,2009,8,Morelos,65.72129943,56.80308122,86.43024668,74.8717331,81.46210168,Cifras definitivas
46,2009,8,Nayarit,60.84913974,53.88297343,88.55174233,61.64288977,68.73898754,Cifras definitivas
46,2009,8,Nuevo León,66.58846039,68.04903287,102.19343182,65.70621503,64.05909673,Cifras definitivas
46,2009,8,Oaxaca,66.77143867,53.12098677,79.55645082,63.01324507,63.7808868,Cifras definitivas
46,2009,8,Puebla,69.08373521,63.79269309,92.34111748,69.72785256,75.36208889,Cifras definitivas
46,2009,8,Querétaro,58.49903455,51.29390496,87.6833359,50.98773607,52.7312083,Cifras definitivas
46,2009,8,Quintana Roo,51.3983246,57.31315006,111.50781763,50.57114599,53.71352804,Cifras definitivas
46,2009,8,San Luis Potosí,62.94013087,56.14165652,89.19850617,62.37155377,63.46997518,Cifras definitivas
46,2009,8,Sinaloa,68.28548804,57.38911599,84.04291693,65.02394465,65.4804873,Cifras definitivas
46,2009,8,Sonora,66.51188065,63.90498834,96.08056142,45.83196372,37.29073971,Cifras definitivas
46,2009,8,Tabasco,34.91497532,53.51383388,153.26900102,70.14547681,68.6890116,Cifras definitivas
46,2009,8,Tamaulipas,77.38056475,59.37356656,76.72930115,68.75197136,85.62505436,Cifras definitivas
46,2009,8,Tlaxcala,81.08602958,53.35500736,65.80049318,55.18552656,41.24997562,Cifras definitivas
46,2009,8,Veracruz de Ignacio de la Llave,71.20452002,63.01086503,88.49278812,81.07136812,79.91370548,Cifras definitivas
46,2009,8,Yucatán,46.26806835,55.75295705,120.49985884,56.83722762,54.7232724,Cifras definitivas
46,2009,8,Zacatecas,71.28625492,56.52247948,79.28945004,72.11014888,82.67591532,Cifras definitivas
46,2009,9,Aguascalientes,72.41335449,61.30010218,84.65303481,63.5537882,66.47446919,Cifras definitivas
46,2009,9,Baja California,61.72675732,65.8589337,106.69430334,63.80566814,65.54917429,Cifras definitivas
46,2009,9,Baja California Sur,73.43083093,64.86939789,88.34081961,64.30612406,74.19802291,Cifras definitivas
46,2009,9,Campeche,48.01571941,45.10468585,93.9373322,62.72055565,68.22265041,Cifras definitivas
46,2009,9,Coahuila de Zaragoza,75.37829399,66.53292422,88.26536221,60.99634997,68.91448042,Cifras definitivas
46,2009,9,Colima,56.51378297,45.84276117,81.11784199,42.73589835,49.55537205,Cifras definitivas
46,2009,9,Chiapas,50.56951177,54.67041517,108.10943839,53.6613472,56.11761035,Cifras definitivas
46,2009,9,Chihuahua,66.81954994,63.21697137,94.60849621,56.10086405,46.22138359,Cifras definitivas
46,2009,9,Ciudad de México,74.77323227,63.47909373,84.89547904,64.7530785,64.15304732,Cifras definitivas
46,2009,9,Durango,54.93275029,56.10874968,102.14079831,42.97090979,37.77432756,Cifras definitivas
46,2009,9,Guanajuato,67.10702334,61.90832159,92.25311824,59.52870969,59.98133472,Cifras definitivas
46,2009,9,Guerrero,79.75959758,69.17462602,86.72890551,67.11323682,64.05762827,Cifras definitivas
46,2009,9,Hidalgo,76.53513178,63.41043413,82.85140779,50.30714486,66.73004083,Cifras definitivas
46,2009,9,Jalisco,72.72690962,72.06451023,99.08919629,64.74033919,69.07087526,Cifras definitivas
46,2009,9,México,99.51755552,63.03595193,63.34153969,65.42924242,68.288896,Cifras definitivas
46,2009,9,Michoacán de Ocampo,64.95886862,54.25631904,83.52411332,43.72337472,47.49221085,Cifras definitivas
46,2009,9,Morelos,66.11688256,58.48379419,88.4551599,69.67701587,74.86553582,Cifras definitivas
46,2009,9,Nayarit,61.02737986,56.48836043,92.56232294,55.67251501,67.56176658,Cifras definitivas
46,2009,9,Nuevo León,66.19294282,68.09864266,102.87900758,63.00030494,63.08894554,Cifras definitivas
46,2009,9,Oaxaca,66.46744951,53.98058684,81.2135673,63.62181184,66.01796412,Cifras definitivas
46,2009,9,Puebla,68.74195025,64.12554085,93.28443638,65.8048737,73.54067526,Cifras definitivas
46,2009,9,Querétaro,58.5392257,53.14668015,90.78815019,47.54151445,50.49576613,Cifras definitivas
46,2009,9,Quintana Roo,51.47238464,56.90587524,110.5561276,44.65890463,51.81307578,Cifras definitivas
46,2009,9,San Luis Potosí,62.70642823,55.85714553,89.07722399,57.65597093,61.50197374,Cifras definitivas
46,2009,9,Sinaloa,68.92512994,57.46521505,83.3733866,60.72331108,69.61231844,Cifras definitivas
46,2009,9,Sonora,66.81687422,63.42338759,94.92121314,42.79791752,35.57289584,Cifras definitivas
46,2009,9,Tabasco,34.6061109,54.20760521,156.64171385,64.01311334,67.93402261,Cifras definitivas
46,2009,9,Tamaulipas,76.91498569,59.5351059,77.40377947,63.81865135,83.23730648,Cifras definitivas
46,2009,9,Tlaxcala,81.58678636,56.32660328,69.03887969,50.98610162,41.70266148,Cifras definitivas
46,2009,9,Veracruz de Ignacio de la Llave,71.06955817,63.22696035,88.96489858,77.6947884,80.48619627,Cifras definitivas
46,2009,9,Yucatán,46.53814956,56.36352172,121.11251146,52.2658361,57.06097549,Cifras definitivas
46,2009,9,Zacatecas,71.19858568,58.97168905,82.82705125,68.37180447,82.80699367,Cifras definitivas
46,2009,10,Aguascalientes,74.3989414,65.34139705,87.82570803,67.88824584,76.4130263,Cifras definitivas
46,2009,10,Baja California,62.17739991,68.47738612,110.13227671,65.4853249,72.34312863,Cifras definitivas
46,2009,10,Baja California Sur,74.13234556,66.87541737,90.21084773,69.78548876,87.09472038,Cifras definitivas
46,2009,10,Campeche,48.31605508,46.02384907,95.25580885,65.09282178,74.88657349,Cifras definitivas
46,2009,10,Coahuila de Zaragoza,76.12195764,68.8042055,90.38680511,63.64227982,73.45714412,Cifras definitivas
46,2009,10,Colima,57.10241368,47.18766138,82.63689455,45.25532342,56.44422801,Cifras definitivas
46,2009,10,Chiapas,50.84586447,51.14877917,100.59575091,62.33497096,65.56868198,Cifras definitivas
46,2009,10,Chihuahua,67.04390279,66.2346269,98.7929165,58.65867536,50.40261226,Cifras definitivas
46,2009,10,Ciudad de México,75.21919206,64.98297002,86.39147569,66.98955092,71.73462855,Cifras definitivas
46,2009,10,Durango,55.41961784,56.55198544,102.04326129,45.75917595,41.68950455,Cifras definitivas
46,2009,10,Guanajuato,67.86862755,63.70902802,93.87110116,60.55642906,66.78111088,Cifras definitivas
46,2009,10,Guerrero,80.90903994,70.41572507,87.03072626,73.97961918,75.46890076,Cifras definitivas
46,2009,10,Hidalgo,77.00900719,63.78601669,82.82929363,54.34467584,76.18355755,Cifras definitivas
46,2009,10,Jalisco,73.12782946,75.15264049,102.76886521,69.24970877,77.02044308,Cifras definitivas
46,2009,10,México,100.16271962,63.0167034,62.91432944,69.78252485,79.80026176,Cifras definitivas
46,2009,10,Michoacán de Ocampo,65.05253469,55.36139689,85.1025977,48.60666057,55.21221599,Cifras definitivas
46,2009,10,Morelos,66.74726815,59.47054086,89.09808972,74.34823298,86.96539994,Cifras definitivas
46,2009,10,Nayarit,61.58152078,57.29392281,93.03752503,60.81063375,65.35424439,Cifras definitivas
46,2009,10,Nuevo León,67.02326818,70.07674435,104.55584494,65.49161983,69.92755653,Cifras definitivas
46,2009,10,Oaxaca,66.62744751,54.54441129,81.86477695,63.77794592,70.52934051,Cifras definitivas
46,2009,10,Puebla,69.27778661,65.76665338,94.93180513,70.26968399,82.97260637,Cifras definitivas
46,2009,10,Querétaro,58.88797026,53.14864478,90.25382357,49.80036054,55.21108058,Cifras definitivas
46,2009,10,Quintana Roo,52.1032111,58.06815178,111.44831682,46.53997367,55.51204713,Cifras definitivas
46,2009,10,San Luis Potosí,63.23253279,57.19319441,90.44900131,61.75005205,69.29904362,Cifras definitivas
46,2009,10,Sinaloa,69.89548934,58.87923767,84.23896624,67.49441408,72.12639344,Cifras definitivas
46,2009,10,Sonora,67.06482641,65.65417675,97.89658792,44.6078594,39.38212277,Cifras definitivas
46,2009,10,Tabasco,35.05261337,53.87488509,153.69719947,68.89851521,78.92279696,Cifras definitivas
46,2009,10,Tamaulipas,78.14812223,62.20001302,79.59246012,67.19833744,91.58100201,Cifras definitivas
46,2009,10,Tlaxcala,82.20952263,58.48684086,71.14363274,54.8488011,46.32904015,Cifras definitivas
46,2009,10,Veracruz de Ignacio de la Llave,71.47778276,64.15394962,89.75369289,80.26982722,86.76778226,Cifras definitivas
46,2009,10,Yucatán,47.54231279,57.93952241,121.86938121,53.71629726,60.96553753,Cifras definitivas
46,2009,10,Zacatecas,72.28602978,57.9137974,80.11755186,72.30367248,90.11004736,Cifras definitivas
46,2009,11,Aguascalientes,75.42456072,63.26712262,83.88132727,69.00243905,75.67868956,Cifras definitivas
46,2009,11,Baja California,63.26862333,67.74672374,107.07791663,67.13245769,72.9182425,Cifras definitivas
46,2009,11,Baja California Sur,75.39048478,64.97409489,86.18341569,75.56165936,88.72688151,Cifras definitivas
46,2009,11,Campeche,48.69081775,46.58819904,95.68169358,67.13243849,74.26109445,Cifras definitivas
46,2009,11,Coahuila de Zaragoza,76.85334985,66.60679513,86.6673935,66.29714196,75.15284027,Cifras definitivas
46,2009,11,Colima,57.70204798,47.28867468,81.95319982,47.53792574,56.29675273,Cifras definitivas
46,2009,11,Chiapas,51.20758565,54.74325831,106.9045877,60.59515301,66.16519713,Cifras definitivas
46,2009,11,Chihuahua,67.62305355,65.09787459,96.26580164,59.53851678,51.11281998,Cifras definitivas
46,2009,11,Ciudad de México,75.78829749,64.86538742,85.58760332,71.70537778,74.67253258,Cifras definitivas
46,2009,11,Durango,55.81137544,57.2445667,102.56791962,47.44618547,43.05641331,Cifras definitivas
46,2009,11,Guanajuato,69.20783306,64.45801787,93.13688208,63.96379236,73.29536917,Cifras definitivas
46,2009,11,Guerrero,81.48453973,72.5071307,88.98268425,76.11525641,77.6653672,Cifras definitivas
46,2009,11,Hidalgo,77.76324578,65.06444857,83.6699239,55.9950469,78.21668887,Cifras definitivas
46,2009,11,Jalisco,73.73586916,74.45705644,100.97806846,70.70715851,80.8570604,Cifras definitivas
46,2009,11,México,100.43334529,63.49910559,63.2251225,72.77132304,81.17691022,Cifras definitivas
46,2009,11,Michoacán de Ocampo,65.36545641,56.13812925,85.88348087,48.97014058,57.08858388,Cifras definitivas
46,2009,11,Morelos,67.38499178,60.0990882,89.18764641,75.3786093,87.41280636,Cifras definitivas
46,2009,11,Nayarit,62.28475151,55.80780583,89.60107326,62.30143513,68.12003723,Cifras definitivas
46,2009,11,Nuevo León,67.6916133,68.79763038,101.63390563,67.43490453,69.95441252,Cifras definitivas
46,2009,11,Oaxaca,66.93922178,55.38754361,82.74303486,65.18848633,70.14781035,Cifras definitivas
46,2009,11,Puebla,69.65569445,64.74129935,92.94473318,73.07389191,84.34259673,Cifras definitivas
46,2009,11,Querétaro,59.36237656,54.65786983,92.07493533,50.54932688,58.26480382,Cifras definitivas
46,2009,11,Quintana Roo,52.59022781,56.71943521,107.85166289,50.30880105,58.32373557,Cifras definitivas
46,2009,11,San Luis Potosí,64.28849291,57.13484862,88.87258984,63.59640289,68.00517775,Cifras definitivas
46,2009,11,Sinaloa,70.98821833,57.2590744,80.6599683,68.30587003,72.43707436,Cifras definitivas
46,2009,11,Sonora,68.26247332,63.23346192,92.63283155,45.15251243,39.13993779,Cifras definitivas
46,2009,11,Tabasco,35.48459072,55.11822258,155.33002202,71.17434436,78.74010594,Cifras definitivas
46,2009,11,Tamaulipas,78.17555276,59.29820843,75.85262443,67.82398537,92.69493089,Cifras definitivas
46,2009,11,Tlaxcala,83.21505832,57.83873473,69.50513032,56.74886224,47.16262684,Cifras definitivas
46,2009,11,Veracruz de Ignacio de la Llave,72.40308674,64.56644366,89.17636881,81.95363341,87.24327467,Cifras definitivas
46,2009,11,Yucatán,47.8570176,56.65308324,118.37988676,55.48140195,63.3062977,Cifras definitivas
46,2009,11,Zacatecas,72.1599998,60.77103662,84.21706872,75.48490834,92.38744486,Cifras definitivas
46,2009,12,Aguascalientes,76.51798932,83.81998009,109.54284193,86.71888231,86.71402876,Cifras definitivas
46,2009,12,Baja California,64.32799876,82.93898541,128.93139381,80.94041829,83.20721076,Cifras definitivas
46,2009,12,Baja California Sur,74.77193537,84.27689582,112.71193584,94.91596914,98.48515399,Cifras definitivas
46,2009,12,Campeche,48.59348799,63.54567421,130.76993819,87.97097083,86.1712668,Cifras definitivas
46,2009,12,Coahuila de Zaragoza,75.97987158,82.41015537,108.46314117,84.25130854,85.052474,Cifras definitivas
46,2009,12,Colima,57.56618454,61.74990464,107.26766961,64.80636213,64.25525791,Cifras definitivas
46,2009,12,Chiapas,51.0628707,92.22941797,180.61933594,79.36565147,77.04000998,Cifras definitivas
46,2009,12,Chihuahua,67.12276325,83.43676584,124.30472436,74.01591157,56.61584905,Cifras definitivas
46,2009,12,Ciudad de México,76.26384258,97.4866422,127.82812785,92.71807458,84.13427928,Cifras definitivas
46,2009,12,Durango,55.21511461,75.40139154,136.55933176,60.8079001,47.37108669,Cifras definitivas
46,2009,12,Guanajuato,69.59626747,93.76839731,134.73193422,80.16998371,77.38614683,Cifras definitivas
46,2009,12,Guerrero,81.69780056,104.13613002,127.46503493,100.8484419,89.11682879,Cifras definitivas
46,2009,12,Hidalgo,77.64973664,93.86797626,120.88640647,71.45736567,89.6651589,Cifras definitivas
46,2009,12,Jalisco,75.09162203,102.0195045,135.8600357,87.66619567,87.8424248,Cifras definitivas
46,2009,12,México,101.8040456,86.27620951,84.74732905,92.01382009,88.98920352,Cifras definitivas
46,2009,12,Michoacán de Ocampo,65.6048247,82.94874021,126.43695123,61.05745647,62.42213541,Cifras definitivas
46,2009,12,Morelos,68.53483224,88.07636375,128.51328423,96.63515986,100.5171024,Cifras definitivas
46,2009,12,Nayarit,61.78695251,82.25249546,133.12275831,79.56727339,81.06133039,Cifras definitivas
46,2009,12,Nuevo León,66.97986702,86.92901541,129.78379814,83.46113067,76.33310626,Cifras definitivas
46,2009,12,Oaxaca,66.1400835,79.0558394,119.52787964,85.06292719,84.32182222,Cifras definitivas
46,2009,12,Puebla,69.91939096,92.21678895,131.89014905,91.03306861,92.98066187,Cifras definitivas
46,2009,12,Querétaro,59.57076634,75.53143182,126.79278186,64.75819894,64.65245462,Cifras definitivas
46,2009,12,Quintana Roo,53.40033488,78.11859631,146.2885888,69.73735375,70.62098073,Cifras definitivas
46,2009,12,San Luis Potosí,65.06569984,81.4402797,125.16622414,84.46661021,79.89030643,Cifras definitivas
46,2009,12,Sinaloa,70.77257735,73.03828009,103.20138509,85.13812785,82.53173364,Cifras definitivas
46,2009,12,Sonora,67.62886256,82.25782308,121.63123845,56.44882142,44.44355898,Cifras definitivas
46,2009,12,Tabasco,35.78175452,78.92613164,220.57647172,95.82401656,87.08142549,Cifras definitivas
46,2009,12,Tamaulipas,78.39875657,78.4670954,100.08716826,86.94645932,104.0668446,Cifras definitivas
46,2009,12,Tlaxcala,82.9344877,81.74149459,98.56152351,69.11258382,52.16984207,Cifras definitivas
46,2009,12,Veracruz de Ignacio de la Llave,72.70963991,91.08547918,125.27290644,109.45710125,100.98427567,Cifras definitivas
46,2009,12,Yucatán,48.4937876,82.34337801,169.80191089,76.52695818,76.28770023,Cifras definitivas
46,2009,12,Zacatecas,71.87354055,84.14648235,117.07574402,92.92426121,98.870457,Cifras definitivas
46,2010,1,Aguascalientes,75.79506008,64.90572185,85.63318214,68.48489131,68.67037209,Cifras definitivas
46,2010,1,Baja California,63.48183631,66.42845784,104.64167658,65.17369115,66.44108458,Cifras definitivas
46,2010,1,Baja California Sur,75.35260779,71.11305776,94.37371824,71.75524124,73.79739283,Cifras definitivas
46,2010,1,Campeche,65.55814881,52.83988379,80.60002418,70.06487635,69.6791121,Cifras definitivas
46,2010,1,Coahuila de Zaragoza,78.12020516,69.18289376,88.55953926,66.18980018,68.13277347,Cifras definitivas
46,2010,1,Colima,57.73392945,47.82301028,82.83345813,47.40613897,50.09788918,Cifras definitivas
46,2010,1,Chiapas,55.48954677,69.69191942,125.5946813,66.39524501,67.54621088,Cifras definitivas
46,2010,1,Chihuahua,67.27030931,65.72186498,97.69817569,58.39950271,47.3587651,Cifras definitivas
46,2010,1,Ciudad de México,75.64355671,68.01507535,89.9152265,69.69389895,65.15239202,Cifras definitivas
46,2010,1,Durango,56.19170868,58.66848535,104.40772621,47.45680839,38.33397951,Cifras definitivas
46,2010,1,Guanajuato,68.64516494,65.36658715,95.22387659,63.21872658,61.25110975,Cifras definitivas
46,2010,1,Guerrero,80.61001298,80.3289699,99.65135463,76.47233079,71.74113728,Cifras definitivas
46,2010,1,Hidalgo,76.23812817,71.93832483,94.36003553,60.89237306,78.90475863,Cifras definitivas
46,2010,1,Jalisco,73.50557785,74.4670455,101.30801999,69.47636898,68.07196072,Cifras definitivas
46,2010,1,México,101.55312118,65.55380131,64.55124229,72.44959347,72.32705685,Cifras definitivas
46,2010,1,Michoacán de Ocampo,66.67087174,64.17966034,96.26341859,50.07651182,54.42863622,Cifras definitivas
46,2010,1,Morelos,67.46712229,64.08500178,94.98700938,75.8815789,81.26739937,Cifras definitivas
46,2010,1,Nayarit,63.16007008,62.82778881,99.47390611,62.49413999,63.7567535,Cifras definitivas
46,2010,1,Nuevo León,66.85592091,69.51527486,103.97773887,65.03657771,61.84721391,Cifras definitivas
46,2010,1,Oaxaca,67.07337282,61.89600129,92.28103298,64.68196386,63.35060769,Cifras definitivas
46,2010,1,Puebla,69.90301828,69.3869869,99.26178956,72.2183818,76.69620962,Cifras definitivas
46,2010,1,Querétaro,59.43137408,56.47076649,95.01844331,51.40548638,54.37674905,Cifras definitivas
46,2010,1,Quintana Roo,57.58227561,59.383703,103.12844078,52.7631951,57.29026047,Cifras definitivas
46,2010,1,San Luis Potosí,64.252923,62.57710042,97.39183449,65.70935421,64.75058835,Cifras definitivas
46,2010,1,Sinaloa,71.5357053,57.92722745,80.97666362,67.97885283,62.25414427,Cifras definitivas
46,2010,1,Sonora,71.76330209,65.26897161,90.95034608,45.72218638,36.56031931,Cifras definitivas
46,2010,1,Tabasco,35.62386725,59.29272949,166.44102414,70.41231701,67.48279055,Cifras definitivas
46,2010,1,Tamaulipas,77.89906797,60.68891542,77.90711366,66.35413996,77.19617589,Cifras definitivas
46,2010,1,Tlaxcala,75.06134719,64.13312598,85.44094715,54.03268275,39.1637527,Cifras definitivas
46,2010,1,Veracruz de Ignacio de la Llave,72.18614712,68.84169312,95.3669033,82.85944594,78.68358072,Cifras definitivas
46,2010,1,Yucatán,62.87236979,62.37737805,99.21270386,59.67085122,61.8084919,Cifras definitivas
46,2010,1,Zacatecas,71.78555144,63.94449615,89.07711213,71.30673916,75.49453548,Cifras definitivas
46,2010,2,Aguascalientes,74.95071091,62.70985562,83.6681265,62.02930014,68.34092164,Cifras definitivas
46,2010,2,Baja California,63.70901733,65.73076901,103.17341526,62.38633649,69.5611644,Cifras definitivas
46,2010,2,Baja California Sur,74.85785727,70.36157111,93.99356818,64.59153145,72.07820049,Cifras definitivas
46,2010,2,Campeche,64.6761811,51.28836966,79.30024437,64.45084755,71.8767688,Cifras definitivas
46,2010,2,Coahuila de Zaragoza,78.23701526,68.02683041,86.94967489,61.86717213,67.69068927,Cifras definitivas
46,2010,2,Colima,55.7470242,46.52087857,83.44997646,43.81103891,49.66544847,Cifras definitivas
46,2010,2,Chiapas,55.44785795,68.02352336,122.68016453,61.09829237,66.31219975,Cifras definitivas
46,2010,2,Chihuahua,67.85878024,64.66692945,95.29633339,55.19501432,46.02699931,Cifras definitivas
46,2010,2,Ciudad de México,75.23835028,67.77419849,90.07932555,62.91113847,65.65164158,Cifras definitivas
46,2010,2,Durango,55.20344361,56.94670915,103.15789274,43.88929957,37.72483177,Cifras definitivas
46,2010,2,Guanajuato,67.78075641,64.65658349,95.39076711,58.53258198,60.87590042,Cifras definitivas
46,2010,2,Guerrero,79.57273098,79.09863789,99.40420156,69.26708794,70.61179974,Cifras definitivas
46,2010,2,Hidalgo,74.49112553,70.95683393,95.25541925,55.65633948,79.57127189,Cifras definitivas
46,2010,2,Jalisco,72.16660656,74.26998497,102.91461454,63.16133324,68.05984803,Cifras definitivas
46,2010,2,México,91.94422386,65.09300637,70.79618886,65.26161171,72.20469181,Cifras definitivas
46,2010,2,Michoacán de Ocampo,64.30211156,64.14529728,99.75612888,45.62635129,53.10587829,Cifras definitivas
46,2010,2,Morelos,63.8978132,62.61935887,97.99922053,68.83613814,79.91049368,Cifras definitivas
46,2010,2,Nayarit,61.74286602,61.70972111,99.94631783,56.79758558,64.86561063,Cifras definitivas
46,2010,2,Nuevo León,66.2110054,68.94983998,104.13652468,60.25922662,62.7514867,Cifras definitivas
46,2010,2,Oaxaca,66.1262026,60.12022275,90.91739792,58.44158868,63.28582874,Cifras definitivas
46,2010,2,Puebla,67.26998298,69.27867726,102.98601871,65.40802635,74.73019494,Cifras definitivas
46,2010,2,Querétaro,60.06603774,55.61967698,92.59754609,49.22914328,52.23215172,Cifras definitivas
46,2010,2,Quintana Roo,57.64917578,59.81974349,103.76513225,47.75316398,55.65858714,Cifras definitivas
46,2010,2,San Luis Potosí,63.89262916,61.83493212,96.77944535,59.14690451,63.93906731,Cifras definitivas
46,2010,2,Sinaloa,71.70953219,57.2116217,79.78245005,59.78588153,64.47769057,Cifras definitivas
46,2010,2,Sonora,71.62738852,64.70858401,90.34056015,43.38925739,37.46128202,Cifras definitivas
46,2010,2,Tabasco,35.44241421,57.50746037,162.25604731,63.18822688,66.90682925,Cifras definitivas
46,2010,2,Tamaulipas,77.59396313,59.78321941,77.04622499,62.01803572,79.10782719,Cifras definitivas
46,2010,2,Tlaxcala,73.40999481,62.13627055,84.64279382,49.07523677,40.23208185,Cifras definitivas
46,2010,2,Veracruz de Ignacio de la Llave,72.22462029,67.26207078,93.12900575,75.62826508,79.26488729,Cifras definitivas
46,2010,2,Yucatán,62.76004991,62.88663962,100.20170429,55.07428169,61.57939422,Cifras definitivas
46,2010,2,Zacatecas,71.0704248,61.73057846,86.85832206,66.17097708,76.23720265,Cifras definitivas
46,2010,3,Aguascalientes,74.41151957,67.75745335,91.05774716,68.52562893,73.95779454,Cifras definitivas
46,2010,3,Baja California,64.01680925,69.98427218,109.32171253,66.2783566,72.32069925,Cifras definitivas
46,2010,3,Baja California Sur,75.36326777,74.02775584,98.22790071,72.12531909,84.11925164,Cifras definitivas
46,2010,3,Campeche,66.07842037,55.15724989,83.47240987,71.78208777,78.92255488,Cifras definitivas
46,2010,3,Coahuila de Zaragoza,78.40016433,70.88012942,90.40813884,66.55364719,75.46229859,Cifras definitivas
46,2010,3,Colima,55.68553825,49.63639497,89.13695823,48.44255098,55.00714291,Cifras definitivas
46,2010,3,Chiapas,55.61934291,71.21816846,128.04568471,67.97738894,71.70113089,Cifras definitivas
46,2010,3,Chihuahua,68.5619607,67.80544369,98.89659368,60.21508193,51.01222349,Cifras definitivas
46,2010,3,Ciudad de México,75.29538529,70.74329873,93.95436182,67.76434371,70.51793797,Cifras definitivas
46,2010,3,Durango,55.40106273,61.36580875,110.76648303,48.80138004,43.48759221,Cifras definitivas
46,2010,3,Guanajuato,68.32850109,67.45275488,98.71832955,64.38263761,69.13115602,Cifras definitivas
46,2010,3,Guerrero,79.30389268,82.34484907,103.83456132,74.12622607,74.9295121,Cifras definitivas
46,2010,3,Hidalgo,74.80113378,72.45099027,96.85814453,59.19935832,83.63871751,Cifras definitivas
46,2010,3,Jalisco,72.44542041,78.11130743,107.82090433,69.3413026,74.24285484,Cifras definitivas
46,2010,3,México,91.70220858,68.6047117,74.81249663,70.53234203,78.16663648,Cifras definitivas
46,2010,3,Michoacán de Ocampo,64.21580222,66.28335126,103.21968887,48.75248185,57.31905284,Cifras definitivas
46,2010,3,Morelos,63.96733464,66.38434678,103.77851001,72.80909473,84.52170179,Cifras definitivas
46,2010,3,Nayarit,61.85928707,64.04895213,103.53975153,62.47958098,68.87804159,Cifras definitivas
46,2010,3,Nuevo León,66.50063097,71.77107929,107.925411,66.13144299,69.88987487,Cifras definitivas
46,2010,3,Oaxaca,65.78343682,64.80558284,98.51352555,65.0604025,72.04265533,Cifras definitivas
46,2010,3,Puebla,67.383129,69.68238702,103.41221616,71.00105281,81.90195177,Cifras definitivas
46,2010,3,Querétaro,60.43330762,58.1103983,96.15624328,50.52615642,58.85398457,Cifras definitivas
46,2010,3,Quintana Roo,57.69009725,62.39554495,108.15642185,52.78039079,61.3150877,Cifras definitivas
46,2010,3,San Luis Potosí,63.81347492,65.55850315,102.73457641,64.18857854,70.10762817,Cifras definitivas
46,2010,3,Sinaloa,71.69585613,58.66293113,81.82192709,66.87000668,76.17616605,Cifras definitivas
46,2010,3,Sonora,72.47711686,67.99804565,93.82002016,47.22767824,41.19942791,Cifras definitivas
46,2010,3,Tabasco,35.41537809,61.53108037,173.74113645,68.5313863,74.00427323,Cifras definitivas
46,2010,3,Tamaulipas,77.69548347,62.12089897,79.95432449,68.57248847,87.95795195,Cifras definitivas
46,2010,3,Tlaxcala,72.61101956,66.01375109,90.91423243,55.65711897,46.51845895,Cifras definitivas
46,2010,3,Veracruz de Ignacio de la Llave,72.14281099,70.96539709,98.36794008,83.06909677,86.95733419,Cifras definitivas
46,2010,3,Yucatán,63.04924262,66.54878741,105.55049457,62.6939038,71.38567808,Cifras definitivas
46,2010,3,Zacatecas,72.16246584,67.56203585,93.62489913,74.44280541,84.89315686,Cifras definitivas
46,2010,4,Aguascalientes,73.72153493,67.50264748,91.56435436,62.52125282,66.69047602,Cifras definitivas
46,2010,4,Baja California,64.15661416,70.18698696,109.39945613,62.9619929,67.66376578,Cifras definitivas
46,2010,4,Baja California Sur,75.65254811,74.1178909,97.97144016,67.69822544,75.18706575,Cifras definitivas
46,2010,4,Campeche,65.74225711,56.62250811,86.12802572,68.2949455,74.57671533,Cifras definitivas
46,2010,4,Coahuila de Zaragoza,78.48761174,69.42428998,88.45254486,63.78842729,71.41020866,Cifras definitivas
46,2010,4,Colima,56.00533568,49.59382205,88.55195929,45.82566596,51.06240417,Cifras definitivas
46,2010,4,Chiapas,55.62644624,71.59076118,128.69914585,64.149537,69.9280533,Cifras definitivas
46,2010,4,Chihuahua,68.48764654,67.88053143,99.1135407,56.93041605,47.67582129,Cifras definitivas
46,2010,4,Ciudad de México,75.15169738,70.51758223,93.83365205,64.01773867,66.31030123,Cifras definitivas
46,2010,4,Durango,55.31787022,61.46994336,111.12131236,45.8726936,40.46312319,Cifras definitivas
46,2010,4,Guanajuato,70.0807058,67.69527837,96.59617094,59.94200303,62.9354767,Cifras definitivas
46,2010,4,Guerrero,79.75289711,86.13429232,108.00145881,72.51854242,72.36789917,Cifras definitivas
46,2010,4,Hidalgo,74.88031086,73.62969626,98.32984855,56.22195044,79.22262718,Cifras definitivas
46,2010,4,Jalisco,72.03221111,78.5125747,108.99648017,64.85294544,69.1973436,Cifras definitivas
46,2010,4,México,92.14608799,69.50720403,75.43153003,67.26811547,72.90292991,Cifras definitivas
46,2010,4,Michoacán de Ocampo,64.30808036,68.66713393,106.77839168,46.37505579,53.62231629,Cifras definitivas
46,2010,4,Morelos,64.77595277,66.62739463,102.85822405,68.09017841,76.85022534,Cifras definitivas
46,2010,4,Nayarit,61.95230029,64.92767938,104.80269349,59.97401964,74.8771243,Cifras definitivas
46,2010,4,Nuevo León,66.01158539,72.15718979,109.3098876,63.41915308,65.24479877,Cifras definitivas
46,2010,4,Oaxaca,65.55554164,66.09365875,100.82085678,60.04510182,69.39032142,Cifras definitivas
46,2010,4,Puebla,67.58157445,72.68723823,107.55481627,68.62417499,77.83806164,Cifras definitivas
46,2010,4,Querétaro,60.43187845,58.32320971,96.51066822,48.42640821,53.46366542,Cifras definitivas
46,2010,4,Quintana Roo,58.30078232,64.83270265,111.20382964,51.09527288,56.79036388,Cifras definitivas
46,2010,4,San Luis Potosí,63.55678847,66.55980312,104.72493139,62.03367491,65.76481385,Cifras definitivas
46,2010,4,Sinaloa,71.92782946,58.61490914,81.49128033,62.13632698,67.51702296,Cifras definitivas
46,2010,4,Sonora,72.72755008,67.98482833,93.47878246,44.99804521,39.26026081,Cifras definitivas
46,2010,4,Tabasco,35.18757515,62.00015558,176.19900012,66.18299257,71.33882057,Cifras definitivas
46,2010,4,Tamaulipas,77.88912571,63.50831081,81.53681304,64.58776205,83.64431712,Cifras definitivas
46,2010,4,Tlaxcala,72.50936606,70.23112537,96.85800495,51.41907884,43.13928797,Cifras definitivas
46,2010,4,Veracruz de Ignacio de la Llave,72.19730482,72.57681975,100.52566357,78.64677639,81.61215144,Cifras definitivas
46,2010,4,Yucatán,63.16792299,66.21161366,104.81841182,57.6149177,64.32282586,Cifras definitivas
46,2010,4,Zacatecas,71.36496921,69.12438061,96.86038035,68.49115791,81.31246311,Cifras definitivas
46,2010,5,Aguascalientes,74.33678127,72.85510349,98.00680396,67.66702821,70.23834544,Cifras definitivas
46,2010,5,Baja California,64.23426339,73.99911507,115.20193611,70.6248193,71.81244963,Cifras definitivas
46,2010,5,Baja California Sur,72.83974686,79.48827151,109.12760538,72.74113289,77.02492902,Cifras definitivas
46,2010,5,Campeche,62.64663228,57.29180354,91.45232785,72.76711246,75.50903512,Cifras definitivas
46,2010,5,Coahuila de Zaragoza,78.72112475,75.84738027,96.34946212,68.21240076,73.71511366,Cifras definitivas
46,2010,5,Colima,56.19427971,52.33471198,93.13174268,49.47351707,51.98622614,Cifras definitivas
46,2010,5,Chiapas,55.24345604,71.8749895,130.10588883,68.24302342,71.67366238,Cifras definitivas
46,2010,5,Chihuahua,68.5398635,72.89256982,106.35062006,62.34633053,49.52408465,Cifras definitivas
46,2010,5,Ciudad de México,75.54103095,75.42332507,99.84418285,69.37521318,67.96651618,Cifras definitivas
46,2010,5,Durango,55.60313674,67.22003022,120.89251463,48.61487981,40.80834084,Cifras definitivas
46,2010,5,Guanajuato,70.30035878,74.90754594,106.5535756,63.66152391,62.08908169,Cifras definitivas
46,2010,5,Guerrero,79.17397197,86.55032035,109.31663297,76.25345202,71.74036201,Cifras definitivas
46,2010,5,Hidalgo,75.02468138,77.74732528,103.62899762,60.03377401,81.26025656,Cifras definitivas
46,2010,5,Jalisco,72.38495244,86.69068362,119.76340482,70.08262854,72.35824078,Cifras definitivas
46,2010,5,México,91.87122069,72.39281698,78.79814422,72.31338732,74.96447161,Cifras definitivas
46,2010,5,Michoacán de Ocampo,64.5118856,72.09400297,111.75305496,49.03326324,54.44538446,Cifras definitivas
46,2010,5,Morelos,63.8997588,67.38902723,105.46053459,76.37397673,79.43890536,Cifras definitivas
46,2010,5,Nayarit,61.57242295,70.42126307,114.37143399,64.20236065,85.69732547,Cifras definitivas
46,2010,5,Nuevo León,66.3704507,77.60867016,116.93256463,69.24859951,69.26760006,Cifras definitivas
46,2010,5,Oaxaca,65.55448791,69.89072,106.61469905,63.9212458,67.40959954,Cifras definitivas
46,2010,5,Puebla,68.36981672,79.62037512,116.45544619,73.03105375,78.71353502,Cifras definitivas
46,2010,5,Querétaro,60.46310495,65.23175118,107.88686958,51.86839949,56.42169073,Cifras definitivas
46,2010,5,Quintana Roo,59.00174695,69.42930202,117.67329886,53.85325309,58.62491585,Cifras definitivas
46,2010,5,San Luis Potosí,64.07125527,72.75243375,113.54925613,64.5648589,67.94531881,Cifras definitivas
46,2010,5,Sinaloa,72.41956231,69.26407521,95.64276972,67.64343745,71.40708398,Cifras definitivas
46,2010,5,Sonora,70.90759477,74.44553809,104.98951252,48.54320751,40.14896434,Cifras definitivas
46,2010,5,Tabasco,36.06109345,62.03514648,172.02791304,71.4700348,72.48927437,Cifras definitivas
46,2010,5,Tamaulipas,78.04731509,70.4281801,90.2378,70.16254389,84.71377977,Cifras definitivas
46,2010,5,Tlaxcala,72.99113554,66.71794767,91.40554833,56.21251226,44.63249441,Cifras definitivas
46,2010,5,Veracruz de Ignacio de la Llave,72.57054405,76.28454757,105.11778376,84.46140369,84.19894878,Cifras definitivas
46,2010,5,Yucatán,67.91129919,70.52588043,103.84999444,62.36764893,67.05552713,Cifras definitivas
46,2010,5,Zacatecas,72.07715557,70.99851189,98.50348745,75.07951903,82.60909135,Cifras definitivas
46,2010,6,Aguascalientes,74.4033259,65.54558672,88.09496878,67.45786586,72.6970476,Cifras definitivas
46,2010,6,Baja California,63.41435189,69.02456675,108.84691666,69.02282534,73.59071452,Cifras definitivas
46,2010,6,Baja California Sur,72.53453274,74.19340693,102.287013,70.1851381,75.40822434,Cifras definitivas
46,2010,6,Campeche,61.49232455,54.22537406,88.18234545,71.87283099,75.70014029,Cifras definitivas
46,2010,6,Coahuila de Zaragoza,78.86249947,69.32096186,87.9010459,66.5772636,70.65680912,Cifras definitivas
46,2010,6,Colima,56.23205604,47.76425572,84.94132899,47.81343203,53.12603798,Cifras definitivas
46,2010,6,Chiapas,54.62783469,72.84716354,133.35173168,67.64198449,70.49994777,Cifras definitivas
46,2010,6,Chihuahua,68.71487481,66.70102026,97.06925967,61.2720519,50.70162614,Cifras definitivas
46,2010,6,Ciudad de México,76.0860693,69.67590656,91.57511645,67.31326161,68.13941325,Cifras definitivas
46,2010,6,Durango,55.85592418,60.66388322,108.60778711,47.43956629,40.52875526,Cifras definitivas
46,2010,6,Guanajuato,68.44614412,67.01003245,97.901837,63.87341841,64.16541045,Cifras definitivas
46,2010,6,Guerrero,80.26087172,81.25292083,101.23603082,75.77337573,75.76372643,Cifras definitivas
46,2010,6,Hidalgo,75.5402623,73.23770253,96.95187745,58.45507288,81.69971411,Cifras definitivas
46,2010,6,Jalisco,72.60528311,77.32065246,106.4945265,68.31811626,73.73532043,Cifras definitivas
46,2010,6,México,92.54605969,67.36851897,72.79458379,70.49252896,75.84930776,Cifras definitivas
46,2010,6,Michoacán de Ocampo,64.83459194,66.55084227,102.64712136,47.67128504,54.36238347,Cifras definitivas
46,2010,6,Morelos,64.42804729,64.06558635,99.43741747,71.44473495,79.84978728,Cifras definitivas
46,2010,6,Nayarit,62.38295123,66.15593008,106.04809291,62.66193776,86.23283942,Cifras definitivas
46,2010,6,Nuevo León,66.465143,70.08327058,105.44364672,68.71815572,69.23215492,Cifras definitivas
46,2010,6,Oaxaca,65.96087039,63.87298041,96.83465369,62.24251071,68.01404418,Cifras definitivas
46,2010,6,Puebla,68.23345259,72.08123376,105.63914183,70.71123333,79.48572053,Cifras definitivas
46,2010,6,Querétaro,60.90149279,59.19558702,97.19890976,51.06691997,55.14909784,Cifras definitivas
46,2010,6,Quintana Roo,57.81041607,63.44997426,109.75526311,52.39653222,59.33388444,Cifras definitivas
46,2010,6,San Luis Potosí,64.24578367,62.93735997,97.96340923,63.93961735,68.48009857,Cifras definitivas
46,2010,6,Sinaloa,74.70762463,62.08487748,83.10380338,78.66247008,83.26002157,Cifras definitivas
46,2010,6,Sonora,71.11122337,69.22975393,97.35418778,47.96956318,39.75582927,Cifras definitivas
46,2010,6,Tabasco,35.70239971,60.46431325,169.3564403,69.18688486,73.18572636,Cifras definitivas
46,2010,6,Tamaulipas,78.37402522,61.35431756,78.28399446,68.70967125,83.38664908,Cifras definitivas
46,2010,6,Tlaxcala,73.8722908,65.80527151,89.07977646,54.46796239,44.91180882,Cifras definitivas
46,2010,6,Veracruz de Ignacio de la Llave,72.66350576,70.01827277,96.35961276,81.60263764,84.08384387,Cifras definitivas
46,2010,6,Yucatán,65.30995916,66.18029431,101.33262241,61.3093498,67.225541,Cifras definitivas
46,2010,6,Zacatecas,71.80306094,63.44693047,88.36243141,74.34643732,84.75786521,Cifras definitivas
46,2010,7,Aguascalientes,75.1977502,67.73940231,90.08168746,70.46022834,75.98220657,Cifras definitivas
46,2010,7,Baja California,62.66470571,69.43362208,110.8018003,71.68021271,76.93163516,Cifras definitivas
46,2010,7,Baja California Sur,71.43574936,74.75856269,104.65147123,71.58800053,77.9092928,Cifras definitivas
46,2010,7,Campeche,59.47210456,53.14712093,89.3647893,72.58975046,78.62791151,Cifras definitivas
46,2010,7,Coahuila de Zaragoza,79.42716568,71.40136559,89.89539659,67.36509553,73.68222532,Cifras definitivas
46,2010,7,Colima,56.2031166,49.35244276,87.81086485,48.79649767,53.33980665,Cifras definitivas
46,2010,7,Chiapas,54.44161177,70.55717185,129.60154844,69.95801581,71.24196206,Cifras definitivas
46,2010,7,Chihuahua,69.45584529,68.36538907,98.43000079,61.29446465,50.32994761,Cifras definitivas
46,2010,7,Ciudad de México,76.33411801,69.76403928,91.39299844,71.98902913,73.00622494,Cifras definitivas
46,2010,7,Durango,56.39092036,61.85440789,109.68859436,48.6302885,41.31409083,Cifras definitivas
46,2010,7,Guanajuato,68.76044114,68.91894217,100.23051194,65.28488344,66.14841409,Cifras definitivas
46,2010,7,Guerrero,81.40372101,83.36973333,102.41513815,81.80232098,80.71561848,Cifras definitivas
46,2010,7,Hidalgo,75.77243645,73.34879033,96.80141456,58.77716184,80.65869864,Cifras definitivas
46,2010,7,Jalisco,73.18225111,78.80363796,107.68135274,72.49176249,75.77477383,Cifras definitivas
46,2010,7,México,93.15229087,68.27221398,73.29096616,72.06069361,76.84630605,Cifras definitivas
46,2010,7,Michoacán de Ocampo,65.25989475,68.26617501,104.6066275,50.41188634,56.01688357,Cifras definitivas
46,2010,7,Morelos,65.54965509,66.50560293,101.45835678,76.21790728,83.44743762,Cifras definitivas
46,2010,7,Nayarit,62.6589356,67.22026756,107.27961929,63.66451419,82.32182936,Cifras definitivas
46,2010,7,Nuevo León,66.87549076,71.8982431,107.51060259,67.46084278,69.19272087,Cifras definitivas
46,2010,7,Oaxaca,66.66746675,64.84996291,97.27377696,62.624138,66.82083205,Cifras definitivas
46,2010,7,Puebla,68.79648866,71.96569131,104.60663431,73.04856468,81.51974936,Cifras definitivas
46,2010,7,Querétaro,61.17402711,59.49952542,97.26272445,53.8545921,57.43132287,Cifras definitivas
46,2010,7,Quintana Roo,57.47345258,62.44899374,108.657112,56.82185096,62.31810955,Cifras definitivas
46,2010,7,San Luis Potosí,64.87930802,63.47060676,97.82873569,66.39004054,68.14833818,Cifras definitivas
46,2010,7,Sinaloa,74.44758578,62.79905494,84.35338001,70.50711775,86.6462408,Cifras definitivas
46,2010,7,Sonora,70.18326354,69.4015039,98.88611672,48.55675255,40.46750389,Cifras definitivas
46,2010,7,Tabasco,36.51610632,61.63502994,168.78861454,72.85383828,74.36806066,Cifras definitivas
46,2010,7,Tamaulipas,78.58762577,62.46424375,79.48356136,68.46994211,82.70025508,Cifras definitivas
46,2010,7,Tlaxcala,74.21217247,67.68027629,91.19834932,55.25122204,43.92524627,Cifras definitivas
46,2010,7,Veracruz de Ignacio de la Llave,73.45073752,69.86035568,95.11185053,83.92821512,84.43233847,Cifras definitivas
46,2010,7,Yucatán,66.93230438,64.64932602,96.58912332,61.99518964,67.37478561,Cifras definitivas
46,2010,7,Zacatecas,72.2894102,65.49599154,90.60247048,76.5927938,83.83602571,Cifras definitivas
46,2010,8,Aguascalientes,75.5021981,65.80414529,87.1552709,70.73391391,75.2898058,Cifras definitivas
46,2010,8,Baja California,64.33298108,69.32337535,107.75713201,70.4664374,74.06167032,Cifras definitivas
46,2010,8,Baja California Sur,71.28995058,73.59666858,103.23568467,73.66158396,78.36664871,Cifras definitivas
46,2010,8,Campeche,59.14280187,52.5485866,88.85035023,73.53851129,77.74906765,Cifras definitivas
46,2010,8,Coahuila de Zaragoza,79.23701965,72.7222322,91.77810135,67.70079854,73.60799929,Cifras definitivas
46,2010,8,Colima,55.76275922,48.10904678,86.2745091,50.54855751,56.49634111,Cifras definitivas
46,2010,8,Chiapas,54.28710686,70.0483328,129.03309248,71.55948351,72.03057612,Cifras definitivas
46,2010,8,Chihuahua,69.27594946,67.25896291,97.08847505,62.85224481,51.45018901,Cifras definitivas
46,2010,8,Ciudad de México,76.28492953,70.90181218,92.94340654,71.68184774,69.88174475,Cifras definitivas
46,2010,8,Durango,56.00239453,60.78166905,108.53405387,48.55617638,41.56424453,Cifras definitivas
46,2010,8,Guanajuato,67.76021131,68.60458437,101.24611928,66.01069032,68.70239966,Cifras definitivas
46,2010,8,Guerrero,82.871888,82.04045417,98.99672392,81.72429816,79.53315488,Cifras definitivas
46,2010,8,Hidalgo,75.53245054,74.48593935,98.61448797,60.76116726,82.84899032,Cifras definitivas
46,2010,8,Jalisco,74.11249554,78.13702049,105.43029205,73.72118247,75.75383172,Cifras definitivas
46,2010,8,México,93.05009209,69.48496521,74.67479467,74.49773308,78.0721318,Cifras definitivas
46,2010,8,Michoacán de Ocampo,65.16563038,67.75900179,103.97966136,50.30482673,56.0563276,Cifras definitivas
46,2010,8,Morelos,65.28640257,64.85767939,99.34331934,75.69082944,83.44503629,Cifras definitivas
46,2010,8,Nayarit,62.24025984,66.32364104,106.56067505,64.02559669,71.44121608,Cifras definitivas
46,2010,8,Nuevo León,67.04790075,75.3323442,112.35600721,70.4376201,70.40799534,Cifras definitivas
46,2010,8,Oaxaca,66.5245913,64.6213852,97.13909389,62.87162119,66.15912457,Cifras definitivas
46,2010,8,Puebla,68.56740094,72.62568777,105.9186826,73.12808124,83.06424806,Cifras definitivas
46,2010,8,Querétaro,61.2011387,60.04786932,98.11560797,54.11721396,58.3449105,Cifras definitivas
46,2010,8,Quintana Roo,56.80788829,63.6789999,112.0953477,55.14037494,59.75153058,Cifras definitivas
46,2010,8,San Luis Potosí,65.18027555,64.02974304,98.23484559,68.59096936,70.73450715,Cifras definitivas
46,2010,8,Sinaloa,74.02024849,62.10904607,83.90818369,67.511759,66.97842673,Cifras definitivas
46,2010,8,Sonora,69.61716581,68.73575307,98.73391465,49.14777822,41.4083943,Cifras definitivas
46,2010,8,Tabasco,36.3833967,62.01931548,170.46048776,72.67867445,74.00858667,Cifras definitivas
46,2010,8,Tamaulipas,78.08120345,64.0201537,81.99176098,71.00779714,86.30640337,Cifras definitivas
46,2010,8,Tlaxcala,74.1105126,67.73977682,91.40373537,59.55021959,47.38210524,Cifras definitivas
46,2010,8,Veracruz de Ignacio de la Llave,73.79432836,70.60552265,95.67879296,85.36388171,85.84183036,Cifras definitivas
46,2010,8,Yucatán,66.20557651,65.64996036,99.16077137,62.72508756,66.95925455,Cifras definitivas
46,2010,8,Zacatecas,70.9245136,62.87562991,88.65147848,74.44988113,82.59487279,Cifras definitivas
46,2010,9,Aguascalientes,74.81744395,64.86406659,86.69644827,66.9059864,74.30055335,Cifras definitivas
46,2010,9,Baja California,64.88251613,67.7299493,104.38859856,66.38734635,71.98119863,Cifras definitivas
46,2010,9,Baja California Sur,72.24766623,70.47255938,97.54302534,66.83876915,76.76952611,Cifras definitivas
46,2010,9,Campeche,59.75660284,51.13693931,85.57537892,68.52887601,74.76257646,Cifras definitivas
46,2010,9,Coahuila de Zaragoza,79.93508363,70.75550796,88.51621184,65.29355025,75.06004882,Cifras definitivas
46,2010,9,Colima,57.43887465,47.85315376,83.31144029,46.49751533,54.76576599,Cifras definitivas
46,2010,9,Chiapas,54.21575515,68.96205206,127.19928344,64.82039977,69.97313127,Cifras definitivas
46,2010,9,Chihuahua,69.3153514,65.38498675,94.32973422,59.13858777,50.30433496,Cifras definitivas
46,2010,9,Ciudad de México,76.61823504,68.78833322,89.78062883,66.64593599,72.37198937,Cifras definitivas
46,2010,9,Durango,57.76312329,61.07788933,105.73855057,46.4767704,41.28902328,Cifras definitivas
46,2010,9,Guanajuato,67.89815202,66.62129289,98.11944936,60.57514474,68.96021228,Cifras definitivas
46,2010,9,Guerrero,85.3344706,80.12763203,93.89831737,73.23053542,74.61787542,Cifras definitivas
46,2010,9,Hidalgo,76.81900747,71.46116622,93.02537038,56.73611634,80.24876296,Cifras definitivas
46,2010,9,Jalisco,74.21178364,77.10079162,103.89292352,68.94932163,73.50946751,Cifras definitivas
46,2010,9,México,93.67997957,67.58770229,72.14743492,69.73538092,77.56127882,Cifras definitivas
46,2010,9,Michoacán de Ocampo,65.4175777,66.47562654,101.61737698,46.96879552,54.6527106,Cifras definitivas
46,2010,9,Morelos,65.42675281,64.95310003,99.27605641,72.17038574,83.43136279,Cifras definitivas
46,2010,9,Nayarit,63.17544873,64.47023682,102.0495115,59.32534114,70.07307538,Cifras definitivas
46,2010,9,Nuevo León,67.86446543,73.2738362,107.97084415,66.65506472,70.10591027,Cifras definitivas
46,2010,9,Oaxaca,67.38457461,64.63215707,95.91535963,58.72109943,66.00512603,Cifras definitivas
46,2010,9,Puebla,68.6353622,70.20639218,102.28895125,69.15588396,80.6031899,Cifras definitivas
46,2010,9,Querétaro,61.86998012,58.10625934,93.91672541,50.79040475,57.46489473,Cifras definitivas
46,2010,9,Quintana Roo,56.91978793,61.6234315,108.26363509,48.07846437,55.8284801,Cifras definitivas
46,2010,9,San Luis Potosí,65.06773349,62.46889861,96.0059545,62.22379193,66.24367879,Cifras definitivas
46,2010,9,Sinaloa,74.07698591,61.36871112,82.84450341,66.15977723,66.50194065,Cifras definitivas
46,2010,9,Sonora,71.23542943,68.46505413,96.11095866,45.53342089,39.38214739,Cifras definitivas
46,2010,9,Tabasco,36.2172473,60.5002243,167.04810224,67.68325815,72.76609243,Cifras definitivas
46,2010,9,Tamaulipas,78.236709,61.74310032,78.91832505,65.24734467,83.93025809,Cifras definitivas
46,2010,9,Tlaxcala,74.91819078,67.89226957,90.62187549,53.66029061,44.30439257,Cifras definitivas
46,2010,9,Veracruz de Ignacio de la Llave,73.58195073,68.3374243,92.87253684,77.13749488,81.67022381,Cifras definitivas
46,2010,9,Yucatán,66.75080364,63.60963448,95.29418526,57.6189337,63.08664305,Cifras definitivas
46,2010,9,Zacatecas,71.6710468,63.87949479,89.12873139,71.44296128,82.69532457,Cifras definitivas
46,2010,10,Aguascalientes,75.10938374,66.05941142,87.95094319,69.88336952,79.43595983,Cifras definitivas
46,2010,10,Baja California,66.17154294,69.64078446,105.2427998,68.09540099,76.4607469,Cifras definitivas
46,2010,10,Baja California Sur,72.88647774,73.14724982,100.35777841,70.45160928,85.01786797,Cifras definitivas
46,2010,10,Campeche,60.39795942,52.99732048,87.74687256,71.79321773,82.09234076,Cifras definitivas
46,2010,10,Coahuila de Zaragoza,80.45141393,71.13662925,88.42185087,67.86577581,81.16622558,Cifras definitivas
46,2010,10,Colima,58.42849691,48.23924805,82.56116553,48.67668762,57.61410125,Cifras definitivas
46,2010,10,Chiapas,54.80533114,69.04384009,125.98015312,67.80248434,73.65280887,Cifras definitivas
46,2010,10,Chihuahua,69.42181058,67.57550927,97.3404593,61.46672782,54.73519144,Cifras definitivas
46,2010,10,Ciudad de México,77.01602201,70.70656827,91.80760889,71.29185599,79.07840927,Cifras definitivas
46,2010,10,Durango,57.42542081,59.96808091,104.4277605,47.79032255,45.45587293,Cifras definitivas
46,2010,10,Guanajuato,68.33492252,68.12457746,99.69218512,64.04781911,75.07407136,Cifras definitivas
46,2010,10,Guerrero,85.94466882,81.10450598,94.36828031,76.33817889,82.2874004,Cifras definitivas
46,2010,10,Hidalgo,77.09631321,73.67915212,95.5676725,59.09669319,89.46047035,Cifras definitivas
46,2010,10,Jalisco,74.5370359,77.87093983,104.47281528,72.22283865,82.44781098,Cifras definitivas
46,2010,10,México,93.81975178,68.84028523,73.37504515,74.11356308,86.85742078,Cifras definitivas
46,2010,10,Michoacán de Ocampo,65.75582093,67.28538466,102.32612673,49.695899,61.28221478,Cifras definitivas
46,2010,10,Morelos,65.57463793,65.07284491,99.23477577,77.30685709,92.13984075,Cifras definitivas
46,2010,10,Nayarit,63.5483601,66.07724805,103.97947004,62.47655308,81.17361979,Cifras definitivas
46,2010,10,Nuevo León,68.45014213,71.71013282,104.76257695,69.0143452,77.3765135,Cifras definitivas
46,2010,10,Oaxaca,67.73315423,64.08445683,94.61312936,63.55337706,73.97769029,Cifras definitivas
46,2010,10,Puebla,69.12671995,72.99822218,105.6005872,72.89115772,90.32736922,Cifras definitivas
46,2010,10,Querétaro,62.4163881,60.09207302,96.27611409,52.22723793,62.41962308,Cifras definitivas
46,2010,10,Quintana Roo,57.42283531,62.32583447,108.53841357,50.15633846,64.38485333,Cifras definitivas
46,2010,10,San Luis Potosí,65.54717773,62.90557271,95.96991799,66.36146602,76.14266259,Cifras definitivas
46,2010,10,Sinaloa,74.87053954,62.38400865,83.32250446,65.79436893,76.3249871,Cifras definitivas
46,2010,10,Sonora,71.43920651,69.91169134,97.86179712,47.95358417,43.47362588,Cifras definitivas
46,2010,10,Tabasco,36.86947591,60.78560113,164.86700619,71.80562845,81.41711794,Cifras definitivas
46,2010,10,Tamaulipas,78.33966368,62.39998947,79.65312402,68.87860037,93.92717684,Cifras definitivas
46,2010,10,Tlaxcala,74.82258658,68.7384191,91.86854163,56.02970413,49.59458324,Cifras definitivas
46,2010,10,Veracruz de Ignacio de la Llave,74.18203309,68.98054723,92.98821339,83.87543066,94.21116299,Cifras definitivas
46,2010,10,Yucatán,67.58237111,66.32313202,98.13673437,60.10321934,69.86639223,Cifras definitivas
46,2010,10,Zacatecas,73.03279539,61.4217794,84.10164101,71.21608001,91.29663917,Cifras definitivas
46,2010,11,Aguascalientes,75.33612909,66.58766859,88.3874303,69.39753377,78.03765519,Cifras definitivas
46,2010,11,Baja California,67.1696648,70.13922051,104.42097741,68.70196524,75.02706856,Cifras definitivas
46,2010,11,Baja California Sur,74.76385877,72.50957546,96.9847954,72.71616174,85.65233685,Cifras definitivas
46,2010,11,Campeche,62.30306432,52.28295006,83.91714056,73.11913508,81.06262218,Cifras definitivas
46,2010,11,Coahuila de Zaragoza,81.80713451,70.35700471,86.00350707,69.16935568,78.92016723,Cifras definitivas
46,2010,11,Colima,59.52618999,49.47985161,83.12282647,50.47639846,60.29621734,Cifras definitivas
46,2010,11,Chiapas,55.8253969,69.79005034,125.01487534,68.95431777,74.34929254,Cifras definitivas
46,2010,11,Chihuahua,69.84588377,66.93376509,95.83065097,62.90733905,55.24656308,Cifras definitivas
46,2010,11,Ciudad de México,78.1555103,70.86800907,90.67563989,74.50009213,80.15649678,Cifras definitivas
46,2010,11,Durango,58.49831746,60.71439988,103.78828403,48.85432596,44.91113486,Cifras definitivas
46,2010,11,Guanajuato,69.99784189,68.84217584,98.3489976,65.73341891,74.05611603,Cifras definitivas
46,2010,11,Guerrero,88.58854853,82.64510778,93.29096046,78.34780168,81.89350787,Cifras definitivas
46,2010,11,Hidalgo,78.67552472,73.07277644,92.87866424,61.3341087,89.34274293,Cifras definitivas
46,2010,11,Jalisco,74.54394079,79.30788274,106.39078361,73.97321323,81.8031557,Cifras definitivas
46,2010,11,México,95.41294187,68.66013107,71.96102512,76.71925833,87.05256156,Cifras definitivas
46,2010,11,Michoacán de Ocampo,66.84543668,67.56897827,101.08240985,50.85516127,60.03589176,Cifras definitivas
46,2010,11,Morelos,66.46437155,65.89155717,99.13816325,77.15027494,91.50634049,Cifras definitivas
46,2010,11,Nayarit,64.83394462,63.16841269,97.43108037,62.94278986,78.20890144,Cifras definitivas
46,2010,11,Nuevo León,69.84662337,71.59887219,102.50870942,70.55290055,76.56099934,Cifras definitivas
46,2010,11,Oaxaca,68.52309456,64.39688014,93.97835949,63.86127221,73.76892577,Cifras definitivas
46,2010,11,Puebla,70.24005833,71.48146033,101.7673704,75.1129695,91.20998513,Cifras definitivas
46,2010,11,Querétaro,63.30865944,59.95037585,94.69538035,53.06648633,61.50229507,Cifras definitivas
46,2010,11,Quintana Roo,58.96407962,61.2096504,103.80837078,53.84654149,62.27786089,Cifras definitivas
46,2010,11,San Luis Potosí,66.71685082,62.80748664,94.14036464,66.35900263,72.71964853,Cifras definitivas
46,2010,11,Sinaloa,75.40681346,60.41642266,80.12064147,71.10404837,76.29483306,Cifras definitivas
46,2010,11,Sonora,72.31227659,68.07909155,94.1459663,48.66381009,43.51595918,Cifras definitivas
46,2010,11,Tabasco,37.70630795,61.15543701,162.18887591,73.46974429,79.23368258,Cifras definitivas
46,2010,11,Tamaulipas,79.23788958,61.25611241,77.30659251,68.33739188,89.27815295,Cifras definitivas
46,2010,11,Tlaxcala,76.43570943,66.49602574,86.99602089,56.80192789,49.77073464,Cifras definitivas
46,2010,11,Veracruz de Ignacio de la Llave,75.62250119,68.85623811,91.05257962,84.34425543,91.92082941,Cifras definitivas
46,2010,11,Yucatán,69.67443312,64.87457505,93.11101956,61.27530213,68.57147848,Cifras definitivas
46,2010,11,Zacatecas,73.37594891,67.09529651,91.44044814,73.00999339,88.31975708,Cifras definitivas
46,2010,12,Aguascalientes,76.71750163,89.60920186,116.80411895,89.60909983,88.91323569,Cifras definitivas
46,2010,12,Baja California,67.72314084,85.12186998,125.69096608,84.42848598,87.22084403,Cifras definitivas
46,2010,12,Baja California Sur,74.83120415,92.93767349,124.19641585,97.03343207,93.29896285,Cifras definitivas
46,2010,12,Campeche,62.7031069,68.02800021,108.492232,94.30354127,89.96086398,Cifras definitivas
46,2010,12,Coahuila de Zaragoza,81.7848118,86.02244788,105.18144627,88.89073211,86.09373598,Cifras definitivas
46,2010,12,Colima,59.94972351,62.57798761,104.3841138,68.69147367,65.80911547,Cifras definitivas
46,2010,12,Chiapas,56.35045447,81.14388498,143.99863452,87.69232796,78.53802733,Cifras definitivas
46,2010,12,Chihuahua,69.94888765,87.45336529,125.02466905,82.17652843,63.41503162,Cifras definitivas
46,2010,12,Ciudad de México,79.04121471,90.44395527,114.42632252,97.58727436,92.08688928,Cifras definitivas
46,2010,12,Durango,59.05704147,78.3264992,132.62855241,64.80992191,48.45734683,Cifras definitivas
46,2010,12,Guanajuato,70.67791573,96.06477777,135.919087,86.69959502,77.68403327,Cifras definitivas
46,2010,12,Guerrero,89.14511278,102.07451103,114.50376565,107.01223814,91.62116749,Cifras definitivas
46,2010,12,Hidalgo,78.95538843,92.98450763,117.76841262,77.63543517,98.27892805,Cifras definitivas
46,2010,12,Jalisco,75.52896487,100.81532076,133.47901819,92.42369089,87.22008731,Cifras definitivas
46,2010,12,México,96.22829857,90.59404777,94.14491279,98.41714298,92.66290748,Cifras definitivas
46,2010,12,Michoacán de Ocampo,67.23457348,85.20240645,126.7240975,63.18729507,61.46282633,Cifras definitivas
46,2010,12,Morelos,67.39414019,80.03290125,118.75350145,100.69496243,103.45193235,Cifras definitivas
46,2010,12,Nayarit,64.67061007,78.74695958,121.76622347,83.0286475,83.37273484,Cifras definitivas
46,2010,12,Nuevo León,70.08672914,91.29047579,130.25358283,90.16047225,85.50937162,Cifras definitivas
46,2010,12,Oaxaca,69.03811179,83.15628334,120.44982284,80.65737836,82.58432781,Cifras definitivas
46,2010,12,Puebla,72.32189234,95.19506613,131.62690169,99.38745995,99.33867284,Cifras definitivas
46,2010,12,Querétaro,63.86436929,76.656441,120.03006035,66.54846899,64.05021765,Cifras definitivas
46,2010,12,Quintana Roo,59.25279747,76.87141329,129.73465654,73.78411218,71.95300197,Cifras definitivas
46,2010,12,San Luis Potosí,67.37751789,83.92828879,124.56423362,88.69302282,83.81614377,Cifras definitivas
46,2010,12,Sinaloa,75.83416382,75.44032944,99.48066365,89.72266321,80.14176069,Cifras definitivas
46,2010,12,Sonora,72.61990224,85.20896013,117.33554783,63.76525877,49.91672228,Cifras definitivas
46,2010,12,Tabasco,37.99540662,77.27525301,203.38051329,99.31552247,87.38034856,Cifras definitivas
46,2010,12,Tamaulipas,79.6818154,80.01585363,100.41921514,88.43538427,99.29258802,Cifras definitivas
46,2010,12,Tlaxcala,77.36606039,81.10728027,104.83573787,72.83245643,54.40458976,Cifras definitivas
46,2010,12,Veracruz de Ignacio de la Llave,76.31526378,89.49142655,117.26543566,113.02328688,102.96665264,Cifras definitivas
46,2010,12,Yucatán,70.59851026,85.04728768,120.46612225,79.34809083,76.82892369,Cifras definitivas
46,2010,12,Zacatecas,74.25497986,85.77524776,115.51447179,92.52265988,92.75014459,Cifras definitivas
46,2011,1,Aguascalientes,75.98390557,66.14375011,87.04968455,73.64669488,71.02094525,Cifras definitivas
46,2011,1,Baja California,67.07480764,70.08473636,104.48742058,69.01536195,69.02490786,Cifras definitivas
46,2011,1,Baja California Sur,78.02753805,73.82607518,94.61541018,80.48071981,75.38191955,Cifras definitivas
46,2011,1,Campeche,63.3305948,53.76858456,84.90143623,74.69021094,73.98738992,Cifras definitivas
46,2011,1,Coahuila de Zaragoza,82.27232971,70.53548898,85.7341578,69.87109811,68.15670875,Cifras definitivas
46,2011,1,Colima,58.25294798,51.77424331,88.87832308,52.8715045,54.42328775,Cifras definitivas
46,2011,1,Chiapas,62.69145671,65.27903946,104.12748863,68.22347105,66.75173706,Cifras definitivas
46,2011,1,Chihuahua,69.5964522,66.27937449,95.2338408,66.71930511,51.36802862,Cifras definitivas
46,2011,1,Ciudad de México,77.87295377,70.18093446,90.12234808,73.84376282,71.29240102,Cifras definitivas
46,2011,1,Durango,58.98175729,62.67448979,106.26080448,51.1293418,40.48185911,Cifras definitivas
46,2011,1,Guanajuato,69.61507702,68.94056435,99.03108249,68.74437428,62.28618314,Cifras definitivas
46,2011,1,Guerrero,88.33669424,81.42493095,92.17566001,84.09226508,73.59404192,Cifras definitivas
46,2011,1,Hidalgo,76.80799617,70.44271183,91.71273219,64.6838116,79.68176001,Cifras definitivas
46,2011,1,Jalisco,73.47054707,77.05760875,104.88231247,75.06370603,73.59730101,Cifras definitivas
46,2011,1,México,93.35621473,71.46925153,76.55542991,74.89998711,75.86847979,Cifras definitivas
46,2011,1,Michoacán de Ocampo,66.85161894,67.11492983,100.39387362,52.14037843,52.26202763,Cifras definitivas
46,2011,1,Morelos,65.93452772,65.35968076,99.12815488,81.33537782,81.32761937,Cifras definitivas
46,2011,1,Nayarit,62.80704829,60.72381085,96.6831152,63.14822192,62.9669332,Cifras definitivas
46,2011,1,Nuevo León,68.19405306,69.96721249,102.60016724,69.80000206,67.59444719,Cifras definitivas
46,2011,1,Oaxaca,68.82564961,61.63006256,89.54519559,63.70903341,61.06738287,Cifras definitivas
46,2011,1,Puebla,74.56755616,74.78826762,100.29598859,81.8305737,82.50138647,Cifras definitivas
46,2011,1,Querétaro,63.32791747,58.90351262,93.01350016,57.16487629,56.13725162,Cifras definitivas
46,2011,1,Quintana Roo,60.82352599,61.94624691,101.84586622,58.27596538,56.96968171,Cifras definitivas
46,2011,1,San Luis Potosí,66.14019008,64.43147991,97.41653272,69.51751893,67.03640956,Cifras definitivas
46,2011,1,Sinaloa,74.55096457,58.54719598,78.53311666,65.90310339,61.97300661,Cifras definitivas
46,2011,1,Sonora,75.96638887,67.28356391,88.57017546,49.14451278,38.82832835,Cifras definitivas
46,2011,1,Tabasco,41.99248751,63.01765056,150.06886778,77.0817745,70.662134,Cifras definitivas
46,2011,1,Tamaulipas,77.68709939,61.41253132,79.05113179,68.3532813,80.46673772,Cifras definitivas
46,2011,1,Tlaxcala,77.74306424,69.77318242,89.74843364,60.07529517,44.64014566,Cifras definitivas
46,2011,1,Veracruz de Ignacio de la Llave,75.34779822,69.01257103,91.59202082,88.64604042,81.35110567,Cifras definitivas
46,2011,1,Yucatán,65.72585849,65.5229445,99.69127221,62.53585526,61.49294481,Cifras definitivas
46,2011,1,Zacatecas,73.02041118,63.68944209,87.22142352,74.07031725,73.47576406,Cifras definitivas
46,2011,2,Aguascalientes,75.38945345,65.6549392,87.08769754,63.55190926,67.99755323,Cifras definitivas
46,2011,2,Baja California,66.57452442,69.06705088,103.74396435,62.5430283,67.04697472,Cifras definitivas
46,2011,2,Baja California Sur,77.93983847,71.70455482,91.99987609,66.34615559,68.73384905,Cifras definitivas
46,2011,2,Campeche,62.71550761,50.40534331,80.37141886,67.29929709,71.07051254,Cifras definitivas
46,2011,2,Coahuila de Zaragoza,82.24722441,68.78469953,83.63163623,62.25072475,68.52425232,Cifras definitivas
46,2011,2,Colima,57.81199702,48.71899082,84.27142,45.3952201,49.73181067,Cifras definitivas
46,2011,2,Chiapas,62.33197669,60.61126696,97.23944303,61.48373646,64.26792078,Cifras definitivas
46,2011,2,Chihuahua,72.03311287,65.26209038,90.60012511,58.40150148,50.06815279,Cifras definitivas
46,2011,2,Ciudad de México,77.50406134,67.43402076,87.00708014,67.15644487,68.84434556,Cifras definitivas
46,2011,2,Durango,58.43803541,58.21570432,99.61954387,44.55502495,38.37201967,Cifras definitivas
46,2011,2,Guanajuato,69.11188971,67.26765696,97.33152608,59.45000663,62.09674454,Cifras definitivas
46,2011,2,Guerrero,87.39664387,78.32260607,89.61740703,68.90465998,68.08980388,Cifras definitivas
46,2011,2,Hidalgo,76.08692308,67.00835696,88.068165,54.21355637,72.73748603,Cifras definitivas
46,2011,2,Jalisco,73.51289204,75.77922124,103.08290034,67.8888686,71.87342043,Cifras definitivas
46,2011,2,México,93.29486334,67.66311617,72.52608959,67.12066511,71.25889213,Cifras definitivas
46,2011,2,Michoacán de Ocampo,65.93505747,63.36470728,96.10169417,45.59985674,51.78101439,Cifras definitivas
46,2011,2,Morelos,66.21144231,62.4999769,94.39452566,66.83243632,73.73487956,Cifras definitivas
46,2011,2,Nayarit,62.52574338,57.55620719,92.05201582,54.23215672,61.21523148,Cifras definitivas
46,2011,2,Nuevo León,67.58256256,69.82578731,103.31923601,63.55451767,63.98474198,Cifras definitivas
46,2011,2,Oaxaca,66.88578768,56.92126969,85.10218937,56.11222793,59.99094049,Cifras definitivas
46,2011,2,Puebla,74.05435489,72.3722356,97.72853427,70.30078382,80.05860991,Cifras definitivas
46,2011,2,Querétaro,63.37259957,58.32133643,92.02926316,49.42046185,54.42915004,Cifras definitivas
46,2011,2,Quintana Roo,60.29853543,60.2540428,99.92621275,49.79075675,54.76166964,Cifras definitivas
46,2011,2,San Luis Potosí,65.7260947,61.7626257,93.96971778,59.20110284,62.66718262,Cifras definitivas
46,2011,2,Sinaloa,73.76844783,56.73691683,76.91217383,57.51425329,62.37801988,Cifras definitivas
46,2011,2,Sonora,74.64101818,64.69895011,86.68015481,42.49007793,35.5681082,Cifras definitivas
46,2011,2,Tabasco,41.80405431,58.45231993,139.82452395,66.51816164,69.32931019,Cifras definitivas
46,2011,2,Tamaulipas,77.10458258,60.25788938,78.15085351,61.13622113,78.39472511,Cifras definitivas
46,2011,2,Tlaxcala,77.35450619,65.51359824,84.69267205,49.82272178,40.22839961,Cifras definitivas
46,2011,2,Veracruz de Ignacio de la Llave,74.80454664,65.75487864,87.90224872,77.67595925,78.30633932,Cifras definitivas
46,2011,2,Yucatán,65.29680191,63.02321969,96.51808028,55.08408575,56.51382397,Cifras definitivas
46,2011,2,Zacatecas,72.44872244,59.76819371,82.49723625,63.67249863,68.12034432,Cifras definitivas
46,2011,3,Aguascalientes,75.75268821,68.64768869,90.62079553,68.91317208,75.40294991,Cifras definitivas
46,2011,3,Baja California,67.04808086,72.31704928,107.85849252,69.51085888,74.36918555,Cifras definitivas
46,2011,3,Baja California Sur,78.62269957,77.2647178,98.27278664,71.19709779,80.34276419,Cifras definitivas
46,2011,3,Campeche,61.26474754,56.46574124,92.16677373,73.11245819,79.20218419,Cifras definitivas
46,2011,3,Coahuila de Zaragoza,83.39162244,73.54391065,88.19100588,69.75724963,78.67412788,Cifras definitivas
46,2011,3,Colima,58.65051697,54.05377727,92.16249074,50.51937081,55.10899785,Cifras definitivas
46,2011,3,Chiapas,63.1859199,71.85578833,113.72120315,69.83247287,72.62777399,Cifras definitivas
46,2011,3,Chihuahua,73.1309506,68.68720999,93.92358424,63.75098192,54.82956762,Cifras definitivas
46,2011,3,Ciudad de México,77.92638902,73.06984401,93.76777871,76.99346218,78.0394744,Cifras definitivas
46,2011,3,Durango,58.54657277,63.98816948,109.29447524,49.84426469,44.16682729,Cifras definitivas
46,2011,3,Guanajuato,69.52961713,70.58402551,101.51648811,65.03166112,67.72025343,Cifras definitivas
46,2011,3,Guerrero,87.98988221,85.94370523,97.67453152,75.78814945,76.73474935,Cifras definitivas
46,2011,3,Hidalgo,75.54375756,73.9630152,97.90751425,61.68980019,87.07368007,Cifras definitivas
46,2011,3,Jalisco,74.76691039,78.78622873,105.37579836,73.15898715,78.94314764,Cifras definitivas
46,2011,3,México,91.95929728,73.6494117,80.08914148,73.8092006,81.76483245,Cifras definitivas
46,2011,3,Michoacán de Ocampo,66.17956012,69.95719026,105.70815239,49.38572605,55.54746796,Cifras definitivas
46,2011,3,Morelos,66.12635367,68.28226055,103.26028393,75.52126885,86.57387399,Cifras definitivas
46,2011,3,Nayarit,63.02997721,63.58610512,100.88232288,59.92960463,60.31572445,Cifras definitivas
46,2011,3,Nuevo León,68.90386865,73.98130073,107.36886358,69.93018992,70.78270094,Cifras definitivas
46,2011,3,Oaxaca,66.55668951,65.35752634,98.19828303,60.44137253,65.97726443,Cifras definitivas
46,2011,3,Puebla,74.04169124,76.47287434,103.28353264,77.01193926,90.14157093,Cifras definitivas
46,2011,3,Querétaro,63.40451297,61.38214501,96.81037222,52.27417991,59.33386624,Cifras definitivas
46,2011,3,Quintana Roo,60.88960961,65.25541572,107.17003465,57.49790502,62.79842674,Cifras definitivas
46,2011,3,San Luis Potosí,66.70460871,67.16625789,100.69207989,64.20971357,68.80478563,Cifras definitivas
46,2011,3,Sinaloa,73.92306655,60.81624239,82.26964225,64.78537775,69.55413593,Cifras definitivas
46,2011,3,Sonora,75.53505749,69.50717845,92.01975978,48.05482464,41.50983523,Cifras definitivas
46,2011,3,Tabasco,42.52545735,64.27741796,151.15044485,72.57626241,77.96812809,Cifras definitivas
46,2011,3,Tamaulipas,77.63593303,63.30709375,81.54354727,67.12661057,87.94775884,Cifras definitivas
46,2011,3,Tlaxcala,77.31997798,73.2558951,94.74381268,53.21487786,45.71812716,Cifras definitivas
46,2011,3,Veracruz de Ignacio de la Llave,75.16852919,72.02292616,95.81526596,84.63495095,89.09532803,Cifras definitivas
46,2011,3,Yucatán,66.12326811,68.66302299,103.84093974,60.10522615,64.31904669,Cifras definitivas
46,2011,3,Zacatecas,73.21318725,67.554098,92.27039627,70.36198454,77.74014529,Cifras definitivas
46,2011,4,Aguascalientes,76.04587369,67.06089977,88.18479756,65.59275563,67.89388899,Cifras definitivas
46,2011,4,Baja California,67.79546602,72.03149282,106.24824498,68.79007304,73.31074787,Cifras definitivas
46,2011,4,Baja California Sur,76.12364324,73.91450815,97.09796458,73.24445943,81.52324916,Cifras definitivas
46,2011,4,Campeche,61.29854385,52.86097179,86.23528141,74.1837124,78.05594511,Cifras definitivas
46,2011,4,Coahuila de Zaragoza,83.42296682,72.16938798,86.51021503,67.78270376,72.54346305,Cifras definitivas
46,2011,4,Colima,58.54670607,50.46063118,86.18867664,47.96706423,52.70258843,Cifras definitivas
46,2011,4,Chiapas,63.18933733,57.46004435,90.93313331,71.10655977,61.06475457,Cifras definitivas
46,2011,4,Chihuahua,72.67718037,67.07008057,92.28492386,63.84775098,54.08758925,Cifras definitivas
46,2011,4,Ciudad de México,78.81462467,68.70773955,87.17638362,75.14529578,74.03826463,Cifras definitivas
46,2011,4,Durango,58.05226759,60.85742495,104.83212366,48.46771172,41.91862447,Cifras definitivas
46,2011,4,Guanajuato,69.08244569,68.71496627,99.46805673,62.68052134,64.82746099,Cifras definitivas
46,2011,4,Guerrero,88.79732835,77.61379045,87.40554687,78.04459498,71.53577157,Cifras definitivas
46,2011,4,Hidalgo,76.23922251,69.29677071,90.89385808,61.79146778,83.55125558,Cifras definitivas
46,2011,4,Jalisco,74.49680695,77.1088996,103.50631491,69.88449025,74.54262,Cifras definitivas
46,2011,4,México,93.83429969,70.23430438,74.84928711,70.89675401,74.96455284,Cifras definitivas
46,2011,4,Michoacán de Ocampo,66.24020852,62.89056635,94.94318897,48.91190209,50.5375805,Cifras definitivas
46,2011,4,Morelos,67.59029001,63.99343495,94.67844411,72.7654,80.0161109,Cifras definitivas
46,2011,4,Nayarit,63.2959848,57.77586503,91.27887845,60.52406982,84.78233674,Cifras definitivas
46,2011,4,Nuevo León,68.04661815,72.269617,106.20603781,68.03749903,66.80189624,Cifras definitivas
46,2011,4,Oaxaca,66.03945906,58.92841808,89.23213321,60.05769717,62.8347254,Cifras definitivas
46,2011,4,Puebla,73.8468863,73.54638217,99.59307136,74.50563615,83.40291442,Cifras definitivas
46,2011,4,Querétaro,63.46139669,58.55071492,92.26193871,51.8505223,57.33945886,Cifras definitivas
46,2011,4,Quintana Roo,59.63117508,62.16000891,104.24079154,56.86819029,61.41817329,Cifras definitivas
46,2011,4,San Luis Potosí,66.85309607,63.35660361,94.76988701,62.55066438,65.58169499,Cifras definitivas
46,2011,4,Sinaloa,74.99187091,57.78015403,77.0485565,62.75952052,68.76868017,Cifras definitivas
46,2011,4,Sonora,74.68856864,68.4255823,91.61453158,48.1249468,41.84478499,Cifras definitivas
46,2011,4,Tabasco,42.69716479,58.4689736,136.93877307,72.13241679,72.53417352,Cifras definitivas
46,2011,4,Tamaulipas,77.29269558,60.89467332,78.78451238,66.02289784,83.50888616,Cifras definitivas
46,2011,4,Tlaxcala,77.72655453,65.95939146,84.86081991,54.37065334,43.09042889,Cifras definitivas
46,2011,4,Veracruz de Ignacio de la Llave,75.34820715,66.33840579,88.04244759,82.27584113,85.38163692,Cifras definitivas
46,2011,4,Yucatán,64.24128682,65.48846934,101.94140339,59.50237105,62.13206033,Cifras definitivas
46,2011,4,Zacatecas,74.37251235,58.49818673,78.655655,69.30596365,74.76544112,Cifras definitivas
46,2011,5,Aguascalientes,75.8898245,75.28445647,99.20230672,68.54534659,70.08687286,Cifras definitivas
46,2011,5,Baja California,68.07446834,80.50340714,118.25785658,71.1946038,74.31402179,Cifras definitivas
46,2011,5,Baja California Sur,76.18686574,85.48103581,112.1991763,74.76297948,79.02374234,Cifras definitivas
46,2011,5,Campeche,61.97070904,56.91289479,91.83837925,78.05281407,80.56457335,Cifras definitivas
46,2011,5,Coahuila de Zaragoza,83.92384829,79.63780169,94.89293367,72.16174715,74.60005903,Cifras definitivas
46,2011,5,Colima,59.19575667,56.52703503,95.49170111,53.11414394,56.68442872,Cifras definitivas
46,2011,5,Chiapas,62.87492398,60.87083171,96.81257305,73.50547278,62.5953305,Cifras definitivas
46,2011,5,Chihuahua,74.2309561,75.01044336,101.05008382,67.293384,54.52253178,Cifras definitivas
46,2011,5,Ciudad de México,79.59728089,74.42989632,93.50808908,76.75302512,75.39410003,Cifras definitivas
46,2011,5,Durango,58.78581322,67.53488175,114.88295909,50.33543023,41.79441416,Cifras definitivas
46,2011,5,Guanajuato,69.55426647,78.82507518,113.32888575,65.84469932,64.65077219,Cifras definitivas
46,2011,5,Guerrero,86.70871613,83.13373547,95.87702273,78.51915796,68.79582995,Cifras definitivas
46,2011,5,Hidalgo,76.25940981,73.04731241,95.78793305,61.1887841,79.81519103,Cifras definitivas
46,2011,5,Jalisco,74.76785007,86.31473623,115.44365145,74.37261434,77.68460352,Cifras definitivas
46,2011,5,México,92.10320066,76.25107734,82.78873784,75.24806785,74.45546166,Cifras definitivas
46,2011,5,Michoacán de Ocampo,66.33639374,68.02663333,102.54798233,52.25989699,51.25994472,Cifras definitivas
46,2011,5,Morelos,66.86413257,68.65755224,102.6821849,74.69058793,79.12333418,Cifras definitivas
46,2011,5,Nayarit,63.77312169,64.71575577,101.4781056,64.38931037,100.9624599,Cifras definitivas
46,2011,5,Nuevo León,69.55466724,78.4137955,112.73692854,73.34127104,74.18669768,Cifras definitivas
46,2011,5,Oaxaca,68.29118691,63.06990057,92.35437752,61.75923861,64.378878,Cifras definitivas
46,2011,5,Puebla,74.47045701,81.19201241,109.0258012,76.92525563,82.19746897,Cifras definitivas
46,2011,5,Querétaro,63.93639201,65.47799677,102.41115382,54.10028027,57.88031116,Cifras definitivas
46,2011,5,Quintana Roo,60.79563017,67.86217512,111.62344223,55.03925518,61.4176178,Cifras definitivas
46,2011,5,San Luis Potosí,66.4797604,72.61912662,109.23494035,72.33742056,68.8925154,Cifras definitivas
46,2011,5,Sinaloa,73.9178009,66.53445051,90.01140415,65.72713526,70.76737249,Cifras definitivas
46,2011,5,Sonora,74.46756749,76.25034318,102.39402971,51.78967271,42.16388607,Cifras definitivas
46,2011,5,Tabasco,43.30953365,61.7226504,142.51515821,75.42733042,73.08178225,Cifras definitivas
46,2011,5,Tamaulipas,77.75883345,70.3367451,90.4549901,72.2685501,90.5381091,Cifras definitivas
46,2011,5,Tlaxcala,77.86532319,66.87032467,85.87946718,55.4672101,42.30199827,Cifras definitivas
46,2011,5,Veracruz de Ignacio de la Llave,75.66323092,73.93725531,97.71887139,85.48829537,85.75300094,Cifras definitivas
46,2011,5,Yucatán,66.65414402,71.43035703,107.16566551,61.42688781,63.52450195,Cifras definitivas
46,2011,5,Zacatecas,73.99607666,66.96862009,90.50293355,72.61839794,75.85351894,Cifras definitivas
46,2011,6,Aguascalientes,75.85970909,64.86419196,85.50545835,68.62452352,74.3343162,Cifras definitivas
46,2011,6,Baja California,68.74305384,72.19470387,105.02108917,71.6729441,74.32617406,Cifras definitivas
46,2011,6,Baja California Sur,76.63575925,75.89851402,99.03798796,73.59424629,81.94542911,Cifras definitivas
46,2011,6,Campeche,62.06858754,56.57219979,91.1446547,74.40345861,79.08921851,Cifras definitivas
46,2011,6,Coahuila de Zaragoza,84.20026645,74.26311796,88.19819828,72.51253643,76.48735933,Cifras definitivas
46,2011,6,Colima,58.99682544,50.88477112,86.25001556,51.73792911,55.45188294,Cifras definitivas
46,2011,6,Chiapas,62.80638536,58.92044161,93.81282058,67.11336507,70.36259234,Cifras definitivas
46,2011,6,Chihuahua,74.66595551,69.65427375,93.28786229,66.34931001,55.79383312,Cifras definitivas
46,2011,6,Ciudad de México,79.70824409,69.46292935,87.14648045,79.0581099,77.26957063,Cifras definitivas
46,2011,6,Durango,59.41685169,60.41342607,101.67725881,48.14765965,40.57819515,Cifras definitivas
46,2011,6,Guanajuato,69.85905085,67.41802594,96.50578575,64.16222794,63.58091586,Cifras definitivas
46,2011,6,Guerrero,85.42297304,78.39877205,91.77715228,75.50698589,76.28151661,Cifras definitivas
46,2011,6,Hidalgo,76.66496558,70.10122955,91.43841521,59.58796444,78.65776274,Cifras definitivas
46,2011,6,Jalisco,74.85767302,76.31694862,101.94940016,70.89722181,75.41022344,Cifras definitivas
46,2011,6,México,92.32446158,69.13619864,74.88394458,72.54817968,77.88555535,Cifras definitivas
46,2011,6,Michoacán de Ocampo,66.50352414,65.02816848,97.78153763,48.20361784,53.36260113,Cifras definitivas
46,2011,6,Morelos,66.78184019,63.38481993,94.91325748,72.32780393,81.01297722,Cifras definitivas
46,2011,6,Nayarit,63.68026853,61.01456758,95.81392948,60.81755059,76.50287721,Cifras definitivas
46,2011,6,Nuevo León,69.96657954,71.58745979,102.31664926,73.64453793,74.62909424,Cifras definitivas
46,2011,6,Oaxaca,67.89816707,60.32242423,88.84249286,61.31561745,66.02439074,Cifras definitivas
46,2011,6,Puebla,74.43629969,73.11147216,98.22018621,74.95223109,86.71070897,Cifras definitivas
46,2011,6,Querétaro,63.68828332,59.29290798,93.09861232,53.40327751,58.66885051,Cifras definitivas
46,2011,6,Quintana Roo,59.67641641,62.10796835,104.07456092,53.99579556,63.58166335,Cifras definitivas
46,2011,6,San Luis Potosí,66.67440502,60.03541325,90.04266815,65.02056786,69.03558152,Cifras definitivas
46,2011,6,Sinaloa,73.83924968,61.56603388,83.37846626,64.35507289,73.98406913,Cifras definitivas
46,2011,6,Sonora,74.78901068,69.08138479,92.36836289,49.85612062,42.31119538,Cifras definitivas
46,2011,6,Tabasco,43.74788291,59.89586429,136.91145789,72.64653612,75.87947672,Cifras definitivas
46,2011,6,Tamaulipas,78.02870843,63.82964226,81.80276663,71.03880917,89.00581457,Cifras definitivas
46,2011,6,Tlaxcala,79.09000291,64.7283672,81.84140197,50.97214432,42.62442881,Cifras definitivas
46,2011,6,Veracruz de Ignacio de la Llave,75.98670198,67.40735608,88.70941141,83.20323257,86.72377411,Cifras definitivas
46,2011,6,Yucatán,66.12367774,66.17751415,100.08141775,61.01513163,65.2334151,Cifras definitivas
46,2011,6,Zacatecas,73.64836549,56.79735839,77.11964551,68.76635615,77.88528651,Cifras definitivas
46,2011,7,Aguascalientes,76.74465776,66.18816963,86.24466062,70.65295476,74.84156017,Cifras definitivas
46,2011,7,Baja California,68.51848186,73.25448638,106.91201029,74.28148886,76.66855391,Cifras definitivas
46,2011,7,Baja California Sur,77.19287111,76.39581751,98.9674518,79.0398643,83.57339649,Cifras definitivas
46,2011,7,Campeche,62.22487765,54.76694993,88.01455623,77.11720152,80.8733089,Cifras definitivas
46,2011,7,Coahuila de Zaragoza,84.9840837,75.88816812,89.29691869,71.95994967,75.74140474,Cifras definitivas
46,2011,7,Colima,59.17168836,53.99914225,91.25841048,51.87214304,55.11980594,Cifras definitivas
46,2011,7,Chiapas,61.91148784,60.34125554,97.46374646,69.86019222,71.89688727,Cifras definitivas
46,2011,7,Chihuahua,74.48157543,68.70829814,92.24871754,66.15185381,55.23796306,Cifras definitivas
46,2011,7,Ciudad de México,79.43381976,68.67080566,86.45033799,83.77673942,77.31280582,Cifras definitivas
46,2011,7,Durango,59.77183413,62.60423698,104.73869154,50.68600449,43.36509364,Cifras definitivas
46,2011,7,Guanajuato,69.39680451,68.94946346,99.35538667,65.63022128,68.34461991,Cifras definitivas
46,2011,7,Guerrero,86.10823947,77.95703037,90.53376407,80.42606178,77.77343093,Cifras definitivas
46,2011,7,Hidalgo,77.008595,70.34360408,91.34513372,59.34441286,85.5941506,Cifras definitivas
46,2011,7,Jalisco,75.15150677,78.60080047,104.58978648,75.75795792,78.99897415,Cifras definitivas
46,2011,7,México,94.95883983,69.38396784,73.06741317,75.55893811,80.06745428,Cifras definitivas
46,2011,7,Michoacán de Ocampo,66.67057452,64.51705356,96.7699079,51.38805384,56.36785795,Cifras definitivas
46,2011,7,Morelos,66.99676657,64.02674528,95.56691846,75.95016066,83.3228021,Cifras definitivas
46,2011,7,Nayarit,63.52834322,62.54864959,98.45786372,64.29272215,91.94424861,Cifras definitivas
46,2011,7,Nuevo León,70.24465345,74.33298914,105.82013789,74.22791481,75.01732408,Cifras definitivas
46,2011,7,Oaxaca,67.93147296,61.46072483,90.47459469,62.05305128,65.13192038,Cifras definitivas
46,2011,7,Puebla,74.64456979,72.79637792,97.52401029,77.81000384,87.39506845,Cifras definitivas
46,2011,7,Querétaro,64.50398012,59.93832185,92.92189682,56.33424778,60.33459698,Cifras definitivas
46,2011,7,Quintana Roo,59.38700636,62.98930633,106.06580495,61.5405087,65.88026767,Cifras definitivas
46,2011,7,San Luis Potosí,66.83459471,60.65459582,90.75329339,67.86986763,71.46720071,Cifras definitivas
46,2011,7,Sinaloa,75.3954055,61.93188368,82.14278214,75.40086925,81.4181676,Cifras definitivas
46,2011,7,Sonora,74.53144301,70.49795745,94.58820949,50.06674666,41.6821706,Cifras definitivas
46,2011,7,Tabasco,43.67883012,59.35457062,135.8886455,76.58141886,77.46289556,Cifras definitivas
46,2011,7,Tamaulipas,78.3794663,63.74500246,81.32870185,73.14081096,91.56155854,Cifras definitivas
46,2011,7,Tlaxcala,79.40719873,67.14252115,84.55470313,55.97013996,45.68606295,Cifras definitivas
46,2011,7,Veracruz de Ignacio de la Llave,76.57620415,67.94275909,88.72568162,86.08447209,87.60842876,Cifras definitivas
46,2011,7,Yucatán,65.79806797,65.68515844,99.82839993,62.22667442,65.1332262,Cifras definitivas
46,2011,7,Zacatecas,73.96576525,58.80683161,79.50547312,72.19676084,81.23208819,Cifras definitivas
46,2011,8,Aguascalientes,76.93799577,66.62432645,86.59482975,71.76875811,76.41871427,Cifras definitivas
46,2011,8,Baja California,69.16988592,69.91672389,101.07971549,73.19263157,77.48341018,Cifras definitivas
46,2011,8,Baja California Sur,76.62785577,74.962905,97.82722516,77.9549385,87.06019717,Cifras definitivas
46,2011,8,Campeche,63.67635326,53.97653819,84.767006,77.49915195,83.09470923,Cifras definitivas
46,2011,8,Coahuila de Zaragoza,85.4106796,71.2316241,83.39896654,74.19534354,80.61647254,Cifras definitivas
46,2011,8,Colima,59.0555279,49.73400715,84.21566773,54.97465609,61.89325399,Cifras definitivas
46,2011,8,Chiapas,63.68349074,55.65235238,87.38897905,78.05638797,76.16942362,Cifras definitivas
46,2011,8,Chihuahua,74.76498355,67.45776371,90.22641417,66.87104331,59.65205087,Cifras definitivas
46,2011,8,Ciudad de México,80.07977865,68.47578599,85.50945962,82.97713664,82.63162062,Cifras definitivas
46,2011,8,Durango,60.33776914,59.75887526,99.04057792,51.06047327,45.88822156,Cifras definitivas
46,2011,8,Guanajuato,71.06944912,67.86423379,95.49002367,67.06409743,71.62018789,Cifras definitivas
46,2011,8,Guerrero,86.56703807,74.9445791,86.57403646,80.98947102,80.01723046,Cifras definitivas
46,2011,8,Hidalgo,76.3341261,68.98479069,90.37214967,61.69827628,90.00537257,Cifras definitivas
46,2011,8,Jalisco,76.33985488,76.28750693,99.93142776,76.33171061,83.03180688,Cifras definitivas
46,2011,8,México,93.6819476,69.16221463,73.82661911,77.38778505,85.06628814,Cifras definitivas
46,2011,8,Michoacán de Ocampo,67.48776069,61.79477256,91.56441394,53.09252394,59.63235462,Cifras definitivas
46,2011,8,Morelos,68.73156647,64.090459,93.24748771,77.78848876,80.71697664,Cifras definitivas
46,2011,8,Nayarit,64.23078568,59.36811667,92.42937953,68.47993452,88.180985,Cifras definitivas
46,2011,8,Nuevo León,70.44388912,71.21950946,101.10104702,77.36685875,78.21537963,Cifras definitivas
46,2011,8,Oaxaca,67.76586973,60.26775809,88.93526834,64.52506038,70.37453825,Cifras definitivas
46,2011,8,Puebla,72.82011692,71.76327309,98.54869248,79.24300163,91.74675347,Cifras definitivas
46,2011,8,Querétaro,64.75639679,58.43512352,90.23838017,57.25417792,64.23640859,Cifras definitivas
46,2011,8,Quintana Roo,60.84116749,62.5656003,102.83431907,59.85247291,65.10907331,Cifras definitivas
46,2011,8,San Luis Potosí,66.91123219,59.90538872,89.52964511,68.42332921,72.17739707,Cifras definitivas
46,2011,8,Sinaloa,75.73075639,61.08424744,80.65976144,79.34820652,95.99321097,Cifras definitivas
46,2011,8,Sonora,73.93094849,69.26909435,93.69431309,50.56819086,43.46918128,Cifras definitivas
46,2011,8,Tabasco,44.36230296,58.68778032,132.29200561,78.65867511,83.6922821,Cifras definitivas
46,2011,8,Tamaulipas,78.6941063,60.6858426,77.11612146,74.8148514,95.49490685,Cifras definitivas
46,2011,8,Tlaxcala,79.75848188,62.5130273,78.37790518,57.02425944,46.50507754,Cifras definitivas
46,2011,8,Veracruz de Ignacio de la Llave,77.46486581,66.98440121,86.47068643,88.02983483,92.36563514,Cifras definitivas
46,2011,8,Yucatán,66.15428231,65.76111697,99.40568422,63.08010381,68.72038119,Cifras definitivas
46,2011,8,Zacatecas,74.25017965,55.73023211,75.05737006,73.02714086,83.19849458,Cifras definitivas
46,2011,9,Aguascalientes,76.84736386,67.48863398,87.82166439,67.88519525,77.24821834,Cifras definitivas
46,2011,9,Baja California,69.02916198,71.32693756,103.3287027,70.67313403,75.42489858,Cifras definitivas
46,2011,9,Baja California Sur,76.61633712,74.7575858,97.57394912,73.10884552,85.34719822,Cifras definitivas
46,2011,9,Campeche,64.31471215,54.87410159,85.32122707,73.6681111,81.09645264,Cifras definitivas
46,2011,9,Coahuila de Zaragoza,84.99182709,72.25938195,85.01921235,69.44201911,76.60918603,Cifras definitivas
46,2011,9,Colima,59.23790023,50.74396825,85.66132164,50.61816271,55.8388021,Cifras definitivas
46,2011,9,Chiapas,64.19447473,63.65546097,99.16034244,67.29465835,74.02490235,Cifras definitivas
46,2011,9,Chihuahua,74.26595697,67.32716363,90.65683171,66.75702219,59.82664922,Cifras definitivas
46,2011,9,Ciudad de México,80.62008987,69.91260493,86.71858968,83.07087753,84.49047639,Cifras definitivas
46,2011,9,Durango,59.83424885,60.51145578,101.13180485,48.39292883,44.63859336,Cifras definitivas
46,2011,9,Guanajuato,70.64236445,68.82500177,97.42737563,63.29946849,66.54204898,Cifras definitivas
46,2011,9,Guerrero,86.64934108,77.86161176,89.85828489,73.00715662,75.06496265,Cifras definitivas
46,2011,9,Hidalgo,76.35251298,70.61627606,92.48716683,58.65270413,85.83809298,Cifras definitivas
46,2011,9,Jalisco,76.48458046,77.86584942,101.80594435,72.87510899,79.88560866,Cifras definitivas
46,2011,9,México,93.54417285,70.29029602,75.14128767,72.8951894,81.33383239,Cifras definitivas
46,2011,9,Michoacán de Ocampo,67.21875328,65.61204797,97.60973652,48.15723243,56.84224182,Cifras definitivas
46,2011,9,Morelos,68.85905673,65.19651944,94.68111028,74.93123591,80.78269894,Cifras definitivas
46,2011,9,Nayarit,64.14291141,63.29676065,98.68083512,60.60770982,70.50719032,Cifras definitivas
46,2011,9,Nuevo León,70.28585317,72.04563539,102.50375024,73.54059884,77.93307473,Cifras definitivas
46,2011,9,Oaxaca,66.91687608,63.67026612,95.1482942,60.67494951,66.46507429,Cifras definitivas
46,2011,9,Puebla,72.9943312,73.55459678,100.7675467,74.67180835,86.66437797,Cifras definitivas
46,2011,9,Querétaro,64.91517153,59.43020081,91.55055653,54.38476586,62.28773212,Cifras definitivas
46,2011,9,Quintana Roo,61.51002577,62.83255923,102.1501104,54.58849416,64.37047653,Cifras definitivas
46,2011,9,San Luis Potosí,66.54615481,60.72877535,91.25812832,63.95507318,72.09422879,Cifras definitivas
46,2011,9,Sinaloa,75.53279791,62.87711634,83.24478648,75.21919266,83.61917058,Cifras definitivas
46,2011,9,Sonora,73.92070003,69.43460261,93.93120274,50.5413298,43.94389879,Cifras definitivas
46,2011,9,Tabasco,44.50518687,61.58690563,138.38141116,73.32267341,80.48890487,Cifras definitivas
46,2011,9,Tamaulipas,77.52924239,61.23579459,78.98412612,69.91711003,94.29168117,Cifras definitivas
46,2011,9,Tlaxcala,79.60668734,65.1629018,81.85606508,52.8448114,43.93747758,Cifras definitivas
46,2011,9,Veracruz de Ignacio de la Llave,76.97409787,69.31783249,90.05345228,94.56755394,89.69771034,Cifras definitivas
46,2011,9,Yucatán,66.14905952,66.05961514,99.8647836,60.167271,65.67415686,Cifras definitivas
46,2011,9,Zacatecas,73.76695214,59.12061483,80.14512341,71.49917824,83.27678212,Cifras definitivas
46,2011,10,Aguascalientes,77.77296106,64.93747327,83.49620792,69.72388336,80.87021156,Cifras definitivas
46,2011,10,Baja California,69.35976238,70.30466761,101.36232478,73.30005785,79.8145252,Cifras definitivas
46,2011,10,Baja California Sur,76.62615797,73.80742701,96.32145075,76.98502153,95.48510049,Cifras definitivas
46,2011,10,Campeche,65.66630909,54.46316717,82.93928489,79.60442442,89.34706911,Cifras definitivas
46,2011,10,Coahuila de Zaragoza,85.79671117,70.27730507,81.91142074,71.94040881,83.29344429,Cifras definitivas
46,2011,10,Colima,59.16959715,49.81917306,84.19724903,52.04125567,61.23224196,Cifras definitivas
46,2011,10,Chiapas,64.66061071,60.17833369,93.06799461,78.98280826,85.80957578,Cifras definitivas
46,2011,10,Chihuahua,74.23561775,65.42969275,88.13787065,68.07329042,64.65082399,Cifras definitivas
46,2011,10,Ciudad de México,81.52658482,69.88944864,85.72596141,88.16425749,90.50980468,Cifras definitivas
46,2011,10,Durango,59.9830724,59.03221069,98.41478325,50.85050292,48.4741028,Cifras definitivas
46,2011,10,Guanajuato,71.52782688,68.04741526,95.13418515,66.55176061,73.3998853,Cifras definitivas
46,2011,10,Guerrero,86.87477625,75.36443886,86.75065665,79.8375561,87.45486765,Cifras definitivas
46,2011,10,Hidalgo,77.44813387,71.1509465,91.86915545,67.0162838,98.62314537,Cifras definitivas
46,2011,10,Jalisco,77.66589376,77.34924206,99.59228989,75.81493451,86.06413886,Cifras definitivas
46,2011,10,México,94.82349936,70.30932422,74.14757386,78.1881676,92.72089611,Cifras definitivas
46,2011,10,Michoacán de Ocampo,67.76997331,62.06675041,91.5844398,53.78684593,65.64231891,Cifras definitivas
46,2011,10,Morelos,69.55673122,64.60501417,92.88103831,80.7366418,97.06765093,Cifras definitivas
46,2011,10,Nayarit,64.70866545,61.38435812,94.86265509,65.31694637,82.0196327,Cifras definitivas
46,2011,10,Nuevo León,70.98292224,71.08041316,100.13734419,78.12940345,84.6731829,Cifras definitivas
46,2011,10,Oaxaca,66.85944073,61.77053547,92.38865117,65.33529598,75.84330867,Cifras definitivas
46,2011,10,Puebla,73.48292018,72.55966602,98.74357993,80.50176567,99.00957499,Cifras definitivas
46,2011,10,Querétaro,66.26237288,60.60963953,91.46916552,57.40943978,67.90056355,Cifras definitivas
46,2011,10,Quintana Roo,62.21467387,62.49582497,100.4519048,57.59723163,70.53789021,Cifras definitivas
46,2011,10,San Luis Potosí,66.79819764,60.33360669,90.32220752,68.48603612,78.84776977,Cifras definitivas
46,2011,10,Sinaloa,77.04050372,61.12280749,79.33853563,71.43178193,80.33352024,Cifras definitivas
46,2011,10,Sonora,74.49089879,69.87654491,93.80547966,52.73376181,48.46658614,Cifras definitivas
46,2011,10,Tabasco,45.42074945,60.57415566,133.36229893,78.09128221,91.46476466,Cifras definitivas
46,2011,10,Tamaulipas,78.12448645,60.37024986,77.27442778,72.25787608,100.85450384,Cifras definitivas
46,2011,10,Tlaxcala,80.25044577,63.24864994,78.81407927,57.63002249,50.52725724,Cifras definitivas
46,2011,10,Veracruz de Ignacio de la Llave,77.98102542,69.08624995,88.59366696,101.84597531,100.43770266,Cifras definitivas
46,2011,10,Yucatán,67.45183387,66.38301677,98.41543656,65.03692499,77.06130229,Cifras definitivas
46,2011,10,Zacatecas,75.27177358,56.15870245,74.60791712,73.19291823,93.0765789,Cifras definitivas
46,2011,11,Aguascalientes,78.65456955,69.49082923,88.34938596,76.68648181,86.65418371,Cifras definitivas
46,2011,11,Baja California,70.63370807,68.82314152,97.436682,73.85047923,81.40347061,Cifras definitivas
46,2011,11,Baja California Sur,78.53347464,73.44069454,93.51514736,78.41774894,100.40015063,Cifras definitivas
46,2011,11,Campeche,66.01810998,55.49565391,84.06125823,84.02561736,90.64651982,Cifras definitivas
46,2011,11,Coahuila de Zaragoza,87.36267684,70.44352594,80.63343351,74.24987629,85.41120832,Cifras definitivas
46,2011,11,Colima,59.46455827,52.73245686,88.67880027,55.91962153,64.46607824,Cifras definitivas
46,2011,11,Chiapas,65.46459324,66.06327566,100.91451331,78.22247233,87.70000365,Cifras definitivas
46,2011,11,Chihuahua,74.78029253,65.37205091,87.41882212,70.37664489,66.60314778,Cifras definitivas
46,2011,11,Ciudad de México,82.43918315,71.52845434,86.76511776,99.05176008,99.99603066,Cifras definitivas
46,2011,11,Durango,61.23882053,60.82372828,99.32217465,53.47634254,50.43550934,Cifras definitivas
46,2011,11,Guanajuato,72.54928353,69.3319435,95.5653042,72.22189995,80.61478959,Cifras definitivas
46,2011,11,Guerrero,87.23560394,79.90080193,91.59196282,83.7197023,89.82630611,Cifras definitivas
46,2011,11,Hidalgo,80.02317066,72.23618326,90.26908415,66.3489969,100.85303119,Cifras definitivas
46,2011,11,Jalisco,78.53351901,79.24145945,100.90145004,81.24416826,89.90787193,Cifras definitivas
46,2011,11,México,96.01167634,71.53309979,74.50458373,82.96577565,96.89048731,Cifras definitivas
46,2011,11,Michoacán de Ocampo,68.78026591,65.57480806,95.33956752,55.69808076,67.9979817,Cifras definitivas
46,2011,11,Morelos,70.12958425,67.62911131,96.43449627,82.77185227,95.79280799,Cifras definitivas
46,2011,11,Nayarit,65.72264642,59.92301294,91.1755935,66.1036134,75.08567663,Cifras definitivas
46,2011,11,Nuevo León,72.35088036,73.44578768,101.51332964,81.47083472,86.80862875,Cifras definitivas
46,2011,11,Oaxaca,67.95309122,64.12993193,94.37382579,66.88984952,76.27917911,Cifras definitivas
46,2011,11,Puebla,74.40885572,75.11752781,100.95240289,85.47940327,101.59363034,Cifras definitivas
46,2011,11,Querétaro,67.08611123,61.42439831,91.56052897,62.50910621,72.91179084,Cifras definitivas
46,2011,11,Quintana Roo,63.90318966,65.68809134,102.79313394,61.26623147,75.0355446,Cifras definitivas
46,2011,11,San Luis Potosí,68.04027949,61.85906078,90.91535373,72.25782526,80.55813714,Cifras definitivas
46,2011,11,Sinaloa,77.20519548,61.57518204,79.75523105,73.76881489,84.51266618,Cifras definitivas
46,2011,11,Sonora,77.20033981,66.12583696,85.6548522,53.94661743,49.4599732,Cifras definitivas
46,2011,11,Tabasco,46.57688728,62.61878718,134.44176036,82.4366741,94.71683238,Cifras definitivas
46,2011,11,Tamaulipas,79.24020392,59.73013532,75.37857346,74.15918609,104.51506965,Cifras definitivas
46,2011,11,Tlaxcala,81.65748897,64.93713666,79.5237981,58.54414158,50.3066042,Cifras definitivas
46,2011,11,Veracruz de Ignacio de la Llave,79.36183274,70.78914448,89.19797091,107.07635295,102.24525511,Cifras definitivas
46,2011,11,Yucatán,68.42999133,67.62721408,98.82686343,68.83614729,78.12786702,Cifras definitivas
46,2011,11,Zacatecas,75.62378438,59.95568078,79.28151344,75.91681473,95.65989182,Cifras definitivas
46,2011,12,Aguascalientes,79.63506839,87.57594363,109.97158086,93.42576143,96.48246504,Cifras definitivas
46,2011,12,Baja California,70.48424723,83.78687439,118.87319179,88.15680982,89.92344604,Cifras definitivas
46,2011,12,Baja California Sur,77.53151742,91.80638358,118.41169454,101.1058445,103.97895414,Cifras definitivas
46,2011,12,Campeche,66.52424996,75.31544059,113.21501653,105.83961346,101.85817394,Cifras definitivas
46,2011,12,Coahuila de Zaragoza,87.71483747,88.39521382,100.77566848,93.13367985,91.00079412,Cifras definitivas
46,2011,12,Colima,60.5686694,64.79016398,106.96976609,72.27493329,67.25365176,Cifras definitivas
46,2011,12,Chiapas,65.7830425,102.00491624,155.06263068,95.23382849,95.02319882,Cifras definitivas
46,2011,12,Chihuahua,74.97384526,88.50922217,118.053465,85.53421213,71.1418062,Cifras definitivas
46,2011,12,Ciudad de México,83.29920414,96.44640393,115.78310372,120.15376083,123.73185403,Cifras definitivas
46,2011,12,Durango,62.99249396,80.02797943,127.0436752,67.9480659,53.50543339,Cifras definitivas
46,2011,12,Guanajuato,74.93607276,96.99991665,129.44355512,89.60220857,85.08507088,Cifras definitivas
46,2011,12,Guerrero,88.47252486,109.98130886,124.31125825,109.98529838,102.21497656,Cifras definitivas
46,2011,12,Hidalgo,80.32459017,103.60971882,128.98879235,83.39784732,122.42682724,Cifras definitivas
46,2011,12,Jalisco,79.19863273,103.91202355,131.20431498,96.76095644,93.90013619,Cifras definitivas
46,2011,12,México,97.12275271,96.29594234,99.14869549,100.50363943,99.77511809,Cifras definitivas
46,2011,12,Michoacán de Ocampo,69.29890946,93.47141709,134.8815123,67.72965462,71.98426508,Cifras definitivas
46,2011,12,Morelos,70.61976924,87.13753532,123.3897197,100.43681973,102.2997038,Cifras definitivas
46,2011,12,Nayarit,66.27712574,85.48647087,128.98337083,84.13175465,84.5879471,Cifras definitivas
46,2011,12,Nuevo León,73.02399581,93.88347582,128.56524048,98.0357133,98.95999556,Cifras definitivas
46,2011,12,Oaxaca,68.93443596,90.53012924,131.32787406,86.75437332,85.90282471,Cifras definitivas
46,2011,12,Puebla,74.81865591,100.935553,134.90693166,105.50627181,109.94028355,Cifras definitivas
46,2011,12,Querétaro,68.61934972,81.7202062,119.0920732,72.80179172,72.69555974,Cifras definitivas
46,2011,12,Quintana Roo,64.15268923,82.33824696,128.34730383,80.72394829,79.30698172,Cifras definitivas
46,2011,12,San Luis Potosí,69.52159755,86.67967481,124.68021142,92.47051643,86.78778794,Cifras definitivas
46,2011,12,Sinaloa,78.06319444,77.69381922,99.52682538,91.34369049,91.01516384,Cifras definitivas
46,2011,12,Sonora,77.57004756,83.71869502,107.92657431,67.45678245,53.54014357,Cifras definitivas
46,2011,12,Tabasco,46.77598589,85.88234265,183.60349016,107.68878197,97.95173951,Cifras definitivas
46,2011,12,Tamaulipas,79.38943346,77.83979506,98.04805459,91.13403126,106.80537139,Cifras definitivas
46,2011,12,Tlaxcala,82.44463456,91.18294527,110.59900472,74.02178547,52.80306905,Cifras definitivas
46,2011,12,Veracruz de Ignacio de la Llave,79.74593647,94.9748137,119.09674386,132.50709581,107.43607747,Cifras definitivas
46,2011,12,Yucatán,68.80521952,90.72668593,131.86017945,85.96640511,85.93838019,Cifras definitivas
46,2011,12,Zacatecas,76.84073795,88.35676258,114.98687407,96.15097934,98.88440213,Cifras definitivas
46,2012,1,Aguascalientes,78.65177609,70.04178684,89.05302629,73.76564341,74.97757384,Cifras definitivas
46,2012,1,Baja California,69.89560436,68.63368739,98.19456891,70.85969602,70.94270786,Cifras definitivas
46,2012,1,Baja California Sur,77.48686584,74.17973515,95.73201128,76.25172906,75.79035051,Cifras definitivas
46,2012,1,Campeche,65.62331423,56.06732381,85.43811672,81.43936371,79.12037488,Cifras definitivas
46,2012,1,Coahuila de Zaragoza,85.83156148,72.38202244,84.33031066,71.19105351,75.71332291,Cifras definitivas
46,2012,1,Colima,59.63327745,52.90417428,88.7158589,53.48388383,53.45950105,Cifras definitivas
46,2012,1,Chiapas,65.42410929,79.29692904,121.20444573,76.22089576,78.64926675,Cifras definitivas
46,2012,1,Chihuahua,73.65758984,65.71910173,89.22244384,67.67704151,56.07488983,Cifras definitivas
46,2012,1,Ciudad de México,82.16843028,74.29573564,90.41883286,81.5551236,75.09040716,Cifras definitivas
46,2012,1,Durango,63.71834229,63.72963621,100.01772475,54.54341335,45.45843287,Cifras definitivas
46,2012,1,Guanajuato,73.56874067,70.62848098,96.0033845,70.54338495,65.54913526,Cifras definitivas
46,2012,1,Guerrero,86.24659315,87.16250354,101.06196704,84.42398365,77.97268382,Cifras definitivas
46,2012,1,Hidalgo,80.44286378,79.46440676,98.78366212,66.33702216,82.41211611,Cifras definitivas
46,2012,1,Jalisco,78.09943625,80.30999482,102.83044114,77.34013743,77.15857549,Cifras definitivas
46,2012,1,México,95.0853032,74.87300745,78.74298649,80.63789537,76.96571711,Cifras definitivas
46,2012,1,Michoacán de Ocampo,67.68190005,75.85331373,112.07326283,55.09616648,57.37826351,Cifras definitivas
46,2012,1,Morelos,69.15346039,67.55388925,97.68692538,81.81153121,83.86624355,Cifras definitivas
46,2012,1,Nayarit,65.39332657,65.26164983,99.79863887,65.61628914,69.21537833,Cifras definitivas
46,2012,1,Nuevo León,71.87694697,74.08635566,103.07387665,77.0458026,72.84104548,Cifras definitivas
46,2012,1,Oaxaca,66.66016007,63.82205246,95.74242305,67.07239928,64.32742912,Cifras definitivas
46,2012,1,Puebla,74.41384297,76.69291727,103.06270206,83.50014679,93.6661696,Cifras definitivas
46,2012,1,Querétaro,68.88928643,64.86960348,94.16501004,58.92378143,57.5267023,Cifras definitivas
46,2012,1,Quintana Roo,63.16804517,66.93661513,105.96594362,63.46064279,60.61278243,Cifras definitivas
46,2012,1,San Luis Potosí,68.7191291,66.49079741,96.75733421,71.07565189,69.12868566,Cifras definitivas
46,2012,1,Sinaloa,75.12225115,60.23471073,80.18224934,70.33970125,67.03500332,Cifras definitivas
46,2012,1,Sonora,74.30455076,67.45625486,90.78347715,49.84107387,40.68500698,Cifras definitivas
46,2012,1,Tabasco,45.64563184,65.43724924,143.35928018,79.73002622,74.35975231,Cifras definitivas
46,2012,1,Tamaulipas,79.33063524,61.75943825,77.85067908,71.45021946,86.36030887,Cifras definitivas
46,2012,1,Tlaxcala,79.39872534,70.16293414,88.36783442,56.33690561,42.34789802,Cifras definitivas
46,2012,1,Veracruz de Ignacio de la Llave,78.60835509,73.24248906,93.17392404,91.29689532,86.93813748,Cifras definitivas
46,2012,1,Yucatán,68.33294965,70.62509539,103.35437845,65.2410035,67.12420063,Cifras definitivas
46,2012,1,Zacatecas,73.7336224,66.30786188,89.9289357,73.07310788,77.92981267,Cifras definitivas
46,2012,2,Aguascalientes,78.24827198,67.31967986,86.03343966,68.92142393,72.70500163,Cifras definitivas
46,2012,2,Baja California,69.89594233,66.98873303,95.84066084,67.63489806,70.54884732,Cifras definitivas
46,2012,2,Baja California Sur,77.47757878,72.090094,93.04639502,72.0866294,77.45728916,Cifras definitivas
46,2012,2,Campeche,65.10302083,55.41466089,85.11841722,76.97696013,81.61585259,Cifras definitivas
46,2012,2,Coahuila de Zaragoza,86.13384609,70.8715852,82.28076235,67.90916969,74.44912073,Cifras definitivas
46,2012,2,Colima,61.04827501,51.46001765,84.29397496,52.827448,55.77277329,Cifras definitivas
46,2012,2,Chiapas,65.42354009,77.44014237,118.36739844,69.77979273,75.48572061,Cifras definitivas
46,2012,2,Chihuahua,73.9491099,65.43531013,88.4869476,63.76239486,57.28824443,Cifras definitivas
46,2012,2,Ciudad de México,81.94163315,73.87682338,90.15786059,75.15537883,75.84092013,Cifras definitivas
46,2012,2,Durango,63.37515724,62.33509454,98.3588795,50.35183014,44.52964463,Cifras definitivas
46,2012,2,Guanajuato,72.9184453,68.81856401,94.37744281,65.89252267,62.87065092,Cifras definitivas
46,2012,2,Guerrero,85.96743701,85.58225626,99.55194576,74.93915356,73.57256732,Cifras definitivas
46,2012,2,Hidalgo,79.96861772,77.1556153,96.48236708,63.05825857,82.17753097,Cifras definitivas
46,2012,2,Jalisco,77.17135387,78.06847927,101.1625109,72.98202759,74.80205684,Cifras definitivas
46,2012,2,México,94.43761045,72.53999508,76.81261177,75.01003227,77.8104569,Cifras definitivas
46,2012,2,Michoacán de Ocampo,67.76950045,71.04092211,104.82727722,50.33046541,55.90254522,Cifras definitivas
46,2012,2,Morelos,69.61652042,67.17522542,96.49322462,75.43984378,82.7587898,Cifras definitivas
46,2012,2,Nayarit,65.34160018,64.43360677,98.61039,59.67145092,65.34104344,Cifras definitivas
46,2012,2,Nuevo León,72.55814775,73.06811937,100.70284542,73.79177485,74.06271503,Cifras definitivas
46,2012,2,Oaxaca,66.23989357,62.62925264,94.54914443,62.89265642,66.36831554,Cifras definitivas
46,2012,2,Puebla,74.11725297,77.44468748,104.48941964,76.00467152,93.39129271,Cifras definitivas
46,2012,2,Querétaro,67.46193911,62.3496148,92.42191319,55.33667001,58.22839078,Cifras definitivas
46,2012,2,Quintana Roo,63.44788925,66.13732922,104.23881709,60.0104883,64.92172702,Cifras definitivas
46,2012,2,San Luis Potosí,67.54227711,64.11447327,94.92495073,65.4702774,67.43400182,Cifras definitivas
46,2012,2,Sinaloa,75.77823492,60.15813328,79.387087,64.43964791,68.39564448,Cifras definitivas
46,2012,2,Sonora,75.96339388,66.80106397,87.93849321,48.23490414,40.52713393,Cifras definitivas
46,2012,2,Tabasco,47.15696341,64.52906834,136.83889647,74.63994666,76.6750518,Cifras definitivas
46,2012,2,Tamaulipas,79.25793247,60.60375961,76.46396735,66.91465331,86.64518833,Cifras definitivas
46,2012,2,Tlaxcala,78.96913834,68.71556917,87.01572616,51.68749277,40.33624774,Cifras definitivas
46,2012,2,Veracruz de Ignacio de la Llave,78.44940659,72.29714351,92.15766779,86.17995977,88.01643145,Cifras definitivas
46,2012,2,Yucatán,67.81881167,68.90711679,101.60472455,63.3983798,68.1428616,Cifras definitivas
46,2012,2,Zacatecas,73.06280499,62.93770749,86.14192611,67.65069133,75.57147118,Cifras definitivas
46,2012,3,Aguascalientes,77.86171988,73.76667868,94.74062324,71.80291263,75.81559696,Cifras definitivas
46,2012,3,Baja California,70.22195519,71.81084383,102.26266648,71.90645086,75.10056863,Cifras definitivas
46,2012,3,Baja California Sur,77.1130572,77.133126,100.02602516,74.81915426,87.96672764,Cifras definitivas
46,2012,3,Campeche,65.53735022,60.62266236,92.50093596,82.49179594,88.38722677,Cifras definitivas
46,2012,3,Coahuila de Zaragoza,86.5142948,74.00320496,85.53870217,71.79038559,85.03841762,Cifras definitivas
46,2012,3,Colima,60.91870559,55.12627037,90.49153267,53.34859589,57.05076119,Cifras definitivas
46,2012,3,Chiapas,65.46180631,83.48376176,127.5304891,73.09064711,80.41270825,Cifras definitivas
46,2012,3,Chihuahua,74.0957605,69.50874862,93.80934638,68.40215737,62.36627858,Cifras definitivas
46,2012,3,Ciudad de México,81.68124442,76.95918852,94.21892267,83.02765876,81.99376891,Cifras definitivas
46,2012,3,Durango,62.10097378,65.77661653,105.91881661,54.37057016,49.11539614,Cifras definitivas
46,2012,3,Guanajuato,72.04293124,72.1719838,100.17913286,70.14381336,68.62689655,Cifras definitivas
46,2012,3,Guerrero,86.72615774,90.96992341,104.89329377,78.31126874,79.90538162,Cifras definitivas
46,2012,3,Hidalgo,79.65932367,82.12572034,103.09618078,66.2381632,92.17981091,Cifras definitivas
46,2012,3,Jalisco,77.70890104,82.19697883,105.77550027,75.62828182,80.12221763,Cifras definitivas
46,2012,3,México,93.98418422,77.42512361,82.38101363,78.32388347,84.52559471,Cifras definitivas
46,2012,3,Michoacán de Ocampo,67.40635056,74.8466195,111.03793467,51.51332356,58.92647109,Cifras definitivas
46,2012,3,Morelos,68.3981553,71.73675521,104.88112566,79.90664473,88.28949479,Cifras definitivas
46,2012,3,Nayarit,65.26371405,69.03665066,105.78106328,63.43938655,73.59625234,Cifras definitivas
46,2012,3,Nuevo León,72.12905773,76.28866297,105.76689253,79.51225526,78.67363274,Cifras definitivas
46,2012,3,Oaxaca,66.55743152,66.54376383,99.97946482,65.5399573,71.35530248,Cifras definitivas
46,2012,3,Puebla,74.02876221,80.18117748,108.31084444,80.03357501,97.71053746,Cifras definitivas
46,2012,3,Querétaro,67.63193586,62.81241101,92.87389191,57.99763539,62.79198714,Cifras definitivas
46,2012,3,Quintana Roo,63.83543249,70.5176156,110.46782774,63.10268811,71.10324764,Cifras definitivas
46,2012,3,San Luis Potosí,67.28359599,68.84842754,102.3257252,67.94741357,70.96397137,Cifras definitivas
46,2012,3,Sinaloa,77.10384841,62.23569533,80.71671728,72.4711161,86.19303975,Cifras definitivas
46,2012,3,Sonora,74.70713952,71.72926974,96.01394218,51.74575555,43.80877121,Cifras definitivas
46,2012,3,Tabasco,45.7125516,68.1459478,149.07491578,80.28474527,85.02643463,Cifras definitivas
46,2012,3,Tamaulipas,79.32624682,63.18995151,79.65831492,72.70176065,94.70760884,Cifras definitivas
46,2012,3,Tlaxcala,78.55770235,74.76644595,95.17392148,54.21073548,45.94621689,Cifras definitivas
46,2012,3,Veracruz de Ignacio de la Llave,77.98280449,76.20003308,97.71389164,89.27736514,94.80896595,Cifras definitivas
46,2012,3,Yucatán,68.0094771,71.93110534,105.76629671,67.22708594,73.59578375,Cifras definitivas
46,2012,3,Zacatecas,74.22797298,68.90343918,92.8267827,73.42346919,84.97917501,Cifras definitivas
46,2012,4,Aguascalientes,78.64957357,68.12701567,86.62096001,68.70931325,75.12347253,Cifras definitivas
46,2012,4,Baja California,71.03650488,76.58341693,107.8085374,72.83224415,74.6773266,Cifras definitivas
46,2012,4,Baja California Sur,77.55674364,74.11876135,95.56713945,73.82539111,84.06649332,Cifras definitivas
46,2012,4,Campeche,65.6615717,55.91947961,85.1631756,80.55709842,84.94912339,Cifras definitivas
46,2012,4,Coahuila de Zaragoza,86.47309558,71.53892064,82.72968622,68.78076561,78.40217258,Cifras definitivas
46,2012,4,Colima,61.47239582,50.85367955,82.72604129,50.68474037,54.47432923,Cifras definitivas
46,2012,4,Chiapas,65.72521324,63.12444911,96.04297346,76.9045457,66.60047294,Cifras definitivas
46,2012,4,Chihuahua,73.96858421,66.33860823,89.68484248,66.35412729,61.00889664,Cifras definitivas
46,2012,4,Ciudad de México,84.66695431,73.13349145,86.37784605,75.55966228,76.91039946,Cifras definitivas
46,2012,4,Durango,63.54255767,62.08565404,97.70720021,52.69842013,45.20888888,Cifras definitivas
46,2012,4,Guanajuato,73.80226652,70.58135213,95.63575139,65.79344262,65.99732659,Cifras definitivas
46,2012,4,Guerrero,87.78499726,78.07872477,88.94313061,81.73649953,73.3801321,Cifras definitivas
46,2012,4,Hidalgo,80.42760708,73.96963277,91.97045076,65.45855084,87.2718211,Cifras definitivas
46,2012,4,Jalisco,79.42131575,78.58310941,98.94460784,73.04120747,77.19156945,Cifras definitivas
46,2012,4,México,95.92352445,71.91375912,74.96988829,74.92278988,77.74654897,Cifras definitivas
46,2012,4,Michoacán de Ocampo,68.29214627,66.75998484,97.75646028,52.64284873,51.73043937,Cifras definitivas
46,2012,4,Morelos,71.1726073,63.8678428,89.73655065,75.87402878,81.83511074,Cifras definitivas
46,2012,4,Nayarit,65.88932579,58.18535383,88.30770862,64.88232816,71.66955173,Cifras definitivas
46,2012,4,Nuevo León,72.42386812,74.66081067,103.08868141,76.58679774,76.71430329,Cifras definitivas
46,2012,4,Oaxaca,66.87744121,59.41876242,88.84724258,64.25609738,66.11135918,Cifras definitivas
46,2012,4,Puebla,74.47655891,74.69456726,100.29272076,77.68683544,92.39729158,Cifras definitivas
46,2012,4,Querétaro,69.08736495,61.79703658,89.44766764,56.69965471,60.75744071,Cifras definitivas
46,2012,4,Quintana Roo,64.66553016,67.73516527,104.74694184,62.77524891,67.75209982,Cifras definitivas
46,2012,4,San Luis Potosí,68.09070284,62.96423222,92.47111514,65.23317076,68.45926593,Cifras definitivas
46,2012,4,Sinaloa,79.05387822,58.39968052,73.87326446,74.33235904,78.61855982,Cifras definitivas
46,2012,4,Sonora,74.73541126,68.50070813,91.65763187,49.97549421,42.71161551,Cifras definitivas
46,2012,4,Tabasco,46.27146371,61.04872243,131.93600879,79.5749028,81.48204644,Cifras definitivas
46,2012,4,Tamaulipas,79.66913163,62.41310926,78.34039104,70.83357538,92.65493636,Cifras definitivas
46,2012,4,Tlaxcala,78.67787919,71.54648554,90.93596101,56.45910401,41.58207535,Cifras definitivas
46,2012,4,Veracruz de Ignacio de la Llave,78.1923931,70.22005537,89.80420292,87.4488672,89.30006424,Cifras definitivas
46,2012,4,Yucatán,69.13563357,69.69885138,100.81465632,66.95217282,72.85715274,Cifras definitivas
46,2012,4,Zacatecas,73.81257166,58.98730162,79.91497965,71.67363341,76.73592251,Cifras definitivas
46,2012,5,Aguascalientes,79.17206105,83.54896704,105.52834666,73.92178453,77.86845601,Cifras definitivas
46,2012,5,Baja California,71.16835475,85.89292103,120.6897663,79.10404994,78.25628443,Cifras definitivas
46,2012,5,Baja California Sur,77.43394115,82.49194325,106.53202204,77.04694828,84.6017063,Cifras definitivas
46,2012,5,Campeche,64.47385757,59.38338614,92.10459615,82.9520194,84.89265427,Cifras definitivas
46,2012,5,Coahuila de Zaragoza,86.78670226,85.43658266,98.44432434,74.11335016,81.78731539,Cifras definitivas
46,2012,5,Colima,61.7852268,61.41672385,99.40357433,53.29928296,57.08866191,Cifras definitivas
46,2012,5,Chiapas,66.26194692,67.15771615,101.35186072,78.83123077,66.77575206,Cifras definitivas
46,2012,5,Chihuahua,73.80387877,74.43690861,100.85771893,71.82068483,64.11774381,Cifras definitivas
46,2012,5,Ciudad de México,84.78886844,80.58609073,95.04324354,82.69216336,84.86267767,Cifras definitivas
46,2012,5,Durango,64.3477505,70.62517362,109.75546631,55.70902131,47.45460887,Cifras definitivas
46,2012,5,Guanajuato,71.65576608,80.21634322,111.94680848,68.64543095,74.85351812,Cifras definitivas
46,2012,5,Guerrero,87.21506673,84.68438527,97.09834372,81.66096187,70.24545413,Cifras definitivas
46,2012,5,Hidalgo,82.44533575,80.09949596,97.15467252,67.61670217,90.51955701,Cifras definitivas
46,2012,5,Jalisco,80.18536164,91.05489295,113.55550575,77.66412708,81.00768603,Cifras definitivas
46,2012,5,México,96.27738815,80.69528185,83.81540401,79.42993255,80.98357476,Cifras definitivas
46,2012,5,Michoacán de Ocampo,68.60437163,74.08274793,107.9854624,56.18858248,54.79056412,Cifras definitivas
46,2012,5,Morelos,70.71967977,68.59915885,97.00151227,77.46924799,81.39161189,Cifras definitivas
46,2012,5,Nayarit,66.7907395,69.64582419,104.27467148,74.38387769,73.23437379,Cifras definitivas
46,2012,5,Nuevo León,72.68850122,83.02857904,114.22519057,82.28827773,81.5091991,Cifras definitivas
46,2012,5,Oaxaca,69.35553333,63.78217004,91.9640683,67.09538304,67.9027191,Cifras definitivas
46,2012,5,Puebla,75.18570586,84.54436771,112.44739508,84.19296768,96.09211424,Cifras definitivas
46,2012,5,Querétaro,70.11177077,71.80022925,102.40823825,61.41743291,63.67298775,Cifras definitivas
46,2012,5,Quintana Roo,64.66755504,71.98841401,111.32076041,62.81161721,69.36290569,Cifras definitivas
46,2012,5,San Luis Potosí,68.41256921,73.80467068,107.88174093,70.37916212,70.3962629,Cifras definitivas
46,2012,5,Sinaloa,79.70988025,71.54167706,89.75258379,77.57127163,81.12587217,Cifras definitivas
46,2012,5,Sonora,74.95286921,79.85013158,106.53378906,54.38980423,44.43440064,Cifras definitivas
46,2012,5,Tabasco,46.36095409,65.29447354,140.83936541,84.7731756,81.10602604,Cifras definitivas
46,2012,5,Tamaulipas,80.34525045,71.97342761,89.5801895,77.35113747,98.19807669,Cifras definitivas
46,2012,5,Tlaxcala,79.81042409,73.13481245,91.63566449,58.88726389,43.83056229,Cifras definitivas
46,2012,5,Veracruz de Ignacio de la Llave,78.5781865,76.45436261,97.29718388,92.78288092,92.84416751,Cifras definitivas
46,2012,5,Yucatán,69.44125408,76.56163613,110.25382123,69.73781128,72.31830623,Cifras definitivas
46,2012,5,Zacatecas,74.53454336,69.156548,92.78455986,77.37540354,82.10615346,Cifras definitivas
46,2012,6,Aguascalientes,79.45504972,70.6321789,88.89577081,72.87674796,79.11592101,Cifras definitivas
46,2012,6,Baja California,72.23361765,79.02581984,109.403104,75.9673311,76.95139681,Cifras definitivas
46,2012,6,Baja California Sur,77.06786369,75.99441563,98.6071392,75.09101248,90.17923536,Cifras definitivas
46,2012,6,Campeche,65.0975891,57.76276911,88.73257813,80.87641226,85.547418,Cifras definitivas
46,2012,6,Coahuila de Zaragoza,87.07549467,73.49941209,84.40883669,73.31957472,81.72398293,Cifras definitivas
46,2012,6,Colima,62.42412127,50.371506,80.69237496,52.79371933,57.72323596,Cifras definitivas
46,2012,6,Chiapas,67.26526986,61.91587165,92.04731027,69.84556881,73.44801663,Cifras definitivas
46,2012,6,Chihuahua,73.15432058,68.13911475,93.14434774,70.92994098,63.518805,Cifras definitivas
46,2012,6,Ciudad de México,85.25795568,72.83733866,85.4317208,85.01147506,89.30760011,Cifras definitivas
46,2012,6,Durango,63.52056248,62.71982105,98.73939808,54.60804564,48.84003811,Cifras definitivas
46,2012,6,Guanajuato,71.68224592,70.2832295,98.04830833,69.21376829,70.60178447,Cifras definitivas
46,2012,6,Guerrero,86.98232577,78.85566239,90.65710958,77.85138779,78.17608995,Cifras definitivas
46,2012,6,Hidalgo,82.86095068,75.03465958,90.55491032,64.84640885,95.56241548,Cifras definitivas
46,2012,6,Jalisco,81.14909987,79.41128416,97.85849047,76.23540316,80.67178209,Cifras definitivas
46,2012,6,México,96.34540927,72.33020872,75.07385071,77.95959598,83.64998785,Cifras definitivas
46,2012,6,Michoacán de Ocampo,68.59954257,66.47135798,96.89766942,51.35094557,56.6627396,Cifras definitivas
46,2012,6,Morelos,70.524195,67.91396499,96.2988163,78.73344835,87.95203444,Cifras definitivas
46,2012,6,Nayarit,66.5298395,62.35556231,93.72570681,67.94196298,84.71692754,Cifras definitivas
46,2012,6,Nuevo León,74.56743094,73.77118657,98.93218211,83.78973173,84.02688457,Cifras definitivas
46,2012,6,Oaxaca,68.77878611,61.93945119,90.05604009,64.82562808,69.45812467,Cifras definitivas
46,2012,6,Puebla,80.54087893,76.73856204,95.27902235,82.465528,99.21714065,Cifras definitivas
46,2012,6,Querétaro,70.31037226,63.6561563,90.5359398,61.03706286,66.7059065,Cifras definitivas
46,2012,6,Quintana Roo,66.8020683,69.48427106,104.01514927,63.21002141,71.74756286,Cifras definitivas
46,2012,6,San Luis Potosí,68.95290389,64.7691877,93.93250182,68.93845419,72.8706595,Cifras definitivas
46,2012,6,Sinaloa,80.40364777,64.87878129,80.69134062,75.99718973,79.60942722,Cifras definitivas
46,2012,6,Sonora,75.31450566,74.02304883,98.28524822,53.33336175,44.77783143,Cifras definitivas
46,2012,6,Tabasco,47.64134925,62.49453914,131.17709747,80.70509363,85.10130905,Cifras definitivas
46,2012,6,Tamaulipas,80.39373534,64.09358923,79.7246066,75.16461322,97.4927642,Cifras definitivas
46,2012,6,Tlaxcala,79.95645096,68.08195956,85.14880131,53.91450895,44.1850205,Cifras definitivas
46,2012,6,Veracruz de Ignacio de la Llave,79.54174343,70.32369464,88.41105514,87.5845147,92.97014181,Cifras definitivas
46,2012,6,Yucatán,72.03971932,71.60515331,99.39676887,69.70566891,75.12440382,Cifras definitivas
46,2012,6,Zacatecas,75.10445899,59.29201767,78.94606854,75.27906818,85.45185384,Cifras definitivas
46,2012,7,Aguascalientes,80.11432612,70.70448708,88.25448644,73.34799002,77.97765048,Cifras definitivas
46,2012,7,Baja California,73.03465574,80.62869334,110.397855,77.60362595,77.9226101,Cifras definitivas
46,2012,7,Baja California Sur,77.8150639,75.52412154,97.05591405,78.33491223,89.62484935,Cifras definitivas
46,2012,7,Campeche,65.73528117,56.37264111,85.75705482,82.3158615,87.96277386,Cifras definitivas
46,2012,7,Coahuila de Zaragoza,87.96313387,75.50586426,85.83807891,74.42597134,85.62837823,Cifras definitivas
46,2012,7,Colima,61.79925979,52.14778742,84.38254373,55.69792399,59.11829694,Cifras definitivas
46,2012,7,Chiapas,68.08201477,66.40952822,97.54342383,79.45014228,83.58462454,Cifras definitivas
46,2012,7,Chihuahua,74.54119786,66.67877139,89.45224024,70.33039745,62.56248988,Cifras definitivas
46,2012,7,Ciudad de México,85.37944608,73.22249487,85.76126718,88.74439585,96.47279792,Cifras definitivas
46,2012,7,Durango,64.52086699,63.41345671,98.28364011,56.04196134,50.71759948,Cifras definitivas
46,2012,7,Guanajuato,71.01298445,71.2138461,100.282852,69.56549636,70.46508016,Cifras definitivas
46,2012,7,Guerrero,87.25821767,79.29522716,90.87422283,83.1641739,82.93540271,Cifras definitivas
46,2012,7,Hidalgo,83.42007824,75.10738423,90.03514,67.95362146,98.40115136,Cifras definitivas
46,2012,7,Jalisco,82.04347741,80.26054356,97.82684266,77.79009312,82.3297146,Cifras definitivas
46,2012,7,México,96.6301348,72.85040966,75.3909842,79.08806344,85.28877455,Cifras definitivas
46,2012,7,Michoacán de Ocampo,68.30351421,66.81213216,97.81653687,54.56140183,61.63487504,Cifras definitivas
46,2012,7,Morelos,70.2295743,67.07599484,95.50961331,81.19396076,90.31622638,Cifras definitivas
46,2012,7,Nayarit,66.40090726,65.96307,99.34061555,70.19410303,90.44158115,Cifras definitivas
46,2012,7,Nuevo León,74.7497886,74.94430669,100.26022561,84.08548536,84.7549034,Cifras definitivas
46,2012,7,Oaxaca,69.06185072,62.78128006,90.90587554,66.38756314,71.00801603,Cifras definitivas
46,2012,7,Puebla,80.32813061,75.39236185,93.85549157,84.78118553,102.3983646,Cifras definitivas
46,2012,7,Querétaro,70.75891119,64.26545697,90.82312869,62.40592037,66.97844659,Cifras definitivas
46,2012,7,Quintana Roo,67.3235726,69.2589784,102.87478178,67.83863204,73.56655035,Cifras definitivas
46,2012,7,San Luis Potosí,69.10967884,64.4487869,93.25580437,72.73869426,77.91615839,Cifras definitivas
46,2012,7,Sinaloa,77.31764682,64.16378058,82.98723929,87.14179532,103.43164197,Cifras definitivas
46,2012,7,Sonora,75.72647647,74.04021681,97.77322313,52.27861366,47.09800329,Cifras definitivas
46,2012,7,Tabasco,47.92137692,63.02486928,131.51723371,83.9080027,86.83416358,Cifras definitivas
46,2012,7,Tamaulipas,80.60847834,64.30621125,79.77598954,78.03052805,97.37434692,Cifras definitivas
46,2012,7,Tlaxcala,79.624174,69.20136605,86.90999551,57.33534763,46.96035193,Cifras definitivas
46,2012,7,Veracruz de Ignacio de la Llave,79.63768314,70.09794477,88.02107496,90.02276087,93.12990214,Cifras definitivas
46,2012,7,Yucatán,72.08724388,71.05133199,98.56297476,69.50731406,74.33756824,Cifras definitivas
46,2012,7,Zacatecas,73.89634609,61.00725014,82.55787108,77.46998991,89.56860876,Cifras definitivas
46,2012,8,Aguascalientes,79.93666272,72.04326212,90.1254314,74.22682505,80.33606713,Cifras definitivas
46,2012,8,Baja California,73.52610874,80.15941189,109.02169755,79.76855761,79.59756194,Cifras definitivas
46,2012,8,Baja California Sur,77.7756209,72.79202745,93.59234501,79.65435384,89.20666327,Cifras definitivas
46,2012,8,Campeche,64.38961324,57.28675922,88.96894443,85.41125409,90.56728085,Cifras definitivas
46,2012,8,Coahuila de Zaragoza,88.24648505,77.01893961,87.27706216,75.6164071,84.86258665,Cifras definitivas
46,2012,8,Colima,61.87861575,52.06764119,84.14480602,56.18843836,63.89798722,Cifras definitivas
46,2012,8,Chiapas,68.21332444,61.5943516,90.296657,85.98744709,85.87069325,Cifras definitivas
46,2012,8,Chihuahua,74.83817917,71.26031487,95.21919916,71.52652243,66.06410068,Cifras definitivas
46,2012,8,Ciudad de México,85.13554396,73.87513429,86.77355057,88.09751035,94.42848554,Cifras definitivas
46,2012,8,Durango,64.55510842,63.58688588,98.50016124,58.24328467,53.487454,Cifras definitivas
46,2012,8,Guanajuato,69.96674934,71.60865108,102.34668861,71.68069825,74.02548741,Cifras definitivas
46,2012,8,Guerrero,86.29660689,79.38546153,91.99140545,86.28578288,86.7465093,Cifras definitivas
46,2012,8,Hidalgo,82.92984397,75.10652089,90.56633571,70.17927777,101.34732797,Cifras definitivas
46,2012,8,Jalisco,81.07700865,79.72113233,98.32766854,79.21516,83.80101331,Cifras definitivas
46,2012,8,México,95.94361654,73.47531866,76.58176887,81.70191646,89.04263736,Cifras definitivas
46,2012,8,Michoacán de Ocampo,68.42675169,67.30211607,98.35643868,58.36342445,66.32868054,Cifras definitivas
46,2012,8,Morelos,69.99243297,66.41920244,94.89483309,84.66407604,90.00806721,Cifras definitivas
46,2012,8,Nayarit,66.20759486,63.08391454,95.28199095,72.57918152,108.68933734,Cifras definitivas
46,2012,8,Nuevo León,75.33774896,76.38396609,101.3887024,82.77559145,82.46574797,Cifras definitivas
46,2012,8,Oaxaca,68.66068201,61.32691808,89.31883035,68.6754475,74.93468761,Cifras definitivas
46,2012,8,Puebla,80.20265473,76.75266941,95.69841506,86.24758991,106.07373454,Cifras definitivas
46,2012,8,Querétaro,71.00281696,64.04906323,90.20636923,63.71565186,70.14677301,Cifras definitivas
46,2012,8,Quintana Roo,69.31693965,69.57702054,100.37520538,66.31283305,70.75775824,Cifras definitivas
46,2012,8,San Luis Potosí,69.23728388,64.81651903,93.6150516,74.38118089,79.80427924,Cifras definitivas
46,2012,8,Sinaloa,77.86034537,63.74608346,81.87233586,110.54681366,90.7045145,Cifras definitivas
46,2012,8,Sonora,75.23645402,73.32422086,97.45836884,53.4969442,47.93534028,Cifras definitivas
46,2012,8,Tabasco,47.98507683,62.08643949,129.38697527,84.41191426,87.40730766,Cifras definitivas
46,2012,8,Tamaulipas,81.14735094,65.55490958,80.78502726,78.98043837,98.36411051,Cifras definitivas
46,2012,8,Tlaxcala,79.02601293,66.97183135,84.74656492,59.37621253,48.66823719,Cifras definitivas
46,2012,8,Veracruz de Ignacio de la Llave,79.59019869,70.37134581,88.41710031,90.22411666,93.00690692,Cifras definitivas
46,2012,8,Yucatán,71.02570511,71.83626408,101.14121918,71.38332026,77.05942855,Cifras definitivas
46,2012,8,Zacatecas,74.4172766,57.97507562,77.90539814,78.53474124,90.40526049,Cifras definitivas
46,2012,9,Aguascalientes,79.84473623,69.95248957,87.61064645,70.20689825,77.10200295,Cifras definitivas
46,2012,9,Baja California,73.94798214,79.03133948,106.87423401,75.30944219,76.40486891,Cifras definitivas
46,2012,9,Baja California Sur,77.81426504,73.75127254,94.77860197,73.64639886,84.42778687,Cifras definitivas
46,2012,9,Campeche,64.1347121,56.02481223,87.35489783,81.19521619,88.39707701,Cifras definitivas
46,2012,9,Coahuila de Zaragoza,87.88509596,75.36458848,85.7535486,71.89349326,79.24795901,Cifras definitivas
46,2012,9,Colima,69.03115598,67.36835692,97.59123393,69.80411061,72.95736198,Cifras definitivas
46,2012,9,Chiapas,68.41762517,69.35386716,101.36842223,74.7946894,80.02527178,Cifras definitivas
46,2012,9,Chihuahua,74.70983576,67.14601669,89.87573859,69.12581554,63.64286605,Cifras definitivas
46,2012,9,Ciudad de México,85.44482922,74.10958793,86.73384757,81.432532,91.51848546,Cifras definitivas
46,2012,9,Durango,65.44857065,62.6590965,95.73791433,55.55553329,51.30017291,Cifras definitivas
46,2012,9,Guanajuato,72.47115159,70.0884425,96.71219646,66.34728567,70.69608596,Cifras definitivas
46,2012,9,Guerrero,85.50038329,80.62177347,94.29404918,78.8022485,79.73228224,Cifras definitivas
46,2012,9,Hidalgo,83.13130035,75.32192989,90.60598063,65.25445906,95.27005364,Cifras definitivas
46,2012,9,Jalisco,82.08108766,79.41958255,96.75746852,75.3019314,82.72889491,Cifras definitivas
46,2012,9,México,95.51341542,73.26906875,76.71076197,77.365275,87.38161476,Cifras definitivas
46,2012,9,Michoacán de Ocampo,68.22185601,68.16507605,99.9167716,52.66055662,61.04546597,Cifras definitivas
46,2012,9,Morelos,70.04812863,66.56692556,95.0302697,79.17376625,89.81117878,Cifras definitivas
46,2012,9,Nayarit,65.89075803,65.12970382,98.84497579,65.77368893,72.6465415,Cifras definitivas
46,2012,9,Nuevo León,77.23914823,74.97436366,97.06782814,79.48781137,82.79516175,Cifras definitivas
46,2012,9,Oaxaca,67.64991792,62.93605274,93.03197206,64.20629029,72.87692245,Cifras definitivas
46,2012,9,Puebla,80.15859994,74.5143333,92.95862622,80.28354954,100.80843126,Cifras definitivas
46,2012,9,Querétaro,71.18303704,61.75743766,86.75864395,60.89336066,67.3893693,Cifras definitivas
46,2012,9,Quintana Roo,70.33282224,68.25111481,97.04020489,59.78497842,68.86649026,Cifras definitivas
46,2012,9,San Luis Potosí,69.14688757,64.75857701,93.65363979,68.65870172,75.29570354,Cifras definitivas
46,2012,9,Sinaloa,77.49609869,63.42736743,81.84588451,71.68775196,76.21423098,Cifras definitivas
46,2012,9,Sonora,77.15780189,72.85637069,94.42515067,52.30241469,44.50333475,Cifras definitivas
46,2012,9,Tabasco,48.01401967,62.58428802,130.34586242,78.87758543,84.76956555,Cifras definitivas
46,2012,9,Tamaulipas,80.26491634,63.51508479,79.1318146,73.07525025,95.86993371,Cifras definitivas
46,2012,9,Tlaxcala,79.00508096,68.80829744,87.09350918,55.32825451,46.30526002,Cifras definitivas
46,2012,9,Veracruz de Ignacio de la Llave,79.35271621,69.51138523,87.59799103,85.6137739,91.32923701,Cifras definitivas
46,2012,9,Yucatán,71.00069415,69.74184826,98.22699495,67.60756084,75.27781657,Cifras definitivas
46,2012,9,Zacatecas,73.43022147,60.13428456,81.89309981,74.05870892,87.02008709,Cifras definitivas
46,2012,10,Aguascalientes,80.47263881,71.20774529,88.48690231,75.20635048,86.86443812,Cifras definitivas
46,2012,10,Baja California,75.94919576,78.84268364,103.80976764,76.17632796,81.44096026,Cifras definitivas
46,2012,10,Baja California Sur,78.76503922,70.2773557,89.22404711,76.81429894,96.48459868,Cifras definitivas
46,2012,10,Campeche,64.82905115,56.43051965,87.04511118,84.56402969,96.55736625,Cifras definitivas
46,2012,10,Coahuila de Zaragoza,88.58027692,75.36520682,85.08124996,75.07361185,91.1468388,Cifras definitivas
46,2012,10,Colima,69.28499832,65.4603477,94.47982866,62.97797751,75.92142581,Cifras definitivas
46,2012,10,Chiapas,68.60802123,64.72584394,94.34151106,87.61532606,94.15354119,Cifras definitivas
46,2012,10,Chihuahua,75.83413407,69.23773864,91.30154842,76.0571382,77.25321111,Cifras definitivas
46,2012,10,Ciudad de México,86.29967872,74.31513497,86.11287559,88.02474138,102.04912273,Cifras definitivas
46,2012,10,Durango,66.07666402,63.42738892,95.99060404,59.22060489,58.20352196,Cifras definitivas
46,2012,10,Guanajuato,73.41217653,71.09093329,96.83806781,70.49981065,80.98262264,Cifras definitivas
46,2012,10,Guerrero,87.65962684,79.83003228,91.0681863,82.51145545,91.52896129,Cifras definitivas
46,2012,10,Hidalgo,83.91591197,76.64210572,91.33202979,70.15670393,111.08641688,Cifras definitivas
46,2012,10,Jalisco,82.86181849,79.41962195,95.84585928,78.7721551,92.02482882,Cifras definitivas
46,2012,10,México,97.16002862,73.58596255,75.73686792,81.54625952,101.55167199,Cifras definitivas
46,2012,10,Michoacán de Ocampo,68.67848791,66.5639427,96.92109527,56.46968126,69.52397521,Cifras definitivas
46,2012,10,Morelos,70.55470488,67.80056696,96.09645037,80.83414865,94.95918786,Cifras definitivas
46,2012,10,Nayarit,66.64784618,63.18618958,94.80604881,70.6886994,79.55352325,Cifras definitivas
46,2012,10,Nuevo León,77.77753921,76.25270158,98.03948846,82.35894863,91.03818878,Cifras definitivas
46,2012,10,Oaxaca,67.47804483,62.83768287,93.12315291,70.22938232,82.27102517,Cifras definitivas
46,2012,10,Puebla,80.52995448,77.64202375,96.41384284,87.34414665,120.0478511,Cifras definitivas
46,2012,10,Querétaro,72.10540832,64.38243105,89.28932316,63.8235947,77.66900779,Cifras definitivas
46,2012,10,Quintana Roo,71.51297323,70.32207917,98.33471606,62.04983493,77.94654497,Cifras definitivas
46,2012,10,San Luis Potosí,69.46223751,65.59730451,94.43592211,74.13728346,86.32743053,Cifras definitivas
46,2012,10,Sinaloa,77.28913384,64.08067819,82.91033294,76.62975136,83.9106543,Cifras definitivas
46,2012,10,Sonora,78.40563615,75.80350927,96.6811992,55.62494376,52.47186743,Cifras definitivas
46,2012,10,Tabasco,48.76644518,63.64866817,130.51734227,84.49366184,98.6807997,Cifras definitivas
46,2012,10,Tamaulipas,81.34274526,64.0104128,78.69222092,76.31614163,104.62717813,Cifras definitivas
46,2012,10,Tlaxcala,79.94135833,71.58811176,89.55078229,58.29369064,52.79096196,Cifras definitivas
46,2012,10,Veracruz de Ignacio de la Llave,80.50222467,70.20349553,87.2069012,90.68472288,101.48778722,Cifras definitivas
46,2012,10,Yucatán,72.01508286,72.45306335,100.60817883,71.28681984,83.89575421,Cifras definitivas
46,2012,10,Zacatecas,74.50579997,58.12006142,78.00743223,79.42988864,101.52203288,Cifras definitivas
46,2012,11,Aguascalientes,80.35489194,73.52135843,91.49580897,76.71097206,84.97185995,Cifras definitivas
46,2012,11,Baja California,77.82400511,83.10488065,106.78566405,79.04659611,83.29419313,Cifras definitivas
46,2012,11,Baja California Sur,79.89244321,70.42304493,88.14731669,82.08457699,101.46708104,Cifras definitivas
46,2012,11,Campeche,66.59701277,58.14943353,87.31537814,90.14051654,99.00081661,Cifras definitivas
46,2012,11,Coahuila de Zaragoza,89.431317,76.51769114,85.56028661,77.73845591,92.32015559,Cifras definitivas
46,2012,11,Colima,69.46662746,72.93271026,104.98956539,69.67018649,81.98072701,Cifras definitivas
46,2012,11,Chiapas,69.53513041,74.27508138,106.81662771,90.65041712,99.68888472,Cifras definitivas
46,2012,11,Chihuahua,76.23576803,70.61245901,92.62379174,79.88457547,78.75635868,Cifras definitivas
46,2012,11,Ciudad de México,87.18722816,79.45383407,91.13012966,98.04084256,104.16415302,Cifras definitivas
46,2012,11,Durango,67.16221392,72.05186821,107.28036496,62.26163829,60.37192467,Cifras definitivas
46,2012,11,Guanajuato,74.15349537,72.9057475,98.3173445,74.87549013,86.63446149,Cifras definitivas
46,2012,11,Guerrero,88.00225946,85.04420259,96.63865804,87.04300364,96.5867266,Cifras definitivas
46,2012,11,Hidalgo,83.50406146,79.72315845,95.47219268,72.88420813,111.32036657,Cifras definitivas
46,2012,11,Jalisco,83.84891473,83.15222476,99.16911272,84.27855052,91.90522347,Cifras definitivas
46,2012,11,México,96.26698062,76.65082263,79.62317104,88.26662552,102.54019623,Cifras definitivas
46,2012,11,Michoacán de Ocampo,69.35515925,72.4935493,104.52509962,59.05103883,71.95072939,Cifras definitivas
46,2012,11,Morelos,70.71930201,70.04104077,99.04091073,85.67274591,99.1582462,Cifras definitivas
46,2012,11,Nayarit,67.754355,64.54862648,95.26860152,71.68903283,84.77840862,Cifras definitivas
46,2012,11,Nuevo León,79.37713806,77.44155484,97.56153564,89.5495833,92.02219251,Cifras definitivas
46,2012,11,Oaxaca,67.80340633,66.82459835,98.55640294,71.56058079,82.60794186,Cifras definitivas
46,2012,11,Puebla,81.12293638,79.89380944,98.48485891,91.21226797,120.15392119,Cifras definitivas
46,2012,11,Querétaro,72.8207856,64.80796675,88.99652237,67.51100792,78.73018285,Cifras definitivas
46,2012,11,Quintana Roo,72.2514208,70.83805923,98.04382868,69.01389285,80.05584455,Cifras definitivas
46,2012,11,San Luis Potosí,70.33081892,67.10371758,95.41154022,77.33992912,87.06456694,Cifras definitivas
46,2012,11,Sinaloa,79.7336503,64.19573904,80.51273057,73.75453783,84.24179916,Cifras definitivas
46,2012,11,Sonora,80.45298512,73.12392157,90.89025281,55.17080516,50.31945473,Cifras definitivas
46,2012,11,Tabasco,50.35096773,66.54636144,132.16500981,92.37149269,102.63888786,Cifras definitivas
46,2012,11,Tamaulipas,82.12839399,62.12365146,75.64211163,79.60609238,108.64639027,Cifras definitivas
46,2012,11,Tlaxcala,81.27770951,76.30617534,93.88327476,60.71057733,53.340882,Cifras definitivas
46,2012,11,Veracruz de Ignacio de la Llave,81.17125288,73.29866667,90.30126316,97.07623109,105.79146926,Cifras definitivas
46,2012,11,Yucatán,72.04626446,72.09796233,100.07175649,74.23522731,84.55931833,Cifras definitivas
46,2012,11,Zacatecas,77.10790334,63.45922615,82.29925001,81.46912811,102.00775149,Cifras definitivas
46,2012,12,Aguascalientes,81.56598059,99.81638884,122.37502463,92.43506958,91.55246128,Cifras definitivas
46,2012,12,Baja California,78.34488729,96.77241886,123.5210391,89.16045418,85.77151726,Cifras definitivas
46,2012,12,Baja California Sur,80.76107681,93.86118682,116.22082138,99.68587045,97.43400341,Cifras definitivas
46,2012,12,Campeche,66.47535058,79.03945578,118.90039705,100.19780418,103.59632397,Cifras definitivas
46,2012,12,Coahuila de Zaragoza,89.91725168,98.28286806,109.30368336,91.73289088,93.61074024,Cifras definitivas
46,2012,12,Colima,71.48537354,97.47819114,136.36102927,88.85324574,93.46167994,Cifras definitivas
46,2012,12,Chiapas,69.5744994,108.96611078,156.6178869,102.7172094,98.20937911,Cifras definitivas
46,2012,12,Chihuahua,76.98251306,92.19217403,119.7572934,93.69897985,81.969867,Cifras definitivas
46,2012,12,Ciudad de México,88.16899764,106.09595863,120.33249948,115.29840175,108.44876508,Cifras definitivas
46,2012,12,Durango,67.47658889,87.1660105,129.17963391,76.56155338,67.47906245,Cifras definitivas
46,2012,12,Guanajuato,75.22059249,99.15017969,131.81254814,88.34434854,87.57064363,Cifras definitivas
46,2012,12,Guerrero,89.34670149,116.63554966,130.54264759,109.51508676,88.96139436,Cifras definitivas
46,2012,12,Hidalgo,84.35009205,112.27230686,133.10276744,87.11264443,113.42244251,Cifras definitivas
46,2012,12,Jalisco,85.06348263,112.38975294,132.12456093,94.23667654,91.12559818,Cifras definitivas
46,2012,12,México,96.42914309,102.0464934,105.82536579,98.36959834,96.47502115,Cifras definitivas
46,2012,12,Michoacán de Ocampo,70.73367306,100.52260065,142.11420997,65.65834112,66.73236582,Cifras definitivas
46,2012,12,Morelos,71.68061723,92.16803351,128.58152883,100.03671371,96.44463165,Cifras definitivas
46,2012,12,Nayarit,68.95072186,89.09742207,129.21898374,82.60863806,75.9637951,Cifras definitivas
46,2012,12,Nuevo León,79.89058641,103.39632767,129.42241673,102.66833616,94.30485534,Cifras definitivas
46,2012,12,Oaxaca,68.57423646,93.98732365,137.05923464,83.33215595,86.33585984,Cifras definitivas
46,2012,12,Puebla,81.51983465,104.48661536,128.17324251,103.65585278,115.33189591,Cifras definitivas
46,2012,12,Querétaro,73.96760462,92.08023078,124.48724175,74.74324261,76.69769354,Cifras definitivas
46,2012,12,Quintana Roo,72.10116133,88.61826814,122.90823963,81.30242936,84.14656843,Cifras definitivas
46,2012,12,San Luis Potosí,71.9722735,93.18400825,129.47209212,92.84988137,90.65079905,Cifras definitivas
46,2012,12,Sinaloa,80.39821329,83.43295342,103.77463628,88.41943943,89.42675478,Cifras definitivas
46,2012,12,Sonora,81.8625109,88.86451575,108.55337171,63.00917541,51.57619382,Cifras definitivas
46,2012,12,Tabasco,51.02746372,88.93362928,174.28581159,107.24769382,99.5812364,Cifras definitivas
46,2012,12,Tamaulipas,83.10194348,83.89728454,100.95706674,92.06332859,109.18266876,Cifras definitivas
46,2012,12,Tlaxcala,81.54024553,101.26831562,124.19427359,70.62946422,51.44326673,Cifras definitivas
46,2012,12,Veracruz de Ignacio de la Llave,81.78286067,98.47429866,120.40945725,113.16695081,106.52714491,Cifras definitivas
46,2012,12,Yucatán,72.84925679,98.91077779,135.77458734,88.09642322,83.80096823,Cifras definitivas
46,2012,12,Zacatecas,76.0071801,89.53563177,117.79891275,95.10830015,97.83308729,Cifras definitivas
46,2013,1,Aguascalientes,82.03324371,74.01460338,90.22513317,77.42092412,79.47224334,Cifras definitivas
46,2013,1,Baja California,78.30193088,77.81376825,99.37656374,72.80856989,73.47473439,Cifras definitivas
46,2013,1,Baja California Sur,78.34568056,71.32720218,91.04165242,65.26892512,69.0670054,Cifras definitivas
46,2013,1,Campeche,67.10203973,63.0551861,93.96910489,89.76935952,92.11378556,Cifras definitivas
46,2013,1,Coahuila de Zaragoza,90.60801647,78.72820142,86.88878146,75.90341529,80.40006193,Cifras definitivas
46,2013,1,Colima,72.28309966,71.35896121,98.72150135,70.09131619,72.6079634,Cifras definitivas
46,2013,1,Chiapas,69.32578374,84.28236463,121.57434086,82.54012754,85.23016429,Cifras definitivas
46,2013,1,Chihuahua,79.22717536,73.54957365,92.83376987,77.01913418,69.28866218,Cifras definitivas
46,2013,1,Ciudad de México,88.50919876,86.04992701,97.22145067,91.0739239,87.6490986,Cifras definitivas
46,2013,1,Durango,84.6838857,78.26600777,92.42137052,78.93360319,76.759033,Cifras definitivas
46,2013,1,Guanajuato,75.8470221,75.09452448,99.00787454,74.32924369,75.80270228,Cifras definitivas
46,2013,1,Guerrero,92.90908185,93.56031085,100.70093148,90.98404941,87.95068153,Cifras definitivas
46,2013,1,Hidalgo,83.4890882,84.47748702,101.18386587,65.60676115,84.97169825,Cifras definitivas
46,2013,1,Jalisco,90.71757275,85.89563679,94.68467265,79.50523106,80.77872668,Cifras definitivas
46,2013,1,México,92.72408005,81.963038,88.39455507,76.18863117,76.8174047,Cifras definitivas
46,2013,1,Michoacán de Ocampo,84.47460904,78.84002007,93.32984309,75.65475236,79.3474163,Cifras definitivas
46,2013,1,Morelos,75.69989207,76.64144389,101.24379546,91.47439805,95.25623587,Cifras definitivas
46,2013,1,Nayarit,70.36320635,73.94437243,105.08954362,74.20238823,72.78311099,Cifras definitivas
46,2013,1,Nuevo León,80.58838292,79.02172843,98.05597974,78.41637871,78.54337355,Cifras definitivas
46,2013,1,Oaxaca,70.76933989,83.45327265,117.92292083,79.3404301,82.18083108,Cifras definitivas
46,2013,1,Puebla,80.25322816,82.11870498,102.3244882,84.37558284,89.18395814,Cifras definitivas
46,2013,1,Querétaro,75.52931005,72.81816978,96.41047923,72.72120463,70.31016498,Cifras definitivas
46,2013,1,Quintana Roo,73.28278287,71.72174664,97.86984586,66.81429617,68.3777999,Cifras definitivas
46,2013,1,San Luis Potosí,81.80709486,73.88970757,90.32188186,80.84200245,81.0410759,Cifras definitivas
46,2013,1,Sinaloa,81.45653185,68.8682466,84.54600882,78.74488861,86.93290214,Cifras definitivas
46,2013,1,Sonora,84.45887095,76.9720163,91.13550233,83.76255428,87.38680523,Cifras definitivas
46,2013,1,Tabasco,79.27089789,77.43622887,97.68557053,99.58785435,106.41689872,Cifras definitivas
46,2013,1,Tamaulipas,83.82748401,69.62936489,83.06269204,73.75464608,88.52641024,Cifras definitivas
46,2013,1,Tlaxcala,92.26997978,78.13491689,84.68075649,84.72979852,87.95412539,Cifras definitivas
46,2013,1,Veracruz de Ignacio de la Llave,83.02167369,77.47653733,93.32085694,93.22823745,91.87563912,Cifras definitivas
46,2013,1,Yucatán,76.90005112,77.24780687,100.45221784,74.88034316,79.10327173,Cifras definitivas
46,2013,1,Zacatecas,81.94271701,73.6621427,89.89467934,77.69886156,80.98912695,Cifras definitivas
46,2013,2,Aguascalientes,81.62170122,69.31156767,84.91806301,68.38715465,75.26254139,Cifras definitivas
46,2013,2,Baja California,78.33101505,73.25418544,93.51874911,67.78321716,69.34786192,Cifras definitivas
46,2013,2,Baja California Sur,78.45499581,67.33030265,85.8202871,73.38942687,78.34907522,Cifras definitivas
46,2013,2,Campeche,67.6962322,58.04019954,85.73623325,83.5906847,87.95293431,Cifras definitivas
46,2013,2,Coahuila de Zaragoza,89.98105359,74.03518062,82.27863274,69.48196709,78.84450721,Cifras definitivas
46,2013,2,Colima,72.34974935,70.84662269,97.92241622,64.33030444,72.79999263,Cifras definitivas
46,2013,2,Chiapas,69.52179799,73.04246949,105.06412608,74.18055037,79.43694201,Cifras definitivas
46,2013,2,Chihuahua,79.29228228,69.5893875,87.76312839,68.72383169,68.66963653,Cifras definitivas
46,2013,2,Ciudad de México,89.06406229,80.54024962,90.4295712,83.24454425,83.73717707,Cifras definitivas
46,2013,2,Durango,84.82113918,70.20125685,82.76386939,68.3638503,71.38677049,Cifras definitivas
46,2013,2,Guanajuato,75.99566373,70.34133853,92.5596739,64.81771087,71.79112116,Cifras definitivas
46,2013,2,Guerrero,90.79553956,80.70833845,88.89020192,77.25765798,79.07947034,Cifras definitivas
46,2013,2,Hidalgo,83.28841569,74.36550524,89.28673288,58.36534967,80.1315769,Cifras definitivas
46,2013,2,Jalisco,90.56312128,83.08574016,91.74345913,71.99810507,77.81912822,Cifras definitivas
46,2013,2,México,92.0779753,74.50181795,80.91165961,67.01548154,73.44882511,Cifras definitivas
46,2013,2,Michoacán de Ocampo,84.59915267,73.20111497,86.52700726,67.08776218,74.96609611,Cifras definitivas
46,2013,2,Morelos,74.96329857,73.09717546,97.51061767,80.91137336,88.95798773,Cifras definitivas
46,2013,2,Nayarit,70.1216775,64.37943447,91.81103015,65.55455884,66.240284,Cifras definitivas
46,2013,2,Nuevo León,80.98728245,75.69543727,93.46583189,74.11754422,78.23148537,Cifras definitivas
46,2013,2,Oaxaca,70.60603047,70.94270306,100.47683263,70.80784848,76.07529413,Cifras definitivas
46,2013,2,Puebla,80.00049763,76.71642849,95.89493911,74.16271319,86.39937319,Cifras definitivas
46,2013,2,Querétaro,75.34347626,66.69040089,88.51516309,64.31657693,66.4466703,Cifras definitivas
46,2013,2,Quintana Roo,70.21119702,66.17144374,94.24628343,59.92202958,65.82991993,Cifras definitivas
46,2013,2,San Luis Potosí,82.00455006,68.87031229,83.9835256,72.59823879,77.58062097,Cifras definitivas
46,2013,2,Sinaloa,81.47590172,63.60572719,78.06692021,72.48699302,82.40619822,Cifras definitivas
46,2013,2,Sonora,85.3384099,72.89642406,85.4204152,79.90159457,85.77573466,Cifras definitivas
46,2013,2,Tabasco,80.48708128,71.0625001,88.2905666,87.25328269,99.75396534,Cifras definitivas
46,2013,2,Tamaulipas,83.74537435,64.7620673,77.33211273,68.75896855,90.03823128,Cifras definitivas
46,2013,2,Tlaxcala,92.82642944,67.55767979,72.7784966,79.76515793,84.36110153,Cifras definitivas
46,2013,2,Veracruz de Ignacio de la Llave,82.80622687,71.00219916,85.74499992,84.43734736,87.35691968,Cifras definitivas
46,2013,2,Yucatán,76.32413062,72.70348727,95.2562272,67.88410744,74.33857608,Cifras definitivas
46,2013,2,Zacatecas,84.63822414,62.26451237,73.56547589,72.01653677,82.97432921,Cifras definitivas
46,2013,3,Aguascalientes,80.06188596,71.94252797,89.8586476,71.59006985,76.95809184,Cifras definitivas
46,2013,3,Baja California,78.42729907,75.90241622,96.78060716,74.52222023,76.66021696,Cifras definitivas
46,2013,3,Baja California Sur,78.40790768,69.15391325,88.1976261,77.70520374,72.98472418,Cifras definitivas
46,2013,3,Campeche,67.3998813,57.87502121,85.86813522,88.32536856,91.36545144,Cifras definitivas
46,2013,3,Coahuila de Zaragoza,90.75291669,74.26026333,81.82686137,75.19028058,84.61044667,Cifras definitivas
46,2013,3,Colima,75.05484017,78.72848372,104.89461245,67.36354052,76.1504993,Cifras definitivas
46,2013,3,Chiapas,69.80464742,75.67176148,108.40504791,78.45584085,84.25204511,Cifras definitivas
46,2013,3,Chihuahua,79.86106489,68.89463257,86.26811158,75.14534857,73.63126837,Cifras definitivas
46,2013,3,Ciudad de México,90.80246957,81.18545341,89.40886057,85.75981759,88.79982843,Cifras definitivas
46,2013,3,Durango,84.67484818,73.28591066,86.54979871,75.69059276,79.37401746,Cifras definitivas
46,2013,3,Guanajuato,75.99697151,70.45268411,92.70459429,68.55349597,76.29927909,Cifras definitivas
46,2013,3,Guerrero,92.62026638,80.95189525,87.40192445,86.70515025,84.35156648,Cifras definitivas
46,2013,3,Hidalgo,84.57949388,76.87117634,90.88630449,63.21221703,86.82635695,Cifras definitivas
46,2013,3,Jalisco,90.79157765,82.33154776,90.68192215,76.24997038,82.60382723,Cifras definitivas
46,2013,3,México,90.53393989,72.90863933,80.53183085,69.85605332,75.51999959,Cifras definitivas
46,2013,3,Michoacán de Ocampo,85.57366724,72.21070124,84.38425461,70.50747078,74.54813332,Cifras definitivas
46,2013,3,Morelos,74.29757108,68.56194759,92.28020054,88.76745709,98.15370964,Cifras definitivas
46,2013,3,Nayarit,70.68813709,65.92987244,93.26865179,70.70973743,71.96093216,Cifras definitivas
46,2013,3,Nuevo León,81.18000913,75.53008845,93.04025617,79.4896779,83.33382546,Cifras definitivas
46,2013,3,Oaxaca,71.39246926,72.51321807,101.56984178,75.08548301,76.18987833,Cifras definitivas
46,2013,3,Puebla,79.92777512,76.84036037,96.13724422,77.84332216,86.82830159,Cifras definitivas
46,2013,3,Querétaro,76.46427449,67.13866119,87.80396026,68.58394832,71.59558604,Cifras definitivas
46,2013,3,Quintana Roo,73.90973728,71.40860772,96.61596746,65.67729626,69.54068933,Cifras definitivas
46,2013,3,San Luis Potosí,81.84254745,68.03522467,83.12940737,76.03185972,80.57379173,Cifras definitivas
46,2013,3,Sinaloa,82.29051718,64.3257335,78.16907185,82.88564778,92.5523214,Cifras definitivas
46,2013,3,Sonora,84.66210079,73.3020124,86.58184916,85.22414538,93.01180572,Cifras definitivas
46,2013,3,Tabasco,81.61563077,71.7628964,87.92788308,95.39863896,107.57417397,Cifras definitivas
46,2013,3,Tamaulipas,83.01907447,63.42166508,76.39408833,74.01910595,95.38320877,Cifras definitivas
46,2013,3,Tlaxcala,91.78678956,68.79216468,74.94778389,84.48551762,86.7173423,Cifras definitivas
46,2013,3,Veracruz de Ignacio de la Llave,82.94991621,71.58120607,86.2944887,89.77204806,94.36414736,Cifras definitivas
46,2013,3,Yucatán,75.92984837,73.8437744,97.25262988,74.1905462,82.39795745,Cifras definitivas
46,2013,3,Zacatecas,84.53316835,61.90616484,73.23298777,74.88411438,90.65201759,Cifras definitivas
46,2013,4,Aguascalientes,79.72221052,69.35380958,86.99433838,72.47702265,80.00632249,Cifras definitivas
46,2013,4,Baja California,79.5427582,76.13259538,95.71279285,73.29766424,75.60381931,Cifras definitivas
46,2013,4,Baja California Sur,78.08732638,69.17508077,88.58682193,63.7714572,72.64520754,Cifras definitivas
46,2013,4,Campeche,66.96013847,57.8324309,86.3684458,91.98586049,97.39705605,Cifras definitivas
46,2013,4,Coahuila de Zaragoza,91.77405967,75.71533799,82.50189461,74.93312569,85.62587724,Cifras definitivas
46,2013,4,Colima,74.10239741,71.6614724,96.70601074,67.40770469,77.15723254,Cifras definitivas
46,2013,4,Chiapas,69.63958364,73.53529107,105.59409926,78.89645829,85.5570066,Cifras definitivas
46,2013,4,Chihuahua,80.34619087,70.96197197,88.32026908,73.66579505,73.04061679,Cifras definitivas
46,2013,4,Ciudad de México,90.31254343,80.43367863,89.06146984,85.22277111,88.12158829,Cifras definitivas
46,2013,4,Durango,85.91897881,72.85307116,84.79275728,76.33062912,81.71050094,Cifras definitivas
46,2013,4,Guanajuato,76.806371,71.96566061,93.69751451,67.5704177,75.83506977,Cifras definitivas
46,2013,4,Guerrero,92.76173635,81.74931276,88.12826924,83.12001696,83.48131916,Cifras definitivas
46,2013,4,Hidalgo,81.69653761,73.76298772,90.28900107,62.3905832,87.85688403,Cifras definitivas
46,2013,4,Jalisco,91.22615922,82.43021193,90.35808658,76.6024078,82.73846793,Cifras definitivas
46,2013,4,México,90.84011021,72.33481997,79.62872326,68.21162815,76.34663991,Cifras definitivas
46,2013,4,Michoacán de Ocampo,85.72586787,72.22995849,84.25689968,69.30146413,77.92003475,Cifras definitivas
46,2013,4,Morelos,75.07223846,70.91454245,94.46173966,85.3911355,97.71392523,Cifras definitivas
46,2013,4,Nayarit,71.35343404,65.02113808,91.12545031,69.59304955,72.10731911,Cifras definitivas
46,2013,4,Nuevo León,80.36031279,76.18420817,94.80327481,78.62651715,82.16033077,Cifras definitivas
46,2013,4,Oaxaca,71.72924026,72.17763529,100.62512168,78.76134339,83.93542107,Cifras definitivas
46,2013,4,Puebla,80.24343646,78.09773809,97.32601386,81.40613148,90.34140406,Cifras definitivas
46,2013,4,Querétaro,77.93897553,70.26999655,90.16027741,74.1364729,79.89388543,Cifras definitivas
46,2013,4,Quintana Roo,74.16331112,70.03970454,94.43982946,62.68245906,68.79279261,Cifras definitivas
46,2013,4,San Luis Potosí,82.89817044,69.11236625,83.37019488,75.80497171,81.80150889,Cifras definitivas
46,2013,4,Sinaloa,84.11311713,64.79996744,77.03907506,79.25947558,95.48117527,Cifras definitivas
46,2013,4,Sonora,84.97944185,72.02501726,84.75581351,84.6739625,92.66693023,Cifras definitivas
46,2013,4,Tabasco,82.17621027,71.25189503,86.7062314,94.66085181,105.12652467,Cifras definitivas
46,2013,4,Tamaulipas,83.98606205,66.05333285,78.64796996,72.94031529,92.56986571,Cifras definitivas
46,2013,4,Tlaxcala,90.88848262,67.26450108,74.00772809,85.46105377,92.6337194,Cifras definitivas
46,2013,4,Veracruz de Ignacio de la Llave,82.78629898,71.72084276,86.6337107,89.89785596,94.8416221,Cifras definitivas
46,2013,4,Yucatán,78.48280358,76.75804241,97.80237059,75.76050235,85.93054851,Cifras definitivas
46,2013,4,Zacatecas,85.28771681,64.57482284,75.7140949,75.51364966,90.82591812,Cifras definitivas
46,2013,5,Aguascalientes,80.30353319,84.05268017,104.66871983,76.37202014,80.04328372,Cifras definitivas
46,2013,5,Baja California,79.74182161,85.49103479,107.20978411,76.90656709,76.97292315,Cifras definitivas
46,2013,5,Baja California Sur,78.86914614,75.05681157,95.16625353,65.55083415,72.13181551,Cifras definitivas
46,2013,5,Campeche,68.60532203,65.84989786,95.98365828,96.00876087,96.22849932,Cifras definitivas
46,2013,5,Coahuila de Zaragoza,92.3137314,84.50102344,91.53678674,79.87287961,88.87991635,Cifras definitivas
46,2013,5,Colima,74.42627022,83.40086775,112.05837335,71.68163353,79.94247198,Cifras definitivas
46,2013,5,Chiapas,70.86378351,92.88865875,131.08058044,82.82281793,87.47829878,Cifras definitivas
46,2013,5,Chihuahua,80.39182866,79.97273913,99.47869138,79.73596829,76.41721626,Cifras definitivas
46,2013,5,Ciudad de México,89.85133343,86.07749557,95.7999089,88.80358432,91.13452554,Cifras definitivas
46,2013,5,Durango,85.57563498,87.44452634,102.18390592,79.46463064,81.48736157,Cifras definitivas
46,2013,5,Guanajuato,76.67132484,82.35432144,107.41215391,70.64943251,100.74180938,Cifras definitivas
46,2013,5,Guerrero,92.335069,89.34829943,96.76529232,84.37407239,83.45324049,Cifras definitivas
46,2013,5,Hidalgo,80.44034255,76.33923648,94.90168,65.26407775,90.75412362,Cifras definitivas
46,2013,5,Jalisco,91.65139294,92.69878626,101.14280131,79.95019145,84.83297651,Cifras definitivas
46,2013,5,México,91.79374201,82.151188,89.49541243,72.03773434,77.62702417,Cifras definitivas
46,2013,5,Michoacán de Ocampo,85.80971662,81.61957094,95.11693332,70.91937197,80.18041553,Cifras definitivas
46,2013,5,Morelos,76.49429353,74.64864938,97.58721329,86.1776012,95.76649753,Cifras definitivas
46,2013,5,Nayarit,72.9770347,76.51335738,104.8458021,72.524143,70.45407758,Cifras definitivas
46,2013,5,Nuevo León,81.44013447,84.08587203,103.24869007,82.75172193,86.50655485,Cifras definitivas
46,2013,5,Oaxaca,72.14474535,78.51188065,108.82550111,82.59857172,86.20651844,Cifras definitivas
46,2013,5,Puebla,81.24417366,87.74106625,107.99674893,84.75170428,91.46138169,Cifras definitivas
46,2013,5,Querétaro,77.76034747,75.20650121,96.71574737,77.24249656,81.04482097,Cifras definitivas
46,2013,5,Quintana Roo,75.95583806,73.28636632,96.48549498,62.92947673,66.94707405,Cifras definitivas
46,2013,5,San Luis Potosí,84.52330247,86.37440485,102.19004976,79.30711156,82.65700356,Cifras definitivas
46,2013,5,Sinaloa,84.52844197,75.24158917,89.01333967,84.73366672,89.99613173,Cifras definitivas
46,2013,5,Sonora,85.88655299,82.02848725,95.50795135,87.6745136,93.62889719,Cifras definitivas
46,2013,5,Tabasco,83.34981715,78.28682269,93.9256082,101.38469072,109.34965729,Cifras definitivas
46,2013,5,Tamaulipas,85.92077983,76.64845172,89.20828218,77.72055579,96.11700847,Cifras definitivas
46,2013,5,Tlaxcala,92.23586846,77.68450736,84.22375011,86.8858468,93.61014063,Cifras definitivas
46,2013,5,Veracruz de Ignacio de la Llave,83.73644546,78.41844425,93.64911995,92.06660836,94.63268588,Cifras definitivas
46,2013,5,Yucatán,77.99934361,79.81714353,102.33053233,76.96397539,85.92185518,Cifras definitivas
46,2013,5,Zacatecas,85.64119595,74.42326498,86.90124438,82.08450916,92.90988633,Cifras definitivas
46,2013,6,Aguascalientes,80.2064068,68.60351336,85.53370746,74.72401626,78.31223892,Cifras definitivas
46,2013,6,Baja California,79.69905102,78.15525528,98.06296848,76.483454,75.87825958,Cifras definitivas
46,2013,6,Baja California Sur,79.89858745,70.370362,88.07460087,65.56300122,71.33196748,Cifras definitivas
46,2013,6,Campeche,68.55956344,57.47913872,83.83825076,92.02460813,94.29716055,Cifras definitivas
46,2013,6,Coahuila de Zaragoza,93.11254348,76.59577356,82.2614985,78.81929421,85.08601269,Cifras definitivas
46,2013,6,Colima,74.39120798,70.78851229,95.15709479,70.58044246,79.16605471,Cifras definitivas
46,2013,6,Chiapas,70.98298023,75.79058311,106.77289523,80.51446707,84.68793105,Cifras definitivas
46,2013,6,Chihuahua,80.68663522,72.66328447,90.05615896,78.50912361,74.85242285,Cifras definitivas
46,2013,6,Ciudad de México,90.25880997,81.56614212,90.36917521,88.01801298,90.37518643,Cifras definitivas
46,2013,6,Durango,85.98593587,72.39816698,84.19768448,77.53391579,79.55113798,Cifras definitivas
46,2013,6,Guanajuato,76.86978763,70.8733901,92.19927918,69.8403927,76.43157877,Cifras definitivas
46,2013,6,Guerrero,91.97490841,81.61456787,88.73568811,85.62455457,87.657964,Cifras definitivas
46,2013,6,Hidalgo,81.77365419,73.85559483,90.3171022,63.77803093,90.7056701,Cifras definitivas
46,2013,6,Jalisco,91.16645357,82.03036126,89.97866874,77.62823807,83.87381895,Cifras definitivas
46,2013,6,México,92.21670658,74.41373522,80.69441859,71.64260691,77.24079423,Cifras definitivas
46,2013,6,Michoacán de Ocampo,85.56138983,73.016348,85.33796394,70.28357885,80.14320878,Cifras definitivas
46,2013,6,Morelos,75.74958033,70.65492403,93.27434386,86.74888785,87.34548933,Cifras definitivas
46,2013,6,Nayarit,72.96563194,67.77483528,92.88597039,72.50810649,73.70175344,Cifras definitivas
46,2013,6,Nuevo León,81.21806328,75.36378465,92.79190073,81.93334742,85.09979907,Cifras definitivas
46,2013,6,Oaxaca,73.18314843,73.9205727,101.00764218,78.7029945,83.81616078,Cifras definitivas
46,2013,6,Puebla,81.19419963,77.88066026,95.91899497,80.23482232,93.51023668,Cifras definitivas
46,2013,6,Querétaro,78.21799895,69.20101311,88.47198092,75.85428234,79.80921223,Cifras definitivas
46,2013,6,Quintana Roo,75.13471873,69.69983203,92.76647761,62.21086137,66.30744833,Cifras definitivas
46,2013,6,San Luis Potosí,85.12768363,71.77636786,84.31612937,78.8979346,83.95031187,Cifras definitivas
46,2013,6,Sinaloa,84.32380222,68.02694691,80.67348141,84.41553449,101.54559372,Cifras definitivas
46,2013,6,Sonora,85.9722299,76.04992608,88.45871064,86.6702846,89.02641239,Cifras definitivas
46,2013,6,Tabasco,83.29016864,72.7059466,87.29235129,96.03114919,108.14770886,Cifras definitivas
46,2013,6,Tamaulipas,85.62736934,67.23684201,78.52260618,75.72648594,93.45387159,Cifras definitivas
46,2013,6,Tlaxcala,91.43392849,69.69658312,76.22617148,85.05926017,89.18174721,Cifras definitivas
46,2013,6,Veracruz de Ignacio de la Llave,84.62371667,71.8264818,84.87748426,89.44430467,90.96632093,Cifras definitivas
46,2013,6,Yucatán,77.03147824,74.0041942,96.07006887,77.72579906,85.28391376,Cifras definitivas
46,2013,6,Zacatecas,85.29199455,63.79012492,74.79028396,79.70516297,90.94607747,Cifras definitivas
46,2013,7,Aguascalientes,81.06441822,70.01830725,86.37366281,78.49134437,85.40734044,Cifras definitivas
46,2013,7,Baja California,80.35437627,77.56144261,96.52422956,78.56512933,80.15113415,Cifras definitivas
46,2013,7,Baja California Sur,80.68226865,71.18801135,88.23253553,71.29572143,76.25070637,Cifras definitivas
46,2013,7,Campeche,68.82713683,59.69156647,86.72679007,101.04782151,103.07739325,Cifras definitivas
46,2013,7,Coahuila de Zaragoza,92.81708752,77.10808851,83.07531573,79.28366053,86.64151124,Cifras definitivas
46,2013,7,Colima,74.65458315,73.70914077,98.73357758,70.78207575,77.69213279,Cifras definitivas
46,2013,7,Chiapas,71.26733649,76.2645035,107.01186161,87.65548333,91.64929076,Cifras definitivas
46,2013,7,Chihuahua,80.77409538,70.28168735,87.01018194,79.18698149,75.96767189,Cifras definitivas
46,2013,7,Ciudad de México,91.66718266,83.40737682,90.98935344,93.24028845,95.22140718,Cifras definitivas
46,2013,7,Durango,86.71139417,74.52597407,85.94715237,80.22300281,87.45578901,Cifras definitivas
46,2013,7,Guanajuato,75.90289441,69.37512935,91.39984699,72.89806343,80.71661634,Cifras definitivas
46,2013,7,Guerrero,91.54548496,80.72887676,88.18444383,114.28372726,99.2465244,Cifras definitivas
46,2013,7,Hidalgo,80.69005735,70.27627783,87.09409825,67.71503055,93.22853629,Cifras definitivas
46,2013,7,Jalisco,92.73807312,82.68287692,89.15742385,80.95344404,86.49052385,Cifras definitivas
46,2013,7,México,92.8725648,73.26590205,78.88863865,78.08625595,84.52390706,Cifras definitivas
46,2013,7,Michoacán de Ocampo,86.85411329,72.01905139,82.91956323,75.12567303,81.8573422,Cifras definitivas
46,2013,7,Morelos,76.02600106,71.1045392,93.52660696,92.8068209,97.37756731,Cifras definitivas
46,2013,7,Nayarit,72.10924026,69.51220865,96.39847598,74.87603019,77.26142849,Cifras definitivas
46,2013,7,Nuevo León,81.96673447,77.16050879,94.13637043,82.50030942,85.90923581,Cifras definitivas
46,2013,7,Oaxaca,73.53837783,71.67929069,97.47194976,82.81130824,86.23558686,Cifras definitivas
46,2013,7,Puebla,81.36607537,77.00228487,94.63684284,84.20010523,96.01270849,Cifras definitivas
46,2013,7,Querétaro,78.91368295,68.08059997,86.27223749,81.645137,81.68669716,Cifras definitivas
46,2013,7,Quintana Roo,75.4221976,69.22644468,91.78523947,68.98557025,73.0481638,Cifras definitivas
46,2013,7,San Luis Potosí,86.41567254,71.90806222,83.21182964,82.67908679,87.17361506,Cifras definitivas
46,2013,7,Sinaloa,84.43139214,68.54607572,81.18553299,87.62859998,97.08201353,Cifras definitivas
46,2013,7,Sonora,86.96500308,75.49200296,86.80733661,86.9526472,92.09652876,Cifras definitivas
46,2013,7,Tabasco,84.12846569,72.98346733,86.75240506,101.7846418,107.30802449,Cifras definitivas
46,2013,7,Tamaulipas,84.79476631,67.0887752,79.11900477,78.33307254,98.71050766,Cifras definitivas
46,2013,7,Tlaxcala,91.96416227,69.03692524,75.0693787,89.01182498,97.44586777,Cifras definitivas
46,2013,7,Veracruz de Ignacio de la Llave,85.39821488,71.86656487,84.15464535,94.10701624,94.78481517,Cifras definitivas
46,2013,7,Yucatán,76.86907177,74.77758633,97.27915872,82.0489644,91.61101569,Cifras definitivas
46,2013,7,Zacatecas,86.80240948,64.70592277,74.54392471,82.77231073,96.14009383,Cifras definitivas
46,2013,8,Aguascalientes,84.20467257,74.88412172,88.93107643,78.9657182,83.4994452,Cifras definitivas
46,2013,8,Baja California,80.49096976,76.51228043,95.05697429,79.71896013,80.03443735,Cifras definitivas
46,2013,8,Baja California Sur,80.69922048,71.93784427,89.1431712,68.31980896,76.08382767,Cifras definitivas
46,2013,8,Campeche,70.36810879,62.42897507,88.71771054,96.63418901,110.5200773,Cifras definitivas
46,2013,8,Coahuila de Zaragoza,93.45247563,78.55511773,84.05889432,80.64045414,88.61120811,Cifras definitivas
46,2013,8,Colima,73.85534198,72.43270912,98.07375767,70.50631799,78.75293628,Cifras definitivas
46,2013,8,Chiapas,71.6374056,74.6813243,104.24906329,86.6366958,92.45448717,Cifras definitivas
46,2013,8,Chihuahua,80.93320282,74.61617718,92.19476628,80.17128886,76.64236226,Cifras definitivas
46,2013,8,Ciudad de México,92.15734351,83.71750095,90.84192074,91.73321905,93.97943302,Cifras definitivas
46,2013,8,Durango,86.77923398,75.44429311,86.93818746,78.04666136,83.17544801,Cifras definitivas
46,2013,8,Guanajuato,76.12258334,70.07764017,92.05893586,73.03310896,80.06362202,Cifras definitivas
46,2013,8,Guerrero,90.47646935,83.28689075,92.05364815,92.64919552,85.3058709,Cifras definitivas
46,2013,8,Hidalgo,81.08751818,72.80494685,89.78563962,65.02006022,92.78165117,Cifras definitivas
46,2013,8,Jalisco,93.06950812,84.48676784,90.77813942,79.48737559,86.15151885,Cifras definitivas
46,2013,8,México,92.91591822,75.28182274,81.0214484,75.67795983,80.69234163,Cifras definitivas
46,2013,8,Michoacán de Ocampo,86.74984088,75.66588503,87.22308221,70.80058934,78.41831906,Cifras definitivas
46,2013,8,Morelos,76.51023025,71.56726267,93.53946843,88.19155056,93.87543044,Cifras definitivas
46,2013,8,Nayarit,71.57884797,71.29618855,99.60510761,73.05194006,74.41783599,Cifras definitivas
46,2013,8,Nuevo León,82.57318115,76.91278752,93.1449975,84.5520256,87.23703869,Cifras definitivas
46,2013,8,Oaxaca,74.10783757,74.06794591,99.94617079,81.07861447,86.72621629,Cifras definitivas
46,2013,8,Puebla,81.96922844,78.44961746,95.70618018,85.50963255,95.76712698,Cifras definitivas
46,2013,8,Querétaro,80.03466757,70.73195123,88.37664149,78.33691041,85.50438508,Cifras definitivas
46,2013,8,Quintana Roo,75.16787584,71.46214834,95.07006489,62.41202925,69.29077984,Cifras definitivas
46,2013,8,San Luis Potosí,86.44947106,73.40587421,84.91188357,80.5991261,88.11862622,Cifras definitivas
46,2013,8,Sinaloa,84.64144337,69.90457939,82.5890682,85.13167946,89.49934645,Cifras definitivas
46,2013,8,Sonora,86.90018309,77.23304953,88.87558896,88.41096492,91.1052063,Cifras definitivas
46,2013,8,Tabasco,85.64702209,76.44187439,89.25222678,98.98370566,109.87476509,Cifras definitivas
46,2013,8,Tamaulipas,84.04392719,67.75895926,80.62326634,75.69003626,93.85370268,Cifras definitivas
46,2013,8,Tlaxcala,91.1983293,69.94730136,76.69800741,85.35016183,92.02518082,Cifras definitivas
46,2013,8,Veracruz de Ignacio de la Llave,85.62337573,73.41846974,85.7458248,89.40770451,95.87998734,Cifras definitivas
46,2013,8,Yucatán,77.74013942,77.94233484,100.2600914,80.01762129,88.00153358,Cifras definitivas
46,2013,8,Zacatecas,86.81469722,64.52751332,74.32786773,82.57860187,99.62320051,Cifras definitivas
46,2013,9,Aguascalientes,84.33373034,71.73744683,85.06376576,74.21003226,81.77489637,Cifras definitivas
46,2013,9,Baja California,80.09436377,78.22729737,97.66891662,76.16282347,76.01283759,Cifras definitivas
46,2013,9,Baja California Sur,80.51478933,70.82330283,87.96309774,61.92830453,70.47587136,Cifras definitivas
46,2013,9,Campeche,71.05162529,62.42797122,87.86283349,94.03719633,99.54349129,Cifras definitivas
46,2013,9,Coahuila de Zaragoza,93.85294248,76.76500211,81.79285602,75.98054248,85.23230225,Cifras definitivas
46,2013,9,Colima,74.1732759,74.10581959,99.90905578,64.0647434,70.48275253,Cifras definitivas
46,2013,9,Chiapas,70.89091225,74.69352853,105.36403914,79.78037948,85.62941408,Cifras definitivas
46,2013,9,Chihuahua,80.65131861,70.28400208,87.14550895,74.67515808,72.53593572,Cifras definitivas
46,2013,9,Ciudad de México,92.15716046,82.30662001,89.31115021,87.73043219,89.36384759,Cifras definitivas
46,2013,9,Durango,86.35754351,75.74057048,87.70579547,72.95775336,77.03552897,Cifras definitivas
46,2013,9,Guanajuato,75.43519268,69.33753837,91.91669817,68.53741723,78.2718202,Cifras definitivas
46,2013,9,Guerrero,91.15925462,78.92470228,86.57892455,78.57767953,85.80265057,Cifras definitivas
46,2013,9,Hidalgo,81.62902224,71.94097307,88.13161189,61.83143962,86.61724331,Cifras definitivas
46,2013,9,Jalisco,91.60030676,82.42151597,89.97951959,74.96691853,80.48333949,Cifras definitivas
46,2013,9,México,94.53682808,75.2796731,79.62999672,70.50532573,75.59970482,Cifras definitivas
46,2013,9,Michoacán de Ocampo,84.67875963,71.04058938,83.89422529,65.41278814,72.26999502,Cifras definitivas
46,2013,9,Morelos,76.74481923,70.95909313,92.46108577,83.66224539,84.01035925,Cifras definitivas
46,2013,9,Nayarit,71.93191449,70.17893288,97.56299881,65.58956627,67.66527425,Cifras definitivas
46,2013,9,Nuevo León,81.76607345,75.1586167,91.91907295,78.85442945,82.75832238,Cifras definitivas
46,2013,9,Oaxaca,73.32805118,74.079014,101.02411398,75.15946253,81.81883654,Cifras definitivas
46,2013,9,Puebla,81.03855859,76.11190268,93.92060274,78.57840488,87.91783402,Cifras definitivas
46,2013,9,Querétaro,79.92877598,68.37157711,85.54062823,72.72259223,78.71235672,Cifras definitivas
46,2013,9,Quintana Roo,74.9217801,68.88871352,91.94751303,60.11402379,63.68640598,Cifras definitivas
46,2013,9,San Luis Potosí,85.03391197,71.66335162,84.27620223,77.40274149,81.78513997,Cifras definitivas
46,2013,9,Sinaloa,83.73912769,68.06316971,81.28000803,81.69544414,83.06125076,Cifras definitivas
46,2013,9,Sonora,86.95082443,76.44553438,87.91812485,81.41807972,87.75524938,Cifras definitivas
46,2013,9,Tabasco,85.10010964,73.88112708,86.81672373,94.44934997,111.57200123,Cifras definitivas
46,2013,9,Tamaulipas,83.97343842,65.37735314,77.85480072,70.69896387,91.88629409,Cifras definitivas
46,2013,9,Tlaxcala,91.80196454,68.6726521,74.80520972,84.32696199,89.91613012,Cifras definitivas
46,2013,9,Veracruz de Ignacio de la Llave,84.96991768,72.50039651,85.32478139,84.70874325,89.45283157,Cifras definitivas
46,2013,9,Yucatán,77.97019729,73.84236398,94.7058832,74.78425773,82.32339391,Cifras definitivas
46,2013,9,Zacatecas,87.0675912,64.65577245,74.25928702,77.7125325,90.48075547,Cifras definitivas
46,2013,10,Aguascalientes,84.68597685,71.50756257,84.43849292,77.16920882,103.70560817,Cifras definitivas
46,2013,10,Baja California,81.15820598,74.83726698,92.21158363,76.92234301,82.43484936,Cifras definitivas
46,2013,10,Baja California Sur,83.15655637,72.30731023,86.95322821,67.72427018,81.64530231,Cifras definitivas
46,2013,10,Campeche,71.4061672,62.60981528,87.68124342,96.39656698,110.34686577,Cifras definitivas
46,2013,10,Coahuila de Zaragoza,93.61658758,77.80530614,83.1105984,77.62606464,92.5258662,Cifras definitivas
46,2013,10,Colima,75.69961991,72.08012928,95.21861453,68.9970295,88.34128224,Cifras definitivas
46,2013,10,Chiapas,71.10708728,72.5254582,101.99469698,83.90670773,101.76038896,Cifras definitivas
46,2013,10,Chihuahua,81.46858492,71.59315295,87.87823309,79.87447159,81.72318268,Cifras definitivas
46,2013,10,Ciudad de México,92.52821627,82.21764364,88.85683411,92.3252314,100.73188806,Cifras definitivas
46,2013,10,Durango,89.40278209,75.04743649,83.94306613,81.88844162,93.50205565,Cifras definitivas
46,2013,10,Guanajuato,75.68887649,70.46513009,93.09839617,71.41303488,84.88015761,Cifras definitivas
46,2013,10,Guerrero,91.51235465,83.03881353,90.74054957,89.60659443,101.18676293,Cifras definitivas
46,2013,10,Hidalgo,82.78439541,72.15965413,87.1657681,64.98314166,100.81118052,Cifras definitivas
46,2013,10,Jalisco,92.132125,81.86268842,88.85357677,79.06751518,94.00645347,Cifras definitivas
46,2013,10,México,94.62007459,75.8753895,80.1895262,73.28566995,89.42579967,Cifras definitivas
46,2013,10,Michoacán de Ocampo,85.14356024,73.22335373,85.99987307,70.52630656,84.91563287,Cifras definitivas
46,2013,10,Morelos,77.1531167,70.2706856,91.07951643,86.03303404,96.92611731,Cifras definitivas
46,2013,10,Nayarit,72.4619396,69.22186741,95.52858755,73.86755411,85.99705533,Cifras definitivas
46,2013,10,Nuevo León,81.98562652,76.48769371,93.29402843,82.39372618,92.95398043,Cifras definitivas
46,2013,10,Oaxaca,74.46812566,73.46163351,98.64842556,83.11316293,101.36396386,Cifras definitivas
46,2013,10,Puebla,81.6959653,79.10946487,96.83399245,81.09914102,100.25893243,Cifras definitivas
46,2013,10,Querétaro,80.51754415,69.02309804,85.7242962,77.13666316,86.10569708,Cifras definitivas
46,2013,10,Quintana Roo,76.01567517,68.99383811,90.76264594,62.27378661,74.34731119,Cifras definitivas
46,2013,10,San Luis Potosí,85.51665916,72.29913752,84.54392189,78.91777103,92.11291628,Cifras definitivas
46,2013,10,Sinaloa,85.15612778,68.31108494,80.2186369,84.0752902,98.10947289,Cifras definitivas
46,2013,10,Sonora,87.55142109,76.19870993,87.03309322,85.48290522,96.26982484,Cifras definitivas
46,2013,10,Tabasco,86.07976136,74.29892939,86.31405131,100.53468785,122.38525889,Cifras definitivas
46,2013,10,Tamaulipas,85.70777431,68.76440384,80.23123269,77.15652652,103.66674515,Cifras definitivas
46,2013,10,Tlaxcala,93.41738382,70.26280807,75.21384693,86.0708042,103.37630939,Cifras definitivas
46,2013,10,Veracruz de Ignacio de la Llave,84.90393331,71.75523806,84.51344392,89.59855719,101.98172263,Cifras definitivas
46,2013,10,Yucatán,78.40755988,74.34941907,94.82429906,78.68664287,91.34364057,Cifras definitivas
46,2013,10,Zacatecas,87.68647851,63.42168719,72.32778447,82.70347578,106.04759575,Cifras definitivas
46,2013,11,Aguascalientes,88.64453604,77.30209243,87.20457671,82.95763266,90.89706588,Cifras definitivas
46,2013,11,Baja California,82.06386566,77.77970759,94.77948298,77.59579654,81.46920261,Cifras definitivas
46,2013,11,Baja California Sur,84.23343525,72.66631221,86.26777715,72.7587769,83.45248534,Cifras definitivas
46,2013,11,Campeche,72.58958926,64.10873086,88.31670149,99.92942718,110.12304183,Cifras definitivas
46,2013,11,Coahuila de Zaragoza,93.65380922,77.28903028,82.52630718,82.40454402,92.86380613,Cifras definitivas
46,2013,11,Colima,75.57146432,76.57096839,101.32259455,74.60513542,85.33719388,Cifras definitivas
46,2013,11,Chiapas,72.67787076,80.48025757,110.73557429,87.49643008,97.51835191,Cifras definitivas
46,2013,11,Chihuahua,82.49676942,73.02039355,88.51303398,84.24269755,83.43787525,Cifras definitivas
46,2013,11,Ciudad de México,93.04537674,84.39670888,90.70489243,103.09735515,104.75569219,Cifras definitivas
46,2013,11,Durango,90.33849435,78.35154743,86.73107516,87.43955037,94.68496552,Cifras definitivas
46,2013,11,Guanajuato,77.26864034,72.44689557,93.75976496,78.42461596,87.65215858,Cifras definitivas
46,2013,11,Guerrero,92.23910745,83.93036166,90.99216588,98.37047802,114.44762967,Cifras definitivas
46,2013,11,Hidalgo,83.72228907,74.91021428,89.47463706,69.71983899,104.93622112,Cifras definitivas
46,2013,11,Jalisco,93.14528323,83.12719876,89.24466798,85.42835189,92.67280669,Cifras definitivas
46,2013,11,México,95.45317668,77.44969375,81.1389379,79.49666448,88.90551142,Cifras definitivas
46,2013,11,Michoacán de Ocampo,86.02042232,75.62688401,87.91735959,76.1984223,84.2803472,Cifras definitivas
46,2013,11,Morelos,78.982931,77.4803683,98.09761086,95.47646337,107.73589481,Cifras definitivas
46,2013,11,Nayarit,73.81219254,70.35242838,95.31274707,78.00605701,85.34623257,Cifras definitivas
46,2013,11,Nuevo León,82.92696098,77.67652177,93.66859807,88.03308218,94.6186019,Cifras definitivas
46,2013,11,Oaxaca,75.47718751,75.88934642,100.54607084,86.35605382,95.60276943,Cifras definitivas
46,2013,11,Puebla,82.98137837,79.82011875,96.19039876,88.89991649,103.17826637,Cifras definitivas
46,2013,11,Querétaro,81.03440097,71.15060213,87.80295933,82.74757052,87.00430568,Cifras definitivas
46,2013,11,Quintana Roo,77.55234938,72.29196551,93.21698967,68.68606987,77.79554969,Cifras definitivas
46,2013,11,San Luis Potosí,86.37635681,73.95515124,85.61966952,84.39745447,89.19424781,Cifras definitivas
46,2013,11,Sinaloa,87.09908955,68.56847544,78.7246753,86.48777623,97.87498021,Cifras definitivas
46,2013,11,Sonora,89.9994583,74.86572253,83.18463682,88.52494947,98.2927202,Cifras definitivas
46,2013,11,Tabasco,87.59397029,75.97203746,86.73204013,109.14510748,124.50521469,Cifras definitivas
46,2013,11,Tamaulipas,87.17638124,68.28017367,78.32416613,81.36715292,106.42644607,Cifras definitivas
46,2013,11,Tlaxcala,95.05436823,72.96022579,76.75631026,91.61429952,101.67153315,Cifras definitivas
46,2013,11,Veracruz de Ignacio de la Llave,85.46753881,73.1304467,85.56517213,95.03460443,105.33075068,Cifras definitivas
46,2013,11,Yucatán,78.89323587,76.03718779,96.37985684,85.73453854,98.9865997,Cifras definitivas
46,2013,11,Zacatecas,88.49512044,65.48489339,73.99830981,84.08889554,101.0667122,Cifras definitivas
46,2013,12,Aguascalientes,88.9837693,98.32955847,110.50280208,99.40402946,87.76578944,Cifras definitivas
46,2013,12,Baja California,82.93511735,90.08869443,108.62551029,89.0347002,85.31972212,Cifras definitivas
46,2013,12,Baja California Sur,84.39511452,87.82008028,104.05825121,85.5584688,83.34113568,Cifras definitivas
46,2013,12,Campeche,73.2524008,87.01220934,118.7841059,121.06210616,118.39507811,Cifras definitivas
46,2013,12,Coahuila de Zaragoza,92.89858003,93.06097898,100.17481317,98.60095428,97.94683624,Cifras definitivas
46,2013,12,Colima,91.42655648,109.8597074,120.16170315,100.23915636,89.71058466,Cifras definitivas
46,2013,12,Chiapas,73.14046766,108.38341368,148.18528941,108.19429884,103.47205447,Cifras definitivas
46,2013,12,Chihuahua,80.70213591,89.22764411,110.56416674,96.22484065,88.44940358,Cifras definitivas
46,2013,12,Ciudad de México,93.53562312,101.6025868,108.62448275,113.99425309,106.55126083,Cifras definitivas
46,2013,12,Durango,90.13730751,97.81731307,108.52034055,108.26553072,100.39617856,Cifras definitivas
46,2013,12,Guanajuato,77.83542049,92.4559123,118.78385408,88.37208945,88.38982211,Cifras definitivas
46,2013,12,Guerrero,93.25127052,110.96256732,118.993089,115.64262784,111.43117738,Cifras definitivas
46,2013,12,Hidalgo,83.5345907,95.10004908,113.84511288,82.41100946,107.29608373,Cifras definitivas
46,2013,12,Jalisco,93.46503444,104.90216269,112.23679884,96.77264558,94.1746153,Cifras definitivas
46,2013,12,México,95.78847368,98.13828507,102.45312541,95.59518319,88.93241199,Cifras definitivas
46,2013,12,Michoacán de Ocampo,85.66855844,96.25053582,112.35223,86.48052854,87.01424065,Cifras definitivas
46,2013,12,Morelos,83.58558768,95.1087332,113.78604355,114.2611218,114.14378793,Cifras definitivas
46,2013,12,Nayarit,76.58082838,94.12655254,122.91137943,94.45129148,83.85265942,Cifras definitivas
46,2013,12,Nuevo León,83.69798886,96.71569376,115.55318721,99.71383608,97.79454,Cifras definitivas
46,2013,12,Oaxaca,77.36157521,97.20377225,125.64864661,99.84277392,98.37104178,Cifras definitivas
46,2013,12,Puebla,83.40347855,103.21887964,123.75848278,100.03147647,102.62826395,Cifras definitivas
46,2013,12,Querétaro,82.22639021,91.71576105,111.54054169,93.37261296,90.0071889,Cifras definitivas
46,2013,12,Quintana Roo,79.48763648,91.93750796,115.66265149,82.60508415,79.77385663,Cifras definitivas
46,2013,12,San Luis Potosí,87.78506602,94.44560267,107.58732317,101.09603556,95.75838246,Cifras definitivas
46,2013,12,Sinaloa,87.20888597,87.31444744,100.1210444,105.09348688,100.24255466,Cifras definitivas
46,2013,12,Sonora,90.02256357,90.54206672,100.57708104,105.7978866,102.89911063,Cifras definitivas
46,2013,12,Tabasco,89.24858691,108.40272404,121.46155787,136.88363455,137.72291517,Cifras definitivas
46,2013,12,Tamaulipas,88.62752966,89.39124091,100.86170883,96.42924439,107.2316562,Cifras definitivas
46,2013,12,Tlaxcala,94.43084399,97.58419479,103.3393229,104.61209009,100.89654237,Cifras definitivas
46,2013,12,Veracruz de Ignacio de la Llave,86.83525096,89.6527263,103.24462164,113.71398217,106.3377934,Cifras definitivas
46,2013,12,Yucatán,79.85604725,98.70274076,123.60083445,102.26551198,105.41638826,Cifras definitivas
46,2013,12,Zacatecas,88.72876873,85.02770911,95.82879412,108.70647265,100.51927076,Cifras definitivas
46,2014,1,Aguascalientes,87.69459176,78.67869286,89.71897956,82.40202257,80.39833573,Cifras definitivas
46,2014,1,Baja California,83.13339539,77.36787376,93.06473457,71.45944671,72.45148373,Cifras definitivas
46,2014,1,Baja California Sur,83.72278759,72.51234441,86.61004548,64.39656099,68.53512408,Cifras definitivas
46,2014,1,Campeche,73.72417741,71.28092433,96.6859541,96.47328062,100.41023476,Cifras definitivas
46,2014,1,Coahuila de Zaragoza,92.18804237,76.5449524,83.03132427,74.09752101,78.98455977,Cifras definitivas
46,2014,1,Colima,90.48793474,91.72368534,101.36565234,81.99350881,75.38083477,Cifras definitivas
46,2014,1,Chiapas,71.71008844,80.30100856,111.98007185,87.28038502,90.5427788,Cifras definitivas
46,2014,1,Chihuahua,79.45141314,71.34294421,89.79443082,75.02571686,71.91347408,Cifras definitivas
46,2014,1,Ciudad de México,91.52413479,83.78321716,91.54221163,90.93754979,89.39194063,Cifras definitivas
46,2014,1,Durango,88.00132907,77.96377478,88.59386057,81.04713411,86.29591255,Cifras definitivas
46,2014,1,Guanajuato,75.62673366,73.77731089,97.55453835,75.05028936,75.45844002,Cifras definitivas
46,2014,1,Guerrero,91.58018674,88.40706838,96.53514753,98.20741292,98.24662922,Cifras definitivas
46,2014,1,Hidalgo,83.48998201,78.59677261,94.13916582,68.05660678,94.24781063,Cifras definitivas
46,2014,1,Jalisco,92.08888604,84.40482998,91.6558269,77.99023798,77.99196477,Cifras definitivas
46,2014,1,México,95.61356264,79.83950494,83.50228015,76.37221673,79.19129128,Cifras definitivas
46,2014,1,Michoacán de Ocampo,84.76963235,77.13314373,90.99148078,76.90877221,80.73270324,Cifras definitivas
46,2014,1,Morelos,82.07475054,77.23222209,94.09985602,94.92685241,92.32297372,Cifras definitivas
46,2014,1,Nayarit,75.65538242,71.64897944,94.70440456,78.31420019,74.69171339,Cifras definitivas
46,2014,1,Nuevo León,82.92422601,77.82803532,93.85440066,80.28051519,82.05911542,Cifras definitivas
46,2014,1,Oaxaca,75.91915843,77.22416256,101.71893914,82.58691306,86.0345655,Cifras definitivas
46,2014,1,Puebla,81.8103085,79.35596044,96.99995257,83.65079423,89.82819505,Cifras definitivas
46,2014,1,Querétaro,81.97054293,74.27519928,90.61206212,81.34353965,80.17563888,Cifras definitivas
46,2014,1,Quintana Roo,77.85505079,73.31906685,94.17380903,66.00277086,68.52005702,Cifras definitivas
46,2014,1,San Luis Potosí,84.97556436,76.18049403,89.649883,80.96398672,80.10505959,Cifras definitivas
46,2014,1,Sinaloa,86.34800656,70.01620188,81.08606634,84.5992013,89.33548891,Cifras definitivas
46,2014,1,Sonora,87.90713767,76.31794523,86.81655125,83.1566364,86.09524046,Cifras definitivas
46,2014,1,Tabasco,87.13617386,80.39029915,92.25823856,104.07087271,109.25050183,Cifras definitivas
46,2014,1,Tamaulipas,85.42016884,69.81218575,81.72798848,76.37895971,94.19715308,Cifras definitivas
46,2014,1,Tlaxcala,94.58598923,80.15029312,84.73801857,90.78683576,91.83344835,Cifras definitivas
46,2014,1,Veracruz de Ignacio de la Llave,85.80948526,76.84505184,89.55309731,90.07675136,86.61448867,Cifras definitivas
46,2014,1,Yucatán,78.61242038,77.31665058,98.35169838,80.35006519,92.05522844,Cifras definitivas
46,2014,1,Zacatecas,87.70454264,70.16459453,80.00109506,76.99233266,81.96212004,Cifras definitivas
46,2014,2,Aguascalientes,85.8813994,72.70090519,84.65267881,72.65927352,75.45166256,Cifras definitivas
46,2014,2,Baja California,82.47045178,73.58359569,89.22419376,67.05001088,68.23737814,Cifras definitivas
46,2014,2,Baja California Sur,84.10229837,69.95879576,83.1829773,61.59179916,68.66078676,Cifras definitivas
46,2014,2,Campeche,73.74261024,67.46736367,91.49033842,88.46280754,95.3210685,Cifras definitivas
46,2014,2,Coahuila de Zaragoza,91.71867788,73.61766338,80.26463647,68.5358469,77.61567579,Cifras definitivas
46,2014,2,Colima,89.12280951,88.27948225,99.053747,71.43184747,72.30128257,Cifras definitivas
46,2014,2,Chiapas,71.98307478,70.33038539,97.70405836,78.95978796,81.9289568,Cifras definitivas
46,2014,2,Chihuahua,79.87793679,68.33827145,85.55337581,67.88923956,67.99034143,Cifras definitivas
46,2014,2,Ciudad de México,92.50861181,80.5065619,87.02601879,83.29397382,84.1599605,Cifras definitivas
46,2014,2,Durango,87.32832791,73.45378542,84.11220869,74.72047619,81.9865505,Cifras definitivas
46,2014,2,Guanajuato,74.73133377,72.70178225,97.28420273,65.96892809,70.6801899,Cifras definitivas
46,2014,2,Guerrero,90.79558376,79.66287332,87.73870933,90.47289843,94.33894684,Cifras definitivas
46,2014,2,Hidalgo,83.4771882,73.37278918,87.89561647,61.11681598,84.53303835,Cifras definitivas
46,2014,2,Jalisco,91.84189367,82.85729093,90.21731545,71.83758644,75.79597474,Cifras definitivas
46,2014,2,México,95.39933578,76.2364486,79.91297631,66.95808629,72.85685831,Cifras definitivas
46,2014,2,Michoacán de Ocampo,85.10716683,72.2692598,84.91559817,67.63971689,75.86358913,Cifras definitivas
46,2014,2,Morelos,81.57865773,74.73656332,91.61288675,82.87292484,84.05465893,Cifras definitivas
46,2014,2,Nayarit,76.10771623,69.18882311,90.909078,71.54400387,70.22202493,Cifras definitivas
46,2014,2,Nuevo León,82.99524191,75.79434927,91.32372836,76.00555868,78.56871548,Cifras definitivas
46,2014,2,Oaxaca,75.43023797,72.30855751,95.86149992,72.56053137,81.98766191,Cifras definitivas
46,2014,2,Puebla,81.65674986,77.10884183,94.43045671,72.28203206,85.41654373,Cifras definitivas
46,2014,2,Querétaro,83.28091931,71.94463456,86.38789672,71.47589466,74.64192127,Cifras definitivas
46,2014,2,Quintana Roo,77.56587354,69.84893694,90.05111881,61.78145478,68.0817714,Cifras definitivas
46,2014,2,San Luis Potosí,85.17797194,73.26899318,86.0187106,73.32002337,77.04750693,Cifras definitivas
46,2014,2,Sinaloa,85.7592791,68.29065204,79.63062745,71.98218516,81.56139763,Cifras definitivas
46,2014,2,Sonora,86.09934545,74.05021556,86.00554995,76.5883746,83.90718208,Cifras definitivas
46,2014,2,Tabasco,88.2932193,77.57846547,87.86457905,95.18978111,108.37325676,Cifras definitivas
46,2014,2,Tamaulipas,85.87400391,68.32067509,79.55920532,68.03196626,88.61123684,Cifras definitivas
46,2014,2,Tlaxcala,91.52205316,71.53717883,78.16387019,80.28421544,84.60319163,Cifras definitivas
46,2014,2,Veracruz de Ignacio de la Llave,84.75591499,74.09371521,87.42011129,81.41061519,84.68733303,Cifras definitivas
46,2014,2,Yucatán,77.9313248,74.62437523,95.75658494,70.3128453,79.2963263,Cifras definitivas
46,2014,2,Zacatecas,86.31879015,66.50288914,77.04335177,71.00816443,77.7753438,Cifras definitivas
46,2014,3,Aguascalientes,86.33497492,75.8862135,87.89741767,80.43745945,79.27829294,Cifras definitivas
46,2014,3,Baja California,82.66825463,74.35879528,89.94842774,72.46179566,75.21282205,Cifras definitivas
46,2014,3,Baja California Sur,82.58735773,72.61075096,87.91993467,67.93398511,74.51194394,Cifras definitivas
46,2014,3,Campeche,73.14291207,70.38431391,96.22848191,94.89217636,99.01695189,Cifras definitivas
46,2014,3,Coahuila de Zaragoza,92.36119027,75.13346224,81.34743827,73.30153635,83.35588656,Cifras definitivas
46,2014,3,Colima,89.33519062,91.96354806,102.94213,78.12743056,75.47506074,Cifras definitivas
46,2014,3,Chiapas,71.72661772,74.45088121,103.79812067,83.50595568,90.53382275,Cifras definitivas
46,2014,3,Chihuahua,80.3645546,69.73543699,86.77387355,72.73371444,73.34814641,Cifras definitivas
46,2014,3,Ciudad de México,92.16406977,82.04212329,89.01747014,89.67791566,94.37128361,Cifras definitivas
46,2014,3,Durango,87.70294376,75.39158785,85.96243708,79.33458191,85.25724313,Cifras definitivas
46,2014,3,Guanajuato,74.60550767,73.93255487,99.09798509,70.86147903,76.28456872,Cifras definitivas
46,2014,3,Guerrero,90.64031821,83.05689812,91.63350235,96.04010614,100.441876,Cifras definitivas
46,2014,3,Hidalgo,84.53024329,77.59290349,91.79306775,65.69646168,94.87802552,Cifras definitivas
46,2014,3,Jalisco,92.16282305,82.96969167,90.02511959,76.66590186,82.07524317,Cifras definitivas
46,2014,3,México,95.46105438,80.53475697,84.36399272,71.37705354,76.65910598,Cifras definitivas
46,2014,3,Michoacán de Ocampo,86.62781602,75.49579849,87.14960386,83.09574063,82.84316026,Cifras definitivas
46,2014,3,Morelos,81.21611472,75.76874995,93.2927538,91.44204444,91.0823108,Cifras definitivas
46,2014,3,Nayarit,74.94880428,70.27923075,93.76964906,73.17730471,73.38407856,Cifras definitivas
46,2014,3,Nuevo León,82.89890596,78.01000982,94.10258063,82.92856624,86.15979124,Cifras definitivas
46,2014,3,Oaxaca,75.79376135,76.92889668,101.49766328,77.76282717,83.44621099,Cifras definitivas
46,2014,3,Puebla,81.58372531,77.71662796,95.25996474,81.33071058,91.17330234,Cifras definitivas
46,2014,3,Querétaro,84.38983138,76.86000302,91.0773274,76.96965183,80.08578685,Cifras definitivas
46,2014,3,Quintana Roo,77.24659591,72.84445569,94.30118549,66.53463271,72.32820427,Cifras definitivas
46,2014,3,San Luis Potosí,86.21661109,72.94331411,84.60471038,77.92281248,81.09903924,Cifras definitivas
46,2014,3,Sinaloa,87.48271052,71.20561281,81.39392617,81.8471238,92.13929832,Cifras definitivas
46,2014,3,Sonora,87.26309928,75.50117633,86.52130964,82.19803895,89.43927462,Cifras definitivas
46,2014,3,Tabasco,88.2670996,80.65861326,91.38015594,102.87124677,116.59910653,Cifras definitivas
46,2014,3,Tamaulipas,85.96047556,69.13784264,80.42980473,73.67646909,94.32818254,Cifras definitivas
46,2014,3,Tlaxcala,92.47791821,74.43215706,80.4864107,82.53709575,85.76300764,Cifras definitivas
46,2014,3,Veracruz de Ignacio de la Llave,84.72470741,77.85912816,91.89660318,85.72852171,90.22357145,Cifras definitivas
46,2014,3,Yucatán,78.45638779,76.8049556,97.89509531,75.76836271,84.81445089,Cifras definitivas
46,2014,3,Zacatecas,86.51728066,67.33774291,77.83155272,76.31792827,93.06971251,Cifras definitivas
46,2014,4,Aguascalientes,86.72651999,74.009563,85.33671478,76.58451353,79.377592,Cifras definitivas
46,2014,4,Baja California,82.86493071,76.41172319,92.21237807,72.62256653,75.37586538,Cifras definitivas
46,2014,4,Baja California Sur,83.68161673,72.30179545,86.40104993,68.84838984,75.17526707,Cifras definitivas
46,2014,4,Campeche,73.82505756,70.05113306,94.88801685,95.13859633,102.46571186,Cifras definitivas
46,2014,4,Coahuila de Zaragoza,92.04374135,73.97624268,80.37074721,72.95629586,80.71258641,Cifras definitivas
46,2014,4,Colima,88.48427405,89.12141638,100.72006279,79.62627148,77.75826193,Cifras definitivas
46,2014,4,Chiapas,71.83548309,75.05627227,104.48356305,85.52509215,94.49188465,Cifras definitivas
46,2014,4,Chihuahua,80.1634602,68.75068198,85.76311677,72.41443064,72.96649001,Cifras definitivas
46,2014,4,Ciudad de México,92.22231836,80.12904835,86.88682932,84.98007416,88.96939741,Cifras definitivas
46,2014,4,Durango,88.46945904,76.59021997,86.57249722,79.12958225,85.72184511,Cifras definitivas
46,2014,4,Guanajuato,79.26711806,74.92842661,94.52649275,70.20693348,78.68255479,Cifras definitivas
46,2014,4,Guerrero,91.1600891,81.44859326,89.34676794,107.734546,104.68391054,Cifras definitivas
46,2014,4,Hidalgo,85.29581296,77.3382626,90.67064363,66.74211106,91.13016444,Cifras definitivas
46,2014,4,Jalisco,92.37042922,83.18609803,90.05706559,74.82011343,80.21452489,Cifras definitivas
46,2014,4,México,93.42590339,76.54339533,81.92952121,70.02870488,77.7430906,Cifras definitivas
46,2014,4,Michoacán de Ocampo,86.55074693,75.43744418,87.15978412,73.86327728,78.93766928,Cifras definitivas
46,2014,4,Morelos,80.55836451,75.40026444,93.59706456,90.20489948,93.53056503,Cifras definitivas
46,2014,4,Nayarit,75.1033065,68.55531829,91.28135828,73.61534883,75.60062564,Cifras definitivas
46,2014,4,Nuevo León,82.2946186,77.54631064,94.23011123,83.09215777,82.53494813,Cifras definitivas
46,2014,4,Oaxaca,76.8090084,74.04285951,96.39866606,80.82203234,87.9208576,Cifras definitivas
46,2014,4,Puebla,82.06912862,77.09413933,93.93805031,80.37520961,89.39244412,Cifras definitivas
46,2014,4,Querétaro,84.10373574,74.5657991,88.65931869,78.11941204,78.89023644,Cifras definitivas
46,2014,4,Quintana Roo,77.82473644,71.63909562,92.05183197,66.57197621,73.07307037,Cifras definitivas
46,2014,4,San Luis Potosí,86.84994653,72.84197415,83.8710639,77.5383004,81.09041586,Cifras definitivas
46,2014,4,Sinaloa,88.30074771,69.56636116,78.78343385,82.70658342,90.7617644,Cifras definitivas
46,2014,4,Sonora,87.11362518,73.91959323,84.85422697,83.79243461,91.00911039,Cifras definitivas
46,2014,4,Tabasco,88.79118486,78.59901481,88.52119153,98.38090943,111.23765206,Cifras definitivas
46,2014,4,Tamaulipas,86.97088181,68.34937627,78.58880449,74.00995783,94.05270642,Cifras definitivas
46,2014,4,Tlaxcala,92.3736807,70.7324681,76.57210102,86.82004561,89.07912701,Cifras definitivas
46,2014,4,Veracruz de Ignacio de la Llave,84.88734533,75.57975955,89.03536712,86.59146136,91.07390489,Cifras definitivas
46,2014,4,Yucatán,79.06171079,77.39493896,97.89180905,75.80756624,84.67014679,Cifras definitivas
46,2014,4,Zacatecas,87.54130493,69.09394251,78.92724762,76.76004646,89.51486292,Cifras definitivas
46,2014,5,Aguascalientes,87.08326464,87.83558616,100.86391056,81.53528164,85.6240381,Cifras definitivas
46,2014,5,Baja California,82.84427823,83.88879672,101.26082152,78.0416944,79.37189358,Cifras definitivas
46,2014,5,Baja California Sur,82.84638274,82.75535464,99.89012423,70.56106175,76.36092238,Cifras definitivas
46,2014,5,Campeche,74.39121893,79.23471176,106.51083945,99.52667652,104.77573864,Cifras definitivas
46,2014,5,Coahuila de Zaragoza,91.63201416,85.09440377,92.86536431,79.40303449,86.49375107,Cifras definitivas
46,2014,5,Colima,89.06991749,98.69663541,110.8080463,82.84816246,78.17272741,Cifras definitivas
46,2014,5,Chiapas,72.08132917,86.40921628,119.87739027,87.37460144,94.24559784,Cifras definitivas
46,2014,5,Chihuahua,79.90234925,79.88567739,99.97913471,78.71938316,77.10416739,Cifras definitivas
46,2014,5,Ciudad de México,92.59287149,86.66129259,93.59391408,90.45537626,93.47417856,Cifras definitivas
46,2014,5,Durango,88.16406666,87.28239279,98.99996234,84.53102844,88.47623117,Cifras definitivas
46,2014,5,Guanajuato,79.23106348,84.08137271,106.12172678,74.35728259,80.99365681,Cifras definitivas
46,2014,5,Guerrero,90.9914295,92.58414336,101.75039987,111.91648308,103.09110116,Cifras definitivas
46,2014,5,Hidalgo,84.72424608,82.40375869,97.26112949,72.0204735,100.10471049,Cifras definitivas
46,2014,5,Jalisco,91.60443778,91.66310471,100.06404376,80.19068236,84.42821163,Cifras definitivas
46,2014,5,México,98.1796415,86.28934007,87.88923931,74.76003332,80.38932281,Cifras definitivas
46,2014,5,Michoacán de Ocampo,86.01451883,83.11291903,96.62661625,81.44517774,83.52276585,Cifras definitivas
46,2014,5,Morelos,82.14866673,79.63315404,96.9378533,93.17714954,92.41569641,Cifras definitivas
46,2014,5,Nayarit,75.44922855,81.54454792,108.07870337,81.35945184,79.129994,Cifras definitivas
46,2014,5,Nuevo León,82.39494009,85.63707888,103.93487608,89.67009133,87.63359313,Cifras definitivas
46,2014,5,Oaxaca,77.78244434,83.85543645,107.80766426,83.60397426,88.3351329,Cifras definitivas
46,2014,5,Puebla,82.15986269,84.32658167,102.63719888,85.01304393,92.96506207,Cifras definitivas
46,2014,5,Querétaro,84.80638496,81.03801926,95.55650709,83.74436487,83.01667077,Cifras definitivas
46,2014,5,Quintana Roo,78.00416033,79.55973393,101.99421876,66.50518854,72.52891951,Cifras definitivas
46,2014,5,San Luis Potosí,87.04147925,84.79424563,97.41820378,80.3196384,83.77767934,Cifras definitivas
46,2014,5,Sinaloa,87.4317532,81.28904631,92.97428375,86.01422753,90.71673093,Cifras definitivas
46,2014,5,Sonora,87.54237921,83.20903029,95.04999869,87.35237095,92.71767818,Cifras definitivas
46,2014,5,Tabasco,89.12018603,85.72109832,96.18595084,101.88989866,112.6337608,Cifras definitivas
46,2014,5,Tamaulipas,87.23144787,79.39809736,91.02003841,78.87158596,97.61318183,Cifras definitivas
46,2014,5,Tlaxcala,91.98301573,75.36910969,81.93807204,89.4255138,93.1013087,Cifras definitivas
46,2014,5,Veracruz de Ignacio de la Llave,84.98825814,82.85914075,97.49480995,89.67000894,91.36616707,Cifras definitivas
46,2014,5,Yucatán,80.30005591,81.53293308,101.53533787,80.35984874,88.40359046,Cifras definitivas
46,2014,5,Zacatecas,89.00034054,76.58603824,86.0513991,79.28362887,91.63087184,Cifras definitivas
46,2014,6,Aguascalientes,87.32203719,74.42989734,85.23609817,84.88596822,77.44696562,Cifras definitivas
46,2014,6,Baja California,83.89918697,78.29628357,93.3218621,75.00456467,77.49997138,Cifras definitivas
46,2014,6,Baja California Sur,83.31520682,74.72503649,89.68955289,68.32181125,73.37594528,Cifras definitivas
46,2014,6,Campeche,77.3879988,72.09352357,93.15853193,98.27053753,106.10947902,Cifras definitivas
46,2014,6,Coahuila de Zaragoza,92.52298979,77.59267268,83.86312727,78.58226571,84.99255554,Cifras definitivas
46,2014,6,Colima,88.62929596,88.11297263,99.41743492,80.2911129,76.36109249,Cifras definitivas
46,2014,6,Chiapas,72.07004376,73.76221116,102.34794835,86.08179241,92.7574618,Cifras definitivas
46,2014,6,Chihuahua,80.16069019,72.10063264,89.94512456,77.20737696,74.98032947,Cifras definitivas
46,2014,6,Ciudad de México,92.85322615,83.8795391,90.33562169,91.4707505,97.07103573,Cifras definitivas
46,2014,6,Durango,89.02067286,75.7942269,85.14227591,80.8473488,87.84896036,Cifras definitivas
46,2014,6,Guanajuato,81.24756929,76.6680117,94.3634528,73.51886406,80.86476771,Cifras definitivas
46,2014,6,Guerrero,91.55798462,83.38477392,91.07318632,99.98656443,101.83016505,Cifras definitivas
46,2014,6,Hidalgo,85.03714385,76.74707343,90.25123605,67.67257585,97.09516571,Cifras definitivas
46,2014,6,Jalisco,92.36896812,83.73069066,90.64807409,77.22249968,83.41995885,Cifras definitivas
46,2014,6,México,97.64738778,79.03328107,80.93742482,74.66981552,82.65944386,Cifras definitivas
46,2014,6,Michoacán de Ocampo,86.92849731,76.99863386,88.57697561,79.49872536,86.95260608,Cifras definitivas
46,2014,6,Morelos,82.64666075,78.08660336,94.48246626,89.005813,95.34105015,Cifras definitivas
46,2014,6,Nayarit,77.05492419,73.55136745,95.45316957,77.91873013,79.94071454,Cifras definitivas
46,2014,6,Nuevo León,82.66899862,78.8036604,95.32431953,85.73874962,88.79379188,Cifras definitivas
46,2014,6,Oaxaca,77.88674302,77.9258158,100.05016615,81.0123939,88.42279254,Cifras definitivas
46,2014,6,Puebla,83.13107104,77.90189339,93.70971938,84.15633436,91.42563058,Cifras definitivas
46,2014,6,Querétaro,85.30449785,84.35228931,98.88375342,80.26512126,80.71834183,Cifras definitivas
46,2014,6,Quintana Roo,79.52947771,73.30802084,92.17716871,64.35659338,70.60041048,Cifras definitivas
46,2014,6,San Luis Potosí,87.83132047,76.02430389,86.55716831,77.92510539,80.95056873,Cifras definitivas
46,2014,6,Sinaloa,87.97867596,74.51718584,84.69914445,88.89214291,101.4993901,Cifras definitivas
46,2014,6,Sonora,88.06768455,78.26672315,88.87110357,85.45943246,91.79052503,Cifras definitivas
46,2014,6,Tabasco,89.04380061,79.97216178,89.81216124,100.91534817,110.87499474,Cifras definitivas
46,2014,6,Tamaulipas,87.29674734,72.95475131,83.57098464,83.18265828,98.72940264,Cifras definitivas
46,2014,6,Tlaxcala,91.6282254,72.80926199,79.46160877,84.71688511,87.45025087,Cifras definitivas
46,2014,6,Veracruz de Ignacio de la Llave,86.05719451,75.65157437,87.90848319,85.69471118,90.25965503,Cifras definitivas
46,2014,6,Yucatán,81.2129373,75.12767335,92.5070264,78.08611303,85.34361514,Cifras definitivas
46,2014,6,Zacatecas,87.99795992,67.34130477,76.52598405,84.30151626,96.75319927,Cifras definitivas
46,2014,7,Aguascalientes,88.20367875,80.17768567,90.90061413,83.89035524,82.08326669,Cifras definitivas
46,2014,7,Baja California,85.59732369,81.19279907,94.85436643,77.73496096,82.06386823,Cifras definitivas
46,2014,7,Baja California Sur,84.58943963,77.65333767,91.80027437,73.58787982,78.21812333,Cifras definitivas
46,2014,7,Campeche,77.07644675,73.6990945,95.61817858,104.36931189,113.87622004,Cifras definitivas
46,2014,7,Coahuila de Zaragoza,92.79622816,78.77427548,84.88952304,79.63144376,87.95151479,Cifras definitivas
46,2014,7,Colima,89.6486782,91.55099821,102.12197218,85.0178152,80.27116562,Cifras definitivas
46,2014,7,Chiapas,75.25394902,79.79064146,106.02851079,92.06643374,102.2816379,Cifras definitivas
46,2014,7,Chihuahua,80.48337294,71.70517164,89.09314933,78.28700474,76.96054381,Cifras definitivas
46,2014,7,Ciudad de México,93.44377677,83.93553615,89.82464007,95.76231723,95.62210361,Cifras definitivas
46,2014,7,Durango,89.15299069,78.52520314,88.07915756,85.14982957,92.09592275,Cifras definitivas
46,2014,7,Guanajuato,81.68149965,75.29634719,92.18286578,77.26907843,84.15228557,Cifras definitivas
46,2014,7,Guerrero,93.26044073,86.90974357,93.19036334,107.47836975,108.53046693,Cifras definitivas
46,2014,7,Hidalgo,85.98490716,76.37749329,88.82662762,71.57372533,103.87387431,Cifras definitivas
46,2014,7,Jalisco,93.28926889,81.10743531,86.94187046,80.10074661,87.29643304,Cifras definitivas
46,2014,7,México,97.01855312,79.48092298,81.92342642,81.09678973,90.80233326,Cifras definitivas
46,2014,7,Michoacán de Ocampo,87.38045585,76.68332036,87.75797701,78.75869289,86.39105655,Cifras definitivas
46,2014,7,Morelos,82.73779434,77.81754098,94.05319733,100.47985825,102.38599975,Cifras definitivas
46,2014,7,Nayarit,77.37587708,75.60160784,97.70694782,80.45640551,81.42385472,Cifras definitivas
46,2014,7,Nuevo León,83.4199371,79.55076611,95.36181502,86.79657585,89.32957847,Cifras definitivas
46,2014,7,Oaxaca,78.31229635,78.84607175,100.68159845,84.39276684,92.40429093,Cifras definitivas
46,2014,7,Puebla,83.04709634,77.3958346,93.19511218,84.4709631,95.15523801,Cifras definitivas
46,2014,7,Querétaro,85.8826961,73.96631359,86.12481553,83.40629294,84.62481435,Cifras definitivas
46,2014,7,Quintana Roo,79.61202445,75.11042038,94.34557267,70.99846973,74.99208026,Cifras definitivas
46,2014,7,San Luis Potosí,88.46734056,75.34082747,85.16230622,84.55780524,89.24288033,Cifras definitivas
46,2014,7,Sinaloa,89.40041842,76.65933167,85.74829181,91.20232927,101.27923809,Cifras definitivas
46,2014,7,Sonora,88.6094499,79.25629337,89.44451575,85.88019368,91.25640712,Cifras definitivas
46,2014,7,Tabasco,95.91264677,80.47901425,83.90865747,104.84649708,117.79701352,Cifras definitivas
46,2014,7,Tamaulipas,87.332847,70.06733022,80.23021421,82.90021499,102.57756769,Cifras definitivas
46,2014,7,Tlaxcala,93.09753537,71.90883094,77.24031646,90.4621856,94.88600712,Cifras definitivas
46,2014,7,Veracruz de Ignacio de la Llave,86.33455973,75.77037543,87.76366691,91.35525605,93.69555768,Cifras definitivas
46,2014,7,Yucatán,80.81257564,75.36421443,93.25802802,82.80381736,90.85965961,Cifras definitivas
46,2014,7,Zacatecas,88.46647096,69.71607377,78.80508063,84.54003767,96.8594669,Cifras definitivas
46,2014,8,Aguascalientes,89.57092385,77.89613692,86.96587416,83.05325495,80.41550153,Cifras definitivas
46,2014,8,Baja California,85.6829527,80.79047486,94.29002189,79.53803893,81.36743831,Cifras definitivas
46,2014,8,Baja California Sur,84.61843556,77.75154629,91.88487801,72.24642513,76.82951548,Cifras definitivas
46,2014,8,Campeche,76.58126152,71.72409143,93.65749533,101.87028599,106.72848836,Cifras definitivas
46,2014,8,Coahuila de Zaragoza,92.73640505,79.20101551,85.40444874,82.58862204,86.4544383,Cifras definitivas
46,2014,8,Colima,89.04096624,91.15407788,102.37319037,85.5264763,76.99782947,Cifras definitivas
46,2014,8,Chiapas,77.58038155,76.68404634,98.84463676,92.54295972,103.43461695,Cifras definitivas
46,2014,8,Chihuahua,80.72035575,74.44461497,92.22533062,81.98519704,76.9256021,Cifras definitivas
46,2014,8,Ciudad de México,93.55448372,84.71452537,90.55100515,93.4239862,98.57516553,Cifras definitivas
46,2014,8,Durango,89.08920718,78.13813839,87.70774919,84.95886965,87.36931858,Cifras definitivas
46,2014,8,Guanajuato,81.7059269,76.55176877,93.69181854,77.07394989,81.5438048,Cifras definitivas
46,2014,8,Guerrero,93.10358928,85.04248282,91.34178766,104.20331159,102.08332182,Cifras definitivas
46,2014,8,Hidalgo,85.78447947,78.68369885,91.72253458,70.94451889,99.95971442,Cifras definitivas
46,2014,8,Jalisco,93.3811907,83.44059089,89.35481574,81.58482012,86.98305864,Cifras definitivas
46,2014,8,México,96.93228079,79.26669611,81.77533373,78.98155663,85.60926171,Cifras definitivas
46,2014,8,Michoacán de Ocampo,87.88729185,78.45093791,89.263119,72.76110713,84.56446118,Cifras definitivas
46,2014,8,Morelos,83.81255973,77.23662988,92.15400428,96.50057107,99.54111199,Cifras definitivas
46,2014,8,Nayarit,76.75651851,76.4487421,99.59902245,80.2894153,79.67038544,Cifras definitivas
46,2014,8,Nuevo León,82.81727834,79.9779599,96.57158688,88.60995919,89.69549016,Cifras definitivas
46,2014,8,Oaxaca,78.73240032,78.43495192,99.62220331,87.55673485,90.30738534,Cifras definitivas
46,2014,8,Puebla,83.66849995,79.5563438,95.08518002,85.6484551,94.551423,Cifras definitivas
46,2014,8,Querétaro,86.4855165,76.79361771,88.79361634,83.00755904,80.19324241,Cifras definitivas
46,2014,8,Quintana Roo,79.76150162,75.11773341,94.17793282,69.53147567,74.11339855,Cifras definitivas
46,2014,8,San Luis Potosí,89.22540189,77.39135532,86.73690864,82.02328427,83.79880882,Cifras definitivas
46,2014,8,Sinaloa,86.05815024,74.25984615,86.29031178,92.62422601,88.37990518,Cifras definitivas
46,2014,8,Sonora,88.33439226,79.08049719,89.52401796,86.82626444,91.08611337,Cifras definitivas
46,2014,8,Tabasco,96.63192105,82.25325183,85.12016623,106.81305133,114.58337385,Cifras definitivas
46,2014,8,Tamaulipas,87.30642764,72.45575954,82.99017781,82.23328419,99.33714648,Cifras definitivas
46,2014,8,Tlaxcala,93.56524587,73.08435786,78.11058174,88.98765665,93.42240031,Cifras definitivas
46,2014,8,Veracruz de Ignacio de la Llave,85.99194046,76.83640399,89.35302957,90.87612297,92.25691861,Cifras definitivas
46,2014,8,Yucatán,81.09179197,80.20428382,98.90555119,82.20433244,87.46851044,Cifras definitivas
46,2014,8,Zacatecas,89.68592231,68.41453111,76.28235218,83.28833588,96.48030697,Cifras definitivas
46,2014,9,Aguascalientes,88.28862981,75.83257969,85.89167128,78.80692206,89.76448922,Cifras definitivas
46,2014,9,Baja California,84.984614,80.36412286,94.56314394,75.00085382,77.80009851,Cifras definitivas
46,2014,9,Baja California Sur,80.04298787,74.32982461,92.86238131,59.96266873,61.66651192,Cifras definitivas
46,2014,9,Campeche,83.11389279,71.25943041,85.73708681,99.46976491,107.39515554,Cifras definitivas
46,2014,9,Coahuila de Zaragoza,92.75578393,77.90331745,83.98755759,77.59988312,88.13839962,Cifras definitivas
46,2014,9,Colima,90.456116,92.69684675,102.47714676,78.37223497,78.63940959,Cifras definitivas
46,2014,9,Chiapas,79.83258462,77.6566551,97.27438422,85.18972784,97.44074522,Cifras definitivas
46,2014,9,Chihuahua,82.2446079,73.25774272,89.0730038,77.1752818,77.80714496,Cifras definitivas
46,2014,9,Ciudad de México,93.54725566,83.24101965,88.98285584,91.48095434,93.40130694,Cifras definitivas
46,2014,9,Durango,88.42404278,77.22268648,87.33222781,78.64331921,85.0249336,Cifras definitivas
46,2014,9,Guanajuato,81.48925832,75.89146163,93.13063242,71.99230007,80.39485289,Cifras definitivas
46,2014,9,Guerrero,92.27662976,83.4526316,90.43745076,99.61261627,89.92108659,Cifras definitivas
46,2014,9,Hidalgo,84.92834231,75.43212949,88.81855861,66.82711316,99.1743568,Cifras definitivas
46,2014,9,Jalisco,92.87115903,81.63209206,87.8982161,75.57085489,84.80886194,Cifras definitivas
46,2014,9,México,96.94427998,79.17530852,81.6709439,73.22101875,80.33020627,Cifras definitivas
46,2014,9,Michoacán de Ocampo,87.05890067,76.09827362,87.41010171,72.15607343,81.13585841,Cifras definitivas
46,2014,9,Morelos,84.14435616,76.7993202,91.27091074,92.02900332,91.90870569,Cifras definitivas
46,2014,9,Nayarit,78.55081337,74.38101136,94.69158646,73.45868464,72.10801666,Cifras definitivas
46,2014,9,Nuevo León,83.05829151,78.27668621,94.24307289,83.91090037,90.75737323,Cifras definitivas
46,2014,9,Oaxaca,78.94792567,76.33852435,96.69478166,79.64413448,88.40694328,Cifras definitivas
46,2014,9,Puebla,84.49831321,76.44345957,90.46743854,78.03304131,90.78154281,Cifras definitivas
46,2014,9,Querétaro,85.66836384,74.92939566,87.46448782,81.57306544,81.64028982,Cifras definitivas
46,2014,9,Quintana Roo,79.54506967,73.18754787,92.00764821,61.94057144,69.69865759,Cifras definitivas
46,2014,9,San Luis Potosí,88.62434355,74.10924739,83.621773,77.32407248,84.81227092,Cifras definitivas
46,2014,9,Sinaloa,87.71905378,75.62588487,86.21374902,84.87612479,90.0494956,Cifras definitivas
46,2014,9,Sonora,88.10647388,77.07740315,87.48211085,79.73936111,89.89067742,Cifras definitivas
46,2014,9,Tabasco,96.28894694,79.07899944,82.12676735,97.63355739,109.79501077,Cifras definitivas
46,2014,9,Tamaulipas,87.13936765,71.12865845,81.62631927,75.15295177,100.33924829,Cifras definitivas
46,2014,9,Tlaxcala,93.71726625,70.40628846,75.12627211,84.8524662,96.12391206,Cifras definitivas
46,2014,9,Veracruz de Ignacio de la Llave,86.48613451,74.6385726,86.30120079,84.54603511,91.9411685,Cifras definitivas
46,2014,9,Yucatán,81.12384637,76.92282201,94.82146798,76.82940722,85.74988476,Cifras definitivas
46,2014,9,Zacatecas,86.54717451,67.04967442,77.47182366,80.15805513,94.87187123,Cifras definitivas
46,2014,10,Aguascalientes,87.7926358,77.53077302,88.31124879,82.67174423,102.46726784,Cifras definitivas
46,2014,10,Baja California,85.43720118,80.56176194,94.29354055,79.15721731,85.15514275,Cifras definitivas
46,2014,10,Baja California Sur,81.21684741,76.49586357,94.18718654,77.23997566,83.22820238,Cifras definitivas
46,2014,10,Campeche,83.09061569,72.97427339,87.82492798,105.54386893,119.54263434,Cifras definitivas
46,2014,10,Coahuila de Zaragoza,93.12713365,79.69754045,85.57929072,80.99512903,94.15270913,Cifras definitivas
46,2014,10,Colima,91.1604438,91.38800873,100.24963122,81.52365155,84.09163588,Cifras definitivas
46,2014,10,Chiapas,80.37283251,76.60259553,95.30906544,88.23845013,103.59970056,Cifras definitivas
46,2014,10,Chihuahua,82.74149487,74.81059191,90.41484207,82.30714677,84.0829903,Cifras definitivas
46,2014,10,Ciudad de México,94.06388641,85.58168155,90.98250648,94.94622174,101.39861357,Cifras definitivas
46,2014,10,Durango,89.91435634,79.40584123,88.31275056,83.33738911,94.10587666,Cifras definitivas
46,2014,10,Guanajuato,82.48842653,78.3463742,94.97862609,77.79827131,90.69261052,Cifras definitivas
46,2014,10,Guerrero,93.1512961,89.02693825,95.57240959,91.82095339,98.09271102,Cifras definitivas
46,2014,10,Hidalgo,85.59764269,78.10202734,91.24319886,70.41307933,109.1751034,Cifras definitivas
46,2014,10,Jalisco,93.04841119,83.49378121,89.73154957,81.29559559,96.39406648,Cifras definitivas
46,2014,10,México,96.58502379,80.93098451,83.79247769,76.65278727,89.22350794,Cifras definitivas
46,2014,10,Michoacán de Ocampo,86.43030332,80.41799797,93.04375304,73.58845051,85.84574214,Cifras definitivas
46,2014,10,Morelos,85.03648745,78.96665615,92.86208605,92.156222,97.36763454,Cifras definitivas
46,2014,10,Nayarit,78.60215438,76.61734623,97.474868,79.70080183,86.58303246,Cifras definitivas
46,2014,10,Nuevo León,84.18527697,80.73245559,95.89854485,88.55097005,98.34214,Cifras definitivas
46,2014,10,Oaxaca,79.08058747,75.74660092,95.78406451,82.76780608,97.01854446,Cifras definitivas
46,2014,10,Puebla,84.48534956,79.61142745,94.23104463,85.20874466,104.24238564,Cifras definitivas
46,2014,10,Querétaro,87.49269472,79.98425032,91.4182042,93.72226643,90.62801103,Cifras definitivas
46,2014,10,Quintana Roo,79.71549199,74.26092453,93.15745619,64.42554865,75.36268742,Cifras definitivas
46,2014,10,San Luis Potosí,88.45824428,78.4606444,88.69794448,83.73005368,93.6798946,Cifras definitivas
46,2014,10,Sinaloa,91.22745418,77.43504116,84.88129133,89.22673714,99.77327956,Cifras definitivas
46,2014,10,Sonora,88.81068041,79.81896333,89.87541021,86.45712744,97.5147937,Cifras definitivas
46,2014,10,Tabasco,96.14838065,80.69728103,83.92994295,102.33490067,120.64380291,Cifras definitivas
46,2014,10,Tamaulipas,86.72640542,72.93232948,84.09472193,79.44280862,104.47244606,Cifras definitivas
46,2014,10,Tlaxcala,95.29262423,74.15513881,77.81834052,89.18822867,100.39902401,Cifras definitivas
46,2014,10,Veracruz de Ignacio de la Llave,87.01695206,76.64918603,88.08534914,90.65973329,101.94979721,Cifras definitivas
46,2014,10,Yucatán,80.85212616,76.34839797,94.42967253,81.86576841,96.74311092,Cifras definitivas
46,2014,10,Zacatecas,87.51821332,68.53260551,78.30667802,88.03588988,107.41136119,Cifras definitivas
46,2014,11,Aguascalientes,87.83460243,77.38379937,88.10172441,88.28738663,101.89527365,Cifras definitivas
46,2014,11,Baja California,86.95989818,81.05135293,93.20543679,80.70711951,83.20121683,Cifras definitivas
46,2014,11,Baja California Sur,82.85641286,73.8684854,89.15240577,82.93397938,91.03508751,Cifras definitivas
46,2014,11,Campeche,85.59452716,74.49018868,87.02681252,112.74933017,123.61239383,Cifras definitivas
46,2014,11,Coahuila de Zaragoza,94.53390174,78.3822115,82.91439373,86.63673474,94.48606995,Cifras definitivas
46,2014,11,Colima,90.41449888,86.70391503,95.89603007,90.70187879,89.60734769,Cifras definitivas
46,2014,11,Chiapas,81.53415319,78.0468864,95.72293738,92.30128368,101.71877306,Cifras definitivas
46,2014,11,Chihuahua,83.88277782,75.45295895,89.95047721,88.57089311,87.65281673,Cifras definitivas
46,2014,11,Ciudad de México,95.54779232,85.9406921,89.94524103,102.04006438,107.09765537,Cifras definitivas
46,2014,11,Durango,90.32267588,78.75825974,87.19655277,88.10031441,93.54523523,Cifras definitivas
46,2014,11,Guanajuato,83.21865492,78.39977256,94.20937245,84.61634998,94.03123674,Cifras definitivas
46,2014,11,Guerrero,94.5217493,87.06971872,92.11606785,96.49549268,98.36426621,Cifras definitivas
46,2014,11,Hidalgo,86.91904299,79.50549897,91.47074822,75.85421817,111.1536641,Cifras definitivas
46,2014,11,Jalisco,94.29011539,84.28825991,89.3924666,89.11716802,95.46063978,Cifras definitivas
46,2014,11,México,97.58341432,80.35328153,82.3431749,82.92344051,89.40567385,Cifras definitivas
46,2014,11,Michoacán de Ocampo,87.22613423,79.46067815,91.09732863,78.66732688,86.00052451,Cifras definitivas
46,2014,11,Morelos,88.72033398,80.64745935,90.90076168,100.98762353,106.80752949,Cifras definitivas
46,2014,11,Nayarit,80.2499248,74.75331223,93.15063212,83.75442832,88.57846856,Cifras definitivas
46,2014,11,Nuevo León,85.65853278,80.66490033,94.17030354,93.62265575,98.4244861,Cifras definitivas
46,2014,11,Oaxaca,79.97037395,76.6390566,95.83431065,86.73672705,96.87130174,Cifras definitivas
46,2014,11,Puebla,85.79132202,78.85230086,91.91174469,90.39366148,104.2726698,Cifras definitivas
46,2014,11,Querétaro,87.43652062,81.28086492,92.95985744,91.85593211,90.08841708,Cifras definitivas
46,2014,11,Quintana Roo,81.40112683,75.4789812,92.72473753,72.17666386,79.92368837,Cifras definitivas
46,2014,11,San Luis Potosí,89.24763074,76.79931805,86.05194044,88.66658279,92.86253722,Cifras definitivas
46,2014,11,Sinaloa,92.33004064,75.47799667,81.74803796,91.65487637,100.44476549,Cifras definitivas
46,2014,11,Sonora,89.72246597,76.1528474,84.87600801,88.43107583,96.93172321,Cifras definitivas
46,2014,11,Tabasco,98.13653668,79.3192629,80.82541486,111.42074726,123.77453875,Cifras definitivas
46,2014,11,Tamaulipas,88.23313971,68.78446212,77.9576272,83.51162496,104.15965116,Cifras definitivas
46,2014,11,Tlaxcala,97.41674426,74.34825644,76.31979184,96.31454428,102.2703297,Cifras definitivas
46,2014,11,Veracruz de Ignacio de la Llave,88.65153603,76.68565596,86.50234321,97.86351512,104.8551011,Cifras definitivas
46,2014,11,Yucatán,81.81065582,78.10171501,95.4664331,89.26169673,98.16030283,Cifras definitivas
46,2014,11,Zacatecas,89.44499597,69.18097685,77.34471459,86.62057541,100.47000459,Cifras definitivas
46,2014,12,Aguascalientes,89.57370762,101.74092048,113.58346459,104.18495395,106.61046065,Cifras definitivas
46,2014,12,Baja California,86.04753225,95.77910738,111.30953425,94.77581154,90.63649488,Cifras definitivas
46,2014,12,Baja California Sur,82.71626434,95.37905164,115.30870307,98.84863802,95.26225272,Cifras definitivas
46,2014,12,Campeche,86.22898992,97.53932804,113.11663065,130.9975311,126.22487323,Cifras definitivas
46,2014,12,Coahuila de Zaragoza,95.09086695,97.49483423,102.52807379,105.05751137,100.42491545,Cifras definitivas
46,2014,12,Colima,93.57202113,110.7948078,118.405915,107.78942256,92.92495584,Cifras definitivas
46,2014,12,Chiapas,82.45448573,101.77352393,123.42994202,113.15013576,108.92490928,Cifras definitivas
46,2014,12,Chihuahua,84.32091458,96.58326904,114.54248275,103.93030531,91.47823467,Cifras definitivas
46,2014,12,Ciudad de México,95.80246417,109.6727996,114.47805706,114.4158971,109.03479926,Cifras definitivas
46,2014,12,Durango,90.69305489,96.77652311,106.70775533,110.60637042,102.95510112,Cifras definitivas
46,2014,12,Guanajuato,84.38609462,100.35262026,118.92080172,98.42498139,100.78852047,Cifras definitivas
46,2014,12,Guerrero,94.80760932,114.74937159,121.03392588,133.84761415,111.73959529,Cifras definitivas
46,2014,12,Hidalgo,94.90920929,107.70265663,113.47966908,115.54238529,115.04538406,Cifras definitivas
46,2014,12,Jalisco,94.337564,103.03021821,109.21441454,102.52591817,101.25625668,Cifras definitivas
46,2014,12,México,98.35773501,103.37675237,105.10281917,99.48911431,94.35204477,Cifras definitivas
46,2014,12,Michoacán de Ocampo,87.60081638,99.01127513,113.02551645,93.09126363,91.4568598,Cifras definitivas
46,2014,12,Morelos,91.23037499,104.33460029,114.36388407,120.48113659,124.85255852,Cifras definitivas
46,2014,12,Nayarit,81.65939676,96.89923,118.66268163,104.6440892,97.6216975,Cifras definitivas
46,2014,12,Nuevo León,85.57245514,97.96955085,114.48725024,107.92774827,101.5549565,Cifras definitivas
46,2014,12,Oaxaca,80.85078564,102.88405436,127.25176824,104.87001123,99.91428368,Cifras definitivas
46,2014,12,Puebla,86.8038183,103.21188146,118.90246706,101.10109981,103.08519402,Cifras definitivas
46,2014,12,Querétaro,87.27089278,100.92412742,115.64466021,102.81695409,94.15699772,Cifras definitivas
46,2014,12,Quintana Roo,82.52570443,100.51664395,121.80040709,87.67386539,83.78966932,Cifras definitivas
46,2014,12,San Luis Potosí,91.00845781,101.06813928,111.05356767,106.23078261,99.79561014,Cifras definitivas
46,2014,12,Sinaloa,93.27820725,91.91192198,98.53525779,110.30850759,106.29542313,Cifras definitivas
46,2014,12,Sonora,90.26113257,91.69023154,101.58329386,107.79825405,103.96064073,Cifras definitivas
46,2014,12,Tabasco,99.36904001,107.28334018,107.96455331,142.35514013,133.23597345,Cifras definitivas
46,2014,12,Tamaulipas,89.73010018,92.85373614,103.48114619,101.10358669,110.47023557,Cifras definitivas
46,2014,12,Tlaxcala,97.66550168,97.81185748,100.14985414,111.30492825,103.94462505,Cifras definitivas
46,2014,12,Veracruz de Ignacio de la Llave,89.83223048,100.9749328,112.40390254,117.69181744,107.31831317,Cifras definitivas
46,2014,12,Yucatán,82.35138584,102.74891456,124.76889552,105.57538721,108.3974099,Cifras definitivas
46,2014,12,Zacatecas,90.01038541,94.15183724,104.60108221,107.84777362,112.53273779,Cifras definitivas
46,2015,1,Aguascalientes,88.73182691,81.2540623,91.57262408,85.37631896,83.87080422,Cifras definitivas
46,2015,1,Baja California,84.30459372,76.15459943,90.33268066,80.79735497,78.1401543,Cifras definitivas
46,2015,1,Baja California Sur,82.23059128,78.73660801,95.75099338,81.39886199,80.59946294,Cifras definitivas
46,2015,1,Campeche,86.50591012,78.03019793,90.20215824,102.78910413,106.1462329,Cifras definitivas
46,2015,1,Coahuila de Zaragoza,93.67004406,81.68499039,87.20503039,85.60069842,83.86799304,Cifras definitivas
46,2015,1,Colima,89.97739286,91.80956798,102.03626162,87.79891058,82.75523988,Cifras definitivas
46,2015,1,Chiapas,81.01550165,85.283469,105.2680873,88.15495353,93.38520431,Cifras definitivas
46,2015,1,Chihuahua,83.23267664,79.48075578,95.49225015,84.96964439,75.12225619,Cifras definitivas
46,2015,1,Ciudad de México,94.04211871,88.31087413,93.905662,93.90585307,102.41970652,Cifras definitivas
46,2015,1,Durango,88.82669597,82.55793417,92.9427052,83.08089079,86.17643492,Cifras definitivas
46,2015,1,Guanajuato,86.19538583,82.22553801,95.39436156,82.99090966,81.6832892,Cifras definitivas
46,2015,1,Guerrero,92.63890393,93.14920746,100.5508523,110.0713585,98.38031711,Cifras definitivas
46,2015,1,Hidalgo,93.1611596,84.4028992,90.59880702,89.47008737,97.76666492,Cifras definitivas
46,2015,1,Jalisco,93.47730567,87.17360052,93.25643256,83.47065367,84.83900908,Cifras definitivas
46,2015,1,México,96.04225479,84.68394145,88.17362903,81.19359776,81.72161558,Cifras definitivas
46,2015,1,Michoacán de Ocampo,86.53325195,85.44240741,98.73939264,86.21030189,85.8448979,Cifras definitivas
46,2015,1,Morelos,89.74867043,84.99713978,94.705737,98.97458557,102.60390541,Cifras definitivas
46,2015,1,Nayarit,79.8901927,82.39468385,103.1349169,83.49729265,86.55777502,Cifras definitivas
46,2015,1,Nuevo León,84.79640201,82.49127649,97.28157626,85.77823176,88.03269038,Cifras definitivas
46,2015,1,Oaxaca,78.99082716,84.11866783,106.49169132,87.2001124,91.00267798,Cifras definitivas
46,2015,1,Puebla,97.07151565,85.71377848,88.299619,86.88984935,91.2542595,Cifras definitivas
46,2015,1,Querétaro,86.77140428,84.74014554,97.65906896,94.65815741,82.52107282,Cifras definitivas
46,2015,1,Quintana Roo,81.85780772,82.05534423,100.24131664,71.2162175,75.65381898,Cifras definitivas
46,2015,1,San Luis Potosí,88.09988863,82.68528862,93.85402173,84.25609138,87.31155765,Cifras definitivas
46,2015,1,Sinaloa,92.36033307,77.15703795,83.53915083,85.31420652,92.40184447,Cifras definitivas
46,2015,1,Sonora,88.88549707,78.04303578,87.80176559,84.74529623,89.92477145,Cifras definitivas
46,2015,1,Tabasco,97.68319352,85.00121711,87.01723812,107.4565423,115.97969415,Cifras definitivas
46,2015,1,Tamaulipas,88.16003818,75.4829485,85.6203673,83.62618376,93.36283144,Cifras definitivas
46,2015,1,Tlaxcala,95.63426354,81.43245788,85.14987711,90.89521681,89.8053199,Cifras definitivas
46,2015,1,Veracruz de Ignacio de la Llave,88.43802977,83.0089297,93.86112503,94.64070122,92.35865657,Cifras definitivas
46,2015,1,Yucatán,81.54786383,84.9834803,104.21300609,81.3374858,89.60544119,Cifras definitivas
46,2015,1,Zacatecas,88.08632991,77.46183172,87.93853916,87.30574167,97.21021599,Cifras definitivas
46,2015,2,Aguascalientes,90.89651671,77.63133705,85.40628383,77.20227774,73.92390877,Cifras definitivas
46,2015,2,Baja California,84.98133036,78.2449879,92.07315015,77.74497047,75.79323219,Cifras definitivas
46,2015,2,Baja California Sur,81.0334479,73.66802211,90.91063508,76.70122822,79.87859386,Cifras definitivas
46,2015,2,Campeche,84.79604755,73.89834267,87.14833392,94.32100105,97.28161796,Cifras definitivas
46,2015,2,Coahuila de Zaragoza,93.61689098,78.73362867,84.10194768,77.93849155,81.13762507,Cifras definitivas
46,2015,2,Colima,90.12811993,87.97436342,97.61033902,76.1596367,73.09691758,Cifras definitivas
46,2015,2,Chiapas,80.71132227,73.70594717,91.32045554,79.58009821,86.34601711,Cifras definitivas
46,2015,2,Chihuahua,83.76206129,76.61911646,91.47233877,76.90707049,71.91318807,Cifras definitivas
46,2015,2,Ciudad de México,93.40726476,86.2216142,92.30718234,85.13189957,89.69447617,Cifras definitivas
46,2015,2,Durango,88.75360073,76.17184892,85.82395339,75.36491934,79.07294694,Cifras definitivas
46,2015,2,Guanajuato,85.91945239,79.17034589,92.1448446,73.55612841,78.49468774,Cifras definitivas
46,2015,2,Guerrero,92.5079684,84.23879483,91.06112294,93.39308957,95.50246703,Cifras definitivas
46,2015,2,Hidalgo,93.25849267,78.93856088,84.64490324,79.21721394,91.50413745,Cifras definitivas
46,2015,2,Jalisco,92.88900375,84.88555723,91.38386009,76.06137132,81.75820101,Cifras definitivas
46,2015,2,México,96.31068696,81.6873135,84.81645815,90.3162421,74.94018253,Cifras definitivas
46,2015,2,Michoacán de Ocampo,86.76587172,77.51896692,89.3426936,71.65635149,80.92764412,Cifras definitivas
46,2015,2,Morelos,89.46570456,82.88621633,92.64579845,85.44346544,86.16394573,Cifras definitivas
46,2015,2,Nayarit,78.70805672,73.08301539,92.85328394,73.5614339,75.30030284,Cifras definitivas
46,2015,2,Nuevo León,84.56590891,81.45830298,96.32522612,80.34672237,85.27651374,Cifras definitivas
46,2015,2,Oaxaca,79.75972489,78.71285498,98.68747051,80.39181584,86.77458856,Cifras definitivas
46,2015,2,Puebla,97.2109276,83.79388924,86.19801427,78.27157784,90.72421926,Cifras definitivas
46,2015,2,Querétaro,87.23493799,81.20352276,93.08600961,85.0330058,78.48577772,Cifras definitivas
46,2015,2,Quintana Roo,81.31044372,77.27508982,95.0371026,64.92776657,69.5450448,Cifras definitivas
46,2015,2,San Luis Potosí,88.77665963,79.40129084,89.43937649,77.87027535,82.69054992,Cifras definitivas
46,2015,2,Sinaloa,92.37446109,74.41433632,80.55726165,80.9810833,87.37918801,Cifras definitivas
46,2015,2,Sonora,89.25551567,75.18688337,84.23780066,79.92674607,87.16971736,Cifras definitivas
46,2015,2,Tabasco,97.46882486,82.97975913,85.13466665,97.94754658,111.64038991,Cifras definitivas
46,2015,2,Tamaulipas,87.87749722,72.88913493,82.9440269,76.0908336,90.86576781,Cifras definitivas
46,2015,2,Tlaxcala,95.96537081,73.40896407,76.49526433,80.43617594,84.39250632,Cifras definitivas
46,2015,2,Veracruz de Ignacio de la Llave,89.11859123,79.37951008,89.0717739,84.19684188,88.33093256,Cifras definitivas
46,2015,2,Yucatán,81.70280153,79.5886096,97.41233851,75.16729777,83.78239991,Cifras definitivas
46,2015,2,Zacatecas,89.38010419,72.46492497,81.07500615,76.81891807,85.63621292,Cifras definitivas
46,2015,3,Aguascalientes,90.08249745,80.54764199,89.41541839,83.22750159,84.20734032,Cifras definitivas
46,2015,3,Baja California,86.21920853,84.10614595,97.54919743,83.27128666,83.75069412,Cifras definitivas
46,2015,3,Baja California Sur,82.81084822,76.44138855,92.30842359,79.96170247,86.19354834,Cifras definitivas
46,2015,3,Campeche,84.94781513,75.15952987,88.47729604,103.58701141,106.61021458,Cifras definitivas
46,2015,3,Coahuila de Zaragoza,93.44031764,80.38472893,86.02788492,81.86283563,88.94240482,Cifras definitivas
46,2015,3,Colima,90.83764446,90.6723093,99.81798828,81.59953531,77.17017219,Cifras definitivas
46,2015,3,Chiapas,80.79295046,79.19094179,98.017143,90.92736045,99.10143993,Cifras definitivas
46,2015,3,Chihuahua,84.54985451,77.76536976,91.97575822,82.70570042,79.36354923,Cifras definitivas
46,2015,3,Ciudad de México,93.76429627,87.40526981,93.21807264,93.42088372,99.99914383,Cifras definitivas
46,2015,3,Durango,89.24759514,75.76485044,84.89287618,83.52190481,87.51721981,Cifras definitivas
46,2015,3,Guanajuato,86.74215923,80.28071457,92.55097554,78.6244046,84.19032314,Cifras definitivas
46,2015,3,Guerrero,91.8731866,85.9718332,93.57663142,104.87373126,108.10172765,Cifras definitivas
46,2015,3,Hidalgo,93.17747633,80.34943548,86.23268052,88.81936602,101.6451388,Cifras definitivas
46,2015,3,Jalisco,93.30178559,87.15829497,93.41546297,83.11348999,89.28293526,Cifras definitivas
46,2015,3,México,96.34436593,84.50960336,87.71618615,78.54739131,83.11859089,Cifras definitivas
46,2015,3,Michoacán de Ocampo,87.00957707,79.38607,91.23831269,81.61862175,85.96219761,Cifras definitivas
46,2015,3,Morelos,89.60492001,82.10335864,91.62818139,97.71643101,93.5263174,Cifras definitivas
46,2015,3,Nayarit,79.03294604,74.37596254,94.10754156,84.14008887,79.55472721,Cifras definitivas
46,2015,3,Nuevo León,85.01853079,82.29345607,96.79472852,88.54058516,92.66908508,Cifras definitivas
46,2015,3,Oaxaca,80.11682375,80.21271718,100.119692,88.94461983,91.85549704,Cifras definitivas
46,2015,3,Puebla,97.60848821,82.44115741,84.46105346,85.89185,96.86656452,Cifras definitivas
46,2015,3,Querétaro,88.68153883,83.15776327,93.7712227,84.67983721,86.07819117,Cifras definitivas
46,2015,3,Quintana Roo,81.43576958,76.51456184,93.95694574,71.58817354,77.86009107,Cifras definitivas
46,2015,3,San Luis Potosí,89.7712341,82.58019948,91.98960035,84.95277908,88.6632253,Cifras definitivas
46,2015,3,Sinaloa,92.71349122,79.20074793,85.42526755,91.4990617,99.30575134,Cifras definitivas
46,2015,3,Sonora,89.00888402,76.76306911,86.24203073,89.11958019,95.31259948,Cifras definitivas
46,2015,3,Tabasco,98.27044936,81.88862804,83.32986017,106.77048268,118.73982403,Cifras definitivas
46,2015,3,Tamaulipas,87.91859015,72.92056033,82.94100281,82.18438239,100.64190048,Cifras definitivas
46,2015,3,Tlaxcala,96.01419857,76.40926211,79.58121116,86.45141892,90.1970478,Cifras definitivas
46,2015,3,Veracruz de Ignacio de la Llave,89.41856026,80.82598456,90.39061278,92.68286551,96.46613021,Cifras definitivas
46,2015,3,Yucatán,81.76231415,79.40179568,97.11295051,81.8697196,90.57165249,Cifras definitivas
46,2015,3,Zacatecas,89.96098296,74.37599071,82.67583152,82.27125105,93.86236895,Cifras definitivas
46,2015,4,Aguascalientes,91.14318508,78.98813062,86.66378134,79.71146537,77.75459604,Cifras definitivas
46,2015,4,Baja California,85.16273615,82.18434289,96.50270365,81.19397786,81.38346634,Cifras definitivas
46,2015,4,Baja California Sur,81.56799239,74.79788324,91.70004195,77.45611959,84.127547,Cifras definitivas
46,2015,4,Campeche,85.35107926,76.45275409,89.57444329,103.26482719,109.00820899,Cifras definitivas
46,2015,4,Coahuila de Zaragoza,92.80801337,81.38237674,87.68895463,81.4603772,87.14342231,Cifras definitivas
46,2015,4,Colima,91.18136151,91.11989866,99.93259275,82.35132371,78.1466758,Cifras definitivas
46,2015,4,Chiapas,80.62039572,77.09878127,95.63185666,88.37556999,95.55625267,Cifras definitivas
46,2015,4,Chihuahua,84.99454721,80.07440316,94.21122388,80.73740908,77.53109649,Cifras definitivas
46,2015,4,Ciudad de México,93.9545428,85.98795785,91.5208092,87.31251378,95.14492886,Cifras definitivas
46,2015,4,Durango,89.13290143,76.93876441,86.31915171,81.77917447,87.40110587,Cifras definitivas
46,2015,4,Guanajuato,87.46812567,81.13727729,92.7621081,75.76768482,82.4687034,Cifras definitivas
46,2015,4,Guerrero,92.5086113,84.99772246,91.88087602,121.22946208,102.56007478,Cifras definitivas
46,2015,4,Hidalgo,93.00029072,80.63898161,86.70831132,86.62879745,95.86516752,Cifras definitivas
46,2015,4,Jalisco,94.1882773,88.32243816,93.77221953,79.93080335,84.22162746,Cifras definitivas
46,2015,4,México,94.29111149,83.85379193,88.93074926,73.6841168,81.75107846,Cifras definitivas
46,2015,4,Michoacán de Ocampo,86.83986905,81.01503503,93.29244265,76.00099925,83.6606289,Cifras definitivas
46,2015,4,Morelos,91.74896772,83.43339249,90.93660077,93.60533828,92.21827593,Cifras definitivas
46,2015,4,Nayarit,79.96081825,75.33331223,94.21278306,80.94235559,79.02892849,Cifras definitivas
46,2015,4,Nuevo León,85.2194575,83.73438617,98.25735651,85.90697242,89.91587628,Cifras definitivas
46,2015,4,Oaxaca,80.18084582,79.95551861,99.71897626,85.61966701,91.16060018,Cifras definitivas
46,2015,4,Puebla,98.39537673,85.81537759,87.21484733,81.6100734,91.74510104,Cifras definitivas
46,2015,4,Querétaro,88.97521253,83.4924899,93.83792129,85.04074261,85.61987406,Cifras definitivas
46,2015,4,Quintana Roo,81.50621764,78.02591125,95.73001117,68.96674638,76.77345146,Cifras definitivas
46,2015,4,San Luis Potosí,90.16315066,81.33711101,90.21103457,82.80637669,88.66047624,Cifras definitivas
46,2015,4,Sinaloa,93.5792062,80.75064512,86.29122686,87.9185713,96.51428851,Cifras definitivas
46,2015,4,Sonora,89.17381219,78.37069173,87.88532172,86.52868947,94.17188617,Cifras definitivas
46,2015,4,Tabasco,98.93433093,83.91721342,84.82112592,103.13061758,112.99674938,Cifras definitivas
46,2015,4,Tamaulipas,88.49719435,75.97858371,85.85422879,79.86927717,97.42455402,Cifras definitivas
46,2015,4,Tlaxcala,96.32129384,75.40692064,78.28686434,86.04995489,91.0530345,Cifras definitivas
46,2015,4,Veracruz de Ignacio de la Llave,90.15258534,81.78416634,90.71749416,91.34882153,95.48507766,Cifras definitivas
46,2015,4,Yucatán,82.44427719,82.03572352,99.50444872,80.37874867,87.11561057,Cifras definitivas
46,2015,4,Zacatecas,91.3561783,75.85491186,83.03205461,78.81178663,89.29692612,Cifras definitivas
46,2015,5,Aguascalientes,92.0904979,96.48173505,104.76839332,85.99320437,79.38163754,Cifras definitivas
46,2015,5,Baja California,85.41406975,88.58099969,103.70773802,85.10091235,84.23272864,Cifras definitivas
46,2015,5,Baja California Sur,81.8214539,85.26275254,104.20586347,78.62794612,83.39898553,Cifras definitivas
46,2015,5,Campeche,85.13641075,84.76226466,99.5605334,109.77799796,111.96794821,Cifras definitivas
46,2015,5,Coahuila de Zaragoza,92.524365,90.819207,98.15707138,87.72996788,91.47520523,Cifras definitivas
46,2015,5,Colima,90.55731718,96.53902252,106.60543568,86.77621875,80.57130307,Cifras definitivas
46,2015,5,Chiapas,81.10450572,89.35210285,110.16909857,86.84318819,95.83897902,Cifras definitivas
46,2015,5,Chihuahua,85.36265801,87.64569674,102.67451692,86.67830608,80.91293131,Cifras definitivas
46,2015,5,Ciudad de México,94.34820863,94.52912374,100.19175256,93.2247197,98.44206222,Cifras definitivas
46,2015,5,Durango,89.49193494,88.14458418,98.49444449,87.63515534,90.58261977,Cifras definitivas
46,2015,5,Guanajuato,87.22314947,92.35981847,105.88911204,81.30675657,83.88521258,Cifras definitivas
46,2015,5,Guerrero,92.50866132,102.92982309,111.26506602,105.46286224,101.25267233,Cifras definitivas
46,2015,5,Hidalgo,92.98420884,87.55461077,94.16073101,88.44963974,95.15424039,Cifras definitivas
46,2015,5,Jalisco,94.28942772,102.52670434,108.73616143,85.06996479,90.20051877,Cifras definitivas
46,2015,5,México,98.32976333,93.49822991,95.08639779,81.89851956,85.11924792,Cifras definitivas
46,2015,5,Michoacán de Ocampo,87.42577086,86.6686718,99.13400928,81.84780787,87.99653571,Cifras definitivas
46,2015,5,Morelos,93.04283794,90.67216197,97.45205969,97.06380809,100.57055029,Cifras definitivas
46,2015,5,Nayarit,80.28484086,86.53030682,107.77913476,87.9764041,80.11929613,Cifras definitivas
46,2015,5,Nuevo León,85.9285944,89.50853732,104.1661835,92.41066898,95.91606349,Cifras definitivas
46,2015,5,Oaxaca,80.79898643,88.67250525,109.74457622,89.3652501,91.89577348,Cifras definitivas
46,2015,5,Puebla,98.58180657,92.0984331,93.42335701,85.61647144,91.78987641,Cifras definitivas
46,2015,5,Querétaro,88.42480744,87.43190681,98.87712435,89.99075927,86.81489715,Cifras definitivas
46,2015,5,Quintana Roo,81.56950994,83.9152274,102.87572827,70.91069295,75.13532938,Cifras definitivas
46,2015,5,San Luis Potosí,90.85882982,95.76683195,105.40178884,84.74625936,84.69963171,Cifras definitivas
46,2015,5,Sinaloa,92.63416177,92.52788846,99.88527633,95.87996252,94.9685868,Cifras definitivas
46,2015,5,Sonora,90.45619837,88.07097421,97.36311695,91.91424545,95.1763972,Cifras definitivas
46,2015,5,Tabasco,98.10636586,90.11923301,91.85870073,109.89518101,116.95772993,Cifras definitivas
46,2015,5,Tamaulipas,88.92678132,85.36945791,95.99971644,85.87613593,101.61885961,Cifras definitivas
46,2015,5,Tlaxcala,96.78449873,82.12558668,84.85407039,88.09399424,89.67213521,Cifras definitivas
46,2015,5,Veracruz de Ignacio de la Llave,90.03335184,91.08426356,101.16724714,95.88081731,96.71383569,Cifras definitivas
46,2015,5,Yucatán,82.65294164,89.96917377,108.85175045,83.92814303,89.55210049,Cifras definitivas
46,2015,5,Zacatecas,91.08616788,89.21978292,97.95096774,84.88639299,89.76250258,Cifras definitivas
46,2015,6,Aguascalientes,93.05958934,82.83322601,89.01095158,85.33848957,82.77207768,Cifras definitivas
46,2015,6,Baja California,85.41596626,82.79127354,96.92716381,84.2801063,84.33918195,Cifras definitivas
46,2015,6,Baja California Sur,82.48443072,79.15779298,95.96695072,77.82940446,82.68904605,Cifras definitivas
46,2015,6,Campeche,86.19827108,81.84585684,94.95069427,108.63632987,111.95508119,Cifras definitivas
46,2015,6,Coahuila de Zaragoza,93.14490413,83.02996598,89.14064248,85.84662303,91.60792235,Cifras definitivas
46,2015,6,Colima,91.40131081,92.27161871,100.95218317,83.1699553,79.90732492,Cifras definitivas
46,2015,6,Chiapas,81.80441946,81.24027063,99.31036876,86.48861343,93.7100665,Cifras definitivas
46,2015,6,Chihuahua,86.37303388,82.94769806,96.03425321,86.52401229,82.34385444,Cifras definitivas
46,2015,6,Ciudad de México,94.57307911,89.98049294,95.14387581,96.55838596,102.17837444,Cifras definitivas
46,2015,6,Durango,89.33631445,76.37485429,85.49138697,85.33374866,89.89858415,Cifras definitivas
46,2015,6,Guanajuato,87.6718223,82.6689617,94.29365049,81.33839193,88.39975002,Cifras definitivas
46,2015,6,Guerrero,91.7181169,90.34537285,98.5033011,111.16198991,103.71417017,Cifras definitivas
46,2015,6,Hidalgo,92.8165572,82.90622742,89.32267035,86.24758114,98.7595556,Cifras definitivas
46,2015,6,Jalisco,94.47451567,90.57370355,95.87104301,84.79044524,89.05069532,Cifras definitivas
46,2015,6,México,97.04272995,85.50472562,88.11038773,80.95612325,84.98871041,Cifras definitivas
46,2015,6,Michoacán de Ocampo,88.06405387,80.63431952,91.56326103,80.47760285,88.97509041,Cifras definitivas
46,2015,6,Morelos,92.9871426,87.64662802,94.25671719,99.54813763,101.76335016,Cifras definitivas
46,2015,6,Nayarit,80.25343366,79.16617771,98.64522189,83.70598289,84.34785067,Cifras definitivas
46,2015,6,Nuevo León,85.91689596,82.87268036,96.45679052,93.06653872,94.68535917,Cifras definitivas
46,2015,6,Oaxaca,81.33196493,83.53921833,102.71388181,87.80651879,92.72630881,Cifras definitivas
46,2015,6,Puebla,98.81928931,86.41731469,87.44984435,86.1840386,93.54487918,Cifras definitivas
46,2015,6,Querétaro,88.43317554,84.59015992,95.65432814,91.18069139,89.64202139,Cifras definitivas
46,2015,6,Quintana Roo,83.68688305,81.209807,97.04006654,69.50060208,74.59165303,Cifras definitivas
46,2015,6,San Luis Potosí,91.1413193,83.45950599,91.57153597,86.87172439,89.92689413,Cifras definitivas
46,2015,6,Sinaloa,93.57713565,84.02472856,89.79194327,104.37148738,113.07211177,Cifras definitivas
46,2015,6,Sonora,91.1311674,82.22951164,90.23204024,90.16003195,92.74563421,Cifras definitivas
46,2015,6,Tabasco,98.40264958,86.01281909,87.40904788,107.93564426,110.93094033,Cifras definitivas
46,2015,6,Tamaulipas,89.10721369,77.75530971,87.26039845,83.90627578,100.68319137,Cifras definitivas
46,2015,6,Tlaxcala,96.15799891,78.44715883,81.58152179,86.45438716,89.26321376,Cifras definitivas
46,2015,6,Veracruz de Ignacio de la Llave,90.96982492,87.01455823,95.65211135,94.30106516,94.91681186,Cifras definitivas
46,2015,6,Yucatán,84.39769194,85.33431676,101.1097754,83.72482222,90.66320329,Cifras definitivas
46,2015,6,Zacatecas,90.60288592,79.3209388,87.54791638,88.26165424,93.91682134,Cifras definitivas
46,2015,7,Aguascalientes,93.58485885,86.85659307,92.81051886,89.34791877,84.59949094,Cifras definitivas
46,2015,7,Baja California,85.65881607,87.97958527,102.70931739,88.08588633,90.55741712,Cifras definitivas
46,2015,7,Baja California Sur,82.75109605,80.06631227,96.75559128,79.42706242,85.43771723,Cifras definitivas
46,2015,7,Campeche,86.96195663,81.70115264,93.95045352,122.06308181,137.07551331,Cifras definitivas
46,2015,7,Coahuila de Zaragoza,93.57034485,85.70994913,91.5994798,87.76686303,94.70957862,Cifras definitivas
46,2015,7,Colima,90.77729428,93.01212114,102.46187869,86.29436467,82.2967704,Cifras definitivas
46,2015,7,Chiapas,82.60193281,83.98603166,101.67562526,90.3036175,103.72569507,Cifras definitivas
46,2015,7,Chihuahua,86.47356218,83.01310701,95.9982507,87.79418269,84.26956904,Cifras definitivas
46,2015,7,Ciudad de México,94.55681492,91.29044751,96.54560339,98.65978872,104.83409587,Cifras definitivas
46,2015,7,Durango,90.38289968,79.82957799,88.32376287,88.6559598,95.36671551,Cifras definitivas
46,2015,7,Guanajuato,88.77416908,82.72207372,93.18259419,84.98244567,94.4496468,Cifras definitivas
46,2015,7,Guerrero,91.77047044,89.05722461,97.04344348,109.33529574,121.26955437,Cifras definitivas
46,2015,7,Hidalgo,93.30270134,84.95495114,91.05304554,89.49392971,102.34024776,Cifras definitivas
46,2015,7,Jalisco,95.28590501,89.75301278,94.1933781,88.24625169,93.08247993,Cifras definitivas
46,2015,7,México,96.80965984,87.69707678,90.58711385,82.62645614,85.88737836,Cifras definitivas
46,2015,7,Michoacán de Ocampo,88.50511796,83.11574339,93.91066337,82.91774354,93.83816835,Cifras definitivas
46,2015,7,Morelos,93.56462199,89.12301074,95.25289457,104.11942883,111.61902004,Cifras definitivas
46,2015,7,Nayarit,79.84616906,80.99119934,101.43404536,86.32762165,89.87998001,Cifras definitivas
46,2015,7,Nuevo León,86.25109515,84.19612105,97.61745159,94.74553522,97.28375732,Cifras definitivas
46,2015,7,Oaxaca,81.89369683,84.70757211,103.43600959,92.31122475,101.86658472,Cifras definitivas
46,2015,7,Puebla,99.56804743,86.81273143,87.18934806,87.73473445,101.60847005,Cifras definitivas
46,2015,7,Querétaro,88.55257392,82.16024002,92.78131214,99.86348358,105.74448617,Cifras definitivas
46,2015,7,Quintana Roo,83.67098424,80.43118259,96.12792693,76.12173693,84.00142433,Cifras definitivas
46,2015,7,San Luis Potosí,91.83942818,83.69234222,91.1289888,90.75267925,99.04070648,Cifras definitivas
46,2015,7,Sinaloa,94.09846982,86.79763159,92.24127848,104.07098453,103.77363001,Cifras definitivas
46,2015,7,Sonora,91.62636089,83.54683191,91.18209116,90.35995108,94.10105856,Cifras definitivas
46,2015,7,Tabasco,99.37090354,84.75467329,85.29123745,110.98592397,124.66389769,Cifras definitivas
46,2015,7,Tamaulipas,89.44391701,77.19082691,86.30081227,85.48569623,104.07100042,Cifras definitivas
46,2015,7,Tlaxcala,96.3317466,78.08296041,81.05631131,90.6433521,95.91902738,Cifras definitivas
46,2015,7,Veracruz de Ignacio de la Llave,91.39938241,86.3482209,94.47352775,96.79934321,100.54835623,Cifras definitivas
46,2015,7,Yucatán,86.50107614,83.58460356,96.62839734,87.64038662,98.01129122,Cifras definitivas
46,2015,7,Zacatecas,90.60061681,81.65013069,90.1209435,91.33535697,97.59957656,Cifras definitivas
46,2015,8,Aguascalientes,93.91635888,80.32943262,85.53295036,90.45492173,84.72929,Cifras definitivas
46,2015,8,Baja California,85.63050323,83.55959703,97.58157885,90.6522628,90.18194156,Cifras definitivas
46,2015,8,Baja California Sur,82.6110991,79.57815244,96.32864507,79.99614412,82.76555044,Cifras definitivas
46,2015,8,Campeche,87.8047475,82.26255593,93.68805022,122.07168273,127.89697609,Cifras definitivas
46,2015,8,Coahuila de Zaragoza,93.65985967,83.96375221,89.64753151,88.51326154,91.67529087,Cifras definitivas
46,2015,8,Colima,90.06303808,91.62376293,101.73292494,87.30972811,82.0744343,Cifras definitivas
46,2015,8,Chiapas,83.07812968,81.47222259,98.06699176,93.97357172,97.34364674,Cifras definitivas
46,2015,8,Chihuahua,85.79491169,84.00785672,97.91706182,89.86383567,82.98155922,Cifras definitivas
46,2015,8,Ciudad de México,94.69592311,90.35153045,95.41227065,96.45487012,99.44065283,Cifras definitivas
46,2015,8,Durango,91.38217625,78.19063387,85.56442523,90.07060104,91.45128013,Cifras definitivas
46,2015,8,Guanajuato,89.08232324,82.35707502,92.45052444,84.66765585,89.41770856,Cifras definitivas
46,2015,8,Guerrero,91.21886131,95.64078923,104.84760263,113.13641727,103.71454696,Cifras definitivas
46,2015,8,Hidalgo,93.15325481,83.213632,89.32981694,93.98513119,105.0868299,Cifras definitivas
46,2015,8,Jalisco,96.61868553,90.00382866,93.15364638,88.08994661,92.08825144,Cifras definitivas
46,2015,8,México,96.79739762,85.38306601,88.2080181,80.98164738,82.79936887,Cifras definitivas
46,2015,8,Michoacán de Ocampo,89.90358207,81.97295178,91.17873826,77.79820095,83.13365763,Cifras definitivas
46,2015,8,Morelos,93.02810427,84.88125034,91.24258847,101.53919274,104.53218092,Cifras definitivas
46,2015,8,Nayarit,80.46488359,80.08449897,99.5272663,86.9551285,81.12013225,Cifras definitivas
46,2015,8,Nuevo León,87.2062757,84.46037262,96.85125519,97.81805201,96.59055959,Cifras definitivas
46,2015,8,Oaxaca,81.0944752,82.35989966,101.56043239,93.06477875,97.32532423,Cifras definitivas
46,2015,8,Puebla,100.15350074,87.11005687,86.97654723,89.88368777,97.07062634,Cifras definitivas
46,2015,8,Querétaro,88.90106601,83.45273199,93.87146379,92.77964367,88.84338844,Cifras definitivas
46,2015,8,Quintana Roo,84.20842609,83.38936333,99.02733871,74.93069066,78.93889349,Cifras definitivas
46,2015,8,San Luis Potosí,92.97247162,83.05849876,89.33665774,90.67488579,90.46912788,Cifras definitivas
46,2015,8,Sinaloa,94.69251111,84.17826362,88.89643186,97.73925945,95.24469521,Cifras definitivas
46,2015,8,Sonora,91.20849414,82.0632731,89.97327921,91.79643518,95.40959099,Cifras definitivas
46,2015,8,Tabasco,100.58294216,87.57117177,87.0636411,110.27277732,116.52071329,Cifras definitivas
46,2015,8,Tamaulipas,89.34969113,78.22450595,87.54871445,84.60697171,100.2670729,Cifras definitivas
46,2015,8,Tlaxcala,96.16249084,75.5068323,78.52004627,91.59308274,92.10958359,Cifras definitivas
46,2015,8,Veracruz de Ignacio de la Llave,91.78857126,84.85644453,92.44772346,97.77841258,99.1949101,Cifras definitivas
46,2015,8,Yucatán,86.9121242,86.29623446,99.29136499,88.64132276,91.75661354,Cifras definitivas
46,2015,8,Zacatecas,89.87644026,80.35103846,89.40166992,90.88956198,94.71787066,Cifras definitivas
46,2015,9,Aguascalientes,92.51927553,81.4994582,88.089166,84.42950732,90.88644926,Cifras definitivas
46,2015,9,Baja California,85.62249952,83.52735157,97.55304043,85.79915286,88.96924824,Cifras definitivas
46,2015,9,Baja California Sur,83.01376228,78.55965498,94.63449532,71.90452492,78.01017731,Cifras definitivas
46,2015,9,Campeche,87.90114294,79.41898349,90.35034225,117.88298729,132.58203256,Cifras definitivas
46,2015,9,Coahuila de Zaragoza,93.52443745,83.09675857,88.85031638,83.77836493,93.04086215,Cifras definitivas
46,2015,9,Colima,90.80908994,90.0453772,99.15899087,80.37832363,79.14861742,Cifras definitivas
46,2015,9,Chiapas,83.06122764,83.06079269,99.99947635,86.00676519,96.88295533,Cifras definitivas
46,2015,9,Chihuahua,85.93122626,82.25459481,95.7214256,86.00102193,83.37914589,Cifras definitivas
46,2015,9,Ciudad de México,95.02495475,88.91567428,93.57086727,92.54099718,102.07441422,Cifras definitivas
46,2015,9,Durango,91.74802027,79.25913827,86.38784579,83.62910642,89.98856383,Cifras definitivas
46,2015,9,Guanajuato,90.58937862,83.12493328,91.76013187,79.18379605,89.91710607,Cifras definitivas
46,2015,9,Guerrero,91.14260194,88.14049904,96.70614747,98.24922402,106.28432429,Cifras definitivas
46,2015,9,Hidalgo,93.48319982,82.33476779,88.07440048,84.64987258,101.75315258,Cifras definitivas
46,2015,9,Jalisco,96.20175034,88.28828784,91.77409717,83.9149161,90.9596642,Cifras definitivas
46,2015,9,México,97.46890713,84.93366127,87.13923627,75.87712449,86.04292701,Cifras definitivas
46,2015,9,Michoacán de Ocampo,90.35516985,81.43982543,90.13300021,75.96522198,81.87552402,Cifras definitivas
46,2015,9,Morelos,92.82001605,85.29613433,91.8941172,92.00147371,101.04956384,Cifras definitivas
46,2015,9,Nayarit,88.9359165,81.28773808,91.40034901,80.7373164,80.52067391,Cifras definitivas
46,2015,9,Nuevo León,87.61478833,83.69240369,95.52314773,93.76168796,99.11104716,Cifras definitivas
46,2015,9,Oaxaca,81.14668139,84.34534399,103.94182799,86.40162204,92.70716622,Cifras definitivas
46,2015,9,Puebla,99.85948791,85.54325878,85.66362653,84.81065094,98.02713437,Cifras definitivas
46,2015,9,Querétaro,89.34950997,82.26050964,92.06598857,90.17743147,91.91615888,Cifras definitivas
46,2015,9,Quintana Roo,83.94870227,78.79370487,93.85934832,67.7383383,77.8712508,Cifras definitivas
46,2015,9,San Luis Potosí,93.02363953,81.72307898,87.85194752,84.91313323,91.17686631,Cifras definitivas
46,2015,9,Sinaloa,93.74293548,84.82046371,90.48197955,89.60699984,94.99328192,Cifras definitivas
46,2015,9,Sonora,91.55132382,82.17841342,89.76212467,86.71076034,91.15173948,Cifras definitivas
46,2015,9,Tabasco,100.52294015,86.25960778,85.8108683,103.0094639,118.12232582,Cifras definitivas
46,2015,9,Tamaulipas,89.23250637,76.0615858,85.23977292,79.13142287,98.79384808,Cifras definitivas
46,2015,9,Tlaxcala,96.10567128,76.67925273,79.78639732,87.77234922,93.70717474,Cifras definitivas
46,2015,9,Veracruz de Ignacio de la Llave,92.69533912,84.60388235,91.27091303,90.93565988,97.96266263,Cifras definitivas
46,2015,9,Yucatán,87.16665861,82.1784603,94.27740103,84.96000929,94.71858428,Cifras definitivas
46,2015,9,Zacatecas,89.55243581,80.16867148,89.52148622,85.96076493,95.50185419,Cifras definitivas
46,2015,10,Aguascalientes,93.90325937,83.31500921,88.72429963,88.87988531,101.56326317,Cifras definitivas
46,2015,10,Baja California,87.26022632,87.64681959,100.44303492,90.20214692,94.66846103,Cifras definitivas
46,2015,10,Baja California Sur,84.12503934,78.68839793,93.53742779,77.98779344,88.2621947,Cifras definitivas
46,2015,10,Campeche,88.52956856,80.81491506,91.28578889,124.8299595,149.87900736,Cifras definitivas
46,2015,10,Coahuila de Zaragoza,94.98518032,84.75230241,89.226869,87.58128586,103.51188001,Cifras definitivas
46,2015,10,Colima,88.10526814,90.88145952,103.15099362,82.59661447,88.24771743,Cifras definitivas
46,2015,10,Chiapas,84.04427706,81.86327855,97.40494108,91.55459258,102.84013658,Cifras definitivas
46,2015,10,Chihuahua,84.54102635,84.05440102,99.4243915,89.38851069,90.27970056,Cifras definitivas
46,2015,10,Ciudad de México,96.47960122,90.3905588,93.68877738,98.73960381,114.49223654,Cifras definitivas
46,2015,10,Durango,92.50455893,79.96795495,86.44758256,87.01344921,103.16475583,Cifras definitivas
46,2015,10,Guanajuato,91.29830283,86.80746114,95.08113344,87.53242684,106.98081833,Cifras definitivas
46,2015,10,Guerrero,92.86449766,86.77979349,93.44776064,112.16389829,106.63877666,Cifras definitivas
46,2015,10,Hidalgo,93.67028501,84.90428991,90.64164788,93.61624998,112.91383603,Cifras definitivas
46,2015,10,Jalisco,96.28305262,89.70922944,93.17239846,86.95621826,100.93925435,Cifras definitivas
46,2015,10,México,98.66186772,87.51378867,88.70072166,79.45344412,97.16113743,Cifras definitivas
46,2015,10,Michoacán de Ocampo,89.9854008,83.74400735,93.06399328,79.5071112,94.00223671,Cifras definitivas
46,2015,10,Morelos,88.16851758,87.7180662,99.48910179,100.31893746,121.81163355,Cifras definitivas
46,2015,10,Nayarit,90.21098112,82.34501989,91.28048367,87.18833151,118.35095862,Cifras definitivas
46,2015,10,Nuevo León,89.00778595,85.72177503,96.30817587,94.92270786,105.38685779,Cifras definitivas
46,2015,10,Oaxaca,81.97828173,83.85429727,102.28842994,91.28994624,101.26842327,Cifras definitivas
46,2015,10,Puebla,100.65044853,89.04832494,88.47285456,90.66714212,109.15616687,Cifras definitivas
46,2015,10,Querétaro,90.20278923,85.84795552,95.172174,101.9417554,102.10817368,Cifras definitivas
46,2015,10,Quintana Roo,84.66821193,81.73828316,96.53951737,71.67410979,86.11233108,Cifras definitivas
46,2015,10,San Luis Potosí,93.81241537,84.10809712,89.65561412,90.70405798,99.57509299,Cifras definitivas
46,2015,10,Sinaloa,94.31557534,84.17155335,89.24459512,94.21684388,102.86239355,Cifras definitivas
46,2015,10,Sonora,92.76469351,85.32679497,91.9819726,91.13963683,99.10631069,Cifras definitivas
46,2015,10,Tabasco,102.0219393,88.53118816,86.77661763,107.68867639,130.30313291,Cifras definitivas
46,2015,10,Tamaulipas,89.6547602,77.55748233,86.50682034,84.15841087,109.19029222,Cifras definitivas
46,2015,10,Tlaxcala,95.55180424,77.57628668,81.18767332,92.32071098,108.4863391,Cifras definitivas
46,2015,10,Veracruz de Ignacio de la Llave,93.42544883,86.81892471,92.92856047,96.19789361,109.19481868,Cifras definitivas
46,2015,10,Yucatán,87.53545122,85.73127706,97.93892173,88.38899875,101.7770494,Cifras definitivas
46,2015,10,Zacatecas,91.50032289,79.38038395,86.75421184,89.68536913,109.02329904,Cifras definitivas
46,2015,11,Aguascalientes,94.0800541,83.41373295,88.6625053,94.00724368,82.94885579,Cifras definitivas
46,2015,11,Baja California,88.36106057,86.21195678,97.56781576,90.66209955,91.46765625,Cifras definitivas
46,2015,11,Baja California Sur,85.48784059,79.34011498,92.80865493,84.37841388,92.61972194,Cifras definitivas
46,2015,11,Campeche,89.90508211,84.40700793,93.8845791,118.86985555,127.4506046,Cifras definitivas
46,2015,11,Coahuila de Zaragoza,95.71018264,84.80529717,88.60634765,92.7360219,100.47058638,Cifras definitivas
46,2015,11,Colima,89.51287208,89.82459861,100.34824771,89.08534532,92.77326623,Cifras definitivas
46,2015,11,Chiapas,84.34793375,86.15284384,102.13983913,95.74708624,95.84746788,Cifras definitivas
46,2015,11,Chihuahua,85.32355623,82.47868035,96.66577906,95.09381411,91.39695161,Cifras definitivas
46,2015,11,Ciudad de México,97.37722762,91.86354442,94.33781046,106.50176698,111.81378859,Cifras definitivas
46,2015,11,Durango,93.57418311,83.54237387,89.27929809,91.93775497,103.12112483,Cifras definitivas
46,2015,11,Guanajuato,90.86349516,86.38776244,95.07422347,90.68919376,100.36168372,Cifras definitivas
46,2015,11,Guerrero,94.48094398,91.68612889,97.04192722,136.16747455,106.49247757,Cifras definitivas
46,2015,11,Hidalgo,95.44283776,86.00478093,90.11129902,117.0611699,111.47109514,Cifras definitivas
46,2015,11,Jalisco,97.91893381,90.88702162,92.81863893,93.5930632,99.43676611,Cifras definitivas
46,2015,11,México,99.50124081,88.55433046,88.99821725,91.88229929,97.91014672,Cifras definitivas
46,2015,11,Michoacán de Ocampo,91.00861578,84.3231935,92.65407761,94.18506224,93.41479078,Cifras definitivas
46,2015,11,Morelos,89.52310367,86.93524046,97.10927894,107.65638662,113.8078474,Cifras definitivas
46,2015,11,Nayarit,91.74824188,82.18898224,89.58098875,91.01946957,119.66661861,Cifras definitivas
46,2015,11,Nuevo León,89.91309149,86.14641102,95.81075413,100.75704029,102.29706757,Cifras definitivas
46,2015,11,Oaxaca,82.7390026,85.24459973,103.0283144,95.74381986,100.46897989,Cifras definitivas
46,2015,11,Puebla,101.7257165,88.79665742,87.29027475,95.96881661,107.24933658,Cifras definitivas
46,2015,11,Querétaro,90.68002615,86.21701799,95.07828973,97.51234889,98.10409807,Cifras definitivas
46,2015,11,Quintana Roo,85.39258131,83.29724913,97.54623628,77.45228924,84.8208852,Cifras definitivas
46,2015,11,San Luis Potosí,94.36135726,85.69143953,90.812004,98.32063789,106.22958938,Cifras definitivas
46,2015,11,Sinaloa,93.52802325,84.94473011,90.82275788,92.87264028,102.15587114,Cifras definitivas
46,2015,11,Sonora,93.34149575,83.02062735,88.94289371,96.06162144,100.33974848,Cifras definitivas
46,2015,11,Tabasco,104.11670995,91.36116783,87.74880408,117.80130234,133.86657511,Cifras definitivas
46,2015,11,Tamaulipas,90.53475161,76.30702149,84.28478582,87.03016319,106.26309062,Cifras definitivas
46,2015,11,Tlaxcala,98.17550606,78.28297039,79.73778138,96.80736879,105.54225637,Cifras definitivas
46,2015,11,Veracruz de Ignacio de la Llave,94.73914597,90.07164522,95.07331346,101.29273928,107.0430785,Cifras definitivas
46,2015,11,Yucatán,88.73299743,87.4912227,98.6005491,95.63510742,105.31732494,Cifras definitivas
46,2015,11,Zacatecas,92.05406695,83.43867061,90.64093893,95.93010708,105.17534223,Cifras definitivas
46,2015,12,Aguascalientes,94.38157472,110.38533232,116.95644266,112.35327581,92.29677946,Cifras definitivas
46,2015,12,Baja California,87.54651126,100.85612447,115.20290531,105.69243329,98.17434586,Cifras definitivas
46,2015,12,Baja California Sur,85.4854897,95.99167961,112.29002717,98.95663618,95.5983882,Cifras definitivas
46,2015,12,Campeche,89.58655054,102.38475656,114.28585646,150.77390743,141.34263773,Cifras definitivas
46,2015,12,Coahuila de Zaragoza,95.96315617,104.61191494,109.01258266,112.96051763,107.13628556,Cifras definitivas
46,2015,12,Colima,85.84452689,112.0176021,130.48892709,109.09882872,95.53578986,Cifras definitivas
46,2015,12,Chiapas,84.02742391,104.20663112,124.01502542,112.57005577,118.11586425,Cifras definitivas
46,2015,12,Chihuahua,86.2233116,104.64605324,121.36631185,110.82010428,96.96647087,Cifras definitivas
46,2015,12,Ciudad de México,97.60690571,114.21977342,117.02017658,118.35687037,114.47581009,Cifras definitivas
46,2015,12,Durango,94.09814745,102.1821825,108.59106717,115.64454901,111.59291463,Cifras definitivas
46,2015,12,Guanajuato,91.28593799,106.15766845,116.2913706,107.63534392,103.20809454,Cifras definitivas
46,2015,12,Guerrero,95.95268605,118.15503679,123.13885276,131.57636906,116.6175782,Cifras definitivas
46,2015,12,Hidalgo,96.89834088,111.71475807,115.29068202,120.08390259,111.44771058,Cifras definitivas
46,2015,12,Jalisco,97.2851128,110.71582647,113.80551791,109.10713957,101.91444516,Cifras definitivas
46,2015,12,México,99.32590726,107.94438735,108.67697092,104.30663976,98.18632337,Cifras definitivas
46,2015,12,Michoacán de Ocampo,90.78586878,104.15293691,114.72373213,97.64755801,96.55008858,Cifras definitivas
46,2015,12,Morelos,89.28000893,110.46667009,123.73057688,128.09070794,124.86066636,Cifras definitivas
46,2015,12,Nayarit,91.90465894,106.47886086,115.85795768,116.2698942,104.20473824,Cifras definitivas
46,2015,12,Nuevo León,90.06602798,104.09652039,115.5780073,113.0606422,106.64157544,Cifras definitivas
46,2015,12,Oaxaca,82.2201519,107.12048183,130.28494761,110.32969027,107.53937297,Cifras definitivas
46,2015,12,Puebla,101.81274125,111.92724399,109.93441746,109.72007189,108.42405915,Cifras definitivas
46,2015,12,Querétaro,91.23747383,104.78557427,114.84927176,114.41688797,105.07252842,Cifras definitivas
46,2015,12,Quintana Roo,85.70661555,101.56633774,118.50466512,93.60648869,90.51026196,Cifras definitivas
46,2015,12,San Luis Potosí,94.88101618,106.11109704,111.83596183,120.74263945,111.23928728,Cifras definitivas
46,2015,12,Sinaloa,93.6395962,100.24575785,107.05488054,114.56635562,109.47004356,Cifras definitivas
46,2015,12,Sonora,92.82839004,101.22576487,109.04612783,112.79523119,109.42291275,Cifras definitivas
46,2015,12,Tabasco,103.95305256,108.96944692,104.82563449,147.35417392,132.59570501,Cifras definitivas
46,2015,12,Tamaulipas,90.80859238,97.19459927,107.03238176,104.05780201,113.14183768,Cifras definitivas
46,2015,12,Tlaxcala,100.64586571,105.34055191,104.66455941,114.38140749,103.24372164,Cifras definitivas
46,2015,12,Veracruz de Ignacio de la Llave,94.99322794,107.57107912,113.24078721,123.28824931,109.75670293,Cifras definitivas
46,2015,12,Yucatán,89.57543468,105.3987285,117.66476923,115.77359281,111.3947823,Cifras definitivas
46,2015,12,Zacatecas,93.09137273,112.21006203,120.53755223,120.09100306,112.5629183,Cifras definitivas
46,2016,1,Aguascalientes,94.76842287,82.77357128,87.34298701,92.51949456,77.86704433,Cifras definitivas
46,2016,1,Baja California,86.16223444,79.54148365,92.31594813,86.42861401,84.62077233,Cifras definitivas
46,2016,1,Baja California Sur,84.2244775,81.22025698,96.43307907,81.73935718,84.25203736,Cifras definitivas
46,2016,1,Campeche,89.42587538,85.56110767,95.67824448,119.228818,119.1224437,Cifras definitivas
46,2016,1,Coahuila de Zaragoza,93.94430162,83.81118529,89.21369774,86.78786362,89.65608337,Cifras definitivas
46,2016,1,Colima,85.98303544,81.7407255,95.06610819,88.29734494,79.30783167,Cifras definitivas
46,2016,1,Chiapas,82.67000947,89.3578094,108.08975343,92.85966494,94.78202707,Cifras definitivas
46,2016,1,Chihuahua,84.25203904,83.12260056,98.65945265,89.98303829,81.77951435,Cifras definitivas
46,2016,1,Ciudad de México,97.28117517,92.1134038,94.6877992,97.488455,108.68271889,Cifras definitivas
46,2016,1,Durango,93.49726691,84.66109938,90.54927719,92.08612803,91.14073585,Cifras definitivas
46,2016,1,Guanajuato,89.87739171,83.87371985,93.32015344,87.32358305,87.75230253,Cifras definitivas
46,2016,1,Guerrero,94.09284592,95.9257874,101.94801365,117.67779529,103.36712179,Cifras definitivas
46,2016,1,Hidalgo,95.26376142,88.94050935,93.36237413,90.82842063,98.60968483,Cifras definitivas
46,2016,1,Jalisco,96.07165372,91.11396554,94.83959317,89.36330278,89.03376177,Cifras definitivas
46,2016,1,México,97.37262039,87.70553257,90.07206771,87.68654193,84.64672878,Cifras definitivas
46,2016,1,Michoacán de Ocampo,89.19644181,86.03403336,96.45455762,89.57337608,86.87481455,Cifras definitivas
46,2016,1,Morelos,88.2668663,87.66107442,99.31368145,103.98675814,115.10339591,Cifras definitivas
46,2016,1,Nayarit,89.65780951,86.74118526,96.74693787,92.112962,93.24432626,Cifras definitivas
46,2016,1,Nuevo León,89.17852001,84.64977647,94.92171036,91.58773458,90.18794157,Cifras definitivas
46,2016,1,Oaxaca,80.74968724,87.78919083,108.71768527,92.14576833,95.93321472,Cifras definitivas
46,2016,1,Puebla,100.78745185,90.48627658,89.77930776,91.56288818,93.02027527,Cifras definitivas
46,2016,1,Querétaro,89.76267584,85.61971868,95.38454361,90.52463705,88.4831519,Cifras definitivas
46,2016,1,Quintana Roo,84.24440021,81.80564129,97.10513825,78.15015588,79.39458863,Cifras definitivas
46,2016,1,San Luis Potosí,92.97719438,84.70471374,91.10267771,96.50524488,91.91444289,Cifras definitivas
46,2016,1,Sinaloa,91.90142399,83.8040806,91.1890991,87.82696249,86.66788751,Cifras definitivas
46,2016,1,Sonora,91.21503646,82.95531301,90.94477866,90.3071132,90.9537054,Cifras definitivas
46,2016,1,Tabasco,102.4737172,90.04658809,87.87286199,109.24274195,106.25180529,Cifras definitivas
46,2016,1,Tamaulipas,89.92723235,87.20869871,96.97696285,97.8969766,94.40291477,Cifras definitivas
46,2016,1,Tlaxcala,99.5633428,84.90923305,85.28162139,99.56870927,98.17353541,Cifras definitivas
46,2016,1,Veracruz de Ignacio de la Llave,93.44916607,90.0584447,96.37158734,98.89898467,95.58394926,Cifras definitivas
46,2016,1,Yucatán,87.53860924,85.9252981,98.15702905,91.4042268,91.43499081,Cifras definitivas
46,2016,1,Zacatecas,90.99974066,85.57666332,94.04055737,96.78783686,93.65485749,Cifras definitivas
46,2016,2,Aguascalientes,93.19084218,86.08484059,92.37478552,85.15828079,81.19425365,Cifras definitivas
46,2016,2,Baja California,87.87388989,85.93613392,97.79484444,86.92068227,87.51426044,Cifras definitivas
46,2016,2,Baja California Sur,86.56679806,79.05201073,91.31908827,79.8372451,89.76305961,Cifras definitivas
46,2016,2,Campeche,88.7178308,84.87634662,95.66999763,108.40213484,110.34617755,Cifras definitivas
46,2016,2,Coahuila de Zaragoza,94.19943082,82.63799974,87.72664444,82.63148125,86.79840043,Cifras definitivas
46,2016,2,Colima,90.1340979,86.0344596,95.45162331,80.21774188,78.81282093,Cifras definitivas
46,2016,2,Chiapas,88.9064954,81.80188137,92.00889204,92.86197137,94.74325156,Cifras definitivas
46,2016,2,Chihuahua,83.07115958,80.49714185,96.90143036,83.53785171,79.1378157,Cifras definitivas
46,2016,2,Ciudad de México,96.43904788,91.83578981,95.22676948,90.57807277,103.93390545,Cifras definitivas
46,2016,2,Durango,93.41102252,79.12646084,84.70784144,87.47173591,97.05182727,Cifras definitivas
46,2016,2,Guanajuato,88.90803634,85.18901421,95.81700116,79.31513345,86.06249982,Cifras definitivas
46,2016,2,Guerrero,92.2454651,88.1234903,95.53151497,98.16449178,92.21937008,Cifras definitivas
46,2016,2,Hidalgo,94.65646294,86.39915517,91.27655153,82.50120214,101.53180399,Cifras definitivas
46,2016,2,Jalisco,95.97179581,90.83321422,94.6457378,84.54377465,87.69437247,Cifras definitivas
46,2016,2,México,93.29435162,85.61729269,91.77114284,78.33699973,82.87896393,Cifras definitivas
46,2016,2,Michoacán de Ocampo,100.68125791,87.49675534,86.90471013,81.00757929,87.79886644,Cifras definitivas
46,2016,2,Morelos,87.41225993,86.67659346,99.15839441,95.02545638,104.13201305,Cifras definitivas
46,2016,2,Nayarit,89.21382189,79.77860123,89.42403715,83.66272731,84.6178637,Cifras definitivas
46,2016,2,Nuevo León,89.39289817,84.66379069,94.70975035,88.78210438,90.98262554,Cifras definitivas
46,2016,2,Oaxaca,81.04570554,84.09613866,103.76384301,86.37193066,91.82151662,Cifras definitivas
46,2016,2,Puebla,100.362096,89.9828375,89.65818878,84.50615964,92.7314651,Cifras definitivas
46,2016,2,Querétaro,90.45447416,86.07896794,95.16275313,83.89733624,86.65108446,Cifras definitivas
46,2016,2,Quintana Roo,84.79506861,84.38742164,99.51925628,74.38648702,79.4589285,Cifras definitivas
46,2016,2,San Luis Potosí,92.79381277,83.37231918,89.84685152,90.62984937,91.47310804,Cifras definitivas
46,2016,2,Sinaloa,91.6958849,82.15915414,89.59960878,84.24470931,88.46820163,Cifras definitivas
46,2016,2,Sonora,92.24207893,82.80717982,89.77158882,86.7192548,89.63890523,Cifras definitivas
46,2016,2,Tabasco,101.88350926,88.25870788,86.62707883,99.93220404,104.4993269,Cifras definitivas
46,2016,2,Tamaulipas,88.83978174,86.62954561,97.51210991,92.45002477,90.77953625,Cifras definitivas
46,2016,2,Tlaxcala,99.82006822,79.46903592,79.61228372,89.22479674,92.69261099,Cifras definitivas
46,2016,2,Veracruz de Ignacio de la Llave,93.46353802,88.49615497,94.68521826,90.07277725,92.60191487,Cifras definitivas
46,2016,2,Yucatán,87.16275298,84.54101238,96.99213195,85.14158663,91.79852031,Cifras definitivas
46,2016,2,Zacatecas,91.15958781,82.87540508,90.91243946,86.11481005,90.0769144,Cifras definitivas
46,2016,3,Aguascalientes,93.55335768,93.51360273,99.95750559,88.58437166,81.83841544,Cifras definitivas
46,2016,3,Baja California,87.68679359,88.09392884,100.46430624,92.00860513,92.99034736,Cifras definitivas
46,2016,3,Baja California Sur,87.4473543,84.51861382,96.65085296,84.94331692,90.40361066,Cifras definitivas
46,2016,3,Campeche,89.66026136,88.6317247,98.85285115,111.09197171,114.48698051,Cifras definitivas
46,2016,3,Coahuila de Zaragoza,94.56036944,88.6021325,93.69901263,86.66339285,92.04481159,Cifras definitivas
46,2016,3,Colima,90.34450482,89.91187961,99.52113832,84.51855512,84.43507477,Cifras definitivas
46,2016,3,Chiapas,88.75919906,88.01971077,99.16686011,93.94969539,99.72387078,Cifras definitivas
46,2016,3,Chihuahua,84.36428455,87.66413365,103.91142901,94.34174297,89.43715303,Cifras definitivas
46,2016,3,Ciudad de México,96.25728528,94.37922749,98.04891881,93.39318496,112.16215677,Cifras definitivas
46,2016,3,Durango,95.18146573,85.10410707,89.41247796,92.8373727,101.15442381,Cifras definitivas
46,2016,3,Guanajuato,89.18818233,86.91477089,97.45099476,83.8650948,90.33269655,Cifras definitivas
46,2016,3,Guerrero,92.73950643,93.30466162,100.60940069,116.33227768,101.43994804,Cifras definitivas
46,2016,3,Hidalgo,94.45807102,89.51788079,94.76996494,91.87353467,102.08441638,Cifras definitivas
46,2016,3,Jalisco,96.88286234,94.70847377,97.75565201,88.01007253,92.12861203,Cifras definitivas
46,2016,3,México,92.8463764,89.84588422,96.76832603,79.38490179,83.14753762,Cifras definitivas
46,2016,3,Michoacán de Ocampo,107.90067301,90.69189357,84.05127701,90.00913217,90.9113768,Cifras definitivas
46,2016,3,Morelos,86.96075252,91.70446534,105.45500434,99.30208253,108.55522695,Cifras definitivas
46,2016,3,Nayarit,89.3840754,81.38459023,91.05043585,90.16217917,91.26774703,Cifras definitivas
46,2016,3,Nuevo León,89.34880045,87.93484365,98.41748653,93.34976422,96.7052146,Cifras definitivas
46,2016,3,Oaxaca,81.64642607,86.29507,105.69362819,89.77463703,96.49469823,Cifras definitivas
46,2016,3,Puebla,101.31277138,89.94794147,88.78243112,87.86585781,97.73848187,Cifras definitivas
46,2016,3,Querétaro,90.70004558,85.69345013,94.48005189,86.96445065,90.63565946,Cifras definitivas
46,2016,3,Quintana Roo,84.8997891,89.55315932,105.48101505,80.57041218,84.43588773,Cifras definitivas
46,2016,3,San Luis Potosí,93.41430624,87.11640156,93.25809404,92.30911057,99.701118,Cifras definitivas
46,2016,3,Sinaloa,92.18989331,77.00788593,83.53180936,91.74575112,99.26436398,Cifras definitivas
46,2016,3,Sonora,91.53910091,86.32536371,94.30436049,92.85679377,97.33872515,Cifras definitivas
46,2016,3,Tabasco,101.70809058,96.14276085,94.52813469,103.79462023,111.56466301,Cifras definitivas
46,2016,3,Tamaulipas,88.76681436,88.17416673,99.33235451,99.19883516,132.45498702,Cifras definitivas
46,2016,3,Tlaxcala,100.11808779,81.7026653,81.60629823,92.61822014,97.05100962,Cifras definitivas
46,2016,3,Veracruz de Ignacio de la Llave,93.58143539,89.67497061,95.82559857,96.53083439,100.2205163,Cifras definitivas
46,2016,3,Yucatán,88.45742518,88.3458617,99.8738789,90.40206723,93.94991564,Cifras definitivas
46,2016,3,Zacatecas,91.77534712,80.79451476,88.0350958,89.86840583,94.91903465,Cifras definitivas
46,2016,4,Aguascalientes,94.78838974,85.9811858,90.70856255,90.63308404,84.17361944,Cifras definitivas
46,2016,4,Baja California,88.62010569,88.08363518,99.39464018,92.4164004,92.4795504,Cifras definitivas
46,2016,4,Baja California Sur,88.24736363,85.88098716,97.31847347,82.96869794,89.18943798,Cifras definitivas
46,2016,4,Campeche,90.89835893,87.24153005,95.97701331,109.28800139,118.169956,Cifras definitivas
46,2016,4,Coahuila de Zaragoza,94.81014723,85.05479213,89.71064239,87.30582818,91.99714017,Cifras definitivas
46,2016,4,Colima,88.7187342,94.71219589,106.7555762,84.89899211,80.78147841,Cifras definitivas
46,2016,4,Chiapas,89.51159505,85.40117452,95.40794628,96.95031934,102.04260411,Cifras definitivas
46,2016,4,Chihuahua,85.70947881,88.3907912,103.12837323,93.96806231,89.05154662,Cifras definitivas
46,2016,4,Ciudad de México,95.58931745,89.92979459,94.07933542,94.11417905,103.50525754,Cifras definitivas
46,2016,4,Durango,94.68590535,83.74124568,88.44108885,95.11031701,102.39775843,Cifras definitivas
46,2016,4,Guanajuato,89.30776477,87.28710237,97.73741689,82.5194562,88.47767974,Cifras definitivas
46,2016,4,Guerrero,93.00192733,90.56250069,97.37701496,98.8257074,95.86120325,Cifras definitivas
46,2016,4,Hidalgo,95.23768883,85.82882505,90.12065087,91.76958834,103.19397115,Cifras definitivas
46,2016,4,Jalisco,96.69815036,91.56450705,94.69106359,89.03536587,91.85274569,Cifras definitivas
46,2016,4,México,92.97975656,86.30876328,92.82532723,79.73040261,85.26986072,Cifras definitivas
46,2016,4,Michoacán de Ocampo,90.60551832,87.83623094,96.94357758,86.52390348,92.01172628,Cifras definitivas
46,2016,4,Morelos,87.11252537,87.89747186,100.9010719,96.42552387,106.7005793,Cifras definitivas
46,2016,4,Nayarit,90.0899919,81.57350556,90.54668986,88.57803562,89.71361519,Cifras definitivas
46,2016,4,Nuevo León,89.63397165,85.86841926,95.79896738,95.33601203,94.5654849,Cifras definitivas
46,2016,4,Oaxaca,81.98874306,82.6619603,100.82110936,89.12094728,96.25821574,Cifras definitivas
46,2016,4,Puebla,101.60339189,92.35694272,90.89946802,88.16385164,95.85049348,Cifras definitivas
46,2016,4,Querétaro,90.4211513,83.06035717,91.8594333,88.01408832,88.93513862,Cifras definitivas
46,2016,4,Quintana Roo,85.73071026,86.85664192,101.31333528,78.10142369,82.40626773,Cifras definitivas
46,2016,4,San Luis Potosí,93.30397955,87.29488231,93.55965601,93.16666532,93.38168388,Cifras definitivas
46,2016,4,Sinaloa,96.61890354,83.83799728,86.77183678,93.49546007,100.83328057,Cifras definitivas
46,2016,4,Sonora,91.89728355,86.34627036,93.95954595,93.57605616,96.59995009,Cifras definitivas
46,2016,4,Tabasco,102.79662788,92.63578956,90.1155918,105.6500743,117.95556419,Cifras definitivas
46,2016,4,Tamaulipas,88.90243378,88.69996867,99.77226145,97.20767131,99.35614192,Cifras definitivas
46,2016,4,Tlaxcala,100.39045056,83.47162338,83.14697555,94.84392017,99.77516692,Cifras definitivas
46,2016,4,Veracruz de Ignacio de la Llave,93.83473267,88.65677772,94.48183545,96.5673387,99.91710363,Cifras definitivas
46,2016,4,Yucatán,90.35323605,86.93486262,96.21665634,91.18786793,97.01196818,Cifras definitivas
46,2016,4,Zacatecas,92.77380744,84.75258349,91.3539994,88.00140149,94.00992666,Cifras definitivas
46,2016,5,Aguascalientes,93.70127821,104.70381214,111.74213857,93.09698647,79.96606536,Cifras definitivas
46,2016,5,Baja California,87.12025617,97.9475244,112.42795729,98.0550495,94.94795286,Cifras definitivas
46,2016,5,Baja California Sur,92.60221268,94.19857538,101.72389261,89.98139826,92.39520902,Cifras definitivas
46,2016,5,Campeche,90.73165765,93.26618381,102.7934309,107.94977629,113.04688192,Cifras definitivas
46,2016,5,Coahuila de Zaragoza,95.62764826,98.22016477,102.7110533,94.75425239,95.72814749,Cifras definitivas
46,2016,5,Colima,89.15443897,97.35283367,109.19572238,87.91024898,78.65117045,Cifras definitivas
46,2016,5,Chiapas,91.55270395,96.94644963,105.89141057,96.87040086,101.7869322,Cifras definitivas
46,2016,5,Chihuahua,86.0020032,99.53225453,115.73248393,97.46391266,90.63147295,Cifras definitivas
46,2016,5,Ciudad de México,95.43186206,98.25762646,102.96102826,95.25656405,102.94185002,Cifras definitivas
46,2016,5,Durango,95.84072892,93.04738018,97.08542624,98.99542341,100.76420103,Cifras definitivas
46,2016,5,Guanajuato,90.10371643,99.16099286,110.05205644,89.53095075,90.74338489,Cifras definitivas
46,2016,5,Guerrero,92.56899541,105.06560848,113.49978253,123.30844079,99.58158568,Cifras definitivas
46,2016,5,Hidalgo,94.8554844,95.40211442,100.57627666,91.08585073,101.57585174,Cifras definitivas
46,2016,5,Jalisco,96.18038455,106.35524044,110.57893035,92.30496477,93.37871318,Cifras definitivas
46,2016,5,México,95.24658191,97.92552678,102.81264148,84.94797586,86.13077476,Cifras definitivas
46,2016,5,Michoacán de Ocampo,91.97376464,94.15256487,102.36893666,90.9061568,94.73894484,Cifras definitivas
46,2016,5,Morelos,86.60035227,93.63382677,108.121762,97.924984,101.20063441,Cifras definitivas
46,2016,5,Nayarit,90.37485919,93.12477159,103.04278471,95.7569298,90.34433202,Cifras definitivas
46,2016,5,Nuevo León,91.46551446,94.83867565,103.6879049,97.92126895,98.01634667,Cifras definitivas
46,2016,5,Oaxaca,82.56615358,96.43451641,116.79666816,93.57005911,100.13172025,Cifras definitivas
46,2016,5,Puebla,101.58817214,97.02444571,95.50762029,91.19977571,95.41888455,Cifras definitivas
46,2016,5,Querétaro,90.8652166,91.59070148,100.7984187,100.40407754,91.42949938,Cifras definitivas
46,2016,5,Quintana Roo,86.03724313,93.32957726,108.47578777,81.02713278,83.39131954,Cifras definitivas
46,2016,5,San Luis Potosí,93.19572049,100.13203798,107.44274249,97.44856545,100.9166413,Cifras definitivas
46,2016,5,Sinaloa,97.4864235,99.57785725,102.14535899,104.93768966,105.93983061,Cifras definitivas
46,2016,5,Sonora,92.35006949,97.38032094,105.44693846,100.01760113,99.24253508,Cifras definitivas
46,2016,5,Tabasco,104.40047196,96.35520836,92.29384365,110.0321552,119.02839755,Cifras definitivas
46,2016,5,Tamaulipas,88.75637234,102.12318044,115.06011089,101.73094995,100.68917626,Cifras definitivas
46,2016,5,Tlaxcala,99.73923521,84.99420138,85.21641579,96.2459957,97.53977833,Cifras definitivas
46,2016,5,Veracruz de Ignacio de la Llave,94.04782745,94.78286994,100.78156243,99.55271046,101.66092955,Cifras definitivas
46,2016,5,Yucatán,90.58798904,94.20795101,103.99607278,95.12005011,97.94021518,Cifras definitivas
46,2016,5,Zacatecas,92.75770383,92.82940558,100.07730005,94.89738857,99.30285089,Cifras definitivas
46,2016,6,Aguascalientes,94.57234518,89.92700162,95.08805291,94.53387294,95.73883439,Cifras definitivas
46,2016,6,Baja California,87.53613729,92.83015444,106.04780758,97.84818547,99.05551439,Cifras definitivas
46,2016,6,Baja California Sur,94.08955863,89.24166986,94.8475805,85.93192405,92.97462926,Cifras definitivas
46,2016,6,Campeche,94.24641801,89.46888966,94.93081175,104.19092997,112.66867002,Cifras definitivas
46,2016,6,Coahuila de Zaragoza,95.93277315,89.38762539,93.17735999,92.76179688,98.798653,Cifras definitivas
46,2016,6,Colima,89.40514433,88.48388539,98.96956831,87.32432467,83.26824842,Cifras definitivas
46,2016,6,Chiapas,92.50619112,89.38597602,96.62702024,94.91862575,102.39889622,Cifras definitivas
46,2016,6,Chihuahua,87.75446051,89.55704779,102.0541261,99.28836025,95.36648244,Cifras definitivas
46,2016,6,Ciudad de México,96.39011202,93.78085982,97.29302919,98.99626884,106.71414763,Cifras definitivas
46,2016,6,Durango,97.31353742,85.59881802,87.96188104,98.60727547,106.34163015,Cifras definitivas
46,2016,6,Guanajuato,91.2381834,89.49834813,98.09308427,88.60232283,95.81054446,Cifras definitivas
46,2016,6,Guerrero,92.63508752,91.55914679,98.83851707,106.02004824,108.63105115,Cifras definitivas
46,2016,6,Hidalgo,95.33273759,88.74341081,93.08807557,91.25424396,104.33662289,Cifras definitivas
46,2016,6,Jalisco,96.75077307,98.3086521,101.61019802,91.93772841,97.42638508,Cifras definitivas
46,2016,6,México,94.75377113,89.1367415,94.07197248,83.52400692,90.44563743,Cifras definitivas
46,2016,6,Michoacán de Ocampo,92.49077794,87.42605897,94.5240822,83.16742568,93.67234481,Cifras definitivas
46,2016,6,Morelos,87.47083053,88.36943881,101.02732337,98.9201245,104.87469219,Cifras definitivas
46,2016,6,Nayarit,91.20344732,86.20302567,94.51728877,94.81577363,104.42115642,Cifras definitivas
46,2016,6,Nuevo León,90.99986426,89.29926051,98.13120188,99.15859436,101.95041137,Cifras definitivas
46,2016,6,Oaxaca,84.43713927,86.29176509,102.19645743,85.91733919,106.47233462,Cifras definitivas
46,2016,6,Puebla,103.20331413,96.97543637,93.96542852,95.7298723,99.79001476,Cifras definitivas
46,2016,6,Querétaro,91.95532617,90.67458739,98.60721632,99.97286961,92.34411573,Cifras definitivas
46,2016,6,Quintana Roo,88.36298604,89.87992002,101.71670747,80.97153576,85.41269121,Cifras definitivas
46,2016,6,San Luis Potosí,95.25474321,90.43907497,94.94443208,95.33728604,96.79215595,Cifras definitivas
46,2016,6,Sinaloa,97.78449011,90.54501901,92.59650371,122.21901127,128.55584065,Cifras definitivas
46,2016,6,Sonora,95.19374101,96.68406197,101.56556612,100.79972086,103.23177838,Cifras definitivas
46,2016,6,Tabasco,104.82817052,92.07032446,87.82975416,107.27233164,116.23534579,Cifras definitivas
46,2016,6,Tamaulipas,88.70291992,91.68667549,103.36376252,100.23547538,102.13202239,Cifras definitivas
46,2016,6,Tlaxcala,99.08783329,84.3584825,85.13505614,94.46307763,98.62141909,Cifras definitivas
46,2016,6,Veracruz de Ignacio de la Llave,94.32458093,89.86937317,95.27672669,97.82315777,101.24074848,Cifras definitivas
46,2016,6,Yucatán,90.80594885,90.86522405,100.06527678,95.60832026,103.94837723,Cifras definitivas
46,2016,6,Zacatecas,93.47859257,85.48390986,91.44757908,100.01248339,103.13427439,Cifras definitivas
46,2016,7,Aguascalientes,95.41642331,91.11088031,95.48762902,95.54698879,93.91889829,Cifras definitivas
46,2016,7,Baja California,88.13565059,96.03090985,108.95807679,101.72395907,100.48470195,Cifras definitivas
46,2016,7,Baja California Sur,96.14323765,90.22310852,93.84238634,90.03142893,94.86774445,Cifras definitivas
46,2016,7,Campeche,93.8260122,88.54509222,94.37158219,107.45263773,110.3107082,Cifras definitivas
46,2016,7,Coahuila de Zaragoza,96.52999938,92.61961521,95.94904776,93.87464406,97.52541968,Cifras definitivas
46,2016,7,Colima,90.57477457,89.49289746,98.80554259,90.55629757,83.65396366,Cifras definitivas
46,2016,7,Chiapas,92.94796594,88.92192893,95.66850445,97.90343798,101.47502055,Cifras definitivas
46,2016,7,Chihuahua,90.94445796,92.84895088,102.09412752,102.20306719,95.91626202,Cifras definitivas
46,2016,7,Ciudad de México,96.07445557,93.70913733,97.53803628,99.28234069,111.07872625,Cifras definitivas
46,2016,7,Durango,101.02896405,88.91270907,88.00714716,101.92318239,107.44671159,Cifras definitivas
46,2016,7,Guanajuato,92.76764019,90.52621054,97.58382379,89.62714431,93.49057354,Cifras definitivas
46,2016,7,Guerrero,98.58366458,92.67384915,94.00527922,113.89167123,99.98058982,Cifras definitivas
46,2016,7,Hidalgo,96.5326026,90.77816701,94.03886828,95.50757172,100.07699923,Cifras definitivas
46,2016,7,Jalisco,97.52961272,95.32232714,97.73680473,93.13213012,95.60728903,Cifras definitivas
46,2016,7,México,94.57320425,90.34841677,95.53278594,86.39498233,86.66624052,Cifras definitivas
46,2016,7,Michoacán de Ocampo,91.92671998,88.63436824,96.41850406,85.33823818,91.38481084,Cifras definitivas
46,2016,7,Morelos,90.56984853,92.43170962,102.05571845,100.77264979,103.98251106,Cifras definitivas
46,2016,7,Nayarit,93.90670378,89.18643326,94.9734467,95.00025226,101.9978728,Cifras definitivas
46,2016,7,Nuevo León,91.17640737,90.37779891,99.12410624,99.1807272,98.80419791,Cifras definitivas
46,2016,7,Oaxaca,85.09885702,87.98313277,103.38932372,92.61056201,95.42644534,Cifras definitivas
46,2016,7,Puebla,102.9769444,94.66922833,91.9324504,96.35475604,103.10589938,Cifras definitivas
46,2016,7,Querétaro,92.43115419,87.80472669,94.99473144,95.06241957,96.09686586,Cifras definitivas
46,2016,7,Quintana Roo,90.7690493,90.78245512,100.01476915,88.89464055,93.99086539,Cifras definitivas
46,2016,7,San Luis Potosí,95.18162565,87.68377147,92.12258235,97.9280867,100.24608941,Cifras definitivas
46,2016,7,Sinaloa,99.6180426,94.57948363,94.94212209,108.4745398,119.57047617,Cifras definitivas
46,2016,7,Sonora,96.27746541,94.63857377,98.29774119,102.26340916,104.16317935,Cifras definitivas
46,2016,7,Tabasco,105.72685654,95.59509771,90.41704335,107.51822357,113.6369102,Cifras definitivas
46,2016,7,Tamaulipas,91.0121552,92.84079486,102.00922575,103.17267514,104.57328347,Cifras definitivas
46,2016,7,Tlaxcala,101.52679451,88.83381038,87.49789729,102.09327156,105.79432688,Cifras definitivas
46,2016,7,Veracruz de Ignacio de la Llave,95.84434032,92.30619186,96.30844299,100.61540349,102.32732062,Cifras definitivas
46,2016,7,Yucatán,91.74446108,88.38257201,96.33559451,96.16275367,99.3501249,Cifras definitivas
46,2016,7,Zacatecas,95.45385701,88.5387514,92.7555514,103.85143103,103.19582695,Cifras definitivas
46,2016,8,Aguascalientes,95.52876551,87.71314617,91.81856973,97.39491618,96.83671692,Cifras definitivas
46,2016,8,Baja California,88.1356146,92.32482145,104.75313739,103.98928157,103.37659707,Cifras definitivas
46,2016,8,Baja California Sur,95.280064,89.20382372,93.62275798,86.23215486,94.26163888,Cifras definitivas
46,2016,8,Campeche,92.94831018,90.59287653,97.46586716,106.66773887,108.53435471,Cifras definitivas
46,2016,8,Coahuila de Zaragoza,96.57851051,89.78893718,92.96989227,100.61952199,102.61520456,Cifras definitivas
46,2016,8,Colima,91.7120318,87.41516099,95.31482323,89.14982667,83.49749065,Cifras definitivas
46,2016,8,Chiapas,93.06213805,89.24764461,95.90113281,101.12266017,101.41478606,Cifras definitivas
46,2016,8,Chihuahua,91.73238363,89.38508285,97.44114272,99.85934903,95.0677426,Cifras definitivas
46,2016,8,Ciudad de México,96.91238576,101.99624249,105.24582765,99.83063269,111.2723085,Cifras definitivas
46,2016,8,Durango,101.67136462,86.83916976,85.41162999,101.02906404,102.59707278,Cifras definitivas
46,2016,8,Guanajuato,94.01381126,89.73194511,95.44549243,90.35326039,94.04280889,Cifras definitivas
46,2016,8,Guerrero,97.99114097,93.40954271,95.32447708,124.53439077,96.75582172,Cifras definitivas
46,2016,8,Hidalgo,96.33052927,91.79164185,95.28821501,90.36314436,102.62323316,Cifras definitivas
46,2016,8,Jalisco,99.47772025,95.34642235,95.84701188,95.86334094,102.31718275,Cifras definitivas
46,2016,8,México,94.76827895,81.86085839,86.38002008,86.66001964,84.03411544,Cifras definitivas
46,2016,8,Michoacán de Ocampo,95.48550816,87.70874644,91.85555812,84.53671051,85.65297924,Cifras definitivas
46,2016,8,Morelos,91.94845743,89.93434129,97.80951612,102.21971084,103.41750411,Cifras definitivas
46,2016,8,Nayarit,93.70336251,87.99206758,93.90491998,95.71612875,98.68200011,Cifras definitivas
46,2016,8,Nuevo León,92.36847209,90.38961802,97.85765205,102.18079539,101.62458353,Cifras definitivas
46,2016,8,Oaxaca,85.40795953,89.00086107,104.20675258,92.7073901,97.81113753,Cifras definitivas
46,2016,8,Puebla,102.98164003,96.29697144,93.50887344,100.39536481,106.34494567,Cifras definitivas
46,2016,8,Querétaro,93.77303479,89.6115879,95.5622137,95.15314803,95.80329305,Cifras definitivas
46,2016,8,Quintana Roo,90.46648962,90.3918396,99.91748324,86.40462438,91.75378876,Cifras definitivas
46,2016,8,San Luis Potosí,96.76492885,87.30231305,90.22102748,100.04016508,98.84630222,Cifras definitivas
46,2016,8,Sinaloa,99.03342246,92.80970711,93.71554048,106.72495477,103.28418456,Cifras definitivas
46,2016,8,Sonora,96.0395903,93.22058119,97.06474267,102.26979006,100.0452605,Cifras definitivas
46,2016,8,Tabasco,104.68934833,94.63865812,90.3995102,108.54537869,112.14175285,Cifras definitivas
46,2016,8,Tamaulipas,92.08518021,93.42020736,101.44977416,103.47252737,100.55146364,Cifras definitivas
46,2016,8,Tlaxcala,101.95783943,88.41188659,86.71416252,101.85262356,103.49935306,Cifras definitivas
46,2016,8,Veracruz de Ignacio de la Llave,96.13226379,92.66444742,96.39266128,101.04240585,103.96889114,Cifras definitivas
46,2016,8,Yucatán,91.00253492,91.20891544,100.22678546,98.2520258,103.61428779,Cifras definitivas
46,2016,8,Zacatecas,95.24903215,87.69631819,92.07056094,101.99565038,102.56636551,Cifras definitivas
46,2016,9,Aguascalientes,96.14483188,89.36988667,92.95339637,92.03254358,96.81757389,Cifras definitivas
46,2016,9,Baja California,88.78498904,96.95905925,109.20659032,97.63447143,102.34840554,Cifras definitivas
46,2016,9,Baja California Sur,95.44455894,85.85115784,89.9487187,82.09424729,90.10898452,Cifras definitivas
46,2016,9,Campeche,95.1768927,87.97011954,92.42802223,99.56538175,104.67240595,Cifras definitivas
46,2016,9,Coahuila de Zaragoza,96.87019807,91.07069822,94.01312275,95.77159908,102.56410012,Cifras definitivas
46,2016,9,Colima,92.74104599,88.5277211,95.45689307,82.11427583,81.87479158,Cifras definitivas
46,2016,9,Chiapas,94.99398291,89.49641251,94.21271724,93.67333059,101.27007177,Cifras definitivas
46,2016,9,Chihuahua,92.3055983,91.34529745,98.95965048,100.28944189,96.33457479,Cifras definitivas
46,2016,9,Ciudad de México,97.0729678,91.99648261,94.77044402,95.00957191,104.82596736,Cifras definitivas
46,2016,9,Durango,101.96916823,89.15537499,87.43365915,93.63918353,99.76382789,Cifras definitivas
46,2016,9,Guanajuato,94.98068545,90.19867478,94.96528094,85.47158056,94.33066587,Cifras definitivas
46,2016,9,Guerrero,97.63082743,92.25793998,94.4967306,87.26300389,93.27109018,Cifras definitivas
46,2016,9,Hidalgo,96.25946233,88.62398853,92.06782002,95.9827084,102.45350321,Cifras definitivas
46,2016,9,Jalisco,98.82504224,95.6075239,96.74422771,89.92647115,97.21747796,Cifras definitivas
46,2016,9,México,95.60861865,89.55097805,93.66412706,77.89261937,86.71002173,Cifras definitivas
46,2016,9,Michoacán de Ocampo,93.18342737,89.13058154,95.65067959,77.99696847,84.73652493,Cifras definitivas
46,2016,9,Morelos,92.63076967,89.94116036,97.09641913,93.44792019,101.31432542,Cifras definitivas
46,2016,9,Nayarit,93.15614896,86.99451248,93.38569,86.38670006,90.09981617,Cifras definitivas
46,2016,9,Nuevo León,92.24472446,89.35727675,96.86979637,96.58510267,100.01998563,Cifras definitivas
46,2016,9,Oaxaca,85.98083918,88.649686,103.10400183,88.02861196,95.44257949,Cifras definitivas
46,2016,9,Puebla,104.12275401,93.18029564,89.49080969,92.89510166,104.51449683,Cifras definitivas
46,2016,9,Querétaro,94.28678254,88.88024428,94.26585772,92.14487399,96.11875614,Cifras definitivas
46,2016,9,Quintana Roo,91.91924247,88.98819429,96.81127901,79.55034926,86.65772086,Cifras definitivas
46,2016,9,San Luis Potosí,95.76290971,87.13946759,90.99500825,93.42014449,97.05409455,Cifras definitivas
46,2016,9,Sinaloa,99.77067473,93.95684924,94.17281129,93.43182245,102.57884252,Cifras definitivas
46,2016,9,Sonora,95.97988248,93.39059884,97.30226421,95.34411944,98.31924498,Cifras definitivas
46,2016,9,Tabasco,106.57780116,93.67607485,87.89454636,103.72654072,113.02055882,Cifras definitivas
46,2016,9,Tamaulipas,92.03986238,92.76655744,100.78954384,98.10380265,100.43668931,Cifras definitivas
46,2016,9,Tlaxcala,101.89026517,89.78719142,88.12146211,94.02955634,103.5949138,Cifras definitivas
46,2016,9,Veracruz de Ignacio de la Llave,96.4640666,92.09234054,95.46802637,93.35442498,99.32792766,Cifras definitivas
46,2016,9,Yucatán,92.01300962,88.3909076,96.06348924,92.58136236,98.2380945,Cifras definitivas
46,2016,9,Zacatecas,96.29154947,86.21609694,89.53651428,95.42821347,100.23572958,Cifras definitivas
46,2016,10,Aguascalientes,97.22109433,87.020852,89.50820046,97.95644041,106.02111221,Cifras definitivas
46,2016,10,Baja California,89.43104039,93.36584264,104.39981715,103.2854762,107.63608479,Cifras definitivas
46,2016,10,Baja California Sur,96.74565837,87.04472514,89.97274566,92.99115462,112.43101462,Cifras definitivas
46,2016,10,Campeche,96.90820494,89.73785239,92.60088188,106.91078539,115.32779971,Cifras definitivas
46,2016,10,Coahuila de Zaragoza,97.31047974,88.72408283,91.17628756,101.33819082,110.15289216,Cifras definitivas
46,2016,10,Colima,92.21823453,90.33372265,97.95646502,88.35172626,92.48601383,Cifras definitivas
46,2016,10,Chiapas,94.66301126,86.87891534,91.77704595,99.94271829,106.67161351,Cifras definitivas
46,2016,10,Chihuahua,91.77963858,90.55908043,98.67012099,104.86609741,104.48982139,Cifras definitivas
46,2016,10,Ciudad de México,97.3539431,91.01214964,93.48583811,104.38558971,116.7671045,Cifras definitivas
46,2016,10,Durango,103.7845306,86.65858572,83.49855727,102.76278595,109.96036181,Cifras definitivas
46,2016,10,Guanajuato,95.64056301,90.96509001,95.11141209,92.78679974,110.2445507,Cifras definitivas
46,2016,10,Guerrero,98.54234562,90.93388534,92.27899414,107.81282427,105.1523353,Cifras definitivas
46,2016,10,Hidalgo,97.14292511,91.50777497,94.19911421,101.31282144,109.70280379,Cifras definitivas
46,2016,10,Jalisco,99.16678425,95.11215951,95.91130763,96.68680668,110.763235,Cifras definitivas
46,2016,10,México,96.31027871,90.60335607,94.07444074,86.14572805,100.95703869,Cifras definitivas
46,2016,10,Michoacán de Ocampo,92.79776722,87.94040675,94.76564942,89.25438325,98.6242402,Cifras definitivas
46,2016,10,Morelos,93.53704339,88.95549503,95.10188884,96.45674462,110.79816812,Cifras definitivas
46,2016,10,Nayarit,93.88653693,87.10714404,92.77916397,97.79490051,106.5403136,Cifras definitivas
46,2016,10,Nuevo León,94.8144639,89.00148467,93.86910078,104.41467378,110.83273725,Cifras definitivas
46,2016,10,Oaxaca,86.44543075,89.52416688,103.56147931,95.4107296,104.11217672,Cifras definitivas
46,2016,10,Puebla,104.84255289,97.20495799,92.71517653,98.65325805,116.29263656,Cifras definitivas
46,2016,10,Querétaro,95.27573825,90.19839436,94.67089525,96.50358543,105.26424889,Cifras definitivas
46,2016,10,Quintana Roo,92.58501967,89.88439332,97.08308497,84.20755939,96.00616021,Cifras definitivas
46,2016,10,San Luis Potosí,96.46760486,89.72316313,93.00859419,101.77269414,106.80303626,Cifras definitivas
46,2016,10,Sinaloa,99.96544794,93.01413504,93.04628445,105.11840082,114.60804415,Cifras definitivas
46,2016,10,Sonora,95.90072841,92.72518308,96.68871615,105.69218047,112.87949547,Cifras definitivas
46,2016,10,Tabasco,106.22584273,94.90231211,89.34013576,109.16236338,130.73082786,Cifras definitivas
46,2016,10,Tamaulipas,91.8609905,92.09052009,100.24986623,105.27864448,111.74260501,Cifras definitivas
46,2016,10,Tlaxcala,101.30435315,90.97832407,89.80692462,101.24101829,116.64410342,Cifras definitivas
46,2016,10,Veracruz de Ignacio de la Llave,96.76970883,92.76268122,95.85921291,98.67582929,109.31329521,Cifras definitivas
46,2016,10,Yucatán,93.04368187,89.8627333,96.58123098,96.41918762,109.95195371,Cifras definitivas
46,2016,10,Zacatecas,94.86440142,85.31236247,89.93084992,102.14142008,109.12496317,Cifras definitivas
46,2016,11,Aguascalientes,97.7044878,89.95019092,92.06352026,105.20728963,107.63129702,Cifras definitivas
46,2016,11,Baja California,90.82799331,95.40719521,105.04161959,104.09116394,108.02468342,Cifras definitivas
46,2016,11,Baja California Sur,96.55990698,88.27654431,91.42152998,96.83132968,103.4650446,Cifras definitivas
46,2016,11,Campeche,96.43756204,90.1449996,93.47498806,110.81335427,117.29541066,Cifras definitivas
46,2016,11,Coahuila de Zaragoza,97.63686477,88.22361315,90.35891654,103.42519068,112.28439696,Cifras definitivas
46,2016,11,Colima,92.62485871,92.66995649,100.04868864,94.53670293,94.01874028,Cifras definitivas
46,2016,11,Chiapas,94.84132714,92.61883104,97.65661641,106.4513838,106.80148598,Cifras definitivas
46,2016,11,Chihuahua,92.45380813,90.88934348,98.30784185,109.86886568,107.85069494,Cifras definitivas
46,2016,11,Ciudad de México,98.21129778,92.59519236,94.2816096,113.83893849,117.78267313,Cifras definitivas
46,2016,11,Durango,104.19454482,88.9787596,85.39675446,105.56012074,115.31283881,Cifras definitivas
46,2016,11,Guanajuato,96.7643602,93.24106983,96.35889664,100.59198328,110.88875918,Cifras definitivas
46,2016,11,Guerrero,98.9909385,90.92370904,91.85053745,128.50496682,94.95985341,Cifras definitivas
46,2016,11,Hidalgo,98.01613875,91.46788496,93.31920858,123.95315126,111.63485042,Cifras definitivas
46,2016,11,Jalisco,99.94991937,96.13255796,96.18072587,106.81287085,110.80838017,Cifras definitivas
46,2016,11,México,96.91318508,92.56002395,95.50818485,94.82371691,94.93251998,Cifras definitivas
46,2016,11,Michoacán de Ocampo,93.73249902,90.83256006,96.90615423,102.19803514,96.38168423,Cifras definitivas
46,2016,11,Morelos,94.07664983,90.70608564,96.4172149,106.1990321,112.44965492,Cifras definitivas
46,2016,11,Nayarit,95.07690044,88.42454524,93.00318461,99.84780245,103.69087819,Cifras definitivas
46,2016,11,Nuevo León,93.60541485,90.73429895,96.93274593,106.65479444,108.77644216,Cifras definitivas
46,2016,11,Oaxaca,86.03767456,92.53501157,107.5517348,99.27428189,105.06004572,Cifras definitivas
46,2016,11,Puebla,105.00598563,95.54300794,90.98815402,105.16777618,115.26628048,Cifras definitivas
46,2016,11,Querétaro,95.22007604,93.80443212,98.5132926,104.60273163,102.98562739,Cifras definitivas
46,2016,11,Quintana Roo,93.12503053,91.0352353,97.75592532,92.68782378,101.70571778,Cifras definitivas
46,2016,11,San Luis Potosí,96.92913773,89.77658131,92.62083973,106.68887987,109.03130915,Cifras definitivas
46,2016,11,Sinaloa,100.09318096,94.88791097,94.79957582,106.996286,110.83100129,Cifras definitivas
46,2016,11,Sonora,97.32617454,90.34062876,92.82254151,106.61604215,109.8228944,Cifras definitivas
46,2016,11,Tabasco,107.43171973,93.41742998,86.95516577,113.3423449,123.40857654,Cifras definitivas
46,2016,11,Tamaulipas,92.12016027,89.2337188,96.86665605,104.15190427,108.89150079,Cifras definitivas
46,2016,11,Tlaxcala,100.04184308,92.42099967,92.38234405,104.00026371,114.61705046,Cifras definitivas
46,2016,11,Veracruz de Ignacio de la Llave,97.61774044,92.98739713,95.25665797,103.53107815,108.22523743,Cifras definitivas
46,2016,11,Yucatán,93.18852423,91.44286025,98.12673932,105.85899067,115.14043625,Cifras definitivas
46,2016,11,Zacatecas,95.01859055,86.86146899,91.41523621,106.80226694,114.64999282,Cifras definitivas
46,2016,12,Aguascalientes,97.06110068,117.14389409,120.69087747,120.07812763,109.00304629,Cifras definitivas
46,2016,12,Baja California,89.98508788,115.42532303,128.27161227,120.61524531,116.18899651,Cifras definitivas
46,2016,12,Baja California Sur,96.89994569,106.66417974,110.07661457,115.70286753,111.59081969,Cifras definitivas
46,2016,12,Campeche,99.68595851,117.82071562,118.19188718,137.90541479,128.64109974,Cifras definitivas
46,2016,12,Coahuila de Zaragoza,97.61282247,113.48294973,116.25824032,128.53917792,124.75960446,Cifras definitivas
46,2016,12,Colima,92.69998734,112.45535485,121.31107897,115.42395644,101.46871368,Cifras definitivas
46,2016,12,Chiapas,97.65111727,115.94425071,118.73315324,124.53710773,117.41071084,Cifras definitivas
46,2016,12,Chihuahua,93.73127733,119.57793675,127.57527706,128.62026884,117.17171008,Cifras definitivas
46,2016,12,Ciudad de México,99.03079206,119.30476012,120.47238807,126.39003929,115.8100347,Cifras definitivas
46,2016,12,Durango,105.97115673,113.35452942,106.96734179,137.34759006,122.07940154,Cifras definitivas
46,2016,12,Guanajuato,98.37919048,118.47044981,120.42226535,115.85967067,112.56842971,Cifras definitivas
46,2016,12,Guerrero,100.80834561,122.19390557,121.2140769,132.63243124,112.13028028,Cifras definitivas
46,2016,12,Hidalgo,97.66062085,121.56920648,124.48129596,131.70463653,109.93570807,Cifras definitivas
46,2016,12,Jalisco,99.78071345,127.0092782,127.28840455,121.40129161,111.3743985,Cifras definitivas
46,2016,12,México,96.7414172,117.05642865,120.99929073,108.67692071,95.92949248,Cifras definitivas
46,2016,12,Michoacán de Ocampo,93.95278583,117.47165765,125.03264976,109.67384921,109.60205729,Cifras definitivas
46,2016,12,Morelos,94.43474972,119.41430394,126.45165503,124.74165834,116.021282,Cifras definitivas
46,2016,12,Nayarit,97.02341408,115.62298786,119.17019099,128.17416927,116.40342964,Cifras definitivas
46,2016,12,Nuevo León,93.29950273,114.85223746,123.10058907,123.52905167,112.04763307,Cifras definitivas
46,2016,12,Oaxaca,87.49811503,118.73969957,135.70543723,111.86993097,106.0901831,Cifras definitivas
46,2016,12,Puebla,105.6420203,126.08841484,119.35441454,118.94009243,117.67007738,Cifras definitivas
46,2016,12,Querétaro,95.72599635,112.07315048,117.07702688,112.56774307,103.85979858,Cifras definitivas
46,2016,12,Quintana Roo,94.47372405,116.52291551,123.33896719,107.83286608,105.29615888,Cifras definitivas
46,2016,12,San Luis Potosí,97.90995253,115.80085644,118.27281441,127.24727742,111.42089631,Cifras definitivas
46,2016,12,Sinaloa,101.49972409,117.36450277,115.63036631,140.20693913,118.75557846,Cifras definitivas
46,2016,12,Sonora,98.31712027,116.29753251,118.28818032,129.07336386,116.53170941,Cifras definitivas
46,2016,12,Tabasco,108.68777856,122.30983109,112.5331962,142.41926277,126.10312263,Cifras definitivas
46,2016,12,Tamaulipas,94.27800582,114.90172191,121.87542673,122.34273984,118.19501623,Cifras definitivas
46,2016,12,Tlaxcala,99.67079774,119.63595844,120.03110355,123.85660667,118.09860694,Cifras definitivas
46,2016,12,Veracruz de Ignacio de la Llave,99.21175401,119.33485931,120.28298512,125.67059023,114.01693433,Cifras definitivas
46,2016,12,Yucatán,95.66466911,118.79394525,124.17744853,122.45239856,120.17081608,Cifras definitivas
46,2016,12,Zacatecas,96.22138623,115.22764435,119.75263386,129.55605339,118.77589441,Cifras definitivas
46,2017,1,Aguascalientes,96.87393605,88.01450867,90.8546842,95.8313056,94.01943963,Cifras definitivas
46,2017,1,Baja California,88.41588228,89.19343921,100.87943129,92.05651919,91.18888134,Cifras definitivas
46,2017,1,Baja California Sur,96.14700674,86.16195789,89.6148105,86.57805744,88.80525904,Cifras definitivas
46,2017,1,Campeche,102.41471735,92.06409897,89.8934268,102.70177114,97.06483213,Cifras definitivas
46,2017,1,Coahuila de Zaragoza,96.93594876,87.33190954,90.09238642,89.62989013,90.45172865,Cifras definitivas
46,2017,1,Colima,92.91444112,85.51108558,92.03207225,89.54343406,84.8868726,Cifras definitivas
46,2017,1,Chiapas,93.67397481,91.88769586,98.09308941,99.40405638,100.01501172,Cifras definitivas
46,2017,1,Chihuahua,92.64515132,90.56824783,97.75821674,96.21909121,87.15218428,Cifras definitivas
46,2017,1,Ciudad de México,97.78395405,92.57336758,94.6713277,99.64296607,95.87178483,Cifras definitivas
46,2017,1,Durango,103.26955303,89.46376308,86.63130657,98.76846363,94.97759041,Cifras definitivas
46,2017,1,Guanajuato,97.33283305,91.69675349,94.20947754,100.51252374,100.1909575,Cifras definitivas
46,2017,1,Guerrero,98.44588066,95.75933551,97.27104361,99.48634346,94.75812093,Cifras definitivas
46,2017,1,Hidalgo,97.48406703,92.04845754,94.42410472,93.35276238,97.37938599,Cifras definitivas
46,2017,1,Jalisco,98.8488002,95.06331729,96.1704311,95.19322634,92.76641464,Cifras definitivas
46,2017,1,México,95.52523679,89.44489624,93.63483331,89.63324674,86.51863571,Cifras definitivas
46,2017,1,Michoacán de Ocampo,93.12542634,90.04464808,96.69179688,92.67126859,92.96944239,Cifras definitivas
46,2017,1,Morelos,93.71826629,89.39159401,95.38332019,101.9717938,102.06004296,Cifras definitivas
46,2017,1,Nayarit,95.11513248,87.87265118,92.38556357,96.61742379,98.05048605,Cifras definitivas
46,2017,1,Nuevo León,92.72241043,89.84431049,96.89600397,94.93978642,91.59524748,Cifras definitivas
46,2017,1,Oaxaca,89.93144542,90.54814827,100.68574773,94.58101343,95.07983055,Cifras definitivas
46,2017,1,Puebla,103.91777852,95.59905612,91.9948997,97.21463469,98.98612118,Cifras definitivas
46,2017,1,Querétaro,95.34647957,88.57985619,92.90312195,93.42553454,91.76097794,Cifras definitivas
46,2017,1,Quintana Roo,93.38321548,91.02213984,97.47162739,90.37700601,87.02598913,Cifras definitivas
46,2017,1,San Luis Potosí,97.72906569,89.52908483,91.60947585,96.65558958,96.49915336,Cifras definitivas
46,2017,1,Sinaloa,100.45937014,93.33145687,92.90468051,94.70605951,91.95086816,Cifras definitivas
46,2017,1,Sonora,98.20288707,90.25217665,91.90379157,97.86143695,97.79632605,Cifras definitivas
46,2017,1,Tabasco,107.40810108,93.31444311,86.87840319,103.79442894,100.23862446,Cifras definitivas
46,2017,1,Tamaulipas,95.64780176,89.64361116,93.72260471,98.69768232,98.22214546,Cifras definitivas
46,2017,1,Tlaxcala,99.57234559,94.66484121,95.07141832,100.68724121,101.93428474,Cifras definitivas
46,2017,1,Veracruz de Ignacio de la Llave,97.74567764,91.51647481,93.62713219,96.81721278,91.42179626,Cifras definitivas
46,2017,1,Yucatán,94.68002601,92.20441874,97.38529089,91.61045017,93.90916642,Cifras definitivas
46,2017,1,Zacatecas,95.83739479,88.14926913,91.97794798,96.58349492,95.08730255,Cifras definitivas
46,2017,2,Aguascalientes,97.25405691,87.14880356,89.60942744,84.04253034,85.79420955,Cifras definitivas
46,2017,2,Baja California,88.6276127,89.71099185,101.2223946,86.81051339,88.54198925,Cifras definitivas
46,2017,2,Baja California Sur,95.77371673,82.43724659,86.07502079,82.75526712,90.14656933,Cifras definitivas
46,2017,2,Campeche,102.02169159,89.36305459,87.59221024,90.99207584,91.21196919,Cifras definitivas
46,2017,2,Coahuila de Zaragoza,97.0148609,84.70183054,87.30809873,83.27292072,89.8139228,Cifras definitivas
46,2017,2,Colima,94.59928215,89.2860664,94.38345024,89.62508905,89.23251801,Cifras definitivas
46,2017,2,Chiapas,93.69727974,85.33009045,91.0699763,89.72699286,93.47984278,Cifras definitivas
46,2017,2,Chihuahua,92.32049573,87.09300344,94.33766874,86.89341922,87.02493068,Cifras definitivas
46,2017,2,Ciudad de México,97.44012087,92.19133632,94.61332303,90.00776855,95.32869492,Cifras definitivas
46,2017,2,Durango,102.93115914,84.45301243,82.04805341,87.41771805,89.70214756,Cifras definitivas
46,2017,2,Guanajuato,97.37714984,92.56145228,95.05459179,83.48195045,88.74840488,Cifras definitivas
46,2017,2,Guerrero,99.29502692,90.26017421,90.9010018,85.67027534,88.11986491,Cifras definitivas
46,2017,2,Hidalgo,96.90614144,87.49990487,90.29345671,86.93712617,90.4160396,Cifras definitivas
46,2017,2,Jalisco,97.78454808,91.7601348,93.83909483,86.09513325,86.24511838,Cifras definitivas
46,2017,2,México,96.47972662,89.99632492,93.28003724,79.02510509,81.21791871,Cifras definitivas
46,2017,2,Michoacán de Ocampo,92.87673329,86.84043101,93.50073795,83.81224619,88.01219515,Cifras definitivas
46,2017,2,Morelos,94.45725991,86.88841015,91.98701109,89.4121702,93.76567874,Cifras definitivas
46,2017,2,Nayarit,95.6479767,85.32012512,89.20222682,85.80464843,86.21225697,Cifras definitivas
46,2017,2,Nuevo León,92.49661891,88.42690891,95.60015269,89.7841626,88.33668279,Cifras definitivas
46,2017,2,Oaxaca,88.40002391,89.78022266,101.56131038,84.31530127,88.11511945,Cifras definitivas
46,2017,2,Puebla,104.23005621,94.00750426,90.19231849,86.65811475,92.96205279,Cifras definitivas
46,2017,2,Querétaro,92.48172634,87.83341361,94.97380411,83.80336846,85.22272826,Cifras definitivas
46,2017,2,Quintana Roo,93.43086432,90.42526802,96.78307985,80.63306056,83.58984033,Cifras definitivas
46,2017,2,San Luis Potosí,97.83737047,87.54263611,89.47770743,86.35913707,89.09877852,Cifras definitivas
46,2017,2,Sinaloa,101.13201566,90.8108759,89.79438935,93.56220575,94.67078176,Cifras definitivas
46,2017,2,Sonora,97.86408957,88.64545407,90.58016527,93.08923949,95.51365138,Cifras definitivas
46,2017,2,Tabasco,106.99927381,92.36224066,86.32043693,90.26525275,94.02786501,Cifras definitivas
46,2017,2,Tamaulipas,96.54205968,89.3480508,92.54831635,91.15641366,95.76282178,Cifras definitivas
46,2017,2,Tlaxcala,100.11046707,87.03416126,86.93812326,92.71389407,94.2005033,Cifras definitivas
46,2017,2,Veracruz de Ignacio de la Llave,97.48556935,90.65663733,92.99493036,87.33642531,89.16552756,Cifras definitivas
46,2017,2,Yucatán,94.93915733,89.05924317,93.80665015,85.22087992,90.48791271,Cifras definitivas
46,2017,2,Zacatecas,96.66513332,83.04809657,85.91318681,86.90840645,85.28916818,Cifras definitivas
46,2017,3,Aguascalientes,96.7692484,98.15893118,101.43607892,92.35929516,97.93109885,Cifras definitivas
46,2017,3,Baja California,88.76590898,96.89639466,109.15946873,98.08690144,102.68257319,Cifras definitivas
46,2017,3,Baja California Sur,98.67838928,90.48203428,91.6938703,94.8955944,103.8969093,Cifras definitivas
46,2017,3,Campeche,94.97758749,92.28430758,97.16429951,99.05583163,100.27962786,Cifras definitivas
46,2017,3,Coahuila de Zaragoza,96.21576987,90.71258707,94.28037337,92.13830935,102.80600499,Cifras definitivas
46,2017,3,Colima,94.67071523,97.74672806,103.24917037,92.83433742,97.82489627,Cifras definitivas
46,2017,3,Chiapas,95.54987542,89.80664911,93.98928959,100.34877126,106.17748015,Cifras definitivas
46,2017,3,Chihuahua,92.34971164,91.90501698,99.51846665,97.96892197,97.98072264,Cifras definitivas
46,2017,3,Ciudad de México,98.19516486,97.44936573,99.24049302,98.65787434,104.55868063,Cifras definitivas
46,2017,3,Durango,102.08927006,93.42407852,91.51214272,95.08375354,99.99791918,Cifras definitivas
46,2017,3,Guanajuato,96.77204807,96.29453144,99.50655521,92.1525403,100.82766318,Cifras definitivas
46,2017,3,Guerrero,98.88524182,97.13474609,98.22977049,118.34783834,101.59886275,Cifras definitivas
46,2017,3,Hidalgo,96.63795764,95.10567668,98.41441086,92.94621671,100.55958303,Cifras definitivas
46,2017,3,Jalisco,97.6252287,98.64689804,101.04652184,95.58602517,97.07494945,Cifras definitivas
46,2017,3,México,97.26449385,96.4411664,99.15351695,88.62044419,92.29803206,Cifras definitivas
46,2017,3,Michoacán de Ocampo,93.86909731,92.56732519,98.61320482,95.77814158,94.34883917,Cifras definitivas
46,2017,3,Morelos,93.85340986,98.70121325,105.16529277,97.68530001,104.80067064,Cifras definitivas
46,2017,3,Nayarit,96.44345359,90.51632766,93.85429938,95.21290467,99.3681398,Cifras definitivas
46,2017,3,Nuevo León,92.40371598,92.9329535,100.57274485,98.35352127,102.50335496,Cifras definitivas
46,2017,3,Oaxaca,89.26355796,94.80186749,106.20444631,90.33072113,98.97785808,Cifras definitivas
46,2017,3,Puebla,104.03244677,99.16361067,95.31988697,92.72585276,103.06188962,Cifras definitivas
46,2017,3,Querétaro,96.07122682,93.3543972,97.17206732,92.36852535,96.53927417,Cifras definitivas
46,2017,3,Quintana Roo,93.38788358,95.00104345,101.72737598,88.15192109,91.93605005,Cifras definitivas
46,2017,3,San Luis Potosí,97.9199703,93.76233242,95.75404499,95.44379669,106.13593065,Cifras definitivas
46,2017,3,Sinaloa,99.76639021,96.31732699,96.54286056,100.17292195,117.70403821,Cifras definitivas
46,2017,3,Sonora,97.8933048,94.12358687,96.14915654,103.20268377,108.76096841,Cifras definitivas
46,2017,3,Tabasco,105.64212196,96.23120206,91.0916974,99.67669768,104.57714535,Cifras definitivas
46,2017,3,Tamaulipas,96.37916927,92.96255413,96.4550274,100.39220133,106.65835876,Cifras definitivas
46,2017,3,Tlaxcala,97.70720387,92.35872573,94.52601453,91.69132047,98.13327956,Cifras definitivas
46,2017,3,Veracruz de Ignacio de la Llave,97.47163675,95.46303127,97.93929234,94.70479838,99.20311349,Cifras definitivas
46,2017,3,Yucatán,95.38204228,91.51225939,95.94286011,91.55621911,101.59665577,Cifras definitivas
46,2017,3,Zacatecas,97.62795425,88.93320869,91.09400005,89.81776565,96.81122179,Cifras definitivas
46,2017,4,Aguascalientes,96.80350857,88.65625191,91.58371759,88.21859386,88.97192881,Cifras definitivas
46,2017,4,Baja California,88.63937869,95.69974221,107.96526738,95.72880089,95.4503181,Cifras definitivas
46,2017,4,Baja California Sur,97.96572311,87.97879503,89.80569146,94.04426219,99.2160278,Cifras definitivas
46,2017,4,Campeche,97.57694624,90.2291436,92.46973499,94.40898853,94.56679677,Cifras definitivas
46,2017,4,Coahuila de Zaragoza,96.72511993,87.68650073,90.65535488,91.53297988,97.27366922,Cifras definitivas
46,2017,4,Colima,92.96593744,96.90773197,104.24004172,96.5530788,95.99331264,Cifras definitivas
46,2017,4,Chiapas,96.41035556,89.03169514,92.34661009,94.33201519,96.00196923,Cifras definitivas
46,2017,4,Chihuahua,93.8243331,92.58177198,98.67565153,95.01523306,90.54498774,Cifras definitivas
46,2017,4,Ciudad de México,98.36858105,91.24765862,92.76097881,90.63584913,94.33404993,Cifras definitivas
46,2017,4,Durango,101.44720017,87.34173339,86.09575547,93.80925468,92.8231738,Cifras definitivas
46,2017,4,Guanajuato,95.983793,92.73354924,96.61375774,88.17682945,91.0761683,Cifras definitivas
46,2017,4,Guerrero,98.59131174,92.32041716,93.63950589,102.03547556,89.68582246,Cifras definitivas
46,2017,4,Hidalgo,96.9232967,89.33368506,92.16946606,96.8816509,90.89786897,Cifras definitivas
46,2017,4,Jalisco,97.97047603,94.53545167,96.49381681,88.93811617,88.38114054,Cifras definitivas
46,2017,4,México,97.14374598,90.2848767,92.93946387,87.91830768,89.01057602,Cifras definitivas
46,2017,4,Michoacán de Ocampo,94.57892207,87.26804102,92.27007362,87.51649704,91.19119648,Cifras definitivas
46,2017,4,Morelos,93.57675871,92.45787538,98.80431493,94.68148945,97.25902865,Cifras definitivas
46,2017,4,Nayarit,96.41593429,86.91328193,90.14410592,120.06789352,92.97811969,Cifras definitivas
46,2017,4,Nuevo León,92.20321908,89.23367393,96.77934764,94.72265193,93.98040006,Cifras definitivas
46,2017,4,Oaxaca,89.14680015,89.70115703,100.6218472,86.76895968,90.97265871,Cifras definitivas
46,2017,4,Puebla,102.93885248,94.49719849,91.79935099,89.60564297,96.50716275,Cifras definitivas
46,2017,4,Querétaro,95.74609207,87.20776822,91.08232653,87.78085293,88.86615961,Cifras definitivas
46,2017,4,Quintana Roo,94.74190224,93.91539524,99.12762254,85.19645992,86.68068924,Cifras definitivas
46,2017,4,San Luis Potosí,97.98506603,88.77999683,90.60564066,91.44886155,90.22314597,Cifras definitivas
46,2017,4,Sinaloa,100.22357116,93.58969282,93.38092001,99.76411104,99.57380092,Cifras definitivas
46,2017,4,Sonora,98.00577405,91.20873411,93.06465358,99.71185516,101.1666455,Cifras definitivas
46,2017,4,Tabasco,103.94804505,93.81157797,90.24852553,93.42713878,98.44252457,Cifras definitivas
46,2017,4,Tamaulipas,96.66032863,92.42585767,95.61922557,97.93634626,99.77105354,Cifras definitivas
46,2017,4,Tlaxcala,97.60816786,88.09548346,90.25421273,93.65048915,98.27252152,Cifras definitivas
46,2017,4,Veracruz de Ignacio de la Llave,98.18258721,91.15455776,92.84187792,92.24599399,93.6978011,Cifras definitivas
46,2017,4,Yucatán,95.02249348,92.08268239,96.90619454,88.56230285,92.09894964,Cifras definitivas
46,2017,4,Zacatecas,96.8977453,87.57940035,90.38332118,87.50053034,88.08859928,Cifras definitivas
46,2017,5,Aguascalientes,97.90610176,106.38060459,108.65574533,94.04002928,93.20972424,Cifras definitivas
46,2017,5,Baja California,88.77350895,103.18240351,116.23107471,101.84917817,101.03527787,Cifras definitivas
46,2017,5,Baja California Sur,96.54956956,96.97424934,100.43985673,97.36993833,101.62302263,Cifras definitivas
46,2017,5,Campeche,96.72129225,96.47985977,99.75038332,102.09492441,104.04089432,Cifras definitivas
46,2017,5,Coahuila de Zaragoza,96.27565963,101.57490412,105.50424117,100.4492972,105.97759721,Cifras definitivas
46,2017,5,Colima,94.1661278,98.4481781,104.54733608,97.24900409,96.32741279,Cifras definitivas
46,2017,5,Chiapas,98.22987892,98.78945217,100.56965687,100.61492904,99.23955879,Cifras definitivas
46,2017,5,Chihuahua,92.54133439,101.4106761,109.58419475,101.79086204,99.60605964,Cifras definitivas
46,2017,5,Ciudad de México,98.93788031,99.82647949,100.89813849,99.69178173,104.56452105,Cifras definitivas
46,2017,5,Durango,101.31625618,96.729144,95.47248156,99.79851033,101.46118636,Cifras definitivas
46,2017,5,Guanajuato,96.62667845,101.79713142,105.35095799,98.012534,101.53128896,Cifras definitivas
46,2017,5,Guerrero,99.17310073,101.55505214,102.40181198,108.38613145,92.23574242,Cifras definitivas
46,2017,5,Hidalgo,96.73207294,98.19754236,101.51497779,94.62675004,94.44938771,Cifras definitivas
46,2017,5,Jalisco,98.44278066,109.05708527,110.78220723,96.05299326,96.94100858,Cifras definitivas
46,2017,5,México,99.87437202,100.15930839,100.28529478,94.03827272,93.79193058,Cifras definitivas
46,2017,5,Michoacán de Ocampo,95.1571703,97.44837569,102.40781161,95.94264307,93.63205642,Cifras definitivas
46,2017,5,Morelos,93.61860132,97.53774246,104.18628465,97.79479047,101.01275288,Cifras definitivas
46,2017,5,Nayarit,96.18661954,98.91060369,102.83197826,98.95733707,100.46717892,Cifras definitivas
46,2017,5,Nuevo León,92.30009866,100.9691356,109.39222933,102.1850168,104.07284914,Cifras definitivas
46,2017,5,Oaxaca,89.85340085,101.89789737,113.4046084,91.40873065,97.57002948,Cifras definitivas
46,2017,5,Puebla,104.12806506,102.43566542,98.37469405,94.07445319,99.77940828,Cifras definitivas
46,2017,5,Querétaro,96.02138014,99.50601655,103.62902138,94.95670433,95.46209721,Cifras definitivas
46,2017,5,Quintana Roo,95.85066545,99.42810397,103.73230431,87.64752124,89.02590912,Cifras definitivas
46,2017,5,San Luis Potosí,98.33196754,103.42181339,105.17618632,97.55274604,96.14015012,Cifras definitivas
46,2017,5,Sinaloa,101.52953483,106.17342387,104.5739292,108.13567784,109.8873011,Cifras definitivas
46,2017,5,Sonora,96.36584777,99.7401642,103.50156877,107.69411387,108.83353431,Cifras definitivas
46,2017,5,Tabasco,100.6057861,98.35928536,97.7670263,100.05882268,107.11354541,Cifras definitivas
46,2017,5,Tamaulipas,96.70549406,105.41607522,109.00732812,101.45041349,102.76981981,Cifras definitivas
46,2017,5,Tlaxcala,98.71951947,92.73129996,93.93410792,93.89342316,102.0263711,Cifras definitivas
46,2017,5,Veracruz de Ignacio de la Llave,100.69459397,99.84966586,99.16090023,95.98231611,98.677985,Cifras definitivas
46,2017,5,Yucatán,97.11110487,101.32308726,104.33728192,93.44119998,99.04371761,Cifras definitivas
46,2017,5,Zacatecas,96.18330921,97.63689012,101.51126107,95.87361849,97.14825279,Cifras definitivas
46,2017,6,Aguascalientes,98.62423931,94.32137567,95.63711348,91.71196316,95.5553739,Cifras definitivas
46,2017,6,Baja California,89.75863836,98.53163182,109.77398234,99.72566593,100.27420219,Cifras definitivas
46,2017,6,Baja California Sur,96.95181689,90.81991901,93.67531411,95.25590497,104.5502902,Cifras definitivas
46,2017,6,Campeche,98.06731185,92.7910182,94.61972236,96.63043244,102.46160262,Cifras definitivas
46,2017,6,Coahuila de Zaragoza,97.44336786,93.00083224,95.44090509,98.54728354,106.3411542,Cifras definitivas
46,2017,6,Colima,96.13580673,93.15843185,96.90294909,95.05126379,97.86437144,Cifras definitivas
46,2017,6,Chiapas,97.30285557,96.26724637,98.93568468,95.98259483,100.56154859,Cifras definitivas
46,2017,6,Chihuahua,95.51116148,96.43788556,100.97027831,99.62682107,97.76236611,Cifras definitivas
46,2017,6,Ciudad de México,99.67562582,95.598836,95.90994309,99.20461258,106.03704894,Cifras definitivas
46,2017,6,Durango,102.08777225,90.91323255,89.0539881,98.3047406,101.34163084,Cifras definitivas
46,2017,6,Guanajuato,97.62221891,96.17647336,98.51904047,91.96425217,100.7165229,Cifras definitivas
46,2017,6,Guerrero,98.47558304,95.55408154,97.03327321,96.57068972,104.60342486,Cifras definitivas
46,2017,6,Hidalgo,98.88282227,92.86468235,93.91386716,93.3823211,93.54952566,Cifras definitivas
46,2017,6,Jalisco,100.25321884,98.54380074,98.29489954,93.08903986,96.89063538,Cifras definitivas
46,2017,6,México,99.10103137,93.54246072,94.39100626,96.20712268,98.21437103,Cifras definitivas
46,2017,6,Michoacán de Ocampo,95.48381694,92.04243093,96.39584369,85.05688403,91.11424887,Cifras definitivas
46,2017,6,Morelos,94.08088122,96.15886205,102.20871744,93.79890489,99.24535727,Cifras definitivas
46,2017,6,Nayarit,97.02156908,94.87596829,97.78853217,99.02558273,101.43297967,Cifras definitivas
46,2017,6,Nuevo León,93.54101681,92.59549133,98.98918623,100.53485909,102.99550313,Cifras definitivas
46,2017,6,Oaxaca,91.02978687,96.45156017,105.95604306,92.91794183,95.86351607,Cifras definitivas
46,2017,6,Puebla,104.20650272,99.7012183,95.67658035,92.83661024,99.98517669,Cifras definitivas
46,2017,6,Querétaro,96.90887209,94.3139127,97.3222685,93.44180104,95.79779544,Cifras definitivas
46,2017,6,Quintana Roo,97.17214207,98.3472959,101.2093526,85.14414396,90.215273,Cifras definitivas
46,2017,6,San Luis Potosí,98.2396381,95.09987156,96.8039718,98.29032146,96.04060284,Cifras definitivas
46,2017,6,Sinaloa,102.73348824,96.29078726,93.72872362,112.83679927,122.97885974,Cifras definitivas
46,2017,6,Sonora,97.43946172,93.62868668,96.08908447,103.71483672,108.28770287,Cifras definitivas
46,2017,6,Tabasco,100.62786238,95.97318622,95.37436645,97.76440362,107.13096407,Cifras definitivas
46,2017,6,Tamaulipas,97.30141092,95.07519815,97.71204472,101.4596913,104.50089053,Cifras definitivas
46,2017,6,Tlaxcala,97.35219091,92.52907482,95.0457036,90.55203374,96.71322779,Cifras definitivas
46,2017,6,Veracruz de Ignacio de la Llave,101.40529076,95.02696269,93.71006382,94.12375276,98.72640499,Cifras definitivas
46,2017,6,Yucatán,97.62326766,96.7990251,99.15569046,91.38114212,97.1204598,Cifras definitivas
46,2017,6,Zacatecas,100.02763485,87.77004828,87.74579986,93.62621951,98.51025507,Cifras definitivas
46,2017,7,Aguascalientes,98.82159135,90.95239511,92.03696669,96.37315827,94.96742143,Cifras definitivas
46,2017,7,Baja California,89.83903141,96.02349666,106.88394026,103.65157977,103.82126819,Cifras definitivas
46,2017,7,Baja California Sur,97.71331532,92.03585395,94.18967481,99.08647843,99.94160022,Cifras definitivas
46,2017,7,Campeche,98.11844481,93.27085961,95.05945573,104.7270491,102.35988711,Cifras definitivas
46,2017,7,Coahuila de Zaragoza,97.63873989,93.67043863,95.93573077,99.81276186,103.13514455,Cifras definitivas
46,2017,7,Colima,96.68562702,91.91566407,95.06652323,98.73871497,97.81628502,Cifras definitivas
46,2017,7,Chiapas,97.8304586,94.20401471,96.29313412,99.40143802,97.74663646,Cifras definitivas
46,2017,7,Chihuahua,95.80466356,94.45337877,98.58954174,99.63157825,94.39842322,Cifras definitivas
46,2017,7,Ciudad de México,99.33773626,93.72146833,94.3462896,101.02223432,117.97859238,Cifras definitivas
46,2017,7,Durango,102.65738428,91.10404385,88.7457288,104.63841251,99.74600162,Cifras definitivas
46,2017,7,Guanajuato,98.09632165,93.76464507,95.58426197,94.75074821,101.35556672,Cifras definitivas
46,2017,7,Guerrero,99.09792446,93.03295537,93.87982228,105.56364421,97.53566079,Cifras definitivas
46,2017,7,Hidalgo,98.81127205,92.49956919,93.61236554,95.85789171,94.20744318,Cifras definitivas
46,2017,7,Jalisco,99.73007141,95.5601612,95.81880355,94.2708023,95.25249873,Cifras definitivas
46,2017,7,México,98.98678299,91.57514089,92.51249321,93.64486089,95.65146769,Cifras definitivas
46,2017,7,Michoacán de Ocampo,96.71121126,90.51168556,93.58965148,87.63842232,95.28936832,Cifras definitivas
46,2017,7,Morelos,94.99320617,92.18770427,97.0466289,98.46229271,101.22437985,Cifras definitivas
46,2017,7,Nayarit,97.67667724,95.23318489,97.49838711,98.17770679,102.57648767,Cifras definitivas
46,2017,7,Nuevo León,94.26619872,91.25627898,96.80699998,101.37087271,100.23933714,Cifras definitivas
46,2017,7,Oaxaca,90.66648016,91.12821569,100.50926818,92.41970622,97.6536284,Cifras definitivas
46,2017,7,Puebla,104.28911628,95.3047231,91.38510949,96.07916229,102.0800555,Cifras definitivas
46,2017,7,Querétaro,97.04660708,90.58431968,93.34104757,94.69615032,95.35454463,Cifras definitivas
46,2017,7,Quintana Roo,98.98612215,97.21560367,98.21134676,93.66876118,95.13519836,Cifras definitivas
46,2017,7,San Luis Potosí,98.04088787,90.44857562,92.25597359,101.18709569,97.59688755,Cifras definitivas
46,2017,7,Sinaloa,103.8547673,98.34140796,94.69127948,108.4863485,112.45251289,Cifras definitivas
46,2017,7,Sonora,95.40487987,95.26145923,99.84967159,103.04542217,104.27727105,Cifras definitivas
46,2017,7,Tabasco,100.96333502,95.18805813,94.27982753,99.08981652,102.25947681,Cifras definitivas
46,2017,7,Tamaulipas,97.59326724,95.43530097,97.78881645,102.15336018,103.41856506,Cifras definitivas
46,2017,7,Tlaxcala,97.11487337,92.20955584,94.94895338,95.07652876,101.18851838,Cifras definitivas
46,2017,7,Veracruz de Ignacio de la Llave,99.88850789,93.47912878,93.58346696,98.94027393,102.12242179,Cifras definitivas
46,2017,7,Yucatán,97.8611979,95.14018967,97.21952287,92.22302067,96.90468856,Cifras definitivas
46,2017,7,Zacatecas,98.68922194,90.55249136,91.75519837,98.96035441,97.99942496,Cifras definitivas
46,2017,8,Aguascalientes,98.39931372,92.83047068,94.3405672,93.28043778,98.51158414,Cifras definitivas
46,2017,8,Baja California,91.24084463,97.46451931,106.82114979,103.50282887,108.28087731,Cifras definitivas
46,2017,8,Baja California Sur,99.03064054,91.32108456,92.21497918,95.48090454,106.66223794,Cifras definitivas
46,2017,8,Campeche,98.43744136,92.16450863,93.62749311,100.31015027,100.82504836,Cifras definitivas
46,2017,8,Coahuila de Zaragoza,97.43424657,94.81281902,97.30954193,99.47875606,104.72440675,Cifras definitivas
46,2017,8,Colima,97.1415486,93.03042571,95.76790472,98.23972811,103.69831228,Cifras definitivas
46,2017,8,Chiapas,98.48849431,93.04682083,94.474813,97.01659032,99.96918732,Cifras definitivas
46,2017,8,Chihuahua,96.92857628,92.3312061,95.25695068,100.30510695,98.08447238,Cifras definitivas
46,2017,8,Ciudad de México,99.25607218,96.09310375,96.81332501,97.77717572,113.55940126,Cifras definitivas
46,2017,8,Durango,102.53275244,89.3664109,87.15889194,101.40497576,99.84059273,Cifras definitivas
46,2017,8,Guanajuato,99.44583914,95.54630901,96.07873978,93.62450423,103.68472473,Cifras definitivas
46,2017,8,Guerrero,98.54411951,95.03959107,96.44369602,107.28061646,92.81223843,Cifras definitivas
46,2017,8,Hidalgo,98.4092853,92.60475449,94.10164316,104.18113695,99.04725863,Cifras definitivas
46,2017,8,Jalisco,101.19617733,95.32223287,94.1954878,94.97658335,99.6432763,Cifras definitivas
46,2017,8,México,99.4860039,93.41085623,93.89346498,90.5913139,104.37754662,Cifras definitivas
46,2017,8,Michoacán de Ocampo,98.42291462,92.19172233,93.66896183,83.38420636,90.0513038,Cifras definitivas
46,2017,8,Morelos,94.76678752,93.17233727,98.317501,95.74028471,101.01065874,Cifras definitivas
46,2017,8,Nayarit,97.74197373,92.83988808,94.98466681,97.89491779,103.7255315,Cifras definitivas
46,2017,8,Nuevo León,94.98310658,93.24236642,98.16731604,102.26863457,104.75929036,Cifras definitivas
46,2017,8,Oaxaca,95.35251853,92.77867518,97.30070753,92.00939748,98.18015586,Cifras definitivas
46,2017,8,Puebla,104.35963692,97.09708814,93.04084511,95.77191804,105.15554846,Cifras definitivas
46,2017,8,Querétaro,98.00966108,95.22147768,97.15519535,94.27458092,97.39675734,Cifras definitivas
46,2017,8,Quintana Roo,99.21282901,97.54819659,98.32216011,89.9822482,94.133062,Cifras definitivas
46,2017,8,San Luis Potosí,99.57292697,91.6978685,92.09116503,99.01392845,100.36483568,Cifras definitivas
46,2017,8,Sinaloa,102.58077017,95.05279538,92.66141717,110.76153676,109.42237837,Cifras definitivas
46,2017,8,Sonora,97.70290591,96.11872159,98.37856991,101.00724351,103.3945223,Cifras definitivas
46,2017,8,Tabasco,100.7450196,97.46442213,96.74366288,97.26757666,105.259863,Cifras definitivas
46,2017,8,Tamaulipas,98.86284546,95.03843581,96.13160067,100.89760954,102.74838517,Cifras definitivas
46,2017,8,Tlaxcala,97.89303586,91.2507614,93.21476303,93.97170149,101.18821215,Cifras definitivas
46,2017,8,Veracruz de Ignacio de la Llave,98.53164347,93.35542191,94.74664039,96.98959663,101.17498962,Cifras definitivas
46,2017,8,Yucatán,98.41366858,97.40316027,98.97320329,95.49035643,102.35772025,Cifras definitivas
46,2017,8,Zacatecas,98.01084432,92.26629681,94.1388654,95.18640778,98.68549487,Cifras definitivas
46,2017,9,Aguascalientes,97.84543612,91.3621735,93.37397545,87.40983196,91.64258511,Cifras definitivas
46,2017,9,Baja California,92.24913807,96.85847858,104.99662176,97.33784313,99.41906221,Cifras definitivas
46,2017,9,Baja California Sur,98.78999242,89.80281479,90.90274489,86.51569531,96.097604,Cifras definitivas
46,2017,9,Campeche,98.37065315,89.41620795,90.89723925,95.81626141,98.77853461,Cifras definitivas
46,2017,9,Coahuila de Zaragoza,97.41515232,93.47436624,95.95464773,94.14512503,102.08202816,Cifras definitivas
46,2017,9,Colima,97.10094206,94.84125877,97.67285132,93.44424042,95.36655867,Cifras definitivas
46,2017,9,Chiapas,97.40703982,91.39448536,93.82739228,88.61266848,95.16166453,Cifras definitivas
46,2017,9,Chihuahua,97.71756229,94.80410109,97.01848764,96.36907373,95.8291024,Cifras definitivas
46,2017,9,Ciudad de México,98.68819054,93.00164293,94.23786415,90.87148819,97.91359634,Cifras definitivas
46,2017,9,Durango,102.7018117,90.11751865,87.74676625,94.46294496,96.81883533,Cifras definitivas
46,2017,9,Guanajuato,97.95743027,96.31899556,98.3274013,88.10841933,97.94147445,Cifras definitivas
46,2017,9,Guerrero,98.62546806,89.37409273,90.6196893,100.79109309,82.31524496,Cifras definitivas
46,2017,9,Hidalgo,98.03762077,89.38410717,91.17327253,95.66059826,92.7117933,Cifras definitivas
46,2017,9,Jalisco,99.52607809,94.40084401,94.85036065,88.27802261,94.84693223,Cifras definitivas
46,2017,9,México,98.04750905,90.60368172,92.40793835,89.32563982,100.34212081,Cifras definitivas
46,2017,9,Michoacán de Ocampo,96.58120984,91.13332574,94.35927122,81.97791195,85.95719874,Cifras definitivas
46,2017,9,Morelos,94.67766849,91.13200304,96.25501398,83.82763044,95.06050915,Cifras definitivas
46,2017,9,Nayarit,98.18180397,93.98029727,95.720687,89.59611222,94.55066501,Cifras definitivas
46,2017,9,Nuevo León,95.41171125,90.58813551,94.94446156,96.71766831,99.88590983,Cifras definitivas
46,2017,9,Oaxaca,96.92150435,88.793549,91.61387826,81.70494287,89.70680933,Cifras definitivas
46,2017,9,Puebla,103.57654756,94.03148847,90.78453635,89.44664101,102.25063465,Cifras definitivas
46,2017,9,Querétaro,97.15953017,89.93905815,92.56843667,89.9807532,95.22623689,Cifras definitivas
46,2017,9,Quintana Roo,99.22522351,96.39272224,97.14538182,82.40115155,88.21824736,Cifras definitivas
46,2017,9,San Luis Potosí,97.89362658,91.07525733,93.03492016,94.32117101,97.26514931,Cifras definitivas
46,2017,9,Sinaloa,102.24450511,96.20514814,94.09322099,98.46061497,101.51729712,Cifras definitivas
46,2017,9,Sonora,97.27582634,93.3744035,95.98931925,95.22275618,99.52434102,Cifras definitivas
46,2017,9,Tabasco,100.5979399,90.74060415,90.20125486,92.31556081,106.45587196,Cifras definitivas
46,2017,9,Tamaulipas,98.74394668,93.17632643,94.36155791,95.97854649,99.52355782,Cifras definitivas
46,2017,9,Tlaxcala,99.3288338,90.01128041,90.61948778,87.40831641,94.95405604,Cifras definitivas
46,2017,9,Veracruz de Ignacio de la Llave,98.64379615,91.27171077,92.52655953,91.79518271,96.33420868,Cifras definitivas
46,2017,9,Yucatán,97.51734163,94.92945108,97.34622529,91.3118126,102.2439956,Cifras definitivas
46,2017,9,Zacatecas,98.69586675,86.31234625,87.45284792,93.70330925,98.59595429,Cifras definitivas
46,2017,10,Aguascalientes,99.00750409,90.48008803,91.38710127,93.92916128,103.56499927,Cifras definitivas
46,2017,10,Baja California,100.22414845,99.31730499,99.09518467,101.34888612,108.04636622,Cifras definitivas
46,2017,10,Baja California Sur,99.48218126,91.23577481,91.71066985,97.77031151,111.36237799,Cifras definitivas
46,2017,10,Campeche,98.70618062,89.29937615,90.46989316,98.11656314,108.93019654,Cifras definitivas
46,2017,10,Coahuila de Zaragoza,98.52752356,91.30035105,92.66481867,98.09161563,112.80989837,Cifras definitivas
46,2017,10,Colima,99.36510172,100.40569341,101.0472406,95.29949956,107.96444666,Cifras definitivas
46,2017,10,Chiapas,98.3335351,88.99019912,90.49832189,95.86047473,107.19273173,Cifras definitivas
46,2017,10,Chihuahua,98.59603889,96.64595509,98.02214793,99.31601822,104.55134725,Cifras definitivas
46,2017,10,Ciudad de México,99.76626582,91.95064867,92.16607228,100.47613678,108.7078997,Cifras definitivas
46,2017,10,Durango,103.72692631,88.60535591,85.42175023,99.79288552,109.15585281,Cifras definitivas
46,2017,10,Guanajuato,99.26880517,94.81928731,95.51770785,95.50716459,109.6035176,Cifras definitivas
46,2017,10,Guerrero,98.77305464,90.40243042,91.52539703,92.65305514,97.88428764,Cifras definitivas
46,2017,10,Hidalgo,100.65335234,90.98446116,90.39387069,96.42365869,105.16398243,Cifras definitivas
46,2017,10,Jalisco,99.39371666,95.49388985,96.07638497,95.41246326,107.7610543,Cifras definitivas
46,2017,10,México,99.18290626,91.19306028,91.94433166,93.70698642,112.96365657,Cifras definitivas
46,2017,10,Michoacán de Ocampo,98.1506244,93.85741116,95.62589309,87.43771033,100.10119755,Cifras definitivas
46,2017,10,Morelos,94.82660241,92.7212352,97.77977154,93.51267728,105.31424232,Cifras definitivas
46,2017,10,Nayarit,99.84980763,93.83099215,93.97213112,96.23894254,106.39210908,Cifras definitivas
46,2017,10,Nuevo León,98.2979449,90.75904118,92.33055815,100.48926212,109.10125312,Cifras definitivas
46,2017,10,Oaxaca,98.84195813,89.09392175,90.13775469,92.54461511,103.98631222,Cifras definitivas
46,2017,10,Puebla,104.31482386,94.66978905,90.75391737,97.47647794,114.60513098,Cifras definitivas
46,2017,10,Querétaro,98.05084998,93.58322282,95.44356101,94.86303318,102.400586,Cifras definitivas
46,2017,10,Quintana Roo,99.98884851,93.91438867,93.92486269,85.47640253,96.19197124,Cifras definitivas
46,2017,10,San Luis Potosí,99.01956204,91.62762853,92.53487558,100.64736396,108.67429722,Cifras definitivas
46,2017,10,Sinaloa,102.42752644,95.36540333,93.1052488,106.26722575,115.89828302,Cifras definitivas
46,2017,10,Sonora,98.73765736,95.53523698,96.75663727,102.28118621,111.72508095,Cifras definitivas
46,2017,10,Tabasco,100.80692074,90.44865528,89.72464848,96.49494057,115.09881545,Cifras definitivas
46,2017,10,Tamaulipas,99.11612738,93.73636839,94.57226676,98.18240844,109.4245132,Cifras definitivas
46,2017,10,Tlaxcala,98.43418817,88.91902002,90.33347221,94.01556269,113.16098749,Cifras definitivas
46,2017,10,Veracruz de Ignacio de la Llave,99.25755992,91.65269042,92.33824657,96.50411925,107.12905127,Cifras definitivas
46,2017,10,Yucatán,97.96248276,91.95465551,93.86721622,94.13640838,109.83572346,Cifras definitivas
46,2017,10,Zacatecas,99.01080807,88.85312271,89.74083178,97.22371982,113.16936333,Cifras definitivas
46,2017,11,Aguascalientes,99.58857445,96.36725215,96.7653696,101.34283997,107.23835379,Cifras definitivas
46,2017,11,Baja California,99.86904264,98.17210946,98.30084165,103.38384091,107.09067812,Cifras definitivas
46,2017,11,Baja California Sur,101.71214408,93.37865326,91.80678876,104.02051207,114.11009296,Cifras definitivas
46,2017,11,Campeche,99.55010315,91.37147667,91.78441185,106.8236218,113.00679202,Cifras definitivas
46,2017,11,Coahuila de Zaragoza,99.34736941,91.99232489,92.59663888,103.85328002,112.56508036,Cifras definitivas
46,2017,11,Colima,99.70312403,99.0334164,99.32829825,102.12384832,108.49671942,Cifras definitivas
46,2017,11,Chiapas,99.03304863,93.79861503,94.71445778,105.69388829,107.53444943,Cifras definitivas
46,2017,11,Chihuahua,99.22838869,95.73743017,96.48189539,107.48818134,107.40682904,Cifras definitivas
46,2017,11,Ciudad de México,99.82500142,95.45374544,95.62108097,106.83433123,111.49220026,Cifras definitivas
46,2017,11,Durango,104.50326559,95.24851795,91.14405891,106.65684019,110.96411122,Cifras definitivas
46,2017,11,Guanajuato,100.01959415,95.56626686,95.54754513,103.02175983,114.71061606,Cifras definitivas
46,2017,11,Guerrero,98.96463447,95.03847777,96.03276795,119.27399465,101.40235271,Cifras definitivas
46,2017,11,Hidalgo,101.44537433,93.00706715,91.68192021,104.24843568,110.5241586,Cifras definitivas
46,2017,11,Jalisco,100.12472383,98.62353845,98.50068462,105.77825177,112.09053368,Cifras definitivas
46,2017,11,México,100.21057527,95.61244827,95.41153517,104.78097728,109.79974319,Cifras definitivas
46,2017,11,Michoacán de Ocampo,99.09581867,96.86605889,97.74989519,99.39022116,105.85993343,Cifras definitivas
46,2017,11,Morelos,95.5180878,97.87647588,102.46904867,102.98938594,111.04508127,Cifras definitivas
46,2017,11,Nayarit,101.71586496,94.54722624,92.95229046,100.47726759,111.6786376,Cifras definitivas
46,2017,11,Nuevo León,97.0387984,93.158134,96.00091462,106.19786236,107.94318625,Cifras definitivas
46,2017,11,Oaxaca,100.31311056,92.52547517,92.23667241,98.58249185,108.14828362,Cifras definitivas
46,2017,11,Puebla,104.27522746,94.31657179,90.44964378,104.75976042,115.32766837,Cifras definitivas
46,2017,11,Querétaro,99.27766252,97.55752053,98.26734237,103.68840146,105.25601057,Cifras definitivas
46,2017,11,Quintana Roo,101.44090262,96.24462728,94.8775344,92.63350381,103.63816407,Cifras definitivas
46,2017,11,San Luis Potosí,100.53483696,94.61181715,94.10849016,106.26577509,109.18816052,Cifras definitivas
46,2017,11,Sinaloa,102.84545144,95.99524157,93.33931664,111.60858703,116.12664622,Cifras definitivas
46,2017,11,Sonora,99.27482358,94.98176578,95.67558254,106.04039064,111.21817976,Cifras definitivas
46,2017,11,Tabasco,101.64062927,93.01738856,91.51595108,103.71993332,111.64203713,Cifras definitivas
46,2017,11,Tamaulipas,99.52922098,92.3217175,92.75840461,102.60889672,110.47862449,Cifras definitivas
46,2017,11,Tlaxcala,97.93314492,93.59252508,95.56777244,99.97425557,109.06540536,Cifras definitivas
46,2017,11,Veracruz de Ignacio de la Llave,100.03007358,95.66883545,95.64007306,103.96197972,108.53200479,Cifras definitivas
46,2017,11,Yucatán,99.64031211,95.7061758,96.051662,106.28644303,114.45392894,Cifras definitivas
46,2017,11,Zacatecas,100.07003685,92.53290828,92.4681465,107.79823719,115.52725904,Cifras definitivas
46,2017,12,Aguascalientes,99.91806279,121.53437365,121.63403719,119.46312653,106.11475968,Cifras definitivas
46,2017,12,Baja California,99.77809682,116.51130616,116.77042344,117.53390154,111.31668866,Cifras definitivas
46,2017,12,Baja California Sur,101.33705463,112.8570377,111.36798688,121.53176989,113.68636632,Cifras definitivas
46,2017,12,Campeche,100.44078375,115.67224894,115.164622,131.19518072,115.15128067,Cifras definitivas
46,2017,12,Coahuila de Zaragoza,99.49440441,114.64105546,115.22362101,126.41520486,114.17533984,Cifras definitivas
46,2017,12,Colima,99.20250937,121.39722338,122.37313769,127.83992292,112.62643871,Cifras definitivas
46,2017,12,Chiapas,100.09828002,116.87967302,116.76491644,126.10227628,112.28515535,Cifras definitivas
46,2017,12,Chihuahua,100.71046804,123.93153093,123.05724851,125.54610062,114.91401285,Cifras definitivas
46,2017,12,Ciudad de México,99.88524769,119.26093383,119.39794573,123.454341,112.53968873,Cifras definitivas
46,2017,12,Durango,105.01935702,115.89187007,110.35286576,133.56481235,119.85070677,Cifras definitivas
46,2017,12,Guanajuato,100.25766787,118.19203288,117.88827268,117.67264883,112.29101375,Cifras definitivas
46,2017,12,Guerrero,99.34419848,123.04833233,123.86061211,183.39247339,117.29794172,Cifras definitivas
46,2017,12,Hidalgo,101.08649279,118.76397891,117.48748585,133.91637341,107.98965853,Cifras definitivas
46,2017,12,Jalisco,100.99558444,120.45756054,119.27012573,120.32817727,105.88994303,Cifras definitivas
46,2017,12,México,100.08519265,119.99264202,119.89050412,116.7161851,111.20380607,Cifras definitivas
46,2017,12,Michoacán de Ocampo,100.11850459,125.99494176,125.8458087,116.06920899,101.78963559,Cifras definitivas
46,2017,12,Morelos,98.44283524,120.05922419,121.95831611,121.11981811,111.39878124,Cifras definitivas
46,2017,12,Nayarit,101.79158612,122.16543158,120.01525493,128.87226077,125.60417418,Cifras definitivas
46,2017,12,Nuevo León,96.8975638,114.47923216,118.14459277,121.65463396,108.98776508,Cifras definitivas
46,2017,12,Oaxaca,100.36357645,118.0694416,117.641724,121.78245005,114.66411905,Cifras definitivas
46,2017,12,Puebla,104.59095762,119.27121902,114.03588009,117.59164631,113.08299381,Cifras definitivas
46,2017,12,Querétaro,100.01291941,112.65318323,112.63863098,112.81175708,106.44571278,Cifras definitivas
46,2017,12,Quintana Roo,102.34638819,123.91405969,121.07321214,113.69900989,107.57332875,Cifras definitivas
46,2017,12,San Luis Potosí,100.60647631,119.33421041,118.61483951,130.62634776,112.76145503,Cifras definitivas
46,2017,12,Sinaloa,101.82439096,115.94532639,113.86793017,134.43391688,116.66597603,Cifras definitivas
46,2017,12,Sonora,99.98275117,115.64594391,115.66589492,127.49492896,116.0944045,Cifras definitivas
46,2017,12,Tabasco,101.66003381,114.54871832,112.67822174,132.94602593,113.96753962,Cifras definitivas
46,2017,12,Tamaulipas,99.56355886,115.63872316,116.14563047,119.78148249,112.3521237,Cifras definitivas
46,2017,12,Tlaxcala,98.56600336,119.2310661,120.96571032,119.69676688,109.81776963,Cifras definitivas
46,2017,12,Veracruz de Ignacio de la Llave,100.83557636,118.32694642,117.34642741,125.63793906,109.6413503,Cifras definitivas
46,2017,12,Yucatán,100.50785722,125.02248455,124.39075711,125.44731027,117.63583328,Cifras definitivas
46,2017,12,Zacatecas,101.34582289,117.08381524,115.52899952,130.11272929,120.45220119,Cifras definitivas
46,2018,1,Aguascalientes,99.35339533,93.3612448,93.96885178,98.2793001,96.14738274,Cifras definitivas
46,2018,1,Baja California,99.05751609,92.61849977,93.49971958,98.25928908,95.38484632,Cifras definitivas
46,2018,1,Baja California Sur,99.03577212,92.02894373,92.92495202,97.03385199,94.08227792,Cifras definitivas
46,2018,1,Campeche,99.14304747,91.94679529,92.74154632,97.86603983,94.95501913,Cifras definitivas
46,2018,1,Coahuila de Zaragoza,98.96143068,92.07797294,93.04430252,97.77631886,94.85027674,Cifras definitivas
46,2018,1,Colima,99.28736203,92.81088418,93.47703704,98.11740763,95.99790674,Cifras definitivas
46,2018,1,Chiapas,99.50777877,92.91577386,93.37538734,98.05134366,95.98880221,Cifras definitivas
46,2018,1,Chihuahua,99.08578413,92.19855356,93.04922434,98.37280752,95.81229578,Cifras definitivas
46,2018,1,Ciudad de México,99.24171287,94.03158413,94.75006165,96.85133277,94.58620207,Cifras definitivas
46,2018,1,Durango,99.23675775,92.54511957,93.2568956,98.20990664,96.04744438,Cifras definitivas
46,2018,1,Guanajuato,99.33224485,93.6621603,94.29179864,98.32811513,96.26449169,Cifras definitivas
46,2018,1,Guerrero,99.49873169,92.8123432,93.27992591,97.47018752,95.61399051,Cifras definitivas
46,2018,1,Hidalgo,99.44185487,93.08737193,93.60985075,98.41957315,96.65843775,Cifras definitivas
46,2018,1,Jalisco,99.36192236,93.57332232,94.17422701,97.64654732,95.66614287,Cifras definitivas
46,2018,1,México,99.41459368,92.8528548,93.39962209,97.62623937,95.29435082,Cifras definitivas
46,2018,1,Michoacán de Ocampo,99.47263791,93.49140854,93.98706067,98.38599082,96.62224182,Cifras definitivas
46,2018,1,Morelos,99.3606173,93.13071219,93.73000563,98.04561269,95.85936588,Cifras definitivas
46,2018,1,Nayarit,99.22728647,92.7152502,93.43725249,98.42237319,96.33785962,Cifras definitivas
46,2018,1,Nuevo León,98.89175379,92.76310465,93.80266918,97.76902067,95.23844878,Cifras definitivas
46,2018,1,Oaxaca,99.51967409,92.92605526,93.37455745,97.85360465,95.95921332,Cifras definitivas
46,2018,1,Puebla,99.45781616,93.5902735,94.10047105,97.65642869,95.83324164,Cifras definitivas
46,2018,1,Querétaro,99.31142039,93.53654373,94.18508301,98.25971747,95.75834063,Cifras definitivas
46,2018,1,Quintana Roo,99.04574826,92.78884709,93.682817,96.40285535,93.77013617,Cifras definitivas
46,2018,1,San Luis Potosí,99.37648699,93.31949254,93.90500245,98.85957516,96.6873157,Cifras definitivas
46,2018,1,Sinaloa,98.72545255,92.80153763,93.99960723,97.69296507,95.37089886,Cifras definitivas
46,2018,1,Sonora,98.97352229,91.87331068,92.82615042,97.83206424,95.11726695,Cifras definitivas
46,2018,1,Tabasco,98.96816743,91.87961398,92.83754198,97.20078288,93.93993258,Cifras definitivas
46,2018,1,Tamaulipas,99.07158947,92.46032913,93.32678483,98.13561664,95.29744501,Cifras definitivas
46,2018,1,Tlaxcala,99.5848052,92.9165731,93.30396632,98.07084785,96.44328457,Cifras definitivas
46,2018,1,Veracruz de Ignacio de la Llave,99.23346678,92.65763168,93.37336958,97.76266382,95.13997301,Cifras definitivas
46,2018,1,Yucatán,99.17124679,92.85322479,93.62917962,96.90030594,94.72736738,Cifras definitivas
46,2018,1,Zacatecas,99.41896682,93.01045304,93.55403301,98.49315226,96.68518981,Cifras definitivas
46,2018,2,Aguascalientes,99.27754867,93.31934411,93.99843707,90.0429424,90.13127717,Cifras definitivas
46,2018,2,Baja California,99.05751609,92.60485396,93.48594394,89.5907475,89.37450248,Cifras definitivas
46,2018,2,Baja California Sur,99.01589872,92.12723483,93.04287091,88.29822306,88.44909736,Cifras definitivas
46,2018,2,Campeche,99.07058111,91.89773716,92.75986487,88.74316575,88.54360234,Cifras definitivas
46,2018,2,Coahuila de Zaragoza,98.91077147,91.99366418,93.00671991,88.79022316,88.73368433,Cifras definitivas
46,2018,2,Colima,99.21954941,92.86010679,93.59053467,89.82260347,89.90974764,Cifras definitivas
46,2018,2,Chiapas,99.38411604,92.53403618,93.10747015,89.51265255,89.78679862,Cifras definitivas
46,2018,2,Chihuahua,99.04291669,92.26586767,93.15746219,89.59732516,89.29708981,Cifras definitivas
46,2018,2,Ciudad de México,99.17627648,93.83813913,94.61752595,88.56684023,89.7373761,Cifras definitivas
46,2018,2,Durango,99.17431065,92.39020334,93.15941067,89.80542033,89.57035213,Cifras definitivas
46,2018,2,Guanajuato,99.22910773,93.16383678,93.8876091,89.76282889,90.20364575,Cifras definitivas
46,2018,2,Guerrero,99.3717022,92.48856818,93.07334597,89.0193742,89.67264663,Cifras definitivas
46,2018,2,Hidalgo,99.35244708,92.86630144,93.47157938,90.05387102,90.23386528,Cifras definitivas
46,2018,2,Jalisco,99.27899843,93.30396499,93.98157361,89.16665948,89.89398749,Cifras definitivas
46,2018,2,México,99.31443168,92.58735534,93.2264866,88.62780034,89.17812257,Cifras definitivas
46,2018,2,Michoacán de Ocampo,99.36815161,93.05719179,93.64891093,90.08420216,90.35940336,Cifras definitivas
46,2018,2,Morelos,99.27417325,92.87514556,93.55418687,89.48522525,89.9114012,Cifras definitivas
46,2018,2,Nayarit,99.1587247,92.39368334,93.17756316,89.82468331,89.65286231,Cifras definitivas
46,2018,2,Nuevo León,98.85409748,92.761652,93.83693177,89.17761638,89.29242389,Cifras definitivas
46,2018,2,Oaxaca,99.38905328,92.61066001,93.1799398,89.34780155,89.7654586,Cifras definitivas
46,2018,2,Puebla,99.34306381,93.41864633,94.03640551,89.47056193,90.10977836,Cifras definitivas
46,2018,2,Querétaro,99.24921834,93.13942942,93.84399291,89.178844,89.88039554,Cifras definitivas
46,2018,2,Quintana Roo,99.00691479,92.66404193,93.59350519,88.01421472,88.70516755,Cifras definitivas
46,2018,2,San Luis Potosí,99.28175415,92.93852179,93.61087804,90.04374045,90.24552059,Cifras definitivas
46,2018,2,Sinaloa,98.63869399,92.58510499,93.86286582,89.16448401,89.28405444,Cifras definitivas
46,2018,2,Sonora,98.95047238,92.06018327,93.03662838,89.17569558,88.85990109,Cifras definitivas
46,2018,2,Tabasco,98.88539478,91.7639665,92.79830121,88.06958027,88.01586583,Cifras definitivas
46,2018,2,Tamaulipas,99.04605884,92.45022978,93.34064461,89.32722265,89.10390851,Cifras definitivas
46,2018,2,Tlaxcala,99.44616111,92.69675983,93.21300973,89.6817395,90.08778755,Cifras definitivas
46,2018,2,Veracruz de Ignacio de la Llave,99.14101169,92.40307079,93.2036795,88.84103309,89.06912272,Cifras definitivas
46,2018,2,Yucatán,99.1008335,92.94641172,93.78973762,88.84553585,88.77763242,Cifras definitivas
46,2018,2,Zacatecas,99.31750672,92.73079885,93.36802938,90.15179493,90.0357077,Cifras definitivas
46,2018,3,Aguascalientes,99.28184188,100.76832168,101.4972323,96.87252664,98.23446792,Cifras definitivas
46,2018,3,Baja California,99.03228851,103.59072662,104.60298169,97.41861217,98.20139995,Cifras definitivas
46,2018,3,Baja California Sur,99.06006183,103.06332299,104.04124638,96.59729984,97.47142715,Cifras definitivas
46,2018,3,Campeche,99.13172461,103.66082433,104.56876922,96.9030504,97.68909875,Cifras definitivas
46,2018,3,Coahuila de Zaragoza,98.95409842,103.39782573,104.49069557,96.89432328,97.75600431,Cifras definitivas
46,2018,3,Colima,99.23650256,101.9787179,102.76331317,96.8851286,97.98818063,Cifras definitivas
46,2018,3,Chiapas,99.42634234,102.01338547,102.60196953,96.85639145,98.00060196,Cifras definitivas
46,2018,3,Chihuahua,99.07188118,102.79498293,103.75798027,97.06155215,98.03883623,Cifras definitivas
46,2018,3,Ciudad de México,99.17294407,99.71097021,100.54251303,95.31443941,97.01742645,Cifras definitivas
46,2018,3,Durango,99.20484034,102.62933991,103.45194807,97.13982207,98.17218765,Cifras definitivas
46,2018,3,Guanajuato,99.26107035,100.55040124,101.29892906,96.54094692,97.86963675,Cifras definitivas
46,2018,3,Guerrero,99.41789474,101.5032158,102.0975309,96.44272655,97.69307306,Cifras definitivas
46,2018,3,Hidalgo,99.36734838,101.18203613,101.8262415,96.76090242,98.020936,Cifras definitivas
46,2018,3,Jalisco,99.28700936,100.0624045,100.78096334,95.97546442,97.39947857,Cifras definitivas
46,2018,3,México,99.33699069,101.14710571,101.82219635,95.89003113,97.18908068,Cifras definitivas
46,2018,3,Michoacán de Ocampo,99.39374866,100.93878544,101.55446072,96.79207943,98.09533209,Cifras definitivas
46,2018,3,Morelos,99.29692168,101.19133378,101.90782561,96.42693715,97.77687283,Cifras definitivas
46,2018,3,Nayarit,99.1938417,102.04766858,102.87702022,96.95579338,97.92558457,Cifras definitivas
46,2018,3,Nuevo León,98.87292563,102.11706057,103.28111555,96.64048657,97.75933358,Cifras definitivas
46,2018,3,Oaxaca,99.44205107,101.05873466,101.62575447,96.44059035,97.68571109,Cifras definitivas
46,2018,3,Puebla,99.37427393,100.45161652,101.08412625,96.26304884,97.68461859,Cifras definitivas
46,2018,3,Querétaro,99.25282426,100.887313,101.64679318,96.30202858,97.71500761,Cifras definitivas
46,2018,3,Quintana Roo,99.0282732,101.86710574,102.86668892,96.13739082,97.35669951,Cifras definitivas
46,2018,3,San Luis Potosí,99.30608919,101.22909408,101.93644207,96.76572747,98.08476169,Cifras definitivas
46,2018,3,Sinaloa,98.68496522,101.50872984,102.86139293,96.61672508,97.7376191,Cifras definitivas
46,2018,3,Sonora,98.97911015,103.56701502,104.63522542,97.14081779,97.98558487,Cifras definitivas
46,2018,3,Tabasco,98.9332633,104.09869662,105.22112902,96.81939406,97.50186605,Cifras definitivas
46,2018,3,Tamaulipas,99.0505267,103.24805923,104.23776902,97.09357916,97.90747866,Cifras definitivas
46,2018,3,Tlaxcala,99.48450947,100.73017027,101.25211534,96.43541902,97.72066052,Cifras definitivas
46,2018,3,Veracruz de Ignacio de la Llave,99.18076149,102.16208092,103.00594529,96.48125432,97.48708803,Cifras definitivas
46,2018,3,Yucatán,99.1368784,101.65826159,102.54333527,96.39439314,97.55816516,Cifras definitivas
46,2018,3,Zacatecas,99.35033205,101.24922237,101.91130747,96.92806449,98.13907213,Cifras definitivas
46,2018,4,Aguascalientes,99.48648475,96.77299287,97.272502,94.65292146,95.08343047,Cifras definitivas
46,2018,4,Baja California,99.25036697,97.07060724,97.80377665,95.16083989,95.11875884,Cifras definitivas
46,2018,4,Baja California Sur,99.33828942,96.45578096,97.09829062,93.91466316,94.2250643,Cifras definitivas
46,2018,4,Campeche,99.40573805,96.46736385,97.04405977,94.26625457,94.37642577,Cifras definitivas
46,2018,4,Coahuila de Zaragoza,99.36270494,96.41922605,97.03764215,94.31303183,94.41388224,Cifras definitivas
46,2018,4,Colima,99.45204982,96.70397919,97.23678835,94.56208991,94.77340584,Cifras definitivas
46,2018,4,Chiapas,99.55352393,96.67217138,97.10572521,94.82865519,95.10985567,Cifras definitivas
46,2018,4,Chihuahua,99.36673969,96.56758997,97.18301141,94.4121419,94.47669303,Cifras definitivas
46,2018,4,Ciudad de México,99.49406711,97.24881927,97.74333495,93.82268244,94.52073574,Cifras definitivas
46,2018,4,Durango,99.42409903,96.62957335,97.1892874,94.83497589,95.06418946,Cifras definitivas
46,2018,4,Guanajuato,99.50161378,96.7639661,97.24863992,94.69589073,95.00962419,Cifras definitivas
46,2018,4,Guerrero,99.57685142,96.60280338,97.01331384,94.45341783,95.00631546,Cifras definitivas
46,2018,4,Hidalgo,99.51400853,96.70060021,97.17285198,94.64748689,94.90933718,Cifras definitivas
46,2018,4,Jalisco,99.50698511,96.74115932,97.22047072,94.26036868,94.90121808,Cifras definitivas
46,2018,4,México,99.58049909,96.49374175,96.90023913,94.11448909,94.62744006,Cifras definitivas
46,2018,4,Michoacán de Ocampo,99.52844786,96.91308988,97.37225081,95.02442884,95.38538675,Cifras definitivas
46,2018,4,Morelos,99.54351472,96.71380829,97.15731714,94.55134995,94.86925319,Cifras definitivas
46,2018,4,Nayarit,99.4329718,96.55637002,97.10699406,94.70054769,94.89512211,Cifras definitivas
46,2018,4,Nuevo León,99.37057965,96.76819388,97.38113053,94.50902659,94.77210992,Cifras definitivas
46,2018,4,Oaxaca,99.59515579,96.40214991,96.79401487,94.72432317,95.14218345,Cifras definitivas
46,2018,4,Puebla,99.56815496,96.80820318,97.22807781,94.23340458,94.75111607,Cifras definitivas
46,2018,4,Querétaro,99.45745996,96.80798017,97.33606731,94.40584445,94.76367823,Cifras definitivas
46,2018,4,Quintana Roo,99.37486196,97.00098883,97.61119353,93.87064666,94.69647546,Cifras definitivas
46,2018,4,San Luis Potosí,99.51206794,96.76940784,97.24389197,94.72822105,94.95773824,Cifras definitivas
46,2018,4,Sinaloa,99.42659021,96.3990938,96.95504351,94.24410408,94.61509274,Cifras definitivas
46,2018,4,Sonora,99.33254211,96.44523568,97.09329252,94.41654262,94.51468792,Cifras definitivas
46,2018,4,Tabasco,99.37305534,96.48686858,97.09560429,94.07071015,94.13377682,Cifras definitivas
46,2018,4,Tamaulipas,99.33072531,96.80286568,97.45510805,94.56728132,94.6044324,Cifras definitivas
46,2018,4,Tlaxcala,99.60692925,96.41038589,96.79084238,94.43747127,94.8747952,Cifras definitivas
46,2018,4,Veracruz de Ignacio de la Llave,99.45371013,96.49937189,97.02943386,94.26266991,94.4977761,Cifras definitivas
46,2018,4,Yucatán,99.4931361,96.7042818,97.19693799,93.92460872,94.51726466,Cifras definitivas
46,2018,4,Zacatecas,99.51595075,96.61948644,97.08944718,94.70435694,95.10343058,Cifras definitivas
46,2018,5,Aguascalientes,99.47074299,106.18455056,106.74952993,99.7376662,99.5321874,Cifras definitivas
46,2018,5,Baja California,99.27559455,105.14576627,105.91300586,99.9855318,99.716844,Cifras definitivas
46,2018,5,Baja California Sur,99.24333873,103.75488518,104.54594385,99.66268692,99.57312241,Cifras definitivas
46,2018,5,Campeche,99.30156765,103.87895542,104.60958259,99.47956076,99.46279387,Cifras definitivas
46,2018,5,Coahuila de Zaragoza,99.1600681,104.35317641,105.23709635,99.59656898,99.44999633,Cifras definitivas
46,2018,5,Colima,99.44720606,105.67861955,106.26605184,99.76092276,99.63834473,Cifras definitivas
46,2018,5,Chiapas,99.56156703,105.1196556,105.58256437,99.59743291,99.53160099,Cifras definitivas
46,2018,5,Chihuahua,99.27810835,105.11915091,105.88351516,99.73362461,99.61751126,Cifras definitivas
46,2018,5,Ciudad de México,99.396064,105.82030376,106.4632738,99.33333646,99.0828355,Cifras definitivas
46,2018,5,Durango,99.37830449,105.20199859,105.86012624,99.68847599,99.67052061,Cifras definitivas
46,2018,5,Guanajuato,99.42912124,106.12637693,106.73570842,99.58485563,99.35552372,Cifras definitivas
46,2018,5,Guerrero,99.56326538,104.8994956,105.35963761,99.52667914,99.50306415,Cifras definitivas
46,2018,5,Hidalgo,99.5445954,105.88904896,106.37347868,99.64417034,99.59247159,Cifras definitivas
46,2018,5,Jalisco,99.46714699,105.88050626,106.44771612,99.48680567,99.27749217,Cifras definitivas
46,2018,5,México,99.49748193,105.05773122,105.58833167,99.40096745,99.16294842,Cifras definitivas
46,2018,5,Michoacán de Ocampo,99.55278604,106.33219237,106.80986098,99.72022073,99.53127215,Cifras definitivas
46,2018,5,Morelos,99.45525079,105.69723166,106.27617026,99.66098065,99.39374102,Cifras definitivas
46,2018,5,Nayarit,99.35270436,105.27570519,105.96158994,99.53410022,99.55181431,Cifras definitivas
46,2018,5,Nuevo León,99.07855864,105.37745474,106.35747652,99.77356779,99.48015382,Cifras definitivas
46,2018,5,Oaxaca,99.55232929,105.2945904,105.76808313,99.62260455,99.50164398,Cifras definitivas
46,2018,5,Puebla,99.52937876,105.87238118,106.37299509,99.46423859,99.37931585,Cifras definitivas
46,2018,5,Querétaro,99.44213482,105.46193532,106.05357127,99.54820978,99.19536387,Cifras definitivas
46,2018,5,Quintana Roo,99.21564471,104.295445,105.11995896,99.77904404,99.45079766,Cifras definitivas
46,2018,5,San Luis Potosí,99.48773289,106.18098144,106.72771241,99.72084723,99.37776492,Cifras definitivas
46,2018,5,Sinaloa,98.84177328,105.1471282,106.37924099,99.48831649,99.40458871,Cifras definitivas
46,2018,5,Sonora,99.19494113,104.34457161,105.1914245,99.73409187,99.68014873,Cifras definitivas
46,2018,5,Tabasco,99.10080313,103.45482613,104.39352948,99.33431217,99.35251095,Cifras definitivas
46,2018,5,Tamaulipas,99.25413343,105.02692811,105.81617559,99.71926002,99.56884467,Cifras definitivas
46,2018,5,Tlaxcala,99.61872875,105.6298707,106.03414842,99.53607282,99.49841119,Cifras definitivas
46,2018,5,Veracruz de Ignacio de la Llave,99.34918287,104.76764823,105.45396067,99.4306103,99.3408472,Cifras definitivas
46,2018,5,Yucatán,99.2953083,104.79520746,105.53893155,99.29511972,99.39790204,Cifras definitivas
46,2018,5,Zacatecas,99.50998251,105.87321841,106.39457041,99.59468766,99.58400181,Cifras definitivas
46,2018,6,Aguascalientes,99.74550823,97.00958593,97.25709724,98.66383826,99.27196337,Cifras definitivas
46,2018,6,Baja California,99.74819132,96.3828252,96.6261382,98.89224605,99.52943258,Cifras definitivas
46,2018,6,Baja California Sur,99.56352127,96.36573079,96.78819066,98.93630583,99.71232147,Cifras definitivas
46,2018,6,Campeche,99.62540173,95.95770294,96.31851041,98.80270346,99.45458027,Cifras definitivas
46,2018,6,Coahuila de Zaragoza,99.49335237,96.13529833,96.62484582,98.84807248,99.62508279,Cifras definitivas
46,2018,6,Colima,99.70634714,96.66962692,96.9543361,99.1311951,99.80278975,Cifras definitivas
46,2018,6,Chiapas,99.82950294,96.45612553,96.62086126,98.81716116,99.143378,Cifras definitivas
46,2018,6,Chihuahua,99.59266272,96.53048141,96.92529427,98.79219888,99.66159987,Cifras definitivas
46,2018,6,Ciudad de México,99.6881042,97.27449642,97.57884073,98.57163348,99.25950578,Cifras definitivas
46,2018,6,Durango,99.68498911,96.46823553,96.77308127,98.84222321,99.55974622,Cifras definitivas
46,2018,6,Guanajuato,99.71645531,96.7726209,97.04779477,98.41425642,98.72862358,Cifras definitivas
46,2018,6,Guerrero,99.82411737,96.35074234,96.52050514,98.86325957,99.07886814,Cifras definitivas
46,2018,6,Hidalgo,99.8269358,96.78412239,96.95191144,98.80850724,99.3394904,Cifras definitivas
46,2018,6,Jalisco,99.72609482,96.68090271,96.94644404,98.58077181,98.84447921,Cifras definitivas
46,2018,6,México,99.77553785,96.33537028,96.55209318,98.434436,98.85635949,Cifras definitivas
46,2018,6,Michoacán de Ocampo,99.82428257,96.7648327,96.93516468,98.59378264,98.88347678,Cifras definitivas
46,2018,6,Morelos,99.72459227,96.7524141,97.01961362,98.67129219,99.13563037,Cifras definitivas
46,2018,6,Nayarit,99.66708519,96.16395713,96.48517055,98.61169677,98.96690291,Cifras definitivas
46,2018,6,Nuevo León,99.3986373,96.68239738,97.2673268,98.86932413,99.51735737,Cifras definitivas
46,2018,6,Oaxaca,99.79644032,96.52501966,96.72190646,98.68903169,98.84353206,Cifras definitivas
46,2018,6,Puebla,99.79734441,96.89257401,97.08933097,98.97666614,99.53669582,Cifras definitivas
46,2018,6,Querétaro,99.73781989,96.74872882,97.00305153,98.41546276,98.75224236,Cifras definitivas
46,2018,6,Quintana Roo,99.57097101,96.80586879,97.22298357,98.64232817,98.94374582,Cifras definitivas
46,2018,6,San Luis Potosí,99.74151261,96.82763721,97.07857308,98.58238082,98.9543397,Cifras definitivas
46,2018,6,Sinaloa,99.21579905,96.41827091,97.18036022,98.71659164,99.1396205,Cifras definitivas
46,2018,6,Sonora,99.55116702,96.29799503,96.73216087,99.02204907,99.94171713,Cifras definitivas
46,2018,6,Tabasco,99.48674308,95.78437483,96.27853105,98.90357281,99.67710867,Cifras definitivas
46,2018,6,Tamaulipas,99.62560403,96.23744842,96.5991116,98.75955748,99.66267211,Cifras definitivas
46,2018,6,Tlaxcala,99.86356832,96.54494758,96.67684542,98.75585413,99.11534099,Cifras definitivas
46,2018,6,Veracruz de Ignacio de la Llave,99.6748368,96.16298056,96.47668724,98.64496994,99.18143569,Cifras definitivas
46,2018,6,Yucatán,99.57277018,96.58021205,96.99460191,99.00314855,99.75669223,Cifras definitivas
46,2018,6,Zacatecas,99.77109307,96.52501963,96.74647903,98.56199952,99.0706816,Cifras definitivas
46,2018,7,Aguascalientes,99.92439186,97.33628581,97.40993565,99.54528636,97.70037077,Cifras definitivas
46,2018,7,Baja California,99.99598227,97.53348849,97.53740728,100.07664988,97.89179546,Cifras definitivas
46,2018,7,Baja California Sur,99.8594141,97.49965466,97.6369184,99.75048095,97.60953435,Cifras definitivas
46,2018,7,Campeche,99.87676943,97.54709278,97.66744893,99.92873662,97.83288669,Cifras definitivas
46,2018,7,Coahuila de Zaragoza,99.80997242,97.55842229,97.74416316,99.84853655,97.8045875,Cifras definitivas
46,2018,7,Colima,99.91947251,97.37882758,97.4573075,99.50086608,97.7820995,Cifras definitivas
46,2018,7,Chiapas,99.98031115,97.55608406,97.57529551,100.09033783,98.19253924,Cifras definitivas
46,2018,7,Chihuahua,99.88114904,97.42983329,97.54576737,99.66498231,97.61917689,Cifras definitivas
46,2018,7,Ciudad de México,99.88926052,97.27092338,97.37876011,99.7908244,97.44256831,Cifras definitivas
46,2018,7,Durango,99.93061434,97.54320364,97.61093163,99.87560589,98.05300378,Cifras definitivas
46,2018,7,Guanajuato,99.90823103,97.41452271,97.50400113,100.01914002,98.25264142,Cifras definitivas
46,2018,7,Guerrero,99.97288453,97.49957017,97.52601481,99.98500928,98.01066156,Cifras definitivas
46,2018,7,Hidalgo,99.99163436,97.37682199,97.38496887,99.74772183,97.98577315,Cifras definitivas
46,2018,7,Jalisco,99.9034178,97.31261577,97.4066933,99.7024573,97.86408014,Cifras definitivas
46,2018,7,México,99.95420521,97.44397391,97.48861862,99.9109506,97.87283837,Cifras definitivas
46,2018,7,Michoacán de Ocampo,99.97282937,97.48365855,97.51015267,100.00725337,98.19309685,Cifras definitivas
46,2018,7,Morelos,99.91112944,97.46374665,97.55044027,99.83797293,97.89342856,Cifras definitivas
46,2018,7,Nayarit,99.89450962,97.44025482,97.54315346,99.82436268,98.20832182,Cifras definitivas
46,2018,7,Nuevo León,99.71723924,97.43792992,97.71422741,99.75199602,97.65224744,Cifras definitivas
46,2018,7,Oaxaca,99.94793904,97.41580633,97.46654835,100.04477043,98.2684905,Cifras definitivas
46,2018,7,Puebla,99.95213398,97.28704108,97.33363082,99.49606723,97.71787897,Cifras definitivas
46,2018,7,Querétaro,99.94065264,97.46139603,97.51927114,100.10359918,97.93483856,Cifras definitivas
46,2018,7,Quintana Roo,99.82435943,97.56890838,97.74058049,99.82193479,97.28208007,Cifras definitivas
46,2018,7,San Luis Potosí,99.9318474,97.51407468,97.58057838,99.75986333,97.88915798,Cifras definitivas
46,2018,7,Sinaloa,99.5493375,97.39692459,97.83784306,99.66524153,97.92581117,Cifras definitivas
46,2018,7,Sonora,99.85430827,97.46311021,97.60531308,99.70367196,97.68319096,Cifras definitivas
46,2018,7,Tabasco,99.77694599,97.58414137,97.80229331,99.99728222,97.78974945,Cifras definitivas
46,2018,7,Tamaulipas,99.90835569,97.50484845,97.59428806,99.86955702,97.80942262,Cifras definitivas
46,2018,7,Tlaxcala,100.00073747,97.29386416,97.29314665,99.57622801,97.93621376,Cifras definitivas
46,2018,7,Veracruz de Ignacio de la Llave,99.89684681,97.45275334,97.55338277,99.92059858,98.02871918,Cifras definitivas
46,2018,7,Yucatán,99.80245161,97.33591242,97.52857856,99.40396687,97.53548929,Cifras definitivas
46,2018,7,Zacatecas,99.95760062,97.44726432,97.48859888,99.71688973,98.07914813,Cifras definitivas
46,2018,8,Aguascalientes,100.05318806,98.11582664,98.06366848,99.70359914,100.56531479,Cifras definitivas
46,2018,8,Baja California,100.14230227,97.61797887,97.47926367,99.53524598,99.82404352,Cifras definitivas
46,2018,8,Baja California Sur,99.98307081,97.25211783,97.26858461,99.4312617,99.89984247,Cifras definitivas
46,2018,8,Campeche,99.98773356,97.13267772,97.1445939,99.54400519,99.81219781,Cifras definitivas
46,2018,8,Coahuila de Zaragoza,99.95261809,97.30396595,97.35009228,99.51574341,99.90012594,Cifras definitivas
46,2018,8,Colima,100.03330084,97.72096583,97.68843476,99.71532013,100.17778894,Cifras definitivas
46,2018,8,Chiapas,100.0768284,97.51489046,97.44002884,99.40873234,99.87082375,Cifras definitivas
46,2018,8,Chihuahua,100.00917209,97.72866078,97.71969784,99.58069517,99.93340411,Cifras definitivas
46,2018,8,Ciudad de México,100.030282,98.03871911,98.00904001,99.94359739,100.46563493,Cifras definitivas
46,2018,8,Durango,100.04579454,97.6280757,97.58338784,99.54003675,99.81659662,Cifras definitivas
46,2018,8,Guanajuato,100.04464881,97.934714,97.89100683,99.69196858,100.45381577,Cifras definitivas
46,2018,8,Guerrero,100.05304217,97.24312653,97.19157401,98.96119353,99.5720474,Cifras definitivas
46,2018,8,Hidalgo,100.10770763,97.81321798,97.70797903,99.59900464,100.05138565,Cifras definitivas
46,2018,8,Jalisco,100.03137613,97.57466882,97.54406327,99.18387247,100.25514723,Cifras definitivas
46,2018,8,México,100.063133,97.30779725,97.24640268,99.18458544,99.98192113,Cifras definitivas
46,2018,8,Michoacán de Ocampo,100.08444927,97.87487268,97.79228781,99.4357818,100.05656436,Cifras definitivas
46,2018,8,Morelos,100.03215112,97.71183356,97.68042821,99.65186591,100.26155456,Cifras definitivas
46,2018,8,Nayarit,100.02494422,97.27794738,97.25368821,99.2383772,99.81912775,Cifras definitivas
46,2018,8,Nuevo León,99.86860285,97.75967681,97.88829925,99.46985715,100.09343159,Cifras definitivas
46,2018,8,Oaxaca,100.03198604,97.46140788,97.4302438,99.30597225,100.09428315,Cifras definitivas
46,2018,8,Puebla,100.06278803,97.73809172,97.67676241,99.68409398,100.36208369,Cifras definitivas
46,2018,8,Querétaro,100.07497299,97.87960368,97.80627539,99.71561225,100.5166397,Cifras definitivas
46,2018,8,Quintana Roo,99.93503483,97.35477971,97.41806752,98.88445311,99.56122862,Cifras definitivas
46,2018,8,San Luis Potosí,100.05091528,97.82935414,97.7795694,99.73728533,100.40512595,Cifras definitivas
46,2018,8,Sinaloa,99.75113148,97.50672065,97.7499896,99.4183821,100.22081302,Cifras definitivas
46,2018,8,Sonora,100.00098952,97.48946645,97.48850178,99.49961841,99.80865824,Cifras definitivas
46,2018,8,Tabasco,99.92354333,97.00125753,97.07547821,99.3132294,99.57681434,Cifras definitivas
46,2018,8,Tamaulipas,100.04430627,97.56441779,97.52120978,99.63934185,99.8913338,Cifras definitivas
46,2018,8,Tlaxcala,100.0892337,97.3078848,97.22113079,99.14681769,99.95006003,Cifras definitivas
46,2018,8,Veracruz de Ignacio de la Llave,100.02551839,97.26273303,97.23791948,99.49213508,100.01076954,Cifras definitivas
46,2018,8,Yucatán,99.93154264,97.63481001,97.70169401,99.52904707,100.03859027,Cifras definitivas
46,2018,8,Zacatecas,100.06801309,97.67630984,97.60992232,99.33434328,99.95279044,Cifras definitivas
46,2018,9,Aguascalientes,100.23350276,95.59209944,95.36940924,94.88461939,96.69498438,Cifras definitivas
46,2018,9,Baja California,100.63171743,96.02758021,95.42476533,95.23202908,97.349098,Cifras definitivas
46,2018,9,Baja California Sur,100.47769763,96.09564304,95.63877886,94.73689298,97.11902809,Cifras definitivas
46,2018,9,Campeche,100.37724028,96.02447627,95.66359466,94.86309985,97.36916833,Cifras definitivas
46,2018,9,Coahuila de Zaragoza,100.40455155,96.0720918,95.68499666,94.88536899,97.24634647,Cifras definitivas
46,2018,9,Colima,100.34330138,95.84766973,95.51974911,95.32145132,97.03621961,Cifras definitivas
46,2018,9,Chiapas,100.18289684,95.79175588,95.61687564,94.57897839,96.67540126,Cifras definitivas
46,2018,9,Chihuahua,100.42973649,96.10169934,95.69048242,95.26248786,97.17303164,Cifras definitivas
46,2018,9,Ciudad de México,100.23068096,95.56076733,95.34083418,94.46047171,96.60462918,Cifras definitivas
46,2018,9,Durango,100.35941772,96.0104901,95.66664722,95.07303618,96.94501968,Cifras definitivas
46,2018,9,Guanajuato,100.163932,95.40256361,95.24642424,94.43118216,96.46865317,Cifras definitivas
46,2018,9,Guerrero,100.1617305,95.69390509,95.53938876,94.23589296,96.45595819,Cifras definitivas
46,2018,9,Hidalgo,100.23946648,95.69258296,95.46397873,94.94184298,96.63797538,Cifras definitivas
46,2018,9,Jalisco,100.16972703,95.38881693,95.22719065,94.16159126,96.32880854,Cifras definitivas
46,2018,9,México,100.20957321,95.62099915,95.42102225,93.9739347,96.51340767,Cifras definitivas
46,2018,9,Michoacán de Ocampo,100.20236353,95.67861299,95.48538539,94.53995955,96.4385543,Cifras definitivas
46,2018,9,Morelos,100.18502061,95.71534652,95.53858046,94.47015325,96.53561297,Cifras definitivas
46,2018,9,Nayarit,100.29083014,95.62401429,95.3467173,94.64962735,96.75640854,Cifras definitivas
46,2018,9,Nuevo León,100.32158614,95.96887395,95.66124066,94.95992139,97.0516976,Cifras definitivas
46,2018,9,Oaxaca,100.11442704,95.57266044,95.46342447,94.13893878,96.2104924,Cifras definitivas
46,2018,9,Puebla,100.15421161,95.46951403,95.32251564,94.84580638,96.66783639,Cifras definitivas
46,2018,9,Querétaro,100.28591905,95.40111989,95.12912759,94.34889911,96.68296578,Cifras definitivas
46,2018,9,Quintana Roo,100.3554072,96.06318022,95.72297388,94.01054668,96.55497388,Cifras definitivas
46,2018,9,San Luis Potosí,100.20300929,95.76089634,95.56688668,94.60772963,96.51439709,Cifras definitivas
46,2018,9,Sinaloa,100.05960634,95.62544034,95.56847547,94.61811646,96.78035296,Cifras definitivas
46,2018,9,Sonora,100.47944978,96.08668174,95.62819258,95.36637268,97.40654074,Cifras definitivas
46,2018,9,Tabasco,100.32145042,96.09651335,95.78860049,94.86620282,97.67233168,Cifras definitivas
46,2018,9,Tamaulipas,100.48662435,96.01008326,95.54513736,95.21337555,97.40932594,Cifras definitivas
46,2018,9,Tlaxcala,100.13938156,95.50125109,95.36832523,94.32690515,96.22059006,Cifras definitivas
46,2018,9,Veracruz de Ignacio de la Llave,100.26313387,95.69998736,95.44882916,94.50507917,96.88639853,Cifras definitivas
46,2018,9,Yucatán,100.17966565,95.78179677,95.61001841,95.23132967,97.37831132,Cifras definitivas
46,2018,9,Zacatecas,100.214235,95.64185129,95.437391,94.74206944,96.60920393,Cifras definitivas
46,2018,10,Aguascalientes,100.79018859,97.05501659,96.29411151,101.97372225,108.85942223,Cifras definitivas
46,2018,10,Baja California,101.10543542,96.93272628,95.87291314,101.06007685,110.20176652,Cifras definitivas
46,2018,10,Baja California Sur,101.23730311,97.28850402,96.09946238,101.2872739,111.34521784,Cifras definitivas
46,2018,10,Campeche,101.03396672,97.18019625,96.18566845,101.08430418,111.16355676,Cifras definitivas
46,2018,10,Coahuila de Zaragoza,101.33508122,97.13423531,95.85449988,101.21367872,110.80576354,Cifras definitivas
46,2018,10,Colima,100.91002113,96.9993294,96.12457545,102.26704978,109.52164617,Cifras definitivas
46,2018,10,Chiapas,100.57399279,97.16979867,96.61523419,100.9080406,109.40812492,Cifras definitivas
46,2018,10,Chihuahua,101.15964165,97.16050102,96.04670344,101.6845199,110.1593982,Cifras definitivas
46,2018,10,Ciudad de México,100.83233224,97.1255773,96.3238429,101.99064603,109.74989838,Cifras definitivas
46,2018,10,Durango,100.95058353,97.13221003,96.21758155,101.32569071,109.56490267,Cifras definitivas
46,2018,10,Guanajuato,100.79428759,96.99716193,96.23279677,101.32863429,108.85612245,Cifras definitivas
46,2018,10,Guerrero,100.59308731,97.19274216,96.61970296,100.92847224,109.7500922,Cifras definitivas
46,2018,10,Hidalgo,100.64415438,97.11667567,96.49509827,101.75743503,109.00846221,Cifras definitivas
46,2018,10,Jalisco,100.76643291,96.9529111,96.21548397,101.87912514,109.33114603,Cifras definitivas
46,2018,10,México,100.65288999,96.97589938,96.34686037,101.31151243,110.06990415,Cifras definitivas
46,2018,10,Michoacán de Ocampo,100.61191626,96.98663517,96.39676767,101.1756117,108.58763355,Cifras definitivas
46,2018,10,Morelos,100.761011,97.02847436,96.29565384,101.4114809,109.24115838,Cifras definitivas
46,2018,10,Nayarit,100.92460852,97.08979331,96.20031698,101.2919118,109.81448558,Cifras definitivas
46,2018,10,Nuevo León,101.46013584,96.98849074,95.59270736,101.82891268,109.96045798,Cifras definitivas
46,2018,10,Oaxaca,100.59301312,97.10785729,96.53538976,101.19633142,109.22408113,Cifras definitivas
46,2018,10,Puebla,100.64127858,97.04798799,96.42960558,102.39589291,109.22083478,Cifras definitivas
46,2018,10,Querétaro,100.81238271,96.96802246,96.186619,101.23208752,109.32103262,Cifras definitivas
46,2018,10,Quintana Roo,101.20100611,97.26346468,96.10918747,100.64176982,111.16779966,Cifras definitivas
46,2018,10,San Luis Potosí,100.74794039,96.93325723,96.21363658,101.49130887,108.79350784,Cifras definitivas
46,2018,10,Sinaloa,101.64953721,97.1475111,95.57103138,101.71162321,110.03442103,Cifras definitivas
46,2018,10,Sonora,101.28759362,97.18120597,95.94581379,101.68663005,110.70016716,Cifras definitivas
46,2018,10,Tabasco,101.30973593,97.29256861,96.03476676,100.84445266,111.92912979,Cifras definitivas
46,2018,10,Tamaulipas,101.16382417,96.96255836,95.84706703,101.39790673,110.48437121,Cifras definitivas
46,2018,10,Tlaxcala,100.51696546,97.13699788,96.63741582,101.74657221,109.26083947,Cifras definitivas
46,2018,10,Veracruz de Ignacio de la Llave,100.93269721,97.0819198,96.18480679,101.26313095,110.49568914,Cifras definitivas
46,2018,10,Yucatán,101.02546334,97.2063736,96.2196761,102.53046272,110.64039935,Cifras definitivas
46,2018,10,Zacatecas,100.69915462,97.06882588,96.39487665,101.50655765,109.06643576,Cifras definitivas
46,2018,11,Aguascalientes,101.19231898,101.19027383,99.99797895,108.40679319,109.67487108,Cifras definitivas
46,2018,11,Baja California,101.423303,100.24566643,98.83888955,107.39175105,109.47810734,Cifras definitivas
46,2018,11,Baja California Sur,101.68335051,101.84157282,100.15560297,109.14600152,111.17523908,Cifras definitivas
46,2018,11,Campeche,101.58878734,102.00447457,100.40918613,108.2501362,110.65091884,Cifras definitivas
46,2018,11,Coahuila de Zaragoza,101.91699555,101.71627321,99.80305312,108.51724585,110.48646852,Cifras definitivas
46,2018,11,Colima,101.26119362,101.27630431,100.01492249,108.08150921,109.60133193,Cifras definitivas
46,2018,11,Chiapas,100.93241363,101.49474417,100.55713573,107.58247774,109.85968715,Cifras definitivas
46,2018,11,Chihuahua,101.60743267,101.12600384,99.52618739,108.40748476,110.0230714,Cifras definitivas
46,2018,11,Ciudad de México,101.4567045,101.05814964,99.60716755,110.90368928,112.13885594,Cifras definitivas
46,2018,11,Durango,101.34330637,101.12484213,99.78443151,107.45513031,109.36943921,Cifras definitivas
46,2018,11,Guanajuato,101.28295321,101.55589052,100.26948001,108.55958373,110.23355225,Cifras definitivas
46,2018,11,Guerrero,100.96874135,102.38638995,101.40404702,108.21438177,110.76874295,Cifras definitivas
46,2018,11,Hidalgo,100.97198294,101.45920931,100.4825362,107.960819,109.70495597,Cifras definitivas
46,2018,11,Jalisco,101.23496395,102.64148159,101.38935955,109.67743894,111.24929578,Cifras definitivas
46,2018,11,México,101.10187875,102.99251626,101.87003202,109.93557106,111.69581766,Cifras definitivas
46,2018,11,Michoacán de Ocampo,100.96356093,101.09398266,100.12917703,107.95067995,109.69471312,Cifras definitivas
46,2018,11,Morelos,101.23144865,101.63268615,100.39635657,108.84041435,110.34283833,Cifras definitivas
46,2018,11,Nayarit,101.43631349,102.35285434,100.90356285,107.71519311,109.96251451,Cifras definitivas
46,2018,11,Nuevo León,102.17671332,101.10388277,98.95002441,109.16352342,110.40478676,Cifras definitivas
46,2018,11,Oaxaca,100.98701688,102.77086987,101.76641814,108.54350892,110.41320294,Cifras definitivas
46,2018,11,Puebla,101.04354232,101.83916507,100.78740584,108.87882303,110.30893671,Cifras definitivas
46,2018,11,Querétaro,101.21894969,101.52552159,100.30287995,108.94838244,110.85341479,Cifras definitivas
46,2018,11,Quintana Roo,101.8009833,100.97308621,99.18674942,109.92183147,112.11379634,Cifras definitivas
46,2018,11,San Luis Potosí,101.1720654,101.1105552,99.93920239,108.25225401,109.72015102,Cifras definitivas
46,2018,11,Sinaloa,102.76518797,102.42869494,99.67256127,108.93491977,110.63174942,Cifras definitivas
46,2018,11,Sonora,101.78002353,101.43375856,99.65979083,108.1045978,109.95845205,Cifras definitivas
46,2018,11,Tabasco,102.02178018,101.86250229,99.84387854,108.62327308,111.18218959,Cifras definitivas
46,2018,11,Tamaulipas,101.58507948,101.01869238,99.4424505,108.21575151,110.12913834,Cifras definitivas
46,2018,11,Tlaxcala,100.80310327,103.07779244,102.25656661,108.48519077,110.32120507,Cifras definitivas
46,2018,11,Veracruz de Ignacio de la Llave,101.43943357,102.48368218,101.02943064,108.85517842,110.98007372,Cifras definitivas
46,2018,11,Yucatán,101.67510974,101.79800311,100.12086869,109.42911148,110.81413747,Cifras definitivas
46,2018,11,Zacatecas,101.07216972,101.87884652,100.7981196,107.76839006,109.67960039,Cifras definitivas
46,2018,12,Aguascalientes,101.19088791,123.29445772,121.84343894,117.2367846,108.10432769,Cifras definitivas
46,2018,12,Baja California,101.27978607,124.22928065,122.65950144,117.39698066,107.92940499,Cifras definitivas
46,2018,12,Baja California Sur,101.50228176,126.22660913,124.35839564,121.20505815,109.33782756,Cifras definitivas
46,2018,12,Campeche,101.45744205,126.30170343,124.48737212,120.26894318,108.68975145,Cifras definitivas
46,2018,12,Coahuila de Zaragoza,101.73835519,125.83784781,123.68771598,119.80088788,108.92778128,Cifras definitivas
46,2018,12,Colima,101.18369349,124.07496862,122.62348244,116.83445603,107.77053852,Cifras definitivas
46,2018,12,Chiapas,100.99072613,124.76157875,123.53765888,119.76779618,108.43238623,Cifras definitivas
46,2018,12,Chihuahua,101.47477531,124.97667528,123.16033704,117.43017978,108.18789178,Cifras definitivas
46,2018,12,Ciudad de México,101.39157105,123.02155032,121.33311383,120.4505064,109.39433162,Cifras definitivas
46,2018,12,Durango,101.26698214,124.69670813,123.13658953,118.20967602,108.16659758,Cifras definitivas
46,2018,12,Guanajuato,101.33633409,123.65578497,122.02512167,118.64259749,108.30366926,Cifras definitivas
46,2018,12,Guerrero,100.99795134,125.32709759,124.08875222,121.89940542,108.87453975,Cifras definitivas
46,2018,12,Hidalgo,100.99786415,124.03201102,122.8065683,117.65866546,107.85690943,Cifras definitivas
46,2018,12,Jalisco,101.2659251,123.8872457,122.33853152,120.27889752,108.98872389,Cifras definitivas
46,2018,12,México,101.09878494,125.18465495,123.82409445,121.58948237,109.55780897,Cifras definitivas
46,2018,12,Michoacán de Ocampo,101.02482599,123.38473723,122.13308563,118.29000903,108.15232488,Cifras definitivas
46,2018,12,Morelos,101.22416915,124.08726718,122.58659984,118.94671478,108.77914271,Cifras definitivas
46,2018,12,Nayarit,101.39617977,125.0625014,123.34044703,119.2313333,108.10899597,Cifras definitivas
46,2018,12,Nuevo León,101.98917012,124.27128259,121.84752797,118.08674721,108.77755127,Cifras definitivas
46,2018,12,Oaxaca,101.03091404,124.85418829,123.58018283,120.09252223,108.89170739,Cifras definitivas
46,2018,12,Puebla,101.07601345,123.58450539,122.26887584,118.63496769,108.42766311,Cifras definitivas
46,2018,12,Querétaro,101.21624525,124.18240588,122.69019224,119.54131248,108.62608031,Cifras definitivas
46,2018,12,Quintana Roo,101.64079521,125.35428342,123.33067954,123.87298438,110.39709926,Cifras definitivas
46,2018,12,San Luis Potosí,101.18857846,123.58672751,122.13505654,117.45106665,108.37021929,Cifras definitivas
46,2018,12,Sinaloa,102.69192519,125.034843,121.75722947,119.72853055,108.85497804,Cifras definitivas
46,2018,12,Sonora,101.61588022,125.75746576,123.75768973,118.31784794,108.34368417,Cifras definitivas
46,2018,12,Tabasco,101.89911709,126.6946702,124.33343273,121.95720748,109.22872426,Cifras definitivas
46,2018,12,Tamaulipas,101.43317226,124.7135394,122.95143356,118.06155008,108.13162673,Cifras definitivas
46,2018,12,Tlaxcala,100.84587644,124.75350226,123.7070931,119.80088159,108.57081158,Cifras definitivas
46,2018,12,Veracruz de Ignacio de la Llave,101.40940039,125.3661402,123.62378608,120.54067643,108.88210714,Cifras definitivas
46,2018,12,Yucatán,101.61559375,124.70550467,122.72280274,119.51297028,108.85804839,Cifras definitivas
46,2018,12,Zacatecas,101.10499505,124.27870341,122.92043865,118.49769404,107.99473772,Cifras definitivas
46,2019,1,Aguascalientes,100.94331297,99.10841813,98.18225221,99.46039162,95.84727463,Cifras definitivas
46,2019,1,Baja California,101.34762024,97.73710773,96.43749651,99.95952354,95.79210746,Cifras definitivas
46,2019,1,Baja California Sur,101.43824525,97.76423651,96.3780833,99.82549108,96.21834952,Cifras definitivas
46,2019,1,Campeche,101.25589497,97.82410605,96.61077617,99.94601453,95.77190317,Cifras definitivas
46,2019,1,Coahuila de Zaragoza,101.52105384,97.60158013,96.13925037,99.78118374,96.02905179,Cifras definitivas
46,2019,1,Colima,101.07955268,97.95211428,96.90596336,99.61060814,96.14097456,Cifras definitivas
46,2019,1,Chiapas,100.59460324,98.28808894,97.70711924,98.9853571,95.17834154,Cifras definitivas
46,2019,1,Chihuahua,101.33922149,97.65908427,96.36849665,100.46818624,96.51730901,Cifras definitivas
46,2019,1,Ciudad de México,100.98713779,99.20653822,98.23680559,99.16374584,96.0449523,Cifras definitivas
46,2019,1,Durango,101.11849683,97.97243608,96.88873861,99.59975744,95.63733645,Cifras definitivas
46,2019,1,Guanajuato,100.81076317,99.12321222,98.32602105,99.58874287,95.77389744,Cifras definitivas
46,2019,1,Guerrero,100.59376661,98.5990927,98.01709989,98.65663512,94.99081538,Cifras definitivas
46,2019,1,Hidalgo,100.71709231,98.37795839,97.6775204,99.66655248,95.90190074,Cifras definitivas
46,2019,1,Jalisco,100.93769356,99.69617494,98.77001487,99.19361487,95.75150139,Cifras definitivas
46,2019,1,México,100.79481839,98.94186586,98.16165894,99.24219536,95.70375929,Cifras definitivas
46,2019,1,Michoacán de Ocampo,100.65010202,98.78933554,98.15125227,99.16231113,95.36707781,Cifras definitivas
46,2019,1,Morelos,100.87384324,98.42965303,97.57698316,99.06484302,95.6650684,Cifras definitivas
46,2019,1,Nayarit,101.13196609,98.8941948,97.787276,99.78666129,95.45269239,Cifras definitivas
46,2019,1,Nuevo León,101.83559143,98.1351173,96.36622709,99.73439604,96.32852651,Cifras definitivas
46,2019,1,Oaxaca,100.64868757,98.92866224,98.29106035,98.62019867,95.01444516,Cifras definitivas
46,2019,1,Puebla,100.71851574,98.98764048,98.28147263,99.22046637,96.01420491,Cifras definitivas
46,2019,1,Querétaro,100.97464891,98.98637608,98.0309188,99.90432475,96.20933467,Cifras definitivas
46,2019,1,Quintana Roo,101.4165319,98.60348619,97.22624541,99.41567464,96.02908312,Cifras definitivas
46,2019,1,San Luis Potosí,100.86874649,98.57132756,97.72236792,99.72299035,96.17703166,Cifras definitivas
46,2019,1,Sinaloa,102.00813924,98.94061555,96.99286379,99.47741808,95.79553792,Cifras definitivas
46,2019,1,Sonora,101.56768496,97.46707148,95.96267899,100.12696703,96.2358406,Cifras definitivas
46,2019,1,Tabasco,101.51616892,97.60999688,96.1521676,99.74020123,95.68236677,Cifras definitivas
46,2019,1,Tamaulipas,101.37253703,97.67546289,96.35298253,100.3749084,96.27090812,Cifras definitivas
46,2019,1,Tlaxcala,100.52581509,99.03516354,98.51714552,98.96196717,95.37811259,Cifras definitivas
46,2019,1,Veracruz de Ignacio de la Llave,101.03398559,98.53688407,97.52845391,99.58033842,95.66595126,Cifras definitivas
46,2019,1,Yucatán,101.25095351,98.87387308,97.65228835,99.55098167,96.01532061,Cifras definitivas
46,2019,1,Zacatecas,100.75585292,99.00442637,98.26171235,99.75095613,95.63457365,Cifras definitivas
46,2019,2,Aguascalientes,101.01772856,99.7356396,98.73082777,91.86197753,91.88578181,Cifras definitivas
46,2019,2,Baja California,101.49113718,100.29032779,98.81683325,92.33425747,92.15069874,Cifras definitivas
46,2019,2,Baja California Sur,101.60385691,100.36665892,98.78233167,91.36153504,91.62365031,Cifras definitivas
46,2019,2,Campeche,101.41894429,100.59441201,99.18700368,91.65206199,91.69775964,Cifras definitivas
46,2019,2,Coahuila de Zaragoza,101.70769303,100.27184308,98.58825827,91.55162803,91.93732041,Cifras definitivas
46,2019,2,Colima,101.2054904,99.69073125,98.50328362,91.81005592,92.16793271,Cifras definitivas
46,2019,2,Chiapas,100.72530369,99.88895479,99.16967349,92.01426054,92.07787248,Cifras definitivas
46,2019,2,Chihuahua,101.51184986,99.93021811,98.44192402,92.06257814,92.15018958,Cifras definitivas
46,2019,2,Ciudad de México,100.99743796,99.19541548,98.21577407,91.05051013,91.72103422,Cifras definitivas
46,2019,2,Durango,101.27808385,99.96081206,98.69935159,92.12928523,92.09469275,Cifras definitivas
46,2019,2,Guanajuato,100.97749601,99.58552059,98.62149937,92.29674018,92.28823737,Cifras definitivas
46,2019,2,Guerrero,100.72011679,99.86770258,99.15368028,91.73079284,91.90748027,Cifras definitivas
46,2019,2,Hidalgo,100.83943982,99.46026716,98.63230829,92.20445884,92.24627261,Cifras definitivas
46,2019,2,Jalisco,101.03274214,99.64914526,98.63054605,91.65969403,91.96792235,Cifras definitivas
46,2019,2,México,100.90142583,99.73280966,98.84182393,91.44943105,91.78914944,Cifras definitivas
46,2019,2,Michoacán de Ocampo,100.75920418,99.46716614,98.71769726,92.43330748,92.34407112,Cifras definitivas
46,2019,2,Morelos,101.00942392,99.46193063,98.46797137,91.78509485,92.01530211,Cifras definitivas
46,2019,2,Nayarit,101.28413979,100.20498676,98.93452911,92.46216746,92.12238039,Cifras definitivas
46,2019,2,Nuevo León,101.98252489,99.81041145,97.87011212,91.71897571,92.07382109,Cifras definitivas
46,2019,2,Oaxaca,100.78252037,99.83006969,99.05494457,91.90328931,91.87825662,Cifras definitivas
46,2019,2,Puebla,100.85344433,99.48600153,98.64412881,91.41291243,91.94520731,Cifras definitivas
46,2019,2,Querétaro,101.09544708,99.71255463,98.63209226,91.86585632,92.02165541,Cifras definitivas
46,2019,2,Quintana Roo,101.54662404,100.0794751,98.55519673,91.6575836,91.51713371,Cifras definitivas
46,2019,2,San Luis Potosí,101.000851,99.4442635,98.45883724,92.21405818,92.28354763,Cifras definitivas
46,2019,2,Sinaloa,102.20607728,100.16013482,97.99821839,91.75347207,91.9285014,Cifras definitivas
46,2019,2,Sonora,101.7457979,100.33834387,98.61669567,91.72864015,91.88317036,Cifras definitivas
46,2019,2,Tabasco,101.68670053,100.73911088,99.06812824,91.25714488,91.73456822,Cifras definitivas
46,2019,2,Tamaulipas,101.54231568,100.11356306,98.59294856,92.04067935,92.18873292,Cifras definitivas
46,2019,2,Tlaxcala,100.65118474,99.61128497,98.96682809,91.82390401,91.90733329,Cifras definitivas
46,2019,2,Veracruz de Ignacio de la Llave,101.19681256,100.16101827,98.97645562,91.6856832,91.9296175,Cifras definitivas
46,2019,2,Yucatán,101.37920629,100.20407089,98.84085165,91.19936369,91.5863271,Cifras definitivas
46,2019,2,Zacatecas,100.88267805,99.81162975,98.93832289,92.41078805,92.16083843,Cifras definitivas
46,2019,3,Aguascalientes,100.79305073,104.86331957,104.03824352,99.02012678,98.81415162,Cifras definitivas
46,2019,3,Baja California,101.29548323,107.98500591,106.60396936,100.06516386,99.22797534,Cifras definitivas
46,2019,3,Baja California Sur,101.32121301,108.41504282,107.00132736,99.47308097,98.5693958,Cifras definitivas
46,2019,3,Campeche,101.13360798,109.11103328,107.88800623,99.76170805,99.00490684,Cifras definitivas
46,2019,3,Coahuila de Zaragoza,101.35974426,108.4591314,107.00414863,99.54867915,99.01684286,Cifras definitivas
46,2019,3,Colima,100.97298999,106.20395858,105.18056224,99.32101904,98.80668491,Cifras definitivas
46,2019,3,Chiapas,100.55489042,106.56628096,105.97821798,99.3631914,98.96827885,Cifras definitivas
46,2019,3,Chihuahua,101.24074222,107.46614209,106.14910532,99.80418795,99.57214107,Cifras definitivas
46,2019,3,Ciudad de México,100.68252531,103.16113266,102.46180491,97.78285938,98.42369743,Cifras definitivas
46,2019,3,Durango,101.05604974,107.24766081,106.12690788,99.69789483,99.17680372,Cifras definitivas
46,2019,3,Guanajuato,100.71586384,104.55725073,103.81408325,99.18653159,99.45579495,Cifras definitivas
46,2019,3,Guerrero,100.5244778,106.36375299,105.80880927,99.18195037,98.71698763,Cifras definitivas
46,2019,3,Hidalgo,100.65435,105.33274971,104.64798562,99.34294238,99.26029974,Cifras definitivas
46,2019,3,Jalisco,100.77097966,104.37821869,103.57964073,98.68004839,98.76078408,Cifras definitivas
46,2019,3,México,100.65185872,105.8722742,105.18660614,98.68610978,98.84105928,Cifras definitivas
46,2019,3,Michoacán de Ocampo,100.57331088,104.7867585,104.18942917,99.33858975,99.4839008,Cifras definitivas
46,2019,3,Morelos,100.78830912,105.2348606,104.41177307,98.76448166,98.76597168,Cifras definitivas
46,2019,3,Nayarit,101.03330402,107.05734711,105.96243303,99.91832846,99.41100276,Cifras definitivas
46,2019,3,Nuevo León,101.5583376,106.40537464,104.77266284,99.23118041,99.04146434,Cifras definitivas
46,2019,3,Oaxaca,100.58391249,105.76200226,105.14802978,99.0435603,98.60664831,Cifras definitivas
46,2019,3,Puebla,100.6466379,104.41971981,103.74884049,98.56540023,98.42874696,Cifras definitivas
46,2019,3,Querétaro,100.85294926,105.16065804,104.27127695,98.84649926,99.09267757,Cifras definitivas
46,2019,3,Quintana Roo,101.17285184,106.85222625,105.61353595,99.18127162,98.67476704,Cifras definitivas
46,2019,3,San Luis Potosí,100.76792989,105.2187643,104.41691559,99.04122707,99.27536271,Cifras definitivas
46,2019,3,Sinaloa,101.63347081,106.42310243,104.71265183,99.36287638,98.99076829,Cifras definitivas
46,2019,3,Sonora,101.46361112,108.71401279,107.14581473,99.8576974,98.9527768,Cifras definitivas
46,2019,3,Tabasco,101.31472223,109.60260746,108.18033653,99.73082442,98.98848305,Cifras definitivas
46,2019,3,Tamaulipas,101.2857329,107.72044819,106.35303226,99.94179318,99.5918358,Cifras definitivas
46,2019,3,Tlaxcala,100.48451685,105.40656575,104.89831573,98.955504,98.61825446,Cifras definitivas
46,2019,3,Veracruz de Ignacio de la Llave,100.92975278,107.08316537,106.09672809,99.33302928,98.99426907,Cifras definitivas
46,2019,3,Yucatán,101.02965461,106.39546779,105.31112692,99.14645642,98.63524035,Cifras definitivas
46,2019,3,Zacatecas,100.6812499,105.84045194,105.1242928,99.65949458,99.47002564,Cifras definitivas
46,2019,4,Aguascalientes,101.03060818,100.45936178,99.43458086,96.26536342,96.3214488,Cifras definitivas
46,2019,4,Baja California,101.52141028,100.71359398,99.20428972,97.15844044,97.37943296,Cifras definitivas
46,2019,4,Baja California Sur,101.57073458,100.89342495,99.33316458,96.50690809,96.67392363,Cifras definitivas
46,2019,4,Campeche,101.37818196,101.09151991,99.71723497,96.82554869,97.20262665,Cifras definitivas
46,2019,4,Coahuila de Zaragoza,101.57437933,100.77832034,99.21627974,96.47184567,97.17442869,Cifras definitivas
46,2019,4,Colima,101.20306852,100.42556088,99.23173511,96.01485718,96.37187575,Cifras definitivas
46,2019,4,Chiapas,100.80774551,100.56329033,99.75750357,96.72541171,97.11836013,Cifras definitivas
46,2019,4,Chihuahua,101.44581082,100.64844566,99.21399893,96.7981364,97.23176916,Cifras definitivas
46,2019,4,Ciudad de México,100.96047851,99.70586868,98.75732579,94.76805777,95.65859522,Cifras definitivas
46,2019,4,Durango,101.2836347,100.6474754,99.37190317,96.8748389,97.1679446,Cifras definitivas
46,2019,4,Guanajuato,100.96398604,100.35298772,99.39483538,96.71885458,97.09212403,Cifras definitivas
46,2019,4,Guerrero,100.79551932,100.61826118,99.82414085,96.530205,96.94022631,Cifras definitivas
46,2019,4,Hidalgo,100.9178677,100.33389319,99.42133685,96.51493969,96.81773114,Cifras definitivas
46,2019,4,Jalisco,101.02105052,100.49794901,99.48218564,96.00764672,96.5181639,Cifras definitivas
46,2019,4,México,100.90542199,100.55852028,99.65621103,96.06453824,97.0631011,Cifras definitivas
46,2019,4,Michoacán de Ocampo,100.82760285,100.27116815,99.44813257,96.81797692,97.33112179,Cifras definitivas
46,2019,4,Morelos,101.0649301,100.21835456,99.1623449,95.96576701,96.6723725,Cifras definitivas
46,2019,4,Nayarit,101.28079532,101.03736763,99.75965069,97.32137596,97.32688848,Cifras definitivas
46,2019,4,Nuevo León,101.79756594,100.41679531,98.64361135,96.22373472,96.91595905,Cifras definitivas
46,2019,4,Oaxaca,100.87192067,100.74332586,99.87251674,96.6312734,96.99637444,Cifras definitivas
46,2019,4,Puebla,100.92374591,100.0989066,99.18271037,95.36499829,95.78541979,Cifras definitivas
46,2019,4,Querétaro,101.10536335,100.36973867,99.27241775,96.37224395,96.76800713,Cifras definitivas
46,2019,4,Quintana Roo,101.49614052,100.42206167,98.941754,96.72472698,96.64293755,Cifras definitivas
46,2019,4,San Luis Potosí,101.00519655,100.20931446,99.21203847,96.3266002,96.89744538,Cifras definitivas
46,2019,4,Sinaloa,101.88989054,100.81734729,98.94735067,96.54867305,96.79535124,Cifras definitivas
46,2019,4,Sonora,101.66826638,100.90578548,99.25003059,96.73646058,96.92624084,Cifras definitivas
46,2019,4,Tabasco,101.56104566,101.0299076,99.47702581,96.57574066,97.29946339,Cifras definitivas
46,2019,4,Tamaulipas,101.50019015,100.63307747,99.14570339,96.83908055,97.46607474,Cifras definitivas
46,2019,4,Tlaxcala,100.76180503,100.57849762,99.81807848,96.21096838,96.52257235,Cifras definitivas
46,2019,4,Veracruz de Ignacio de la Llave,101.18150152,100.80532062,99.62821178,96.47070838,97.07643849,Cifras definitivas
46,2019,4,Yucatán,101.30041046,100.58620847,99.29496634,95.8905633,96.12135454,Cifras definitivas
46,2019,4,Zacatecas,100.92445574,100.72831788,99.80565874,97.09528723,97.15381633,Cifras definitivas
46,2019,5,Aguascalientes,101.11647232,111.26730696,110.03875472,102.14086854,101.42948089,Cifras definitivas
46,2019,5,Baja California,101.76415571,110.28185501,108.37003878,102.67058164,102.69829989,Cifras definitivas
46,2019,5,Baja California Sur,101.78713381,110.29148912,108.35503957,103.23954844,102.91407621,Cifras definitivas
46,2019,5,Campeche,101.52764384,110.30614187,108.64641165,102.93063681,103.00964239,Cifras definitivas
46,2019,5,Coahuila de Zaragoza,101.79434694,110.34506963,108.39999759,102.63809091,102.58898879,Cifras definitivas
46,2019,5,Colima,101.33385,110.74316363,109.28545953,102.33169584,101.97168358,Cifras definitivas
46,2019,5,Chiapas,100.85147989,110.30976515,109.37842982,102.4614981,102.27786956,Cifras definitivas
46,2019,5,Chihuahua,101.64856225,110.83685326,109.03927297,102.94411046,102.67945987,Cifras definitivas
46,2019,5,Ciudad de México,101.03697245,110.00902578,108.87997048,101.71196514,101.44996757,Cifras definitivas
46,2019,5,Durango,101.43212001,110.60662266,109.04496786,102.75040224,102.51431065,Cifras definitivas
46,2019,5,Guanajuato,101.05361318,111.05242791,109.8945643,102.37286855,101.80259612,Cifras definitivas
46,2019,5,Guerrero,100.83220163,110.45741369,109.54577199,102.96962248,102.66428064,Cifras definitivas
46,2019,5,Hidalgo,100.97904145,110.85648483,109.78167671,102.57134833,102.10303394,Cifras definitivas
46,2019,5,Jalisco,101.10982026,111.26449016,110.04320834,102.50129078,101.87248689,Cifras definitivas
46,2019,5,México,100.96046598,110.88594353,109.83105362,102.55964855,102.36016346,Cifras definitivas
46,2019,5,Michoacán de Ocampo,100.88215393,110.9184445,109.94852923,102.45681502,102.09104759,Cifras definitivas
46,2019,5,Morelos,101.11679653,110.47132911,109.25121533,102.02089113,101.65767298,Cifras definitivas
46,2019,5,Nayarit,101.40955768,111.1977165,109.65210681,103.23040843,102.71714247,Cifras definitivas
46,2019,5,Nuevo León,102.03900936,110.6685237,108.45707381,102.38512286,102.19803539,Cifras definitivas
46,2019,5,Oaxaca,100.90457588,111.07657763,110.08081315,102.60840342,102.08808633,Cifras definitivas
46,2019,5,Puebla,100.95558653,110.59406177,109.54724307,101.86479909,101.25747663,Cifras definitivas
46,2019,5,Querétaro,101.21714673,110.60513232,109.27509409,102.02594868,101.71691998,Cifras definitivas
46,2019,5,Quintana Roo,101.69516208,110.2212627,108.38397859,103.52162921,103.02365243,Cifras definitivas
46,2019,5,San Luis Potosí,101.08515454,110.91347202,109.72280997,101.8067854,101.42067233,Cifras definitivas
46,2019,5,Sinaloa,102.13538512,111.12802199,108.80462423,102.80650622,102.16239391,Cifras definitivas
46,2019,5,Sonora,101.90644879,110.5121316,108.44468914,103.03317381,102.79778603,Cifras definitivas
46,2019,5,Tabasco,101.76548414,109.74540551,107.84148126,102.94242165,103.20293195,Cifras definitivas
46,2019,5,Tamaulipas,101.71911526,110.46297031,108.59607855,102.91186059,102.90613406,Cifras definitivas
46,2019,5,Tlaxcala,100.77212959,111.30272488,110.44990845,102.63157418,101.87340256,Cifras definitivas
46,2019,5,Veracruz de Ignacio de la Llave,101.30634534,110.67442642,109.24727967,102.75014077,102.52732056,Cifras definitivas
46,2019,5,Yucatán,101.43201625,110.50851588,108.94835769,102.73697698,102.36319575,Cifras definitivas
46,2019,5,Zacatecas,100.9975667,111.37567061,110.27559797,103.06877267,102.45499981,Cifras definitivas
46,2019,6,Aguascalientes,101.19947432,100.84602339,99.65073837,99.55473087,98.50292865,Cifras definitivas
46,2019,6,Baja California,101.85609625,100.93987485,99.10047466,100.53181442,100.12319303,Cifras definitivas
46,2019,6,Baja California Sur,101.89312528,100.98569587,99.10943019,101.36034837,100.58766878,Cifras definitivas
46,2019,6,Campeche,101.58425819,101.2038244,99.62549927,101.1972117,100.42076496,Cifras definitivas
46,2019,6,Coahuila de Zaragoza,101.88699997,100.85276807,98.98492261,100.83265181,100.25573533,Cifras definitivas
46,2019,6,Colima,101.36775631,100.58548822,99.22828706,100.01616358,99.02294487,Cifras definitivas
46,2019,6,Chiapas,100.8333829,100.67859478,99.8464912,100.43049833,99.12115424,Cifras definitivas
46,2019,6,Chihuahua,101.72502851,101.07349791,99.3595179,100.56217853,99.89115167,Cifras definitivas
46,2019,6,Ciudad de México,101.23464488,100.24171387,99.01917865,99.1794559,99.13518385,Cifras definitivas
46,2019,6,Durango,101.47375141,100.85336694,99.38862567,100.44488505,99.3800249,Cifras definitivas
46,2019,6,Guanajuato,101.10172186,100.70638647,99.60897264,100.05357058,98.64128304,Cifras definitivas
46,2019,6,Guerrero,100.82608792,100.63515717,99.81063358,100.86131583,99.14817981,Cifras definitivas
46,2019,6,Hidalgo,101.02688247,100.67270061,99.6494182,100.08027722,98.72973907,Cifras definitivas
46,2019,6,Jalisco,101.15420513,100.64283053,99.49446036,100.09934434,98.59243172,Cifras definitivas
46,2019,6,México,101.00352146,100.68382826,99.68348311,100.41253586,99.37617834,Cifras definitivas
46,2019,6,Michoacán de Ocampo,100.90481361,100.6270565,99.72473354,99.9498379,98.55429808,Cifras definitivas
46,2019,6,Morelos,101.12134622,100.42441425,99.31079639,99.71701895,98.9550495,Cifras definitivas
46,2019,6,Nayarit,101.45805259,101.16450894,99.71067486,100.88276318,99.15302848,Cifras definitivas
46,2019,6,Nuevo León,102.1301967,100.74885511,98.64746996,100.18521139,99.64186067,Cifras definitivas
46,2019,6,Oaxaca,100.8826273,100.81915301,99.93708105,100.43628722,98.75658053,Cifras definitivas
46,2019,6,Puebla,100.95842382,100.29763426,99.34548348,99.65584474,98.47498765,Cifras definitivas
46,2019,6,Querétaro,101.29467391,100.66353296,99.37692583,100.01971095,99.0906298,Cifras definitivas
46,2019,6,Quintana Roo,101.81554585,100.8059122,99.00836985,101.21616438,100.34166516,Cifras definitivas
46,2019,6,San Luis Potosí,101.11644245,100.49651078,99.38691309,99.45501004,98.60079126,Cifras definitivas
46,2019,6,Sinaloa,102.22792758,101.00253087,98.80130925,100.71687764,99.22841144,Cifras definitivas
46,2019,6,Sonora,101.99445754,101.09727391,99.12036041,100.96777879,100.22815166,Cifras definitivas
46,2019,6,Tabasco,101.84526501,101.05862911,99.22761662,101.51729994,101.03964508,Cifras definitivas
46,2019,6,Tamaulipas,101.79123927,100.90078073,99.12521102,100.7999427,100.24498217,Cifras definitivas
46,2019,6,Tlaxcala,100.76622984,100.64845131,99.88311706,100.15094473,98.40954908,Cifras definitivas
46,2019,6,Veracruz de Ignacio de la Llave,101.35257289,100.85861524,99.51263433,100.79215304,99.75039377,Cifras definitivas
46,2019,6,Yucatán,101.494047,101.00386542,99.51703416,100.65052913,99.5498686,Cifras definitivas
46,2019,6,Zacatecas,101.02889997,100.99500012,99.96644539,100.43175813,98.71157944,Cifras definitivas
46,2019,7,Aguascalientes,101.43416963,101.54320273,100.10749149,101.75381183,100.78029397,Cifras definitivas
46,2019,7,Baja California,102.11285701,101.70329547,99.59891286,102.48506178,102.17103229,Cifras definitivas
46,2019,7,Baja California Sur,102.16031209,102.12105323,99.96157132,102.63805551,102.27931085,Cifras definitivas
46,2019,7,Campeche,101.8877111,102.56836802,100.66804614,102.89391747,102.34304131,Cifras definitivas
46,2019,7,Coahuila de Zaragoza,102.20095375,102.11248364,99.91343514,102.42692036,102.2782036,Cifras definitivas
46,2019,7,Colima,101.62205363,101.44411343,99.82490002,101.49042691,100.9944605,Cifras definitivas
46,2019,7,Chiapas,101.10684845,101.7754007,100.6612334,102.19807094,101.68158469,Cifras definitivas
46,2019,7,Chihuahua,102.01814915,101.8988846,99.88309477,102.45955347,101.76832033,Cifras definitivas
46,2019,7,Ciudad de México,101.44079982,100.81340773,99.38151898,101.46394977,101.06886188,Cifras definitivas
46,2019,7,Durango,101.78043602,101.8518036,100.07011915,102.11977392,101.61828765,Cifras definitivas
46,2019,7,Guanajuato,101.36104745,101.44842925,100.08620846,102.45017837,101.78692621,Cifras definitivas
46,2019,7,Guerrero,101.07471247,101.91855033,100.83486546,102.14035088,101.56266569,Cifras definitivas
46,2019,7,Hidalgo,101.26765608,101.47519674,100.20494269,101.93552717,101.12954491,Cifras definitivas
46,2019,7,Jalisco,101.39345042,101.70211957,100.30442711,101.98318297,101.26751123,Cifras definitivas
46,2019,7,México,101.25270184,102.02135778,100.7591461,102.45628295,101.98469185,Cifras definitivas
46,2019,7,Michoacán de Ocampo,101.14693648,101.33087466,100.18185245,102.07192766,101.45445355,Cifras definitivas
46,2019,7,Morelos,101.38249826,101.3688218,99.98651004,101.90816674,101.4654836,Cifras definitivas
46,2019,7,Nayarit,101.74567761,102.37327232,100.6168269,102.67111858,101.86691343,Cifras definitivas
46,2019,7,Nuevo León,102.43550818,101.51716307,99.10348948,102.11172898,101.79676519,Cifras definitivas
46,2019,7,Oaxaca,101.17170614,102.03115538,100.84949565,102.50506238,101.75295333,Cifras definitivas
46,2019,7,Puebla,101.21409457,101.21012678,99.9960798,101.17602589,100.65247808,Cifras definitivas
46,2019,7,Querétaro,101.52364955,101.52966147,100.00592169,102.56862822,101.77682903,Cifras definitivas
46,2019,7,Quintana Roo,102.05825507,101.47046902,99.4240681,102.56453376,102.16129857,Cifras definitivas
46,2019,7,San Luis Potosí,101.37456771,101.28448824,99.91114194,101.85694061,101.15855151,Cifras definitivas
46,2019,7,Sinaloa,102.57110587,102.11692936,99.55720814,102.46972636,101.87056671,Cifras definitivas
46,2019,7,Sonora,102.29899576,102.17813985,99.88186012,102.44821624,101.98494194,Cifras definitivas
46,2019,7,Tabasco,102.166383,102.54202539,100.3676771,102.79896324,102.84037393,Cifras definitivas
46,2019,7,Tamaulipas,102.0803736,101.81131665,99.73642637,102.50383163,102.25131137,Cifras definitivas
46,2019,7,Tlaxcala,101.02729371,101.93332588,100.8968192,101.7524881,100.90755112,Cifras definitivas
46,2019,7,Veracruz de Ignacio de la Llave,101.64348255,102.18087031,100.52869869,102.5820252,102.20173991,Cifras definitivas
46,2019,7,Yucatán,101.78575919,101.93701259,100.14859977,101.95834712,101.47389361,Cifras definitivas
46,2019,7,Zacatecas,101.29299465,101.97825944,100.67651746,102.25143265,101.32048305,Cifras definitivas
46,2019,8,Aguascalientes,101.3297016,102.88377253,101.53367759,101.59718425,99.55690687,Cifras definitivas
46,2019,8,Baja California,102.00465869,102.71151781,100.69296749,102.39131524,100.80480155,Cifras definitivas
46,2019,8,Baja California Sur,102.09185927,102.19884231,100.10479096,102.58514515,100.54288272,Cifras definitivas
46,2019,8,Campeche,101.80392186,102.92496522,101.10117895,102.89761312,100.73717809,Cifras definitivas
46,2019,8,Coahuila de Zaragoza,102.10163504,102.47909962,100.36969494,102.58268963,100.68264062,Cifras definitivas
46,2019,8,Colima,101.48158464,102.40106024,100.90605168,101.78188776,99.97523131,Cifras definitivas
46,2019,8,Chiapas,101.0022881,102.65077473,101.63212801,102.29884611,100.42075748,Cifras definitivas
46,2019,8,Chihuahua,101.91561485,102.76750455,100.83587751,102.4104592,100.52020333,Cifras definitivas
46,2019,8,Ciudad de México,101.31704627,102.23577514,100.90678608,101.25928562,99.9278695,Cifras definitivas
46,2019,8,Durango,101.67496982,102.77305073,101.07999138,102.39833587,100.45380042,Cifras definitivas
46,2019,8,Guanajuato,101.27043178,102.96314165,101.67147492,102.5264566,100.56945088,Cifras definitivas
46,2019,8,Guerrero,100.98028948,102.48452628,101.48963407,102.04983946,100.30019679,Cifras definitivas
46,2019,8,Hidalgo,101.17589545,102.75445414,101.56021223,102.10252109,100.19759883,Cifras definitivas
46,2019,8,Jalisco,101.25380045,102.77245959,101.49985396,101.72254039,100.05725805,Cifras definitivas
46,2019,8,México,101.14609441,102.77917107,101.61457214,102.29721514,100.44714504,Cifras definitivas
46,2019,8,Michoacán de Ocampo,101.02734373,102.79332415,101.74802222,102.16158319,100.41589723,Cifras definitivas
46,2019,8,Morelos,101.28786477,102.43114557,101.1287441,102.0192453,100.12530561,Cifras definitivas
46,2019,8,Nayarit,101.66206569,103.33212834,101.64275892,102.77027627,100.72209972,Cifras definitivas
46,2019,8,Nuevo León,102.30924878,102.43838255,100.12621906,101.9405179,100.40185411,Cifras definitivas
46,2019,8,Oaxaca,101.08712381,102.89758539,101.79099129,102.41188823,100.34324608,Cifras definitivas
46,2019,8,Puebla,101.12550828,102.3411914,101.20215279,101.3704759,99.65002627,Cifras definitivas
46,2019,8,Querétaro,101.42358539,102.82215762,101.37894182,102.269695,100.28290599,Cifras definitivas
46,2019,8,Quintana Roo,101.9747631,101.76995338,99.79915646,101.98559982,100.34670044,Cifras definitivas
46,2019,8,San Luis Potosí,101.27809665,102.54117954,101.24714319,101.95565313,99.95364328,Cifras definitivas
46,2019,8,Sinaloa,102.54797025,102.86336508,100.30755834,102.45143297,100.43545419,Cifras definitivas
46,2019,8,Sonora,102.24311719,102.67715391,100.42451437,102.46274451,100.54265521,Cifras definitivas
46,2019,8,Tabasco,102.10654735,102.62451337,100.50727993,102.80469871,101.11332893,Cifras definitivas
46,2019,8,Tamaulipas,101.95208221,102.72586528,100.7589674,102.72418254,100.93348682,Cifras definitivas
46,2019,8,Tlaxcala,100.94912204,102.76015894,101.79400956,101.79656364,99.83119405,Cifras definitivas
46,2019,8,Veracruz de Ignacio de la Llave,101.56339406,102.84703645,101.26388292,102.70463243,100.75669785,Cifras definitivas
46,2019,8,Yucatán,101.69690433,102.7662173,101.05147052,101.9433188,100.19011218,Cifras definitivas
46,2019,8,Zacatecas,101.19899485,103.1974471,101.9747748,102.38205217,100.30023804,Cifras definitivas
46,2019,9,Aguascalientes,101.35689191,101.30601584,99.94980502,96.54055375,97.47900436,Cifras definitivas
46,2019,9,Baja California,102.0909931,101.71707768,99.63374299,97.36124506,98.84685954,Cifras definitivas
46,2019,9,Baja California Sur,102.22214044,101.74603728,99.53424654,97.133814,98.82306809,Cifras definitivas
46,2019,9,Campeche,101.86280079,102.46684754,100.59300034,97.49290708,98.98759228,Cifras definitivas
46,2019,9,Coahuila de Zaragoza,102.208286,101.9860889,99.78260363,97.13608192,98.98403174,Cifras definitivas
46,2019,9,Colima,101.52275658,101.28967893,99.77041832,97.00153447,98.12047077,Cifras definitivas
46,2019,9,Chiapas,100.97765609,101.79251167,100.80696623,96.93696874,98.1984874,Cifras definitivas
46,2019,9,Chihuahua,102.00540477,101.79235119,99.79113501,97.43354863,98.55550697,Cifras definitivas
46,2019,9,Ciudad de México,101.35506603,100.53548774,99.19137906,95.91203642,98.18906777,Cifras definitivas
46,2019,9,Durango,101.72631521,101.9103083,100.18087069,97.3430673,98.39800596,Cifras definitivas
46,2019,9,Guanajuato,101.28229419,101.59654505,100.31027226,96.65761127,98.10798268,Cifras definitivas
46,2019,9,Guerrero,100.96874135,101.83583959,100.85877889,96.84260135,98.23749062,Cifras definitivas
46,2019,9,Hidalgo,101.18216968,101.53813308,100.35180447,97.03808146,97.88613298,Cifras definitivas
46,2019,9,Jalisco,101.27393603,101.58434152,100.30650087,96.32584512,98.16839263,Cifras definitivas
46,2019,9,México,101.15782509,101.88843713,100.72224965,96.47553911,98.70813332,Cifras definitivas
46,2019,9,Michoacán de Ocampo,101.02188862,101.45380123,100.42754359,96.79477817,98.14592816,Cifras definitivas
46,2019,9,Morelos,101.3006039,101.23277875,99.93304566,96.41622062,98.04941843,Cifras definitivas
46,2019,9,Nayarit,101.6971827,102.695019,100.98118382,97.50647265,98.5216406,Cifras definitivas
46,2019,9,Nuevo León,102.44141505,101.24187251,98.82904532,96.82638302,98.73250409,Cifras definitivas
46,2019,9,Oaxaca,101.06678123,101.9756957,100.89932069,96.70848691,97.94822868,Cifras definitivas
46,2019,9,Puebla,101.12014897,101.08548573,99.96572074,96.35186226,97.79055076,Cifras definitivas
46,2019,9,Querétaro,101.46505342,101.37250933,99.90879215,96.29635134,97.98606151,Cifras definitivas
46,2019,9,Quintana Roo,102.07864264,101.06833928,99.0102696,96.51683929,98.82851681,Cifras definitivas
46,2019,9,San Luis Potosí,101.29374061,101.25333264,99.96010813,96.35616953,97.83940067,Cifras definitivas
46,2019,9,Sinaloa,102.68485597,102.06642448,99.39773837,97.01482883,98.46480936,Cifras definitivas
46,2019,9,Sonora,102.3639546,101.99241861,99.63704412,97.5732763,98.705889,Cifras definitivas
46,2019,9,Tabasco,102.20228439,102.44489809,100.23738579,97.51256804,99.66530904,Cifras definitivas
46,2019,9,Tamaulipas,102.03441847,101.85547576,99.82462515,97.48117368,99.16889977,Cifras definitivas
46,2019,9,Tlaxcala,100.92109824,101.99563866,101.06473318,96.63640052,97.66812628,Cifras definitivas
46,2019,9,Veracruz de Ignacio de la Llave,101.59754945,102.24365834,100.63594929,97.03379819,98.81957755,Cifras definitivas
46,2019,9,Yucatán,101.74887604,101.69714515,99.94915827,97.33318483,98.87111079,Cifras definitivas
46,2019,9,Zacatecas,101.20197897,102.1614316,100.94805718,97.25884359,98.09912007,Cifras definitivas
46,2019,10,Aguascalientes,101.58156974,101.99329447,100.4053144,100.96296989,106.16852539,Cifras definitivas
46,2019,10,Baja California,102.19078221,102.01049299,99.82357585,101.12435905,108.44660276,Cifras definitivas
46,2019,10,Baja California Sur,102.33254821,101.68262054,99.36488665,100.89877215,109.4748097,Cifras definitivas
46,2019,10,Campeche,101.99414608,102.46245744,100.45915514,101.37988351,109.26966249,Cifras definitivas
46,2019,10,Coahuila de Zaragoza,102.39425862,102.02061642,99.63509458,100.84453858,109.08182136,Cifras definitivas
46,2019,10,Colima,101.66564746,101.70515858,100.03886379,100.87845743,106.96485109,Cifras definitivas
46,2019,10,Chiapas,101.14203703,101.96359866,100.81228503,101.06131256,107.63309865,Cifras definitivas
46,2019,10,Chihuahua,102.14269646,102.17517368,100.03179593,101.19564396,107.88932176,Cifras definitivas
46,2019,10,Ciudad de México,101.61817486,100.73834241,99.13417806,100.34757863,106.78878838,Cifras definitivas
46,2019,10,Durango,101.8734128,102.18917734,100.30995775,101.10752398,107.62740537,Cifras definitivas
46,2019,10,Guanajuato,101.53667711,102.08768013,100.54266403,101.42417446,107.20372559,Cifras definitivas
46,2019,10,Guerrero,101.1507943,101.7843489,100.62634664,100.99991585,107.99192879,Cifras definitivas
46,2019,10,Hidalgo,101.37667084,102.00166338,100.61650529,101.23601497,106.69966174,Cifras definitivas
46,2019,10,Jalisco,101.51383085,101.817477,100.29911801,101.17228584,107.22701806,Cifras definitivas
46,2019,10,México,101.39927096,101.92052461,100.51406055,101.25327723,108.59604926,Cifras definitivas
46,2019,10,Michoacán de Ocampo,101.22792386,101.85624076,100.62069524,101.29162473,106.89177223,Cifras definitivas
46,2019,10,Morelos,101.53445781,101.57094872,100.03593943,100.95886611,107.25602365,Cifras definitivas
46,2019,10,Nayarit,101.87611221,102.93558043,101.03995745,101.93869745,107.95464142,Cifras definitivas
46,2019,10,Nuevo León,102.69984073,101.58160615,98.9111623,100.9653934,107.92119725,Cifras definitivas
46,2019,10,Oaxaca,101.27984304,102.34226542,101.04899687,101.5198525,107.41157765,Cifras definitivas
46,2019,10,Puebla,101.34460961,101.47235201,100.12604755,100.63476113,106.44359928,Cifras definitivas
46,2019,10,Querétaro,101.67329504,101.69402088,100.02038474,101.06195375,107.67775193,Cifras definitivas
46,2019,10,Quintana Roo,102.26795583,100.70505326,98.4717573,100.86140698,109.57733987,Cifras definitivas
46,2019,10,San Luis Potosí,101.49015916,101.58062777,100.08914028,100.99578163,106.75315001,Cifras definitivas
46,2019,10,Sinaloa,103.12636062,102.41011121,99.30546428,101.44954523,107.8773127,Cifras definitivas
46,2019,10,Sonora,102.51692219,102.30420873,99.79250893,101.10194842,108.53759303,Cifras definitivas
46,2019,10,Tabasco,102.4236763,102.23185781,99.81272056,100.90620215,110.22233778,Cifras definitivas
46,2019,10,Tamaulipas,102.17483691,102.0983291,99.92512069,101.13793296,108.88495066,Cifras definitivas
46,2019,10,Tlaxcala,101.11284007,102.27001828,101.1444424,101.22579625,106.86479989,Cifras definitivas
46,2019,10,Veracruz de Ignacio de la Llave,101.80042066,102.31008165,100.50064723,101.25245635,108.70920954,Cifras definitivas
46,2019,10,Yucatán,102.02633792,102.07577678,100.04845696,101.35102964,107.7581605,Cifras definitivas
46,2019,10,Zacatecas,101.400423,102.54001371,101.12385203,101.58657142,107.10924014,Cifras definitivas
46,2019,11,Aguascalientes,101.9665273,105.61732227,103.58038571,108.84632459,106.49682942,Cifras definitivas
46,2019,11,Baja California,102.66562143,105.14651329,102.41647771,108.82423401,107.58783335,Cifras definitivas
46,2019,11,Baja California Sur,102.93095834,106.22204035,103.19736847,110.70845674,108.96845091,Cifras definitivas
46,2019,11,Campeche,102.5308501,106.9941627,104.35314112,110.13105548,108.05231328,Cifras definitivas
46,2019,11,Coahuila de Zaragoza,103.06482657,106.60391041,103.43384252,109.91639804,108.3228721,Cifras definitivas
46,2019,11,Colima,102.07736693,105.6702466,103.51976131,108.5591373,106.67645623,Cifras definitivas
46,2019,11,Chiapas,101.46376121,106.13371327,104.60258126,108.88903836,106.8842938,Cifras definitivas
46,2019,11,Chihuahua,102.70171113,105.89799634,103.11220249,109.66278375,107.12794844,Cifras definitivas
46,2019,11,Ciudad de México,102.08425769,104.26693446,102.13811299,111.6941235,108.21189869,Cifras definitivas
46,2019,11,Durango,102.33413358,106.08841372,103.66864897,108.62602395,106.70304245,Cifras definitivas
46,2019,11,Guanajuato,101.96603065,106.30918739,104.25941533,109.60851683,107.33727904,Cifras definitivas
46,2019,11,Guerrero,101.49859696,106.79883821,105.22198475,109.65974924,107.26685491,Cifras definitivas
46,2019,11,Hidalgo,101.69822518,105.9560678,104.18674231,108.84368712,106.23942555,Cifras definitivas
46,2019,11,Jalisco,101.90766539,107.0667366,105.06249573,110.54870819,107.81718377,Cifras definitivas
46,2019,11,México,101.78934847,107.64162062,105.74939543,111.40802931,108.72344664,Cifras definitivas
46,2019,11,Michoacán de Ocampo,101.54348088,105.79563781,104.18752331,108.91736893,106.60665528,Cifras definitivas
46,2019,11,Morelos,101.95757872,105.9306104,103.89674974,109.73814687,107.48509572,Cifras definitivas
46,2019,11,Nayarit,102.35270018,107.77913123,105.30169799,109.30886759,106.83864503,Cifras definitivas
46,2019,11,Nuevo León,103.44447586,105.54123656,102.02694313,110.09852001,108.15833482,Cifras definitivas
46,2019,11,Oaxaca,101.61924301,107.58102567,105.86678515,109.89231394,107.41344587,Cifras definitivas
46,2019,11,Puebla,101.70652087,105.82540408,104.04977299,109.08297489,107.02850662,Cifras definitivas
46,2019,11,Querétaro,102.07445314,105.80189226,103.65168659,110.1448187,108.01581966,Cifras definitivas
46,2019,11,Quintana Roo,102.88637892,104.62452167,101.68938082,111.59237054,109.75775764,Cifras definitivas
46,2019,11,San Luis Potosí,101.8777816,105.55601374,103.61043604,108.85731265,106.80209198,Cifras definitivas
46,2019,11,Sinaloa,104.08199005,107.34669843,103.13666983,110.08226836,107.83589891,Cifras definitivas
46,2019,11,Sonora,103.13996825,106.31548733,103.07884435,109.47202622,107.7039417,Cifras definitivas
46,2019,11,Tabasco,103.1217589,106.79233525,103.55945863,110.67062443,108.89848779,Cifras definitivas
46,2019,11,Tamaulipas,102.71098003,106.0612822,103.26187343,109.56218403,107.95635117,Cifras definitivas
46,2019,11,Tlaxcala,101.40340268,107.71923179,106.22841931,109.34480446,106.6194279,Cifras definitivas
46,2019,11,Veracruz de Ignacio de la Llave,102.28860712,107.43450429,105.03076277,110.40676692,108.15674488,Cifras definitivas
46,2019,11,Yucatán,102.58209994,106.20751545,103.53415997,110.36645295,107.96600126,Cifras definitivas
46,2019,11,Zacatecas,101.76746985,107.0140865,105.15549483,108.8968338,106.31660821,Cifras definitivas
46,2019,12,Aguascalientes,102.15685947,127.08328261,124.40014627,119.99995358,108.75794184,Cifras definitivas
46,2019,12,Baja California,102.87697254,128.2356798,124.64954657,120.4479048,108.12481724,Cifras definitivas
46,2019,12,Baja California Sur,103.14956573,128.01117042,124.1024812,124.33915334,109.57740488,Cifras definitivas
46,2019,12,Campeche,102.7573075,129.09894036,125.63480253,123.56599134,108.71077464,Cifras definitivas
46,2019,12,Coahuila de Zaragoza,103.24946605,128.37443936,124.33424043,122.81458843,108.87813107,Cifras definitivas
46,2019,12,Colima,102.28807043,127.16395868,124.31944228,119.65786101,108.19632059,Cifras definitivas
46,2019,12,Chiapas,101.72717287,128.0438784,125.86988785,122.72873574,108.42042565,Cifras definitivas
46,2019,12,Chihuahua,102.92299983,128.48033068,124.83150597,120.4960743,108.47764212,Cifras definitivas
46,2019,12,Ciudad de México,102.22770274,126.32596199,123.57312021,124.01849471,108.98236938,Cifras definitivas
46,2019,12,Durango,102.57282025,128.25833454,125.04124799,121.03135786,108.45224789,Cifras definitivas
46,2019,12,Guanajuato,102.18482632,127.51684072,124.79038749,121.66251518,108.57462323,Cifras definitivas
46,2019,12,Guerrero,101.74518361,128.04739287,125.85106078,125.05330434,108.95033563,Cifras definitivas
46,2019,12,Hidalgo,101.91076475,127.69907275,125.30479294,120.60300909,108.17049535,Cifras definitivas
46,2019,12,Jalisco,102.10902115,127.03071254,124.40694378,123.47251079,109.23394555,Cifras definitivas
46,2019,12,México,101.96350403,128.05275074,125.58684792,124.86956486,109.34630404,Cifras definitivas
46,2019,12,Michoacán de Ocampo,101.78182715,127.46544566,125.23399238,121.13699084,108.39172956,Cifras definitivas
46,2019,12,Morelos,102.13774633,127.31158053,124.64694504,121.92004418,108.68718183,Cifras definitivas
46,2019,12,Nayarit,102.5667467,128.82638671,125.60248897,122.44626154,108.58448196,Cifras definitivas
46,2019,12,Nuevo León,103.58254901,127.53840078,123.12730474,121.11327165,108.86700978,Cifras definitivas
46,2019,12,Oaxaca,101.85746539,127.95821847,125.62478163,123.2246258,109.01982941,Cifras definitivas
46,2019,12,Puebla,101.90828324,126.39692781,124.03008253,121.49009632,108.64537235,Cifras definitivas
46,2019,12,Querétaro,102.27458145,127.72371969,124.88315071,122.67742673,108.55830763,Cifras definitivas
46,2019,12,Quintana Roo,103.06986708,127.38157423,123.58759921,127.07471854,110.58682611,Cifras definitivas
46,2019,12,San Luis Potosí,102.08202213,127.10525794,124.51287238,120.12028739,108.33346695,Cifras definitivas
46,2019,12,Sinaloa,104.16682064,127.9322074,122.81473757,122.8928034,109.28154157,Cifras definitivas
46,2019,12,Sonora,103.32646299,128.75862144,124.61340272,121.39996502,108.71911079,Cifras definitivas
46,2019,12,Tabasco,103.30724942,129.10461855,124.97149936,125.40393501,108.97759011,Cifras definitivas
46,2019,12,Tamaulipas,102.91522503,128.17416837,124.54344664,121.04922459,108.37769524,Cifras definitivas
46,2019,12,Tlaxcala,101.62169338,127.59934802,125.56309955,122.76244608,108.88335518,Cifras definitivas
46,2019,12,Veracruz de Ignacio de la Llave,102.50325605,128.23281384,125.10121023,123.84326087,108.87735426,Cifras definitivas
46,2019,12,Yucatán,102.74975062,127.70855286,124.29086406,122.8130619,109.35738086,Cifras definitivas
46,2019,12,Zacatecas,102.00023127,128.24534713,125.73044741,121.40788857,108.63756843,Cifras definitivas
46,2020,1,Aguascalientes,101.77905726,102.42438596,100.63404861,99.5550223,95.32346508,Cifras definitivas
46,2020,1,Baja California,102.55349883,101.8738107,99.33723555,100.36609097,95.29499508,Cifras definitivas
46,2020,1,Baja California Sur,102.74547328,100.94083976,98.24358829,100.07628766,95.37347217,Cifras definitivas
46,2020,1,Campeche,102.27268867,101.78174936,99.51997027,100.39622998,95.29263182,Cifras definitivas
46,2020,1,Coahuila de Zaragoza,102.72687632,101.43720053,98.74455855,100.23693788,95.50283482,Cifras definitivas
46,2020,1,Colima,101.99017928,101.6155217,99.63265328,99.62760647,95.36487345,Cifras definitivas
46,2020,1,Chiapas,101.30692067,101.90835184,100.59367234,99.61686798,95.1384047,Cifras definitivas
46,2020,1,Chihuahua,102.50475259,101.74031046,99.25423738,100.57309034,95.76540035,Cifras definitivas
46,2020,1,Ciudad de México,101.58439635,101.82098727,100.23290085,99.51383299,94.79207762,Cifras definitivas
46,2020,1,Durango,102.18564827,101.90551582,99.7258593,99.81440061,95.27292032,Cifras definitivas
46,2020,1,Guanajuato,101.73833817,102.90268198,101.14444941,100.13028957,95.9893654,Cifras definitivas
46,2020,1,Guerrero,101.33964028,101.80681582,100.4609998,99.32554905,94.93581411,Cifras definitivas
46,2020,1,Hidalgo,101.60019032,102.18964333,100.5801692,99.85543971,95.5561305,Cifras definitivas
46,2020,1,Jalisco,101.7149701,102.69045982,100.95904243,99.62631127,95.51847406,Cifras definitivas
46,2020,1,México,101.57407106,102.2167226,100.63269251,100.04239065,95.72216191,Cifras definitivas
46,2020,1,Michoacán de Ocampo,101.44570856,102.48267538,101.02218895,99.71215702,95.54692862,Cifras definitivas
46,2020,1,Morelos,101.69187699,101.85885453,100.16419949,99.78513529,95.52936676,Cifras definitivas
46,2020,1,Nayarit,102.12694798,103.12514726,100.97741027,100.18966444,95.5316075,Cifras definitivas
46,2020,1,Nuevo León,102.98041718,101.56443671,98.62500026,100.13041424,95.65439469,Cifras definitivas
46,2020,1,Oaxaca,101.45114902,102.33830249,100.8744637,99.62616597,95.32234938,Cifras definitivas
46,2020,1,Puebla,101.51200933,102.06791482,100.54762534,99.23290906,95.22885965,Cifras definitivas
46,2020,1,Querétaro,101.91939877,102.36426047,100.43648383,100.36503403,96.08024021,Cifras definitivas
46,2020,1,Quintana Roo,102.53590681,100.81873538,98.32529747,99.63744549,95.12577143,Cifras definitivas
46,2020,1,San Luis Potosí,101.71438918,102.05604422,100.33589647,100.00339043,95.93048004,Cifras definitivas
46,2020,1,Sinaloa,103.23689745,102.52896023,99.3142595,99.95482069,95.55677046,Cifras definitivas
46,2020,1,Sonora,102.91226308,101.4720567,98.60054931,100.29199498,95.42504344,Cifras definitivas
46,2020,1,Tabasco,102.62412573,101.52912904,98.93300266,100.35134383,95.01068039,Cifras definitivas
46,2020,1,Tamaulipas,102.5054585,101.95785494,99.46578107,100.54697866,95.79407957,Cifras definitivas
46,2020,1,Tlaxcala,101.29720721,102.42603361,101.1143707,99.38106282,95.21803316,Cifras definitivas
46,2020,1,Veracruz de Ignacio de la Llave,102.01565848,102.34972004,100.32746106,100.17583969,95.44873927,Cifras definitivas
46,2020,1,Yucatán,102.21662145,102.13045688,99.91570395,99.55167008,94.93916875,Cifras definitivas
46,2020,1,Zacatecas,101.63915266,102.9233926,101.26352877,99.8642581,95.6015723,Cifras definitivas
46,2020,2,Aguascalientes,101.74184947,100.6221082,98.89942902,92.36181926,91.23029505,Cifras definitivas
46,2020,2,Baja California,102.55574128,100.55838871,98.05242247,93.5406815,92.70584864,Cifras definitivas
46,2020,2,Baja California Sur,102.66818784,99.83362667,97.2391047,92.64175114,92.13862827,Cifras definitivas
46,2020,2,Campeche,102.22060347,100.63838916,98.45215714,93.18217917,92.24052293,Cifras definitivas
46,2020,2,Coahuila de Zaragoza,102.64755467,100.29056708,97.70380542,92.93609068,92.47591449,Cifras definitivas
46,2020,2,Colima,101.975648,100.11594339,98.17632479,92.37955363,91.53675818,Cifras definitivas
46,2020,2,Chiapas,101.32350958,100.29322682,98.98317502,92.777326,91.87862148,Cifras definitivas
46,2020,2,Chihuahua,102.46362301,100.44157095,98.02656592,93.51044778,92.56455126,Cifras definitivas
46,2020,2,Ciudad de México,101.46942824,99.5606212,98.11883532,91.30692681,90.59237335,Cifras definitivas
46,2020,2,Durango,102.16899571,100.44563874,98.31322902,93.13553256,92.13789551,Cifras definitivas
46,2020,2,Guanajuato,101.6875934,100.9393589,99.2641831,93.02470218,92.10760813,Cifras definitivas
46,2020,2,Guerrero,101.33284725,100.06042257,98.74431173,92.2533481,91.4914617,Cifras definitivas
46,2020,2,Hidalgo,101.59077897,100.42699111,98.85443554,92.91985657,91.76765562,Cifras definitivas
46,2020,2,Jalisco,101.6814108,100.64953839,98.9851907,91.85179973,91.13318179,Cifras definitivas
46,2020,2,México,101.53204685,100.48239573,98.96618737,92.2509838,91.8336283,Cifras definitivas
46,2020,2,Michoacán de Ocampo,101.43899458,100.52146786,99.09548914,92.93197859,92.02929982,Cifras definitivas
46,2020,2,Morelos,101.65911924,100.16085948,98.52619246,92.41892653,91.75584201,Cifras definitivas
46,2020,2,Nayarit,102.09851993,101.49021539,99.40419847,93.46084072,92.1122632,Cifras definitivas
46,2020,2,Nuevo León,102.87815445,100.14159857,97.34000294,92.64187318,92.16905962,Cifras definitivas
46,2020,2,Oaxaca,101.44793703,100.76642214,99.32821217,92.48087146,91.64068936,Cifras definitivas
46,2020,2,Puebla,101.49939918,100.18898101,98.70893997,91.58069961,90.63567863,Cifras definitivas
46,2020,2,Querétaro,101.8797337,100.45800804,98.60450591,92.72562826,91.95633402,Cifras definitivas
46,2020,2,Quintana Roo,102.43396893,99.1686303,96.81225021,92.2631805,91.8126583,Cifras definitivas
46,2020,2,San Luis Potosí,101.69179236,100.25870936,98.59075844,92.72151219,91.89560562,Cifras definitivas
46,2020,2,Sinaloa,103.06145237,101.01902945,98.01824749,92.65518257,91.73756599,Cifras definitivas
46,2020,2,Sonora,102.86965567,100.45612998,97.65380211,93.2425744,92.37219097,Cifras definitivas
46,2020,2,Tabasco,102.53636678,100.44245991,97.95788857,93.02565138,92.47501979,Cifras definitivas
46,2020,2,Tamaulipas,102.47801308,100.59868125,98.16611215,93.48444071,92.79883297,Cifras definitivas
46,2020,2,Tlaxcala,101.31490645,100.6900265,99.38323,92.17661502,91.12001024,Cifras definitivas
46,2020,2,Veracruz de Ignacio de la Llave,101.97944199,100.82187146,98.86489815,92.75884681,92.04206583,Cifras definitivas
46,2020,2,Yucatán,102.12860484,100.62380888,98.52656759,92.08796913,90.8962891,Cifras definitivas
46,2020,2,Zacatecas,101.62572412,101.05307394,99.4365106,93.17078237,91.88058604,Cifras definitivas
46,2020,3,Aguascalientes,101.48711919,105.91686031,104.36483088,94.98326499,92.59716893,Cifras definitivas
46,2020,3,Baja California,102.46380075,109.2962057,106.66811586,99.58870396,97.27486791,Cifras definitivas
46,2020,3,Baja California Sur,102.56440453,108.89619547,106.17347799,97.64854672,95.77392877,Cifras definitivas
46,2020,3,Campeche,102.09152276,110.2682321,108.0091952,98.92744152,96.5695232,Cifras definitivas
46,2020,3,Coahuila de Zaragoza,102.53623772,109.62225168,106.91074114,98.38055619,96.24192083,Cifras definitivas
46,2020,3,Colima,101.78674142,106.96020769,105.08265241,96.33015328,93.7833352,Cifras definitivas
46,2020,3,Chiapas,101.06361677,107.64335925,106.51049576,96.63461498,94.76729845,Cifras definitivas
46,2020,3,Chihuahua,102.34371002,108.81586621,106.32394134,98.74055844,96.05231007,Cifras definitivas
46,2020,3,Ciudad de México,101.17496447,103.53394529,102.33158552,91.73547049,91.49619344,Cifras definitivas
46,2020,3,Durango,102.00247013,108.51338858,106.3830988,97.81103245,95.4751795,Cifras definitivas
46,2020,3,Guanajuato,101.43024488,106.18150234,104.68426106,95.45822437,93.82565984,Cifras definitivas
46,2020,3,Guerrero,101.05637132,107.1391585,106.01920206,95.5257097,94.17089539,Cifras definitivas
46,2020,3,Hidalgo,101.32098704,106.50624661,105.117656,96.17357301,93.87885056,Cifras definitivas
46,2020,3,Jalisco,101.42181343,105.37076344,103.89359042,93.29800889,92.16662515,Cifras definitivas
46,2020,3,México,101.26275672,106.95341511,105.61969531,94.81171672,93.97303402,Cifras definitivas
46,2020,3,Michoacán de Ocampo,101.17085504,106.24710173,105.01749905,95.84557219,94.29456626,Cifras definitivas
46,2020,3,Morelos,101.3834082,106.14872676,104.7002943,95.03291948,93.46614628,Cifras definitivas
46,2020,3,Nayarit,101.91290146,108.78235699,106.7405161,97.56515355,95.15232061,Cifras definitivas
46,2020,3,Nuevo León,102.76112453,107.39498693,104.50935353,96.81427934,94.99705131,Cifras definitivas
46,2020,3,Oaxaca,101.18027144,106.89697891,105.65002188,95.43360667,93.63039245,Cifras definitivas
46,2020,3,Puebla,101.2118878,105.15256486,103.8934923,93.42757734,91.49344998,Cifras definitivas
46,2020,3,Querétaro,101.63994032,106.21492551,104.50116871,95.0963865,93.76411426,Cifras definitivas
46,2020,3,Quintana Roo,102.29125592,106.906111,104.5114854,95.37257953,95.25233991,Cifras definitivas
46,2020,3,San Luis Potosí,101.43279799,106.28430014,104.78297183,95.35032164,93.5264345,Cifras definitivas
46,2020,3,Sinaloa,102.89693244,107.83140084,104.79554471,96.18758229,93.9188074,Cifras definitivas
46,2020,3,Sonora,102.77466209,109.81200967,106.84735657,99.21006656,96.30475598,Cifras definitivas
46,2020,3,Tabasco,102.40173656,110.83400069,108.23449329,99.34944383,97.34512211,Cifras definitivas
46,2020,3,Tamaulipas,102.37716711,109.32449486,106.78601288,99.20405685,96.98727688,Cifras definitivas
46,2020,3,Tlaxcala,101.01254434,106.42506565,105.35826649,94.6020375,92.51710828,Cifras definitivas
46,2020,3,Veracruz de Ignacio de la Llave,101.77450968,108.42920906,106.53867005,96.81140328,95.06520323,Cifras definitivas
46,2020,3,Yucatán,101.92407101,107.41034147,105.38270342,95.70910056,93.40772326,Cifras definitivas
46,2020,3,Zacatecas,101.37356591,107.40491602,105.94962805,96.42745175,94.21766339,Cifras definitivas
46,2020,4,Aguascalientes,95.3034701,96.74713876,101.51481227,72.49550388,69.15281692,Cifras definitivas
46,2020,4,Baja California,97.99963934,101.31204997,103.38002329,79.37837072,77.09721578,Cifras definitivas
46,2020,4,Baja California Sur,96.89827764,97.53800917,100.66020939,74.89910709,73.22606324,Cifras definitivas
46,2020,4,Campeche,97.05058115,100.22293469,103.26876305,77.52674783,74.97150462,Cifras definitivas
46,2020,4,Coahuila de Zaragoza,97.76427359,99.67158415,101.95092797,76.53264677,74.53719549,Cifras definitivas
46,2020,4,Colima,96.68141995,97.89983988,101.26024207,75.04328761,72.14785974,Cifras definitivas
46,2020,4,Chiapas,95.21326375,97.55407989,102.45849795,75.42800202,73.27889226,Cifras definitivas
46,2020,4,Chihuahua,97.21294018,100.01438693,102.88176321,77.65075191,74.49882108,Cifras definitivas
46,2020,4,Ciudad de México,94.07935703,92.11842366,97.91566032,67.88174897,67.66661931,Cifras definitivas
46,2020,4,Durango,96.96784669,99.29946223,102.40452441,77.05333246,74.45191971,Cifras definitivas
46,2020,4,Guanajuato,94.70755026,96.06441796,101.43269222,72.87931753,70.07201344,Cifras definitivas
46,2020,4,Guerrero,94.66753542,95.70703196,101.09804965,74.10855639,72.49576586,Cifras definitivas
46,2020,4,Hidalgo,95.44673831,97.01351364,101.64151794,75.05403268,71.9920551,Cifras definitivas
46,2020,4,Jalisco,94.87645218,93.8965907,98.96722373,70.07173542,67.90849178,Cifras definitivas
46,2020,4,México,95.72174814,95.17210542,99.42579118,71.80524495,70.20743008,Cifras definitivas
46,2020,4,Michoacán de Ocampo,94.88111536,96.60813811,101.82019651,74.45605727,71.95609287,Cifras definitivas
46,2020,4,Morelos,95.55161923,95.9276424,100.39352883,72.52817294,70.54046542,Cifras definitivas
46,2020,4,Nayarit,96.1553844,98.97673289,102.93415549,76.40710616,73.09319545,Cifras definitivas
46,2020,4,Nuevo León,97.48111877,97.72656128,100.25178467,74.6869879,72.64214395,Cifras definitivas
46,2020,4,Oaxaca,95.36711005,96.25083224,100.926653,73.44670852,70.82556256,Cifras definitivas
46,2020,4,Puebla,95.4061755,94.48253941,99.03189067,70.71060328,68.40423128,Cifras definitivas
46,2020,4,Querétaro,95.29983939,95.47739817,100.18631593,71.90504111,69.54845723,Cifras definitivas
46,2020,4,Quintana Roo,95.3128805,93.90971731,98.52783466,71.06838807,71.10551921,Cifras definitivas
46,2020,4,San Luis Potosí,95.48201126,96.58066176,101.15063611,72.65067051,69.89808793,Cifras definitivas
46,2020,4,Sinaloa,96.24737114,97.24294395,101.03438961,73.346334,70.38398294,Cifras definitivas
46,2020,4,Sonora,98.25268872,100.75233676,102.54410141,78.30275715,75.46986178,Cifras definitivas
46,2020,4,Tabasco,97.0404622,100.38293686,103.44441338,77.82028879,76.5333503,Cifras definitivas
46,2020,4,Tamaulipas,97.75420923,100.31901464,102.62372887,78.35484082,75.77628905,Cifras definitivas
46,2020,4,Tlaxcala,95.53167796,95.72397187,100.20128811,72.73522063,69.92763929,Cifras definitivas
46,2020,4,Veracruz de Ignacio de la Llave,96.17155426,97.84559308,101.7406798,74.66843645,72.54946072,Cifras definitivas
46,2020,4,Yucatán,95.73021652,96.59785491,100.90633702,73.12118232,70.61217075,Cifras definitivas
46,2020,4,Zacatecas,95.15615034,97.52108423,102.48531901,75.04106934,71.67303621,Cifras definitivas
46,2020,5,Aguascalientes,95.49380228,103.46837707,108.35088205,76.53893347,71.57369939,Cifras definitivas
46,2020,5,Baja California,97.95759336,107.10997276,109.34320565,83.35157877,78.63352246,Cifras definitivas
46,2020,5,Baja California Sur,96.87177977,103.09838004,106.42767201,79.70106938,75.44909619,Cifras definitivas
46,2020,5,Campeche,97.12984123,106.50602257,109.65324479,81.40462194,76.7909646,Cifras definitivas
46,2020,5,Coahuila de Zaragoza,97.87159113,105.92987062,108.23352251,81.01435447,76.56376519,Cifras definitivas
46,2020,5,Colima,96.68868559,104.49439336,108.07303122,79.39198049,74.97006955,Cifras definitivas
46,2020,5,Chiapas,95.40378478,104.2195193,109.24044527,78.91857168,75.34675312,Cifras definitivas
46,2020,5,Chihuahua,97.21409876,106.58623325,109.6407153,81.9545125,76.032529,Cifras definitivas
46,2020,5,Ciudad de México,94.43971161,97.89051329,103.65397312,73.9732822,68.5970162,Cifras definitivas
46,2020,5,Durango,97.02613064,106.07392543,109.32511142,80.55372087,76.42085091,Cifras definitivas
46,2020,5,Guanajuato,94.97643169,103.03737666,108.48731083,76.85294775,72.61156169,Cifras definitivas
46,2020,5,Guerrero,94.87268464,102.83787854,108.39566618,77.9542371,74.82457392,Cifras definitivas
46,2020,5,Hidalgo,95.63104385,104.08931322,108.84469,78.8276332,74.25126241,Cifras definitivas
46,2020,5,Jalisco,95.09058213,101.23252001,106.4590391,74.9704061,70.75268972,Cifras definitivas
46,2020,5,México,95.97389342,102.56195998,106.86443607,76.64323033,72.51193273,Cifras definitivas
46,2020,5,Michoacán de Ocampo,95.07372264,103.99767947,109.3863547,78.13538351,74.10842186,Cifras definitivas
46,2020,5,Morelos,95.83915946,102.48831794,106.93783055,77.09103513,72.84031001,Cifras definitivas
46,2020,5,Nayarit,96.32260825,106.40527911,110.46760573,79.73555126,75.59353889,Cifras definitivas
46,2020,5,Nuevo León,97.67752229,104.06742669,106.54183711,79.68010608,74.67459945,Cifras definitivas
46,2020,5,Oaxaca,95.63852297,103.4151155,108.13123445,77.35608768,73.39238235,Cifras definitivas
46,2020,5,Puebla,95.66657507,101.17334355,105.7562095,75.37462157,71.52484056,Cifras definitivas
46,2020,5,Querétaro,95.4359627,101.6994507,106.563027,76.17718734,71.84542454,Cifras definitivas
46,2020,5,Quintana Roo,95.4682144,99.42193885,104.141404,76.14785164,72.7948738,Cifras definitivas
46,2020,5,San Luis Potosí,95.65148744,103.3988969,108.09962256,76.79129159,72.28684762,Cifras definitivas
46,2020,5,Sinaloa,96.88552851,104.15905383,107.50733926,77.67722336,73.24929061,Cifras definitivas
46,2020,5,Sonora,98.27992952,106.81325507,108.68267366,82.45350333,77.49753373,Cifras definitivas
46,2020,5,Tabasco,97.3256788,106.26379521,109.18371854,82.28673769,77.97589986,Cifras definitivas
46,2020,5,Tamaulipas,97.78612251,106.90568137,109.32602564,82.61268212,77.76511423,Cifras definitivas
46,2020,5,Tlaxcala,95.76914284,103.43745158,108.00707672,76.723461,72.72430699,Cifras definitivas
46,2020,5,Veracruz de Ignacio de la Llave,96.39326982,104.61242821,108.52669321,79.10037651,74.798809,Cifras definitivas
46,2020,5,Yucatán,96.04204679,103.17324041,107.4250746,77.66398797,73.25185675,Cifras definitivas
46,2020,5,Zacatecas,95.3307214,105.26364178,110.41943272,78.32436504,74.19399751,Cifras definitivas
46,2020,6,Aguascalientes,96.13921439,94.29351148,98.08017683,83.39390802,81.7283177,Cifras definitivas
46,2020,6,Baja California,98.4587814,97.11309138,98.6332453,88.37223039,87.5155538,Cifras definitivas
46,2020,6,Baja California Sur,97.46577359,94.61902347,97.07923098,85.58470797,85.02303839,Cifras definitivas
46,2020,6,Campeche,97.689191,96.9346523,99.22761291,87.07151777,86.52552751,Cifras definitivas
46,2020,6,Coahuila de Zaragoza,98.30819352,96.39648811,98.05539565,86.53884823,85.81118001,Cifras definitivas
46,2020,6,Colima,97.14157701,95.02028362,97.81628685,85.1087111,83.82134925,Cifras definitivas
46,2020,6,Chiapas,95.96831017,94.67189835,98.64912509,84.71178988,84.71054438,Cifras definitivas
46,2020,6,Chihuahua,97.77137555,96.89056827,99.09911539,87.40980921,85.56928078,Cifras definitivas
46,2020,6,Ciudad de México,94.93154487,89.91071796,94.71110797,79.61636101,78.08733136,Cifras definitivas
46,2020,6,Durango,97.64921386,96.22790075,98.5444705,86.09709584,85.51509623,Cifras definitivas
46,2020,6,Guanajuato,95.56197371,93.6358448,97.98441908,83.43767159,82.68791814,Cifras definitivas
46,2020,6,Guerrero,95.4188435,93.51825369,98.00816092,83.65889094,84.03705488,Cifras definitivas
46,2020,6,Hidalgo,96.15886353,94.52604253,98.30195477,84.55867657,83.51687753,Cifras definitivas
46,2020,6,Jalisco,95.69811359,92.26327109,96.41075213,81.69397284,80.68698328,Cifras definitivas
46,2020,6,México,96.41024914,93.42939428,96.90815563,82.97673466,82.56298857,Cifras definitivas
46,2020,6,Michoacán de Ocampo,95.69308722,94.05153213,98.28456251,84.21371502,83.70797516,Cifras definitivas
46,2020,6,Morelos,96.28684867,93.4263421,97.02918248,83.18337891,82.41864915,Cifras definitivas
46,2020,6,Nayarit,96.93464753,96.27032924,99.31467405,85.63520184,84.96783027,Cifras definitivas
46,2020,6,Nuevo León,98.12127609,94.89843021,96.71544643,85.67889666,84.28710574,Cifras definitivas
46,2020,6,Oaxaca,96.22578128,94.30256613,98.00135148,84.09619358,83.35907422,Cifras definitivas
46,2020,6,Puebla,96.12148617,92.35126657,96.07765157,81.51396433,80.54469303,Cifras definitivas
46,2020,6,Querétaro,96.01020474,92.96880988,96.83221709,82.88215147,82.56952042,Cifras definitivas
46,2020,6,Quintana Roo,96.04877484,91.31880639,95.07545155,82.38437443,82.93703597,Cifras definitivas
46,2020,6,San Luis Potosí,96.20250231,93.84838809,97.55295947,83.29045893,82.3655243,Cifras definitivas
46,2020,6,Sinaloa,97.26983678,94.97861887,97.64447234,84.43956311,83.21942797,Cifras definitivas
46,2020,6,Sonora,98.83382586,97.45499386,98.60489869,87.85824762,86.60689049,Cifras definitivas
46,2020,6,Tabasco,97.77344893,96.74455878,98.94767939,87.2057364,86.95649564,Cifras definitivas
46,2020,6,Tamaulipas,98.25716254,96.81141647,98.52860999,87.71986763,86.79303803,Cifras definitivas
46,2020,6,Tlaxcala,96.24554753,93.94613688,97.6108914,82.78590397,81.78982639,Cifras definitivas
46,2020,6,Veracruz de Ignacio de la Llave,96.90088951,95.14290241,98.18578848,84.91949107,84.20682613,Cifras definitivas
46,2020,6,Yucatán,96.67157511,94.43613631,97.68759452,84.09722064,82.87077379,Cifras definitivas
46,2020,6,Zacatecas,95.98125972,95.26764977,99.25651116,84.52410369,83.86455502,Cifras definitivas
46,2020,7,Aguascalientes,96.69590023,97.03976368,100.35561327,89.40244625,87.07546404,Cifras definitivas
46,2020,7,Baja California,98.81757372,99.49212186,100.68261961,93.84186654,92.13505622,Cifras definitivas
46,2020,7,Baja California Sur,97.9361107,97.20608222,99.25458702,91.44627812,89.85156097,Cifras definitivas
46,2020,7,Campeche,98.14210579,99.35124908,101.23203316,92.67929656,91.07403184,Cifras definitivas
46,2020,7,Coahuila de Zaragoza,98.84078177,98.94510767,100.10554945,92.07373078,90.83603512,Cifras definitivas
46,2020,7,Colima,97.56782776,97.74754134,100.18419348,90.86053735,89.01761364,Cifras definitivas
46,2020,7,Chiapas,96.47753921,97.3349757,100.88874208,90.74657688,89.73811328,Cifras definitivas
46,2020,7,Chihuahua,98.24697249,99.2222959,100.99272617,92.6497578,90.2736634,Cifras definitivas
46,2020,7,Ciudad de México,95.55546271,92.8155749,97.13267276,87.81961579,85.04915581,Cifras definitivas
46,2020,7,Durango,98.09466979,98.7367476,100.65454913,91.52944802,90.28115957,Cifras definitivas
46,2020,7,Guanajuato,96.25131187,97.04413993,100.82370624,90.36686532,88.79952308,Cifras definitivas
46,2020,7,Guerrero,95.98606072,96.34970384,100.37884993,90.04853802,89.16699009,Cifras definitivas
46,2020,7,Hidalgo,96.65766489,97.34691031,100.71307891,90.62658391,88.72162991,Cifras definitivas
46,2020,7,Jalisco,96.33768876,95.70455608,99.34279856,88.93944456,87.27435451,Cifras definitivas
46,2020,7,México,96.96507188,96.68098697,99.70702346,90.01351515,88.92790125,Cifras definitivas
46,2020,7,Michoacán de Ocampo,96.26167734,97.10436264,100.87541099,90.58220194,89.42563952,Cifras definitivas
46,2020,7,Morelos,96.87466825,96.44205323,99.55342813,89.70517008,88.27501396,Cifras definitivas
46,2020,7,Nayarit,97.47478055,99.4582515,102.03485552,91.6766752,90.07883057,Cifras definitivas
46,2020,7,Nuevo León,98.77361634,97.61049071,98.82243288,91.72282234,90.01072983,Cifras definitivas
46,2020,7,Oaxaca,96.73862856,97.47848498,100.76479937,90.44518026,89.01978982,Cifras definitivas
46,2020,7,Puebla,96.68043099,95.46141966,98.73913333,88.33952385,86.61411101,Cifras definitivas
46,2020,7,Querétaro,96.58444678,95.99147856,99.38606242,90.10232889,88.47984407,Cifras definitivas
46,2020,7,Quintana Roo,96.6584604,94.14399666,97.39860978,89.56766502,88.55684997,Cifras definitivas
46,2020,7,San Luis Potosí,96.75351717,96.78885821,100.03652688,89.57715467,88.25004407,Cifras definitivas
46,2020,7,Sinaloa,98.33343241,98.20323733,99.86759836,90.65553818,88.89071029,Cifras definitivas
46,2020,7,Sonora,99.28783925,99.76141677,100.47697434,92.9774888,90.97106118,Cifras definitivas
46,2020,7,Tabasco,98.4136904,99.08099028,100.67805595,92.88491397,91.61604732,Cifras definitivas
46,2020,7,Tamaulipas,98.67841785,99.45840825,100.79043667,93.31472098,91.78229872,Cifras definitivas
46,2020,7,Tlaxcala,96.70425298,97.12466695,100.43474197,89.0664697,87.35878359,Cifras definitivas
46,2020,7,Veracruz de Ignacio de la Llave,97.46357004,98.19836586,100.75391843,91.29305959,89.80979765,Cifras definitivas
46,2020,7,Yucatán,97.31367722,97.29346798,99.97923289,90.50424651,88.45622919,Cifras definitivas
46,2020,7,Zacatecas,96.54376648,98.3244532,101.84443469,90.5166773,89.03288025,Cifras definitivas
46,2020,8,Aguascalientes,96.69876236,96.6567533,99.95655678,91.46226254,87.31554189,Cifras definitivas
46,2020,8,Baja California,98.74973955,98.5289741,99.77643946,94.87946106,91.16783193,Cifras definitivas
46,2020,8,Baja California Sur,97.84336817,96.04725763,98.16430017,93.7149595,89.96377985,Cifras definitivas
46,2020,8,Campeche,98.13078292,98.03635125,99.90376957,94.42590174,90.46109548,Cifras definitivas
46,2020,8,Coahuila de Zaragoza,98.75812728,97.77909618,99.00865769,93.95885349,90.39716861,Cifras definitivas
46,2020,8,Colima,97.52181205,96.95134304,99.41503444,92.52506333,88.70406132,Cifras definitivas
46,2020,8,Chiapas,96.46748533,96.59214253,100.12922199,92.35895363,88.93806148,Cifras definitivas
46,2020,8,Chihuahua,98.1554447,98.11829908,99.96215633,94.36187631,90.12728146,Cifras definitivas
46,2020,8,Ciudad de México,95.71329771,93.31541495,97.49472349,90.53519964,85.26493137,Cifras definitivas
46,2020,8,Durango,98.05165068,97.84078425,99.78494352,93.17318519,89.70853157,Cifras definitivas
46,2020,8,Guanajuato,96.22396241,96.56980699,100.35941627,92.26309843,88.74989957,Cifras definitivas
46,2020,8,Guerrero,96.00915699,95.55099523,99.52279369,91.99863293,88.50909842,Cifras definitivas
46,2020,8,Hidalgo,96.66786051,96.66323318,99.99521317,92.36792401,88.47422666,Cifras definitivas
46,2020,8,Jalisco,96.34916388,95.22308751,98.83125465,91.27129788,87.40101173,Cifras definitivas
46,2020,8,México,96.9982014,95.90334577,98.87126193,92.44223264,88.73702183,Cifras definitivas
46,2020,8,Michoacán de Ocampo,96.25076712,96.63290704,100.39702532,92.18236764,88.79932415,Cifras definitivas
46,2020,8,Morelos,96.91561544,95.98984087,99.04476222,91.77492136,87.96082911,Cifras definitivas
46,2020,8,Nayarit,97.46641936,98.30265762,100.85797577,93.3013194,89.69636018,Cifras definitivas
46,2020,8,Nuevo León,98.73263741,96.86923259,98.11267594,93.41328922,89.63320868,Cifras definitivas
46,2020,8,Oaxaca,96.75682982,96.59227439,99.82992887,92.35006219,88.65196911,Cifras definitivas
46,2020,8,Puebla,96.70123774,95.16613421,98.4125296,90.55000775,86.68942869,Cifras definitivas
46,2020,8,Querétaro,96.57182608,95.52988917,98.92107569,92.16390423,88.41133222,Cifras definitivas
46,2020,8,Quintana Roo,96.65943124,93.59728293,96.83202325,92.07333954,88.58950456,Cifras definitivas
46,2020,8,San Luis Potosí,96.74830252,96.2199641,99.4539042,91.48251211,87.91852368,Cifras definitivas
46,2020,8,Sinaloa,98.23317808,97.28265379,99.03237958,92.69783776,88.97409071,Cifras definitivas
46,2020,8,Sonora,99.15792157,98.47780703,99.31410973,94.61486435,90.7102083,Cifras definitivas
46,2020,8,Tabasco,98.33690131,97.89428643,99.5498995,94.63009451,90.86227453,Cifras definitivas
46,2020,8,Tamaulipas,98.63182446,98.36982412,99.73436531,94.92103487,91.33927413,Cifras definitivas
46,2020,8,Tlaxcala,96.71900235,96.24640894,99.51137481,91.2707986,87.3798883,Cifras definitivas
46,2020,8,Veracruz de Ignacio de la Llave,97.42794244,97.22674173,99.79348767,93.35972102,89.54243851,Cifras definitivas
46,2020,8,Yucatán,97.3212215,96.73846224,99.40120022,92.51907303,88.45121228,Cifras definitivas
46,2020,8,Zacatecas,96.50944909,97.4889145,101.01489069,92.41496569,88.90668878,Cifras definitivas
46,2020,9,Aguascalientes,97.07656458,94.62271882,97.47225732,90.71888824,89.43265739,Cifras definitivas
46,2020,9,Baja California,98.89493832,95.92442581,96.99629469,93.23575122,93.03988438,Cifras definitivas
46,2020,9,Baja California Sur,98.04210216,93.94431646,95.82038164,92.35631076,92.52332607,Cifras definitivas
46,2020,9,Campeche,98.36856318,95.83761421,97.42707539,92.87918946,92.68032677,Cifras definitivas
46,2020,9,Coahuila de Zaragoza,99.02342155,95.44422622,96.3855063,92.4950166,92.69012306,Cifras definitivas
46,2020,9,Colima,97.72040615,94.87133855,97.08447016,91.71057652,90.90883452,Cifras definitivas
46,2020,9,Chiapas,96.73391316,94.66778949,97.86411652,91.39295933,90.89246299,Cifras definitivas
46,2020,9,Chihuahua,98.36862335,95.83454452,97.4238952,92.95342329,92.25736918,Cifras definitivas
46,2020,9,Ciudad de México,96.39856217,91.61327975,95.03594005,90.37040957,88.97422954,Cifras definitivas
46,2020,9,Durango,98.2528691,95.72848186,97.43072415,92.04417908,91.58138494,Cifras definitivas
46,2020,9,Guanajuato,96.5916973,94.83905011,98.18550948,91.53746747,90.60294704,Cifras definitivas
46,2020,9,Guerrero,96.27951921,94.0450477,97.67918294,91.24443002,90.77597296,Cifras definitivas
46,2020,9,Hidalgo,96.97137644,94.90026314,97.8642014,91.6318715,90.44680548,Cifras definitivas
46,2020,9,Jalisco,96.70900611,93.8876585,97.08264233,91.07991318,90.10042595,Cifras definitivas
46,2020,9,México,97.34934851,94.35426293,96.92336351,91.82170751,91.4855187,Cifras definitivas
46,2020,9,Michoacán de Ocampo,96.54114673,94.83264335,98.23028477,91.41239079,90.56797452,Cifras definitivas
46,2020,9,Morelos,97.2331836,94.06875446,96.74552553,90.99789804,90.26542436,Cifras definitivas
46,2020,9,Nayarit,97.75237214,96.75693666,98.98167639,92.35673778,91.40075799,Cifras definitivas
46,2020,9,Nuevo León,99.07412848,94.60217003,95.48625002,92.50993739,92.1816782,Cifras definitivas
46,2020,9,Oaxaca,97.0378787,95.09085184,97.99353934,91.71326188,90.80610115,Cifras definitivas
46,2020,9,Puebla,97.00640333,93.46595445,96.35029363,90.36976678,89.27525422,Cifras definitivas
46,2020,9,Querétaro,96.88914665,93.53434339,96.53748291,91.38648939,90.71950128,Cifras definitivas
46,2020,9,Quintana Roo,96.97106987,91.63595968,94.49824551,91.21029068,91.40715021,Cifras definitivas
46,2020,9,San Luis Potosí,97.06031252,94.089178,96.93887806,90.73954179,89.93464772,Cifras definitivas
46,2020,9,Sinaloa,98.87711936,95.57070633,96.65603827,91.91122977,91.16349194,Cifras definitivas
46,2020,9,Sonora,99.39400854,96.10964624,96.6956134,93.18562971,92.89721145,Cifras definitivas
46,2020,9,Tabasco,98.70987687,95.59628723,96.84571622,92.96152908,93.40876431,Cifras definitivas
46,2020,9,Tamaulipas,98.79968831,96.02945468,97.19611096,93.27716403,93.26033021,Cifras definitivas
46,2020,9,Tlaxcala,96.98154116,94.93009916,97.88470881,90.86008722,89.62482085,Cifras definitivas
46,2020,9,Veracruz de Ignacio de la Llave,97.75065195,95.46016165,97.65680304,92.2707324,91.89506863,Cifras definitivas
46,2020,9,Yucatán,97.73531869,94.91423118,97.11354345,92.08560937,91.1947521,Cifras definitivas
46,2020,9,Zacatecas,96.80040087,95.92276386,99.09335395,91.62100947,90.59859445,Cifras definitivas
46,2020,10,Aguascalientes,97.46724641,98.83673756,101.40507832,94.14501101,97.82461893,Cifras definitivas
46,2020,10,Baja California,99.29129172,100.61596787,101.33413125,96.40009415,103.18757854,Cifras definitivas
46,2020,10,Baja California Sur,98.50802296,98.52911189,100.02140834,95.14324954,102.5471094,Cifras definitivas
46,2020,10,Campeche,98.76939277,100.35891652,101.60932826,95.89136087,102.8113516,Cifras definitivas
46,2020,10,Coahuila de Zaragoza,99.52468109,99.91256244,100.38973383,95.21812809,102.63306523,Cifras definitivas
46,2020,10,Colima,98.07884428,99.14681559,101.08889059,94.49876852,99.54603737,Cifras definitivas
46,2020,10,Chiapas,97.03904843,98.64041567,101.65022974,94.5574434,99.97143111,Cifras definitivas
46,2020,10,Chihuahua,98.80714573,100.58248486,101.796772,96.24133372,101.56085568,Cifras definitivas
46,2020,10,Ciudad de México,96.8747937,95.40419101,98.48195528,93.12361196,97.4479847,Cifras definitivas
46,2020,10,Durango,98.63726565,100.01458441,101.39634726,95.13761371,100.73274409,Cifras definitivas
46,2020,10,Guanajuato,96.97887337,98.38857169,101.45361383,94.74816205,99.05257243,Cifras definitivas
46,2020,10,Guerrero,96.6049049,97.77628395,101.21254614,94.26462436,99.69041295,Cifras definitivas
46,2020,10,Hidalgo,97.30155784,98.84031646,101.58143267,94.85882345,98.75199418,Cifras definitivas
46,2020,10,Jalisco,97.09656181,97.21996195,100.12709012,93.77939202,98.19237345,Cifras definitivas
46,2020,10,México,97.7061676,97.9318767,100.23100804,94.28276605,100.34097986,Cifras definitivas
46,2020,10,Michoacán de Ocampo,96.86257848,98.49673546,101.68708804,94.66207673,99.10473717,Cifras definitivas
46,2020,10,Morelos,97.66267406,97.963843,100.30837671,93.89959817,98.94364485,Cifras definitivas
46,2020,10,Nayarit,98.15538161,100.38652359,102.27307147,95.68564899,100.39599912,Cifras definitivas
46,2020,10,Nuevo León,99.66112395,99.02025394,99.35695085,95.16063529,101.31797664,Cifras definitivas
46,2020,10,Oaxaca,97.3521181,98.69748905,101.38196372,94.713897,99.23085673,Cifras definitivas
46,2020,10,Puebla,97.36453154,97.0231195,99.6493466,92.91505009,97.22459165,Cifras definitivas
46,2020,10,Querétaro,97.26957073,97.53337317,100.27120757,94.41767959,99.50023665,Cifras definitivas
46,2020,10,Quintana Roo,97.44483826,95.83301663,98.34591379,94.1060675,101.73106186,Cifras definitivas
46,2020,10,San Luis Potosí,97.42012349,97.95703857,100.55113365,93.72378105,98.51930749,Cifras definitivas
46,2020,10,Sinaloa,99.60203529,99.38076789,99.77784852,94.91392565,99.9649697,Cifras definitivas
46,2020,10,Sonora,99.8724688,101.00168725,101.13066039,96.16223266,102.5431598,Cifras definitivas
46,2020,10,Tabasco,99.2314443,100.15235379,100.92804201,95.80032248,104.1577354,Cifras definitivas
46,2020,10,Tamaulipas,99.23307067,100.4573135,101.23370447,96.17705168,103.09233666,Cifras definitivas
46,2020,10,Tlaxcala,97.26177922,98.27837987,101.04522111,93.83633328,97.75161399,Cifras definitivas
46,2020,10,Veracruz de Ignacio de la Llave,98.15286105,99.26019831,101.12817624,95.08052175,101.26962174,Cifras definitivas
46,2020,10,Yucatán,98.19719632,99.02078069,100.83870457,94.72824277,99.9888402,Cifras definitivas
46,2020,10,Zacatecas,97.15252712,99.65388987,102.57467595,94.99889778,99.07757154,Cifras definitivas
46,2020,11,Aguascalientes,97.73199417,102.59280741,104.97361512,103.45499697,99.71096,Cifras definitivas
46,2020,11,Baja California,99.59009845,103.62562027,104.05213157,105.20357294,102.81628972,Cifras definitivas
46,2020,11,Baja California Sur,98.9474459,103.37825257,104.4779394,106.47785321,103.29363297,Cifras definitivas
46,2020,11,Campeche,99.12040174,105.18974899,106.12320687,106.03027427,102.55371852,Cifras definitivas
46,2020,11,Coahuila de Zaragoza,100.03860543,104.80369667,104.76325237,105.69853135,102.91198366,Cifras definitivas
46,2020,11,Colima,98.35736039,103.19452457,104.91794835,103.62809175,100.5964532,Cifras definitivas
46,2020,11,Chiapas,97.1677381,102.77077181,105.7663519,103.79523252,100.5121059,Cifras definitivas
46,2020,11,Chihuahua,99.18136695,104.28251728,105.14325471,105.84149245,101.86680074,Cifras definitivas
46,2020,11,Ciudad de México,97.27362246,98.83525669,101.60540359,105.81923343,100.4839874,Cifras definitivas
46,2020,11,Durango,98.91758371,103.87050439,105.00711855,103.85032342,100.78917007,Cifras definitivas
46,2020,11,Guanajuato,97.25764014,102.5494659,105.44103862,104.55699237,101.05349989,Cifras definitivas
46,2020,11,Guerrero,96.78084413,102.61830576,106.03162917,104.498135,100.56407241,Cifras definitivas
46,2020,11,Hidalgo,97.48351054,102.68363985,105.33436812,103.95004263,99.85190278,Cifras definitivas
46,2020,11,Jalisco,97.34598314,102.39649447,105.18820722,104.98284788,100.81882726,Cifras definitivas
46,2020,11,México,97.97210611,103.64517758,105.7904966,106.27162946,102.07109032,Cifras definitivas
46,2020,11,Michoacán de Ocampo,97.00357205,102.10883251,105.2629613,103.55577113,100.21515019,Cifras definitivas
46,2020,11,Morelos,97.99116147,102.46873805,104.5693678,104.44087028,100.68597639,Cifras definitivas
46,2020,11,Nayarit,98.4547123,105.38749199,107.04159255,104.79764013,100.8358696,Cifras definitivas
46,2020,11,Nuevo León,100.30054291,102.92261374,102.614214,105.53657681,102.58144553,Cifras definitivas
46,2020,11,Oaxaca,97.53841336,103.88624286,106.5080303,105.07275395,101.06682506,Cifras definitivas
46,2020,11,Puebla,97.60822266,101.71866469,104.21116369,103.21897156,99.70096817,Cifras definitivas
46,2020,11,Querétaro,97.54362031,101.56309793,104.1206976,105.0382203,101.45657866,Cifras definitivas
46,2020,11,Quintana Roo,97.94287758,99.71504407,101.80938781,105.95078554,102.8252845,Cifras definitivas
46,2020,11,San Luis Potosí,97.65825925,102.01113421,104.45725225,103.03448221,99.89205739,Cifras definitivas
46,2020,11,Sinaloa,100.45676773,104.66786355,104.19194835,105.30671253,101.7907728,Cifras definitivas
46,2020,11,Sonora,100.32438675,105.21307001,104.87287629,105.88803698,102.6662909,Cifras definitivas
46,2020,11,Tabasco,99.76597612,105.17359986,105.42030856,106.85807128,103.7302012,Cifras definitivas
46,2020,11,Tamaulipas,99.60645606,104.42963185,104.8422321,105.76833733,103.07282994,Cifras definitivas
46,2020,11,Tlaxcala,97.40632306,103.97390077,106.74245522,104.13745767,99.486376,Cifras definitivas
46,2020,11,Veracruz de Ignacio de la Llave,98.47733721,104.59504172,106.21229684,105.98101843,102.28783816,Cifras definitivas
46,2020,11,Yucatán,98.64147063,103.58559982,105.01222169,105.09955128,101.57631332,Cifras definitivas
46,2020,11,Zacatecas,97.33605054,104.02739776,106.87447989,103.7260661,99.83470071,Cifras definitivas
46,2020,12,Aguascalientes,97.75775341,124.5205868,127.3766862,114.31570311,105.9445908,Cifras definitivas
46,2020,12,Baja California,99.57888619,126.62270782,127.15818851,116.73540542,107.83259021,Cifras definitivas
46,2020,12,Baja California Sur,98.86132784,124.39056495,125.82327961,118.85071517,108.47192262,Cifras definitivas
46,2020,12,Campeche,98.94602954,126.8147704,128.16559794,118.51872335,107.91117176,Cifras definitivas
46,2020,12,Coahuila de Zaragoza,99.91329054,126.19698715,126.30650684,118.19213342,108.47008568,Cifras definitivas
46,2020,12,Colima,98.32587596,125.17854539,127.30987054,114.90614588,106.82762473,Cifras definitivas
46,2020,12,Chiapas,97.19035933,124.64474174,128.24805114,116.64467151,107.11667458,Cifras definitivas
46,2020,12,Chihuahua,99.11938294,126.78317071,127.90956415,116.84882181,107.38792125,Cifras definitivas
46,2020,12,Ciudad de México,97.28286232,120.75251337,124.125165,116.29112718,105.39901141,Cifras definitivas
46,2020,12,Durango,98.88705402,125.99215135,127.41015758,116.1011359,107.18382911,Cifras definitivas
46,2020,12,Guanajuato,97.25599258,124.31008635,127.81740544,115.9517151,106.76657022,Cifras definitivas
46,2020,12,Guerrero,96.79986459,123.76942612,127.86115626,118.075424,107.38609225,Cifras definitivas
46,2020,12,Hidalgo,97.54154717,124.88046517,128.02797248,115.41017184,106.32948126,Cifras definitivas
46,2020,12,Jalisco,97.35442709,122.96883706,126.31047271,116.69726437,106.64720886,Cifras definitivas
46,2020,12,México,97.95908633,124.0939511,126.67936763,118.27297111,107.56247874,Cifras definitivas
46,2020,12,Michoacán de Ocampo,97.05266802,124.17408752,127.94505298,115.35334701,106.50736436,Cifras definitivas
46,2020,12,Morelos,97.96568323,124.06454925,126.64082479,115.91250311,106.72506388,Cifras definitivas
46,2020,12,Nayarit,98.3677559,127.07962301,129.18829127,117.32107156,106.96913933,Cifras definitivas
46,2020,12,Nuevo León,100.13441212,124.80934984,124.64181613,116.42960023,107.7473972,Cifras definitivas
46,2020,12,Oaxaca,97.53841336,124.8755942,128.02709199,117.44340903,107.66082791,Cifras definitivas
46,2020,12,Puebla,97.62650737,122.651164,125.63305531,114.96699986,106.09143365,Cifras definitivas
46,2020,12,Querétaro,97.56164989,123.3512755,126.43418355,116.00286645,106.56618438,Cifras definitivas
46,2020,12,Quintana Roo,97.82637715,120.90866723,123.59515987,118.49524193,107.29183607,Cifras definitivas
46,2020,12,San Luis Potosí,97.65739014,123.74676334,126.71520626,114.07131528,105.86237802,Cifras definitivas
46,2020,12,Sinaloa,100.19713472,125.64309209,125.39589325,117.52505159,107.69515326,Cifras definitivas
46,2020,12,Sonora,100.23358407,127.39193045,127.09505664,117.66508332,108.29685634,Cifras definitivas
46,2020,12,Tabasco,99.59145547,126.71680514,127.23662341,120.41233994,108.96301411,Cifras definitivas
46,2020,12,Tamaulipas,99.53369378,126.40273281,126.99491801,117.36442916,108.00898432,Cifras definitivas
46,2020,12,Tlaxcala,97.47417016,124.64052942,127.87031602,116.72374017,106.57620733,Cifras definitivas
46,2020,12,Veracruz de Ignacio de la Llave,98.42580969,125.63814988,127.64756549,118.53677661,107.88928154,Cifras definitivas
46,2020,12,Yucatán,98.51992389,124.8600728,126.73585999,116.81152809,107.06044924,Cifras definitivas
46,2020,12,Zacatecas,97.36439969,125.74851826,129.15246092,115.74809486,106.31270018,Cifras definitivas
46,2021,1,Aguascalientes,97.09087527,98.50604762,101.45757503,96.25480206,93.62478344,Cifras definitivas
46,2021,1,Baja California,98.99248498,99.33940294,100.35044878,99.17899665,96.30074843,Cifras definitivas
46,2021,1,Baja California Sur,98.31591344,96.53958801,98.19324729,97.17171579,94.785816,Cifras definitivas
46,2021,1,Campeche,98.28477395,98.48818091,100.20695674,98.23068402,94.97486588,Cifras definitivas
46,2021,1,Coahuila de Zaragoza,99.04875116,98.09747626,99.0395892,97.98288304,95.60673804,Cifras definitivas
46,2021,1,Colima,97.68407796,98.04511651,100.36959816,96.66174272,94.39590464,Cifras definitivas
46,2021,1,Chiapas,96.41369707,97.59790987,101.228262,96.33973501,93.86838894,Cifras definitivas
46,2021,1,Chihuahua,98.41033221,98.99437735,100.59347949,98.99897003,95.4585938,Cifras definitivas
46,2021,1,Ciudad de México,96.46536182,95.92562514,99.44048654,95.33405881,92.40988231,Cifras definitivas
46,2021,1,Durango,98.22927797,98.64963313,100.42793266,97.48015553,94.74708929,Cifras definitivas
46,2021,1,Guanajuato,96.3949789,98.39674354,102.0766275,96.7024717,94.53744568,Cifras definitivas
46,2021,1,Guerrero,96.06214255,96.58498965,100.54428007,95.223671,92.69257288,Cifras definitivas
46,2021,1,Hidalgo,96.94706379,98.12962933,101.21980542,96.78278358,93.82466296,Cifras definitivas
46,2021,1,Jalisco,96.54120964,97.18575927,100.66764197,95.19637447,93.00830391,Cifras definitivas
46,2021,1,México,97.2267564,97.13031852,99.90081138,95.99096033,93.67873175,Cifras definitivas
46,2021,1,Michoacán de Ocampo,96.32965638,98.23816981,101.98123143,96.48707293,94.1171347,Cifras definitivas
46,2021,1,Morelos,97.2259041,97.47108029,100.25217167,96.04032826,93.91131678,Cifras definitivas
46,2021,1,Nayarit,97.62528202,99.59193109,102.01448747,97.52853007,94.33838096,Cifras definitivas
46,2021,1,Nuevo León,99.21367835,97.92942399,98.70556723,97.72697247,95.55279683,Cifras definitivas
46,2021,1,Oaxaca,96.8542601,97.62240896,100.79309765,95.93631009,93.44441183,Cifras definitivas
46,2021,1,Puebla,96.92948142,96.93705402,100.00781248,95.0230857,93.15372923,Cifras definitivas
46,2021,1,Querétaro,96.92610728,97.36733632,100.45522208,96.29747495,94.23572023,Cifras definitivas
46,2021,1,Quintana Roo,97.14970385,94.81052936,97.59219596,95.26936676,93.59572516,Cifras definitivas
46,2021,1,San Luis Potosí,96.92473157,97.7550238,100.85663609,96.12407177,94.21836355,Cifras definitivas
46,2021,1,Sinaloa,98.70103162,98.4724548,99.76841496,96.88958672,94.55680028,Cifras definitivas
46,2021,1,Sonora,99.55535791,98.85045273,99.29194652,98.7607742,95.72278269,Cifras definitivas
46,2021,1,Tabasco,98.56627131,98.20939404,99.63793165,98.67791148,95.65539052,Cifras definitivas
46,2021,1,Tamaulipas,98.82202761,99.11270412,100.29414141,99.1134838,96.27864947,Cifras definitivas
46,2021,1,Tlaxcala,96.85912138,97.48679878,100.64803128,95.31155819,92.49345715,Cifras definitivas
46,2021,1,Veracruz de Ignacio de la Llave,97.58929719,98.19820477,100.62394914,97.25562075,94.54609435,Cifras definitivas
46,2021,1,Yucatán,97.68753825,98.15854893,100.48216046,96.97164452,94.37740474,Cifras definitivas
46,2021,1,Zacatecas,96.63478217,99.05971323,102.50937706,96.71519503,93.79895826,Cifras definitivas
46,2021,2,Aguascalientes,97.25687927,97.68883871,100.44414281,91.53158569,90.76654514,Cifras definitivas
46,2021,2,Baja California,99.63158382,98.23611971,98.59937576,93.09510749,92.67861326,Cifras definitivas
46,2021,2,Baja California Sur,99.08214338,95.66274778,96.54892851,91.74064977,92.09643189,Cifras definitivas
46,2021,2,Campeche,98.85091744,97.72392775,98.85990973,92.17090569,91.85906766,Cifras definitivas
46,2021,2,Coahuila de Zaragoza,99.72331851,97.25737797,97.52721773,92.0699613,92.33769596,Cifras definitivas
46,2021,2,Colima,98.10548495,97.22066882,99.09809719,91.48407221,91.39967523,Cifras definitivas
46,2021,2,Chiapas,96.51524126,96.81784871,100.31353333,91.1563458,90.83942983,Cifras definitivas
46,2021,2,Chihuahua,99.05681964,97.93362974,98.86611552,93.19775212,92.20712415,Cifras definitivas
46,2021,2,Ciudad de México,96.62062178,94.9496888,98.27062489,90.5182475,89.28006493,Cifras definitivas
46,2021,2,Durango,98.69832503,97.7431691,99.03224707,92.1237268,91.6978133,Cifras definitivas
46,2021,2,Guanajuato,96.48592409,97.47317293,101.02320504,91.73042074,91.60600262,Cifras definitivas
46,2021,2,Guerrero,96.16064135,95.98020335,99.81235774,90.35672524,90.00176047,Cifras definitivas
46,2021,2,Hidalgo,97.04902004,97.26730722,100.22492466,91.74656368,90.84611985,Cifras definitivas
46,2021,2,Jalisco,96.62478311,96.52891335,99.9007814,90.50639703,90.46506736,Cifras definitivas
46,2021,2,México,97.33929364,96.48064671,99.11788251,90.73950785,90.87236297,Cifras definitivas
46,2021,2,Michoacán de Ocampo,96.39343918,97.26384504,100.9029721,91.54671072,91.10888471,Cifras definitivas
46,2021,2,Morelos,97.34055621,96.67609492,99.31738495,91.00452316,90.7678667,Cifras definitivas
46,2021,2,Nayarit,97.98481329,98.94195721,100.97682885,92.17462852,91.47972162,Cifras definitivas
46,2021,2,Nuevo León,99.82762392,96.86925875,97.03652651,92.22766557,92.42127298,Cifras definitivas
46,2021,2,Oaxaca,96.90832855,97.10368583,100.20158977,91.15130943,90.92449949,Cifras definitivas
46,2021,2,Puebla,96.97204067,96.24713449,99.25245857,90.30291021,90.26379841,Cifras definitivas
46,2021,2,Querétaro,97.14877256,96.38913954,99.21807245,91.06341946,91.1029272,Cifras definitivas
46,2021,2,Quintana Roo,97.6933725,93.648833,95.85996532,90.57465243,90.96242827,Cifras definitivas
46,2021,2,San Luis Potosí,97.07943291,96.77659088,99.68804718,90.97690514,90.88589855,Cifras definitivas
46,2021,2,Sinaloa,99.01271977,97.81104937,98.78634745,91.81935926,91.93362108,Cifras definitivas
46,2021,2,Sonora,100.27060362,97.96833324,97.70394283,92.96192782,92.62915052,Cifras definitivas
46,2021,2,Tabasco,99.09083052,97.42456429,98.31844559,92.29867069,92.29567886,Cifras definitivas
46,2021,2,Tamaulipas,99.45454884,98.03341059,98.57106762,93.00401785,92.91414456,Cifras definitivas
46,2021,2,Tlaxcala,96.86059632,97.11754192,100.26527361,90.61024673,89.76353126,Cifras definitivas
46,2021,2,Veracruz de Ignacio de la Llave,97.88197351,97.55115692,99.66202501,91.65011171,91.55670747,Cifras definitivas
46,2021,2,Yucatán,97.96080886,97.3705579,99.39746214,91.87933438,91.90183643,Cifras definitivas
46,2021,2,Zacatecas,96.79890881,98.27002842,101.5197688,91.80289391,91.09004664,Cifras definitivas
46,2021,3,Aguascalientes,97.53021344,102.37268739,104.96510136,104.57196674,103.84935697,Cifras definitivas
46,2021,3,Baja California,99.96626978,103.45491349,103.48982083,105.65047971,105.26032725,Cifras definitivas
46,2021,3,Baja California Sur,99.38245252,100.91725326,101.54433776,104.90114779,105.61876199,Cifras definitivas
46,2021,3,Campeche,99.24721788,103.23207562,104.01508256,105.03231595,104.85301465,Cifras definitivas
46,2021,3,Coahuila de Zaragoza,100.10392914,102.71616165,102.60952046,105.12850423,105.55919038,Cifras definitivas
46,2021,3,Colima,98.47845436,102.25509469,103.83499148,104.59334728,104.56683981,Cifras definitivas
46,2021,3,Chiapas,96.95660661,101.8886275,105.08683324,103.74759896,103.25594336,Cifras definitivas
46,2021,3,Chihuahua,99.40149708,103.20473576,103.82613823,106.22164241,105.7177425,Cifras definitivas
46,2021,3,Ciudad de México,96.69196563,98.6704224,102.04614391,103.45983882,102.23648863,Cifras definitivas
46,2021,3,Durango,99.095211,103.01405981,103.95462987,104.79484149,104.51667302,Cifras definitivas
46,2021,3,Guanajuato,96.84146705,102.34386752,105.68186402,104.45931201,104.20110513,Cifras definitivas
46,2021,3,Guerrero,96.5722984,100.97879694,104.56290118,103.16555219,102.59567599,Cifras definitivas
46,2021,3,Hidalgo,97.39410275,102.16603311,104.89960914,104.52216627,103.76154267,Cifras definitivas
46,2021,3,Jalisco,96.94370465,101.20249581,104.39305592,103.5041805,103.1779796,Cifras definitivas
46,2021,3,México,97.73504313,101.44519508,103.79613272,103.63397001,103.59694362,Cifras definitivas
46,2021,3,Michoacán de Ocampo,96.78117148,102.11728122,105.51358251,104.10404244,103.51504819,Cifras definitivas
46,2021,3,Morelos,97.74456843,101.3086171,103.64628821,103.82472259,103.4916795,Cifras definitivas
46,2021,3,Nayarit,98.35270575,104.25429438,106.00043342,104.78204716,104.04955246,Cifras definitivas
46,2021,3,Nuevo León,100.15250191,101.83723997,101.68217271,105.30601828,105.52351267,Cifras definitivas
46,2021,3,Oaxaca,97.35693609,102.01574487,104.78528697,103.89030437,103.29391585,Cifras definitivas
46,2021,3,Puebla,97.38533829,100.76745325,103.47292007,103.46243754,103.33058556,Cifras definitivas
46,2021,3,Querétaro,97.44896503,101.32333313,103.97579194,103.82374817,103.75410402,Cifras definitivas
46,2021,3,Quintana Roo,97.93996507,98.39150238,100.46103479,103.45609173,104.14949337,Cifras definitivas
46,2021,3,San Luis Potosí,97.43489833,101.76580185,104.44492024,103.64209321,103.58859285,Cifras definitivas
46,2021,3,Sinaloa,99.37903367,102.90064569,103.54361669,105.05146318,105.06033363,Cifras definitivas
46,2021,3,Sonora,100.63241737,103.39884196,102.74903919,106.08855016,106.06137297,Cifras definitivas
46,2021,3,Tabasco,99.48574582,102.86917811,103.40092167,105.35333186,105.42479502,Cifras definitivas
46,2021,3,Tamaulipas,99.81836024,103.43382436,103.62204319,105.91319693,106.1221666,Cifras definitivas
46,2021,3,Tlaxcala,97.30455239,101.94785766,104.77193015,103.48550151,102.58638588,Cifras definitivas
46,2021,3,Veracruz de Ignacio de la Llave,98.27299379,102.72814086,104.53343986,104.55390256,104.40427549,Cifras definitivas
46,2021,3,Yucatán,98.29443372,102.08547612,103.85682307,105.32757411,105.29851756,Cifras definitivas
46,2021,3,Zacatecas,97.17789214,103.46162163,106.466213,104.50797406,103.89887212,Cifras definitivas
46,2021,4,Aguascalientes,97.50731634,100.16281743,102.7233865,100.47646118,98.57411116,Cifras definitivas
46,2021,4,Baja California,100.01336128,100.33270196,100.31929802,101.79279126,100.41664413,Cifras definitivas
46,2021,4,Baja California Sur,99.40674223,97.22298596,97.80321111,100.7834917,100.72122319,Cifras definitivas
46,2021,4,Campeche,99.23589501,99.3832989,100.14853888,101.18174147,100.27695196,Cifras definitivas
46,2021,4,Coahuila de Zaragoza,100.14525639,98.98289165,98.83932122,100.90826383,100.54149017,Cifras definitivas
46,2021,4,Colima,98.50267315,99.36363066,100.87404482,100.15546197,99.22659993,Cifras definitivas
46,2021,4,Chiapas,96.99581675,98.78097436,101.84044804,99.91995384,98.63900406,Cifras definitivas
46,2021,4,Chihuahua,99.43219944,100.23704137,100.80943792,101.91732797,100.62742861,Cifras definitivas
46,2021,4,Ciudad de México,96.4773282,97.68656916,101.25339391,99.41146482,97.04258628,Cifras definitivas
46,2021,4,Durango,99.14100554,99.7384969,100.60266825,100.8182366,99.77835342,Cifras definitivas
46,2021,4,Guanajuato,96.89352988,99.78012872,102.97914509,100.55971897,98.98854361,Cifras definitivas
46,2021,4,Guerrero,96.60218769,97.85005626,101.29176016,99.21748016,98.07790494,Cifras definitivas
46,2021,4,Hidalgo,97.41606255,99.63063941,102.27331797,100.36766582,98.70392169,Cifras definitivas
46,2021,4,Jalisco,96.96665487,98.72947923,101.81796965,99.40828797,98.09048228,Cifras definitivas
46,2021,4,México,97.77977443,98.26185331,100.49302515,99.70658756,98.83330056,Cifras definitivas
46,2021,4,Michoacán de Ocampo,96.83404407,99.50746147,102.76082387,100.24757183,98.65580542,Cifras definitivas
46,2021,4,Morelos,97.79370505,98.6841397,100.91052348,99.83583269,98.38249323,Cifras definitivas
46,2021,4,Nayarit,98.39116724,100.90019989,102.55005883,101.02026333,99.35178184,Cifras definitivas
46,2021,4,Nuevo León,100.17169925,98.92967331,98.76010295,101.11889347,100.44882994,Cifras definitivas
46,2021,4,Oaxaca,97.4104692,99.03248933,101.66513943,100.01136281,98.69829977,Cifras definitivas
46,2021,4,Puebla,97.43073482,98.46500282,101.06154182,99.09950573,97.84415629,Cifras definitivas
46,2021,4,Querétaro,97.47240348,98.60016513,101.1570061,100.04924427,98.61696908,Cifras definitivas
46,2021,4,Quintana Roo,97.92346084,95.12483481,97.14202704,100.03168408,99.73140421,Cifras definitivas
46,2021,4,San Luis Potosí,97.46966268,98.86223426,101.42872309,99.68423835,98.37612204,Cifras definitivas
46,2021,4,Sinaloa,99.46772019,99.76237894,100.29623555,100.93517231,99.97086662,Cifras definitivas
46,2021,4,Sonora,100.69737621,99.89168216,99.19988576,101.84615801,101.10297371,Cifras definitivas
46,2021,4,Tabasco,99.51965269,99.10313217,99.58146908,101.32546121,100.76517192,Cifras definitivas
46,2021,4,Tamaulipas,99.84963526,100.01262974,100.16323994,101.70256164,100.93166404,Cifras definitivas
46,2021,4,Tlaxcala,97.35322532,99.19862977,101.89557608,99.28089159,97.59522211,Cifras definitivas
46,2021,4,Veracruz de Ignacio de la Llave,98.30862139,99.48313117,101.19471697,100.47810664,99.45616361,Cifras definitivas
46,2021,4,Yucatán,98.31706656,99.2895804,100.98916076,101.30294014,100.4412308,Cifras definitivas
46,2021,4,Zacatecas,97.22265395,100.41337007,103.28186486,100.62376165,99.05634085,Cifras definitivas
46,2021,5,Aguascalientes,97.26975889,114.37053838,117.58077709,105.93913473,102.58230936,Cifras definitivas
46,2021,5,Baja California,99.81882856,113.11226623,113.31756529,107.61446474,105.00841884,Cifras definitivas
46,2021,5,Baja California Sur,99.32062417,113.59385842,114.37086644,107.37598138,105.29662272,Cifras definitivas
46,2021,5,Campeche,98.94376497,116.11557865,117.35512459,107.80365522,105.03329814,Cifras definitivas
46,2021,5,Coahuila de Zaragoza,99.96128348,115.38287229,115.42756183,107.2795812,104.94918612,Cifras definitivas
46,2021,5,Colima,98.26775086,114.10399669,116.11540479,105.74031475,103.31903407,Cifras definitivas
46,2021,5,Chiapas,96.51876012,113.79178594,117.89602954,105.87830841,102.95229765,Cifras definitivas
46,2021,5,Chihuahua,99.26826042,114.33967244,115.18250844,108.28747374,104.91576684,Cifras definitivas
46,2021,5,Ciudad de México,96.25542006,109.94203444,114.21905839,105.75334397,100.83513354,Cifras definitivas
46,2021,5,Durango,98.86901375,114.2844547,115.59178186,106.82922143,104.09515797,Cifras definitivas
46,2021,5,Guanajuato,96.60652532,115.71392385,119.77857962,106.28681657,103.09636647,Cifras definitivas
46,2021,5,Guerrero,96.16607577,114.86226524,119.44156431,105.5727175,102.38024676,Cifras definitivas
46,2021,5,Hidalgo,97.09607678,114.29814362,117.71654161,106.28617739,102.85577735,Cifras definitivas
46,2021,5,Jalisco,96.71463541,117.03015086,121.00562688,105.4301141,101.95368964,Cifras definitivas
46,2021,5,México,97.43468603,117.76304249,120.8635726,106.22148296,103.03391669,Cifras definitivas
46,2021,5,Michoacán de Ocampo,96.46519484,114.16818743,118.35168904,105.89778205,102.68276645,Cifras definitivas
46,2021,5,Morelos,97.44246921,114.30739127,117.30756845,105.62237768,102.54689954,Cifras definitivas
46,2021,5,Nayarit,98.11190341,119.0774238,121.36898751,107.30049986,103.91671094,Cifras definitivas
46,2021,5,Nuevo León,100.08531124,113.5504635,113.45367476,106.98928448,104.44853466,Cifras definitivas
46,2021,5,Oaxaca,96.94205441,117.49953233,121.20594415,105.94463104,102.87862562,Cifras definitivas
46,2021,5,Puebla,97.0291016,114.20703835,117.70390168,104.73079089,101.71668888,Cifras definitivas
46,2021,5,Querétaro,97.29391066,113.80339755,116.96867438,105.92884376,102.89771641,Cifras definitivas
46,2021,5,Quintana Roo,97.82152297,109.46686728,111.90468514,106.66906553,104.32154522,Cifras definitivas
46,2021,5,San Luis Potosí,97.17764218,113.6834272,116.98516722,105.21805495,102.43154252,Cifras definitivas
46,2021,5,Sinaloa,99.339189,117.87616738,118.66028761,107.00784957,104.12779599,Cifras definitivas
46,2021,5,Sonora,100.55977523,115.03474813,114.39439663,108.14214512,105.61453235,Cifras definitivas
46,2021,5,Tabasco,99.24141691,115.29500053,116.17629425,108.28926513,105.43694921,Cifras definitivas
46,2021,5,Tamaulipas,99.66709129,115.19188713,115.57665187,107.92706803,105.37563967,Cifras definitivas
46,2021,5,Tlaxcala,96.88714519,118.23995341,122.03884548,105.42106388,101.77337536,Cifras definitivas
46,2021,5,Veracruz de Ignacio de la Llave,97.97501749,117.61948205,120.05048334,106.96030071,103.85239753,Cifras definitivas
46,2021,5,Yucatán,98.08654687,115.11619645,117.36186065,107.44434261,104.55075069,Cifras definitivas
46,2021,5,Zacatecas,96.90186097,117.1464953,120.89189426,106.66296172,103.33365124,Cifras definitivas
46,2021,6,Aguascalientes,97.76920196,100.51109744,102.80445726,104.1249142,104.07196769,Cifras definitivas
46,2021,6,Baja California,100.25666732,100.40383858,100.14679449,105.05094769,106.02678981,Cifras definitivas
46,2021,6,Baja California Sur,99.63197409,99.16468082,99.53098062,104.90779738,107.05584251,Cifras definitivas
46,2021,6,Campeche,99.44423581,100.63411784,101.19653193,104.67837403,106.02543418,Cifras definitivas
46,2021,6,Coahuila de Zaragoza,100.39255332,100.44296714,100.05021669,104.61431646,106.36439464,Cifras definitivas
46,2021,6,Colima,98.73275168,100.09063895,101.37531594,103.93576893,104.90078501,Cifras definitivas
46,2021,6,Chiapas,97.21750481,99.54040463,102.38938432,103.26982843,104.11857806,Cifras definitivas
46,2021,6,Chihuahua,99.68940411,101.02274614,101.33749624,106.14528355,106.43432817,Cifras definitivas
46,2021,6,Ciudad de México,96.67818157,97.44394645,100.79207621,103.30812667,102.63728835,Cifras definitivas
46,2021,6,Durango,99.39634476,100.56326855,101.17401077,104.38851013,105.31247729,Cifras definitivas
46,2021,6,Guanajuato,97.17427372,100.3612446,103.27964466,103.8301628,104.34647179,Cifras definitivas
46,2021,6,Guerrero,96.80054389,98.95393162,102.2245616,102.87898846,103.75207759,Cifras definitivas
46,2021,6,Hidalgo,97.66624751,100.15851747,102.5518232,104.23646342,104.2988843,Cifras definitivas
46,2021,6,Jalisco,97.24573829,99.7544017,102.57971553,102.88977447,103.35548378,Cifras definitivas
46,2021,6,México,98.01645067,99.78223605,101.80151941,102.94653881,104.07734367,Cifras definitivas
46,2021,6,Michoacán de Ocampo,97.08539867,99.81886266,102.81552533,103.41596597,103.73064733,Cifras definitivas
46,2021,6,Morelos,98.01209004,99.51082951,101.52913734,103.13102511,103.73513127,Cifras definitivas
46,2021,6,Nayarit,98.63531405,101.86453925,103.2739037,104.34565691,104.70427364,Cifras definitivas
46,2021,6,Nuevo León,100.4485839,99.8529637,99.40703972,104.62345587,105.82157724,Cifras definitivas
46,2021,6,Oaxaca,97.64173228,100.58277786,103.01207845,103.26121081,103.90538648,Cifras definitivas
46,2021,6,Puebla,97.66118528,99.20662386,101.58244913,102.83882374,103.48669894,Cifras definitivas
46,2021,6,Querétaro,97.74915749,99.10176676,101.38375543,103.36168325,104.30173809,Cifras definitivas
46,2021,6,Quintana Roo,98.13704495,96.48799668,98.31964752,103.6004936,105.70215437,Cifras definitivas
46,2021,6,San Luis Potosí,97.72691883,99.51104893,101.82562811,102.89279821,103.54761055,Cifras definitivas
46,2021,6,Sinaloa,99.79483208,101.24982769,101.45798693,104.47200813,105.41063521,Cifras definitivas
46,2021,6,Sonora,100.97048273,101.12829474,100.15629519,105.87007753,107.13060743,Cifras definitivas
46,2021,6,Tabasco,99.74503364,100.33617123,100.59264864,105.05327912,106.75004902,Cifras definitivas
46,2021,6,Tamaulipas,100.09728232,100.68063185,100.58278259,105.37269654,106.70705513,Cifras definitivas
46,2021,6,Tlaxcala,97.56266639,100.59310176,103.10614242,103.11477904,103.13436207,Cifras definitivas
46,2021,6,Veracruz de Ignacio de la Llave,98.54947574,100.73869946,102.22144634,104.02578583,105.06987322,Cifras definitivas
46,2021,6,Yucatán,98.58698416,100.27745415,101.71469896,104.73708604,105.75732717,Cifras definitivas
46,2021,6,Zacatecas,97.48376452,101.15581323,103.76683105,104.15823441,104.43251703,Cifras definitivas
46,2021,7,Aguascalientes,98.86540081,108.74410065,109.99206978,105.00294207,104.14678372,Cifras definitivas
46,2021,7,Baja California,101.82638376,112.83930913,110.81539476,106.97476738,106.67955079,Cifras definitivas
46,2021,7,Baja California Sur,101.4360371,111.17650506,109.60257147,105.94075962,106.49686045,Cifras definitivas
46,2021,7,Campeche,100.81203848,113.46064856,112.54672584,106.56311747,106.18451856,Cifras definitivas
46,2021,7,Coahuila de Zaragoza,102.06230749,112.77349517,110.49475359,105.96763462,106.33150808,Cifras definitivas
46,2021,7,Colima,100.0962697,110.00895526,109.90315183,104.98110298,104.8792353,Cifras definitivas
46,2021,7,Chiapas,98.03086374,109.3055104,111.50111937,105.14114988,104.72006093,Cifras definitivas
46,2021,7,Chihuahua,101.33516646,113.62814161,112.13100603,107.46710581,106.52012517,Cifras definitivas
46,2021,7,Ciudad de México,97.61640616,104.78544464,107.3440918,103.45850648,102.0984456,Cifras definitivas
46,2021,7,Durango,100.77573167,111.54331959,110.68470329,106.20867398,105.83982757,Cifras definitivas
46,2021,7,Guanajuato,98.17697736,107.66985925,109.66915273,105.6283151,105.31487839,Cifras definitivas
46,2021,7,Guerrero,97.59736521,107.96355154,110.62137928,104.56006253,103.99064604,Cifras definitivas
46,2021,7,Hidalgo,98.63483192,109.29235809,110.80503303,105.77569602,104.80962146,Cifras definitivas
46,2021,7,Jalisco,98.26334266,106.09518624,107.97025968,103.92486836,103.52936817,Cifras definitivas
46,2021,7,México,98.95426096,108.07825522,109.22041575,104.46010628,104.29623847,Cifras definitivas
46,2021,7,Michoacán de Ocampo,97.99472323,107.71184059,109.9159598,105.36082136,104.68163234,Cifras definitivas
46,2021,7,Morelos,98.91019828,108.16225504,109.35399678,104.24117195,103.90773296,Cifras definitivas
46,2021,7,Nayarit,99.88280395,111.44702721,111.57779197,106.51340553,105.64128693,Cifras definitivas
46,2021,7,Nuevo León,102.10103152,110.27646643,108.00720109,105.72694246,105.81468803,Cifras definitivas
46,2021,7,Oaxaca,98.40350856,108.70269145,110.46627609,104.73488434,104.26528825,Cifras definitivas
46,2021,7,Puebla,98.46539749,106.3527063,108.01023406,103.47096731,103.3651558,Cifras definitivas
46,2021,7,Querétaro,98.96254806,107.28593698,108.41064532,105.15329704,105.03483969,Cifras definitivas
46,2021,7,Quintana Roo,99.58553356,106.33919721,106.78177182,104.9482839,105.46972696,Cifras definitivas
46,2021,7,San Luis Potosí,98.79070778,107.97511769,109.29683582,104.3422939,104.20046176,Cifras definitivas
46,2021,7,Sinaloa,101.29864705,110.25118586,108.8377674,105.63843551,105.51555527,Cifras definitivas
46,2021,7,Sonora,102.79631504,114.35320516,111.24251401,107.23500167,107.03657057,Cifras definitivas
46,2021,7,Tabasco,101.2110071,113.97852113,112.61474853,106.61122228,106.60891549,Cifras definitivas
46,2021,7,Tamaulipas,101.63231113,112.62404795,110.81519912,107.22709549,107.15651797,Cifras definitivas
46,2021,7,Tlaxcala,98.3178342,108.40546248,110.26022223,104.1634503,103.27296667,Cifras definitivas
46,2021,7,Veracruz de Ignacio de la Llave,99.71223106,110.75540693,111.07504641,105.50480545,105.32374685,Cifras definitivas
46,2021,7,Yucatán,99.76053894,109.73317811,109.99657708,105.77401263,105.42464418,Cifras definitivas
46,2021,7,Zacatecas,98.53417502,109.66925236,111.30072621,106.17674922,105.27856541,Cifras definitivas
46,2021,8,Aguascalientes,99.79988885,104.19379233,104.4027138,104.44599331,103.17042279,Cifras definitivas
46,2021,8,Baja California,103.08720242,104.7120878,101.57622415,106.45536487,105.46622327,Cifras definitivas
46,2021,8,Baja California Sur,102.93095834,102.83417492,99.90597249,105.69505787,105.17856099,Cifras definitivas
46,2021,8,Campeche,101.92847343,104.46443311,102.48797965,106.26403653,105.06247139,Cifras definitivas
46,2021,8,Coahuila de Zaragoza,103.36344927,103.65861318,100.28555927,105.49004338,104.93461322,Cifras definitivas
46,2021,8,Colima,101.18611537,103.39274923,102.18076744,104.56208291,103.96504224,Cifras definitivas
46,2021,8,Chiapas,98.71653838,102.80911496,104.14578615,104.30801621,103.43653624,Cifras definitivas
46,2021,8,Chihuahua,102.65015433,105.4612577,102.73852815,106.84127588,105.24083418,Cifras definitivas
46,2021,8,Ciudad de México,98.52463906,102.38975964,103.92299897,103.5562087,101.61589533,Cifras definitivas
46,2021,8,Durango,101.8831268,103.92829537,102.0073673,105.46019447,104.58964298,Cifras definitivas
46,2021,8,Guanajuato,99.00998255,103.18724014,104.21902669,104.76814711,104.30324298,Cifras definitivas
46,2021,8,Guerrero,98.30859447,102.39328435,104.15496723,103.64868538,102.69520317,Cifras definitivas
46,2021,8,Hidalgo,99.48106882,103.86410696,104.40590174,104.99904276,103.72102947,Cifras definitivas
46,2021,8,Jalisco,99.10492313,102.55125492,103.47745771,103.43427436,102.93815778,Cifras definitivas
46,2021,8,México,99.80789391,102.55270273,102.75009191,103.91774497,103.38502652,Cifras definitivas
46,2021,8,Michoacán de Ocampo,98.76934859,102.89431002,104.17635784,104.41107314,103.72028494,Cifras definitivas
46,2021,8,Morelos,99.6572569,102.72455664,103.07784885,103.7515441,102.88661691,Cifras definitivas
46,2021,8,Nayarit,100.90119718,104.94377342,104.00647004,105.7978012,104.74321796,Cifras definitivas
46,2021,8,Nuevo León,103.3606721,103.29571278,99.93715277,105.30158602,104.9428731,Cifras definitivas
46,2021,8,Oaxaca,99.05768327,103.1930232,104.17467863,104.06472811,103.22736833,Cifras definitivas
46,2021,8,Puebla,99.15580311,102.24867891,103.11920806,103.23960273,102.69655111,Cifras definitivas
46,2021,8,Querétaro,100.00375616,102.61543576,102.6115815,104.36998504,103.81698166,Cifras definitivas
46,2021,8,Quintana Roo,100.81170053,100.7543133,99.94307483,104.52483062,104.41544228,Cifras definitivas
46,2021,8,San Luis Potosí,99.68762788,102.37487241,102.69566504,103.72420583,103.19898624,Cifras definitivas
46,2021,8,Sinaloa,102.40273,103.91707239,101.47881056,105.14928205,104.67562402,Cifras definitivas
46,2021,8,Sonora,104.26173057,105.16168412,100.86316767,106.70941896,105.66068338,Cifras definitivas
46,2021,8,Tabasco,102.35187352,104.22790464,101.83292309,106.27947386,105.2812297,Cifras definitivas
46,2021,8,Tamaulipas,102.82650611,104.34326847,101.47506943,106.69580888,106.0102593,Cifras definitivas
46,2021,8,Tlaxcala,98.9889306,103.60065584,104.65882924,103.54870301,102.19507767,Cifras definitivas
46,2021,8,Veracruz de Ignacio de la Llave,100.65268193,103.81806723,103.14485937,105.09219261,104.25841578,Cifras definitivas
46,2021,8,Yucatán,100.72872164,103.70805651,102.95778088,105.77835851,105.2740707,Cifras definitivas
46,2021,8,Zacatecas,99.42045888,104.25383546,104.86155127,105.22761148,104.27106806,Cifras definitivas
46,2021,9,Aguascalientes,100.09612013,105.48235703,105.38106461,101.62006199,102.90517194,Cifras definitivas
46,2021,9,Baja California,103.4437523,107.40248006,103.82693751,103.24039962,105.47852001,Cifras definitivas
46,2021,9,Baja California Sur,103.35492419,105.62894039,102.20020112,102.50846212,106.25831379,Cifras definitivas
46,2021,9,Campeche,102.27268867,107.63987033,105.24791294,102.78935287,105.54257837,Cifras definitivas
46,2021,9,Coahuila de Zaragoza,103.78205431,106.66420828,102.77712172,102.237824,105.84621159,Cifras definitivas
46,2021,9,Colima,101.5203347,105.4086057,103.83004155,101.66181424,104.05660997,Cifras definitivas
46,2021,9,Chiapas,98.91912407,104.7881126,105.93311818,101.25244098,103.49691351,Cifras definitivas
46,2021,9,Chihuahua,103.03248561,108.07033895,104.8895776,103.56776749,105.71527493,Cifras definitivas
46,2021,9,Ciudad de México,98.78350665,102.99031604,104.25861516,101.10482593,101.85685922,Cifras definitivas
46,2021,9,Durango,102.21062711,106.35355019,104.0533193,102.32153223,104.69670362,Cifras definitivas
46,2021,9,Guanajuato,99.28776079,104.32674253,105.0751288,101.89243965,103.95884196,Cifras definitivas
46,2021,9,Guerrero,98.52053672,104.17229577,105.73663039,100.68668882,103.12480405,Cifras definitivas
46,2021,9,Hidalgo,99.74615507,105.41098004,105.67924144,102.01727704,103.55400226,Cifras definitivas
46,2021,9,Jalisco,99.3814084,103.68038657,104.32573681,100.75854352,102.91824298,Cifras definitivas
46,2021,9,México,100.08788346,104.56963477,104.47781605,100.96865646,103.97205022,Cifras definitivas
46,2021,9,Michoacán de Ocampo,99.00391824,104.20169136,105.25006809,101.55359413,103.44120222,Cifras definitivas
46,2021,9,Morelos,99.93114807,104.37117109,104.44308217,100.9235171,103.13774701,Cifras definitivas
46,2021,9,Nayarit,101.21892249,107.02522885,105.73638428,102.61565549,104.46104367,Cifras definitivas
46,2021,9,Nuevo León,103.81291704,105.56475111,101.68749142,102.39776897,105.37595855,Cifras definitivas
46,2021,9,Oaxaca,99.291623,105.02238928,105.77165133,101.14944856,103.33655481,Cifras definitivas
46,2021,9,Puebla,99.41052811,103.39103665,104.00411165,100.5710552,102.56597253,Cifras definitivas
46,2021,9,Querétaro,100.32017525,104.02346882,103.69147438,101.36376098,103.55581382,Cifras definitivas
46,2021,9,Quintana Roo,101.19129774,102.43452349,101.22858959,101.72029374,105.33394568,Cifras definitivas
46,2021,9,San Luis Potosí,99.97095729,103.91694813,103.9471372,100.77993912,103.0021158,Cifras definitivas
46,2021,9,Sinaloa,102.87893808,105.84983857,102.88776357,102.18416384,104.91169571,Cifras definitivas
46,2021,9,Sonora,104.70456825,108.2750185,103.41002337,103.43042592,106.25629326,Cifras definitivas
46,2021,9,Tabasco,102.72784086,107.54411708,104.68838455,102.86789266,106.38275722,Cifras definitivas
46,2021,9,Tamaulipas,103.19159404,107.1052466,103.79260791,103.40008144,106.41976509,Cifras definitivas
46,2021,9,Tlaxcala,99.2234456,105.10415563,105.92673435,100.67891345,102.35558038,Cifras definitivas
46,2021,9,Veracruz de Ignacio de la Llave,100.95919707,106.12358881,105.11532569,101.95025575,104.7201239,Cifras definitivas
46,2021,9,Yucatán,101.0765968,105.75245041,104.62604971,102.92169829,105.30670576,Cifras definitivas
46,2021,9,Zacatecas,99.68604563,105.89048409,106.22397891,102.1790238,103.94764757,Cifras definitivas
46,2021,10,Aguascalientes,100.55263114,108.5906556,107.99384797,104.65383182,109.802747,Cifras definitivas
46,2021,10,Baja California,103.96904669,110.669852,106.44500024,106.55725597,113.93140459,Cifras definitivas
46,2021,10,Baja California Sur,103.94229354,109.20365299,105.06180812,105.98982042,114.15043952,Cifras definitivas
46,2021,10,Campeche,102.81165727,111.12206359,108.08313623,106.67577535,113.95582771,Cifras definitivas
46,2021,10,Coahuila de Zaragoza,104.4326252,109.99474653,105.32603803,105.53976136,113.72199447,Cifras definitivas
46,2021,10,Colima,101.97080425,108.54969318,106.45173781,104.68105992,110.94925855,Cifras definitivas
46,2021,10,Chiapas,99.24788596,107.90631073,108.7240395,104.99463605,111.38340939,Cifras definitivas
46,2021,10,Chihuahua,103.59381743,111.36716426,107.50367833,106.94487853,113.65133432,Cifras definitivas
46,2021,10,Ciudad de México,99.42832777,105.53495306,106.14173589,103.47707899,110.06501228,Cifras definitivas
46,2021,10,Durango,102.67828645,109.46410128,106.60881192,105.86161271,112.42080987,Cifras definitivas
46,2021,10,Guanajuato,99.71480775,107.10907403,107.41541447,105.31245907,111.27393177,Cifras definitivas
46,2021,10,Guerrero,98.89143564,107.25083555,108.45310805,104.6311236,111.18129598,Cifras definitivas
46,2021,10,Hidalgo,100.09594345,108.32719117,108.22335795,105.50722258,110.99324125,Cifras definitivas
46,2021,10,Jalisco,99.82980386,106.26140307,106.44256421,103.9930809,110.03285292,Cifras definitivas
46,2021,10,México,100.50580524,107.31880722,106.77871488,104.49187377,111.56144737,Cifras definitivas
46,2021,10,Michoacán de Ocampo,99.3484293,106.91270996,107.61389054,105.07195084,110.86959465,Cifras definitivas
46,2021,10,Morelos,100.33970997,107.2250372,106.86201628,103.98063832,110.25347023,Cifras definitivas
46,2021,10,Nayarit,101.69885493,109.80889069,107.97455956,106.71006828,112.4359674,Cifras definitivas
46,2021,10,Nuevo León,104.55681381,108.72976145,103.99108149,105.30150136,112.59600465,Cifras definitivas
46,2021,10,Oaxaca,99.62352834,107.91897008,108.32678974,104.7558679,110.52299716,Cifras definitivas
46,2021,10,Puebla,99.76424277,106.16219293,106.41306943,103.26462056,109.15959816,Cifras definitivas
46,2021,10,Querétaro,100.75558954,107.2652614,106.46085432,104.87574503,111.22639367,Cifras definitivas
46,2021,10,Quintana Roo,101.84952514,105.79316533,103.87202609,105.50220426,113.74281123,Cifras definitivas
46,2021,10,San Luis Potosí,100.37856923,106.7365457,106.3339979,104.00906361,109.91541934,Cifras definitivas
46,2021,10,Sinaloa,103.72724395,108.92322299,105.00927128,105.53698607,111.97743526,Cifras definitivas
46,2021,10,Sonora,105.30456441,111.89325348,106.25679343,106.80550007,114.10598536,Cifras definitivas
46,2021,10,Tabasco,103.38403851,111.01439292,107.38059232,106.50166857,115.38999089,Cifras definitivas
46,2021,10,Tamaulipas,103.74943819,110.25043784,106.26605769,106.69180555,114.46292523,Cifras definitivas
46,2021,10,Tlaxcala,99.49483403,107.6751153,108.22181508,104.20268504,109.58342057,Cifras definitivas
46,2021,10,Veracruz de Ignacio de la Llave,101.43766691,109.01059763,107.46560026,105.43222243,112.7496751,Cifras definitivas
46,2021,10,Yucatán,101.65331515,109.00178882,107.22895624,105.97906588,112.31735472,Cifras definitivas
46,2021,10,Zacatecas,100.06055278,108.72394865,108.65815312,106.08501995,111.45069482,Cifras definitivas
46,2021,11,Aguascalientes,101.24383746,113.57827078,112.18289787,115.55369099,112.88742929,Cifras definitivas
46,2021,11,Baja California,104.49882598,115.54113218,110.56691891,116.14452655,114.63925263,Cifras definitivas
46,2021,11,Baja California Sur,104.54291182,116.19416909,111.14495193,118.13995551,117.36610335,Cifras definitivas
46,2021,11,Campeche,103.43215053,118.34553274,114.418517,117.66609909,115.98321564,Cifras definitivas
46,2021,11,Coahuila de Zaragoza,105.29716458,117.18892805,111.29352677,116.99513146,115.9704998,Cifras definitivas
46,2021,11,Colima,102.65861795,114.12776235,111.1721204,115.06944316,113.78238732,Cifras definitivas
46,2021,11,Chiapas,99.73449377,114.16509611,114.46901849,115.24459449,113.60811033,Cifras definitivas
46,2021,11,Chihuahua,104.29012378,117.27715282,112.45278898,117.9047116,115.14935895,Cifras definitivas
46,2021,11,Ciudad de México,100.39836172,111.21966789,110.77836927,118.67804306,113.05550595,Cifras definitivas
46,2021,11,Durango,103.26945227,115.37801579,111.72521327,115.69180848,114.34912106,Cifras definitivas
46,2021,11,Guanajuato,100.41534931,112.89850699,112.43152343,116.60117911,114.53771799,Cifras definitivas
46,2021,11,Guerrero,99.3717022,114.60282665,115.32742633,115.98039295,114.07103952,Cifras definitivas
46,2021,11,Hidalgo,100.64729149,113.96918227,113.23621389,115.95575019,113.46767435,Cifras definitivas
46,2021,11,Jalisco,100.57546971,113.43819839,112.7891311,117.00510123,114.42516749,Cifras definitivas
46,2021,11,México,101.19327497,115.67164844,114.30764394,118.03069858,115.61377748,Cifras definitivas
46,2021,11,Michoacán de Ocampo,99.89645785,112.54160457,112.65825335,115.49055644,113.27822879,Cifras definitivas
46,2021,11,Morelos,100.99850467,113.5134231,112.3911918,115.80027768,113.40535111,Cifras definitivas
46,2021,11,Nayarit,102.32928884,116.60047673,113.94633741,116.8314196,115.00020501,Cifras definitivas
46,2021,11,Nuevo León,105.61229811,114.73327995,108.63628763,117.22576247,115.51606671,Cifras definitivas
46,2021,11,Oaxaca,100.12513367,115.12630051,114.98241879,116.37881272,114.61511324,Cifras definitivas
46,2021,11,Puebla,100.33800452,112.18749329,111.80957188,115.09088905,113.33315076,Cifras definitivas
46,2021,11,Querétaro,101.40285138,113.13240874,111.56728554,116.68538837,114.34440965,Cifras definitivas
46,2021,11,Quintana Roo,102.55046936,112.03073773,109.24449047,118.33769046,117.26230964,Cifras definitivas
46,2021,11,San Luis Potosí,101.01823317,112.43393189,111.30063194,114.50316218,112.61696737,Cifras definitivas
46,2021,11,Sinaloa,104.98942028,115.8991223,110.39123941,117.37094078,116.00803457,Cifras definitivas
46,2021,11,Sonora,105.97580574,118.06454864,111.40707807,117.46597267,116.25762905,Cifras definitivas
46,2021,11,Tabasco,104.22472941,118.73059382,113.91787198,118.52013685,116.85880843,Cifras definitivas
46,2021,11,Tamaulipas,104.47769927,116.38521179,111.39718103,117.43156873,115.96481552,Cifras definitivas
46,2021,11,Tlaxcala,99.94616479,115.12602335,115.18803507,115.7269543,113.39441092,Cifras definitivas
46,2021,11,Veracruz de Ignacio de la Llave,102.10369693,116.58562802,114.18355214,117.57113279,115.63530606,Cifras definitivas
46,2021,11,Yucatán,102.47815651,115.30954271,112.5210939,118.28727563,116.70071252,Cifras definitivas
46,2021,11,Zacatecas,100.61559924,114.92552948,114.22237739,116.15481597,114.13638541,Cifras definitivas
46,2021,12,Aguascalientes,101.83200681,133.75235189,131.34608271,126.6134471,118.0819,Cifras definitivas
46,2021,12,Baja California,105.00393831,134.55141867,128.13940204,127.76886071,118.18998534,Cifras definitivas
46,2021,12,Baja California Sur,105.17002797,133.14399737,126.5988038,131.51879081,120.93456284,Cifras definitivas
46,2021,12,Campeche,104.05037922,134.82045773,129.57228867,130.75705758,119.76857904,Cifras definitivas
46,2021,12,Coahuila de Zaragoza,105.84775019,133.87452932,126.47838908,129.88489025,119.94889438,Cifras definitivas
46,2021,12,Colima,103.20838455,133.02794236,128.89257296,126.22330917,118.51867745,Cifras definitivas
46,2021,12,Chiapas,100.36235861,131.74286805,131.26721001,128.61645358,118.70915093,Cifras definitivas
46,2021,12,Chihuahua,104.89721951,136.48672652,130.11472292,128.92246801,119.20626534,Cifras definitivas
46,2021,12,Ciudad de México,101.09968232,132.07303834,130.63645237,130.96039384,117.99081096,Cifras definitivas
46,2021,12,Durango,103.84257782,133.35784973,128.42309246,128.07177312,119.12230927,Cifras definitivas
46,2021,12,Guanajuato,101.09084798,132.15745865,130.73137805,128.11299533,118.94619109,Cifras definitivas
46,2021,12,Guerrero,99.9966601,131.35428133,131.35866858,130.44284458,119.21419917,Cifras definitivas
46,2021,12,Hidalgo,101.22452074,133.27623692,131.66398413,127.55371958,118.40347044,Cifras definitivas
46,2021,12,Jalisco,101.16524722,131.63898772,130.12273615,129.25318271,119.09533594,Cifras definitivas
46,2021,12,México,101.66946345,132.13176196,129.96209233,130.53772679,119.52997022,Cifras definitivas
46,2021,12,Michoacán de Ocampo,100.51036733,131.45615485,130.7886523,127.10749341,118.24372318,Cifras definitivas
46,2021,12,Morelos,101.46803238,131.89742282,129.98914015,127.64770947,118.14748278,Cifras definitivas
46,2021,12,Nayarit,102.91791678,134.10673008,130.3045517,129.66912347,119.38471936,Cifras definitivas
46,2021,12,Nuevo León,106.09666166,133.52289371,125.85023093,128.08420788,119.50693646,Cifras definitivas
46,2021,12,Oaxaca,100.68027211,132.54163737,131.64608576,129.23934875,119.51230666,Cifras definitivas
46,2021,12,Puebla,100.85565111,130.89783239,129.78730587,127.46656302,118.66465907,Cifras definitivas
46,2021,12,Querétaro,101.99692596,132.11712305,129.53049497,128.15830808,118.21233326,Cifras definitivas
46,2021,12,Quintana Roo,103.1941342,129.51529712,125.50645259,132.61549346,120.74078331,Cifras definitivas
46,2021,12,San Luis Potosí,101.58141556,130.96938341,128.9304571,125.44271125,117.38617026,Cifras definitivas
46,2021,12,Sinaloa,105.47334022,133.67421821,126.73744657,130.01637239,120.63428307,Cifras definitivas
46,2021,12,Sonora,106.4584569,136.15908324,127.89879471,129.55851455,120.12804661,Cifras definitivas
46,2021,12,Tabasco,104.80314071,134.82567514,128.64659802,133.19794184,120.76823502,Cifras definitivas
46,2021,12,Tamaulipas,105.02724596,134.36375567,127.93228504,128.73752923,119.28815081,Cifras definitivas
46,2021,12,Tlaxcala,100.44616848,132.46026222,131.87189141,129.0408787,118.68212635,Cifras definitivas
46,2021,12,Veracruz de Ignacio de la Llave,102.69847174,133.57747368,130.0676353,130.81951544,119.73600528,Cifras definitivas
46,2021,12,Yucatán,103.01044743,133.65647725,129.75040939,130.60313368,121.42071362,Cifras definitivas
46,2021,12,Zacatecas,101.23928048,133.24872326,131.61761189,128.15608693,118.96221976,Cifras definitivas
46,2022,1,Aguascalientes,98.05541576,106.62937519,108.74399375,102.70255648,98.49418064,Cifras definitivas
46,2022,1,Baja California,101.72939771,107.88561541,106.05156212,104.72962435,100.13718692,Cifras definitivas
46,2022,1,Baja California Sur,99.55689681,103.6550296,104.11637257,98.93665568,95.2141074,Cifras definitivas
46,2022,1,Campeche,99.7839219,107.71633791,107.94959334,103.30809359,98.70741766,Cifras definitivas
46,2022,1,Coahuila de Zaragoza,101.93232663,108.36999662,106.31563136,103.93062531,99.61101963,Cifras definitivas
46,2022,1,Colima,98.52689194,103.96000194,105.51434222,100.27677445,96.74246797,Cifras definitivas
46,2022,1,Chiapas,98.38928457,106.64438733,108.39024574,104.16333789,99.88465907,Cifras definitivas
46,2022,1,Chihuahua,101.24363867,109.84084011,108.49159666,104.96264246,100.1353324,Cifras definitivas
46,2022,1,Ciudad de México,99.05373472,107.07543773,108.09833474,104.24544243,98.64172338,Cifras definitivas
46,2022,1,Durango,100.53565729,107.80865593,107.23424786,104.6764254,100.42003388,Cifras definitivas
46,2022,1,Guanajuato,98.71803532,106.20445981,107.58364413,103.62849719,99.38615557,Cifras definitivas
46,2022,1,Guerrero,97.94448857,106.6162599,108.85376141,104.21236729,99.87426498,Cifras definitivas
46,2022,1,Hidalgo,98.62542057,107.48117225,108.97917761,104.43113307,100.19121125,Cifras definitivas
46,2022,1,Jalisco,98.43568587,106.33110535,108.02089142,103.38927876,99.0535485,Cifras definitivas
46,2022,1,México,99.46873531,107.44086354,108.01470754,104.66686923,100.11463195,Cifras definitivas
46,2022,1,Michoacán de Ocampo,98.05724716,105.99874657,108.09883985,104.40387142,100.13064535,Cifras definitivas
46,2022,1,Morelos,99.1222137,105.13659752,106.06764477,102.22924358,98.31312468,Cifras definitivas
46,2022,1,Nayarit,99.65370728,107.72592744,108.10027081,104.53582872,99.92146328,Cifras definitivas
46,2022,1,Nuevo León,102.229506,107.45963679,105.11606775,103.92499516,99.99020332,Cifras definitivas
46,2022,1,Oaxaca,98.54911864,106.48880036,108.05657304,103.2993315,99.09565819,Cifras definitivas
46,2022,1,Puebla,98.70372929,106.08706625,107.48030192,102.72799959,98.92949405,Cifras definitivas
46,2022,1,Querétaro,98.47484799,106.06978936,107.71256978,103.04310544,98.89282874,Cifras definitivas
46,2022,1,Quintana Roo,99.06613583,101.59990922,102.55765845,100.56354647,97.54293181,Cifras definitivas
46,2022,1,San Luis Potosí,98.83677054,105.63764917,106.88091951,102.86036179,99.15819431,Cifras definitivas
46,2022,1,Sinaloa,102.20222134,106.94296374,104.63859037,102.76518935,98.70743652,Cifras definitivas
46,2022,1,Sonora,102.30248817,103.67958441,101.34610239,99.41883357,95.24037612,Cifras definitivas
46,2022,1,Tabasco,101.30076058,109.13733612,107.73594936,104.75572958,99.5586092,Cifras definitivas
46,2022,1,Tamaulipas,101.4899779,108.67201027,107.0765927,105.18485661,100.48164612,Cifras definitivas
46,2022,1,Tlaxcala,98.25736178,107.03882044,108.93720175,102.65431924,98.0982232,Cifras definitivas
46,2022,1,Veracruz de Ignacio de la Llave,100.13357896,108.62874759,108.48383601,104.86635157,100.03954741,Cifras definitivas
46,2022,1,Yucatán,100.0078237,107.99222857,107.98378024,104.41922794,100.42416505,Cifras definitivas
46,2022,1,Zacatecas,97.92690645,105.62965533,107.86581457,103.18864801,98.92578461,Cifras definitivas
46,2022,2,Aguascalientes,98.38026842,105.38844416,107.12355826,97.64908969,96.68234896,Cifras definitivas
46,2022,2,Baja California,101.78658023,106.64089587,104.76911163,98.58095857,97.82454055,Cifras definitivas
46,2022,2,Baja California Sur,99.63418225,102.21330358,102.58859085,93.40620548,93.68583698,Cifras definitivas
46,2022,2,Campeche,99.77939275,106.18635359,106.42112631,96.86046655,96.66572222,Cifras definitivas
46,2022,2,Coahuila de Zaragoza,101.81301086,106.76080446,104.85968695,97.98625346,97.72707554,Cifras definitivas
46,2022,2,Colima,98.59470456,102.60741886,104.06990854,95.42561589,94.93567955,Cifras definitivas
46,2022,2,Chiapas,98.52400657,104.87302493,106.44413334,98.31489214,97.45524209,Cifras definitivas
46,2022,2,Chihuahua,101.34906942,108.28687275,106.84545341,99.51841734,98.4564977,Cifras definitivas
46,2022,2,Ciudad de México,99.10160023,105.24604082,106.20014266,99.1562227,96.30151183,Cifras definitivas
46,2022,2,Durango,100.72854942,106.21692578,105.44868003,98.94894459,98.34215489,Cifras definitivas
46,2022,2,Guanajuato,98.92365053,104.56880316,105.70657532,98.45415226,97.42050057,Cifras definitivas
46,2022,2,Guerrero,98.03755295,104.78367772,106.88116397,98.61950075,97.56628825,Cifras definitivas
46,2022,2,Hidalgo,98.79717764,105.70956633,106.99654469,99.27522267,98.17856138,Cifras definitivas
46,2022,2,Jalisco,98.70264463,104.81512208,106.19282034,98.35815062,96.96201457,Cifras definitivas
46,2022,2,México,99.43741051,105.48387366,106.08067237,98.90059424,97.84820567,Cifras definitivas
46,2022,2,Michoacán de Ocampo,98.26789826,104.31975391,106.15852761,99.17711244,97.84724804,Cifras definitivas
46,2022,2,Morelos,99.10947457,103.31284159,104.24113541,97.00765214,96.14197012,Cifras definitivas
46,2022,2,Nayarit,99.80420875,106.22543317,106.43382128,98.65384799,97.8635236,Cifras definitivas
46,2022,2,Nuevo León,102.16785301,106.00872671,103.75937596,98.73067765,98.10212007,Cifras definitivas
46,2022,2,Oaxaca,98.63048898,104.73345567,106.18770803,97.94658806,96.85948126,Cifras definitivas
46,2022,2,Puebla,98.7636275,104.34494769,105.65118995,97.73966395,96.90285468,Cifras definitivas
46,2022,2,Querétaro,98.71554285,104.39333549,105.75167038,97.34671065,96.75779572,Cifras definitivas
46,2022,2,Quintana Roo,99.01856483,100.1747092,101.16760364,95.33921842,96.11176863,Cifras definitivas
46,2022,2,San Luis Potosí,99.02015246,104.1055667,105.13573663,97.64472971,97.15720679,Cifras definitivas
46,2022,2,Sinaloa,102.05119719,105.50964831,103.38893733,97.57461024,97.08289383,Cifras definitivas
46,2022,2,Sonora,102.36116067,102.34968925,99.98879319,94.06134482,93.64807871,Cifras definitivas
46,2022,2,Tabasco,101.1601468,107.4252939,106.19329578,97.97818752,97.35040844,Cifras definitivas
46,2022,2,Tamaulipas,101.48295698,107.15056189,105.58478495,99.2183027,98.42283031,Cifras definitivas
46,2022,2,Tlaxcala,98.30750964,105.18101491,106.99184151,97.44425172,96.05895295,Cifras definitivas
46,2022,2,Veracruz de Ignacio de la Llave,100.16420103,106.96260867,106.78726288,98.86074393,97.88528231,Cifras definitivas
46,2022,2,Yucatán,100.03213305,106.44678191,106.4125883,98.99890388,98.62214265,Cifras definitivas
46,2022,2,Zacatecas,98.19398526,104.13654703,106.05185924,97.89910258,97.03198306,Cifras definitivas
46,2022,3,Aguascalientes,97.91373993,108.39823847,110.70789304,111.18149368,111.64345688,Cifras definitivas
46,2022,3,Baja California,101.34089289,109.1313856,107.68741274,111.39658542,112.28672035,Cifras definitivas
46,2022,3,Baja California Sur,99.11968203,105.27445224,106.20943296,105.89073606,107.70414684,Cifras definitivas
46,2022,3,Campeche,99.32874254,109.004106,109.74074896,109.39225739,111.28047088,Cifras definitivas
46,2022,3,Coahuila de Zaragoza,101.44706474,109.88538955,108.31795856,111.20020819,112.84214046,Cifras definitivas
46,2022,3,Colima,98.11759435,105.71664812,107.74484313,108.07883273,109.34676582,Cifras definitivas
46,2022,3,Chiapas,98.00472365,107.88132521,110.07767911,110.77935794,112.22464872,Cifras definitivas
46,2022,3,Chihuahua,100.89432692,111.47597597,110.48785335,113.02623869,114.04271971,Cifras definitivas
46,2022,3,Ciudad de México,98.66687233,108.58198658,110.04908133,112.41071347,110.29657306,Cifras definitivas
46,2022,3,Durango,100.24562523,109.19237379,108.92482693,111.70675644,113.52839041,Cifras definitivas
46,2022,3,Guanajuato,98.47090166,107.79110305,109.46492947,111.80343395,112.58574874,Cifras definitivas
46,2022,3,Guerrero,97.47712875,108.17236098,110.97204274,110.83531646,112.0989819,Cifras definitivas
46,2022,3,Hidalgo,98.30386623,109.05183676,110.93341589,112.3313925,113.37488467,Cifras definitivas
46,2022,3,Jalisco,98.23757778,108.32925854,110.27272963,111.48286547,111.6762526,Cifras definitivas
46,2022,3,México,98.97359726,109.10752002,110.2390163,112.0043532,112.91692218,Cifras definitivas
46,2022,3,Michoacán de Ocampo,97.74085089,107.42473358,109.90771269,112.08907997,113.07097173,Cifras definitivas
46,2022,3,Morelos,98.68635367,106.5855257,108.00432049,110.11268629,110.83059459,Cifras definitivas
46,2022,3,Nayarit,99.31925959,109.2934324,110.04253641,111.18376298,112.8534992,Cifras definitivas
46,2022,3,Nuevo León,101.88063133,109.20135663,107.18559083,112.26695639,113.07533632,Cifras definitivas
46,2022,3,Oaxaca,98.09783445,108.35141192,110.45239941,110.67946835,111.67998756,Cifras definitivas
46,2022,3,Puebla,98.31186893,107.66418427,109.51290566,110.98268686,111.43113575,Cifras definitivas
46,2022,3,Querétaro,98.22874425,107.43497537,109.37223741,110.56334168,111.28325934,Cifras definitivas
46,2022,3,Quintana Roo,98.48654622,103.08547905,104.66960515,107.7211611,109.46161119,Cifras definitivas
46,2022,3,San Luis Potosí,98.5404045,107.27769005,108.86670356,111.05733797,112.16958997,Cifras definitivas
46,2022,3,Sinaloa,101.86482696,108.85370864,106.86093708,110.96668195,112.18451242,Cifras definitivas
46,2022,3,Sonora,101.91483058,105.32201079,103.34316428,106.69393677,108.05884476,Cifras definitivas
46,2022,3,Tabasco,100.82905619,110.19302333,109.28697292,110.62057839,112.08984801,Cifras definitivas
46,2022,3,Tamaulipas,101.11212465,109.84440579,108.63623544,112.43615159,113.76734362,Cifras definitivas
46,2022,3,Tlaxcala,97.78390696,108.97312962,111.44280588,110.12895974,110.75416586,Cifras definitivas
46,2022,3,Veracruz de Ignacio de la Llave,99.72459767,110.22651613,110.53092086,111.86875874,112.91890871,Cifras definitivas
46,2022,3,Yucatán,99.58450572,109.37987872,109.83624202,112.30786533,113.46348061,Cifras definitivas
46,2022,3,Zacatecas,97.65087528,107.20363856,109.782568,110.58730759,112.21933659,Cifras definitivas
46,2022,4,Aguascalientes,97.47726389,111.85128069,114.74601997,106.44666205,105.7378479,Cifras definitivas
46,2022,4,Baja California,101.02302531,112.91562022,111.77216271,106.60094063,106.32908488,Cifras definitivas
46,2022,4,Baja California Sur,99.17488591,108.68934382,109.59361619,102.20905244,102.48399313,Cifras definitivas
46,2022,4,Campeche,99.15210577,112.44776559,113.40935698,105.77522396,106.02130662,Cifras definitivas
46,2022,4,Coahuila de Zaragoza,101.23776222,113.15899093,111.77547631,106.95224313,106.75008962,Cifras definitivas
46,2022,4,Colima,97.89720333,109.17994782,111.52509378,103.25318617,103.18842063,Cifras definitivas
46,2022,4,Chiapas,97.55280172,110.95167256,113.73499336,106.77541132,106.41046789,Cifras definitivas
46,2022,4,Chihuahua,100.63596366,114.57510445,113.85105313,108.4379256,108.06377676,Cifras definitivas
46,2022,4,Ciudad de México,98.03644115,108.6552903,110.83153267,106.33607727,103.946596,Cifras definitivas
46,2022,4,Durango,99.96669488,112.68018903,112.71772981,107.54087762,107.47805606,Cifras definitivas
46,2022,4,Guanajuato,98.07021562,110.75462548,112.93400833,107.22575205,106.58529256,Cifras definitivas
46,2022,4,Guerrero,96.9989001,110.4888097,113.907281,107.00402842,106.62298329,Cifras definitivas
46,2022,4,Hidalgo,97.99015469,111.84926631,114.14337151,107.76126823,107.39732806,Cifras definitivas
46,2022,4,Jalisco,97.74999373,110.43781024,112.97986427,106.88494647,105.83527661,Cifras definitivas
46,2022,4,México,98.49740878,111.29191875,112.98969194,107.87959348,106.87106884,Cifras definitivas
46,2022,4,Michoacán de Ocampo,97.33045891,110.37220924,113.39945427,107.40563866,106.73073533,Cifras definitivas
46,2022,4,Morelos,98.4706985,109.50099754,111.20160536,105.38591617,104.40096765,Cifras definitivas
46,2022,4,Nayarit,99.08012949,112.35691173,113.40004531,107.49680843,107.57028736,Cifras definitivas
46,2022,4,Nuevo León,101.61482207,112.58761747,110.79842013,107.08699995,106.48171579,Cifras definitivas
46,2022,4,Oaxaca,97.81089693,111.53660347,114.03290121,106.75455167,105.96955502,Cifras definitivas
46,2022,4,Puebla,97.9899949,110.10070987,112.3591342,105.91330336,105.20557899,Cifras definitivas
46,2022,4,Querétaro,97.92314292,110.48213563,112.82535705,106.29747622,105.72715415,Cifras definitivas
46,2022,4,Quintana Roo,98.40596676,105.4981341,107.20705011,103.46656039,104.18100884,Cifras definitivas
46,2022,4,San Luis Potosí,98.16408046,110.34960493,112.41342496,106.36370104,105.89299481,Cifras definitivas
46,2022,4,Sinaloa,101.47344947,112.15188451,110.52337838,106.73175786,106.43732596,Cifras definitivas
46,2022,4,Sonora,101.73112978,109.02534549,107.17009211,102.65242449,102.60289217,Cifras definitivas
46,2022,4,Tabasco,100.56179028,112.84353711,112.21313463,106.74733674,106.4860093,Cifras definitivas
46,2022,4,Tamaulipas,100.84277656,113.38045868,112.43290055,107.75749549,107.54754273,Cifras definitivas
46,2022,4,Tlaxcala,97.51251853,110.99128204,113.82259808,106.09490008,105.2325676,Cifras definitivas
46,2022,4,Veracruz de Ignacio de la Llave,99.42102696,112.71130652,113.36767479,107.7370148,107.20366799,Cifras definitivas
46,2022,4,Yucatán,99.33470621,112.64532156,113.39976314,107.45999779,107.26049025,Cifras definitivas
46,2022,4,Zacatecas,97.26293958,110.33908126,113.44411524,106.69179777,106.63390925,Cifras definitivas
46,2022,5,Aguascalientes,98.3487849,128.54897177,130.70722928,113.85165126,109.85998204,Cifras definitivas
46,2022,5,Baja California,101.64026024,128.84168247,126.76244843,114.35583256,110.90398098,Cifras definitivas
46,2022,5,Baja California Sur,100.09347858,126.54306035,126.42488017,110.18348696,106.78217578,Cifras definitivas
46,2022,5,Campeche,100.02396674,129.97819439,129.94705032,113.28913899,110.48658786,Cifras definitivas
46,2022,5,Coahuila de Zaragoza,102.14562856,131.19050041,128.43476736,114.72757842,111.2406348,Cifras definitivas
46,2022,5,Colima,98.80540806,126.0852585,127.60967337,110.47110229,107.57313273,Cifras definitivas
46,2022,5,Chiapas,98.49434762,127.91609136,129.87150476,113.80463779,110.59136701,Cifras definitivas
46,2022,5,Chihuahua,101.46261022,131.18373312,129.29268509,116.61595533,112.49978648,Cifras definitivas
46,2022,5,Ciudad de México,98.94861236,124.27450053,125.59499074,115.21441937,107.6431725,Cifras definitivas
46,2022,5,Durango,100.86732074,129.46712821,128.35388832,114.83230238,111.82968169,Cifras definitivas
46,2022,5,Guanajuato,99.02415155,129.0580359,130.3298578,114.57460947,110.75602101,Cifras definitivas
46,2022,5,Guerrero,98.06540433,128.77646344,131.31691479,114.21929871,110.54532068,Cifras definitivas
46,2022,5,Hidalgo,98.8693313,128.87609825,130.34992404,115.09942362,111.54874237,Cifras definitivas
46,2022,5,Jalisco,98.68424115,130.13103827,131.86607786,114.53314282,109.89180368,Cifras definitivas
46,2022,5,México,99.47221584,131.22754908,131.92382212,115.56672255,111.27704004,Cifras definitivas
46,2022,5,Michoacán de Ocampo,98.2720945,127.33714082,129.57609326,114.59836026,111.05347835,Cifras definitivas
46,2022,5,Morelos,99.32148999,126.99285905,127.86040469,112.6901987,108.81497464,Cifras definitivas
46,2022,5,Nayarit,99.89952634,131.36626026,131.4983815,114.49775073,111.65099676,Cifras definitivas
46,2022,5,Nuevo León,102.53370994,129.89771821,126.68781641,115.21915338,111.26056023,Cifras definitivas
46,2022,5,Oaxaca,98.84140947,131.11761043,132.65453329,113.82734881,110.10313084,Cifras definitivas
46,2022,5,Puebla,98.92409164,128.11082087,129.50416703,113.17383299,109.11726287,Cifras definitivas
46,2022,5,Querétaro,98.81831144,128.02121464,129.55211719,113.90214408,110.12300222,Cifras definitivas
46,2022,5,Quintana Roo,99.49136238,121.78678904,122.40940935,111.94655034,108.53459905,Cifras definitivas
46,2022,5,San Luis Potosí,99.024498,127.15852731,128.41118095,113.66635952,110.54649815,Cifras definitivas
46,2022,5,Sinaloa,102.33460847,131.5760613,128.57435355,114.20994326,110.62266639,Cifras definitivas
46,2022,5,Sonora,102.45475727,126.13647137,123.1143138,110.11629894,106.80688639,Cifras definitivas
46,2022,5,Tabasco,101.41843736,130.40603436,128.58217673,114.616311,110.65286056,Cifras definitivas
46,2022,5,Tamaulipas,101.52380598,130.78409695,128.82111312,115.62344458,112.0913703,Cifras definitivas
46,2022,5,Tlaxcala,98.48597704,130.70586448,132.71520313,112.99156767,108.81516386,Cifras definitivas
46,2022,5,Veracruz de Ignacio de la Llave,100.29316706,132.01736696,131.63146686,115.34440771,111.34534807,Cifras definitivas
46,2022,5,Yucatán,100.28193257,130.54379658,130.17678582,115.19808907,111.59373713,Cifras definitivas
46,2022,5,Zacatecas,98.20442968,128.12794979,130.47064191,113.67134366,110.7034682,Cifras definitivas
46,2022,6,Aguascalientes,98.33733635,113.10061603,115.0128936,111.07844436,110.16605339,Cifras definitivas
46,2022,6,Baja California,101.80620169,114.04884529,112.0254399,111.26284521,110.74284344,Cifras definitivas
46,2022,6,Baja California Sur,100.30104519,110.12277142,109.79224714,106.54858001,106.57535958,Cifras definitivas
46,2022,6,Campeche,99.86997571,113.40951331,113.55716521,109.34244731,109.74012157,Cifras definitivas
46,2022,6,Coahuila de Zaragoza,102.14362885,114.24300063,111.84544931,111.20524068,110.76190838,Cifras definitivas
46,2022,6,Colima,98.79814242,110.14229429,111.48215097,107.84757547,107.47553644,Cifras definitivas
46,2022,6,Chiapas,98.25908682,112.13623373,114.12301636,110.32650031,110.24462234,Cifras definitivas
46,2022,6,Chihuahua,101.58020605,116.28129052,114.47239087,113.08748446,112.00268305,Cifras definitivas
46,2022,6,Ciudad de México,98.59840648,111.71714154,113.30522016,113.02649158,109.33070198,Cifras definitivas
46,2022,6,Durango,100.83401563,113.73826797,112.79751903,111.24920998,111.22794255,Cifras definitivas
46,2022,6,Guanajuato,99.00141525,112.32355233,113.45651175,111.67622446,111.01362714,Cifras definitivas
46,2022,6,Guerrero,97.96690554,111.99583784,114.32007291,110.53361966,110.27720578,Cifras definitivas
46,2022,6,Hidalgo,98.79168769,113.43430078,114.82170558,111.99502384,111.36597423,Cifras definitivas
46,2022,6,Jalisco,98.66410558,112.12797434,113.64616715,111.63518036,110.47439013,Cifras definitivas
46,2022,6,México,99.08304068,112.72055616,113.76372322,112.0321925,111.18059583,Cifras definitivas
46,2022,6,Michoacán de Ocampo,98.18397352,111.78001221,113.8475132,111.53671748,110.98337323,Cifras definitivas
46,2022,6,Morelos,99.23322606,110.75399438,111.60978916,109.90378739,108.90898981,Cifras definitivas
46,2022,6,Nayarit,99.89283738,113.50756139,113.62932956,110.66574957,110.99389567,Cifras definitivas
46,2022,6,Nuevo León,102.59610128,113.94340857,111.06017397,112.45345897,111.4755633,Cifras definitivas
46,2022,6,Oaxaca,98.58766249,112.60844383,114.22163888,110.24838287,110.00922542,Cifras definitivas
46,2022,6,Puebla,98.74376651,111.4801302,112.89839768,110.8856316,109.7787937,Cifras definitivas
46,2022,6,Querétaro,98.8201144,112.06660315,113.40464826,111.06534672,110.47043252,Cifras definitivas
46,2022,6,Quintana Roo,99.64669628,107.66688687,108.04862669,108.69273257,109.03793357,Cifras definitivas
46,2022,6,San Luis Potosí,98.98017346,111.64099167,112.79126695,110.93307976,110.48258648,Cifras definitivas
46,2022,6,Sinaloa,102.35324549,113.32210284,110.71666785,110.90400408,110.60976281,Cifras definitivas
46,2022,6,Sonora,102.57210227,110.08925402,107.32865134,106.71786477,106.36092304,Cifras definitivas
46,2022,6,Tabasco,101.31472223,114.13378422,112.65271395,110.67776497,110.10777066,Cifras definitivas
46,2022,6,Tamaulipas,101.68464891,114.57017954,112.67205106,112.35819612,111.68594634,Cifras definitivas
46,2022,6,Tlaxcala,98.27211115,112.38976244,114.36587769,109.55539148,108.68652885,Cifras definitivas
46,2022,6,Veracruz de Ignacio de la Llave,100.19658976,114.07993916,113.85610971,111.77634796,111.14125627,Cifras definitivas
46,2022,6,Yucatán,100.16876835,113.70461614,113.51304205,112.27049109,111.88336672,Cifras definitivas
46,2022,6,Zacatecas,98.14922344,111.58227597,113.68635641,110.11340804,110.18096813,Cifras definitivas
46,2022,7,Aguascalientes,98.10836531,113.84236566,116.03736878,111.60352494,108.81975327,Cifras definitivas
46,2022,7,Baja California,101.93794575,115.21545578,113.02509084,111.97820566,109.45121146,Cifras definitivas
46,2022,7,Baja California Sur,100.08685411,112.71768985,112.61987486,107.67884965,105.13162993,Cifras definitivas
46,2022,7,Campeche,99.71824926,116.24923277,116.57769128,110.70045396,108.6110875,Cifras definitivas
46,2022,7,Coahuila de Zaragoza,102.0283125,116.86722015,114.54391167,112.10729438,109.0736004,Cifras definitivas
46,2022,7,Colima,98.64314215,111.65107301,113.18685777,108.03434926,105.73676404,Cifras definitivas
46,2022,7,Chiapas,98.15452647,113.70755094,115.84544802,111.22347873,109.03472816,Cifras definitivas
46,2022,7,Chihuahua,101.49273329,117.45638687,115.7288636,113.78844299,110.7050077,Cifras definitivas
46,2022,7,Ciudad de México,98.3468096,111.52828704,113.40305547,113.60533635,107.2194518,Cifras definitivas
46,2022,7,Durango,100.69801973,115.26314097,114.46415856,111.95905299,110.01543998,Cifras definitivas
46,2022,7,Guanajuato,98.82743315,113.21203335,114.55527048,111.95275536,109.3411615,Cifras definitivas
46,2022,7,Guerrero,97.78077677,114.20118113,116.7930803,111.45817578,108.97245324,Cifras definitivas
46,2022,7,Hidalgo,98.68110437,114.23447459,115.76124459,112.49381502,110.0506558,Cifras definitivas
46,2022,7,Jalisco,98.44066564,114.06477119,115.87159681,111.82792452,108.13462377,Cifras definitivas
46,2022,7,México,98.96702292,115.43893874,116.6438429,112.58730919,108.76593529,Cifras definitivas
46,2022,7,Michoacán de Ocampo,97.99933909,112.46461687,114.76058708,111.68281289,109.376482,Cifras definitivas
46,2022,7,Morelos,99.20046831,112.21526353,113.11969131,110.30783386,106.96478692,Cifras definitivas
46,2022,7,Nayarit,99.78581412,115.91559955,116.16440731,111.46525961,109.80029906,Cifras definitivas
46,2022,7,Nuevo León,102.43993833,115.22908979,112.48453647,112.57872642,109.28584203,Cifras definitivas
46,2022,7,Oaxaca,98.47256628,114.97719929,116.76064069,110.70081587,107.99357431,Cifras definitivas
46,2022,7,Puebla,98.63468873,112.8562668,114.41843458,111.25201688,107.92807363,Cifras definitivas
46,2022,7,Querétaro,98.63080383,112.97933056,114.54771347,111.94141919,109.04251784,Cifras definitivas
46,2022,7,Quintana Roo,99.44282054,109.02687745,109.63775651,109.75703581,108.07832102,Cifras definitivas
46,2022,7,San Luis Potosí,98.85762914,112.61907867,113.92047296,111.33553499,108.78820791,Cifras definitivas
46,2022,7,Sinaloa,102.24463663,115.73508644,113.19428603,111.40403719,108.84068713,Cifras definitivas
46,2022,7,Sonora,102.53717817,112.04581322,109.27335355,107.45158422,105.06377628,Cifras definitivas
46,2022,7,Tabasco,101.2159934,117.12175556,115.71467278,112.22100137,108.83572633,Cifras definitivas
46,2022,7,Tamaulipas,101.84166226,116.25381761,114.15153193,112.87659167,110.16089879,Cifras definitivas
46,2022,7,Tlaxcala,98.16001593,114.97967491,117.13493913,110.21232018,106.99360634,Cifras definitivas
46,2022,7,Veracruz de Ignacio de la Llave,100.10884575,116.76846385,116.64150453,112.61887942,109.28425777,Cifras definitivas
46,2022,7,Yucatán,100.01788274,115.65437941,115.63370094,112.73701445,110.23199049,Cifras definitivas
46,2022,7,Zacatecas,97.95376354,113.0068653,115.36755834,110.65118787,109.10040692,Cifras definitivas
46,2022,8,Aguascalientes,98.03394973,110.85640762,113.07960959,113.28236278,111.86960189,Cifras definitivas
46,2022,8,Baja California,101.8022774,112.44139553,110.45076633,113.24951616,112.01049472,Cifras definitivas
46,2022,8,Baja California Sur,100.03165023,109.27516955,109.24059465,108.56085284,108.01430287,Cifras definitivas
46,2022,8,Campeche,99.63898917,112.68403892,113.09231442,111.88913583,111.40230965,Cifras definitivas
46,2022,8,Coahuila de Zaragoza,101.98631868,113.48784344,111.27751733,113.35551549,112.24002272,Cifras definitivas
46,2022,8,Colima,98.53657946,108.78732485,110.40298481,109.81530304,108.79338817,Cifras definitivas
46,2022,8,Chiapas,98.00371826,110.9502146,113.21020934,113.01983999,111.82565019,Cifras definitivas
46,2022,8,Chihuahua,101.44986585,114.08872523,112.45823173,114.75477334,113.15376309,Cifras definitivas
46,2022,8,Ciudad de México,98.3677129,107.78449316,109.57303975,114.52623971,110.33147192,Cifras definitivas
46,2022,8,Durango,100.62447093,112.51770548,111.81942567,113.61992985,112.74962999,Cifras definitivas
46,2022,8,Guanajuato,98.72462555,110.3561957,111.78183263,113.9940773,112.55276171,Cifras definitivas
46,2022,8,Guerrero,97.65442659,110.72761561,113.38719552,113.01140243,111.53936087,Cifras definitivas
46,2022,8,Hidalgo,98.56738393,111.2706974,112.88794829,114.21065041,112.76093368,Cifras definitivas
46,2022,8,Jalisco,98.33370892,110.0698698,111.93503327,113.49950981,111.61946944,Cifras definitivas
46,2022,8,México,98.90785385,111.29137114,112.52025679,113.99359024,112.39995211,Cifras definitivas
46,2022,8,Michoacán de Ocampo,97.84114096,109.84072568,112.26435485,113.76679534,112.26211553,Cifras definitivas
46,2022,8,Morelos,99.21502731,109.3344424,110.19947821,112.09806082,110.40231986,Cifras definitivas
46,2022,8,Nayarit,99.70889115,112.39406601,112.72221034,113.22634,112.5935021,Cifras definitivas
46,2022,8,Nuevo León,102.435139,112.10099925,109.43607862,113.80676867,112.44296742,Cifras definitivas
46,2022,8,Oaxaca,98.35158144,111.37349294,113.24016483,112.6842892,111.43492081,Cifras definitivas
46,2022,8,Puebla,98.54358041,109.64965585,111.27021709,112.92433486,111.31196401,Cifras definitivas
46,2022,8,Querétaro,98.53073968,110.01103987,111.65149092,113.35803432,112.02939879,Cifras definitivas
46,2022,8,Quintana Roo,99.32340761,105.9566398,106.67841786,110.20953271,110.04068144,Cifras definitivas
46,2022,8,San Luis Potosí,98.79505332,109.81496036,111.15431053,113.19788098,111.98344975,Cifras definitivas
46,2022,8,Sinaloa,102.26391631,112.22473263,109.74030399,113.05558023,112.13445642,Cifras definitivas
46,2022,8,Sonora,102.52670093,108.84274006,106.16038463,108.55267849,107.69314684,Cifras definitivas
46,2022,8,Tabasco,101.09831662,113.53597086,112.30253347,113.00634566,111.68433837,Cifras definitivas
46,2022,8,Tamaulipas,101.81932296,113.22403815,111.20093403,114.25461652,112.9940386,Cifras definitivas
46,2022,8,Tlaxcala,98.01399715,110.81185106,113.05716967,111.89825161,110.17447029,Cifras definitivas
46,2022,8,Veracruz de Ignacio de la Llave,99.99931297,112.88756387,112.88833945,114.20341174,112.6797205,Cifras definitivas
46,2022,8,Yucatán,100.01620623,112.43648946,112.4182707,113.92491904,113.34114014,Cifras definitivas
46,2022,8,Zacatecas,97.83589077,110.01551392,112.44903384,112.51225001,111.71282852,Cifras definitivas
46,2022,9,Aguascalientes,98.43751118,110.83074799,112.58995342,109.0009563,108.44077046,Cifras definitivas
46,2022,9,Baja California,102.2462829,112.48858427,110.01728481,109.03180564,109.31472879,Cifras definitivas
46,2022,9,Baja California Sur,100.31208597,109.12456567,108.78506275,104.34016038,105.5709006,Cifras definitivas
46,2022,9,Campeche,100.31156763,112.80846011,112.45807714,107.46294891,108.96513757,Cifras definitivas
46,2022,9,Coahuila de Zaragoza,102.57956468,113.47389389,110.6203699,109.10458607,109.90384688,Cifras definitivas
46,2022,9,Colima,99.02095531,108.60227367,109.67605123,105.83846031,105.94136841,Cifras definitivas
46,2022,9,Chiapas,98.81255294,110.74337809,112.07419988,108.90844388,109.3379804,Cifras definitivas
46,2022,9,Chihuahua,101.96253733,114.50904472,112.30501684,110.18591165,110.37350494,Cifras definitivas
46,2022,9,Ciudad de México,98.74972814,108.52276715,109.89677561,111.14292569,108.20133258,Cifras definitivas
46,2022,9,Durango,101.2211876,112.45788579,111.10113254,109.38858611,110.05490291,Cifras definitivas
46,2022,9,Guanajuato,99.24756038,109.90732755,110.74058358,109.69219758,109.47573796,Cifras definitivas
46,2022,9,Guerrero,98.32150121,110.5494207,112.43666883,109.04814046,109.35739971,Cifras definitivas
46,2022,9,Hidalgo,99.08579227,111.26723868,112.29383762,110.00535274,109.84881719,Cifras definitivas
46,2022,9,Jalisco,98.78210438,110.05937971,111.41631412,109.90114798,109.06527211,Cifras definitivas
46,2022,9,México,99.50173592,111.20097311,111.75782219,110.30304134,110.33421819,Cifras definitivas
46,2022,9,Michoacán de Ocampo,98.43574774,109.59033155,111.33184241,109.61423483,109.5412223,Cifras definitivas
46,2022,9,Morelos,99.70730346,108.91900246,109.23874047,108.11819157,107.7566714,Cifras definitivas
46,2022,9,Nayarit,100.25905761,112.35940866,112.06908517,108.9554342,109.83374848,Cifras definitivas
46,2022,9,Nuevo León,102.85526532,111.99270442,108.88378351,109.79530488,109.75727883,Cifras definitivas
46,2022,9,Oaxaca,99.13048832,110.99003463,111.96357096,108.64800653,108.86057287,Cifras definitivas
46,2022,9,Puebla,99.15485735,109.41897452,110.35160298,109.23753112,108.40634694,Cifras definitivas
46,2022,9,Querétaro,98.85797651,109.63520824,110.90173207,109.2911829,109.00232724,Cifras definitivas
46,2022,9,Quintana Roo,99.57097101,105.63262007,106.08776735,106.20749152,107.53945832,Cifras definitivas
46,2022,9,San Luis Potosí,99.3373771,109.77947155,110.5117477,109.25839238,109.10088192,Cifras definitivas
46,2022,9,Sinaloa,102.81210185,111.8512391,108.79190007,108.59219057,109.15323075,Cifras definitivas
46,2022,9,Sonora,103.01005058,108.76160844,105.58349193,104.24705146,104.86229606,Cifras definitivas
46,2022,9,Tabasco,101.82631705,113.77611444,111.73547049,108.74472741,109.77044705,Cifras definitivas
46,2022,9,Tamaulipas,102.34525383,113.15503883,110.56207747,109.77263854,110.32677847,Cifras definitivas
46,2022,9,Tlaxcala,98.75146572,110.92049828,112.32288804,108.18068687,107.75263706,Cifras definitivas
46,2022,9,Veracruz de Ignacio de la Llave,100.67594293,112.97837444,112.21983242,110.1115784,110.37187504,Cifras definitivas
46,2022,9,Yucatán,100.53592335,112.00089377,111.4038545,109.59776608,110.21851855,Cifras definitivas
46,2022,9,Zacatecas,98.41033401,109.84711569,111.62152511,108.20090523,108.68096674,Cifras definitivas
46,2022,10,Aguascalientes,98.87684936,112.84939038,114.13125632,113.01231297,116.35097584,Cifras definitivas
46,2022,10,Baja California,102.35560244,113.97511099,111.35209825,112.66531586,117.13327257,Cifras definitivas
46,2022,10,Baja California Sur,100.68084793,111.11019143,110.35881572,107.95176036,113.7443979,Cifras definitivas
46,2022,10,Campeche,100.6965452,114.45432382,113.66261235,110.99210708,116.83968363,Cifras definitivas
46,2022,10,Coahuila de Zaragoza,103.03149814,115.35267724,111.95865276,112.8646974,118.15105105,Cifras definitivas
46,2022,10,Colima,99.35033089,110.72468258,111.44873056,109.37865437,113.33303157,Cifras definitivas
46,2022,10,Chiapas,99.15287679,112.15837748,113.11661458,112.67903276,116.8203834,Cifras definitivas
46,2022,10,Chihuahua,102.29910471,116.55069494,113.93129517,114.03956977,118.38453917,Cifras definitivas
46,2022,10,Ciudad de México,99.6023704,111.0489476,111.49227388,115.51468797,117.73928829,Cifras definitivas
46,2022,10,Durango,101.56672819,113.93772417,112.18016589,113.01502669,117.37130335,Cifras definitivas
46,2022,10,Guanajuato,99.63275938,111.42125913,111.83195148,113.81167915,117.24211578,Cifras definitivas
46,2022,10,Guerrero,98.71549641,112.16304473,113.62253021,112.92269134,116.99151257,Cifras definitivas
46,2022,10,Hidalgo,99.45832473,113.10642301,113.72242929,113.95902719,117.45222745,Cifras definitivas
46,2022,10,Jalisco,99.20192031,112.02747088,112.92873216,113.7552247,117.20991524,Cifras definitivas
46,2022,10,México,100.14125163,113.20783143,113.04814908,114.45595071,118.63350443,Cifras definitivas
46,2022,10,Michoacán de Ocampo,98.73871606,110.89142245,112.30794452,113.52339662,116.80988962,Cifras definitivas
46,2022,10,Morelos,100.23870692,110.92091206,110.6567667,112.45669327,115.85842915,Cifras definitivas
46,2022,10,Nayarit,100.61357217,113.66838497,112.97520058,112.66728618,117.25443018,Cifras definitivas
46,2022,10,Nuevo León,103.47401022,114.15146742,110.31897496,113.69177648,117.92845935,Cifras definitivas
46,2022,10,Oaxaca,99.5678539,112.7834144,113.2729189,112.5988856,116.4326956,Cifras definitivas
46,2022,10,Puebla,99.63656502,111.71043168,112.11790737,113.22611724,116.614816,Cifras definitivas
46,2022,10,Querétaro,99.27536123,111.41876155,112.23203841,113.41640177,117.14284428,Cifras definitivas
46,2022,10,Quintana Roo,100.02726434,107.36632412,107.33705938,110.29252912,115.98482607,Cifras definitivas
46,2022,10,San Luis Potosí,99.74325083,111.41787767,111.7046785,113.20056351,116.97620397,Cifras definitivas
46,2022,10,Sinaloa,103.65205321,113.78926417,109.78003874,112.57253435,117.19511956,Cifras definitivas
46,2022,10,Sonora,103.39351727,110.70986134,107.07621161,107.90940679,112.39235965,Cifras definitivas
46,2022,10,Tabasco,102.30201048,115.56625086,112.96576706,112.36848185,118.29920747,Cifras definitivas
46,2022,10,Tamaulipas,102.60183661,114.71875766,111.80965317,113.42963815,118.08724855,Cifras definitivas
46,2022,10,Tlaxcala,99.16297318,112.93421847,113.88748728,112.23000563,115.64749315,Cifras definitivas
46,2022,10,Veracruz de Ignacio de la Llave,101.05518548,114.72779432,113.52984389,113.86541911,118.61103704,Cifras definitivas
46,2022,10,Yucatán,101.13024502,114.42369172,113.14487738,113.56667018,118.28264019,Cifras definitivas
46,2022,10,Zacatecas,98.75798408,111.16461377,112.56265993,111.96970334,115.72530915,Cifras definitivas
46,2022,11,Aguascalientes,99.46788085,113.81482738,114.42369779,122.23081689,117.86537907,Cifras definitivas
46,2022,11,Baja California,102.74634971,115.65263813,112.56131089,121.62981505,118.56334087,Cifras definitivas
46,2022,11,Baja California Sur,101.08273222,113.44470893,112.22956329,118.4980595,115.82630324,Cifras definitivas
46,2022,11,Campeche,101.2536304,116.92264547,115.47501557,120.75423467,118.2013043,Cifras definitivas
46,2022,11,Coahuila de Zaragoza,103.54008993,117.76895496,113.74237268,123.3555411,119.74039047,Cifras definitivas
46,2022,11,Colima,99.78869103,112.21514764,112.45277043,118.43390033,115.01912186,Cifras definitivas
46,2022,11,Chiapas,99.80436824,114.26785381,114.4918362,121.92180905,118.66260043,Cifras definitivas
46,2022,11,Chihuahua,102.71387621,118.1746669,115.05229017,123.8521134,119.25697718,Cifras definitivas
46,2022,11,Ciudad de México,100.16433573,112.31977855,112.13549986,128.4155436,120.61209202,Cifras definitivas
46,2022,11,Durango,102.10377319,115.9009313,113.51287781,121.95847764,118.81947209,Cifras definitivas
46,2022,11,Guanajuato,100.34878797,113.17874363,112.78536186,123.71294692,119.32536812,Cifras definitivas
46,2022,11,Guerrero,99.31599943,114.72119042,115.51128829,123.1722251,119.46103589,Cifras definitivas
46,2022,11,Hidalgo,100.02457407,114.66612291,114.6379517,123.08969817,118.92026181,Cifras definitivas
46,2022,11,Jalisco,99.87527129,114.11528149,114.25779376,125.37468115,120.17504429,Cifras definitivas
46,2022,11,México,100.69517202,115.75207815,114.95295735,126.66539809,121.41932757,Cifras definitivas
46,2022,11,Michoacán de Ocampo,99.39542715,112.66028822,113.34554461,122.98276696,118.74243195,Cifras definitivas
46,2022,11,Morelos,100.819247,112.6941841,111.77844256,122.6920147,118.00245977,Cifras definitivas
46,2022,11,Nayarit,101.22561145,116.14381383,114.73757695,121.83113845,118.79074275,Cifras definitivas
46,2022,11,Nuevo León,104.05915979,115.71916505,111.20516952,124.41800989,120.11530362,Cifras definitivas
46,2022,11,Oaxaca,100.31410558,114.85788228,114.49823693,122.83459228,118.85482772,Cifras definitivas
46,2022,11,Puebla,100.28693342,113.37512623,113.05074586,123.41702334,119.08963505,Cifras definitivas
46,2022,11,Querétaro,99.8099382,113.03539584,113.25064205,123.61199413,119.47401781,Cifras definitivas
46,2022,11,Quintana Roo,100.60976646,109.78971973,109.12431625,121.46260057,119.48850523,Cifras definitivas
46,2022,11,San Luis Potosí,100.33685202,113.06700391,112.68741408,122.65980296,118.63361249,Cifras definitivas
46,2022,11,Sinaloa,104.64495668,115.92690697,110.78116963,122.97781486,119.24031821,Cifras definitivas
46,2022,11,Sonora,103.88245477,112.42749586,108.22568268,116.98700959,113.68783608,Cifras definitivas
46,2022,11,Tabasco,102.98912321,118.36746517,114.93200591,123.33676361,119.87354516,Cifras definitivas
46,2022,11,Tamaulipas,102.90884237,116.85895,113.55579104,123.29061612,119.45250501,Cifras definitivas
46,2022,11,Tlaxcala,99.7794969,115.24302314,115.49769915,122.33740649,117.65773705,Cifras definitivas
46,2022,11,Veracruz de Ignacio de la Llave,101.72092106,117.2755523,115.29147699,124.83718456,120.5585553,Cifras definitivas
46,2022,11,Yucatán,101.90143816,116.23344418,114.06457679,124.22650597,120.83565643,Cifras definitivas
46,2022,11,Zacatecas,99.38912562,113.14359127,113.83900458,120.79482094,117.27101972,Cifras definitivas
46,2022,12,Aguascalientes,99.16020102,139.0707181,140.24852377,134.8810033,124.61048421,Cifras definitivas
46,2022,12,Baja California,102.06912919,139.20430939,136.38238172,134.85686387,122.7069674,Cifras definitivas
46,2022,12,Baja California Sur,100.92374503,134.93113526,133.69612396,133.01670025,119.67917753,Cifras definitivas
46,2022,12,Campeche,100.87771112,139.15416584,137.94342109,135.50036996,122.30134343,Cifras definitivas
46,2022,12,Coahuila de Zaragoza,103.21347135,140.29162091,135.92375014,137.67931894,123.95163311,Cifras definitivas
46,2022,12,Colima,99.42056539,135.65471213,136.44532356,131.07869895,120.19836878,Cifras definitivas
46,2022,12,Chiapas,99.25793984,137.60038219,138.62909346,137.55497759,124.52181843,Cifras definitivas
46,2022,12,Chihuahua,102.32053843,142.31485113,139.08727741,136.74190482,124.42194652,Cifras definitivas
46,2022,12,Ciudad de México,99.77459536,136.47661905,136.78493865,143.96278009,128.40615496,Cifras definitivas
46,2022,12,Durango,101.75823261,139.61246051,137.20016251,136.07808025,124.07148586,Cifras definitivas
46,2022,12,Guanajuato,100.05717025,137.76652121,137.68780475,138.03738311,126.0259122,Cifras definitivas
46,2022,12,Guerrero,98.95325213,137.58333013,139.03871492,140.60675227,125.92466877,Cifras definitivas
46,2022,12,Hidalgo,99.56028098,139.21511559,139.82997458,137.18979962,125.45030082,Cifras definitivas
46,2022,12,Jalisco,99.59618788,138.06505062,138.6248345,140.45410726,127.02332758,Cifras definitivas
46,2022,12,México,100.26938681,138.74375341,138.37100019,141.94632524,127.10894005,Cifras definitivas
46,2022,12,Michoacán de Ocampo,99.0085341,136.95193405,138.32336303,137.31898996,125.35439793,Cifras definitivas
46,2022,12,Morelos,100.29148329,136.15262497,135.75691624,136.73885169,123.96212359,Cifras definitivas
46,2022,12,Nayarit,100.83765212,139.76119138,138.60020383,136.93444958,124.34161058,Cifras definitivas
46,2022,12,Nuevo León,103.81623965,139.60951003,134.47752539,137.25872046,125.14931964,Cifras definitivas
46,2022,12,Oaxaca,99.85211476,138.61717641,138.82247436,137.67355981,124.79076825,Cifras definitivas
46,2022,12,Puebla,99.81121557,137.27949378,137.53914627,138.04827017,125.82907433,Cifras definitivas
46,2022,12,Querétaro,99.54850933,137.24679033,137.86925716,138.27997911,125.96207639,Cifras definitivas
46,2022,12,Quintana Roo,100.54472039,131.12083626,130.41046387,139.23327508,125.35058984,Cifras definitivas
46,2022,12,San Luis Potosí,99.93880027,137.07462581,137.15856648,136.11072146,124.9959244,Cifras definitivas
46,2022,12,Sinaloa,104.48172206,139.59521367,133.60730558,137.51319517,125.0538997,Cifras definitivas
46,2022,12,Sonora,103.51575165,135.1455112,130.55550392,129.55437361,118.03252905,Cifras definitivas
46,2022,12,Tabasco,102.60318326,140.04789635,136.49468944,139.39620358,123.58281038,Cifras definitivas
46,2022,12,Tamaulipas,102.14994455,140.11637402,137.16735201,136.44771157,123.60775196,Cifras definitivas
46,2022,12,Tlaxcala,99.23819497,138.70704783,139.77183671,137.69618734,124.13609271,Cifras definitivas
46,2022,12,Veracruz de Ignacio de la Llave,101.27395662,140.3035484,138.5386264,140.07471027,125.64217764,Cifras definitivas
46,2022,12,Yucatán,101.62565279,140.00632292,137.76671448,138.71668706,126.45687185,Cifras definitivas
46,2022,12,Zacatecas,99.06534851,137.30498459,138.60041544,135.16111662,123.77325378,Cifras definitivas
46,2023,1,Aguascalientes,98.05833767,115.36861858,117.6530434,111.8290723,110.2769829,Cifras definitivas
46,2023,1,Baja California,101.2093634,118.47490617,117.05923463,112.66320036,109.98086049,Cifras definitivas
46,2023,1,Baja California Sur,99.61340056,114.39625956,114.84023125,107.80241372,106.30205541,Cifras definitivas
46,2023,1,Campeche,99.81154858,118.35244224,118.57590021,111.17132807,108.87620829,Cifras definitivas
46,2023,1,Coahuila de Zaragoza,101.74932434,119.08633083,117.03894016,112.65991598,110.35933101,Cifras definitivas
46,2023,1,Colima,98.54184923,113.46942938,115.14846765,108.62808494,107.00798423,Cifras definitivas
46,2023,1,Chiapas,98.52826922,116.16305538,117.89819947,112.34730701,110.18379033,Cifras definitivas
46,2023,1,Chihuahua,101.15449186,119.81965411,118.45213387,113.80891925,110.99140252,Cifras definitivas
46,2023,1,Ciudad de México,98.3453441,115.32249192,117.26278755,114.92997771,111.50039784,Cifras definitivas
46,2023,1,Durango,100.76650917,117.79267107,116.89664755,112.63589437,110.5383555,Cifras definitivas
46,2023,1,Guanajuato,98.71520892,114.64931167,116.14148714,112.73424203,110.9483834,Cifras definitivas
46,2023,1,Guerrero,98.05873199,116.16517975,118.46490098,112.61320077,110.45844997,Cifras definitivas
46,2023,1,Hidalgo,98.6670037,116.23126245,117.80155279,113.11307668,111.14418547,Cifras definitivas
46,2023,1,Jalisco,98.3478494,115.09946213,117.03302394,112.8159507,110.97211346,Cifras definitivas
46,2023,1,México,99.15096075,116.37472442,117.37125242,113.76239718,111.40406046,Cifras definitivas
46,2023,1,Michoacán de Ocampo,98.0706856,114.66689884,116.92270543,112.92553366,110.63782645,Cifras definitivas
46,2023,1,Morelos,99.23083901,113.94869245,114.8319349,111.43819194,109.46006137,Cifras definitivas
46,2023,1,Nayarit,99.66356492,117.35987545,117.7560481,112.11439751,110.0823339,Cifras definitivas
46,2023,1,Nuevo León,102.01100567,117.4334759,115.11843759,113.25088029,111.19390033,Cifras definitivas
46,2023,1,Oaxaca,98.98867573,115.57088623,116.75162374,111.71173345,109.8167562,Cifras definitivas
46,2023,1,Puebla,98.84447971,114.76958066,116.11126994,112.01453132,110.80266645,Cifras definitivas
46,2023,1,Querétaro,98.34647745,114.60533678,116.53222337,112.53198228,111.02657254,Cifras definitivas
46,2023,1,Quintana Roo,98.90256246,111.93218693,113.17420312,110.23672976,109.82557715,Cifras definitivas
46,2023,1,San Luis Potosí,98.85544518,114.58312261,115.90977351,112.22546781,110.81747862,Cifras definitivas
46,2023,1,Sinaloa,101.55704315,116.60623653,114.81846351,111.74944607,110.1997196,Cifras definitivas
46,2023,1,Sonora,102.10144713,113.57695673,111.23932121,107.40171622,105.40363479,Cifras definitivas
46,2023,1,Tabasco,100.93279352,120.28870367,119.17702807,112.92249548,109.72843663,Cifras definitivas
46,2023,1,Tamaulipas,101.27761731,118.75285557,117.2547881,113.34364962,110.44864537,Cifras definitivas
46,2023,1,Tlaxcala,98.54574321,115.84343466,117.55295651,111.01128103,109.06776449,Cifras definitivas
46,2023,1,Veracruz de Ignacio de la Llave,100.05961931,118.47257882,118.40198837,113.44520995,110.90816389,Cifras definitivas
46,2023,1,Yucatán,100.03106982,117.63307821,117.59654118,113.06444935,111.4944595,Cifras definitivas
46,2023,1,Zacatecas,98.03987533,114.40586114,116.69319321,111.15713969,109.40576251,Cifras definitivas
46,2023,2,Aguascalientes,97.8445381,114.03130195,116.54334944,102.98502612,104.75257997,Cifras definitivas
46,2023,2,Baja California,101.2095298,116.03364893,114.64695979,103.9852127,105.09268351,Cifras definitivas
46,2023,2,Baja California Sur,99.4050989,112.30199896,112.97408302,98.99129215,101.67835755,Cifras definitivas
46,2023,2,Campeche,99.51423026,116.12893865,116.69581159,102.17837255,104.12828223,Cifras definitivas
46,2023,2,Coahuila de Zaragoza,101.58014443,116.83241687,115.01501354,103.32624651,105.57600617,Cifras definitivas
46,2023,2,Colima,98.4290943,111.95603445,113.742827,100.10440314,101.76006112,Cifras definitivas
46,2023,2,Chiapas,98.23334413,114.28972749,116.34514584,103.57923555,104.77446782,Cifras definitivas
46,2023,2,Chihuahua,100.9768619,117.90319464,116.76258543,104.51790121,106.0908685,Cifras definitivas
46,2023,2,Ciudad de México,98.23829671,113.57251841,115.60920966,105.11285064,105.32572033,Cifras definitivas
46,2023,2,Durango,100.48955279,115.7759315,115.21190839,103.83124527,105.28868891,Cifras definitivas
46,2023,2,Guanajuato,98.47142814,113.23294175,114.99065657,103.813187,105.58764782,Cifras definitivas
46,2023,2,Guerrero,97.81691606,114.68016499,117.23960396,103.78219308,104.6960975,Cifras definitivas
46,2023,2,Hidalgo,98.52043296,114.8714028,116.59652658,104.23679649,105.49463776,Cifras definitivas
46,2023,2,Jalisco,98.11696356,113.92810059,116.11458045,103.56090894,105.16428846,Cifras definitivas
46,2023,2,México,99.04879072,114.95012612,116.05404295,104.21354279,105.96514128,Cifras definitivas
46,2023,2,Michoacán de Ocampo,97.82287699,113.0928587,115.60982684,104.13258125,105.28550411,Cifras definitivas
46,2023,2,Morelos,99.05747068,112.41152503,113.48111784,102.52317882,104.12249194,Cifras definitivas
46,2023,2,Nayarit,99.35252243,115.77418075,116.5286778,103.45730422,104.67495973,Cifras definitivas
46,2023,2,Nuevo León,101.84780826,115.49853502,113.40306384,104.0515621,106.1391024,Cifras definitivas
46,2023,2,Oaxaca,98.58943223,114.35277039,115.98887204,103.10340647,104.13626693,Cifras definitivas
46,2023,2,Puebla,98.67648083,113.42296137,114.94427083,102.94700694,104.70224938,Cifras definitivas
46,2023,2,Querétaro,98.22426904,113.06881023,115.11290574,103.36106919,105.70988659,Cifras definitivas
46,2023,2,Quintana Roo,98.63310166,109.86314916,111.38567815,101.44333977,104.57733739,Cifras definitivas
46,2023,2,San Luis Potosí,98.62990343,113.00622679,114.57602903,103.13194007,105.60508737,Cifras definitivas
46,2023,2,Sinaloa,101.19342148,115.1109398,113.7533825,102.80432913,104.96599514,Cifras definitivas
46,2023,2,Sonora,101.89957542,111.81853781,109.73405664,98.9383668,100.56671495,Cifras definitivas
46,2023,2,Tabasco,100.6443346,117.5569449,116.80433416,103.40925593,105.00282333,Cifras definitivas
46,2023,2,Tamaulipas,101.19001,116.48486468,115.11498485,104.16070695,105.81400183,Cifras definitivas
46,2023,2,Tlaxcala,98.30157123,114.88665121,116.87163264,102.24580128,102.94476384,Cifras definitivas
46,2023,2,Veracruz de Ignacio de la Llave,99.79811048,116.61671586,116.85262907,104.11829054,105.66363111,Cifras definitivas
46,2023,2,Yucatán,99.60581346,115.81271336,116.27103814,103.98870914,105.88155485,Cifras definitivas
46,2023,2,Zacatecas,97.75057725,113.09109453,115.69353114,102.54710508,103.97832756,Cifras definitivas
46,2023,3,Aguascalientes,97.92102268,118.38078798,120.89414994,112.25304482,115.66005263,Cifras definitivas
46,2023,3,Baja California,101.48063924,120.32711591,118.57149976,113.42359516,115.90487389,Cifras definitivas
46,2023,3,Baja California Sur,99.63921101,116.04661675,116.4668162,108.05973195,112.20440338,Cifras definitivas
46,2023,3,Campeche,99.87667498,120.26861234,120.41711677,111.52988296,114.8618866,Cifras definitivas
46,2023,3,Coahuila de Zaragoza,101.93620149,121.07662695,118.77686747,112.85103804,116.31228201,Cifras definitivas
46,2023,3,Colima,98.65796911,116.15715965,117.73722964,109.00866945,112.12417407,Cifras definitivas
46,2023,3,Chiapas,98.4616901,118.64733007,120.50100902,112.72213275,115.04649134,Cifras definitivas
46,2023,3,Chihuahua,101.28112786,122.60492205,121.0540647,114.48707941,116.96203577,Cifras definitivas
46,2023,3,Ciudad de México,98.2569174,118.01838122,120.11203317,116.09912516,115.50570815,Cifras definitivas
46,2023,3,Durango,100.75599091,120.40623924,119.50280887,113.06758925,115.78071505,Cifras definitivas
46,2023,3,Guanajuato,98.59174524,117.23172596,118.90622858,112.85068629,116.06279938,Cifras definitivas
46,2023,3,Guerrero,97.97630442,118.8289841,121.28339072,113.13376795,114.96475471,Cifras definitivas
46,2023,3,Hidalgo,98.55764873,119.41254801,121.16010228,113.63675593,116.010311,Cifras definitivas
46,2023,3,Jalisco,98.23132203,117.8711741,119.99347221,112.92619647,115.57575111,Cifras definitivas
46,2023,3,México,99.12598669,118.65223958,119.6984197,113.47599782,116.24193057,Cifras definitivas
46,2023,3,Michoacán de Ocampo,97.93691009,117.34949857,119.82152435,113.19402416,115.51681042,Cifras definitivas
46,2023,3,Morelos,99.10500881,116.24396743,117.29373603,111.39701062,114.39477418,Cifras definitivas
46,2023,3,Nayarit,99.55813976,120.12751092,120.66066241,112.48925779,115.22512926,Cifras definitivas
46,2023,3,Nuevo León,102.15917516,119.56346984,117.03644793,113.54164545,116.85019822,Cifras definitivas
46,2023,3,Oaxaca,98.76799839,118.22047803,119.69512388,111.8196936,114.50411056,Cifras definitivas
46,2023,3,Puebla,98.76031455,117.66219595,119.13914662,112.35479715,115.29544791,Cifras definitivas
46,2023,3,Querétaro,98.27610074,116.82387004,118.87312293,112.55349679,116.23031629,Cifras definitivas
46,2023,3,Quintana Roo,98.8638337,113.32340081,114.62573984,111.0234959,115.26712056,Cifras definitivas
46,2023,3,San Luis Potosí,98.75969906,117.17336945,118.64492355,112.22307963,116.12773264,Cifras definitivas
46,2023,3,Sinaloa,101.43539468,119.09536043,117.41006264,111.96158219,115.80954029,Cifras definitivas
46,2023,3,Sonora,102.18255745,115.90359258,113.42796214,107.88586559,111.06070583,Cifras definitivas
46,2023,3,Tabasco,100.99526445,122.01878159,120.81633951,113.44576292,115.58458181,Cifras definitivas
46,2023,3,Tamaulipas,101.4814646,120.74907978,118.98633928,113.65021672,116.57498329,Cifras definitivas
46,2023,3,Tlaxcala,98.36954669,119.16521348,121.14035033,111.39072657,113.34728846,Cifras definitivas
46,2023,3,Veracruz de Ignacio de la Llave,100.03231669,120.82571143,120.78667717,113.66866973,116.25778816,Cifras definitivas
46,2023,3,Yucatán,99.82126642,119.94416116,120.15892551,113.56009514,116.82044716,Cifras definitivas
46,2023,3,Zacatecas,97.8811817,117.4947818,120.03817257,111.47098776,114.36970491,Cifras definitivas
46,2023,4,Aguascalientes,98.13083845,119.84178741,122.12449145,107.93188941,109.36566723,Cifras definitivas
46,2023,4,Baja California,101.76985506,122.55483655,120.42351488,110.74538329,110.50474847,Cifras definitivas
46,2023,4,Baja California Sur,99.93583296,118.18771051,118.26359676,106.23950116,107.3355849,Cifras definitivas
46,2023,4,Campeche,100.18715742,122.38095428,122.15233712,109.84140756,109.93782237,Cifras definitivas
46,2023,4,Coahuila de Zaragoza,102.15415321,123.16167548,120.56453077,110.87141273,111.24245571,Cifras definitivas
46,2023,4,Colima,98.86867207,117.75986511,119.10735994,105.85508974,106.64538602,Cifras definitivas
46,2023,4,Chiapas,98.60988484,120.06984004,121.76247872,110.56372612,110.60292512,Cifras definitivas
46,2023,4,Chihuahua,101.48517248,124.52869182,122.70629174,111.17484268,111.39940598,Cifras definitivas
46,2023,4,Ciudad de México,98.49320508,118.53822207,120.35167499,110.74131214,110.89864424,Cifras definitivas
46,2023,4,Durango,101.03418466,122.17765264,120.9270437,110.69487472,110.71421842,Cifras definitivas
46,2023,4,Guanajuato,98.69463085,118.24102648,119.80492298,109.63447927,110.7890176,Cifras definitivas
46,2023,4,Guerrero,98.12676789,119.95627748,122.24623317,111.35260873,111.2738304,Cifras definitivas
46,2023,4,Hidalgo,98.77751721,120.57441376,122.06665764,110.19583338,110.75890217,Cifras definitivas
46,2023,4,Jalisco,98.4245602,118.55877686,120.45649645,109.72205186,110.72358928,Cifras definitivas
46,2023,4,México,99.37565161,120.00161623,120.75555157,111.345991,111.78249841,Cifras definitivas
46,2023,4,Michoacán de Ocampo,98.12550739,118.50725416,120.7710995,110.30427656,110.61487057,Cifras definitivas
46,2023,4,Morelos,99.38288651,117.82696789,118.55860906,108.319887,109.07579915,Cifras definitivas
46,2023,4,Nayarit,99.84815006,121.31025418,121.49474388,110.39125132,110.26023864,Cifras definitivas
46,2023,4,Nuevo León,102.44854144,121.58725712,118.6812964,110.29290587,111.17650631,Cifras definitivas
46,2023,4,Oaxaca,99.07643064,119.8593559,120.97665926,109.50459982,109.75951717,Cifras definitivas
46,2023,4,Puebla,98.97838576,118.57492462,119.79880628,108.60922011,109.93568228,Cifras definitivas
46,2023,4,Querétaro,98.4814075,118.03556833,119.85568782,109.2938647,111.05887807,Cifras definitivas
46,2023,4,Quintana Roo,99.19912677,114.89445723,115.82204498,108.86585249,110.66520696,Cifras definitivas
46,2023,4,San Luis Potosí,98.95741826,118.40122878,119.6486639,108.68576059,110.07108169,Cifras definitivas
46,2023,4,Sinaloa,101.5729928,120.63212935,118.76398049,109.26231008,110.35646843,Cifras definitivas
46,2023,4,Sonora,102.5201442,118.06544186,115.16316406,105.3065469,105.70036812,Cifras definitivas
46,2023,4,Tabasco,101.15950194,123.94751106,122.52681032,112.14398121,111.53212854,Cifras definitivas
46,2023,4,Tamaulipas,101.69259742,122.63712767,120.59592417,111.39742357,111.47683722,Cifras definitivas
46,2023,4,Tlaxcala,98.5954121,120.15777568,121.8695405,108.60928295,108.5454154,Cifras definitivas
46,2023,4,Veracruz de Ignacio de la Llave,100.22668719,122.16759224,121.89128032,111.50251398,111.6181628,Cifras definitivas
46,2023,4,Yucatán,100.21936412,121.65986311,121.39356918,110.52176538,111.3753013,Cifras definitivas
46,2023,4,Zacatecas,98.07240805,118.50498386,120.83417366,108.77885748,109.25416386,Cifras definitivas
46,2023,5,Aguascalientes,98.45686835,139.81983095,142.01125152,115.08207385,114.16823662,Cifras definitivas
46,2023,5,Baja California,102.01532465,141.47051122,138.67574475,117.78603953,116.14383692,Cifras definitivas
46,2023,5,Baja California Sur,100.05584518,138.22496972,138.14782082,113.07718714,112.47263472,Cifras definitivas
46,2023,5,Campeche,100.51236056,143.01333154,142.28432279,116.02374632,114.81893843,Cifras definitivas
46,2023,5,Coahuila de Zaragoza,102.40980009,143.90063477,140.51451584,117.66287969,116.42568728,Cifras definitivas
46,2023,5,Colima,99.17895371,137.78214273,138.92276292,112.9202773,112.10130502,Cifras definitivas
46,2023,5,Chiapas,99.12588535,140.37526738,141.61312848,117.08184664,115.12110369,Cifras definitivas
46,2023,5,Chihuahua,101.69716288,144.17581475,141.76975116,117.97987664,116.17375998,Cifras definitivas
46,2023,5,Ciudad de México,98.814348,138.17145313,139.82934253,119.92889924,117.57095277,Cifras definitivas
46,2023,5,Durango,101.35385053,141.99340824,140.09670821,117.08887751,115.30114594,Cifras definitivas
46,2023,5,Guanajuato,99.03357568,139.55399146,140.91583637,116.68909383,115.33928938,Cifras definitivas
46,2023,5,Guerrero,98.63819532,141.44402923,143.39681375,118.19239122,115.74965077,Cifras definitivas
46,2023,5,Hidalgo,99.16173583,141.02095111,142.21307234,117.03677207,115.34414136,Cifras definitivas
46,2023,5,Jalisco,98.75746888,141.59540843,143.37691117,117.38102453,115.97458937,Cifras definitivas
46,2023,5,México,99.7928657,143.16087206,143.45802283,118.66528516,117.01246071,Cifras definitivas
46,2023,5,Michoacán de Ocampo,98.52861983,138.75097299,140.82301491,117.17571981,115.20626408,Cifras definitivas
46,2023,5,Morelos,99.7860699,138.39056778,138.68726158,115.70156201,114.39700984,Cifras definitivas
46,2023,5,Nayarit,100.15119388,143.40602104,143.18952724,116.36027059,114.50535119,Cifras definitivas
46,2023,5,Nuevo León,102.67246886,141.91470245,138.22079475,118.07033071,117.21891284,Cifras definitivas
46,2023,5,Oaxaca,99.52332824,142.51596326,143.19855031,116.32940711,114.59654369,Cifras definitivas
46,2023,5,Puebla,99.4529952,139.93566673,140.70533165,116.18396675,115.32049887,Cifras definitivas
46,2023,5,Querétaro,98.74974739,138.96467796,140.7240845,116.73010051,115.88981939,Cifras definitivas
46,2023,5,Quintana Roo,99.29143726,133.5549448,134.5080185,116.74792243,116.33536332,Cifras definitivas
46,2023,5,San Luis Potosí,99.28614421,138.78058339,139.77839959,115.7881245,115.14529792,Cifras definitivas
46,2023,5,Sinaloa,101.84120642,142.80188388,140.22014163,116.09494073,115.15531178,Cifras definitivas
46,2023,5,Sonora,102.66927432,137.6534411,134.07462165,111.75220802,110.45376521,Cifras definitivas
46,2023,5,Tabasco,101.55181196,144.41913149,142.21226456,118.58407027,116.59184591,Cifras definitivas
46,2023,5,Tamaulipas,101.93898376,142.70871602,139.99425024,118.12690769,116.4270895,Cifras definitivas
46,2023,5,Tlaxcala,99.12233149,143.03781024,144.30432385,115.2371372,113.0750485,Cifras definitivas
46,2023,5,Veracruz de Ignacio de la Llave,100.60123109,144.55725287,143.69332393,118.31816141,116.61488548,Cifras definitivas
46,2023,5,Yucatán,100.3703843,142.74748074,142.22071753,117.79524903,117.00700883,Cifras definitivas
46,2023,5,Zacatecas,98.42621689,139.34890207,141.57701726,114.91517716,113.07609535,Cifras definitivas
46,2023,6,Aguascalientes,98.97148965,122.67101094,123.94580639,113.97612858,115.89921065,Cifras definitivas
46,2023,6,Baja California,102.64991321,124.64366918,121.42598594,116.1895485,117.59565337,Cifras definitivas
46,2023,6,Baja California Sur,100.72596276,120.29740671,119.43038658,112.09339343,114.68245549,Cifras definitivas
46,2023,6,Campeche,101.0884826,124.23500464,122.89728903,114.94622208,116.66656694,Cifras definitivas
46,2023,6,Coahuila de Zaragoza,103.08105809,125.04345873,121.30595189,116.52112227,118.56890547,Cifras definitivas
46,2023,6,Colima,99.80174464,120.125523,120.36415138,111.6357983,113.73140313,Cifras definitivas
46,2023,6,Chiapas,99.61753386,122.25280833,122.72217911,115.75274976,116.67883617,Cifras definitivas
46,2023,6,Chihuahua,102.34403549,127.07749545,124.16697743,117.03011748,117.78726555,Cifras definitivas
46,2023,6,Ciudad de México,99.30687107,122.8151496,123.6723585,118.84292437,118.57111226,Cifras definitivas
46,2023,6,Durango,101.86967714,124.10923674,121.83138322,115.70945264,116.75721633,Cifras definitivas
46,2023,6,Guanajuato,99.57552479,121.4451219,121.96282385,115.65600551,117.17353191,Cifras definitivas
46,2023,6,Guerrero,99.10496235,122.31558107,123.42023867,116.70169351,116.94820193,Cifras definitivas
46,2023,6,Hidalgo,99.66195477,123.47509561,123.89391307,115.9916487,116.8345165,Cifras definitivas
46,2023,6,Jalisco,99.26833824,122.0160267,122.91535132,116.24542357,117.58285639,Cifras definitivas
46,2023,6,México,100.24370799,122.81040153,122.51183041,117.73216353,118.85472166,Cifras definitivas
46,2023,6,Michoacán de Ocampo,99.03986574,121.19531752,122.37023608,115.79734195,116.54901141,Cifras definitivas
46,2023,6,Morelos,100.25650958,120.30347999,119.99567958,114.60584051,116.44071218,Cifras definitivas
46,2023,6,Nayarit,100.67133014,123.76998433,122.94462004,115.17021127,115.92961371,Cifras definitivas
46,2023,6,Nuevo León,103.32801881,124.24642536,120.24466044,116.85234592,119.15315181,Cifras definitivas
46,2023,6,Oaxaca,99.96922259,122.44182232,122.47951834,115.33072428,116.4285144,Cifras definitivas
46,2023,6,Puebla,99.94138565,121.61808199,121.68940945,115.11238005,117.28323797,Cifras definitivas
46,2023,6,Querétaro,99.28442684,121.26297268,122.13695193,115.7703888,117.85300628,Cifras definitivas
46,2023,6,Quintana Roo,99.90590706,117.46349459,117.57412354,114.96700085,117.69698917,Cifras definitivas
46,2023,6,San Luis Potosí,99.79684919,121.18651427,121.43320681,114.64560817,117.12053838,Cifras definitivas
46,2023,6,Sinaloa,102.52615014,123.24904982,120.21230647,115.10377802,117.30263251,Cifras definitivas
46,2023,6,Sonora,103.33881626,120.10654252,116.22597091,110.70296785,112.17966272,Cifras definitivas
46,2023,6,Tabasco,102.21418918,125.75182044,123.02775324,117.44686691,118.53205977,Cifras definitivas
46,2023,6,Tamaulipas,102.5350928,124.77875316,121.69370481,116.86196323,118.10993815,Cifras definitivas
46,2023,6,Tlaxcala,99.57999513,122.89642556,123.41477362,114.25483812,114.62114145,Cifras definitivas
46,2023,6,Veracruz de Ignacio de la Llave,101.17791492,124.77982912,123.32714033,117.28458479,118.47198899,Cifras definitivas
46,2023,6,Yucatán,100.90255222,124.18327156,123.07247818,116.6302249,118.85359688,Cifras definitivas
46,2023,6,Zacatecas,98.92005905,120.98973357,122.310616,113.63768283,114.30235288,Cifras definitivas
46,2023,7,Aguascalientes,99.1041728,122.93931465,124.05059361,114.0858084,114.14871024,Cifras definitivas
46,2023,7,Baja California,102.81661985,126.17180614,122.71538038,116.33289047,115.42711418,Cifras definitivas
46,2023,7,Baja California Sur,100.88811295,122.38507715,121.30772751,112.50331699,112.75831969,Cifras definitivas
46,2023,7,Campeche,101.36971503,126.64083732,124.92965703,115.54455823,114.81193021,Cifras definitivas
46,2023,7,Coahuila de Zaragoza,103.32903636,127.14826255,123.05182263,116.9385697,116.73683532,Cifras definitivas
46,2023,7,Colima,99.88525819,121.16699586,121.30618477,111.6541338,111.83798498,Cifras definitivas
46,2023,7,Chiapas,99.86569227,124.06059764,124.2274447,116.41139665,115.15683213,Cifras definitivas
46,2023,7,Chihuahua,102.56954772,128.22282142,125.01061404,117.13537004,116.0803785,Cifras definitivas
46,2023,7,Ciudad de México,99.45946468,122.54969785,123.21572235,118.52390419,116.16960167,Cifras definitivas
46,2023,7,Durango,102.10984407,125.84115919,123.24096696,116.25938895,115.29324276,Cifras definitivas
46,2023,7,Guanajuato,99.84874271,121.62077336,121.80501232,115.75180844,115.42336132,Cifras definitivas
46,2023,7,Guerrero,99.29924807,124.23903495,125.11578624,117.42426385,115.52897084,Cifras definitivas
46,2023,7,Hidalgo,99.86129621,124.24625868,124.41883232,116.17629125,115.24984326,Cifras definitivas
46,2023,7,Jalisco,99.42435811,122.44637503,123.15530858,116.25512,115.62872694,Cifras definitivas
46,2023,7,México,100.4599013,124.11427092,123.54608089,117.8787323,117.06910795,Cifras definitivas
46,2023,7,Michoacán de Ocampo,99.20223077,121.94727847,122.92795991,116.02814199,114.96865823,Cifras definitivas
46,2023,7,Morelos,100.54373623,121.42987185,120.77318429,114.68175682,114.58324773,Cifras definitivas
46,2023,7,Nayarit,100.96848321,125.21484208,124.01378935,115.68228954,114.36189142,Cifras definitivas
46,2023,7,Nuevo León,103.5285195,125.13557795,120.87063406,116.62051093,116.84470618,Cifras definitivas
46,2023,7,Oaxaca,100.3206601,123.73747476,123.34196629,115.60234115,114.73586952,Cifras definitivas
46,2023,7,Puebla,100.17022362,122.31923276,122.11137036,115.18648462,115.23424839,Cifras definitivas
46,2023,7,Querétaro,99.42576474,121.74034661,122.44346013,115.90921293,115.92557079,Cifras definitivas
46,2023,7,Quintana Roo,100.18125791,119.09594965,118.8804694,115.34424382,115.41342716,Cifras definitivas
46,2023,7,San Luis Potosí,100.07206265,121.99333559,121.90548727,114.68818037,115.22841099,Cifras definitivas
46,2023,7,Sinaloa,103.02079177,124.26767819,120.62388189,115.33838593,115.39050066,Cifras definitivas
46,2023,7,Sonora,103.60838485,121.49532064,117.26398478,110.9002706,110.45654183,Cifras definitivas
46,2023,7,Tabasco,102.52269111,128.40951431,125.24984754,118.25270229,116.67111847,Cifras definitivas
46,2023,7,Tamaulipas,102.85713468,126.27559563,122.76794996,117.06077958,116.28188259,Cifras definitivas
46,2023,7,Tlaxcala,99.83358285,124.21073564,124.41778818,114.59425136,113.14559797,Cifras definitivas
46,2023,7,Veracruz de Ignacio de la Llave,101.48203615,126.30136226,124.45686651,117.67485763,116.67267581,Cifras definitivas
46,2023,7,Yucatán,101.33436787,125.29620866,123.646312,116.78976727,116.5535515,Cifras definitivas
46,2023,7,Zacatecas,99.14303982,121.92183893,122.97569164,114.13806373,113.05164602,Cifras definitivas
46,2023,8,Aguascalientes,99.20417927,124.03652519,125.0315522,113.92932063,117.96797887,Cifras definitivas
46,2023,8,Baja California,102.96612223,126.82393622,123.17054724,115.20174404,118.56322807,Cifras definitivas
46,2023,8,Baja California Sur,101.08502628,122.92220051,121.60277841,111.18139453,115.55869194,Cifras definitivas
46,2023,8,Campeche,101.52325545,127.1355693,125.22802656,114.19365281,117.94511712,Cifras definitivas
46,2023,8,Coahuila de Zaragoza,103.4313979,127.72869868,123.49122343,115.80216726,119.82919681,Cifras definitivas
46,2023,8,Colima,100.05695954,122.0414249,121.97195024,111.32942843,115.13880164,Cifras definitivas
46,2023,8,Chiapas,100.0597786,124.78827458,124.71372246,115.27620364,118.11666465,Cifras definitivas
46,2023,8,Chihuahua,102.67704616,129.04950361,125.68486184,116.20553824,119.2914046,Cifras definitivas
46,2023,8,Ciudad de México,99.71713809,123.39686774,123.74690059,118.73796724,119.73206849,Cifras definitivas
46,2023,8,Durango,102.20148404,126.56716981,123.84083362,115.2680361,118.44239907,Cifras definitivas
46,2023,8,Guanajuato,99.98200928,122.72695338,122.74903682,115.37081768,118.68162465,Cifras definitivas
46,2023,8,Guerrero,99.52198467,124.64272432,125.2413974,115.86629594,118.08193676,Cifras definitivas
46,2023,8,Hidalgo,100.09541048,125.2614629,125.14206426,115.61437324,118.41944378,Cifras definitivas
46,2023,8,Jalisco,99.55594891,123.38309328,123.93342099,115.77084979,118.89220584,Cifras definitivas
46,2023,8,México,100.69990171,124.82856976,123.96096485,117.00029927,120.1374716,Cifras definitivas
46,2023,8,Michoacán de Ocampo,99.36577437,122.85949748,123.64367737,115.3549801,118.09160504,Cifras definitivas
46,2023,8,Morelos,100.82188803,122.37026768,121.37271982,114.28343097,117.81589194,Cifras definitivas
46,2023,8,Nayarit,101.16114684,125.9950567,124.54886153,114.52418954,117.34133841,Cifras definitivas
46,2023,8,Nuevo León,103.61135127,126.03583107,121.6428794,116.07942918,120.28577966,Cifras definitivas
46,2023,8,Oaxaca,100.57613559,124.70408068,123.98973171,114.82429954,117.88877392,Cifras definitivas
46,2023,8,Puebla,100.40495207,123.43359245,122.93576154,115.10441871,118.6666952,Cifras definitivas
46,2023,8,Querétaro,99.61968581,122.68346295,123.15182682,115.33507402,119.22185026,Cifras definitivas
46,2023,8,Quintana Roo,100.52830964,119.30325359,118.67627539,113.67370475,118.05284752,Cifras definitivas
46,2023,8,San Luis Potosí,100.27160668,123.02363246,122.69039715,114.40846887,118.79077606,Cifras definitivas
46,2023,8,Sinaloa,103.16005419,125.24047978,121.40404613,114.65427927,118.76377016,Cifras definitivas
46,2023,8,Sonora,103.70777927,122.2285748,117.8586367,109.93619986,113.51005704,Cifras definitivas
46,2023,8,Tabasco,102.682715,128.77328195,125.40891809,116.5528721,119.48780732,Cifras definitivas
46,2023,8,Tamaulipas,103.05069569,127.04370575,123.28272497,116.02053092,119.27062616,Cifras definitivas
46,2023,8,Tlaxcala,100.15281982,125.02705147,124.8362769,113.77250005,116.09923295,Cifras definitivas
46,2023,8,Veracruz de Ignacio de la Llave,101.66560819,127.032972,124.95176517,116.7411162,119.76062199,Cifras definitivas
46,2023,8,Yucatán,101.54360928,126.34511231,124.42448442,116.35000131,120.27695164,Cifras definitivas
46,2023,8,Zacatecas,99.2973043,122.77930067,123.64817105,113.26403552,116.15110646,Cifras definitivas
46,2023,9,Aguascalientes,99.54217882,124.27803638,124.8496244,110.49037139,114.89028502,Cifras definitivas
46,2023,9,Baja California,103.77148901,127.70050835,123.05933891,112.09920885,116.30781752,Cifras definitivas
46,2023,9,Baja California Sur,101.71495499,123.66033873,121.57537576,107.49192088,113.55271447,Cifras definitivas
46,2023,9,Campeche,101.99357841,128.10477664,125.6008257,110.74132591,115.80245084,Cifras definitivas
46,2023,9,Coahuila de Zaragoza,104.079031,128.58098539,123.54168189,112.19678395,117.53355087,Cifras definitivas
46,2023,9,Colima,100.45208589,122.35078368,121.80014242,108.02570872,112.3994283,Cifras definitivas
46,2023,9,Chiapas,100.23372279,125.2560794,124.96401003,111.69201005,115.15578647,Cifras definitivas
46,2023,9,Chihuahua,103.34678061,129.88097254,125.67490905,112.54064175,116.46467152,Cifras definitivas
46,2023,9,Ciudad de México,100.068299,123.43163036,123.34738533,114.38851036,116.27355081,Cifras definitivas
46,2023,9,Durango,102.68590654,127.2027211,123.87553987,111.83235503,115.53416897,Cifras definitivas
46,2023,9,Guanajuato,100.28882314,122.81529997,122.46160252,111.317021,115.48255055,Cifras definitivas
46,2023,9,Guerrero,99.62773064,125.16870806,125.63641393,112.15473673,115.1921186,Cifras definitivas
46,2023,9,Hidalgo,100.33734383,125.5159683,125.09397151,111.87866578,115.1144163,Cifras definitivas
46,2023,9,Jalisco,99.83675821,123.31681678,123.51845051,111.79609903,116.06383112,Cifras definitivas
46,2023,9,México,100.85968315,125.1117906,124.04539326,113.0374748,117.60466548,Cifras definitivas
46,2023,9,Michoacán de Ocampo,99.5551022,123.05957361,123.6095096,111.64651003,114.84906125,Cifras definitivas
46,2023,9,Morelos,101.03716559,122.55362249,121.29558641,110.70581258,115.05851059,Cifras definitivas
46,2023,9,Nayarit,101.57873637,126.51924607,124.55288438,111.00551447,114.69266691,Cifras definitivas
46,2023,9,Nuevo León,104.27573473,126.40661258,121.22342068,112.5425019,117.74018821,Cifras definitivas
46,2023,9,Oaxaca,100.63281583,124.76383892,123.97927842,111.03870897,115.08085143,Cifras definitivas
46,2023,9,Puebla,100.53676417,123.34671167,122.68816556,111.3901577,115.64924263,Cifras definitivas
46,2023,9,Querétaro,99.97929343,122.93549585,122.96095685,111.40932081,116.29907995,Cifras definitivas
46,2023,9,Quintana Roo,100.9814181,120.11290205,118.9455489,110.04892156,115.78466929,Cifras definitivas
46,2023,9,San Luis Potosí,100.55516352,123.24538889,122.56495298,110.87704216,115.85379134,Cifras definitivas
46,2023,9,Sinaloa,103.72407974,125.58885173,121.07974546,110.85540492,116.13260552,Cifras definitivas
46,2023,9,Sonora,104.4252877,122.98601211,117.77416641,106.65416756,111.16248443,Cifras definitivas
46,2023,9,Tabasco,103.2511365,129.87164813,125.78229406,112.90687645,117.40284805,Cifras definitivas
46,2023,9,Tamaulipas,103.83983729,127.91284997,123.18282974,112.40789841,116.8574709,Cifras definitivas
46,2023,9,Tlaxcala,100.16827841,125.22422622,125.01385489,110.14529527,113.23671309,Cifras definitivas
46,2023,9,Veracruz de Ignacio de la Llave,102.05306891,127.55569229,124.98957028,112.80411717,117.24696061,Cifras definitivas
46,2023,9,Yucatán,101.87257186,126.71165823,124.38250642,112.82426479,117.61944429,Cifras definitivas
46,2023,9,Zacatecas,99.54407971,123.19101798,123.75524324,109.71516041,113.04209934,Cifras definitivas
46,2023,10,Aguascalientes,99.76241148,124.74844576,125.04553961,115.092662,121.88820228,Cifras definitivas
46,2023,10,Baja California,104.17522164,127.85366432,122.72943826,116.54572901,124.03529002,Cifras definitivas
46,2023,10,Baja California Sur,102.3618268,124.31973541,121.45126684,111.95980655,121.70020992,Cifras definitivas
46,2023,10,Campeche,102.40104566,128.56883035,125.55421629,115.19903275,123.58972354,Cifras definitivas
46,2023,10,Coahuila de Zaragoza,104.70332912,129.15468072,123.35298391,116.79215164,125.7853071,Cifras definitivas
46,2023,10,Colima,100.7155814,122.86417936,121.99123279,112.64480073,119.48624133,Cifras definitivas
46,2023,10,Chiapas,100.18426674,125.76342819,125.53211426,116.35100522,122.56872527,Cifras definitivas
46,2023,10,Chihuahua,103.87038076,129.9534107,125.11113346,116.91246773,124.15888806,Cifras definitivas
46,2023,10,Ciudad de México,100.34052219,123.09283079,122.67509487,119.68711029,126.28210318,Cifras definitivas
46,2023,10,Durango,103.03088573,127.59099256,123.83761593,116.32141306,122.64705349,Cifras definitivas
46,2023,10,Guanajuato,100.44372408,123.29617721,122.75149925,115.95986014,122.7929897,Cifras definitivas
46,2023,10,Guerrero,99.61400588,125.83857623,126.32618789,117.10634323,122.89652569,Cifras definitivas
46,2023,10,Hidalgo,100.31348958,125.7830216,125.38993721,116.51661218,122.34465772,Cifras definitivas
46,2023,10,Jalisco,100.03786788,123.88971216,123.84281551,117.00363809,124.071246,Cifras definitivas
46,2023,10,México,100.91842784,125.95501962,124.80874139,118.33870801,125.96370401,Cifras definitivas
46,2023,10,Michoacán de Ocampo,99.5666394,123.49564536,124.03315619,116.31435906,121.86591647,Cifras definitivas
46,2023,10,Morelos,101.0414614,123.28418974,122.01346658,115.66321333,122.75041612,Cifras definitivas
46,2023,10,Nayarit,101.85593509,126.86813395,124.55644714,115.66103218,121.80563419,Cifras definitivas
46,2023,10,Nuevo León,105.06402919,126.98437866,120.86380052,117.3470713,125.71060246,Cifras definitivas
46,2023,10,Oaxaca,100.53434681,125.84649829,125.17761569,115.97710584,122.39578541,Cifras definitivas
46,2023,10,Puebla,100.49027968,123.80613,123.20209516,116.31867868,123.44969314,Cifras definitivas
46,2023,10,Querétaro,100.22295534,123.42872022,123.15414149,116.17602155,123.9580106,Cifras definitivas
46,2023,10,Quintana Roo,101.56066093,120.51317884,118.66127863,114.82405271,124.15646489,Cifras definitivas
46,2023,10,San Luis Potosí,100.65563557,123.64481893,122.83943987,115.6359204,123.23286218,Cifras definitivas
46,2023,10,Sinaloa,104.57411205,126.35831037,120.83134907,115.50068158,123.60270627,Cifras definitivas
46,2023,10,Sonora,105.02668505,123.4913696,117.58094578,110.93040308,118.2486439,Cifras definitivas
46,2023,10,Tabasco,103.83986384,130.13257787,125.32044348,117.46212024,126.35689939,Cifras definitivas
46,2023,10,Tamaulipas,104.23564352,128.02163247,122.81943887,116.7612891,124.52184971,Cifras definitivas
46,2023,10,Tlaxcala,99.96582501,125.92508541,125.96813501,115.16952548,120.89357416,Cifras definitivas
46,2023,10,Veracruz de Ignacio de la Llave,102.27924826,127.98627858,125.13416041,117.62480453,125.60670262,Cifras definitivas
46,2023,10,Yucatán,102.21683342,127.22313811,124.46397903,117.57734892,125.09450923,Cifras definitivas
46,2023,10,Zacatecas,99.64512629,123.5363544,123.97631374,114.23139273,119.4882969,Cifras definitivas
46,2023,11,Aguascalientes,100.99335554,127.77293075,126.51617531,125.31695415,123.11045718,Cifras definitivas
46,2023,11,Baja California,105.23126275,131.42546471,124.89203424,126.93569404,124.7678564,Cifras definitivas
46,2023,11,Baja California Sur,103.46321476,128.39746585,124.09962918,123.95449674,122.39675361,Cifras definitivas
46,2023,11,Campeche,103.63026347,132.46336264,127.82304918,126.07315617,123.76678412,Cifras definitivas
46,2023,11,Coahuila de Zaragoza,105.89069263,133.01750975,125.61775397,128.81032138,126.20711515,Cifras definitivas
46,2023,11,Colima,101.8373807,126.39267199,124.11225733,122.75866853,120.63510399,Cifras definitivas
46,2023,11,Chiapas,101.57575593,129.14004731,127.13668348,127.18805204,123.65136125,Cifras definitivas
46,2023,11,Chihuahua,104.91549365,133.38709095,127.13764794,128.11758597,124.47958245,Cifras definitivas
46,2023,11,Ciudad de México,101.77985435,125.95675829,123.75411529,135.66999002,129.21108908,Cifras definitivas
46,2023,11,Durango,104.18655813,131.02747387,125.76235958,126.50970526,123.2038644,Cifras definitivas
46,2023,11,Guanajuato,101.85199531,126.70920476,124.40522581,127.54856829,124.27389103,Cifras definitivas
46,2023,11,Guerrero,71.00825857,71.78905479,101.09958508,73.96264015,71.43412924,Cifras definitivas
46,2023,11,Hidalgo,101.63990105,129.03373293,126.95184824,127.17418055,123.54874606,Cifras definitivas
46,2023,11,Jalisco,101.36642198,127.57086362,125.85120509,130.23181569,126.17858543,Cifras definitivas
46,2023,11,México,102.3171203,129.80631274,126.86665962,132.38739427,127.76806736,Cifras definitivas
46,2023,11,Michoacán de Ocampo,100.9264063,126.68529467,125.52244681,127.3521438,123.23602083,Cifras definitivas
46,2023,11,Morelos,102.51845918,126.68372189,123.57162106,127.54055901,124.35324414,Cifras definitivas
46,2023,11,Nayarit,103.14691969,130.57982642,126.59595343,125.80846552,122.17981343,Cifras definitivas
46,2023,11,Nuevo León,106.31241673,130.65471023,122.89694304,129.55830776,127.18915661,Cifras definitivas
46,2023,11,Oaxaca,102.02503342,129.35104064,126.78362977,127.4929353,123.98606694,Cifras definitivas
46,2023,11,Puebla,101.9696522,127.3555238,124.89551651,128.10901302,125.41778993,Cifras definitivas
46,2023,11,Querétaro,101.47570406,127.03991429,125.19244431,128.3162061,126.02676886,Cifras definitivas
46,2023,11,Quintana Roo,102.96560003,124.60629757,121.01740536,128.23895001,126.30799097,Cifras definitivas
46,2023,11,San Luis Potosí,101.95121581,126.98716893,124.55679701,126.48875992,124.52122368,Cifras definitivas
46,2023,11,Sinaloa,106.29220093,130.10736251,122.40537064,126.97832428,124.46386724,Cifras definitivas
46,2023,11,Sonora,106.1058254,127.09018253,119.77681909,121.04488043,118.72573011,Cifras definitivas
46,2023,11,Tabasco,105.26262388,134.03353091,127.33250034,130.19230365,126.36346446,Cifras definitivas
46,2023,11,Tamaulipas,105.23653789,131.92833234,125.36361893,128.05315605,124.841751,Cifras definitivas
46,2023,11,Tlaxcala,101.42356901,129.35986892,127.54418937,126.73953516,122.24458344,Cifras definitivas
46,2023,11,Veracruz de Ignacio de la Llave,103.65864372,131.77839496,127.12726139,130.21938041,126.3973927,Cifras definitivas
46,2023,11,Yucatán,103.64672172,131.12870943,126.51505735,129.1368819,126.33405148,Cifras definitivas
46,2023,11,Zacatecas,100.95132203,126.91573332,125.7197338,124.07431227,120.19265761,Cifras definitivas
46,2023,12,Aguascalientes,100.62911318,152.49498114,151.54161288,133.99276106,126.14296367,Cifras definitivas
46,2023,12,Baja California,104.85101639,153.8395887,146.72207671,135.54001704,125.30040882,Cifras definitivas
46,2023,12,Baja California Sur,103.27138734,148.66750418,143.95807785,135.15897138,123.86737368,Cifras definitivas
46,2023,12,Campeche,103.23083219,153.60947658,148.80193574,136.88755776,125.08475102,Cifras definitivas
46,2023,12,Coahuila de Zaragoza,105.58091985,154.5931061,146.42144274,139.14083217,127.60719262,Cifras definitivas
46,2023,12,Colima,101.48088773,149.52608677,147.34408628,131.17782413,122.35569743,Cifras definitivas
46,2023,12,Chiapas,101.03987928,152.67135283,151.10009426,138.64222479,126.55939836,Cifras definitivas
46,2023,12,Chihuahua,104.65858561,155.74806374,148.81537222,136.92612652,126.03178093,Cifras definitivas
46,2023,12,Ciudad de México,101.60048259,149.74762026,147.38868994,147.5581964,132.55078955,Cifras definitivas
46,2023,12,Durango,103.80319491,154.31946105,148.66542517,136.46507576,125.55418698,Cifras definitivas
46,2023,12,Guanajuato,101.44798038,151.07971249,148.92333186,137.90744867,127.57699586,Cifras definitivas
46,2023,12,Guerrero,79.62850461,106.01755161,133.14020165,99.9129902,90.29579537,Cifras definitivas
46,2023,12,Hidalgo,101.19885546,153.22563573,151.41044336,137.09314224,126.50499,Cifras definitivas
46,2023,12,Jalisco,100.97899002,152.04478314,150.57071091,141.82307935,129.83229603,Cifras definitivas
46,2023,12,México,101.85854017,152.84691349,150.05802482,144.28789309,130.67380741,Cifras definitivas
46,2023,12,Michoacán de Ocampo,100.44678231,151.40058824,150.72716593,137.39370082,126.42098125,Cifras definitivas
46,2023,12,Morelos,102.05877765,150.27975586,147.24824196,137.47439186,127.09023922,Cifras definitivas
46,2023,12,Nayarit,102.74832159,154.05905339,149.93826761,136.87276229,125.14908,Cifras definitivas
46,2023,12,Nuevo León,106.03870925,153.76146778,145.0050353,138.32805579,128.44319301,Cifras definitivas
46,2023,12,Oaxaca,101.39156971,153.30548087,151.20140788,138.79285732,127.06596849,Cifras definitivas
46,2023,12,Puebla,101.44818072,151.57370319,149.40997671,138.77751633,128.8055556,Cifras definitivas
46,2023,12,Querétaro,101.18234797,150.61632391,148.85632418,139.17964598,128.78682271,Cifras definitivas
46,2023,12,Quintana Roo,102.68172488,146.12885147,142.31242379,142.46931226,129.69345495,Cifras definitivas
46,2023,12,San Luis Potosí,101.54622367,151.14115244,148.83975689,135.63472401,127.11462691,Cifras definitivas
46,2023,12,Sinaloa,105.90325006,153.42920573,144.87676785,137.79213472,127.44143951,Cifras definitivas
46,2023,12,Sonora,105.77768956,148.32438024,140.22274532,129.8495141,120.13147453,Cifras definitivas
46,2023,12,Tabasco,104.85763066,154.52385984,147.36539331,142.31053039,127.66773737,Cifras definitivas
46,2023,12,Tamaulipas,104.92625395,153.83781438,146.61517836,136.89090015,125.90570443,Cifras definitivas
46,2023,12,Tlaxcala,100.81515888,153.32282019,152.08310128,138.50230874,126.10494984,Cifras definitivas
46,2023,12,Veracruz de Ignacio de la Llave,103.19505545,154.28090958,149.5041685,141.68585591,128.70097052,Cifras definitivas
46,2023,12,Yucatán,103.17881673,154.43836717,149.68030461,139.79776551,129.06108209,Cifras definitivas
46,2023,12,Zacatecas,100.52348469,151.20164752,150.41425194,134.47531659,123.93196376,Cifras definitivas
46,2024,1,Aguascalientes,102.11489563,131.77617408,129.04696545,114.87628179,114.86986285,Cifras preliminares
46,2024,1,Baja California,101.47848039,130.42324835,128.52306011,113.09640086,111.33266424,Cifras preliminares
46,2024,1,Baja California Sur,99.94179967,126.28366086,126.35720117,108.29005119,107.659584,Cifras preliminares
46,2024,1,Campeche,99.85051045,130.44370756,130.63899921,111.13707828,109.39221005,Cifras preliminares
46,2024,1,Coahuila de Zaragoza,99.62777908,127.46192403,127.93813654,110.118759,109.35479517,Cifras preliminares
46,2024,1,Colima,101.65723528,126.17786707,124.12089186,110.48104458,109.64393867,Cifras preliminares
46,2024,1,Chiapas,100.09053657,128.4474948,128.33130804,112.70308463,110.38359167,Cifras preliminares
46,2024,1,Chihuahua,101.53920118,128.96652065,127.01155726,110.9182831,108.93667787,Cifras preliminares
46,2024,1,Ciudad de México,97.43219151,121.34991454,124.54807047,113.04576899,111.24011911,Cifras preliminares
46,2024,1,Durango,102.93169604,132.55339474,128.77801478,115.09414498,113.44706581,Cifras preliminares
46,2024,1,Guanajuato,96.66494116,124.27976201,128.56756598,111.59071827,110.98737429,Cifras preliminares
46,2024,1,Guerrero,84.67162622,100.41161329,118.58944699,89.38262302,87.45384244,Cifras preliminares
46,2024,1,Hidalgo,104.33392591,136.76408372,131.08304181,117.69228609,115.28883478,Cifras preliminares
46,2024,1,Jalisco,98.10070842,124.53046314,126.94145144,111.61043248,111.15332639,Cifras preliminares
46,2024,1,México,100.09050778,120.27481877,120.16605914,109.40707767,108.80591151,Cifras preliminares
46,2024,1,Michoacán de Ocampo,97.58751169,125.33429537,128.43271972,112.29683812,110.24752677,Cifras preliminares
46,2024,1,Morelos,99.09192429,124.60540607,125.74728664,111.31263436,110.89930745,Cifras preliminares
46,2024,1,Nayarit,100.4331472,129.14569045,128.58871204,111.88369886,109.51670532,Cifras preliminares
46,2024,1,Nuevo León,102.19568864,131.21916857,128.39990641,114.54881323,114.14421786,Cifras preliminares
46,2024,1,Oaxaca,99.07009106,126.96919814,128.16097854,111.46646668,110.32995904,Cifras preliminares
46,2024,1,Puebla,99.43676652,126.2336278,126.94864507,112.99310089,113.13507029,Cifras preliminares
46,2024,1,Querétaro,102.75468628,129.47642665,126.0053739,115.42062544,115.55564529,Cifras preliminares
46,2024,1,Quintana Roo,99.1175765,119.55027815,120.61460981,109.12396113,109.61772861,Cifras preliminares
46,2024,1,San Luis Potosí,100.34579237,127.34536767,126.90653456,112.77629269,112.87298016,Cifras preliminares
46,2024,1,Sinaloa,101.91605141,126.51394324,124.13544431,109.99033472,109.54927406,Cifras preliminares
46,2024,1,Sonora,99.48763345,120.16544727,120.78430565,103.58163358,102.4716791,Cifras preliminares
46,2024,1,Tabasco,100.97608802,130.04512857,128.7880439,112.58420789,110.21300459,Cifras preliminares
46,2024,1,Tamaulipas,100.4945763,126.34002558,125.7182529,110.23649934,108.28189063,Cifras preliminares
46,2024,1,Tlaxcala,98.72635374,126.39184498,128.02239746,109.06058654,107.25499239,Cifras preliminares
46,2024,1,Veracruz de Ignacio de la Llave,100.16738877,127.46385654,127.2508529,112.08416363,110.40187053,Cifras preliminares
46,2024,1,Yucatán,100.64201109,130.31145287,129.48017578,114.38456372,113.729196,Cifras preliminares
46,2024,1,Zacatecas,99.12611019,130.65989546,131.81178522,113.4594614,111.2198862,Cifras preliminares
46,2024,2,Aguascalientes,102.34597013,132.49296823,129.45596985,110.48088019,111.91229338,Cifras preliminares
46,2024,2,Baja California,102.111023,130.62525513,127.92473456,108.5801462,109.05294,Cifras preliminares
46,2024,2,Baja California Sur,100.21617941,125.92347653,125.65184312,103.2219495,104.9668247,Cifras preliminares
46,2024,2,Campeche,100.04733585,130.31415442,130.25249829,106.42344304,107.33599064,Cifras preliminares
46,2024,2,Coahuila de Zaragoza,99.92237008,127.3757382,127.47469671,105.1321228,106.80901769,Cifras preliminares
46,2024,2,Colima,101.94714598,126.72967577,124.30919429,106.08744045,107.14631165,Cifras preliminares
46,2024,2,Chiapas,100.14803809,128.9592718,128.76864516,108.03202389,108.01106217,Cifras preliminares
46,2024,2,Chihuahua,101.87801421,129.38094652,126.99594463,106.36054971,106.6279861,Cifras preliminares
46,2024,2,Ciudad de México,97.53173456,121.91841517,125.0038418,107.55483318,106.73319849,Cifras preliminares
46,2024,2,Durango,103.15563866,132.92747503,128.86108482,110.61597971,111.35577082,Cifras preliminares
46,2024,2,Guanajuato,96.8198402,125.11720324,129.22682271,107.07410481,108.36846283,Cifras preliminares
46,2024,2,Guerrero,81.64961405,95.00941841,116.3623607,80.94925048,80.73825901,Cifras preliminares
46,2024,2,Hidalgo,104.44332924,137.40176053,131.55628179,112.83606366,112.62428553,Cifras preliminares
46,2024,2,Jalisco,98.30806677,125.17931039,127.33371177,106.63959911,107.96586504,Cifras preliminares
46,2024,2,México,100.1394976,120.65396674,120.48589181,104.2970008,105.70786388,Cifras preliminares
46,2024,2,Michoacán de Ocampo,97.75670126,126.21832794,129.11475767,107.7236001,108.00466392,Cifras preliminares
46,2024,2,Morelos,99.25167371,125.15953333,126.1031967,106.3657317,107.69425906,Cifras preliminares
46,2024,2,Nayarit,100.62787075,129.79757518,128.98769915,107.59950554,107.95018749,Cifras preliminares
46,2024,2,Nuevo León,102.57062427,131.33954957,128.04791869,109.54471187,111.24739999,Cifras preliminares
46,2024,2,Oaxaca,99.0605757,127.58341936,128.79333525,106.98719269,107.48708766,Cifras preliminares
46,2024,2,Puebla,99.51770801,126.96030182,127.57558867,108.05783474,109.59092695,Cifras preliminares
46,2024,2,Querétaro,103.00095031,129.92077815,126.13551405,110.48535165,112.32619516,Cifras preliminares
46,2024,2,Quintana Roo,99.2993077,119.26847455,120.11007661,104.02090467,106.73845936,Cifras preliminares
46,2024,2,San Luis Potosí,100.53443988,128.02225804,127.34169325,107.97447209,109.93689078,Cifras preliminares
46,2024,2,Sinaloa,101.98908093,126.96899049,124.49272935,105.41343965,107.09567097,Cifras preliminares
46,2024,2,Sonora,99.89256225,120.39635032,120.52584057,99.48460655,100.38700504,Cifras preliminares
46,2024,2,Tabasco,101.13818459,129.74238198,128.28229269,107.28736786,107.88175622,Cifras preliminares
46,2024,2,Tamaulipas,100.84306096,126.4885356,125.43107517,105.47862965,106.35536056,Cifras preliminares
46,2024,2,Tlaxcala,98.69125514,127.12433074,128.81012665,104.27331335,104.21906945,Cifras preliminares
46,2024,2,Veracruz de Ignacio de la Llave,100.32217278,127.70408373,127.29397718,107.01305578,107.87211558,Cifras preliminares
46,2024,2,Yucatán,100.86733907,130.66801485,129.54442544,109.64110343,111.18080434,Cifras preliminares
46,2024,2,Zacatecas,99.27867132,131.41980623,132.37466264,109.27191741,109.49839484,Cifras preliminares
46,2024,3,Aguascalientes,102.500207,135.84189682,132.52841218,113.94647691,116.31993481,Cifras preliminares
46,2024,3,Baja California,102.08342419,133.87762138,131.1453083,112.59278086,113.28635759,Cifras preliminares
46,2024,3,Baja California Sur,100.12923716,128.14130184,127.97590941,107.42412396,108.8936154,Cifras preliminares
46,2024,3,Campeche,100.21292505,132.96808721,132.6855664,111.02874006,111.80386613,Cifras preliminares
46,2024,3,Coahuila de Zaragoza,99.93096634,129.97362932,130.06341686,109.26359382,110.98344932,Cifras preliminares
46,2024,3,Colima,102.03555968,130.02192823,127.42805414,109.12151434,110.97826387,Cifras preliminares
46,2024,3,Chiapas,100.53182032,132.16009373,131.46095764,112.69564285,113.17453587,Cifras preliminares
46,2024,3,Chihuahua,101.87167072,132.15161137,129.7236125,110.00067405,110.57803757,Cifras preliminares
46,2024,3,Ciudad de México,97.7381264,124.86424193,127.75387306,110.21624149,110.59673193,Cifras preliminares
46,2024,3,Durango,103.27727756,136.27532185,131.95092383,115.1764162,116.13099124,Cifras preliminares
46,2024,3,Guanajuato,97.0534132,128.21061746,132.10315148,110.84104322,113.0365348,Cifras preliminares
46,2024,3,Guerrero,89.38385871,112.03901475,125.34591409,96.67884033,96.93375017,Cifras preliminares
46,2024,3,Hidalgo,104.73735235,140.71069584,134.34624103,117.16236103,117.54982924,Cifras preliminares
46,2024,3,Jalisco,98.49352481,128.17829144,130.13880018,109.99899233,112.50225783,Cifras preliminares
46,2024,3,México,100.53462179,123.56570836,122.90861214,108.13629394,110.39822991,Cifras preliminares
46,2024,3,Michoacán de Ocampo,98.05464074,129.7231681,132.29681647,111.86588697,113.16280798,Cifras preliminares
46,2024,3,Morelos,99.42930883,128.10139078,128.83665017,109.98644429,112.13841421,Cifras preliminares
46,2024,3,Nayarit,100.74485967,132.81712321,131.83513645,111.9753143,112.64854962,Cifras preliminares
46,2024,3,Nuevo León,102.50066966,134.40396611,131.12496392,113.29775785,115.3403005,Cifras preliminares
46,2024,3,Oaxaca,99.49928873,130.96857013,131.62764458,111.45412354,112.75176177,Cifras preliminares
46,2024,3,Puebla,99.86065668,129.98964484,130.17102947,111.13245207,113.70618451,Cifras preliminares
46,2024,3,Querétaro,103.16464055,132.66614805,128.59653011,114.25545103,116.83675761,Cifras preliminares
46,2024,3,Quintana Roo,99.30308379,121.66225221,122.51608668,108.22033093,110.6202641,Cifras preliminares
46,2024,3,San Luis Potosí,100.73885722,130.96205215,130.00152649,111.2789344,114.14951236,Cifras preliminares
46,2024,3,Sinaloa,101.98297058,129.72097828,127.19866615,109.36541661,111.5107702,Cifras preliminares
46,2024,3,Sonora,99.8636152,123.22631525,123.39460674,103.01414746,104.02181487,Cifras preliminares
46,2024,3,Tabasco,101.27269908,132.1836693,130.52251051,112.27121557,112.44174328,Cifras preliminares
46,2024,3,Tamaulipas,100.8415131,129.33944186,128.26011618,109.34183615,110.35280954,Cifras preliminares
46,2024,3,Tlaxcala,99.16844192,130.10472388,131.19569226,108.33606678,109.02729002,Cifras preliminares
46,2024,3,Veracruz de Ignacio de la Llave,100.52612651,130.49118228,129.80822679,111.17388507,112.47885156,Cifras preliminares
46,2024,3,Yucatán,101.04507437,133.81073767,132.42677934,113.53582842,115.34926703,Cifras preliminares
46,2024,3,Zacatecas,99.53396759,134.80561362,135.43679297,113.57358081,114.29794073,Cifras preliminares
46,2024,4,Aguascalientes,103.68606914,133.42559785,128.68228004,117.698801,119.16741987,Cifras preliminares
46,2024,4,Baja California,102.98207222,130.7681269,126.9814484,114.92872351,115.83526664,Cifras preliminares
46,2024,4,Baja California Sur,101.15339355,125.40585713,123.97592679,110.02552683,111.93114357,Cifras preliminares
46,2024,4,Campeche,101.23265124,130.05183878,128.46827302,113.16644142,114.16287641,Cifras preliminares
46,2024,4,Coahuila de Zaragoza,100.94512366,127.15741332,125.96687062,112.1021005,113.91420019,Cifras preliminares
46,2024,4,Colima,103.15751896,127.51377524,123.61074261,112.60091986,113.95641032,Cifras preliminares
46,2024,4,Chiapas,101.693426,129.8840933,127.7212288,115.58193473,115.64295073,Cifras preliminares
46,2024,4,Chihuahua,102.95687522,129.65091017,125.92739425,112.73798379,113.51281868,Cifras preliminares
46,2024,4,Ciudad de México,98.96740389,124.74177362,126.04329175,114.54781536,115.15264193,Cifras preliminares
46,2024,4,Durango,104.31068626,133.32034673,127.81082314,117.76972772,118.66600795,Cifras preliminares
46,2024,4,Guanajuato,98.22167895,126.17281571,128.45719709,114.51993228,115.86822277,Cifras preliminares
46,2024,4,Guerrero,90.3958922,110.64635047,122.40196737,99.21765536,99.33251876,Cifras preliminares
46,2024,4,Hidalgo,105.92382815,138.48397733,130.73921114,120.3434479,120.54680597,Cifras preliminares
46,2024,4,Jalisco,99.66969201,126.62533182,127.04497151,114.38740182,115.73674454,Cifras preliminares
46,2024,4,México,101.59535977,121.73818393,119.82651984,111.78866617,113.29493769,Cifras preliminares
46,2024,4,Michoacán de Ocampo,99.19877673,127.52709433,128.55712392,115.22464494,115.44278765,Cifras preliminares
46,2024,4,Morelos,100.50815767,126.06053024,125.42318272,113.98298365,115.35221065,Cifras preliminares
46,2024,4,Nayarit,101.86759304,130.29286564,127.90413688,114.62422633,114.96745271,Cifras preliminares
46,2024,4,Nuevo León,103.51140247,131.68282409,127.21576652,116.43856311,118.34030994,Cifras preliminares
46,2024,4,Oaxaca,100.56801525,128.9908918,128.26234214,115.16991871,115.72907145,Cifras preliminares
46,2024,4,Puebla,100.95478355,128.42744999,127.21284269,115.6491871,117.48024678,Cifras preliminares
46,2024,4,Querétaro,104.28896063,130.58539644,125.21497544,117.86006878,119.68397379,Cifras preliminares
46,2024,4,Quintana Roo,100.33401595,119.81435988,119.41549309,110.61326897,113.44682567,Cifras preliminares
46,2024,4,San Luis Potosí,101.85744587,128.58890257,126.24398881,115.18679431,117.08897717,Cifras preliminares
46,2024,4,Sinaloa,103.26184341,127.57647532,123.54657936,112.90229651,114.40908924,Cifras preliminares
46,2024,4,Sonora,100.8024538,120.58003665,119.62014029,105.66527018,106.7092448,Cifras preliminares
46,2024,4,Tabasco,102.35938344,129.46874514,126.48449101,114.26023133,115.21430601,Cifras preliminares
46,2024,4,Tamaulipas,101.90365397,126.18999117,123.83264609,111.76026136,112.84007238,Cifras preliminares
46,2024,4,Tlaxcala,100.21158056,128.66481642,128.39316145,112.29982035,112.57813474,Cifras preliminares
46,2024,4,Veracruz de Ignacio de la Llave,101.65000917,128.27434244,126.19216022,114.41811538,115.48691665,Cifras preliminares
46,2024,4,Yucatán,102.10979988,131.34047261,128.62670651,116.71938821,118.19313862,Cifras preliminares
46,2024,4,Zacatecas,100.64250171,132.23261204,131.38843907,116.29189635,116.54953887,Cifras preliminares
46,2024,5,Aguascalientes,103.65672033,157.40103866,151.8483685,120.39273927,119.51138025,Cifras preliminares
46,2024,5,Baja California,103.01258233,153.17412986,148.69458312,118.32766882,117.18681715,Cifras preliminares
46,2024,5,Baja California Sur,101.27118231,148.73206471,146.86514102,114.42391204,113.49033114,Cifras preliminares
46,2024,5,Campeche,101.31421429,153.76148681,151.76694395,116.83105506,115.70510924,Cifras preliminares
46,2024,5,Coahuila de Zaragoza,101.00760088,150.6142801,149.11182801,115.37845874,114.81156184,Cifras preliminares
46,2024,5,Colima,103.11541187,151.13867997,146.57234765,115.12248293,114.28921592,Cifras preliminares
46,2024,5,Chiapas,101.61169947,153.44779043,151.0139002,118.54110595,116.51530786,Cifras preliminares
46,2024,5,Chihuahua,102.96194883,152.1871193,147.8090897,116.81473086,114.08836578,Cifras preliminares
46,2024,5,Ciudad de México,98.97179685,146.11125649,147.62918441,119.9577177,115.00688988,Cifras preliminares
46,2024,5,Durango,104.3506186,156.97616223,150.43146302,120.83178469,119.46306276,Cifras preliminares
46,2024,5,Guanajuato,98.13988105,150.21111797,153.05818222,117.27659815,116.22910393,Cifras preliminares
46,2024,5,Guerrero,93.43801935,137.87629957,147.5590991,107.39900812,105.30810725,Cifras preliminares
46,2024,5,Hidalgo,105.84168869,163.04462656,154.04575322,123.95138598,121.00350843,Cifras preliminares
46,2024,5,Jalisco,99.60963783,152.60783573,153.20589358,117.3494906,116.08133827,Cifras preliminares
46,2024,5,México,101.51354317,144.54028794,142.38522608,115.14948192,113.79168496,Cifras preliminares
46,2024,5,Michoacán de Ocampo,99.10770137,151.13354364,152.49424772,118.2109737,116.14059377,Cifras preliminares
46,2024,5,Morelos,100.45618804,149.81826878,149.13791943,116.60609926,115.81192003,Cifras preliminares
46,2024,5,Nayarit,101.86831116,155.70666194,152.85093094,117.74280563,116.13635695,Cifras preliminares
46,2024,5,Nuevo León,103.6306899,155.0607494,149.62821298,120.03705579,119.19425064,Cifras preliminares
46,2024,5,Oaxaca,100.56665138,154.15698233,153.28837166,117.46621851,116.12553755,Cifras preliminares
46,2024,5,Puebla,100.89434482,152.88595612,151.53074872,118.03407483,117.23786223,Cifras preliminares
46,2024,5,Querétaro,104.23440981,155.10993155,148.80875887,121.18820299,120.44095664,Cifras preliminares
46,2024,5,Quintana Roo,100.54546573,141.64425516,140.87582581,116.07670904,116.06198998,Cifras preliminares
46,2024,5,San Luis Potosí,101.82497271,152.55252926,149.81838463,117.76734889,117.39030881,Cifras preliminares
46,2024,5,Sinaloa,103.28216489,152.97470747,148.11338205,115.73211036,115.20204976,Cifras preliminares
46,2024,5,Sonora,100.88878252,143.11259164,141.85183731,108.61245412,107.48324544,Cifras preliminares
46,2024,5,Tabasco,102.3902165,152.07140339,148.52141991,118.50520975,116.66509157,Cifras preliminares
46,2024,5,Tamaulipas,101.80885573,149.06554433,146.41707076,115.32449252,113.97408575,Cifras preliminares
46,2024,5,Tlaxcala,100.14712345,154.28113521,154.05448494,114.84886404,112.53548289,Cifras preliminares
46,2024,5,Veracruz de Ignacio de la Llave,101.63532541,153.09954263,150.63615137,117.80265857,116.23567628,Cifras preliminares
46,2024,5,Yucatán,102.19570644,155.63895778,152.29500651,120.0786856,119.23779573,Cifras preliminares
46,2024,5,Zacatecas,100.60875594,157.01275187,156.06271085,119.50428994,117.43609189,Cifras preliminares
46,2024,6,Aguascalientes,104.20334279,136.12011591,130.62931789,115.74794699,114.11273459,Cifras preliminares
46,2024,6,Baja California,103.38583207,132.78934246,128.44056076,113.73621286,111.87148755,Cifras preliminares
46,2024,6,Baja California Sur,101.71613056,127.4643504,125.31380195,109.59942707,107.96798279,Cifras preliminares
46,2024,6,Campeche,101.61338745,132.11887936,130.02113469,112.58956284,110.93993511,Cifras preliminares
46,2024,6,Coahuila de Zaragoza,101.41907252,129.05774539,127.25194797,111.20853818,110.09241413,Cifras preliminares
46,2024,6,Colima,103.60351681,129.92948375,125.41030242,111.0882623,109.45922909,Cifras preliminares
46,2024,6,Chiapas,102.00114245,132.66919053,130.06637705,114.73771837,111.89160631,Cifras preliminares
46,2024,6,Chihuahua,103.40727445,131.58811336,127.25227897,111.71700762,108.95605393,Cifras preliminares
46,2024,6,Ciudad de México,99.53415627,127.0458406,127.64044561,113.61719743,109.34324204,Cifras preliminares
46,2024,6,Durango,104.76258595,135.8105716,129.63652087,116.68102447,114.57763931,Cifras preliminares
46,2024,6,Guanajuato,98.64450108,129.22538697,131.00110554,112.99052033,111.35702799,Cifras preliminares
46,2024,6,Guerrero,93.80365912,119.01815973,126.88008213,103.87906279,100.94034926,Cifras preliminares
46,2024,6,Hidalgo,106.33789827,141.23461541,132.81682044,119.40855696,116.02522118,Cifras preliminares
46,2024,6,Jalisco,100.15066274,129.9353056,129.73983601,112.92083671,110.93174619,Cifras preliminares
46,2024,6,México,101.93985898,124.39611489,122.02892581,110.73443884,108.91448235,Cifras preliminares
46,2024,6,Michoacán de Ocampo,99.58429723,130.78331218,131.32925152,113.99049803,111.15903925,Cifras preliminares
46,2024,6,Morelos,100.85540659,128.76999896,127.67783435,112.38564137,111.05645775,Cifras preliminares
46,2024,6,Nayarit,102.33223663,133.32965303,130.29095955,113.71810386,111.45192167,Cifras preliminares
46,2024,6,Nuevo León,104.05105856,133.83203802,128.62150551,115.08296804,113.75250054,Cifras preliminares
46,2024,6,Oaxaca,100.87847447,132.23518515,131.08364876,113.537847,111.44517415,Cifras preliminares
46,2024,6,Puebla,101.2886441,131.26879489,129.59872852,113.89330794,112.47776024,Cifras preliminares
46,2024,6,Querétaro,104.7712982,133.45547203,127.37789292,116.77794126,115.23071146,Cifras preliminares
46,2024,6,Quintana Roo,100.98970077,122.63069004,121.42890721,110.88107542,109.65190637,Cifras preliminares
46,2024,6,San Luis Potosí,102.27504979,131.37694367,128.45453895,113.50542659,112.59438847,Cifras preliminares
46,2024,6,Sinaloa,104.07454381,130.43906055,125.33233947,111.50222474,110.35675801,Cifras preliminares
46,2024,6,Sonora,101.3646922,122.70450952,121.05251529,104.44699127,102.62500485,Cifras preliminares
46,2024,6,Tabasco,102.84840674,130.9741717,127.3468164,114.12973297,111.99117386,Cifras preliminares
46,2024,6,Tamaulipas,102.14013229,128.19460238,125.5085533,110.94560791,108.89127619,Cifras preliminares
46,2024,6,Tlaxcala,100.46708916,131.63070314,131.01872886,110.90586833,108.28202376,Cifras preliminares
46,2024,6,Veracruz de Ignacio de la Llave,102.09754076,130.72941295,128.0436453,113.52428348,111.56127861,Cifras preliminares
46,2024,6,Yucatán,102.61891608,133.99124928,130.57168639,115.36711548,113.68699286,Cifras preliminares
46,2024,6,Zacatecas,101.05469307,135.34744585,133.93484433,115.32018914,112.42830327,Cifras preliminares
46,2024,7,Aguascalientes,104.34348966,136.94560889,131.24499606,119.26285846,119.73597836,Cifras preliminares
46,2024,7,Baja California,103.52339112,135.28909588,130.68456744,116.82705229,116.76188161,Cifras preliminares
46,2024,7,Baja California Sur,101.66140203,131.26533318,129.12012874,112.20164669,112.50757226,Cifras preliminares
46,2024,7,Campeche,101.737473,135.54825175,133.23335813,115.13265921,115.24205715,Cifras preliminares
46,2024,7,Coahuila de Zaragoza,101.42589581,132.34003151,130.47952937,113.65316746,114.4499509,Cifras preliminares
46,2024,7,Colima,103.73316113,131.12601167,126.40703343,114.08710104,114.59268752,Cifras preliminares
46,2024,7,Chiapas,102.29041753,133.87718914,130.87950208,117.66433875,117.07603318,Cifras preliminares
46,2024,7,Chihuahua,103.41756993,133.95780478,129.53099253,114.9008871,113.92629411,Cifras preliminares
46,2024,7,Ciudad de México,99.66318719,127.0943961,127.52391297,119.51972367,115.9384972,Cifras preliminares
46,2024,7,Durango,104.87350391,137.93219742,131.52244588,119.41360267,119.61788602,Cifras preliminares
46,2024,7,Guanajuato,98.84349793,129.31080905,130.82378888,116.44415019,116.7969153,Cifras preliminares
46,2024,7,Guerrero,94.13598668,120.32364829,127.8189697,106.43226964,105.60597155,Cifras preliminares
46,2024,7,Hidalgo,106.60641674,142.52279041,133.69063023,122.796061,121.62828735,Cifras preliminares
46,2024,7,Jalisco,100.35387064,130.13644888,129.67755808,116.54444398,116.41888473,Cifras preliminares
46,2024,7,México,102.25533048,125.59178828,122.82175187,114.0797409,114.42582339,Cifras preliminares
46,2024,7,Michoacán de Ocampo,99.85828737,130.76012293,130.94568951,117.32402289,117.00124579,Cifras preliminares
46,2024,7,Morelos,101.19114781,129.83655099,128.30821055,115.63627616,116.34874933,Cifras preliminares
46,2024,7,Nayarit,102.46730057,134.6050912,131.36394777,116.35385026,116.0408673,Cifras preliminares
46,2024,7,Nuevo León,104.023487,136.27600782,131.00503718,118.58827966,119.19765431,Cifras preliminares
46,2024,7,Oaxaca,101.23789657,132.76099611,131.13764767,116.72241712,116.67450653,Cifras preliminares
46,2024,7,Puebla,101.61919428,131.59072371,129.49396484,117.58015901,117.90284856,Cifras preliminares
46,2024,7,Querétaro,104.92637166,134.55303681,128.23567105,120.34897936,120.79483537,Cifras preliminares
46,2024,7,Quintana Roo,101.03665282,125.34047954,124.05446543,114.30754875,114.87077492,Cifras preliminares
46,2024,7,San Luis Potosí,102.4948459,132.51892098,129.29325354,116.75304053,117.91818848,Cifras preliminares
46,2024,7,Sinaloa,103.90002291,131.73769953,126.79275311,114.46278413,115.0315407,Cifras preliminares
46,2024,7,Sonora,101.33176916,124.8512662,123.21038825,106.9353044,106.91191692,Cifras preliminares
46,2024,7,Tabasco,102.85868938,134.95335923,131.20268209,116.67230164,116.23595787,Cifras preliminares
46,2024,7,Tamaulipas,102.28835826,130.83674118,127.90970879,113.48971904,113.50912811,Cifras preliminares
46,2024,7,Tlaxcala,100.8915453,132.3342833,131.1648889,113.84748987,112.88285933,Cifras preliminares
46,2024,7,Veracruz de Ignacio de la Llave,102.23753093,132.68992623,129.78592599,116.47788677,116.24047649,Cifras preliminares
46,2024,7,Yucatán,102.76919112,135.51611351,131.86453258,118.70355074,118.97612696,Cifras preliminares
46,2024,7,Zacatecas,101.27879109,136.21939338,134.4994267,118.12561822,117.58616278,Cifras preliminares
46,2024,8,Aguascalientes,103.40845909,141.12905624,136.47728385,117.70080963,116.18233718,Cifras preliminares
46,2024,8,Baja California,102.61237254,139.17938886,135.63606943,115.5220604,113.35228179,Cifras preliminares
46,2024,8,Baja California Sur,100.64017302,133.82979223,132.97849975,111.03250194,108.97549016,Cifras preliminares
46,2024,8,Campeche,100.77140777,138.3721855,137.31294279,113.76256346,111.79638847,Cifras preliminares
46,2024,8,Coahuila de Zaragoza,100.35395919,135.14887318,134.67218859,112.44496364,111.03719706,Cifras preliminares
46,2024,8,Colima,102.757098,134.69083958,131.07692043,113.09626585,111.37643812,Cifras preliminares
46,2024,8,Chiapas,101.47922371,137.26610338,135.26522806,116.44643612,113.70157393,Cifras preliminares
46,2024,8,Chihuahua,102.37832955,137.62806233,134.43085361,113.04802917,109.95265389,Cifras preliminares
46,2024,8,Ciudad de México,98.72999696,130.65177414,132.33239964,117.72646592,111.98916282,Cifras preliminares
46,2024,8,Durango,103.841391,141.70080295,136.45888367,118.26004465,116.13616447,Cifras preliminares
46,2024,8,Guanajuato,98.0703241,133.05000593,135.66795782,114.93595344,113.2173737,Cifras preliminares
46,2024,8,Guerrero,93.37756655,122.88402922,131.59909147,105.35270357,102.58862299,Cifras preliminares
46,2024,8,Hidalgo,105.68342868,146.46685832,138.59018405,121.22495336,117.76843355,Cifras preliminares
46,2024,8,Jalisco,99.49489565,132.90352994,133.57823944,114.86772161,112.82426514,Cifras preliminares
46,2024,8,México,101.37621826,128.68533788,126.9383886,112.67359259,110.75161009,Cifras preliminares
46,2024,8,Michoacán de Ocampo,99.12208741,134.59297187,135.78504588,115.94437937,113.34155028,Cifras preliminares
46,2024,8,Morelos,100.39169859,133.31082222,132.79068299,114.6337026,113.00948576,Cifras preliminares
46,2024,8,Nayarit,101.45836952,137.69566039,135.71641358,114.83678295,112.54649293,Cifras preliminares
46,2024,8,Nuevo León,102.86297879,140.01875391,136.12162078,117.16041203,115.48224874,Cifras preliminares
46,2024,8,Oaxaca,100.4471199,136.22274693,135.61637911,115.48931019,113.38834594,Cifras preliminares
46,2024,8,Puebla,100.8584226,135.02458612,133.87536969,116.33463743,114.68022361,Cifras preliminares
46,2024,8,Querétaro,104.04307553,137.97699486,132.61525974,118.62376527,117.07438566,Cifras preliminares
46,2024,8,Quintana Roo,99.98025967,128.04864368,128.0739259,113.20190556,111.66017404,Cifras preliminares
46,2024,8,San Luis Potosí,101.65132066,136.17314564,133.96101965,115.31608367,114.36595497,Cifras preliminares
46,2024,8,Sinaloa,102.37445358,134.71952139,131.59486247,112.98466026,111.66610805,Cifras preliminares
46,2024,8,Sonora,100.22890952,128.10666737,127.81408875,105.71645382,103.75460146,Cifras preliminares
46,2024,8,Tabasco,101.7273742,137.55258338,135.21688185,115.38900492,112.67283873,Cifras preliminares
46,2024,8,Tamaulipas,101.26819049,134.06028132,132.38143258,112.2661793,109.96468184,Cifras preliminares
46,2024,8,Tlaxcala,100.19292516,135.27576089,135.01528244,112.35896259,109.5405803,Cifras preliminares
46,2024,8,Veracruz de Ignacio de la Llave,101.25812683,135.33646429,133.65491593,115.07365266,112.66937062,Cifras preliminares
46,2024,8,Yucatán,101.79281999,139.19261442,136.74109277,117.50802927,115.60085135,Cifras preliminares
46,2024,8,Zacatecas,100.49699844,139.84604785,139.15445239,116.67538744,113.97950807,Cifras preliminares
46,2024,9,Aguascalientes,103.06402468,137.13194049,133.05509941,112.92063388,112.65536274,Cifras preliminares
46,2024,9,Baja California,102.26668621,135.76776037,132.75854083,111.00060458,110.40474062,Cifras preliminares
46,2024,9,Baja California Sur,100.29727325,131.39245586,131.00301893,106.70213129,107.09078027,Cifras preliminares
46,2024,9,Campeche,100.44851561,135.61496474,135.00942639,109.46367217,109.28066426,Cifras preliminares
46,2024,9,Coahuila de Zaragoza,100.12717692,132.28051916,132.11250255,108.00261471,108.45070568,Cifras preliminares
46,2024,9,Colima,102.49543819,131.14274826,127.94983911,108.75258438,108.13824138,Cifras preliminares
46,2024,9,Chiapas,101.06537478,133.87522055,132.46398269,111.85478874,110.85061629,Cifras preliminares
46,2024,9,Chihuahua,102.05059524,133.9602298,131.26844531,108.5166897,107.07357325,Cifras preliminares
46,2024,9,Ciudad de México,98.37047519,126.93758061,129.04032472,112.62084001,109.21180416,Cifras preliminares
46,2024,9,Durango,103.55463135,138.12879589,133.38736674,113.49074702,112.83535536,Cifras preliminares
46,2024,9,Guanajuato,97.59253473,129.24575319,132.43405712,110.16372824,110.24892982,Cifras preliminares
46,2024,9,Guerrero,92.98518145,120.28180434,129.35588495,101.29552613,100.25210934,Cifras preliminares
46,2024,9,Hidalgo,105.31951454,142.57755958,135.37620279,116.27578326,114.56654552,Cifras preliminares
46,2024,9,Jalisco,99.12971126,129.67427304,130.81272143,110.59381827,110.75445396,Cifras preliminares
46,2024,9,México,101.02630305,125.58018237,124.30444209,108.17614801,108.45331554,Cifras preliminares
46,2024,9,Michoacán de Ocampo,98.6298742,130.81081535,132.6279856,111.32236498,110.6824734,Cifras preliminares
46,2024,9,Morelos,100.09691167,129.86670342,129.74096928,110.02438669,110.02324637,Cifras preliminares
46,2024,9,Nayarit,101.23767496,134.31189258,132.66987081,110.58748575,109.86127211,Cifras preliminares
46,2024,9,Nuevo León,102.64954623,136.54817006,133.02364703,112.70456502,112.77054556,Cifras preliminares
46,2024,9,Oaxaca,100.03651155,132.63941403,132.591003,111.00918664,110.61893877,Cifras preliminares
46,2024,9,Puebla,100.43630726,131.32281425,130.75233233,111.67908661,111.37079369,Cifras preliminares
46,2024,9,Querétaro,103.61868617,134.72373759,130.01876647,113.73458331,114.09231939,Cifras preliminares
46,2024,9,Quintana Roo,99.79708452,125.89163849,126.14761152,108.82300876,109.49138809,Cifras preliminares
46,2024,9,San Luis Potosí,101.26462184,132.65594858,130.99930279,110.64131859,111.0402521,Cifras preliminares
46,2024,9,Sinaloa,102.75490465,131.33001162,127.80899566,108.69596198,109.01005222,Cifras preliminares
46,2024,9,Sonora,100.06050333,124.8603883,124.78488929,101.66371391,101.08326374,Cifras preliminares
46,2024,9,Tabasco,101.61046043,134.82194662,132.6851055,110.89108048,110.40123176,Cifras preliminares
46,2024,9,Tamaulipas,101.01438795,130.90563588,129.59107958,107.77458043,107.61497161,Cifras preliminares
46,2024,9,Tlaxcala,99.71288028,131.73197063,132.11128819,108.00962279,106.96658251,Cifras preliminares
46,2024,9,Veracruz de Ignacio de la Llave,101.0280693,132.26399753,130.91806905,110.55527915,110.39999987,Cifras preliminares
46,2024,9,Yucatán,101.53988907,135.53109459,133.47571662,113.04985619,112.84292601,Cifras preliminares
46,2024,9,Zacatecas,99.98360887,136.16764823,136.18997131,112.07241409,110.96248206,Cifras preliminares
46,2024,10,Aguascalientes,103.92588439,140.62980334,135.31739871,118.47232343,121.40433248,Cifras preliminares
46,2024,10,Baja California,103.20685652,138.81169354,134.49851901,115.79844783,119.97214735,Cifras preliminares
46,2024,10,Baja California Sur,101.29172697,134.31669969,132.60382038,111.44642524,116.42202686,Cifras preliminares
46,2024,10,Campeche,101.33487738,138.91818285,137.08822317,114.31134597,119.02341412,Cifras preliminares
46,2024,10,Coahuila de Zaragoza,101.1384821,135.39417648,133.87008947,112.83602645,117.69728438,Cifras preliminares
46,2024,10,Colima,103.36030724,134.51126181,130.13821785,113.92014654,116.64427153,Cifras preliminares
46,2024,10,Chiapas,101.81742331,137.49517919,135.04091414,117.0802511,120.31612715,Cifras preliminares
46,2024,10,Chihuahua,103.06544239,137.43027042,133.34272597,113.40589579,116.2720327,Cifras preliminares
46,2024,10,Ciudad de México,99.28116245,130.36130833,131.30517926,118.55748669,119.73164471,Cifras preliminares
46,2024,10,Durango,104.49060542,141.70900321,135.61889381,118.60662757,122.18138615,Cifras preliminares
46,2024,10,Guanajuato,98.39517756,132.85300727,135.01983589,115.8046047,119.38430828,Cifras preliminares
46,2024,10,Guerrero,93.65892866,123.32409577,131.67361354,106.08820933,109.15198705,Cifras preliminares
46,2024,10,Hidalgo,106.15186675,146.53301745,138.04092376,121.81082825,124.53220689,Cifras preliminares
46,2024,10,Jalisco,99.92324538,133.16373126,133.26601909,116.54979693,119.94540081,Cifras preliminares
46,2024,10,México,101.77705678,128.94685772,126.69540838,113.72398727,117.84993638,Cifras preliminares
46,2024,10,Michoacán de Ocampo,99.35558349,134.50288781,135.37526839,116.76401425,119.69567426,Cifras preliminares
46,2024,10,Morelos,100.79466018,133.31035794,132.25934559,115.75374229,119.34163288,Cifras preliminares
46,2024,10,Nayarit,102.14121854,137.96551274,135.07329824,115.83638267,119.15748804,Cifras preliminares
46,2024,10,Nuevo León,103.68562903,139.95950224,134.98447523,118.00216684,122.45102308,Cifras preliminares
46,2024,10,Oaxaca,100.68875836,136.52930991,135.59538536,116.77294966,120.20181219,Cifras preliminares
46,2024,10,Puebla,101.11241142,134.86548382,133.38173022,117.45470613,120.5068564,Cifras preliminares
46,2024,10,Querétaro,104.48764073,138.07806513,132.14774893,119.64469237,123.81345593,Cifras preliminares
46,2024,10,Quintana Roo,100.74735346,128.18600825,127.23511224,113.86577696,119.22220944,Cifras preliminares
46,2024,10,San Luis Potosí,102.06247266,135.95860536,133.21116157,116.35788455,120.14644184,Cifras preliminares
46,2024,10,Sinaloa,104.01916324,134.83310171,129.62332854,114.052103,117.9684469,Cifras preliminares
46,2024,10,Sonora,101.06532647,127.99283099,126.64366253,106.34229712,109.30217663,Cifras preliminares
46,2024,10,Tabasco,102.66231349,138.0799619,134.49917229,115.41382744,120.49583718,Cifras preliminares
46,2024,10,Tamaulipas,101.98967543,134.02871102,131.41399897,112.37763217,116.50303407,Cifras preliminares
46,2024,10,Tlaxcala,100.31434601,135.64855918,135.22348954,113.73104702,116.54195997,Cifras preliminares
46,2024,10,Veracruz de Ignacio de la Llave,101.93237397,135.73204614,133.15891787,115.77626396,119.99836813,Cifras preliminares
46,2024,10,Yucatán,102.38491123,139.07413648,135.83460181,118.37082963,121.91272417,Cifras preliminares
46,2024,10,Zacatecas,100.76623866,139.84273015,138.77934912,117.35083896,119.86491767,Cifras preliminares
46,2024,11,Aguascalientes,104.47488692,142.84117049,136.7229721,127.41459563,123.35445998,Cifras preliminares
46,2024,11,Baja California,103.47477052,141.03404483,136.29800204,124.36547383,119.94486999,Cifras preliminares
46,2024,11,Baja California Sur,101.64759032,137.13276727,134.91000312,122.07944223,117.00405383,Cifras preliminares
46,2024,11,Campeche,101.83199208,141.64332683,139.09511533,123.99668509,119.55111233,Cifras preliminares
46,2024,11,Coahuila de Zaragoza,101.63664755,138.10190989,135.87806487,122.00320004,118.1601647,Cifras preliminares
46,2024,11,Colima,103.93249849,137.0902322,131.90314309,122.34761289,117.94995915,Cifras preliminares
46,2024,11,Chiapas,102.45129585,139.82494432,136.47942972,126.21877888,121.12697609,Cifras preliminares
46,2024,11,Chihuahua,103.47966001,140.06823058,135.35822457,122.73059033,116.54454078,Cifras preliminares
46,2024,11,Ciudad de México,99.81113863,132.92754613,133.17906995,132.66102731,123.15362881,Cifras preliminares
46,2024,11,Durango,104.98992525,144.02391183,137.17879262,126.71883083,122.21498486,Cifras preliminares
46,2024,11,Guanajuato,98.91460649,135.05678855,136.53877151,124.98363141,121.0229837,Cifras preliminares
46,2024,11,Guerrero,101.87009098,141.54506326,138.94663478,128.7188965,122.90081222,Cifras preliminares
46,2024,11,Hidalgo,106.77187736,149.11563574,139.65815665,131.43214584,125.092997,Cifras preliminares
46,2024,11,Jalisco,100.48840352,136.08211813,135.42071857,127.4494857,122.90300482,Cifras preliminares
46,2024,11,México,102.28125209,131.30308026,128.37453353,124.10490503,119.36078335,Cifras preliminares
46,2024,11,Michoacán de Ocampo,99.84615876,136.60575973,136.81623953,126.13325262,120.85920253,Cifras preliminares
46,2024,11,Morelos,101.42627599,135.6738956,133.76602293,125.46746768,121.12720413,Cifras preliminares
46,2024,11,Nayarit,102.72927075,140.73945717,137.00034678,124.60523421,120.00970503,Cifras preliminares
46,2024,11,Nuevo León,104.17922743,142.43341194,136.71958936,128.49682032,123.66374207,Cifras preliminares
46,2024,11,Oaxaca,101.33020745,139.15578866,137.3290277,125.92725586,121.64360899,Cifras preliminares
46,2024,11,Puebla,101.70763195,137.49100611,135.1825851,127.34443302,123.24394718,Cifras preliminares
46,2024,11,Querétaro,104.933258,140.34534587,133.74724901,129.90492546,126.03540356,Cifras preliminares
46,2024,11,Quintana Roo,101.33274846,130.43673965,128.72120971,125.57821538,120.9831218,Cifras preliminares
46,2024,11,San Luis Potosí,102.6023773,138.20622895,134.70080576,125.40693658,121.90571185,Cifras preliminares
46,2024,11,Sinaloa,105.18109347,137.64996191,130.86949124,123.87083694,120.12537676,Cifras preliminares
46,2024,11,Sonora,101.52711373,130.46006417,128.49775728,114.04964045,109.81763988,Cifras preliminares
46,2024,11,Tabasco,103.33970993,140.84582417,136.29399992,125.894561,120.49731428,Cifras preliminares
46,2024,11,Tamaulipas,102.37665208,136.41250801,133.24572081,121.00917117,116.35824145,Cifras preliminares
46,2024,11,Tlaxcala,100.83176235,138.7327194,137.58831163,122.82199814,117.85326127,Cifras preliminares
46,2024,11,Veracruz de Ignacio de la Llave,102.60023939,138.65495962,135.14097086,125.98484448,121.18852714,Cifras preliminares
46,2024,11,Yucatán,103.00697031,141.47542792,137.34548982,128.52630638,123.81342874,Cifras preliminares
46,2024,11,Zacatecas,101.19576944,142.25480873,140.57386936,125.49252387,120.42545721,Cifras preliminares
46,2024,12,Aguascalientes,104.3135654,167.63969113,160.70746934,138.80571294,125.74850732,Cifras preliminares
46,2024,12,Baja California,103.10618203,163.61172591,158.68275082,135.52495237,121.2983792,Cifras preliminares
46,2024,12,Baja California Sur,101.34593445,157.48555342,155.39405135,135.34429951,119.24171621,Cifras preliminares
46,2024,12,Campeche,101.85770962,163.03043091,160.05703596,136.8755728,121.27214677,Cifras preliminares
46,2024,12,Coahuila de Zaragoza,101.49946401,159.02153128,156.67228673,134.87493813,120.22284392,Cifras preliminares
46,2024,12,Colima,103.78317548,159.69691027,153.87552899,132.9757912,119.69633299,Cifras preliminares
46,2024,12,Chiapas,102.59759745,163.4412944,159.30323756,140.80703795,124.72586389,Cifras preliminares
46,2024,12,Chihuahua,103.22016099,162.13187776,157.07384701,133.24456706,118.24523127,Cifras preliminares
46,2024,12,Ciudad de México,99.6731189,156.47667524,156.98984537,146.39998296,125.11543775,Cifras preliminares
46,2024,12,Durango,104.91665078,167.84437012,159.97877255,139.79533882,125.38465442,Cifras preliminares
46,2024,12,Guanajuato,98.8573018,158.33761528,160.16785042,137.78758036,123.97151802,Cifras preliminares
46,2024,12,Guerrero,102.05882264,164.71114094,161.38843922,145.58835248,127.47519732,Cifras preliminares
46,2024,12,Hidalgo,106.7574839,173.92046629,162.91173221,145.07328965,128.39755738,Cifras preliminares
46,2024,12,Jalisco,100.37660457,158.94222627,158.34588842,141.61064125,125.6843593,Cifras preliminares
46,2024,12,México,102.37686384,153.13341309,149.57814427,137.38452331,122.11761531,Cifras preliminares
46,2024,12,Michoacán de Ocampo,99.85684121,160.67802921,160.90838371,138.8002325,124.04098136,Cifras preliminares
46,2024,12,Morelos,101.44021304,158.5713122,156.31997159,138.20182775,123.68772263,Cifras preliminares
46,2024,12,Nayarit,102.61742227,163.60346338,159.43049412,137.85659019,122.82622885,Cifras preliminares
46,2024,12,Nuevo León,103.95494666,165.23140864,158.94521035,139.73277947,124.75706657,Cifras preliminares
46,2024,12,Oaxaca,101.56742754,162.68582516,160.17519504,140.0011352,125.2101962,Cifras preliminares
46,2024,12,Puebla,101.8117665,160.97731705,158.1126844,140.47795697,125.8059957,Cifras preliminares
46,2024,12,Querétaro,104.74013725,163.72427647,156.3147431,144.32180279,128.89260045,Cifras preliminares
46,2024,12,Quintana Roo,101.10753875,151.62244898,149.96156652,141.07314832,124.08402254,Cifras preliminares
46,2024,12,San Luis Potosí,102.54486166,161.69702899,157.68418463,137.16724469,124.11241491,Cifras preliminares
46,2024,12,Sinaloa,104.95677989,159.9161227,152.36378523,136.89049056,122.44612495,Cifras preliminares
46,2024,12,Sonora,101.25774614,150.84284904,148.96919474,124.79076468,111.72964714,Cifras preliminares
46,2024,12,Tabasco,103.29377963,161.78390994,156.62502671,140.47775803,122.66683609,Cifras preliminares
46,2024,12,Tamaulipas,102.05659816,157.38502472,154.21347327,132.39946549,118.01059143,Cifras preliminares
46,2024,12,Tlaxcala,101.04844797,161.35984416,159.68562348,137.41551226,121.58979169,Cifras preliminares
46,2024,12,Veracruz de Ignacio de la Llave,102.58447293,160.3444784,156.30482257,140.01835465,123.57594052,Cifras preliminares
46,2024,12,Yucatán,102.95425624,164.93357573,160.20083264,140.8934626,125.79201902,Cifras preliminares
46,2024,12,Zacatecas,101.1836815,166.43767323,164.4906281,138.79658847,124.03722648,Cifras preliminares
46,2025,1,Aguascalientes,103.31863194,143.19142297,138.59206252,117.13654281,112.30501966,Cifras preliminares
46,2025,1,Baja California,102.21971724,142.12100016,139.03482028,114.76089804,108.86163097,Cifras preliminares
46,2025,1,Baja California Sur,100.34001802,136.89741342,136.43351488,110.32586632,105.12321614,Cifras preliminares
46,2025,1,Campeche,100.74167386,141.93414508,140.88920666,113.03169542,107.7742777,Cifras preliminares
46,2025,1,Coahuila de Zaragoza,100.31176544,138.59351083,138.16276707,111.90609474,107.18004315,Cifras preliminares
46,2025,1,Colima,102.66569659,137.12151706,133.56118121,112.36431812,107.04191613,Cifras preliminares
46,2025,1,Chiapas,101.54206611,139.98975382,137.86380284,115.31348658,109.5222428,Cifras preliminares
46,2025,1,Chihuahua,102.19301103,140.57271217,137.5560919,112.78498636,106.53019197,Cifras preliminares
46,2025,1,Ciudad de México,98.94415187,132.50715006,133.92115406,117.1276196,108.54913055,Cifras preliminares
46,2025,1,Durango,103.77927061,144.77052122,139.49849558,116.97148565,111.69427062,Cifras preliminares
46,2025,1,Guanajuato,97.99469969,135.03446736,137.79772558,114.26220037,109.74081394,Cifras preliminares
46,2025,1,Guerrero,100.94045752,140.64823956,139.33782649,116.33551162,110.17466136,Cifras preliminares
46,2025,1,Hidalgo,105.71448071,149.23036856,141.16360177,120.25843354,113.74906575,Cifras preliminares
46,2025,1,Jalisco,99.43695527,134.82711088,135.59054631,114.65103294,109.64034558,Cifras preliminares
46,2025,1,México,101.35611945,131.0586224,129.30509091,112.11994045,107.38043158,Cifras preliminares
46,2025,1,Michoacán de Ocampo,98.9948091,136.54492695,137.93140084,115.09513826,109.49887834,Cifras preliminares
46,2025,1,Morelos,100.42596148,135.62547995,135.05021804,113.98790051,109.32422345,Cifras preliminares
46,2025,1,Nayarit,101.43826766,140.36581123,138.37559973,114.04361939,108.73017189,Cifras preliminares
46,2025,1,Nuevo León,102.87346739,142.88505702,138.89398369,116.84775111,111.43737035,Cifras preliminares
46,2025,1,Oaxaca,100.46803347,138.25704562,137.61297086,114.4042672,109.47863474,Cifras preliminares
46,2025,1,Puebla,100.85405763,137.03697925,135.8765155,115.96603743,111.04836857,Cifras preliminares
46,2025,1,Querétaro,103.8679246,140.43324,135.20366421,117.94592985,113.53860044,Cifras preliminares
46,2025,1,Quintana Roo,99.85953016,129.80918259,129.99178184,111.76242609,107.09028533,Cifras preliminares
46,2025,1,San Luis Potosí,101.5639791,138.617084,136.48252582,115.08862852,111.02102046,Cifras preliminares
46,2025,1,Sinaloa,102.98937321,137.01262667,133.03569329,112.59874775,108.13842637,Cifras preliminares
46,2025,1,Sonora,100.07394192,130.54896951,130.45251042,104.9685135,99.95661959,Cifras preliminares
46,2025,1,Tabasco,101.91902447,141.67880901,139.01115101,114.68466953,108.5460733,Cifras preliminares
46,2025,1,Tamaulipas,101.03898796,137.25363421,135.84224959,111.65172543,106.06977331,Cifras preliminares
46,2025,1,Tlaxcala,100.08831112,137.58910061,137.46770134,111.79976497,106.43240083,Cifras preliminares
46,2025,1,Veracruz de Ignacio de la Llave,101.34691052,138.46817668,136.62792084,114.52630185,109.05878938,Cifras preliminares
46,2025,1,Yucatán,101.75049618,141.46451786,139.03078921,116.78590965,111.42983903,Cifras preliminares
46,2025,1,Zacatecas,100.30773496,142.30018966,141.86362569,115.41824276,109.89309874,Cifras preliminares
46,2025,2,Aguascalientes,103.70568097,138.41627593,133.47029269,108.65567823,107.87913247,Cifras preliminares
46,2025,2,Baja California,103.01212589,136.20668532,132.22393397,106.63733985,105.05639914,Cifras preliminares
46,2025,2,Baja California Sur,100.90251496,130.81726552,129.64718032,101.17419723,100.83520234,Cifras preliminares
46,2025,2,Campeche,101.23492927,135.87709194,134.21957512,104.60887402,103.7282361,Cifras preliminares
46,2025,2,Coahuila de Zaragoza,100.78187752,132.71048089,131.68089755,103.12387214,102.84306039,Cifras preliminares
46,2025,2,Colima,103.14379907,132.5464158,128.50643179,104.4045558,102.95654058,Cifras preliminares
46,2025,2,Chiapas,101.97687141,135.29002712,132.66736393,106.82549659,105.21307845,Cifras preliminares
46,2025,2,Chihuahua,102.74670645,134.94355759,131.33613938,104.68958018,102.74250438,Cifras preliminares
46,2025,2,Ciudad de México,99.04007227,128.21104297,129.45370498,106.82775859,102.88558539,Cifras preliminares
46,2025,2,Durango,104.28717005,139.39791802,133.66737054,109.00124226,107.86296324,Cifras preliminares
46,2025,2,Guanajuato,98.40729522,130.89085269,133.00929814,105.71433186,105.30198164,Cifras preliminares
46,2025,2,Guerrero,101.20743702,135.88814333,134.26695442,107.30076081,105.5110599,Cifras preliminares
46,2025,2,Hidalgo,106.13795188,144.21694595,135.87688795,111.52970978,109.45651154,Cifras preliminares
46,2025,2,Jalisco,99.79113773,130.82272648,131.09653768,105.0584424,104.36026449,Cifras preliminares
46,2025,2,México,101.69174274,126.6151138,124.50874613,103.00440306,102.81050391,Cifras preliminares
46,2025,2,Michoacán de Ocampo,99.47255373,132.40478995,133.1068571,106.73971431,105.43333006,Cifras preliminares
46,2025,2,Morelos,100.8705185,131.31425053,130.18100083,105.22307124,104.77531974,Cifras preliminares
46,2025,2,Nayarit,101.95708427,135.54862054,132.94674079,106.21806779,104.77466286,Cifras preliminares
46,2025,2,Nuevo León,103.24192524,137.23498444,132.92563474,107.76552625,107.13155018,Cifras preliminares
46,2025,2,Oaxaca,100.86009554,134.44521611,133.29871977,105.90927495,105.03163261,Cifras preliminares
46,2025,2,Puebla,101.22966542,133.05971409,131.44340005,106.76073373,105.89002054,Cifras preliminares
46,2025,2,Querétaro,104.33687161,135.52246234,129.88932891,108.43975688,108.5137624,Cifras preliminares
46,2025,2,Quintana Roo,100.2026235,124.14959972,123.89855214,102.35055307,102.55440813,Cifras preliminares
46,2025,2,San Luis Potosí,102.01044598,133.85448458,131.21644876,106.40754675,106.5374458,Cifras preliminares
46,2025,2,Sinaloa,103.14926895,132.35084631,128.31001873,103.89619383,103.52260138,Cifras preliminares
46,2025,2,Sonora,100.66297607,125.62395304,124.79658157,97.59813848,96.37695901,Cifras preliminares
46,2025,2,Tabasco,102.37522925,135.18189322,132.04550965,105.5360597,104.12135928,Cifras preliminares
46,2025,2,Tamaulipas,101.68002061,131.48195304,129.30952635,103.46661434,102.30272898,Cifras preliminares
46,2025,2,Tlaxcala,100.54545289,133.7688397,133.04315198,103.25076044,101.73346669,Cifras preliminares
46,2025,2,Veracruz de Ignacio de la Llave,101.81027214,133.32342328,130.95282085,105.39359355,104.33628004,Cifras preliminares
46,2025,2,Yucatán,102.1650924,136.44824792,133.55662361,108.12124835,107.11926526,Cifras preliminares
46,2025,2,Zacatecas,100.80856957,137.56374934,136.46037229,107.7258564,106.08606683,Cifras preliminares
46,2025,3,Aguascalientes,103.91956719,141.22445145,135.89784414,118.31131283,116.84078907,Cifras preliminares
46,2025,3,Baja California,103.31866334,140.47341733,135.96131888,116.8292559,114.48127098,Cifras preliminares
46,2025,3,Baja California Sur,101.00639813,134.55570092,133.21502738,111.50239823,109.76547587,Cifras preliminares
46,2025,3,Campeche,101.41881208,139.61391461,137.66076702,114.97785359,113.05099066,Cifras preliminares
46,2025,3,Coahuila de Zaragoza,100.93875247,136.08329861,134.81769418,113.10188331,111.90408336,Cifras preliminares
46,2025,3,Colima,103.32714715,135.33544113,130.97762288,113.24599322,111.27480427,Cifras preliminares
46,2025,3,Chiapas,102.23447829,138.16613569,135.1463205,116.83005122,114.12435961,Cifras preliminares
46,2025,3,Chihuahua,102.88900741,138.59434538,134.70277231,114.6353661,111.55682331,Cifras preliminares
46,2025,3,Ciudad de México,99.35383305,131.32079608,132.17486638,116.37173573,111.40465572,Cifras preliminares
46,2025,3,Durango,104.46788176,142.72627436,136.62215789,119.13324374,116.94465649,Cifras preliminares
46,2025,3,Guanajuato,98.64086856,133.54084743,135.38085114,115.36632486,114.04721912,Cifras preliminares
46,2025,3,Guerrero,101.5550703,138.88887051,136.76212335,117.69313188,114.59526373,Cifras preliminares
46,2025,3,Hidalgo,106.40317179,147.41623535,138.54496334,121.90444794,118.56237912,Cifras preliminares
46,2025,3,Jalisco,100.05677529,133.05926236,132.98376044,114.47224429,112.90593492,Cifras preliminares
46,2025,3,México,101.87859836,129.20521282,126.82272322,112.73432232,111.38627165,Cifras preliminares
46,2025,3,Michoacán de Ocampo,99.72391822,135.18701672,135.56127671,116.6053607,114.15280432,Cifras preliminares
46,2025,3,Morelos,101.16001213,133.84509644,132.31028113,114.65523579,113.48834479,Cifras preliminares
46,2025,3,Nayarit,102.15732084,138.70270555,135.77363268,116.15761073,113.76921988,Cifras preliminares
46,2025,3,Nuevo León,103.45805502,140.82479442,136.11776714,117.91797569,116.26880012,Cifras preliminares
46,2025,3,Oaxaca,101.11551048,136.65974695,135.15211099,115.43987359,113.63915554,Cifras preliminares
46,2025,3,Puebla,101.47642027,135.26313923,133.29514272,115.90318991,114.51163909,Cifras preliminares
46,2025,3,Querétaro,104.54764576,138.44437707,132.42228083,118.69323381,117.66488753,Cifras preliminares
46,2025,3,Quintana Roo,100.50885465,128.41280369,127.76267737,113.35898384,112.03515873,Cifras preliminares
46,2025,3,San Luis Potosí,102.24007074,136.68004147,133.68539407,116.09435627,115.51233372,Cifras preliminares
46,2025,3,Sinaloa,103.32347777,135.01198935,130.66922665,113.54420204,112.40303628,Cifras preliminares
46,2025,3,Sonora,100.76939545,128.68868482,127.70611975,106.56491301,104.50020698,Cifras preliminares
46,2025,3,Tabasco,102.56818862,139.06057676,135.57866102,116.2493176,113.6480026,Cifras preliminares
46,2025,3,Tamaulipas,101.8827714,135.24876993,132.74940215,113.40986381,111.20150513,Cifras preliminares
46,2025,3,Tlaxcala,100.77799761,135.80438246,134.75598412,112.54558345,110.21562882,Cifras preliminares
46,2025,3,Veracruz de Ignacio de la Llave,102.02979112,136.30605926,133.59437255,115.33286708,113.3507504,Cifras preliminares
46,2025,3,Yucatán,102.38280054,139.6127426,136.36347303,118.07219595,116.12478576,Cifras preliminares
46,2025,3,Zacatecas,101.01728614,140.61132857,139.19531393,117.61849977,114.84911312,Cifras preliminares
