invoice_id,customer_id,customer_segment,region,order_channel,invoice_month,invoice_amount,payment_terms_days,relationship_months,prior_invoices,prior_late_rate,disputed_line_items,collections_contact_day,delinquent_90
INV-200000,C1708,Regional,West,Sales Rep,11,3100.62,60,59,11,0.291,0,,0
INV-200001,C1572,Regional,South,Web Portal,1,1744.27,30,15,10,0.0,0,,0
INV-200002,C1644,Regional,Midwest,EDI,9,2008.75,45,46,13,0.325,0,,0
INV-200003,C1599,Regional,Midwest,Web Portal,5,1681.24,45,69,12,0.074,0,,0
INV-200004,C1506,Independent,South,Phone,10,4734.03,30,4,11,0.199,1,,0
INV-200005,C1100,Regional,West,Sales Rep,11,806.36,60,31,10,0.0,0,,0
INV-200006,C1651,Regional,South,Web Portal,11,4566.23,45,33,7,0.162,0,,0
INV-200007,C1796,Independent,Northeast,Sales Rep,12,5826.9,45,24,8,0.189,0,,0
INV-200008,C1477,National Account,West,Phone,6,1387.64,45,173,12,0.262,1,,0
INV-200009,C1728,National Account,Midwest,Web Portal,9,7602.14,30,121,30,0.338,0,,0
INV-200010,C1748,Regional,Midwest,Phone,3,2360.28,60,120,9,0.008,0,,0
INV-200011,C1333,Regional,South,Phone,4,4199.0,60,19,6,0.065,0,,0
INV-200012,C1699,National Account,West,Web Portal,12,11758.32,45,49,17,0.081,0,,0
INV-200013,C1112,Independent,Midwest,Phone,9,790.37,30,24,14,0.065,0,,0
INV-200014,C1357,Independent,Midwest,Sales Rep,2,592.37,30,4,10,0.273,0,71.0,1
INV-200015,C1202,National Account,Northeast,Web Portal,9,7903.21,60,98,29,0.0,0,,0
INV-200016,C1580,Regional,Midwest,Phone,8,3116.03,45,20,12,0.124,0,,0
INV-200017,C1259,National Account,South,EDI,1,3972.75,30,71,32,0.0,0,,0
INV-200018,C1280,Independent,West,EDI,8,1205.41,30,10,9,0.304,0,,0
INV-200019,C1146,National Account,Midwest,Sales Rep,12,12044.94,60,38,20,0.435,1,106.0,1
INV-200020,C1614,National Account,Northeast,Sales Rep,12,10088.63,60,27,17,0.0,0,,0
INV-200021,C1116,Independent,Midwest,EDI,3,3733.09,30,30,6,0.056,0,,0
INV-200022,C1005,National Account,Midwest,Sales Rep,10,2789.47,30,34,20,0.173,0,,0
INV-200023,C1120,National Account,South,Phone,2,5531.35,60,62,28,0.377,0,103.0,1
INV-200024,C1275,Regional,Northeast,Sales Rep,10,3698.97,60,45,11,0.166,0,83.0,1
INV-200025,C1382,Regional,Midwest,Phone,4,4238.09,60,25,7,0.129,0,,0
INV-200026,C1091,National Account,South,EDI,5,23506.39,60,111,18,0.039,0,,0
INV-200027,C1638,Independent,Midwest,Phone,12,1081.14,30,32,11,0.141,0,,0
INV-200028,C1430,Regional,Midwest,Sales Rep,7,3343.23,60,34,8,0.092,0,,0
INV-200029,C1454,Regional,Midwest,Web Portal,4,4783.31,30,71,14,0.392,0,,0
INV-200030,C1731,Independent,Northeast,EDI,7,873.62,30,10,12,0.054,0,,0
INV-200031,C1019,National Account,Midwest,Sales Rep,2,6005.87,60,43,17,0.032,0,,0
INV-200032,C1583,National Account,Midwest,Web Portal,12,2996.65,60,103,24,0.258,0,,0
INV-200033,C1035,Regional,West,EDI,5,1192.72,60,18,8,0.205,0,,0
INV-200034,C1797,Regional,Midwest,Phone,5,9867.66,30,60,5,0.196,1,,0
INV-200035,C1101,National Account,South,Sales Rep,12,7734.24,60,152,26,0.098,0,,0
INV-200036,C1197,Independent,Northeast,Sales Rep,11,1031.15,30,10,9,0.247,0,,0
INV-200037,C1698,National Account,South,EDI,4,15335.4,60,49,24,0.0,0,,0
INV-200038,C1052,Independent,Midwest,Sales Rep,9,5416.25,30,15,15,0.274,0,53.0,1
INV-200039,C1298,Independent,Northeast,Sales Rep,11,8474.77,45,23,14,0.315,0,,0
INV-200040,C1675,National Account,West,Web Portal,5,8284.76,30,120,21,0.136,1,,0
INV-200041,C1625,Regional,Midwest,EDI,11,2589.43,60,70,7,0.037,0,,0
INV-200042,C1549,Independent,South,Sales Rep,1,1624.01,30,63,13,0.226,0,,0
INV-200043,C1575,Independent,South,Web Portal,6,2067.71,30,51,12,0.285,0,,0
INV-200044,C1762,National Account,Northeast,Phone,2,3205.31,30,36,23,0.091,0,,0
INV-200045,C1454,Regional,Midwest,EDI,7,2240.99,60,71,10,0.19,0,,0
INV-200046,C1137,Regional,Midwest,Sales Rep,10,2082.24,45,51,9,0.111,0,,0
INV-200047,C1606,National Account,Northeast,EDI,5,3566.99,60,195,25,0.087,0,,0
INV-200048,C1458,Regional,Midwest,Phone,2,2532.91,60,28,10,0.063,0,,0
INV-200049,C1411,National Account,Midwest,Web Portal,5,10548.49,60,70,27,0.014,0,,0
INV-200050,C1601,National Account,Northeast,Sales Rep,3,6368.29,45,17,23,0.0,0,,0
INV-200051,C1710,National Account,Northeast,Web Portal,6,60499.0,45,54,20,0.0,0,,0
INV-200052,C1065,Regional,Midwest,Phone,3,5344.15,45,35,10,0.108,0,,0
INV-200053,C1761,Regional,Midwest,EDI,5,7934.96,30,50,9,0.0,0,,0
INV-200054,C1334,National Account,South,Sales Rep,9,3544.71,45,103,30,0.006,0,,0
INV-200055,C1063,Independent,Midwest,Web Portal,7,2049.19,30,28,13,0.058,0,,0
INV-200056,C1336,National Account,West,Sales Rep,4,4048.19,45,5,22,0.035,0,,0
INV-200057,C1489,National Account,Midwest,Sales Rep,1,2466.16,45,13,26,0.068,0,,0
INV-200058,C1732,National Account,South,Sales Rep,8,28143.44,45,112,26,0.111,0,,0
INV-200059,C1531,Regional,Midwest,EDI,6,5653.11,30,22,14,0.08,0,,0
INV-200060,C1307,Regional,West,Sales Rep,6,4583.11,60,119,11,0.053,0,,0
INV-200061,C1492,National Account,Midwest,EDI,2,12274.98,60,102,18,0.072,1,,0
INV-200062,C1118,Regional,Midwest,Web Portal,5,1101.59,30,8,13,0.129,0,,0
INV-200063,C1801,Independent,Midwest,Phone,6,6622.82,45,33,10,0.222,0,,0
INV-200064,C1048,Regional,Midwest,EDI,9,2920.17,30,61,9,0.18,0,,0
INV-200065,C1565,National Account,Northeast,Sales Rep,2,5518.03,60,28,23,0.626,0,,0
INV-200066,C1710,National Account,West,Phone,2,5765.52,60,54,33,0.012,0,,0
INV-200067,C1587,National Account,West,Phone,10,3824.4,45,24,23,0.093,0,,0
INV-200068,C1814,Regional,Northeast,Web Portal,7,5519.92,60,7,8,0.606,0,,0
INV-200069,C1556,Independent,South,EDI,10,1735.88,60,23,10,0.194,0,,0
INV-200070,C1536,National Account,West,Sales Rep,11,10765.68,60,177,24,0.018,0,,0
INV-200071,C1241,Regional,Midwest,Web Portal,9,1494.79,60,10,9,0.051,0,,0
INV-200072,C1103,National Account,Midwest,Sales Rep,9,2967.78,45,80,32,0.034,0,,0
INV-200073,C1689,National Account,South,EDI,10,16022.0,45,41,17,0.239,0,,0
INV-200074,C1643,Independent,Midwest,Phone,8,3356.63,60,26,7,0.005,0,,0
INV-200075,C1687,Regional,Northeast,EDI,3,6567.77,45,57,10,0.245,0,,0
INV-200076,C1675,National Account,Midwest,Phone,6,9177.85,45,120,15,0.179,0,70.0,0
INV-200077,C1312,National Account,West,Sales Rep,3,6224.39,30,104,30,0.148,0,,0
INV-200078,C1246,Independent,Midwest,EDI,1,868.71,30,8,10,0.449,0,,0
INV-200079,C1175,Regional,Northeast,Phone,12,4460.25,30,50,4,0.058,0,,0
INV-200080,C1332,National Account,Northeast,Web Portal,2,6838.06,30,14,21,0.164,0,,0
INV-200081,C1641,Regional,South,EDI,4,1861.68,30,35,3,0.0,0,,0
INV-200082,C1027,Regional,West,Sales Rep,1,3779.81,30,38,14,0.234,1,,0
INV-200083,C1444,Independent,South,Sales Rep,5,132.9,45,57,10,0.095,0,,0
INV-200084,C1218,National Account,Midwest,Sales Rep,10,10577.18,30,43,28,0.0,0,61.0,1
INV-200085,C1521,Independent,West,Web Portal,4,2586.53,30,2,12,0.142,0,,0
INV-200086,C1428,National Account,Northeast,EDI,8,13438.14,60,19,27,0.24,0,,0
INV-200087,C1100,Regional,Northeast,Web Portal,3,4894.52,30,31,8,0.0,0,,0
INV-200088,C1816,National Account,Midwest,Sales Rep,2,4770.04,60,25,29,0.079,0,,0
INV-200089,C1016,Independent,South,EDI,11,2305.38,30,15,9,0.157,0,,0
INV-200090,C1003,Regional,West,Web Portal,8,3937.99,60,30,14,0.037,0,,0
INV-200091,C1332,National Account,Midwest,Phone,7,12156.79,45,14,19,0.151,0,,0
INV-200092,C1173,Independent,Northeast,Sales Rep,10,157.49,30,15,6,0.157,0,,0
INV-200093,C1824,Independent,Northeast,Sales Rep,6,1375.6,30,35,5,0.0,0,,0
INV-200094,C1521,Independent,Northeast,Web Portal,11,595.57,30,2,3,0.204,0,,0
INV-200095,C1133,Independent,Northeast,EDI,7,2793.14,30,22,10,0.067,0,,0
INV-200096,C1217,National Account,South,Sales Rep,10,12493.93,60,134,25,0.0,0,,0
INV-200097,C1787,National Account,Northeast,EDI,3,36209.1,45,103,20,0.021,0,,0
INV-200098,C1732,National Account,South,Sales Rep,12,2002.66,60,112,19,0.086,0,,0
INV-200099,C1045,National Account,Midwest,Sales Rep,5,2514.84,45,120,22,0.063,0,,0
INV-200100,C1064,Regional,Midwest,Sales Rep,8,4591.82,45,54,12,0.025,0,,0
INV-200101,C1019,National Account,Northeast,Sales Rep,7,5753.65,30,43,23,0.002,0,,0
INV-200102,C1811,Regional,West,EDI,7,5500.1,45,7,14,0.312,0,,0
INV-200103,C1709,National Account,Midwest,Web Portal,6,2074.35,45,45,26,0.0,0,,0
INV-200104,C1707,Independent,Northeast,Web Portal,1,295.86,30,30,7,0.21,0,,0
INV-200105,C1139,Independent,South,Sales Rep,4,1125.67,45,24,16,0.24,0,,0
INV-200106,C1680,Independent,South,Web Portal,4,3315.26,30,16,7,0.195,0,,0
INV-200107,C1701,National Account,West,Sales Rep,12,15792.18,60,61,24,0.13,0,,0
INV-200108,C1060,Regional,South,EDI,2,2716.05,30,32,12,0.166,0,,0
INV-200109,C1691,Independent,South,Web Portal,2,3682.79,30,8,15,0.158,0,,0
INV-200110,C1423,Regional,South,EDI,6,1999.72,30,54,9,0.0,0,,0
INV-200111,C1155,Regional,South,Web Portal,12,6323.81,45,98,10,0.015,0,,0
INV-200112,C1336,National Account,South,Web Portal,2,9508.3,30,5,22,0.053,0,,0
INV-200113,C1522,National Account,Northeast,EDI,4,11741.01,45,5,23,0.0,0,,0
INV-200114,C1411,National Account,Midwest,Web Portal,7,7332.41,45,70,18,0.109,0,,0
INV-200115,C1226,Regional,Northeast,EDI,3,2836.0,30,108,8,0.187,0,,0
INV-200116,C1218,National Account,Midwest,Web Portal,4,22774.42,45,43,20,0.274,0,98.0,1
INV-200117,C1560,Regional,West,Web Portal,3,3594.65,30,125,5,0.007,0,,0
INV-200118,C1316,Regional,Northeast,Sales Rep,12,2540.38,45,44,4,0.135,0,85.0,1
INV-200119,C1451,Regional,South,Sales Rep,8,10602.45,45,128,10,0.11,0,,0
INV-200120,C1587,National Account,Northeast,Sales Rep,12,2522.75,30,24,28,0.077,0,,0
INV-200121,C1426,Regional,Northeast,Web Portal,6,1137.48,30,24,17,0.246,0,,0
INV-200122,C1392,Independent,West,Phone,8,3311.85,30,14,8,0.097,1,,0
INV-200123,C1524,National Account,Midwest,Web Portal,9,6150.79,45,36,21,0.0,0,,0
INV-200124,C1811,Regional,Northeast,Web Portal,9,4013.13,45,7,9,0.112,0,,0
INV-200125,C1805,Regional,Northeast,Web Portal,4,4989.36,60,158,12,0.151,0,,0
INV-200126,C1531,Regional,Midwest,Web Portal,4,8839.02,45,22,8,0.061,0,,0
INV-200127,C1201,Independent,South,EDI,12,2875.28,30,51,9,0.197,0,,0
INV-200128,C1540,National Account,Northeast,EDI,2,22955.9,60,73,30,0.167,0,,0
INV-200129,C1587,National Account,South,EDI,10,8879.06,60,24,22,0.074,0,,0
INV-200130,C1761,Regional,West,Web Portal,1,2433.72,30,50,13,0.137,1,,0
INV-200131,C1762,National Account,South,Sales Rep,12,12800.6,60,36,25,0.0,0,,0
INV-200132,C1783,Regional,West,Sales Rep,2,2841.02,45,26,13,0.149,0,,0
INV-200133,C1336,National Account,South,Sales Rep,4,7467.18,60,5,27,0.22,0,,0
INV-200134,C1177,Regional,Northeast,EDI,10,2423.11,30,85,9,0.385,0,,0
INV-200135,C1214,Independent,Northeast,EDI,4,783.84,45,11,5,0.091,0,,0
INV-200136,C1643,Independent,South,EDI,3,2735.11,30,26,7,0.403,0,,0
INV-200137,C1446,National Account,South,Sales Rep,10,34773.27,60,78,31,0.115,0,,0
INV-200138,C1840,Regional,Northeast,EDI,8,6330.23,45,38,17,0.0,0,,0
INV-200139,C1088,Independent,Midwest,Sales Rep,8,9706.24,45,21,9,0.336,0,72.0,1
INV-200140,C1699,National Account,Northeast,Web Portal,7,17314.14,60,49,21,0.0,0,,0
INV-200141,C1694,National Account,South,EDI,5,11124.17,60,85,25,0.0,0,,0
INV-200142,C1843,Regional,South,Sales Rep,7,4905.66,45,29,12,0.219,0,,0
INV-200143,C1398,National Account,West,Web Portal,5,76596.46,30,161,30,0.077,0,,0
INV-200144,C1062,Regional,Northeast,Sales Rep,12,1538.42,30,43,7,0.217,0,,0
INV-200145,C1262,Regional,Midwest,Web Portal,5,2914.67,45,48,14,0.306,0,,0
INV-200146,C1566,National Account,West,Phone,4,9035.46,60,58,28,0.063,0,,0
INV-200147,C1021,Independent,Northeast,Sales Rep,10,1988.07,30,22,6,0.168,0,,0
INV-200148,C1546,Regional,Midwest,EDI,6,8805.96,45,72,16,0.188,0,,0
INV-200149,C1040,National Account,Northeast,Sales Rep,10,7149.64,60,82,27,0.088,0,,0
INV-200150,C1470,Independent,South,Web Portal,3,205.79,30,40,7,0.087,0,,0
INV-200151,C1540,National Account,West,Sales Rep,6,6876.24,45,73,26,0.0,0,,0
INV-200152,C1263,Independent,Midwest,EDI,5,2024.63,30,84,6,0.26,0,48.0,1
INV-200153,C1238,National Account,South,Phone,2,6931.54,60,201,14,0.104,0,,0
INV-200154,C1112,Independent,Midwest,Sales Rep,10,467.97,30,24,9,0.229,0,,0
INV-200155,C1469,National Account,Northeast,Sales Rep,7,23319.49,45,100,24,0.0,0,,0
INV-200156,C1026,National Account,West,EDI,9,1259.43,45,48,18,0.096,0,,0
INV-200157,C1614,National Account,Midwest,Web Portal,10,16717.16,45,27,23,0.052,0,,0
INV-200158,C1061,Regional,Northeast,Web Portal,1,4211.04,30,30,10,0.109,0,,0
INV-200159,C1243,Regional,South,Sales Rep,8,3574.04,30,20,9,0.001,0,,0
INV-200160,C1134,National Account,West,Web Portal,10,8823.48,30,43,25,0.18,0,,0
INV-200161,C1805,Regional,South,Web Portal,7,10334.64,30,158,8,0.417,0,,0
INV-200162,C1510,Regional,West,Sales Rep,3,1967.47,30,32,11,0.132,0,,0
INV-200163,C1147,Regional,Midwest,Phone,1,8918.4,45,30,11,0.072,0,,0
INV-200164,C1539,Regional,Northeast,Phone,5,3205.29,45,36,8,0.438,0,,0
INV-200165,C1576,Regional,South,Web Portal,9,19274.68,60,18,5,0.168,0,,0
INV-200166,C1044,Independent,Midwest,EDI,11,784.82,45,10,9,0.0,0,,0
INV-200167,C1134,National Account,South,Sales Rep,4,7862.2,45,43,28,0.106,0,,0
INV-200168,C1684,Regional,Northeast,Web Portal,3,2799.55,45,107,8,0.115,0,,0
INV-200169,C1595,Regional,Midwest,Web Portal,4,1602.69,30,17,10,0.053,0,,0
INV-200170,C1848,Independent,West,Sales Rep,4,12707.46,30,26,9,0.09,0,,0
INV-200171,C1278,Regional,South,Sales Rep,10,9849.94,30,33,10,0.0,0,,0
INV-200172,C1489,National Account,Midwest,Web Portal,2,2307.42,30,13,28,0.216,0,,0
INV-200173,C1344,Independent,Northeast,EDI,11,522.42,30,5,11,0.171,0,,0
INV-200174,C1789,Independent,Midwest,Web Portal,5,12172.31,30,27,8,0.0,0,,0
INV-200175,C1253,Regional,South,Phone,10,6920.99,45,48,9,0.13,0,,0
INV-200176,C1803,National Account,West,EDI,9,3509.38,45,32,23,0.159,0,,0
INV-200177,C1770,Regional,Northeast,EDI,10,3256.93,45,13,8,0.087,0,,0
INV-200178,C1091,National Account,Midwest,Web Portal,8,3345.29,45,111,29,0.004,0,,0
INV-200179,C1338,Independent,West,Sales Rep,12,820.09,30,30,12,0.075,0,,0
INV-200180,C1000,Independent,Midwest,EDI,1,13375.99,30,20,8,0.203,0,,0
INV-200181,C1798,Regional,South,Web Portal,1,1279.02,30,90,10,0.1,0,,0
INV-200182,C1643,Independent,Midwest,EDI,10,3437.24,45,26,12,0.203,0,,0
INV-200183,C1125,Independent,West,EDI,4,1647.05,30,37,8,0.108,0,,0
INV-200184,C1756,Regional,Northeast,Sales Rep,3,8473.4,30,81,12,0.047,0,74.0,1
INV-200185,C1653,Regional,South,EDI,5,2110.74,60,8,16,0.0,0,,0
INV-200186,C1728,National Account,West,Web Portal,6,8181.59,60,121,24,0.089,0,,0
INV-200187,C1134,National Account,Midwest,Sales Rep,7,7806.5,45,43,30,0.381,0,,0
INV-200188,C1185,Independent,South,EDI,12,1479.74,45,20,12,0.052,0,,0
INV-200189,C1316,Regional,Midwest,EDI,4,850.59,30,44,11,0.02,0,,0
INV-200190,C1257,Regional,Midwest,Sales Rep,12,2689.01,30,35,8,0.159,0,,0
INV-200191,C1114,Independent,South,Sales Rep,5,1374.39,45,10,12,0.305,0,,0
INV-200192,C1510,Regional,Midwest,EDI,1,2231.87,30,32,17,0.069,0,,0
INV-200193,C1260,National Account,West,Sales Rep,3,18386.12,60,11,25,0.185,0,,0
INV-200194,C1113,Regional,West,Web Portal,7,1901.56,45,26,10,0.305,0,80.0,1
INV-200195,C1790,National Account,Midwest,Sales Rep,3,18562.22,45,87,23,0.105,0,,0
INV-200196,C1274,National Account,South,Web Portal,9,6691.66,45,33,24,0.067,0,,0
INV-200197,C1815,Independent,West,Phone,4,3083.25,45,17,12,0.187,0,,0
INV-200198,C1751,National Account,Northeast,EDI,11,2179.09,45,60,29,0.0,0,,0
INV-200199,C1397,National Account,South,Sales Rep,3,9454.01,60,54,27,0.044,0,,0
INV-200200,C1470,Independent,Northeast,Sales Rep,7,1544.43,30,40,8,0.231,0,,0
INV-200201,C1698,National Account,South,Web Portal,3,8369.74,45,49,23,0.0,0,,0
INV-200202,C1134,National Account,Midwest,EDI,1,7448.37,45,43,24,0.227,0,,0
INV-200203,C1663,Independent,Northeast,Sales Rep,3,967.05,45,16,9,0.256,0,,0
INV-200204,C1218,National Account,South,EDI,4,28250.51,60,43,31,0.018,0,,0
INV-200205,C1170,National Account,West,Sales Rep,7,10451.33,30,47,33,0.303,0,,0
INV-200206,C1178,National Account,Midwest,Phone,6,9151.66,60,58,24,0.335,0,87.0,1
INV-200207,C1400,National Account,Midwest,Phone,3,6672.08,45,89,25,0.0,0,,0
INV-200208,C1847,National Account,Midwest,EDI,4,27912.74,45,10,24,0.025,0,,0
INV-200209,C1246,Independent,South,Web Portal,5,400.44,45,8,8,0.691,0,,0
INV-200210,C1747,Regional,South,EDI,7,3888.95,30,49,16,0.076,0,,0
INV-200211,C1409,Regional,Midwest,Sales Rep,7,2635.54,30,10,6,0.271,0,,0
INV-200212,C1543,Regional,South,Sales Rep,5,7324.78,30,19,14,0.174,0,,1
INV-200213,C1226,Regional,Northeast,Sales Rep,4,2600.84,45,108,10,0.03,0,,0
INV-200214,C1120,National Account,South,Web Portal,3,22659.51,60,62,18,0.126,0,,0
INV-200215,C1372,Regional,West,Phone,8,1681.75,30,60,9,0.25,0,,0
INV-200216,C1166,Regional,South,Web Portal,11,12116.64,45,20,14,0.111,0,80.0,1
INV-200217,C1312,National Account,Midwest,Web Portal,9,21072.68,45,104,22,0.016,0,,0
INV-200218,C1497,National Account,South,Sales Rep,12,9606.15,45,137,27,0.055,0,,0
INV-200219,C1749,Independent,Midwest,Web Portal,6,1469.25,30,28,11,0.071,0,53.0,1
INV-200220,C1073,Regional,South,Web Portal,6,2058.76,45,13,5,0.107,0,,0
INV-200221,C1826,Regional,Midwest,Sales Rep,8,19405.74,30,13,9,0.054,0,,0
INV-200222,C1520,Regional,West,Sales Rep,3,534.85,60,23,10,0.144,0,,0
INV-200223,C1678,Independent,Midwest,Phone,11,931.73,30,31,7,0.168,0,,0
INV-200224,C1473,Independent,Midwest,Phone,12,1441.93,60,17,9,0.327,0,,0
INV-200225,C1427,National Account,Midwest,Phone,2,8700.46,60,71,33,0.0,0,,0
INV-200226,C1341,Independent,Northeast,Sales Rep,9,1878.4,30,53,11,0.052,0,,0
INV-200227,C1228,National Account,Northeast,Web Portal,3,2562.03,45,12,18,0.018,0,,0
INV-200228,C1055,Regional,Midwest,EDI,2,1493.03,30,42,9,0.193,0,,0
INV-200229,C1328,National Account,Midwest,Phone,12,6001.87,45,81,29,0.058,0,,0
INV-200230,C1292,Regional,Midwest,Web Portal,12,2149.67,30,29,3,0.08,0,,0
INV-200231,C1253,Regional,Midwest,Sales Rep,1,4135.49,45,48,4,0.113,0,,0
INV-200232,C1524,National Account,Midwest,Sales Rep,8,20365.57,60,36,28,0.093,0,,0
INV-200233,C1127,Regional,Northeast,EDI,9,2173.72,45,19,14,0.0,0,,0
INV-200234,C1509,Independent,Northeast,EDI,1,1751.53,30,20,8,0.046,0,,0
INV-200235,C1682,Independent,Northeast,Web Portal,7,2205.37,30,13,8,0.072,0,72.0,1
INV-200236,C1482,Regional,South,Web Portal,5,3403.14,30,68,12,0.068,0,,0
INV-200237,C1740,Independent,West,EDI,11,960.6,30,44,7,0.233,0,,0
INV-200238,C1835,Regional,Midwest,EDI,4,1612.81,45,74,12,0.158,0,,0
INV-200239,C1186,National Account,West,Web Portal,7,2795.32,45,69,23,0.076,0,,0
INV-200240,C1167,Regional,Northeast,Sales Rep,6,9761.32,30,29,7,0.0,0,,0
INV-200241,C1803,National Account,Midwest,Web Portal,6,10159.6,45,32,18,0.0,0,,0
INV-200242,C1527,Independent,Midwest,Web Portal,10,2503.89,45,13,15,0.005,0,,0
INV-200243,C1184,Regional,South,Sales Rep,9,6206.18,30,31,8,0.164,0,,0
INV-200244,C1115,National Account,Northeast,EDI,8,5805.85,60,48,20,0.079,0,,0
INV-200245,C1469,National Account,West,Sales Rep,3,3377.88,30,100,14,0.0,0,,0
INV-200246,C1108,Independent,Midwest,Phone,9,12934.25,45,65,11,0.172,0,90.0,1
INV-200247,C1274,National Account,Northeast,EDI,4,30918.22,60,33,20,0.129,0,,0
INV-200248,C1661,National Account,South,Phone,9,11152.27,45,170,18,0.169,1,85.0,1
INV-200249,C1122,Regional,Midwest,EDI,12,11406.93,60,18,10,0.0,0,,0
INV-200250,C1435,Regional,West,EDI,3,1806.59,45,15,9,0.095,0,,0
INV-200251,C1120,National Account,South,EDI,9,9506.69,45,62,23,0.254,0,73.0,1
INV-200252,C1215,Regional,Midwest,Phone,4,2175.88,30,33,10,0.0,0,,0
INV-200253,C1587,National Account,South,EDI,8,2728.03,45,24,24,0.242,0,,0
INV-200254,C1746,Regional,Midwest,Sales Rep,10,14157.86,45,65,10,0.439,0,95.0,1
INV-200255,C1020,Independent,Northeast,Web Portal,4,2260.19,45,2,17,0.099,0,,0
INV-200256,C1106,National Account,Midwest,Web Portal,3,13178.94,45,46,28,0.033,0,,0
INV-200257,C1670,Regional,South,Phone,1,5032.93,30,89,8,0.122,0,,0
INV-200258,C1365,Independent,Midwest,Phone,2,1056.45,30,78,8,0.0,0,,0
INV-200259,C1666,Regional,South,Phone,12,1019.22,45,103,13,0.127,0,,0
INV-200260,C1312,National Account,Midwest,Web Portal,9,14754.86,60,104,25,0.117,0,,0
INV-200261,C1742,Regional,Midwest,Web Portal,7,1990.33,45,19,10,0.0,0,,0
INV-200262,C1653,Regional,Midwest,Sales Rep,12,638.98,60,8,8,0.0,0,,0
INV-200263,C1774,Independent,Midwest,Phone,3,5711.8,30,13,8,0.011,0,,0
INV-200264,C1767,Independent,Northeast,Sales Rep,9,9035.74,45,29,9,0.248,0,,0
INV-200265,C1197,Independent,Midwest,Web Portal,4,596.13,30,10,9,0.091,0,,0
INV-200266,C1643,Independent,South,Sales Rep,10,834.4,30,26,10,0.019,0,,0
INV-200267,C1561,Regional,Midwest,EDI,6,9800.57,60,148,10,0.0,1,,0
INV-200268,C1432,Regional,Midwest,Web Portal,11,6749.12,30,17,6,0.062,0,,0
INV-200269,C1632,Regional,West,Sales Rep,10,7761.43,30,48,13,0.238,0,,0
INV-200270,C1709,National Account,Northeast,Sales Rep,6,5935.57,45,45,22,0.196,0,,0
INV-200271,C1352,National Account,South,EDI,11,11475.5,60,35,28,0.059,0,,0
INV-200272,C1306,National Account,South,Sales Rep,3,8079.84,60,20,22,0.051,0,,0
INV-200273,C1189,National Account,Northeast,EDI,2,15962.39,45,90,15,0.022,0,,0
INV-200274,C1433,Independent,South,Sales Rep,12,4356.68,30,32,11,0.338,0,,0
INV-200275,C1474,Regional,West,Web Portal,11,1758.59,45,25,12,0.116,0,,0
INV-200276,C1067,Independent,West,EDI,7,2345.06,30,2,14,0.091,0,,0
INV-200277,C1494,Independent,West,Sales Rep,3,705.86,45,29,5,0.125,0,,0
INV-200278,C1576,Regional,Midwest,Sales Rep,5,2453.14,45,18,14,0.101,0,,0
INV-200279,C1772,Independent,Midwest,Sales Rep,4,3551.87,30,41,10,0.191,0,80.0,1
INV-200280,C1486,Independent,Northeast,Phone,11,791.97,45,14,8,0.076,0,,0
INV-200281,C1738,Independent,Midwest,Sales Rep,7,384.57,30,10,8,0.359,0,,1
INV-200282,C1756,Regional,South,EDI,1,5243.18,60,81,10,0.0,0,,0
INV-200283,C1772,Independent,Midwest,Phone,12,4954.94,30,41,15,0.175,1,,0
INV-200284,C1564,National Account,Midwest,Phone,5,13933.83,30,113,25,0.209,0,,0
INV-200285,C1831,Regional,Midwest,Web Portal,7,2174.03,30,39,8,0.151,0,,0
INV-200286,C1427,National Account,South,Sales Rep,8,22571.04,60,71,25,0.035,0,,0
INV-200287,C1741,National Account,South,Sales Rep,4,9787.03,45,93,28,0.0,0,,0
INV-200288,C1584,Regional,West,Web Portal,10,1653.91,60,27,8,0.264,0,87.0,1
INV-200289,C1840,Regional,South,Sales Rep,4,17034.08,45,38,13,0.0,0,,0
INV-200290,C1453,Regional,Midwest,Phone,5,3683.43,60,50,6,0.031,0,,0
INV-200291,C1120,National Account,South,Web Portal,7,32166.7,60,62,18,0.099,0,,0
INV-200292,C1229,Regional,Midwest,Phone,6,7339.19,45,63,10,0.236,0,,0
INV-200293,C1421,Regional,South,Sales Rep,4,857.96,60,29,10,0.0,0,,0
INV-200294,C1849,Regional,West,Sales Rep,11,7898.23,45,34,7,0.129,0,,0
INV-200295,C1552,National Account,Midwest,Sales Rep,9,28217.78,60,18,28,0.045,0,,0
INV-200296,C1758,Regional,Northeast,Sales Rep,4,4658.1,30,30,7,0.063,0,,0
INV-200297,C1648,Regional,Midwest,Sales Rep,10,5428.49,30,39,19,0.283,0,,0
INV-200298,C1511,Regional,South,EDI,10,1102.94,30,40,14,0.143,0,,0
INV-200299,C1426,Regional,Midwest,Web Portal,3,1066.17,45,24,6,0.116,0,,0
INV-200300,C1728,National Account,Midwest,EDI,12,7796.31,30,121,21,0.187,0,,0
INV-200301,C1011,Independent,South,Sales Rep,4,4372.57,45,15,9,0.243,0,,0
INV-200302,C1103,National Account,Midwest,Web Portal,2,13282.71,45,80,28,0.023,0,,0
INV-200303,C1148,Regional,West,Sales Rep,5,5211.96,30,18,8,0.097,0,,0
INV-200304,C1114,Independent,Northeast,Web Portal,8,1335.76,30,10,13,0.17,0,,0
INV-200305,C1385,Regional,South,Web Portal,6,9435.84,45,52,7,0.0,0,,0
INV-200306,C1069,National Account,South,Phone,6,19339.38,45,16,29,0.186,0,,0
INV-200307,C1689,National Account,West,Web Portal,8,8411.86,60,41,25,0.115,0,,0
INV-200308,C1706,Regional,Midwest,Sales Rep,2,2884.84,30,17,6,0.058,0,,0
INV-200309,C1033,Independent,Northeast,Phone,11,7039.72,30,24,13,0.053,0,,0
INV-200310,C1494,Independent,Midwest,EDI,9,3606.45,30,29,12,0.12,0,,0
INV-200311,C1477,National Account,Midwest,EDI,3,51128.25,30,173,18,0.091,0,,0
INV-200312,C1492,National Account,West,Phone,4,3252.85,30,102,29,0.009,0,,0
INV-200313,C1497,National Account,Northeast,EDI,2,3100.97,60,137,24,0.012,0,,0
INV-200314,C1197,Independent,South,EDI,9,2971.18,30,10,10,0.046,0,,0
INV-200315,C1261,Regional,West,EDI,6,1354.87,60,33,11,0.083,0,,0
INV-200316,C1750,National Account,South,Sales Rep,11,13165.85,60,108,25,0.0,0,,0
INV-200317,C1364,Regional,West,Web Portal,3,1888.55,30,11,8,0.132,0,,0
INV-200318,C1818,National Account,Northeast,Sales Rep,12,31220.06,60,113,18,0.167,0,,0
INV-200319,C1138,Independent,West,EDI,9,2780.67,30,28,8,0.181,0,,0
INV-200320,C1665,Independent,Northeast,EDI,12,1713.51,60,27,15,0.056,0,,0
INV-200321,C1645,Independent,Midwest,EDI,12,1681.92,30,5,7,0.151,0,,0
INV-200322,C1555,Regional,Midwest,EDI,1,1991.19,45,41,15,0.0,0,,0
INV-200323,C1434,Regional,Midwest,EDI,4,3885.45,45,114,12,0.003,0,,0
INV-200324,C1249,Regional,Northeast,Sales Rep,10,5479.24,45,46,12,0.29,0,,0
INV-200325,C1598,Independent,Midwest,Web Portal,6,9910.35,30,12,12,0.02,0,,0
INV-200326,C1768,National Account,West,Sales Rep,5,18900.17,45,109,23,0.143,0,,0
INV-200327,C1182,Regional,Midwest,Phone,10,1384.16,30,16,6,0.019,0,,0
INV-200328,C1588,Regional,West,EDI,8,2863.81,45,13,4,0.264,0,,0
INV-200329,C1177,Regional,Midwest,EDI,5,4767.3,30,85,8,0.161,0,,0
INV-200330,C1608,Independent,South,Web Portal,3,4611.24,30,17,10,0.19,0,,0
INV-200331,C1139,Independent,Northeast,EDI,6,2848.99,30,24,7,0.288,0,,0
INV-200332,C1395,Regional,Midwest,Web Portal,5,4249.43,45,49,7,0.238,0,,0
INV-200333,C1471,National Account,Midwest,Phone,7,11072.7,60,137,22,0.159,0,,0
INV-200334,C1819,Regional,Midwest,Phone,3,2314.4,60,69,9,0.463,0,,0
INV-200335,C1120,National Account,West,Phone,6,3608.3,60,62,18,0.154,0,,0
INV-200336,C1472,Regional,Midwest,EDI,7,1607.09,60,66,9,0.06,0,,0
INV-200337,C1756,Regional,West,Web Portal,2,3530.51,30,81,13,0.0,0,,0
INV-200338,C1297,National Account,West,EDI,12,14823.22,45,77,18,0.067,0,,0
INV-200339,C1659,National Account,South,Phone,6,2873.83,30,99,16,0.025,0,,0
INV-200340,C1352,National Account,West,EDI,4,4762.44,45,35,30,0.001,0,,0
INV-200341,C1402,National Account,West,Sales Rep,4,17648.9,30,66,27,0.095,0,,0
INV-200342,C1060,Regional,Midwest,EDI,3,7298.44,45,32,10,0.137,0,,0
INV-200343,C1708,Regional,South,Sales Rep,8,6779.25,30,59,5,0.163,0,,0
INV-200344,C1101,National Account,Midwest,Sales Rep,11,28331.39,45,152,26,0.0,0,,0
INV-200345,C1082,Independent,South,Web Portal,10,2902.41,30,26,11,0.24,0,,0
INV-200346,C1725,Independent,Northeast,EDI,1,1290.1,60,41,13,0.207,0,,0
INV-200347,C1498,Independent,Northeast,EDI,4,994.2,30,17,12,0.123,0,,0
INV-200348,C1681,Regional,South,Web Portal,9,12067.7,30,43,14,0.084,0,,0
INV-200349,C1381,Regional,West,Web Portal,5,20094.3,45,92,10,0.078,0,,0
INV-200350,C1246,Independent,South,Phone,6,1245.7,30,8,5,0.238,0,70.0,1
INV-200351,C1755,Independent,Northeast,EDI,10,1539.38,45,16,10,0.189,0,,0
INV-200352,C1109,Independent,Northeast,EDI,7,1973.06,30,23,11,0.045,0,,0
INV-200353,C1534,Regional,South,Web Portal,4,5225.5,30,38,9,0.125,0,52.0,1
INV-200354,C1699,National Account,South,EDI,10,15617.59,45,49,20,0.068,0,,0
INV-200355,C1603,National Account,Northeast,Sales Rep,9,11541.79,60,122,18,0.312,0,,0
INV-200356,C1593,Regional,Midwest,Phone,7,1090.41,30,128,11,0.278,0,,0
INV-200357,C1450,Independent,West,Web Portal,9,2764.21,30,16,10,0.116,0,,0
INV-200358,C1649,Independent,South,Sales Rep,8,2036.04,30,29,8,0.21,0,,0
INV-200359,C1361,Independent,Northeast,EDI,4,1197.38,45,26,11,0.455,0,,0
INV-200360,C1153,Regional,South,Sales Rep,6,2499.67,30,80,9,0.183,0,,0
INV-200361,C1566,National Account,Northeast,Sales Rep,8,18273.81,30,58,22,0.078,1,,0
INV-200362,C1667,Regional,West,EDI,1,1604.7,45,37,16,0.16,0,,0
INV-200363,C1565,National Account,South,Phone,2,15595.48,60,28,26,0.115,0,,0
INV-200364,C1498,Independent,South,Sales Rep,9,2978.0,45,17,15,0.236,0,,0
INV-200365,C1559,National Account,South,Phone,11,4890.63,45,11,27,0.32,0,,0
INV-200366,C1551,Regional,Midwest,Web Portal,2,3225.85,60,97,9,0.321,0,,0
INV-200367,C1692,National Account,Northeast,Sales Rep,11,17635.03,45,42,25,0.154,0,,0
INV-200368,C1699,National Account,Midwest,Web Portal,11,6278.69,30,49,24,0.191,0,,0
INV-200369,C1321,Independent,Midwest,Sales Rep,4,7184.17,60,6,11,0.072,0,,0
INV-200370,C1546,Regional,Midwest,Sales Rep,2,3034.13,45,72,9,0.058,0,,0
INV-200371,C1816,National Account,Northeast,EDI,9,15974.8,45,25,19,0.025,0,,0
INV-200372,C1653,Regional,Northeast,Sales Rep,4,4571.68,45,8,2,0.063,0,,0
INV-200373,C1347,Regional,South,Phone,6,2512.3,45,85,7,0.206,0,,0
INV-200374,C1659,National Account,Midwest,Phone,10,6547.18,45,99,26,0.035,0,,0
INV-200375,C1026,National Account,South,Sales Rep,5,3424.19,60,48,25,0.09,0,,0
INV-200376,C1067,Independent,Midwest,Web Portal,3,2075.74,30,2,13,0.141,0,,0
INV-200377,C1398,National Account,West,Sales Rep,4,8778.84,45,161,19,0.092,0,,0
INV-200378,C1430,Regional,Northeast,Web Portal,4,5647.24,45,34,9,0.029,0,,0
INV-200379,C1737,Regional,West,EDI,1,9000.65,30,28,7,0.145,0,,0
INV-200380,C1399,Independent,Midwest,Phone,3,949.48,45,26,10,0.242,0,,0
INV-200381,C1204,Independent,Midwest,Web Portal,8,492.4,30,2,14,0.426,0,68.0,1
INV-200382,C1705,Independent,South,Sales Rep,11,1520.15,30,10,10,0.139,0,,0
INV-200383,C1072,Regional,Northeast,EDI,4,3051.87,45,23,8,0.099,0,,0
INV-200384,C1437,National Account,Midwest,Web Portal,5,19864.93,45,20,18,0.191,0,,0
INV-200385,C1531,Regional,South,EDI,7,3581.26,30,22,9,0.031,0,,0
INV-200386,C1145,National Account,West,Phone,12,8515.94,30,5,26,0.053,0,,0
INV-200387,C1419,National Account,Midwest,Phone,2,5223.82,60,31,25,0.101,0,,0
INV-200388,C1350,Independent,South,Web Portal,8,955.22,45,32,12,0.03,0,,0
INV-200389,C1687,Regional,Midwest,Sales Rep,8,6212.0,45,57,6,0.105,0,,0
INV-200390,C1311,Independent,South,Sales Rep,8,4501.21,30,11,8,0.182,0,,0
INV-200391,C1236,National Account,Northeast,Phone,1,5752.54,60,36,24,0.072,0,,0
INV-200392,C1348,Regional,South,Phone,12,4896.43,45,84,6,0.0,0,,0
INV-200393,C1523,Independent,Northeast,Sales Rep,6,2692.06,30,34,14,0.152,0,,0
INV-200394,C1220,National Account,South,Web Portal,7,21432.56,60,29,17,0.033,0,,0
INV-200395,C1067,Independent,South,Sales Rep,2,3304.23,30,2,5,0.024,0,,0
INV-200396,C1763,Regional,Midwest,Sales Rep,4,5695.52,30,53,10,0.381,0,,0
INV-200397,C1727,Regional,West,Web Portal,10,3368.97,45,37,9,0.043,0,,0
INV-200398,C1701,National Account,Midwest,Sales Rep,11,17627.26,30,61,22,0.3,0,,0
INV-200399,C1259,National Account,Northeast,Sales Rep,5,83723.13,60,71,25,0.0,0,96.0,1
INV-200400,C1531,Regional,Northeast,Sales Rep,7,2035.41,30,22,7,0.099,0,,0
INV-200401,C1038,National Account,Midwest,Sales Rep,5,18355.82,60,81,24,0.2,0,84.0,0
INV-200402,C1229,Regional,Midwest,Web Portal,4,1136.15,45,63,11,0.0,0,,0
INV-200403,C1236,National Account,Midwest,Phone,1,2981.67,45,36,23,0.0,0,,0
INV-200404,C1254,Independent,Midwest,EDI,7,1779.33,60,19,10,0.3,0,108.0,1
INV-200405,C1535,National Account,West,EDI,12,14845.52,60,55,31,0.376,0,88.0,1
INV-200406,C1163,National Account,Midwest,EDI,7,16118.93,60,48,24,0.084,0,,0
INV-200407,C1576,Regional,South,Sales Rep,1,2876.7,45,18,8,0.183,0,,0
INV-200408,C1764,Independent,Midwest,Sales Rep,4,1569.37,30,11,11,0.286,0,,0
INV-200409,C1780,Regional,South,Web Portal,12,1831.51,60,54,7,0.062,0,,0
INV-200410,C1048,Regional,West,EDI,9,2812.92,60,61,7,0.109,0,,0
INV-200411,C1614,National Account,Midwest,EDI,6,4922.74,45,27,27,0.278,0,,0
INV-200412,C1721,Regional,Midwest,Sales Rep,2,2738.39,30,39,5,0.185,0,81.0,1
INV-200413,C1345,Independent,Northeast,Sales Rep,2,1959.98,30,47,5,0.103,0,,0
INV-200414,C1440,Regional,Midwest,EDI,6,1221.98,45,67,12,0.165,0,,0
INV-200415,C1595,Regional,Midwest,EDI,2,3750.15,45,17,9,0.349,0,,0
INV-200416,C1148,Regional,South,EDI,2,8710.08,30,18,8,0.069,0,,0
INV-200417,C1814,Regional,Midwest,Sales Rep,7,7454.64,60,7,15,0.414,0,90.0,1
INV-200418,C1699,National Account,South,Sales Rep,2,4105.74,60,49,26,0.272,0,78.0,1
INV-200419,C1255,National Account,Midwest,Sales Rep,1,112957.64,45,86,22,0.0,0,99.0,1
INV-200420,C1109,Independent,South,EDI,4,2755.85,45,23,12,0.074,0,,0
INV-200421,C1552,National Account,Northeast,EDI,2,5493.89,60,18,25,0.114,0,,0
INV-200422,C1594,National Account,Midwest,EDI,7,2987.58,30,75,17,0.0,0,,0
INV-200423,C1243,Regional,Northeast,EDI,12,5154.01,45,20,4,0.0,0,,0
INV-200424,C1804,Independent,Northeast,Sales Rep,12,2573.91,60,31,7,0.067,0,,0
INV-200425,C1218,National Account,Midwest,Phone,2,7174.11,45,43,22,0.0,0,,0
INV-200426,C1693,Regional,West,EDI,3,1472.61,45,46,11,0.0,0,,0
INV-200427,C1469,National Account,Midwest,Sales Rep,2,13935.14,45,100,13,0.0,0,,0
INV-200428,C1474,Regional,Midwest,Sales Rep,8,2693.91,30,25,9,0.0,0,,0
INV-200429,C1071,Regional,Northeast,EDI,5,5535.07,30,48,12,0.297,0,,0
INV-200430,C1536,National Account,Northeast,Sales Rep,8,74451.92,60,177,22,0.055,0,,0
INV-200431,C1196,National Account,Midwest,Sales Rep,1,7862.05,60,28,16,0.159,0,,0
INV-200432,C1670,Regional,South,Web Portal,6,8654.27,30,89,12,0.0,0,,0
INV-200433,C1829,Independent,Midwest,EDI,6,774.45,45,28,7,0.117,0,,0
INV-200434,C1078,Regional,Midwest,Sales Rep,4,4616.67,60,20,11,0.15,0,,0
INV-200435,C1062,Regional,South,Phone,7,2778.9,30,43,7,0.034,0,,0
INV-200436,C1608,Independent,Northeast,Web Portal,9,3754.98,30,17,8,0.152,0,,0
INV-200437,C1568,National Account,West,Web Portal,5,8368.96,45,79,24,0.328,0,,0
INV-200438,C1719,Independent,Northeast,Sales Rep,7,2240.71,45,33,9,0.335,0,,0
INV-200439,C1784,Independent,West,Sales Rep,9,3244.45,30,2,15,0.506,0,,0
INV-200440,C1078,Regional,South,Sales Rep,10,45192.82,30,20,11,0.0,0,,0
INV-200441,C1824,Independent,Northeast,EDI,9,2163.76,45,35,6,0.0,0,,0
INV-200442,C1589,Independent,South,EDI,2,1961.53,45,16,10,0.363,0,,0
INV-200443,C1328,National Account,Midwest,Sales Rep,11,13834.94,60,81,19,0.155,0,,0
INV-200444,C1104,Independent,West,Phone,1,625.09,45,19,15,0.17,0,,0
INV-200445,C1820,Regional,West,Phone,12,4117.21,30,58,10,0.415,0,,0
INV-200446,C1163,National Account,Midwest,Web Portal,8,3786.45,45,48,22,0.173,0,,0
INV-200447,C1031,Regional,South,EDI,5,3532.49,45,34,12,0.0,0,,0
INV-200448,C1097,National Account,Midwest,Phone,10,19084.5,30,32,27,0.0,0,,0
INV-200449,C1236,National Account,Northeast,Sales Rep,5,21377.46,60,36,22,0.025,0,,0
INV-200450,C1502,Independent,Northeast,Web Portal,12,1008.26,30,35,13,0.098,0,,0
INV-200451,C1454,Regional,Midwest,EDI,4,25122.12,45,71,11,0.183,0,,0
INV-200452,C1132,Independent,South,EDI,9,1294.3,45,7,12,0.253,0,,0
INV-200453,C1303,Independent,Midwest,Sales Rep,11,7113.55,30,2,13,0.094,0,,0
INV-200454,C1160,Regional,South,Sales Rep,4,998.09,45,18,11,0.144,0,,0
INV-200455,C1516,Independent,Midwest,EDI,1,2058.99,45,14,11,0.138,0,,0
INV-200456,C1717,Independent,Midwest,EDI,11,1970.01,30,10,11,0.153,0,,0
INV-200457,C1671,National Account,West,Sales Rep,4,8936.82,45,231,22,0.0,0,,0
INV-200458,C1122,Regional,Midwest,EDI,9,8457.39,60,18,11,0.0,0,,0
INV-200459,C1400,National Account,West,Web Portal,4,6071.47,45,89,19,0.0,0,,0
INV-200460,C1560,Regional,Midwest,Web Portal,8,3789.02,30,125,10,0.009,0,,0
INV-200461,C1336,National Account,West,Sales Rep,1,4510.0,30,5,18,0.059,0,,0
INV-200462,C1566,National Account,Northeast,Sales Rep,12,35476.85,60,58,27,0.098,0,,0
INV-200463,C1834,Regional,Midwest,EDI,2,1201.95,45,101,13,0.134,0,,0
INV-200464,C1234,Independent,Northeast,Phone,4,1410.02,30,10,8,0.196,0,,0
INV-200465,C1606,National Account,West,EDI,9,4419.96,30,195,16,0.004,0,,0
INV-200466,C1689,National Account,West,Sales Rep,8,7404.04,45,41,16,0.013,0,,0
INV-200467,C1618,Independent,West,Sales Rep,1,2347.28,30,60,12,0.205,0,,0
INV-200468,C1458,Regional,South,Sales Rep,12,4220.74,45,28,8,0.0,0,,0
INV-200469,C1005,National Account,Midwest,Web Portal,7,4253.28,60,34,30,0.185,0,,0
INV-200470,C1791,Regional,Midwest,Web Portal,11,2295.53,30,143,9,0.045,0,,0
INV-200471,C1352,National Account,Midwest,Phone,6,2973.11,30,35,12,0.075,0,,0
INV-200472,C1728,National Account,Midwest,Phone,1,22962.47,60,121,29,0.052,0,,0
INV-200473,C1440,Regional,Midwest,Sales Rep,6,5622.98,45,67,10,0.157,0,74.0,1
INV-200474,C1290,Regional,Northeast,Phone,9,1515.53,30,69,7,0.0,0,,0
INV-200475,C1097,National Account,South,EDI,12,6207.24,30,32,23,0.0,0,,0
INV-200476,C1325,Regional,Northeast,Phone,5,5105.15,45,59,9,0.22,0,,0
INV-200477,C1260,National Account,Midwest,EDI,9,12988.28,45,11,24,0.365,0,88.0,1
INV-200478,C1791,Regional,Midwest,Phone,9,14138.02,45,143,10,0.204,0,,0
INV-200479,C1402,National Account,Midwest,Sales Rep,6,8574.74,30,66,22,0.144,0,,0
INV-200480,C1005,National Account,West,Web Portal,4,2224.52,30,34,24,0.0,0,,0
INV-200481,C1154,Regional,South,Web Portal,2,2691.42,45,5,11,0.0,0,,0
INV-200482,C1642,Regional,South,EDI,12,1900.06,45,47,14,0.09,0,,0
INV-200483,C1117,Regional,South,EDI,5,1885.02,45,19,3,0.205,0,,0
INV-200484,C1625,Regional,South,Web Portal,6,805.99,60,70,8,0.23,0,,0
INV-200485,C1257,Regional,South,Sales Rep,10,1300.08,30,35,12,0.215,1,79.0,1
INV-200486,C1564,National Account,Midwest,Phone,12,40712.55,60,113,19,0.263,0,,0
INV-200487,C1557,Regional,West,Web Portal,5,6835.55,60,14,4,0.199,0,,0
INV-200488,C1459,Regional,Midwest,Web Portal,9,1164.71,30,24,9,0.151,0,,0
INV-200489,C1373,Independent,Midwest,Sales Rep,5,1436.33,30,9,12,0.169,0,,0
INV-200490,C1832,Independent,West,EDI,7,3625.82,30,14,10,0.352,0,,0
INV-200491,C1103,National Account,Northeast,Sales Rep,11,3115.41,60,80,21,0.027,0,,0
INV-200492,C1131,Regional,South,EDI,12,1944.36,30,56,16,0.377,0,,0
INV-200493,C1097,National Account,West,Web Portal,1,27664.3,30,32,15,0.0,0,,0
INV-200494,C1836,Regional,Northeast,Sales Rep,12,1102.92,45,10,12,0.026,0,,0
INV-200495,C1564,National Account,Midwest,EDI,4,9352.1,60,113,25,0.078,0,87.0,1
INV-200496,C1039,Independent,South,Sales Rep,11,3196.18,30,20,13,0.171,0,,0
INV-200497,C1352,National Account,Midwest,Web Portal,4,14303.25,60,35,24,0.112,0,,0
INV-200498,C1475,Independent,Northeast,Web Portal,6,1459.47,45,20,9,0.158,0,,0
INV-200499,C1478,Regional,Midwest,EDI,6,2402.92,45,21,7,0.386,0,,0
INV-200500,C1594,National Account,West,EDI,7,14774.76,30,75,16,0.13,0,,0
INV-200501,C1252,National Account,South,Sales Rep,11,16565.93,30,90,22,0.149,0,,0
INV-200502,C1619,Independent,Midwest,EDI,7,4247.15,30,35,8,0.116,0,,0
INV-200503,C1500,Independent,West,Sales Rep,11,1061.8,30,24,9,0.127,0,,0
INV-200504,C1566,National Account,West,Web Portal,6,10277.61,60,58,19,0.143,0,,0
INV-200505,C1176,Independent,South,Sales Rep,7,1261.31,30,13,11,0.101,0,,0
INV-200506,C1425,Independent,Midwest,Web Portal,3,519.59,60,20,11,0.302,0,,0
INV-200507,C1675,National Account,Midwest,EDI,2,7139.25,45,120,20,0.081,0,,0
INV-200508,C1202,National Account,West,Sales Rep,6,2408.86,60,98,20,0.0,0,,0
INV-200509,C1603,National Account,Midwest,Sales Rep,7,4506.42,30,122,29,0.079,0,,0
INV-200510,C1228,National Account,South,EDI,6,4298.29,45,12,25,0.025,0,,0
INV-200511,C1709,National Account,West,Web Portal,12,16209.89,30,45,24,0.168,1,,0
INV-200512,C1336,National Account,West,Phone,5,6817.3,45,5,23,0.054,0,,0
INV-200513,C1238,National Account,Midwest,Sales Rep,1,8993.02,45,201,30,0.004,0,,0
INV-200514,C1153,Regional,Northeast,EDI,2,11871.54,30,80,14,0.224,0,,0
INV-200515,C1605,Regional,South,EDI,3,2376.21,30,43,9,0.396,0,,0
INV-200516,C1796,Independent,South,EDI,1,1822.88,30,24,9,0.06,0,,0
INV-200517,C1500,Independent,Midwest,Sales Rep,9,3140.77,30,24,13,0.103,1,,0
INV-200518,C1799,Regional,South,Phone,5,6750.0,45,38,5,0.021,0,,0
INV-200519,C1181,Regional,Midwest,Web Portal,3,2902.77,30,58,13,0.095,1,,0
INV-200520,C1237,National Account,West,Sales Rep,7,4061.46,60,55,27,0.065,0,,0
INV-200521,C1497,National Account,West,Web Portal,2,4213.83,60,137,17,0.0,0,,0
INV-200522,C1045,National Account,Northeast,Sales Rep,3,4048.1,45,120,33,0.118,0,,0
INV-200523,C1412,Independent,South,Phone,10,5103.46,60,40,9,0.302,0,,0
INV-200524,C1115,National Account,South,Web Portal,11,8810.7,45,48,28,0.149,0,,0
INV-200525,C1182,Regional,Midwest,Web Portal,10,458.59,45,16,12,0.14,0,,0
INV-200526,C1202,National Account,Midwest,Phone,3,25117.39,60,98,22,0.128,0,,0
INV-200527,C1007,Regional,Midwest,Sales Rep,2,1339.7,60,72,10,0.159,0,,0
INV-200528,C1304,Independent,South,Web Portal,9,1053.03,30,12,19,0.101,0,,0
INV-200529,C1236,National Account,Northeast,Web Portal,4,10631.23,30,36,24,0.0,0,,0
INV-200530,C1111,National Account,Midwest,Sales Rep,3,9896.36,30,93,18,0.002,1,,0
INV-200531,C1458,Regional,Northeast,Sales Rep,12,11645.28,45,28,11,0.0,1,,0
INV-200532,C1540,National Account,Midwest,EDI,11,27537.98,60,73,17,0.124,0,,0
INV-200533,C1568,National Account,Northeast,Sales Rep,7,16840.57,45,79,20,0.133,0,,0
INV-200534,C1387,Regional,South,EDI,5,9009.34,60,55,6,0.164,0,,0
INV-200535,C1267,Independent,Midwest,Sales Rep,9,2121.88,60,33,11,0.303,0,,0
INV-200536,C1299,National Account,South,Sales Rep,6,24083.44,60,31,23,0.097,0,,0
INV-200537,C1757,Independent,South,Phone,8,927.45,30,14,9,0.035,0,,0
INV-200538,C1693,Regional,Northeast,Web Portal,3,6385.23,45,46,7,0.0,0,,0
INV-200539,C1043,Regional,West,Sales Rep,4,6302.14,45,85,16,0.038,0,,0
INV-200540,C1467,Regional,South,EDI,10,2264.02,45,18,10,0.195,0,,0
INV-200541,C1110,Independent,Midwest,Phone,3,1818.36,60,17,10,0.045,0,,0
INV-200542,C1238,National Account,Northeast,Web Portal,7,4887.82,60,201,22,0.01,0,,0
INV-200543,C1574,Independent,South,Web Portal,3,956.09,30,76,10,0.606,0,,0
INV-200544,C1806,Independent,South,Web Portal,9,637.35,30,14,5,0.147,0,,0
INV-200545,C1712,National Account,Northeast,EDI,4,10750.83,45,66,18,0.0,0,,0
INV-200546,C1170,National Account,Midwest,EDI,8,18136.91,45,47,26,0.154,0,,0
INV-200547,C1446,National Account,Northeast,Web Portal,11,34482.83,30,78,24,0.037,0,,0
INV-200548,C1301,National Account,South,Web Portal,4,31408.58,45,199,20,0.026,0,,0
INV-200549,C1258,Independent,Northeast,Sales Rep,9,11351.84,30,13,10,0.103,0,,0
INV-200550,C1126,Independent,South,Phone,11,439.66,45,24,10,0.034,0,,0
INV-200551,C1112,Independent,West,EDI,2,2389.59,30,24,11,0.149,0,,0
INV-200552,C1509,Independent,Northeast,Phone,9,2296.44,45,20,11,0.141,0,,0
INV-200553,C1489,National Account,West,Web Portal,4,9618.24,45,13,16,0.291,0,,0
INV-200554,C1848,Independent,Northeast,Sales Rep,8,2596.7,30,26,10,0.011,0,,0
INV-200555,C1506,Independent,Northeast,EDI,7,2774.42,30,4,11,0.137,0,,0
INV-200556,C1341,Independent,Northeast,EDI,8,1284.22,30,53,8,0.0,0,,0
INV-200557,C1400,National Account,South,Web Portal,9,57328.9,60,89,25,0.009,0,,0
INV-200558,C1564,National Account,South,Sales Rep,7,36467.39,45,113,17,0.068,1,,0
INV-200559,C1010,Regional,South,EDI,2,1159.28,30,5,14,0.126,0,,0
INV-200560,C1773,Independent,West,Sales Rep,7,3179.59,45,18,13,0.209,0,87.0,0
INV-200561,C1400,National Account,West,Sales Rep,6,6339.21,30,89,17,0.061,0,,0
INV-200562,C1472,Regional,West,Sales Rep,4,2801.19,60,66,10,0.321,0,,0
INV-200563,C1671,National Account,West,Phone,11,18356.42,45,231,23,0.0,0,,0
INV-200564,C1101,National Account,Northeast,Web Portal,2,26954.15,45,152,21,0.038,0,,0
INV-200565,C1306,National Account,South,Sales Rep,3,4164.57,60,20,23,0.008,0,,0
INV-200566,C1402,National Account,Midwest,Sales Rep,8,3321.78,30,66,22,0.163,0,,0
INV-200567,C1689,National Account,Midwest,Web Portal,12,15910.38,60,41,27,0.059,0,,0
INV-200568,C1451,Regional,South,Web Portal,9,3512.72,45,128,11,0.386,0,83.0,1
INV-200569,C1431,Regional,Midwest,Phone,8,5482.23,45,41,6,0.056,0,,0
INV-200570,C1252,National Account,Midwest,Sales Rep,6,16485.86,45,90,27,0.056,0,,0
INV-200571,C1847,National Account,Midwest,Web Portal,1,5050.8,45,10,23,0.0,0,,0
INV-200572,C1732,National Account,South,Web Portal,11,16153.4,60,112,26,0.0,0,,0
INV-200573,C1728,National Account,South,Web Portal,10,4971.46,60,121,18,0.299,0,,0
INV-200574,C1342,Regional,West,Sales Rep,6,1925.63,30,37,9,0.039,0,,0
INV-200575,C1607,Regional,Northeast,Web Portal,8,1592.62,30,51,11,0.139,0,,0
INV-200576,C1732,National Account,West,Sales Rep,3,3722.2,45,112,21,0.129,0,,0
INV-200577,C1488,Regional,Northeast,Sales Rep,11,3065.15,60,79,9,0.105,0,,0
INV-200578,C1352,National Account,Northeast,Sales Rep,6,7189.26,60,35,29,0.161,0,,0
INV-200579,C1395,Regional,Midwest,Phone,8,1864.67,45,49,10,0.141,0,89.0,1
INV-200580,C1648,Regional,South,Phone,3,1191.62,30,39,5,0.159,0,,0
INV-200581,C1336,National Account,Northeast,Sales Rep,1,15702.72,30,5,28,0.122,0,,0
INV-200582,C1001,Regional,West,Phone,4,6837.81,30,30,11,0.221,0,,0
INV-200583,C1807,National Account,Midwest,Web Portal,3,10205.09,60,170,15,0.34,0,,0
INV-200584,C1545,National Account,West,Phone,6,11733.47,45,183,19,0.0,0,,0
INV-200585,C1456,Regional,Midwest,Sales Rep,12,2273.96,30,11,9,0.106,0,,0
INV-200586,C1225,Independent,Northeast,Sales Rep,4,1420.58,30,5,9,0.382,0,,0
INV-200587,C1537,Independent,West,Sales Rep,11,4631.52,30,11,9,0.543,0,,0
INV-200588,C1057,Independent,Midwest,Phone,11,630.99,30,25,7,0.048,0,,0
INV-200589,C1497,National Account,Midwest,Web Portal,8,20674.15,30,137,21,0.0,0,,0
INV-200590,C1427,National Account,South,Web Portal,4,3346.04,45,71,24,0.064,0,,0
INV-200591,C1788,Independent,West,Sales Rep,4,1905.04,45,15,9,0.085,0,,0
INV-200592,C1820,Regional,Midwest,EDI,3,600.5,30,58,8,0.111,0,,0
INV-200593,C1397,National Account,West,Web Portal,12,8625.33,60,54,18,0.0,0,,0
INV-200594,C1645,Independent,Northeast,Sales Rep,2,1515.23,30,5,8,0.188,0,,0
INV-200595,C1043,Regional,South,Sales Rep,11,3434.32,30,85,10,0.0,0,,0
INV-200596,C1380,Independent,Northeast,Web Portal,5,1724.75,45,31,11,0.038,0,,0
INV-200597,C1735,Independent,Midwest,Sales Rep,10,4960.19,45,11,6,0.262,0,,0
INV-200598,C1231,National Account,Midwest,Sales Rep,1,24921.25,45,35,23,0.133,0,,0
INV-200599,C1413,Independent,Midwest,Phone,6,560.8,60,5,10,0.088,0,,0
INV-200600,C1770,Regional,South,EDI,10,2996.27,45,13,12,0.176,0,,0
INV-200601,C1096,Independent,Midwest,EDI,11,1228.02,30,15,13,0.426,1,,0
INV-200602,C1372,Regional,Northeast,EDI,3,3393.52,60,60,13,0.15,0,,0
INV-200603,C1508,Regional,Midwest,Phone,2,2215.22,45,34,15,0.076,0,,0
INV-200604,C1634,Regional,South,Phone,5,3595.12,30,93,13,0.0,0,,0
INV-200605,C1776,Regional,South,Web Portal,8,3832.14,60,13,8,0.172,0,,0
INV-200606,C1323,Independent,Midwest,EDI,10,623.39,30,24,8,0.149,0,,0
INV-200607,C1334,National Account,Midwest,EDI,5,5230.22,60,103,30,0.0,0,,0
INV-200608,C1578,Independent,Midwest,EDI,1,1196.83,30,24,5,0.196,0,,0
INV-200609,C1292,Regional,West,EDI,11,1583.1,60,29,13,0.157,0,,0
INV-200610,C1480,Independent,Northeast,EDI,1,886.98,30,16,12,0.164,0,,0
INV-200611,C1561,Regional,Northeast,Phone,6,8295.87,30,148,13,0.003,0,,0
INV-200612,C1467,Regional,West,Phone,9,14431.45,45,18,9,0.122,0,,0
INV-200613,C1762,National Account,South,EDI,6,26408.07,60,36,21,0.206,0,,0
INV-200614,C1565,National Account,South,Sales Rep,1,14047.56,45,28,19,0.202,0,,0
INV-200615,C1232,Independent,West,EDI,12,1350.48,30,4,8,0.147,0,,0
INV-200616,C1499,Independent,Midwest,Sales Rep,5,3193.42,30,25,13,0.049,0,,0
INV-200617,C1626,Independent,West,Sales Rep,6,13956.68,30,7,11,0.158,0,,0
INV-200618,C1659,National Account,Midwest,EDI,10,16810.1,45,99,24,0.189,0,,0
INV-200619,C1231,National Account,West,EDI,5,41443.03,60,35,15,0.037,0,90.0,1
INV-200620,C1121,National Account,West,Web Portal,6,23643.68,60,46,29,0.177,0,,0
INV-200621,C1679,Regional,South,Web Portal,12,5129.19,60,135,10,0.166,0,,0
INV-200622,C1310,National Account,West,Web Portal,12,6638.82,45,161,20,0.129,0,,0
INV-200623,C1423,Regional,Midwest,Sales Rep,1,5335.02,45,54,7,0.222,0,,0
INV-200624,C1365,Independent,South,Phone,9,4335.06,45,78,10,0.058,0,,0
INV-200625,C1799,Regional,South,Web Portal,10,3504.5,30,38,7,0.21,0,,0
INV-200626,C1471,National Account,South,Phone,11,22468.85,30,137,27,0.13,0,60.0,1
INV-200627,C1798,Regional,Northeast,Phone,1,1714.54,30,90,8,0.287,0,,0
INV-200628,C1796,Independent,South,EDI,11,2507.33,45,24,12,0.019,0,,0
INV-200629,C1797,Regional,Northeast,Phone,11,5416.02,30,60,12,0.148,0,,0
INV-200630,C1566,National Account,Northeast,Phone,8,5159.08,60,58,20,0.181,0,,0
INV-200631,C1825,Independent,Midwest,Web Portal,9,3191.15,30,16,9,0.07,0,,0
INV-200632,C1445,Regional,Midwest,EDI,12,2672.41,45,20,13,0.063,0,,0
INV-200633,C1627,Regional,Midwest,Web Portal,7,19040.49,30,29,11,0.304,0,,0
INV-200634,C1419,National Account,South,EDI,7,19554.28,60,31,18,0.056,0,,0
INV-200635,C1562,Independent,Northeast,Sales Rep,12,4118.46,60,37,7,0.205,0,86.0,1
INV-200636,C1596,Regional,South,Web Portal,8,9192.3,30,17,5,0.206,0,,0
INV-200637,C1723,Independent,Northeast,Phone,4,4067.47,30,8,12,0.092,0,,0
INV-200638,C1316,Regional,Midwest,EDI,4,1667.92,60,44,18,0.0,0,,0
INV-200639,C1537,Independent,West,Sales Rep,6,2199.31,30,11,4,0.092,0,,0
INV-200640,C1653,Regional,Midwest,Sales Rep,11,15140.43,60,8,8,0.066,0,,0
INV-200641,C1261,Regional,South,Phone,5,5176.96,30,33,11,0.103,0,,0
INV-200642,C1694,National Account,West,Web Portal,4,8597.13,45,85,23,0.0,0,,0
INV-200643,C1631,Regional,Midwest,EDI,2,1492.81,30,8,12,0.14,0,,0
INV-200644,C1306,National Account,West,Phone,9,6806.25,30,20,22,0.006,0,,0
INV-200645,C1576,Regional,South,Sales Rep,2,18535.89,45,18,8,0.495,0,,0
INV-200646,C1830,Regional,West,Sales Rep,1,6194.7,30,21,14,0.186,0,,0
INV-200647,C1230,Independent,Midwest,Sales Rep,12,2333.69,30,13,9,0.208,0,52.0,1
INV-200648,C1573,National Account,Midwest,Sales Rep,3,5264.42,30,63,20,0.079,0,,0
INV-200649,C1467,Regional,West,Sales Rep,7,814.64,60,18,9,0.194,0,,0
INV-200650,C1215,Regional,South,Sales Rep,11,13755.6,30,33,8,0.174,0,,0
INV-200651,C1260,National Account,Northeast,Sales Rep,8,6848.17,60,11,25,0.168,0,96.0,1
INV-200652,C1525,Regional,West,Phone,10,4069.99,45,56,12,0.27,0,,0
INV-200653,C1293,Regional,South,EDI,5,3302.83,45,8,8,0.148,0,,0
INV-200654,C1255,National Account,Midwest,EDI,10,23637.12,45,86,26,0.0,0,,0
INV-200655,C1280,Independent,South,Sales Rep,11,2416.14,30,10,10,0.271,0,,0
INV-200656,C1070,Independent,South,Sales Rep,4,2140.61,30,13,15,0.22,0,73.0,1
INV-200657,C1748,Regional,South,Sales Rep,1,5600.9,45,120,12,0.0,0,,0
INV-200658,C1154,Regional,Midwest,Web Portal,2,14977.9,45,5,18,0.0,0,,0
INV-200659,C1110,Independent,West,Sales Rep,1,1872.3,30,17,10,0.057,0,,0
INV-200660,C1098,Regional,Northeast,Web Portal,9,1688.25,60,24,14,0.191,0,,0
INV-200661,C1758,Regional,Midwest,Web Portal,10,4924.56,30,30,4,0.15,1,,0
INV-200662,C1741,National Account,Northeast,Sales Rep,9,11861.42,60,93,23,0.0,0,,0
INV-200663,C1023,National Account,Midwest,Sales Rep,9,84576.16,45,33,20,0.064,0,,0
INV-200664,C1023,National Account,West,Sales Rep,12,5083.76,60,33,24,0.138,0,,0
INV-200665,C1375,National Account,Midwest,Phone,7,13586.25,30,39,27,0.109,0,,0
INV-200666,C1278,Regional,Midwest,Sales Rep,11,901.97,60,33,9,0.0,0,,0
INV-200667,C1811,Regional,Northeast,Web Portal,11,18961.84,30,7,10,0.293,0,,0
INV-200668,C1297,National Account,West,Phone,2,9947.91,45,77,26,0.0,0,,0
INV-200669,C1749,Independent,Midwest,Phone,3,1816.19,30,28,9,0.389,0,74.0,1
INV-200670,C1437,National Account,Midwest,Phone,10,6889.66,30,20,20,0.271,0,73.0,1
INV-200671,C1573,National Account,Midwest,Sales Rep,9,10190.38,30,63,22,0.038,0,,0
INV-200672,C1777,Regional,South,Sales Rep,11,4307.77,45,49,6,0.173,0,,0
INV-200673,C1747,Regional,West,Web Portal,7,3378.16,45,49,11,0.133,0,,0
INV-200674,C1831,Regional,West,EDI,3,7502.32,60,39,6,0.095,0,,0
INV-200675,C1103,National Account,Midwest,Sales Rep,11,9056.79,60,80,20,0.015,0,,0
INV-200676,C1593,Regional,Northeast,Sales Rep,6,1983.33,45,128,6,0.099,0,,0
INV-200677,C1699,National Account,Midwest,Sales Rep,6,5501.38,45,49,26,0.049,1,,0
INV-200678,C1095,Independent,West,EDI,9,4573.66,45,15,9,0.001,0,,0
INV-200679,C1564,National Account,West,Web Portal,3,14690.67,60,113,29,0.175,0,,0
INV-200680,C1565,National Account,Northeast,Sales Rep,11,6983.99,60,28,27,0.0,0,,0
INV-200681,C1256,National Account,South,Web Portal,11,26271.32,60,9,24,0.24,0,,0
INV-200682,C1454,Regional,South,Web Portal,3,938.31,30,71,7,0.177,0,,0
INV-200683,C1162,Independent,Midwest,Web Portal,12,765.85,30,5,14,0.09,0,,0
INV-200684,C1337,Regional,Midwest,EDI,11,2391.41,45,20,8,0.389,0,,0
INV-200685,C1408,Regional,South,Phone,6,73003.99,45,34,14,0.0,0,,0
INV-200686,C1308,Regional,Northeast,EDI,2,5189.78,45,18,6,0.047,0,,0
INV-200687,C1131,Regional,Midwest,Web Portal,3,2085.04,30,56,11,0.24,0,,0
INV-200688,C1849,Regional,South,Sales Rep,10,2783.06,60,34,10,0.012,0,,0
INV-200689,C1328,National Account,West,Sales Rep,4,6215.76,45,81,23,0.023,0,,0
INV-200690,C1702,Independent,South,Phone,8,3684.29,45,5,10,0.138,0,67.0,1
INV-200691,C1505,National Account,Midwest,Sales Rep,4,22601.64,30,68,28,0.146,0,,0
INV-200692,C1573,National Account,Midwest,Sales Rep,5,7970.88,60,63,24,0.0,0,,0
INV-200693,C1570,Independent,Midwest,Web Portal,6,2733.94,30,9,5,0.087,0,,0
INV-200694,C1386,National Account,Midwest,Web Portal,11,5236.4,30,111,17,0.139,0,,0
INV-200695,C1661,National Account,West,EDI,1,3448.02,45,170,21,0.154,0,,0
INV-200696,C1734,Independent,South,Web Portal,8,1571.34,30,95,6,0.146,0,,0
INV-200697,C1687,Regional,West,Phone,10,6178.61,30,57,6,0.305,0,,0
INV-200698,C1819,Regional,Northeast,EDI,2,2387.68,30,69,4,0.257,0,,0
INV-200699,C1811,Regional,West,Phone,4,5829.32,45,7,7,0.09,0,,0
INV-200700,C1118,Regional,Midwest,EDI,12,3810.72,30,8,9,0.179,0,,0
INV-200701,C1227,Regional,South,Web Portal,7,8451.6,45,34,6,0.112,0,,0
INV-200702,C1531,Regional,South,Web Portal,4,5620.38,30,22,9,0.123,0,61.0,0
INV-200703,C1799,Regional,Northeast,Web Portal,7,3018.12,30,38,10,0.139,0,,0
INV-200704,C1085,Independent,South,Web Portal,2,1611.95,30,6,11,0.456,0,,0
INV-200705,C1124,Independent,South,Sales Rep,11,4543.01,60,11,12,0.127,0,,0
INV-200706,C1766,Independent,Northeast,Phone,9,3054.89,30,28,10,0.0,1,,0
INV-200707,C1437,National Account,Northeast,Phone,8,6168.27,60,20,22,0.137,0,,0
INV-200708,C1770,Regional,Midwest,Web Portal,2,9598.62,45,13,14,0.097,0,,0
INV-200709,C1200,Independent,Midwest,EDI,2,1081.56,45,13,12,0.194,0,,0
INV-200710,C1728,National Account,Northeast,Sales Rep,3,2370.22,60,121,32,0.104,0,89.0,1
INV-200711,C1809,Regional,Midwest,Web Portal,9,1724.93,60,62,13,0.353,0,,0
INV-200712,C1074,Regional,South,EDI,9,26538.05,45,26,10,0.228,0,,0
INV-200713,C1847,National Account,South,EDI,2,142947.97,60,10,18,0.095,0,104.0,1
INV-200714,C1594,National Account,West,Sales Rep,12,3369.89,60,75,26,0.0,0,,0
INV-200715,C1603,National Account,Northeast,Phone,5,11523.94,60,122,18,0.079,0,,0
INV-200716,C1847,National Account,West,Sales Rep,3,2727.09,60,10,17,0.249,0,,0
INV-200717,C1345,Independent,South,EDI,6,1378.73,30,47,13,0.096,0,,0
INV-200718,C1083,Independent,Midwest,Sales Rep,10,1570.28,30,23,10,0.124,0,,0
INV-200719,C1702,Independent,Midwest,Phone,3,1403.64,60,5,7,0.154,0,,0
INV-200720,C1146,National Account,Northeast,EDI,3,39342.97,60,38,16,0.118,0,,0
INV-200721,C1003,Regional,Midwest,Sales Rep,9,4386.42,45,30,8,0.204,0,87.0,1
INV-200722,C1568,National Account,Midwest,Web Portal,5,3381.17,60,79,23,0.13,0,,0
INV-200723,C1701,National Account,West,Sales Rep,7,3288.36,60,61,21,0.159,0,,0
INV-200724,C1437,National Account,Midwest,Web Portal,5,5700.62,60,20,26,0.356,0,79.0,1
INV-200725,C1717,Independent,Northeast,Sales Rep,8,3644.21,45,10,10,0.339,0,,0
INV-200726,C1434,Regional,Midwest,EDI,4,10483.03,45,114,16,0.027,0,,0
INV-200727,C1564,National Account,Northeast,EDI,1,8280.29,45,113,25,0.218,0,,0
INV-200728,C1688,Regional,Midwest,Sales Rep,11,3728.57,45,133,9,0.0,0,,0
INV-200729,C1238,National Account,South,Web Portal,9,5355.97,60,201,25,0.009,0,,0
INV-200730,C1061,Regional,Northeast,Phone,10,14995.15,45,30,11,0.102,0,,0
INV-200731,C1442,National Account,Northeast,Phone,8,16086.57,45,45,17,0.304,0,,0
INV-200732,C1408,Regional,South,Web Portal,7,1455.32,45,34,13,0.381,0,,0
INV-200733,C1236,National Account,Midwest,EDI,2,21382.75,45,36,19,0.0,0,,0
INV-200734,C1584,Regional,Midwest,Phone,8,3613.89,45,27,9,0.131,0,,0
INV-200735,C1471,National Account,South,Sales Rep,3,4792.16,60,137,25,0.032,0,,0
INV-200736,C1614,National Account,South,Phone,10,2252.67,45,27,25,0.281,0,,0
INV-200737,C1691,Independent,West,Sales Rep,11,1347.49,30,8,10,0.146,0,83.0,1
INV-200738,C1502,Independent,South,Sales Rep,1,697.5,45,35,16,0.078,0,,0
INV-200739,C1289,Independent,Northeast,Phone,8,978.49,30,42,11,0.138,0,,0
INV-200740,C1843,Regional,South,EDI,12,5646.51,45,29,15,0.117,0,,0
INV-200741,C1225,Independent,West,Sales Rep,2,1584.36,45,5,9,0.387,0,,1
INV-200742,C1274,National Account,West,EDI,7,11092.07,30,33,20,0.271,0,,0
INV-200743,C1799,Regional,Midwest,Sales Rep,2,3010.78,30,38,9,0.125,0,,0
INV-200744,C1551,Regional,Northeast,Web Portal,2,1850.75,30,97,10,0.162,0,,0
INV-200745,C1522,National Account,South,Sales Rep,4,5260.25,45,5,28,0.0,1,,0
INV-200746,C1419,National Account,Midwest,Sales Rep,7,3145.75,60,31,26,0.117,0,,0
INV-200747,C1803,National Account,Midwest,Sales Rep,10,17632.39,45,32,22,0.0,0,,0
INV-200748,C1254,Independent,Midwest,Web Portal,8,1348.21,30,19,7,0.291,0,,0
INV-200749,C1477,National Account,West,Phone,5,8216.94,60,173,15,0.136,0,,0
INV-200750,C1103,National Account,Midwest,EDI,8,4405.58,60,80,18,0.084,0,,0
INV-200751,C1699,National Account,Midwest,Sales Rep,6,15631.38,60,49,25,0.0,0,,0
INV-200752,C1827,National Account,West,EDI,4,23755.3,60,73,29,0.109,0,,0
INV-200753,C1827,National Account,Midwest,Phone,12,9390.58,45,73,25,0.0,0,,0
INV-200754,C1170,National Account,South,Phone,10,12345.46,60,47,15,0.001,0,,0
INV-200755,C1040,National Account,Northeast,Web Portal,1,49199.78,30,82,32,0.116,0,,0
INV-200756,C1425,Independent,Midwest,Sales Rep,9,2666.12,45,20,12,0.006,0,,0
INV-200757,C1686,Independent,Northeast,Web Portal,5,686.4,30,2,6,0.239,0,,0
INV-200758,C1014,Independent,Northeast,Web Portal,3,5657.86,30,22,9,0.034,0,,0
INV-200759,C1827,National Account,Northeast,Web Portal,8,3913.73,45,73,21,0.031,0,87.0,0
INV-200760,C1759,Regional,Northeast,Web Portal,8,2347.64,30,4,14,0.095,1,,0
INV-200761,C1117,Regional,Northeast,Sales Rep,9,1782.43,30,19,8,0.0,0,,0
INV-200762,C1669,Independent,Northeast,Sales Rep,1,266.04,45,4,9,0.143,0,,0
INV-200763,C1145,National Account,Midwest,Sales Rep,6,4798.41,60,5,23,0.079,0,,0
INV-200764,C1247,Independent,Midwest,Phone,5,714.41,30,11,16,0.121,0,,0
INV-200765,C1562,Independent,West,Sales Rep,11,3895.26,30,37,13,0.159,0,,0
INV-200766,C1793,Regional,Midwest,Web Portal,11,4787.96,45,39,13,0.217,0,,0
INV-200767,C1566,National Account,Northeast,Sales Rep,4,15671.92,60,58,24,0.09,0,,0
INV-200768,C1373,Independent,Midwest,Web Portal,4,3578.43,45,9,14,0.152,1,,0
INV-200769,C1618,Independent,South,Phone,1,6468.55,30,60,12,0.019,0,,0
INV-200770,C1803,National Account,Midwest,Phone,11,8248.45,30,32,21,0.0,0,,0
INV-200771,C1316,Regional,South,Sales Rep,1,804.64,45,44,8,0.07,0,,0
INV-200772,C1010,Regional,Midwest,Web Portal,8,12240.94,45,5,13,0.269,0,,0
INV-200773,C1803,National Account,Northeast,Sales Rep,5,17072.8,60,32,25,0.004,0,,0
INV-200774,C1305,Independent,South,Sales Rep,11,2286.66,30,36,10,0.073,0,,0
INV-200775,C1750,National Account,Midwest,Phone,5,10336.31,60,108,18,0.095,0,,0
INV-200776,C1785,Regional,South,Web Portal,11,2675.79,30,32,9,0.369,0,,0
INV-200777,C1546,Regional,Midwest,Phone,6,3072.27,45,72,12,0.236,0,,0
INV-200778,C1801,Independent,Midwest,Sales Rep,10,6126.74,30,33,4,0.197,0,,0
INV-200779,C1543,Regional,South,Sales Rep,8,3847.55,30,19,3,0.074,0,,0
INV-200780,C1133,Independent,Midwest,Web Portal,7,1820.83,45,22,7,0.049,0,,0
INV-200781,C1020,Independent,South,Web Portal,3,869.19,30,2,11,0.135,0,,0
INV-200782,C1091,National Account,Midwest,Web Portal,3,1180.59,60,111,25,0.0,0,,0
INV-200783,C1023,National Account,South,Web Portal,12,6227.95,45,33,20,0.027,0,,0
INV-200784,C1637,Independent,West,Phone,7,2456.9,45,13,9,0.446,0,,0
INV-200785,C1132,Independent,Northeast,Web Portal,12,1049.76,30,7,2,0.073,0,,0
INV-200786,C1431,Regional,West,Web Portal,2,7261.8,30,41,7,0.389,0,,0
INV-200787,C1276,Independent,South,EDI,2,2846.02,30,2,8,0.058,0,,0
INV-200788,C1009,Regional,South,Sales Rep,1,4357.98,30,32,9,0.197,0,,0
INV-200789,C1428,National Account,West,Web Portal,12,29950.32,30,19,29,0.214,0,,0
INV-200790,C1189,National Account,South,Web Portal,2,20666.81,45,90,23,0.193,0,,0
INV-200791,C1377,Regional,South,Sales Rep,12,4568.85,60,22,7,0.05,0,,0
INV-200792,C1114,Independent,West,Phone,2,9162.05,30,10,5,0.319,0,,0
INV-200793,C1229,Regional,Midwest,EDI,9,13492.49,60,63,8,0.111,0,,0
INV-200794,C1431,Regional,Midwest,EDI,2,15669.89,45,41,7,0.157,0,,0
INV-200795,C1017,Independent,South,Web Portal,10,2123.33,60,15,13,0.18,0,,0
INV-200796,C1533,Independent,South,EDI,9,1921.78,60,9,6,0.225,0,81.0,1
INV-200797,C1766,Independent,Midwest,Sales Rep,5,1131.66,45,28,13,0.0,0,,0
INV-200798,C1146,National Account,South,Phone,5,23922.55,45,38,20,0.214,0,,0
INV-200799,C1689,National Account,South,Phone,10,1609.73,30,41,27,0.121,0,,0
INV-200800,C1328,National Account,Northeast,Web Portal,1,2673.19,60,81,21,0.189,0,,0
INV-200801,C1476,Independent,South,EDI,7,10007.74,30,21,11,0.181,0,,0
INV-200802,C1312,National Account,South,Web Portal,2,4214.91,30,104,18,0.281,0,,0
INV-200803,C1113,Regional,Midwest,Web Portal,7,3574.03,30,26,6,0.474,0,61.0,0
INV-200804,C1041,Regional,Northeast,Web Portal,1,3353.99,60,20,9,0.085,0,,0
INV-200805,C1211,Regional,West,Sales Rep,12,3680.17,30,61,12,0.067,0,,0
INV-200806,C1392,Independent,West,Sales Rep,2,4367.5,30,14,11,0.281,0,79.0,1
INV-200807,C1535,National Account,Northeast,Phone,12,11673.41,60,55,23,0.253,0,,0
INV-200808,C1386,National Account,West,EDI,8,11105.4,60,111,20,0.015,0,,0
INV-200809,C1673,Independent,Northeast,Phone,11,1199.05,30,28,15,0.108,0,,0
INV-200810,C1659,National Account,Northeast,Web Portal,7,9333.63,60,99,19,0.0,0,,0
INV-200811,C1631,Regional,Midwest,EDI,10,5110.05,30,8,12,0.199,0,,0
INV-200812,C1432,Regional,Midwest,EDI,8,10356.11,30,17,8,0.381,0,,0
INV-200813,C1224,Regional,Northeast,Phone,12,8304.19,45,47,22,0.265,0,,0
INV-200814,C1732,National Account,Northeast,Phone,11,3139.07,45,112,23,0.043,0,,0
INV-200815,C1661,National Account,South,EDI,6,38051.29,60,170,19,0.014,0,,0
INV-200816,C1596,Regional,Midwest,Web Portal,9,9598.34,30,17,12,0.044,0,,0
INV-200817,C1716,Independent,Midwest,Sales Rep,6,3112.08,30,7,8,0.075,0,,0
INV-200818,C1334,National Account,Northeast,Sales Rep,12,16900.03,60,103,20,0.073,0,,0
INV-200819,C1825,Independent,West,Sales Rep,7,2556.41,30,16,9,0.239,0,,0
INV-200820,C1688,Regional,South,Sales Rep,2,12637.93,30,133,11,0.0,0,,0
INV-200821,C1692,National Account,Midwest,Web Portal,12,12791.27,60,42,16,0.164,0,,0
INV-200822,C1522,National Account,Northeast,Sales Rep,9,1944.34,60,5,25,0.027,0,,0
INV-200823,C1062,Regional,Midwest,EDI,5,3095.9,45,43,7,0.28,0,,0
INV-200824,C1834,Regional,Northeast,Phone,2,985.25,60,101,8,0.042,0,,0
INV-200825,C1216,Regional,Midwest,Sales Rep,2,9755.54,45,23,11,0.019,0,,0
INV-200826,C1189,National Account,Northeast,Phone,4,19482.21,45,90,21,0.141,0,,0
INV-200827,C1710,National Account,Midwest,EDI,3,3853.41,60,54,19,0.0,0,,0
INV-200828,C1671,National Account,Northeast,Web Portal,11,13465.61,45,231,27,0.0,0,,0
INV-200829,C1804,Independent,South,Web Portal,12,1992.11,30,31,7,0.195,0,,0
INV-200830,C1783,Regional,West,EDI,3,2799.49,30,26,12,0.51,0,,0
INV-200831,C1415,Independent,South,EDI,11,1266.47,45,10,11,0.299,0,,0
INV-200832,C1707,Independent,South,EDI,8,4799.21,30,30,7,0.254,0,,0
INV-200833,C1398,National Account,Midwest,Sales Rep,3,67378.96,30,161,24,0.177,0,,0
INV-200834,C1114,Independent,Northeast,Phone,11,2998.38,30,10,10,0.244,0,,0
INV-200835,C1288,Regional,Midwest,Web Portal,6,2136.38,60,39,8,0.082,0,,0
INV-200836,C1391,Independent,South,Sales Rep,6,1755.62,30,25,7,0.245,0,,0
INV-200837,C1230,Independent,Midwest,Phone,5,1275.1,30,13,12,0.173,0,,0
INV-200838,C1834,Regional,Northeast,Sales Rep,7,2302.26,45,101,9,0.051,0,,0
INV-200839,C1370,Regional,Midwest,Sales Rep,7,2436.28,30,68,9,0.244,0,,0
INV-200840,C1762,National Account,South,Sales Rep,11,6599.39,45,36,27,0.036,0,,0
INV-200841,C1407,Regional,Midwest,Web Portal,5,3833.04,45,25,12,0.029,0,,1
INV-200842,C1228,National Account,South,Sales Rep,1,26019.42,45,12,22,0.09,0,,0
INV-200843,C1820,Regional,Midwest,Web Portal,6,3570.98,45,58,10,0.242,0,67.0,0
INV-200844,C1323,Independent,Midwest,EDI,3,2150.33,30,24,12,0.181,1,,0
INV-200845,C1627,Regional,South,EDI,3,5939.64,45,29,11,0.24,0,,0
INV-200846,C1698,National Account,West,Sales Rep,4,10378.25,30,49,24,0.0,0,,0
INV-200847,C1434,Regional,South,EDI,4,19118.51,45,114,13,0.0,0,,0
INV-200848,C1614,National Account,West,Sales Rep,12,4462.1,45,27,30,0.193,0,,0
INV-200849,C1411,National Account,Midwest,EDI,11,4526.19,60,70,18,0.141,0,,0
INV-200850,C1004,National Account,West,Sales Rep,6,4001.61,45,140,17,0.291,0,,0
INV-200851,C1186,National Account,Midwest,EDI,5,6109.25,30,69,27,0.0,1,,0
INV-200852,C1787,National Account,South,Phone,5,6753.85,45,103,28,0.16,0,,0
INV-200853,C1407,Regional,West,Web Portal,5,1629.05,45,25,9,0.0,0,,0
INV-200854,C1223,Independent,West,Web Portal,2,3451.69,45,22,12,0.191,0,,0
INV-200855,C1609,Independent,Northeast,Web Portal,9,305.51,30,8,8,0.137,0,,0
INV-200856,C1491,Independent,Northeast,Sales Rep,12,246.5,30,34,10,0.068,0,,0
INV-200857,C1228,National Account,South,Sales Rep,4,24198.1,60,12,20,0.157,0,,0
INV-200858,C1367,Independent,West,Sales Rep,1,753.24,45,9,14,0.02,0,,0
INV-200859,C1512,Regional,South,Sales Rep,1,13894.61,45,47,8,0.033,0,,0
INV-200860,C1048,Regional,Midwest,Sales Rep,5,1865.78,45,61,9,0.021,0,,0
INV-200861,C1125,Independent,Midwest,Sales Rep,11,1715.44,30,37,4,0.075,0,,0
INV-200862,C1119,Regional,Northeast,Sales Rep,12,5440.88,30,28,8,0.323,0,,0
INV-200863,C1243,Regional,Midwest,Sales Rep,12,12003.92,45,20,7,0.0,0,,0
INV-200864,C1027,Regional,South,Sales Rep,2,1835.29,30,38,11,0.023,0,,0
INV-200865,C1712,National Account,South,Phone,4,24323.27,45,66,29,0.109,0,,0
INV-200866,C1606,National Account,South,Phone,11,3399.59,45,195,23,0.0,0,,0
INV-200867,C1796,Independent,South,Sales Rep,9,1611.05,45,24,16,0.058,0,,0
INV-200868,C1595,Regional,Midwest,Sales Rep,8,2032.14,30,17,15,0.0,0,,0
INV-200869,C1824,Independent,South,Sales Rep,12,1699.49,30,35,5,0.002,0,,0
INV-200870,C1626,Independent,South,Sales Rep,10,881.43,30,7,13,0.203,0,,0
INV-200871,C1019,National Account,Midwest,EDI,5,7463.28,60,43,16,0.036,0,,0
INV-200872,C1446,National Account,West,Sales Rep,9,17821.76,60,78,29,0.158,0,89.0,1
INV-200873,C1366,Independent,South,Phone,6,1623.14,30,27,5,0.206,0,,0
INV-200874,C1091,National Account,South,EDI,6,3397.28,45,111,22,0.126,0,,0
INV-200875,C1504,Independent,Midwest,EDI,11,782.5,30,17,9,0.154,0,,0
INV-200876,C1614,National Account,South,Web Portal,2,14190.89,60,27,19,0.175,0,,0
INV-200877,C1247,Independent,Northeast,EDI,11,1528.2,30,11,7,0.031,0,,0
INV-200878,C1402,National Account,South,Web Portal,4,7638.88,45,66,25,0.062,0,,0
INV-200879,C1121,National Account,Northeast,EDI,6,10479.56,60,46,27,0.03,0,,0
INV-200880,C1500,Independent,South,EDI,8,1754.3,30,24,11,0.228,0,,0
INV-200881,C1594,National Account,South,Sales Rep,11,13696.99,60,75,23,0.0,0,,0
INV-200882,C1699,National Account,West,Phone,6,3291.78,60,49,23,0.087,0,,0
INV-200883,C1319,Regional,Midwest,Sales Rep,8,3921.75,45,43,11,0.009,0,,0
INV-200884,C1441,Regional,West,Web Portal,1,7075.35,30,38,5,0.212,0,,0
INV-200885,C1620,Regional,West,Sales Rep,3,1928.32,45,30,12,0.098,0,,0
INV-200886,C1699,National Account,Midwest,EDI,10,20862.09,60,49,26,0.145,0,,0
INV-200887,C1724,Independent,South,Web Portal,8,7446.33,45,28,7,0.099,0,,0
INV-200888,C1005,National Account,South,Sales Rep,6,6369.31,45,34,20,0.114,0,,0
INV-200889,C1294,Independent,Midwest,EDI,3,535.28,30,40,8,0.097,0,,0
INV-200890,C1323,Independent,Northeast,Phone,9,3777.54,45,24,14,0.167,0,,0
INV-200891,C1741,National Account,Midwest,Web Portal,11,41953.38,30,93,34,0.011,0,,0
INV-200892,C1328,National Account,West,EDI,1,1484.86,60,81,33,0.063,0,,0
INV-200893,C1343,Regional,South,Sales Rep,4,4901.1,45,38,10,0.145,0,,0
INV-200894,C1821,Regional,Midwest,EDI,2,5636.0,60,11,9,0.078,0,,0
INV-200895,C1787,National Account,Midwest,Sales Rep,6,6179.77,30,103,18,0.0,0,,0
INV-200896,C1710,National Account,Midwest,EDI,9,22817.66,60,54,17,0.0,0,,0
INV-200897,C1817,Independent,Midwest,Sales Rep,7,6417.1,30,30,13,0.144,0,,0
INV-200898,C1492,National Account,West,Sales Rep,11,5308.17,45,102,18,0.139,0,,0
INV-200899,C1497,National Account,Midwest,Web Portal,5,9348.86,60,137,22,0.0,0,,0
INV-200900,C1813,Independent,West,EDI,5,710.32,30,15,12,0.21,0,,0
INV-200901,C1168,Regional,Midwest,Sales Rep,7,7738.56,45,50,12,0.0,0,,0
INV-200902,C1817,Independent,Northeast,EDI,6,283.53,30,30,12,0.072,0,,0
INV-200903,C1287,Regional,South,Web Portal,2,9602.07,60,72,7,0.31,0,,0
INV-200904,C1486,Independent,Midwest,Sales Rep,5,2843.38,30,14,16,0.103,0,,0
INV-200905,C1034,Regional,South,EDI,3,10623.97,30,52,17,0.171,0,,0
INV-200906,C1443,Regional,Northeast,EDI,3,1829.23,45,54,7,0.353,0,,0
INV-200907,C1694,National Account,West,EDI,5,2860.87,30,85,15,0.0,0,,0
INV-200908,C1118,Regional,South,Web Portal,4,6650.43,45,8,7,0.092,0,,0
INV-200909,C1658,Independent,Midwest,EDI,5,1223.05,45,7,11,0.203,0,88.0,0
INV-200910,C1398,National Account,West,Phone,1,3597.76,45,161,30,0.201,0,,0
INV-200911,C1202,National Account,South,Sales Rep,7,15466.54,60,98,25,0.0,0,86.0,1
INV-200912,C1714,Regional,West,Web Portal,4,2785.25,45,39,9,0.175,0,,0
INV-200913,C1388,Regional,South,Sales Rep,9,3583.94,30,35,9,0.055,0,,0
INV-200914,C1795,Independent,Midwest,Phone,10,724.69,30,3,9,0.05,0,,0
INV-200915,C1023,National Account,West,EDI,8,2507.08,30,33,24,0.103,0,,0
INV-200916,C1172,Independent,Northeast,Sales Rep,8,352.99,30,6,5,0.124,0,,0
INV-200917,C1797,Regional,West,Web Portal,5,7137.67,45,60,5,0.272,0,,0
INV-200918,C1526,National Account,West,EDI,10,8008.24,30,14,29,0.319,0,,0
INV-200919,C1375,National Account,Midwest,Web Portal,10,2566.09,30,39,20,0.082,0,,0
INV-200920,C1760,Regional,Northeast,EDI,1,3569.16,30,55,9,0.0,0,,0
INV-200921,C1353,National Account,Midwest,Phone,12,12969.58,45,24,26,0.307,0,,0
INV-200922,C1540,National Account,West,Phone,3,25455.68,60,73,28,0.045,0,,0
INV-200923,C1317,Independent,Midwest,Phone,6,2055.86,30,92,12,0.24,1,,0
INV-200924,C1497,National Account,South,Sales Rep,2,26856.45,60,137,22,0.023,0,,0
INV-200925,C1024,Regional,West,EDI,2,2855.61,30,141,7,0.151,0,,0
INV-200926,C1234,Independent,Midwest,Phone,3,1077.18,60,10,3,0.292,0,,0
INV-200927,C1524,National Account,Midwest,EDI,1,2033.85,60,36,27,0.115,0,,0
INV-200928,C1121,National Account,Midwest,Phone,8,1755.0,60,46,18,0.076,0,,0
INV-200929,C1109,Independent,Midwest,EDI,9,38639.19,30,23,12,0.029,1,,0
INV-200930,C1041,Regional,Northeast,Phone,3,911.82,30,20,13,0.058,0,,0
INV-200931,C1661,National Account,Northeast,EDI,6,15909.7,60,170,22,0.0,0,,0
INV-200932,C1200,Independent,South,Sales Rep,9,1039.58,30,13,9,0.164,1,70.0,0
INV-200933,C1315,Regional,South,EDI,9,2090.39,45,38,14,0.082,0,,0
INV-200934,C1670,Regional,South,Phone,1,1778.42,45,89,6,0.0,0,,0
INV-200935,C1646,Independent,West,EDI,4,2692.79,30,51,10,0.296,0,,0
INV-200936,C1385,Regional,Northeast,EDI,3,3692.05,45,52,6,0.048,0,,0
INV-200937,C1386,National Account,South,Phone,4,6506.15,60,111,25,0.016,0,,0
INV-200938,C1519,Independent,Midwest,EDI,3,463.35,30,11,8,0.023,0,,0
INV-200939,C1706,Regional,Midwest,Sales Rep,2,3305.7,45,17,15,0.021,0,,0
INV-200940,C1617,Independent,Northeast,EDI,11,2749.89,45,38,5,0.06,0,,0
INV-200941,C1614,National Account,Northeast,Phone,12,1869.66,45,27,32,0.048,0,,0
INV-200942,C1432,Regional,South,EDI,3,17769.86,60,17,10,0.088,0,,0
INV-200943,C1835,Regional,West,EDI,1,2875.6,30,74,9,0.166,0,,0
INV-200944,C1368,Independent,Northeast,Sales Rep,9,2248.28,30,27,7,0.378,0,,0
INV-200945,C1788,Independent,Midwest,Sales Rep,5,1271.79,45,15,13,0.159,0,,0
INV-200946,C1295,Independent,Midwest,Sales Rep,6,1743.48,60,31,15,0.0,0,,0
INV-200947,C1007,Regional,West,Web Portal,2,11174.18,45,72,5,0.15,0,,0
INV-200948,C1228,National Account,Midwest,Sales Rep,9,11991.47,60,12,23,0.022,0,,0
INV-200949,C1004,National Account,Midwest,Sales Rep,12,12109.16,60,140,20,0.236,0,,0
INV-200950,C1254,Independent,Midwest,Phone,11,5046.17,30,19,10,0.078,0,,0
INV-200951,C1675,National Account,West,Web Portal,1,9711.08,45,120,24,0.293,0,,0
INV-200952,C1046,Independent,Northeast,Web Portal,8,2222.69,30,6,10,0.247,0,,0
INV-200953,C1215,Regional,Midwest,Sales Rep,5,8112.56,45,33,9,0.218,0,,0
INV-200954,C1133,Independent,West,Web Portal,5,3889.14,30,22,15,0.285,0,,0
INV-200955,C1170,National Account,South,EDI,7,27058.07,45,47,25,0.218,1,,0
INV-200956,C1769,Independent,Northeast,Sales Rep,1,651.57,45,23,12,0.406,0,,0
INV-200957,C1400,National Account,South,Phone,6,3738.04,45,89,21,0.0,0,,0
INV-200958,C1718,Independent,South,Web Portal,4,172.25,60,5,13,0.206,0,,0
INV-200959,C1360,Independent,West,Sales Rep,9,2609.92,30,43,10,0.076,0,,0
INV-200960,C1828,Independent,South,Web Portal,4,3319.92,30,18,12,0.031,0,,0
INV-200961,C1306,National Account,West,EDI,5,5173.5,30,20,25,0.0,0,,0
INV-200962,C1613,Regional,West,Phone,8,6101.05,45,35,12,0.169,1,,0
INV-200963,C1601,National Account,Northeast,Web Portal,9,13152.9,45,17,19,0.089,0,,0
INV-200964,C1751,National Account,West,Web Portal,11,12466.0,30,60,22,0.002,0,,0
INV-200965,C1636,Regional,West,Sales Rep,11,2926.89,30,73,9,0.0,0,,0
INV-200966,C1491,Independent,South,Phone,6,3082.82,45,34,4,0.102,0,,0
INV-200967,C1157,National Account,South,Web Portal,11,4390.08,30,138,28,0.037,0,,0
INV-200968,C1275,Regional,West,Sales Rep,5,7995.56,45,45,13,0.177,0,,0
INV-200969,C1528,Independent,West,Web Portal,11,2975.16,30,19,6,0.225,1,,0
INV-200970,C1343,Regional,Midwest,Web Portal,6,1301.58,45,38,10,0.231,0,,0
INV-200971,C1224,Regional,South,Phone,9,2180.4,60,47,13,0.203,0,,0
INV-200972,C1712,National Account,South,Phone,5,13351.42,60,66,22,0.083,0,,0
INV-200973,C1419,National Account,Midwest,Web Portal,9,5815.54,60,31,21,0.077,0,,0
INV-200974,C1038,National Account,Midwest,Web Portal,6,7464.66,30,81,17,0.144,0,,0
INV-200975,C1803,National Account,West,Sales Rep,8,5328.02,60,32,12,0.065,0,,0
INV-200976,C1204,Independent,South,Sales Rep,8,3169.73,60,2,12,0.06,0,,0
INV-200977,C1428,National Account,West,Web Portal,6,5947.24,45,19,22,0.174,1,,0
INV-200978,C1170,National Account,Midwest,Sales Rep,4,7451.5,30,47,25,0.029,0,,0
INV-200979,C1830,Regional,Midwest,Web Portal,6,11446.71,30,21,6,0.032,0,,0
INV-200980,C1728,National Account,Northeast,Phone,7,9779.81,45,121,24,0.06,0,,0
INV-200981,C1694,National Account,South,Web Portal,10,2903.74,45,85,17,0.0,0,,0
INV-200982,C1612,National Account,South,Web Portal,7,9269.55,60,56,22,0.245,0,,0
INV-200983,C1004,National Account,South,Phone,12,2993.74,60,140,22,0.028,0,,0
INV-200984,C1253,Regional,West,Phone,9,3974.98,30,48,9,0.149,1,67.0,1
INV-200985,C1004,National Account,Midwest,EDI,2,10178.09,45,140,17,0.069,0,,0
INV-200986,C1567,Independent,Midwest,Phone,3,2099.97,30,35,7,0.304,0,,0
INV-200987,C1302,Independent,South,Sales Rep,2,954.0,45,30,9,0.099,0,,0
INV-200988,C1402,National Account,Midwest,Sales Rep,10,19587.1,45,66,36,0.141,0,,0
INV-200989,C1658,Independent,Northeast,Sales Rep,12,3323.98,60,7,13,0.207,0,,0
INV-200990,C1255,National Account,West,Web Portal,6,42592.23,45,86,23,0.0,0,,0
INV-200991,C1071,Regional,South,Sales Rep,8,5880.56,45,48,8,0.141,0,87.0,1
INV-200992,C1767,Independent,Midwest,Sales Rep,2,445.14,45,29,12,0.072,0,,0
INV-200993,C1459,Regional,South,Sales Rep,2,3522.47,60,24,12,0.241,0,,0
INV-200994,C1430,Regional,West,Sales Rep,2,4631.82,30,34,7,0.065,0,,1
INV-200995,C1070,Independent,South,Web Portal,2,301.03,30,13,15,0.173,0,,0
INV-200996,C1289,Independent,South,Phone,10,1468.74,30,42,10,0.086,0,,0
INV-200997,C1000,Independent,Midwest,EDI,3,408.72,45,20,12,0.289,0,,0
INV-200998,C1434,Regional,Northeast,Sales Rep,4,2037.38,30,114,11,0.0,0,,0
INV-200999,C1018,Regional,South,Web Portal,12,1150.24,45,69,13,0.066,0,,0
INV-201000,C1238,National Account,South,Phone,3,21909.85,60,201,22,0.095,0,,0
INV-201001,C1440,Regional,Northeast,Web Portal,9,3529.25,60,67,10,0.198,0,,0
INV-201002,C1519,Independent,Northeast,EDI,11,2123.11,45,11,9,0.068,0,,0
INV-201003,C1722,Regional,Northeast,EDI,11,22486.5,30,30,5,0.217,0,63.0,1
INV-201004,C1059,Independent,West,Phone,2,2039.78,30,27,13,0.204,0,,0
INV-201005,C1614,National Account,South,Web Portal,10,8507.66,45,27,25,0.052,0,,0
INV-201006,C1397,National Account,Midwest,Phone,6,2015.83,60,54,26,0.067,0,,0
INV-201007,C1010,Regional,Midwest,Web Portal,2,6819.48,45,5,9,0.43,0,,0
INV-201008,C1087,Independent,Northeast,Web Portal,7,525.48,30,13,11,0.31,0,,0
INV-201009,C1039,Independent,Midwest,Web Portal,11,1082.36,45,20,8,0.236,0,,0
INV-201010,C1125,Independent,Midwest,Sales Rep,8,1100.34,45,37,12,0.0,0,,0
INV-201011,C1324,Regional,Midwest,EDI,9,9675.73,30,5,14,0.0,0,,0
INV-201012,C1592,Independent,Midwest,EDI,2,608.4,30,29,9,0.185,1,,0
INV-201013,C1632,Regional,West,Phone,9,14377.39,45,48,8,0.238,0,,0
INV-201014,C1001,Regional,South,Phone,2,5336.71,30,30,5,0.107,0,,0
INV-201015,C1214,Independent,West,Phone,10,205.81,30,11,10,0.087,0,,0
INV-201016,C1790,National Account,Northeast,Web Portal,4,2471.39,45,87,30,0.081,0,,0
INV-201017,C1191,Independent,Midwest,Phone,2,978.14,45,30,9,0.124,0,,0
INV-201018,C1110,Independent,Northeast,Web Portal,9,3313.7,30,17,12,0.037,0,,0
INV-201019,C1446,National Account,West,Sales Rep,5,818.09,60,78,28,0.026,0,,0
INV-201020,C1692,National Account,Midwest,Phone,8,12667.05,60,42,23,0.172,0,112.0,1
INV-201021,C1121,National Account,South,Web Portal,2,31221.25,45,46,28,0.111,0,92.0,1
INV-201022,C1220,National Account,South,Sales Rep,2,7394.73,30,29,34,0.271,0,,0
INV-201023,C1311,Independent,West,EDI,12,1538.43,30,11,9,0.093,0,,0
INV-201024,C1275,Regional,West,Web Portal,12,5334.87,45,45,12,0.045,0,,0
INV-201025,C1222,Regional,West,EDI,8,13412.67,45,42,14,0.067,0,,0
INV-201026,C1082,Independent,Midwest,EDI,10,1586.73,30,26,12,0.059,1,,0
INV-201027,C1796,Independent,Midwest,Sales Rep,4,2186.64,30,24,11,0.105,1,,1
INV-201028,C1376,Independent,Northeast,Web Portal,2,551.87,45,4,7,0.086,0,,0
INV-201029,C1286,Regional,Midwest,Web Portal,11,2930.38,45,11,10,0.05,0,,0
INV-201030,C1426,Regional,South,Phone,6,6290.02,45,24,10,0.198,0,,0
INV-201031,C1172,Independent,Midwest,Phone,10,6709.02,45,6,13,0.0,0,,0
INV-201032,C1545,National Account,West,Sales Rep,11,12908.99,60,183,31,0.009,0,,0
INV-201033,C1011,Independent,Northeast,EDI,11,1707.61,45,15,8,0.202,0,,0
INV-201034,C1732,National Account,South,Web Portal,5,11854.31,45,112,22,0.266,0,,0
INV-201035,C1814,Regional,Midwest,Sales Rep,6,1355.89,30,7,11,0.136,0,,0
INV-201036,C1260,National Account,Midwest,Sales Rep,6,5627.03,60,11,25,0.193,0,96.0,1
INV-201037,C1112,Independent,Midwest,Web Portal,5,3893.93,30,24,9,0.049,0,61.0,1
INV-201038,C1746,Regional,Midwest,Phone,6,4383.84,30,65,11,0.262,0,,0
INV-201039,C1503,Regional,Northeast,EDI,3,12377.02,30,42,10,0.077,0,,0
INV-201040,C1651,Regional,Midwest,Sales Rep,4,3065.7,30,33,12,0.159,0,,0
INV-201041,C1004,National Account,South,EDI,6,2864.08,60,140,32,0.045,0,,0
INV-201042,C1732,National Account,West,Phone,12,22290.39,60,112,16,0.0,1,87.0,1
INV-201043,C1496,Regional,Midwest,Sales Rep,1,1953.19,45,49,5,0.145,0,,0
INV-201044,C1015,Regional,South,Web Portal,2,756.97,30,20,13,0.167,0,,0
INV-201045,C1449,National Account,Northeast,Phone,3,14326.9,30,192,19,0.0,0,,0
INV-201046,C1614,National Account,South,EDI,8,8165.4,45,27,18,0.041,0,,0
INV-201047,C1835,Regional,Midwest,Web Portal,11,3045.92,60,74,12,0.19,0,89.0,1
INV-201048,C1026,National Account,South,EDI,10,12405.68,60,48,29,0.066,0,,0
INV-201049,C1496,Regional,South,Web Portal,4,2510.05,45,49,16,0.066,0,,0
INV-201050,C1481,Regional,West,EDI,7,4406.65,30,11,9,0.008,0,,0
INV-201051,C1090,Independent,Midwest,EDI,8,1381.64,30,36,10,0.169,0,,0
INV-201052,C1699,National Account,South,Phone,2,9793.12,60,49,27,0.029,0,103.0,1
INV-201053,C1706,Regional,Midwest,Sales Rep,2,4127.41,45,17,12,0.188,0,,0
INV-201054,C1558,Independent,Northeast,Web Portal,4,2228.29,45,43,11,0.238,0,,0
INV-201055,C1448,Independent,Midwest,Web Portal,8,3018.8,30,4,14,0.119,0,,0
INV-201056,C1681,Regional,Midwest,Sales Rep,7,2226.13,45,43,6,0.0,1,,0
INV-201057,C1392,Independent,Midwest,Web Portal,10,9380.64,45,14,6,0.08,0,,0
INV-201058,C1446,National Account,West,Sales Rep,7,15553.73,60,78,29,0.014,0,,0
INV-201059,C1248,National Account,Northeast,Sales Rep,1,9730.75,60,47,30,0.317,0,,0
INV-201060,C1522,National Account,Northeast,Sales Rep,11,2516.32,45,5,31,0.019,0,,0
INV-201061,C1303,Independent,West,EDI,10,1785.97,30,2,12,0.176,0,,0
INV-201062,C1009,Regional,South,EDI,1,1850.32,45,32,8,0.266,0,,0
INV-201063,C1297,National Account,Midwest,EDI,2,22645.32,60,77,27,0.0,0,,0
INV-201064,C1307,Regional,West,Phone,2,1324.39,30,119,7,0.188,0,,0
INV-201065,C1315,Regional,Midwest,Sales Rep,5,4096.77,30,38,12,0.09,0,,0
INV-201066,C1199,Independent,South,Web Portal,9,1128.83,45,9,5,0.077,0,,0
INV-201067,C1623,Regional,Midwest,EDI,3,583.9,60,33,3,0.255,1,,0
INV-201068,C1555,Regional,Midwest,Sales Rep,12,2555.0,30,41,7,0.361,0,,0
INV-201069,C1386,National Account,South,Web Portal,4,15575.92,30,111,19,0.0,0,,0
INV-201070,C1505,National Account,South,EDI,7,8874.46,45,68,23,0.0,0,,0
INV-201071,C1447,Independent,West,Sales Rep,3,2315.73,30,13,11,0.174,0,,0
INV-201072,C1041,Regional,Midwest,Phone,7,5700.92,60,20,10,0.121,0,110.0,1
INV-201073,C1817,Independent,Northeast,Phone,10,1616.51,45,30,6,0.028,0,,0
INV-201074,C1411,National Account,Northeast,Web Portal,12,8803.99,60,70,21,0.0,0,,0
INV-201075,C1119,Regional,Midwest,Web Portal,7,2504.66,45,28,6,0.03,0,,0
INV-201076,C1768,National Account,Midwest,EDI,5,18613.26,30,109,32,0.02,0,,0
INV-201077,C1213,Regional,Northeast,EDI,1,14083.49,45,79,4,0.066,0,,0
INV-201078,C1393,Regional,South,EDI,6,3841.48,30,29,11,0.151,0,,0
INV-201079,C1251,Independent,Northeast,Web Portal,6,3795.05,30,30,12,0.25,0,,0
INV-201080,C1301,National Account,West,EDI,8,49410.41,60,199,21,0.0,0,,0
INV-201081,C1130,Independent,South,EDI,10,1264.81,30,5,8,0.126,0,,0
INV-201082,C1285,Independent,South,Sales Rep,2,3030.53,30,15,9,0.286,0,58.0,1
INV-201083,C1163,National Account,Northeast,Web Portal,2,3800.17,60,48,31,0.05,0,,0
INV-201084,C1608,Independent,Northeast,Sales Rep,10,1050.93,30,17,9,0.189,0,,0
INV-201085,C1698,National Account,West,Web Portal,10,1005.53,30,49,21,0.0,0,,0
INV-201086,C1768,National Account,South,Phone,10,7997.46,45,109,28,0.0,0,,0
INV-201087,C1829,Independent,South,Web Portal,6,3817.68,30,28,6,0.148,0,77.0,1
INV-201088,C1329,Independent,Northeast,Sales Rep,12,3697.31,45,8,10,0.227,0,,0
INV-201089,C1196,National Account,South,Web Portal,9,11423.29,45,28,29,0.0,0,,0
INV-201090,C1125,Independent,West,Web Portal,12,7502.73,30,37,11,0.001,0,,0
INV-201091,C1742,Regional,Midwest,EDI,4,4509.11,30,19,9,0.0,0,,0
INV-201092,C1698,National Account,Midwest,EDI,10,6272.55,45,49,22,0.04,0,,0
INV-201093,C1023,National Account,South,Web Portal,3,9472.53,30,33,20,0.065,1,,0
INV-201094,C1636,Regional,South,EDI,5,10363.78,30,73,12,0.027,0,61.0,1
INV-201095,C1635,Independent,Midwest,Phone,11,1196.44,45,11,11,0.056,0,,0
INV-201096,C1399,Independent,Midwest,EDI,8,2185.01,30,26,10,0.508,0,,0
INV-201097,C1622,Regional,South,EDI,3,2238.69,60,43,10,0.113,0,,0
INV-201098,C1023,National Account,Northeast,Web Portal,3,15342.51,45,33,20,0.309,0,74.0,1
INV-201099,C1805,Regional,South,EDI,4,3932.71,30,158,11,0.081,0,,0
INV-201100,C1722,Regional,Midwest,Sales Rep,2,3709.96,60,30,10,0.122,0,,0
INV-201101,C1107,Independent,Midwest,Phone,3,3394.65,45,18,15,0.297,0,,0
INV-201102,C1432,Regional,Northeast,Sales Rep,2,9681.36,60,17,7,0.276,0,,0
INV-201103,C1670,Regional,Midwest,Web Portal,6,1168.34,45,89,9,0.046,0,,0
INV-201104,C1464,Independent,South,Phone,11,1804.27,30,11,12,0.242,0,,0
INV-201105,C1492,National Account,Midwest,Sales Rep,5,27005.7,30,102,22,0.132,0,,0
INV-201106,C1681,Regional,West,Phone,5,2805.2,30,43,14,0.028,0,,0
INV-201107,C1195,Regional,Northeast,Web Portal,12,6663.85,30,56,6,0.118,0,,0
INV-201108,C1062,Regional,South,Phone,3,5562.83,60,43,17,0.154,0,,0
INV-201109,C1143,Independent,South,Web Portal,12,690.54,30,8,9,0.095,0,,0
INV-201110,C1664,Regional,West,Sales Rep,7,21923.79,30,60,10,0.287,0,,0
INV-201111,C1098,Regional,Northeast,Web Portal,8,1007.77,30,24,5,0.113,0,,0
INV-201112,C1589,Independent,South,Sales Rep,3,988.43,30,16,17,0.12,0,,0
INV-201113,C1606,National Account,Midwest,Phone,2,17592.03,30,195,18,0.161,0,,0
INV-201114,C1131,Regional,Midwest,Sales Rep,1,1627.68,60,56,11,0.224,0,,0
INV-201115,C1653,Regional,Northeast,Sales Rep,8,4128.86,60,8,11,0.118,0,,0
INV-201116,C1302,Independent,West,Sales Rep,8,1844.61,30,30,7,0.105,0,,0
INV-201117,C1339,Independent,West,EDI,2,774.54,30,5,10,0.17,1,,0
INV-201118,C1157,National Account,West,Sales Rep,11,18750.6,45,138,32,0.0,0,,0
INV-201119,C1074,Regional,Midwest,Phone,7,2627.05,45,26,5,0.392,0,,0
INV-201120,C1590,Independent,South,Phone,9,309.71,45,19,13,0.109,0,,0
INV-201121,C1137,Regional,Northeast,Web Portal,2,10815.59,60,51,7,0.344,0,106.0,1
INV-201122,C1210,Regional,Midwest,Web Portal,2,8686.21,60,20,6,0.264,0,,0
INV-201123,C1123,Independent,Northeast,Phone,1,4870.7,30,26,13,0.219,0,,0
INV-201124,C1081,Independent,Midwest,Sales Rep,3,850.49,30,12,7,0.151,0,,0
INV-201125,C1752,Regional,Northeast,Web Portal,7,5174.48,30,22,5,0.202,0,,0
INV-201126,C1328,National Account,South,Web Portal,10,4020.99,60,81,20,0.049,0,,0
INV-201127,C1551,Regional,Northeast,Web Portal,4,8040.09,45,97,10,0.056,0,,0
INV-201128,C1448,Independent,South,Sales Rep,9,1355.89,30,4,13,0.143,0,,0
INV-201129,C1309,Independent,Northeast,Sales Rep,8,2944.79,30,6,9,0.477,0,,0
INV-201130,C1053,Regional,South,Web Portal,7,393.56,45,25,10,0.414,0,,0
INV-201131,C1578,Independent,Northeast,Phone,7,1205.03,30,24,12,0.156,0,,0
INV-201132,C1132,Independent,South,Phone,9,426.25,30,7,13,0.505,0,,0
INV-201133,C1250,Regional,Northeast,Web Portal,6,6724.86,30,101,14,0.125,0,,0
INV-201134,C1515,Regional,West,EDI,7,3448.45,45,55,13,0.182,0,,0
INV-201135,C1106,National Account,Midwest,Sales Rep,10,26150.33,45,46,17,0.081,0,,0
INV-201136,C1146,National Account,Midwest,EDI,3,58048.1,60,38,21,0.159,0,,0
INV-201137,C1362,Regional,Midwest,EDI,3,5719.86,45,30,7,0.0,0,,0
INV-201138,C1436,Independent,Midwest,Phone,9,4331.1,45,39,8,0.136,0,,0
INV-201139,C1452,Regional,West,EDI,3,1742.83,45,103,14,0.032,0,,0
INV-201140,C1550,Regional,Midwest,Phone,7,6250.49,30,55,10,0.151,0,,0
INV-201141,C1817,Independent,West,Phone,6,2100.7,30,30,16,0.089,0,,0
INV-201142,C1826,Regional,Midwest,Phone,11,1556.85,30,13,10,0.022,0,,0
INV-201143,C1442,National Account,Midwest,Sales Rep,6,16821.35,45,45,21,0.05,0,,0
INV-201144,C1753,Independent,Midwest,Phone,12,1018.94,30,34,12,0.102,1,,0
INV-201145,C1026,National Account,Midwest,EDI,7,12299.82,45,48,27,0.203,0,,0
INV-201146,C1091,National Account,Midwest,Sales Rep,7,9216.61,60,111,24,0.049,0,,0
INV-201147,C1079,Regional,South,Sales Rep,7,12824.27,45,147,9,0.079,1,96.0,1
INV-201148,C1575,Independent,Midwest,Sales Rep,6,1094.18,45,51,11,0.179,0,,0
INV-201149,C1497,National Account,West,Sales Rep,9,2324.95,60,137,20,0.0,0,,0
INV-201150,C1368,Independent,West,Sales Rep,12,14927.75,30,27,8,0.213,0,,0
INV-201151,C1465,Regional,Midwest,Web Portal,4,8883.66,45,4,11,0.046,0,,0
INV-201152,C1148,Regional,West,Sales Rep,4,5667.74,45,18,13,0.057,0,,0
INV-201153,C1370,Regional,West,Sales Rep,8,2272.85,45,68,9,0.107,0,98.0,1
INV-201154,C1307,Regional,Midwest,Phone,12,604.0,60,119,6,0.097,0,,0
INV-201155,C1378,Independent,Midwest,Sales Rep,6,736.56,30,79,8,0.045,0,,0
INV-201156,C1203,Independent,South,Sales Rep,3,8332.48,45,22,6,0.332,0,,0
INV-201157,C1076,Independent,Northeast,EDI,7,3499.14,30,39,14,0.214,0,,0
INV-201158,C1001,Regional,West,EDI,7,4436.2,45,30,12,0.223,0,,0
INV-201159,C1552,National Account,South,Phone,7,7691.23,60,18,17,0.255,0,,0
INV-201160,C1334,National Account,Northeast,Sales Rep,9,5037.79,45,103,19,0.139,0,,0
INV-201161,C1218,National Account,West,Sales Rep,4,7376.94,30,43,20,0.066,0,,0
INV-201162,C1397,National Account,South,Sales Rep,1,1292.31,60,54,21,0.0,0,,0
INV-201163,C1436,Independent,South,Web Portal,4,2366.79,45,39,13,0.121,0,,0
INV-201164,C1831,Regional,Midwest,Web Portal,7,585.35,45,39,11,0.09,0,,0
INV-201165,C1796,Independent,Midwest,EDI,11,3084.5,30,24,11,0.139,0,,0
INV-201166,C1402,National Account,Midwest,EDI,9,4084.65,60,66,23,0.153,0,,0
INV-201167,C1463,National Account,Midwest,Sales Rep,2,12909.84,45,90,28,0.091,0,,0
INV-201168,C1555,Regional,South,Web Portal,5,1925.12,30,41,7,0.013,0,,0
INV-201169,C1322,Independent,Northeast,Sales Rep,4,3155.94,30,39,7,0.169,1,,0
INV-201170,C1027,Regional,West,Sales Rep,3,4517.31,60,38,10,0.079,0,99.0,1
INV-201171,C1131,Regional,Midwest,Sales Rep,2,3235.37,30,56,17,0.117,0,,0
INV-201172,C1585,Regional,Midwest,Sales Rep,5,12874.25,45,86,12,0.0,0,,0
INV-201173,C1488,Regional,Midwest,EDI,5,9753.43,30,79,11,0.16,0,,0
INV-201174,C1193,Regional,Midwest,EDI,12,5839.8,30,26,9,0.314,0,,0
INV-201175,C1071,Regional,Northeast,EDI,1,1705.0,30,48,8,0.115,0,,0
INV-201176,C1327,Regional,Northeast,EDI,2,13071.28,30,79,12,0.034,0,,0
INV-201177,C1671,National Account,Midwest,Sales Rep,4,14886.35,60,231,21,0.0,0,,0
INV-201178,C1472,Regional,West,EDI,7,4708.08,30,66,10,0.059,0,,0
INV-201179,C1356,Independent,Midwest,Web Portal,11,1134.89,45,10,12,0.193,0,,0
INV-201180,C1243,Regional,West,Web Portal,3,2131.19,45,20,9,0.0,1,,0
INV-201181,C1328,National Account,South,Web Portal,3,12796.8,45,81,19,0.214,0,,0
INV-201182,C1511,Regional,Midwest,EDI,8,3424.92,45,40,7,0.047,0,,0
INV-201183,C1566,National Account,Midwest,EDI,7,10236.12,45,58,24,0.097,0,,0
INV-201184,C1189,National Account,West,Web Portal,10,6425.6,30,90,20,0.127,0,,0
INV-201185,C1481,Regional,Midwest,Sales Rep,6,8497.71,60,11,7,0.077,0,,0
INV-201186,C1297,National Account,Northeast,Sales Rep,7,9226.11,45,77,25,0.124,0,,0
INV-201187,C1234,Independent,West,Sales Rep,11,573.37,30,10,13,0.234,0,,0
INV-201188,C1831,Regional,South,EDI,6,2959.97,45,39,14,0.347,0,,0
INV-201189,C1454,Regional,Northeast,EDI,10,1398.9,30,71,10,0.173,0,,0
INV-201190,C1296,Independent,Midwest,Sales Rep,4,1728.43,45,32,10,0.064,0,,0
INV-201191,C1537,Independent,Midwest,Phone,6,2027.6,45,11,8,0.248,0,,0
INV-201192,C1350,Independent,South,Web Portal,5,2564.88,45,32,10,0.076,0,,0
INV-201193,C1332,National Account,West,EDI,4,40283.07,30,14,18,0.07,0,,0
INV-201194,C1039,Independent,Midwest,Phone,7,988.06,30,20,12,0.13,0,,0
INV-201195,C1582,Independent,Midwest,Sales Rep,8,1397.49,30,24,6,0.224,0,,0
INV-201196,C1196,National Account,South,EDI,7,10583.58,45,28,26,0.0,0,,0
INV-201197,C1334,National Account,West,Phone,10,4018.43,60,103,22,0.271,1,,0
INV-201198,C1236,National Account,South,Phone,1,19240.74,60,36,22,0.191,0,92.0,1
INV-201199,C1845,Independent,West,Sales Rep,12,1438.7,45,4,5,0.074,0,,0
INV-201200,C1360,Independent,Northeast,Sales Rep,1,1098.58,30,43,10,0.035,0,,0
INV-201201,C1659,National Account,Northeast,EDI,3,1888.8,45,99,23,0.13,0,,0
INV-201202,C1061,Regional,Midwest,Web Portal,2,3160.79,30,30,8,0.09,0,,0
INV-201203,C1809,Regional,Northeast,EDI,12,1242.08,45,62,5,0.0,0,,0
INV-201204,C1809,Regional,Midwest,EDI,12,2889.65,30,62,9,0.11,1,,0
INV-201205,C1283,Regional,West,Web Portal,2,11982.64,30,5,10,0.141,0,,0
INV-201206,C1316,Regional,Northeast,Phone,5,1493.43,45,44,3,0.0,0,,0
INV-201207,C1542,Regional,South,Sales Rep,10,5752.55,30,43,12,0.027,0,,0
INV-201208,C1045,National Account,Northeast,Web Portal,1,6391.66,60,120,20,0.0,0,,0
INV-201209,C1284,Independent,Midwest,Phone,8,1915.34,30,23,9,0.09,0,,0
INV-201210,C1838,Regional,Midwest,Phone,5,2596.67,30,14,5,0.184,0,,0
INV-201211,C1409,Regional,South,Sales Rep,3,1888.18,45,10,9,0.178,0,,0
INV-201212,C1260,National Account,Northeast,Phone,6,4043.55,30,11,24,0.054,0,,0
INV-201213,C1395,Regional,Midwest,Sales Rep,4,3523.5,45,49,7,0.025,0,,0
INV-201214,C1266,Regional,Midwest,Phone,1,5842.71,30,22,9,0.253,0,,0
INV-201215,C1120,National Account,Northeast,Web Portal,2,7811.86,30,62,21,0.104,0,,0
INV-201216,C1807,National Account,Midwest,Sales Rep,3,15756.57,45,170,22,0.072,0,,0
INV-201217,C1552,National Account,South,EDI,8,6112.97,45,18,25,0.094,0,,0
INV-201218,C1218,National Account,Northeast,Sales Rep,10,13032.53,60,43,28,0.0,0,,0
INV-201219,C1460,Independent,South,Sales Rep,6,1268.57,30,19,8,0.071,0,,0
INV-201220,C1239,Regional,Northeast,Web Portal,9,1786.71,30,63,12,0.121,1,,0
INV-201221,C1086,Independent,Northeast,Web Portal,9,1589.27,30,23,4,0.19,0,,0
INV-201222,C1106,National Account,Northeast,Sales Rep,11,4023.09,60,46,24,0.235,0,95.0,1
INV-201223,C1714,Regional,West,EDI,8,8849.68,30,39,13,0.195,0,,0
INV-201224,C1023,National Account,South,Web Portal,12,12300.87,60,33,25,0.165,0,,0
INV-201225,C1217,National Account,Midwest,Sales Rep,9,53998.83,45,134,27,0.0,0,,0
INV-201226,C1049,Independent,South,Sales Rep,12,1287.86,30,13,9,0.114,0,,0
INV-201227,C1273,Regional,South,Phone,9,2992.98,30,21,9,0.046,0,,0
INV-201228,C1578,Independent,South,Sales Rep,6,975.37,30,24,7,0.26,0,,0
INV-201229,C1840,Regional,South,Web Portal,10,13918.55,45,38,5,0.005,0,,0
INV-201230,C1105,Independent,Northeast,Phone,10,1621.92,30,7,8,0.055,0,,0
INV-201231,C1682,Independent,West,EDI,5,1206.17,45,13,14,0.148,0,,0
INV-201232,C1312,National Account,Northeast,EDI,4,25321.95,30,104,28,0.018,0,,0
INV-201233,C1181,Regional,Midwest,Sales Rep,11,2359.67,30,58,8,0.083,0,,0
INV-201234,C1186,National Account,Northeast,Sales Rep,1,16905.4,60,69,35,0.029,0,,0
INV-201235,C1820,Regional,Midwest,Phone,1,8707.69,30,58,13,0.383,1,,0
INV-201236,C1220,National Account,Northeast,EDI,7,11068.15,30,29,35,0.089,0,,0
INV-201237,C1163,National Account,South,Web Portal,7,2350.89,60,48,25,0.0,0,,0
INV-201238,C1564,National Account,Midwest,Sales Rep,8,21129.51,30,113,22,0.085,0,,0
INV-201239,C1023,National Account,South,EDI,7,2958.21,60,33,29,0.027,0,,0
INV-201240,C1522,National Account,South,Phone,10,29668.3,60,5,23,0.0,0,,0
INV-201241,C1512,Regional,South,Web Portal,11,978.33,45,47,9,0.027,0,,0
INV-201242,C1751,National Account,West,Phone,3,4122.96,45,60,17,0.081,0,,0
INV-201243,C1714,Regional,Midwest,Sales Rep,5,1911.97,60,39,4,0.011,0,,0
INV-201244,C1261,Regional,South,Phone,1,3964.04,60,33,11,0.139,1,109.0,1
INV-201245,C1065,Regional,Northeast,Sales Rep,12,2646.54,30,35,11,0.037,0,,0
INV-201246,C1601,National Account,South,EDI,4,7256.02,45,17,26,0.105,1,,0
INV-201247,C1798,Regional,South,Sales Rep,5,3211.45,45,90,11,0.136,0,,0
INV-201248,C1111,National Account,Midwest,Sales Rep,6,17370.73,30,93,28,0.302,0,,0
INV-201249,C1114,Independent,South,Sales Rep,8,3447.59,30,10,10,0.075,0,,0
INV-201250,C1239,Regional,Northeast,Sales Rep,2,2166.83,45,63,9,0.0,0,70.0,1
INV-201251,C1770,Regional,West,EDI,10,5922.99,30,13,11,0.0,0,,0
INV-201252,C1410,Independent,West,Sales Rep,8,4922.39,30,13,3,0.047,0,,0
INV-201253,C1623,Regional,Northeast,Phone,6,9309.35,30,33,10,0.024,0,,0
INV-201254,C1162,Independent,Northeast,Web Portal,12,1349.92,30,5,6,0.113,0,51.0,0
INV-201255,C1067,Independent,Midwest,EDI,11,1266.1,30,2,12,0.192,0,,0
INV-201256,C1752,Regional,South,Sales Rep,8,5650.92,60,22,10,0.083,0,,0
INV-201257,C1171,Independent,Midwest,EDI,3,1596.2,30,30,7,0.0,0,,0
INV-201258,C1254,Independent,Midwest,Web Portal,9,1984.46,45,19,12,0.07,0,,0
INV-201259,C1402,National Account,Midwest,EDI,8,5192.0,60,66,25,0.229,0,,0
INV-201260,C1202,National Account,Midwest,EDI,4,17280.46,60,98,23,0.264,0,,0
INV-201261,C1097,National Account,Midwest,Phone,8,56972.18,45,32,21,0.135,0,,0
INV-201262,C1114,Independent,Northeast,Web Portal,6,1053.45,30,10,10,0.151,0,84.0,1
INV-201263,C1075,Independent,Midwest,Sales Rep,12,679.96,45,29,9,0.037,0,,0
INV-201264,C1250,Regional,Northeast,EDI,9,5202.82,30,101,8,0.156,0,,0
INV-201265,C1409,Regional,Northeast,Sales Rep,5,4755.22,30,10,13,0.051,0,,0
INV-201266,C1518,Independent,Northeast,EDI,7,3241.17,30,67,10,0.321,0,,0
INV-201267,C1607,Regional,Northeast,Phone,9,8239.67,60,51,6,0.113,0,,0
INV-201268,C1219,Independent,Northeast,Sales Rep,9,167.43,30,20,11,0.353,0,,0
INV-201269,C1629,Regional,Midwest,Phone,11,5495.36,30,15,5,0.153,0,,0
INV-201270,C1240,Regional,South,Sales Rep,6,2562.22,45,64,8,0.168,1,,0
INV-201271,C1639,Regional,Midwest,Sales Rep,4,815.28,45,12,12,0.087,0,,0
INV-201272,C1246,Independent,South,Sales Rep,4,1374.2,30,8,8,0.241,0,54.0,1
INV-201273,C1088,Independent,Midwest,Web Portal,12,2987.68,30,21,14,0.457,1,,0
INV-201274,C1103,National Account,Northeast,Sales Rep,7,4512.1,60,80,24,0.169,0,,0
INV-201275,C1732,National Account,South,EDI,8,20495.96,30,112,33,0.102,0,,0
INV-201276,C1397,National Account,South,EDI,1,6151.13,45,54,22,0.072,0,82.0,0
INV-201277,C1565,National Account,Midwest,EDI,9,5064.2,60,28,22,0.091,0,,0
INV-201278,C1716,Independent,South,Sales Rep,9,584.22,30,7,9,0.075,0,,0
INV-201279,C1751,National Account,South,Sales Rep,3,10122.19,60,60,25,0.12,0,,0
INV-201280,C1449,National Account,Northeast,Sales Rep,3,6097.75,60,192,25,0.0,0,,0
INV-201281,C1196,National Account,Midwest,Web Portal,7,3933.54,30,28,26,0.178,0,,0
INV-201282,C1106,National Account,Northeast,Sales Rep,2,9576.52,30,46,21,0.153,0,,0
INV-201283,C1178,National Account,South,Web Portal,7,26080.31,45,58,16,0.078,0,,0
INV-201284,C1745,Regional,South,EDI,1,9365.16,30,73,10,0.199,0,,0
INV-201285,C1062,Regional,South,Sales Rep,11,1473.1,30,43,10,0.014,0,,0
INV-201286,C1299,National Account,South,Web Portal,4,2870.45,30,31,16,0.029,0,,0
INV-201287,C1016,Independent,South,EDI,5,750.88,30,15,9,0.116,0,,0
INV-201288,C1712,National Account,Midwest,Sales Rep,2,10773.49,45,66,27,0.08,0,,0
INV-201289,C1337,Regional,Midwest,Sales Rep,12,2828.83,30,20,12,0.203,0,,0
INV-201290,C1225,Independent,South,Web Portal,6,4729.34,45,5,9,0.349,0,,0
INV-201291,C1624,Regional,South,EDI,12,2283.78,60,25,11,0.223,0,,0
INV-201292,C1598,Independent,Midwest,Sales Rep,12,6427.87,30,12,8,0.251,0,,0
INV-201293,C1612,National Account,Midwest,Phone,6,5589.1,45,56,22,0.163,0,,0
INV-201294,C1306,National Account,South,EDI,3,3386.47,60,20,25,0.026,0,,0
INV-201295,C1497,National Account,Midwest,Phone,7,3832.7,30,137,19,0.0,0,,0
INV-201296,C1766,Independent,Northeast,Web Portal,5,7288.11,60,28,12,0.163,0,,0
INV-201297,C1761,Regional,West,EDI,1,4223.84,60,50,10,0.259,0,,0
INV-201298,C1787,National Account,Northeast,Web Portal,5,5409.33,60,103,17,0.202,0,,0
INV-201299,C1617,Independent,West,Web Portal,5,1565.44,30,38,8,0.008,0,,0
INV-201300,C1028,Regional,Midwest,EDI,3,3142.56,30,86,9,0.256,0,,0
INV-201301,C1631,Regional,Midwest,EDI,8,9962.23,30,8,9,0.185,0,,0
INV-201302,C1627,Regional,Midwest,Sales Rep,7,7635.4,60,29,12,0.201,0,,0
INV-201303,C1183,Regional,Midwest,Phone,6,4123.73,30,61,12,0.055,0,,0
INV-201304,C1453,Regional,South,Web Portal,7,8316.68,30,50,9,0.29,0,,0
INV-201305,C1469,National Account,Midwest,Web Portal,3,17559.77,45,100,31,0.0,0,,0
INV-201306,C1724,Independent,Northeast,Sales Rep,11,907.89,45,28,10,0.143,0,,0
INV-201307,C1154,Regional,West,Sales Rep,7,8093.68,30,5,12,0.052,0,,0
INV-201308,C1428,National Account,West,EDI,9,14092.94,30,19,18,0.008,0,,0
INV-201309,C1725,Independent,Midwest,Sales Rep,4,5116.09,45,41,10,0.141,0,,0
INV-201310,C1065,Regional,Northeast,Web Portal,7,5555.82,45,35,3,0.022,0,,0
INV-201311,C1751,National Account,West,Web Portal,10,35551.07,45,60,20,0.078,0,,0
INV-201312,C1768,National Account,Midwest,EDI,7,11351.14,60,109,18,0.138,0,,0
INV-201313,C1710,National Account,Northeast,Web Portal,10,4303.97,45,54,18,0.044,0,,0
INV-201314,C1110,Independent,South,EDI,6,3200.65,30,17,7,0.129,0,,0
INV-201315,C1337,Regional,Midwest,Sales Rep,3,893.3,45,20,10,0.097,0,,0
INV-201316,C1019,National Account,Midwest,Sales Rep,5,2737.85,45,43,26,0.231,0,74.0,0
INV-201317,C1237,National Account,South,EDI,10,4147.14,60,55,26,0.018,0,,0
INV-201318,C1156,Independent,Midwest,Sales Rep,6,831.0,45,29,9,0.19,0,,0
INV-201319,C1816,National Account,Northeast,Phone,5,28919.0,30,25,21,0.165,0,,0
INV-201320,C1671,National Account,West,Web Portal,8,2962.87,45,231,25,0.149,0,,0
INV-201321,C1571,Independent,Northeast,Sales Rep,2,460.47,30,12,7,0.062,0,62.0,0
INV-201322,C1145,National Account,Midwest,Phone,7,4303.8,60,5,24,0.069,0,,0
INV-201323,C1035,Regional,Midwest,EDI,12,5243.75,30,18,8,0.074,0,,0
INV-201324,C1594,National Account,Northeast,EDI,11,39243.94,30,75,17,0.0,0,,0
INV-201325,C1845,Independent,West,Web Portal,11,1610.68,30,4,11,0.0,1,,0
INV-201326,C1019,National Account,Northeast,Phone,2,3278.14,30,43,25,0.255,0,,0
INV-201327,C1453,Regional,Northeast,Phone,8,2372.37,30,50,12,0.072,0,,0
INV-201328,C1256,National Account,Midwest,Web Portal,2,8656.53,30,9,18,0.258,0,,0
INV-201329,C1789,Independent,Midwest,Phone,12,4713.18,30,27,12,0.0,0,,0
INV-201330,C1412,Independent,South,Sales Rep,6,2820.78,30,40,11,0.145,0,,0
INV-201331,C1679,Regional,South,Sales Rep,6,766.53,30,135,11,0.126,0,,0
INV-201332,C1713,Independent,South,EDI,3,249.36,30,13,12,0.484,0,,0
INV-201333,C1299,National Account,South,Web Portal,4,11695.13,45,31,28,0.0,0,,0
INV-201334,C1309,Independent,Midwest,Phone,9,262.92,30,6,9,0.292,0,,0
INV-201335,C1236,National Account,West,EDI,8,5002.97,60,36,27,0.0,0,,0
INV-201336,C1818,National Account,Northeast,Phone,10,11483.23,60,113,24,0.165,0,,0
INV-201337,C1398,National Account,South,Web Portal,3,15324.44,30,161,18,0.054,0,,0
INV-201338,C1186,National Account,West,Phone,11,16871.71,60,69,31,0.309,0,,0
INV-201339,C1492,National Account,South,Sales Rep,2,14017.55,60,102,26,0.048,0,,0
INV-201340,C1370,Regional,West,Sales Rep,11,7837.42,60,68,7,0.268,0,,0
INV-201341,C1742,Regional,Northeast,Phone,9,1555.43,30,19,10,0.0,0,,0
INV-201342,C1435,Regional,West,EDI,7,2504.4,45,15,10,0.193,0,,0
INV-201343,C1816,National Account,Northeast,EDI,6,6070.42,60,25,25,0.041,0,,0
INV-201344,C1027,Regional,Northeast,Phone,12,4761.25,45,38,11,0.043,0,,0
INV-201345,C1120,National Account,Northeast,EDI,9,2953.16,30,62,21,0.157,1,,0
INV-201346,C1749,Independent,Midwest,Web Portal,11,811.56,45,28,12,0.064,0,,0
INV-201347,C1048,Regional,Northeast,Web Portal,3,3493.95,45,61,13,0.154,0,,0
INV-201348,C1021,Independent,Midwest,Phone,10,2433.43,30,22,5,0.407,0,,0
INV-201349,C1747,Regional,Midwest,EDI,2,13454.31,60,49,11,0.051,0,,0
INV-201350,C1481,Regional,South,Web Portal,2,13024.85,45,11,7,0.213,0,,0
INV-201351,C1603,National Account,Midwest,Sales Rep,6,15908.71,60,122,29,0.068,0,,0
INV-201352,C1022,Independent,Midwest,Sales Rep,2,1674.79,30,6,11,0.119,0,,0
INV-201353,C1103,National Account,Midwest,EDI,9,9656.38,60,80,32,0.0,0,,0
INV-201354,C1721,Regional,West,Phone,1,2288.21,60,39,14,0.0,0,,0
INV-201355,C1136,Independent,Midwest,Phone,8,1621.93,45,2,15,0.14,0,,0
INV-201356,C1103,National Account,Northeast,EDI,9,25588.71,45,80,24,0.237,0,,0
INV-201357,C1354,Independent,Midwest,Web Portal,12,1044.32,45,44,9,0.155,1,,0
INV-201358,C1115,National Account,West,Phone,4,9691.01,45,48,27,0.0,0,,0
INV-201359,C1849,Regional,West,Sales Rep,3,2665.51,45,34,8,0.048,0,,0
INV-201360,C1196,National Account,South,Web Portal,11,2227.74,45,28,20,0.16,1,74.0,1
INV-201361,C1419,National Account,Northeast,Phone,1,13355.41,45,31,21,0.221,0,,0
INV-201362,C1021,Independent,Midwest,Phone,8,5391.44,45,22,9,0.133,0,,0
INV-201363,C1071,Regional,Northeast,Web Portal,10,1362.8,60,48,8,0.155,0,,0
INV-201364,C1803,National Account,Midwest,Sales Rep,1,13028.97,45,32,20,0.0,0,,0
INV-201365,C1471,National Account,South,EDI,5,3948.4,45,137,29,0.273,0,,0
INV-201366,C1075,Independent,West,Sales Rep,6,4607.8,30,29,8,0.147,0,,0
INV-201367,C1346,Regional,South,EDI,1,3199.17,45,52,6,0.006,1,,0
INV-201368,C1811,Regional,West,Web Portal,3,1942.5,30,7,11,0.355,0,,0
INV-201369,C1458,Regional,West,Web Portal,9,3339.08,30,28,9,0.0,0,,0
INV-201370,C1142,Independent,South,EDI,1,1084.66,30,12,8,0.066,0,,0
INV-201371,C1484,Independent,Midwest,EDI,9,8682.83,30,44,11,0.17,0,,0
INV-201372,C1077,Regional,South,EDI,8,6581.18,60,39,10,0.0,0,,0
INV-201373,C1297,National Account,South,Sales Rep,3,17903.62,45,77,20,0.0,0,97.0,1
INV-201374,C1369,Regional,Northeast,Sales Rep,6,6011.34,45,43,9,0.112,0,,0
INV-201375,C1016,Independent,Northeast,EDI,9,1041.72,30,15,6,0.127,0,,0
INV-201376,C1536,National Account,South,Web Portal,7,11041.41,30,177,29,0.131,0,,0
INV-201377,C1307,Regional,Northeast,Web Portal,2,2882.15,45,119,9,0.0,0,,0
INV-201378,C1536,National Account,West,EDI,5,20197.2,60,177,26,0.214,0,,0
INV-201379,C1461,Independent,West,Sales Rep,12,348.18,30,6,9,0.111,0,,0
INV-201380,C1397,National Account,Midwest,EDI,11,23414.24,60,54,20,0.025,0,,0
INV-201381,C1725,Independent,West,EDI,9,726.15,30,41,16,0.259,0,,0
INV-201382,C1232,Independent,South,Web Portal,9,3567.31,45,4,10,0.188,0,,0
INV-201383,C1024,Regional,Midwest,Web Portal,1,15286.79,60,141,9,0.054,0,,0
INV-201384,C1450,Independent,South,Phone,11,4939.65,30,16,11,0.214,0,,0
INV-201385,C1338,Independent,West,Web Portal,11,11017.34,45,30,10,0.191,0,,0
INV-201386,C1031,Regional,South,Sales Rep,3,584.59,45,34,5,0.064,0,,0
INV-201387,C1037,Regional,West,Sales Rep,9,366.6,30,75,10,0.035,0,,0
INV-201388,C1155,Regional,West,Phone,12,676.51,60,98,16,0.005,0,,0
INV-201389,C1248,National Account,Midwest,EDI,11,12498.78,60,47,20,0.096,0,,0
INV-201390,C1829,Independent,Northeast,Web Portal,2,410.85,45,28,9,0.172,0,,0
INV-201391,C1574,Independent,Midwest,Web Portal,4,2070.72,30,76,9,0.074,0,,0
INV-201392,C1330,Independent,Midwest,Sales Rep,9,5330.37,30,14,10,0.096,0,,0
INV-201393,C1189,National Account,South,Sales Rep,4,5718.45,30,90,25,0.0,0,,0
INV-201394,C1229,Regional,West,Web Portal,3,1194.62,30,63,9,0.175,0,,0
INV-201395,C1750,National Account,South,Sales Rep,12,21140.85,45,108,29,0.0,0,,0
INV-201396,C1229,Regional,Midwest,Sales Rep,10,2087.44,45,63,12,0.095,0,,0
INV-201397,C1685,Independent,Northeast,Sales Rep,12,6297.69,45,16,15,0.264,0,,0
INV-201398,C1216,Regional,West,Sales Rep,6,6562.71,45,23,10,0.233,0,,0
INV-201399,C1101,National Account,West,EDI,10,4259.95,45,152,18,0.069,0,,0
INV-201400,C1091,National Account,Midwest,Web Portal,6,2718.0,45,111,19,0.03,0,,0
INV-201401,C1259,National Account,South,Phone,11,5392.97,45,71,24,0.0,1,,0
INV-201402,C1402,National Account,Midwest,Phone,7,9263.47,30,66,24,0.049,0,,0
INV-201403,C1827,National Account,Northeast,EDI,6,8374.47,60,73,20,0.044,0,,0
INV-201404,C1818,National Account,South,Web Portal,1,19154.04,60,113,20,0.055,0,,0
INV-201405,C1010,Regional,Midwest,EDI,11,3966.86,45,5,9,0.099,0,,0
INV-201406,C1024,Regional,Northeast,Phone,5,1204.89,30,141,10,0.047,0,,0
INV-201407,C1796,Independent,Northeast,Web Portal,11,1938.46,30,24,7,0.072,0,,0
INV-201408,C1648,Regional,West,Sales Rep,10,1723.57,45,39,13,0.277,0,,0
INV-201409,C1023,National Account,Northeast,Sales Rep,11,8457.29,45,33,26,0.077,0,,0
INV-201410,C1020,Independent,South,Sales Rep,1,5140.85,30,2,9,0.213,0,,0
INV-201411,C1474,Regional,Northeast,Web Portal,4,3202.76,30,25,7,0.149,0,,0
INV-201412,C1238,National Account,West,Web Portal,5,3219.16,45,201,30,0.225,0,,0
INV-201413,C1692,National Account,Midwest,EDI,3,35943.29,45,42,27,0.028,0,,0
INV-201414,C1748,Regional,South,EDI,1,5103.62,60,120,9,0.167,0,,0
INV-201415,C1374,Regional,Midwest,Phone,1,1804.68,45,17,13,0.349,0,,0
INV-201416,C1265,Regional,Midwest,Sales Rep,5,3877.82,30,9,7,0.125,0,,0
INV-201417,C1577,Independent,West,Sales Rep,10,538.36,45,13,10,0.101,0,,0
INV-201418,C1215,Regional,West,EDI,2,1877.04,60,33,11,0.088,0,,0
INV-201419,C1165,Independent,Midwest,EDI,3,3362.72,30,13,10,0.0,0,,0
INV-201420,C1041,Regional,Midwest,EDI,10,3820.4,45,20,14,0.261,0,,0
INV-201421,C1565,National Account,Northeast,Phone,5,13984.56,60,28,28,0.28,0,,0
INV-201422,C1306,National Account,South,Web Portal,1,15722.71,45,20,17,0.0,0,,0
INV-201423,C1328,National Account,Northeast,Sales Rep,10,6028.84,60,81,20,0.028,0,,0
INV-201424,C1134,National Account,West,Web Portal,6,6095.62,60,43,21,0.102,0,,0
INV-201425,C1606,National Account,South,Phone,7,10619.97,45,195,20,0.0,0,,0
INV-201426,C1316,Regional,Northeast,Phone,2,2326.05,45,44,14,0.149,0,,0
INV-201427,C1209,Independent,West,Sales Rep,2,1699.46,30,5,11,0.097,0,,0
INV-201428,C1844,Independent,West,Sales Rep,12,739.51,30,31,7,0.089,0,,0
INV-201429,C1574,Independent,West,Phone,6,1367.58,30,76,14,0.142,0,,0
INV-201430,C1541,Independent,Midwest,Web Portal,3,1971.11,45,23,7,0.231,0,,0
INV-201431,C1256,National Account,South,Web Portal,7,3324.93,60,9,27,0.042,0,,0
INV-201432,C1545,National Account,West,Web Portal,9,2866.29,60,183,26,0.021,0,,0
INV-201433,C1013,Regional,West,Sales Rep,8,22478.74,30,43,2,0.384,0,,0
INV-201434,C1394,National Account,Midwest,Sales Rep,9,5143.25,60,93,22,0.1,0,,0
INV-201435,C1762,National Account,Midwest,Sales Rep,6,5867.32,45,36,25,0.135,0,,0
INV-201436,C1010,Regional,South,Web Portal,3,1018.29,30,5,10,0.204,1,,0
INV-201437,C1563,Independent,Midwest,Sales Rep,8,3148.87,60,17,14,0.165,0,,0
INV-201438,C1699,National Account,Midwest,EDI,6,9366.36,45,49,27,0.097,0,,0
INV-201439,C1653,Regional,Northeast,Sales Rep,8,5953.57,30,8,7,0.075,0,,0
INV-201440,C1524,National Account,Midwest,Phone,2,12250.96,60,36,17,0.052,0,,0
INV-201441,C1256,National Account,Midwest,EDI,8,7945.22,60,9,21,0.147,0,,0
INV-201442,C1522,National Account,Midwest,Sales Rep,10,3358.63,60,5,23,0.48,0,,0
INV-201443,C1411,National Account,South,EDI,5,5165.34,45,70,27,0.453,0,,0
INV-201444,C1725,Independent,West,Web Portal,8,581.91,45,41,8,0.285,0,,0
INV-201445,C1375,National Account,Northeast,Sales Rep,10,25603.56,45,39,25,0.248,0,,0
INV-201446,C1062,Regional,South,Phone,6,2957.19,30,43,6,0.037,0,,0
INV-201447,C1186,National Account,South,Sales Rep,12,7421.3,60,69,28,0.087,0,,0
INV-201448,C1557,Regional,Midwest,Phone,3,3932.99,45,14,10,0.126,0,,0
INV-201449,C1642,Regional,Northeast,Sales Rep,5,2788.02,30,47,14,0.157,0,,0
INV-201450,C1532,Regional,South,Web Portal,10,1066.16,45,19,13,0.167,0,,0
INV-201451,C1477,National Account,South,Sales Rep,1,1561.47,60,173,24,0.0,0,,0
INV-201452,C1249,Regional,Northeast,Sales Rep,10,1141.33,30,46,4,0.0,0,,0
INV-201453,C1542,Regional,South,Web Portal,9,5648.14,45,43,7,0.0,0,65.0,1
INV-201454,C1361,Independent,Midwest,Web Portal,2,229.91,30,26,11,0.141,0,,0
INV-201455,C1639,Regional,South,Sales Rep,6,6982.19,60,12,5,0.539,0,100.0,1
INV-201456,C1742,Regional,Northeast,Web Portal,6,4691.0,30,19,9,0.0,0,,0
INV-201457,C1811,Regional,West,Sales Rep,2,2718.12,30,7,13,0.249,0,,0
INV-201458,C1699,National Account,South,Web Portal,1,8995.84,45,49,27,0.193,0,,0
INV-201459,C1105,Independent,Midwest,Sales Rep,7,1253.3,30,7,10,0.142,0,,0
INV-201460,C1329,Independent,Northeast,Web Portal,12,4681.66,30,8,11,0.098,0,,0
INV-201461,C1115,National Account,Midwest,Sales Rep,2,4443.89,45,48,22,0.344,0,,0
INV-201462,C1229,Regional,South,EDI,8,4905.47,30,63,11,0.225,0,,0
INV-201463,C1710,National Account,Northeast,Sales Rep,12,5923.81,45,54,24,0.11,0,,0
INV-201464,C1801,Independent,Northeast,Phone,8,2232.99,45,33,7,0.251,1,91.0,1
INV-201465,C1596,Regional,South,Sales Rep,12,2841.18,45,17,12,0.087,0,,0
INV-201466,C1397,National Account,South,Sales Rep,10,13511.71,30,54,27,0.233,0,75.0,1
INV-201467,C1271,Independent,Midwest,Sales Rep,6,2369.28,30,8,17,0.176,0,,0
INV-201468,C1844,Independent,South,Phone,1,1419.11,30,31,10,0.069,1,,0
INV-201469,C1586,Independent,West,Sales Rep,1,2750.43,45,7,5,0.352,0,,0
INV-201470,C1042,Regional,Northeast,Sales Rep,3,2021.97,30,21,9,0.0,0,,0
INV-201471,C1819,Regional,Northeast,Web Portal,12,2167.16,30,69,11,0.163,0,,0
INV-201472,C1790,National Account,Northeast,EDI,5,14213.3,60,87,20,0.0,0,,0
INV-201473,C1299,National Account,South,Phone,8,12766.59,30,31,22,0.062,0,,0
INV-201474,C1352,National Account,South,Web Portal,9,22576.57,60,35,24,0.031,0,,0
INV-201475,C1205,Independent,West,Sales Rep,3,3849.38,30,26,10,0.165,0,,0
INV-201476,C1327,Regional,South,Phone,3,752.78,60,79,6,0.015,0,,0
INV-201477,C1747,Regional,Midwest,Phone,12,884.59,45,49,12,0.08,0,,0
INV-201478,C1186,National Account,South,Web Portal,11,4707.28,45,69,18,0.292,0,,0
INV-201479,C1670,Regional,Midwest,EDI,7,2239.3,45,89,6,0.0,0,,0
INV-201480,C1002,Regional,South,Web Portal,8,6065.47,45,56,9,0.019,0,,0
INV-201481,C1387,Regional,South,Sales Rep,3,1458.66,30,55,11,0.048,0,,0
INV-201482,C1710,National Account,Midwest,Sales Rep,8,6241.35,60,54,16,0.0,0,,0
INV-201483,C1807,National Account,South,Web Portal,3,2944.39,30,170,19,0.081,0,,0
INV-201484,C1262,Regional,Midwest,Web Portal,8,29626.77,45,48,9,0.077,0,,0
INV-201485,C1505,National Account,Northeast,Web Portal,5,29929.97,45,68,16,0.0,0,,0
INV-201486,C1608,Independent,Midwest,EDI,7,1634.45,30,17,11,0.109,0,,0
INV-201487,C1136,Independent,Midwest,Sales Rep,1,3024.23,45,2,6,0.196,0,88.0,1
INV-201488,C1790,National Account,Midwest,EDI,10,13688.6,30,87,20,0.121,0,,0
INV-201489,C1004,National Account,West,Sales Rep,2,7491.63,60,140,22,0.243,0,,0
INV-201490,C1717,Independent,Midwest,Web Portal,11,2497.19,30,10,11,0.224,0,,0
INV-201491,C1310,National Account,Midwest,Phone,3,3349.08,60,161,21,0.174,0,,0
INV-201492,C1465,Regional,Midwest,Web Portal,1,9218.62,45,4,11,0.525,0,,0
INV-201493,C1620,Regional,Northeast,Web Portal,10,2163.26,45,30,6,0.139,0,,0
INV-201494,C1748,Regional,South,Web Portal,2,9786.8,45,120,7,0.046,0,,0
INV-201495,C1064,Regional,Northeast,Sales Rep,11,2449.03,30,54,12,0.33,0,,0
INV-201496,C1515,Regional,West,EDI,11,4291.23,60,55,7,0.157,0,,0
INV-201497,C1631,Regional,South,Web Portal,12,1358.19,30,8,15,0.221,0,,0
INV-201498,C1613,Regional,West,Web Portal,6,18937.71,30,35,10,0.314,0,,0
INV-201499,C1818,National Account,Midwest,Web Portal,2,6979.15,45,113,22,0.094,0,,0
INV-201500,C1163,National Account,South,EDI,11,13795.14,60,48,21,0.252,0,,0
INV-201501,C1060,Regional,Midwest,Web Portal,5,855.23,45,32,8,0.252,0,,0
INV-201502,C1742,Regional,Midwest,EDI,9,4947.41,45,19,9,0.071,1,,0
INV-201503,C1665,Independent,Northeast,Sales Rep,10,365.6,45,27,15,0.151,0,,0
INV-201504,C1452,Regional,West,Sales Rep,4,1968.58,45,103,11,0.094,0,,0
INV-201505,C1555,Regional,South,Web Portal,12,1746.2,45,41,12,0.074,0,,0
INV-201506,C1296,Independent,Midwest,Web Portal,10,957.48,45,32,13,0.0,0,,0
INV-201507,C1605,Regional,Northeast,Phone,11,2324.37,30,43,9,0.251,0,,0
INV-201508,C1026,National Account,South,Sales Rep,6,2206.73,60,48,21,0.049,0,,0
INV-201509,C1524,National Account,Northeast,EDI,10,6966.58,45,36,20,0.093,0,,0
INV-201510,C1613,Regional,West,Sales Rep,5,4058.3,30,35,11,0.309,0,,0
INV-201511,C1842,Regional,Midwest,EDI,2,2332.6,60,33,16,0.075,0,,0
INV-201512,C1163,National Account,Midwest,Web Portal,8,13416.87,60,48,32,0.0,0,,0
INV-201513,C1831,Regional,Northeast,Sales Rep,7,7383.82,45,39,10,0.259,0,,0
INV-201514,C1762,National Account,South,Phone,5,2350.53,60,36,17,0.239,0,,0
INV-201515,C1050,Independent,Northeast,EDI,6,8226.91,30,10,12,0.137,0,,0
INV-201516,C1847,National Account,West,Web Portal,3,1997.23,60,10,27,0.056,0,,0
INV-201517,C1274,National Account,Northeast,Sales Rep,2,18073.71,30,33,31,0.207,0,,0
INV-201518,C1336,National Account,Northeast,Web Portal,11,6901.85,30,5,25,0.167,0,,0
INV-201519,C1321,Independent,Midwest,Sales Rep,4,3678.5,45,6,12,0.097,0,,0
INV-201520,C1799,Regional,Northeast,Phone,3,4752.21,60,38,13,0.065,0,,0
INV-201521,C1552,National Account,South,Phone,7,49026.76,60,18,19,0.168,0,104.0,1
INV-201522,C1572,Regional,Midwest,Phone,10,4178.41,30,15,10,0.093,0,57.0,1
INV-201523,C1631,Regional,South,Sales Rep,5,5285.0,30,8,4,0.065,0,,0
INV-201524,C1583,National Account,Northeast,EDI,10,8853.37,45,103,25,0.125,0,,0
INV-201525,C1777,Regional,West,Phone,1,1379.8,30,49,12,0.068,0,,0
INV-201526,C1260,National Account,Midwest,Phone,3,6073.51,60,11,26,0.097,0,,0
INV-201527,C1098,Regional,Midwest,Web Portal,7,3479.09,45,24,11,0.015,0,,0
INV-201528,C1166,Regional,South,EDI,9,3452.57,30,20,12,0.203,0,,0
INV-201529,C1605,Regional,Midwest,Phone,2,1501.43,30,43,8,0.269,0,64.0,1
INV-201530,C1004,National Account,South,EDI,7,21432.52,45,140,22,0.131,0,,0
INV-201531,C1213,Regional,South,Web Portal,8,8588.21,45,79,7,0.459,0,,0
INV-201532,C1709,National Account,Midwest,EDI,11,8235.93,60,45,29,0.226,0,,0
INV-201533,C1069,National Account,West,EDI,12,3101.3,45,16,23,0.167,0,,0
INV-201534,C1352,National Account,South,Sales Rep,10,12629.02,45,35,24,0.115,0,,0
INV-201535,C1466,Independent,South,EDI,12,558.4,30,15,11,0.1,0,,0
INV-201536,C1110,Independent,Northeast,Phone,6,3921.55,30,17,11,0.032,0,,0
INV-201537,C1227,Regional,Midwest,Sales Rep,11,1716.59,45,34,9,0.289,0,,0
INV-201538,C1274,National Account,Midwest,EDI,12,13274.6,60,33,22,0.066,0,,0
INV-201539,C1805,Regional,South,EDI,9,809.43,30,158,14,0.011,0,,0
INV-201540,C1445,Regional,West,Sales Rep,3,3859.83,30,20,12,0.005,0,,0
INV-201541,C1070,Independent,Midwest,EDI,10,2501.95,30,13,9,0.369,0,,0
INV-201542,C1040,National Account,West,Sales Rep,12,12901.12,30,82,26,0.207,0,,0
INV-201543,C1255,National Account,Midwest,EDI,11,31612.67,60,86,20,0.0,0,,0
INV-201544,C1326,Independent,West,Sales Rep,8,2952.62,30,10,14,0.066,0,,0
INV-201545,C1324,Regional,Midwest,Web Portal,9,4224.42,45,5,12,0.27,0,,0
INV-201546,C1306,National Account,Northeast,EDI,7,32771.32,60,20,28,0.354,0,94.0,1
INV-201547,C1242,Regional,South,EDI,11,6555.87,30,33,15,0.178,0,,0
INV-201548,C1101,National Account,Northeast,Sales Rep,4,13748.51,30,152,30,0.0,0,,0
INV-201549,C1530,Independent,Midwest,Web Portal,5,1648.66,30,10,14,0.238,0,,0
INV-201550,C1818,National Account,Midwest,Sales Rep,6,48078.58,45,113,22,0.028,0,,0
INV-201551,C1351,Independent,West,Web Portal,3,7505.83,30,23,6,0.003,0,,0
INV-201552,C1701,National Account,Midwest,EDI,2,9523.48,60,61,21,0.105,0,,0
INV-201553,C1432,Regional,Midwest,Sales Rep,9,6292.0,45,17,7,0.022,0,,0
INV-201554,C1787,National Account,West,Sales Rep,9,9288.38,60,103,16,0.131,0,,0
INV-201555,C1364,Regional,South,Phone,4,7880.48,45,11,9,0.169,0,66.0,1
INV-201556,C1671,National Account,Northeast,Sales Rep,2,21785.41,60,231,15,0.024,0,,0
INV-201557,C1692,National Account,Northeast,Web Portal,5,2342.05,45,42,21,0.059,0,,0
INV-201558,C1310,National Account,Northeast,Web Portal,9,30468.51,45,161,26,0.005,0,,0
INV-201559,C1650,Regional,South,Sales Rep,5,7121.93,45,76,13,0.199,0,,0
INV-201560,C1738,Independent,South,Phone,3,1163.47,45,10,12,0.089,0,,0
INV-201561,C1101,National Account,Midwest,Sales Rep,10,10976.12,45,152,16,0.043,0,,0
INV-201562,C1545,National Account,Midwest,Web Portal,9,8494.79,60,183,21,0.0,0,,0
INV-201563,C1833,Independent,Midwest,Web Portal,7,1627.76,30,44,13,0.075,0,,0
INV-201564,C1574,Independent,Midwest,Web Portal,12,2476.8,30,76,10,0.063,0,,0
INV-201565,C1103,National Account,South,Phone,10,10694.67,45,80,26,0.163,0,68.0,1
INV-201566,C1446,National Account,Midwest,Sales Rep,2,9933.08,60,78,18,0.155,0,,0
INV-201567,C1328,National Account,West,Web Portal,6,10537.98,45,81,22,0.17,0,,0
INV-201568,C1275,Regional,Northeast,Web Portal,3,5707.83,30,45,4,0.143,0,,0
INV-201569,C1618,Independent,South,Phone,5,3399.56,30,60,9,0.024,1,,0
INV-201570,C1545,National Account,Midwest,EDI,1,22545.44,60,183,32,0.182,0,,0
INV-201571,C1322,Independent,South,Web Portal,9,411.08,45,39,11,0.551,0,,0
INV-201572,C1383,Independent,Midwest,Phone,2,4458.05,45,15,9,0.087,0,,0
INV-201573,C1337,Regional,South,Sales Rep,3,3044.11,30,20,7,0.23,0,,0
INV-201574,C1466,Independent,South,Web Portal,5,7644.4,60,15,15,0.225,0,84.0,1
INV-201575,C1277,Independent,Midwest,Phone,8,847.46,30,10,7,0.144,0,,0
INV-201576,C1794,National Account,Northeast,Web Portal,6,14276.68,45,50,27,0.0,0,,0
INV-201577,C1810,Independent,South,Sales Rep,3,2616.19,45,42,4,0.162,0,77.0,0
INV-201578,C1395,Regional,South,Web Portal,5,15539.7,30,49,6,0.186,0,72.0,1
INV-201579,C1730,Regional,South,EDI,3,1291.39,60,26,8,0.055,0,,0
INV-201580,C1802,Regional,Midwest,Sales Rep,4,4859.85,30,102,6,0.09,0,,0
INV-201581,C1228,National Account,Northeast,Sales Rep,9,21134.31,45,12,19,0.046,0,,0
INV-201582,C1694,National Account,Midwest,Sales Rep,4,13252.47,60,85,24,0.049,0,,0
INV-201583,C1697,Regional,Midwest,Phone,11,1588.67,30,85,8,0.0,0,,0
INV-201584,C1308,Regional,West,Web Portal,10,1570.93,30,18,14,0.215,0,,0
INV-201585,C1437,National Account,Midwest,Phone,5,7464.89,45,20,30,0.072,0,,0
INV-201586,C1269,Independent,South,Sales Rep,1,4772.64,45,15,8,0.049,0,,0
INV-201587,C1409,Regional,Midwest,Phone,1,1194.21,30,10,10,0.258,1,,0
INV-201588,C1401,Regional,Northeast,Sales Rep,9,3956.38,30,21,10,0.031,0,,0
INV-201589,C1575,Independent,Midwest,Sales Rep,12,1313.54,30,51,7,0.281,0,,0
INV-201590,C1549,Independent,West,Sales Rep,5,1710.18,30,63,10,0.043,1,,0
INV-201591,C1817,Independent,Midwest,EDI,5,8424.75,30,30,10,0.0,0,,0
INV-201592,C1622,Regional,Northeast,Sales Rep,3,27218.14,45,43,8,0.07,0,,0
INV-201593,C1030,Regional,Midwest,Web Portal,6,1578.5,45,15,4,0.097,0,,0
INV-201594,C1767,Independent,South,Sales Rep,2,1783.2,45,29,12,0.015,0,,0
INV-201595,C1584,Regional,Midwest,Sales Rep,2,10548.09,30,27,11,0.104,0,,0
INV-201596,C1647,Regional,Northeast,Sales Rep,9,4875.33,45,24,7,0.132,0,,0
INV-201597,C1477,National Account,South,Web Portal,9,33142.72,30,173,23,0.0,0,,0
INV-201598,C1262,Regional,Midwest,Phone,5,1292.58,30,48,13,0.134,0,51.0,1
INV-201599,C1065,Regional,West,Web Portal,6,2660.36,60,35,10,0.046,0,,0
INV-201600,C1816,National Account,Northeast,Web Portal,7,11760.85,45,25,31,0.03,0,,0
INV-201601,C1205,Independent,Midwest,EDI,4,2430.95,30,26,14,0.255,0,,0
INV-201602,C1449,National Account,Midwest,Web Portal,7,7914.28,60,192,24,0.301,0,,0
INV-201603,C1343,Regional,Midwest,Web Portal,3,1919.39,30,38,11,0.035,0,,0
INV-201604,C1145,National Account,Midwest,Phone,8,16183.63,30,5,28,0.0,0,,0
INV-201605,C1665,Independent,Midwest,Sales Rep,1,2123.07,30,27,14,0.154,0,,0
INV-201606,C1194,Regional,Midwest,Sales Rep,9,12967.79,30,51,15,0.169,0,,0
INV-201607,C1770,Regional,Northeast,Web Portal,6,2080.56,30,13,10,0.065,0,,0
INV-201608,C1111,National Account,South,Web Portal,1,35166.68,30,93,20,0.181,0,,0
INV-201609,C1256,National Account,West,Web Portal,2,3175.61,45,9,28,0.157,0,,0
INV-201610,C1586,Independent,West,Phone,10,1219.55,30,7,7,0.198,0,,0
INV-201611,C1103,National Account,South,Sales Rep,10,5074.46,45,80,21,0.017,0,,0
INV-201612,C1750,National Account,South,Phone,3,17389.37,45,108,23,0.0,0,,0
INV-201613,C1046,Independent,West,EDI,11,2751.5,30,6,12,0.183,0,,0
INV-201614,C1629,Regional,Midwest,Web Portal,1,2649.26,30,15,10,0.0,0,,0
INV-201615,C1511,Regional,Northeast,Sales Rep,12,1425.49,45,40,7,0.0,0,,0
INV-201616,C1642,Regional,Northeast,Sales Rep,2,15894.56,60,47,11,0.057,0,,0
INV-201617,C1712,National Account,Midwest,Phone,11,12627.4,30,66,28,0.138,0,,0
INV-201618,C1255,National Account,Midwest,Sales Rep,8,2207.05,45,86,29,0.005,0,,0
INV-201619,C1293,Regional,Northeast,EDI,6,1089.14,60,8,5,0.182,0,,0
INV-201620,C1505,National Account,Northeast,Web Portal,6,10849.89,45,68,15,0.0,0,,0
INV-201621,C1791,Regional,Midwest,Sales Rep,12,2080.57,30,143,15,0.158,0,,0
INV-201622,C1259,National Account,South,Phone,5,4551.11,60,71,29,0.0,0,,0
INV-201623,C1217,National Account,Northeast,Web Portal,9,44185.75,60,134,22,0.106,0,,0
INV-201624,C1206,Regional,West,Phone,3,3998.14,45,35,9,0.111,0,,0
INV-201625,C1718,Independent,Midwest,Sales Rep,11,580.2,30,5,7,0.073,0,,0
INV-201626,C1672,Regional,Northeast,Phone,9,4341.42,30,30,16,0.054,0,,0
INV-201627,C1236,National Account,South,Sales Rep,2,8093.77,60,36,22,0.0,0,87.0,1
INV-201628,C1065,Regional,West,EDI,11,2967.29,30,35,15,0.258,0,,0
INV-201629,C1334,National Account,South,Sales Rep,6,9524.54,45,103,16,0.04,0,,0
INV-201630,C1762,National Account,Midwest,Sales Rep,12,3723.42,30,36,26,0.051,0,,0
INV-201631,C1223,Independent,South,EDI,3,1138.12,30,22,8,0.081,0,,0
INV-201632,C1463,National Account,Midwest,EDI,5,3341.69,60,90,27,0.076,0,,0
INV-201633,C1231,National Account,Midwest,Web Portal,10,10723.22,45,35,22,0.136,0,,0
INV-201634,C1324,Regional,Northeast,Web Portal,1,1711.32,30,5,10,0.0,0,,0
INV-201635,C1486,Independent,Northeast,Phone,9,1286.06,45,14,6,0.393,0,,0
INV-201636,C1611,Independent,West,Web Portal,8,1274.59,30,14,8,0.07,0,,0
INV-201637,C1543,Regional,South,Sales Rep,2,3338.91,45,19,10,0.252,1,,0
INV-201638,C1823,National Account,South,Sales Rep,6,5670.53,45,138,18,0.123,0,,0
INV-201639,C1714,Regional,Northeast,Sales Rep,10,13513.04,30,39,14,0.084,0,,0
INV-201640,C1040,National Account,Midwest,Phone,12,22003.19,60,82,27,0.058,0,,0
INV-201641,C1810,Independent,Northeast,Sales Rep,10,4143.23,30,42,11,0.191,0,,0
INV-201642,C1162,Independent,Northeast,EDI,2,1157.98,30,5,12,0.077,0,,0
INV-201643,C1446,National Account,Midwest,Sales Rep,5,11308.22,45,78,18,0.173,0,,0
INV-201644,C1163,National Account,Northeast,Web Portal,12,12689.47,60,48,25,0.046,0,,0
INV-201645,C1541,Independent,South,Phone,6,5731.95,30,23,9,0.299,0,,0
INV-201646,C1692,National Account,Northeast,Sales Rep,12,6043.04,30,42,16,0.026,0,,0
INV-201647,C1309,Independent,West,Sales Rep,11,1327.2,30,6,11,0.234,0,,0
INV-201648,C1781,Regional,South,Web Portal,2,6484.61,30,23,10,0.208,0,,0
INV-201649,C1189,National Account,South,Sales Rep,1,3528.54,45,90,25,0.001,0,,0
INV-201650,C1741,National Account,South,EDI,11,3817.36,30,93,21,0.001,0,,0
INV-201651,C1213,Regional,Midwest,Web Portal,2,3745.01,45,79,10,0.337,0,83.0,1
INV-201652,C1804,Independent,Northeast,Sales Rep,1,310.98,30,31,7,0.302,0,,0
INV-201653,C1255,National Account,Midwest,Sales Rep,6,24733.31,60,86,22,0.0,0,,0
INV-201654,C1202,National Account,Midwest,EDI,11,2546.86,60,98,16,0.0,0,,0
INV-201655,C1177,Regional,West,Phone,3,859.35,60,85,11,0.149,0,,0
INV-201656,C1386,National Account,Midwest,Sales Rep,7,4902.35,45,111,26,0.054,0,,0
INV-201657,C1227,Regional,Midwest,Sales Rep,10,4831.43,45,34,13,0.23,0,,0
INV-201658,C1042,Regional,South,Web Portal,12,2851.19,45,21,10,0.0,0,,0
INV-201659,C1618,Independent,South,EDI,2,1463.87,30,60,12,0.125,0,,0
INV-201660,C1338,Independent,Northeast,Sales Rep,5,3683.98,30,30,13,0.123,0,,0
INV-201661,C1697,Regional,Midwest,Sales Rep,8,6709.34,45,85,12,0.176,0,,0
INV-201662,C1411,National Account,South,Sales Rep,1,4597.48,45,70,23,0.0,0,,0
INV-201663,C1193,Regional,Midwest,Sales Rep,4,3213.02,60,26,11,0.073,0,,0
INV-201664,C1312,National Account,Midwest,Sales Rep,2,9737.65,45,104,28,0.108,0,,0
INV-201665,C1782,Independent,West,Sales Rep,3,1787.62,30,10,12,0.187,0,,0
INV-201666,C1552,National Account,Midwest,Sales Rep,12,16725.8,30,18,28,0.042,0,,0
INV-201667,C1630,Independent,Northeast,Web Portal,1,3628.08,60,5,13,0.338,0,,0
INV-201668,C1091,National Account,West,Web Portal,9,11183.02,45,111,21,0.0,0,96.0,1
INV-201669,C1761,Regional,South,Sales Rep,10,2707.96,60,50,8,0.007,0,,0
INV-201670,C1540,National Account,West,EDI,2,133723.54,60,73,22,0.059,0,,0
INV-201671,C1104,Independent,South,Phone,9,1637.98,30,19,10,0.21,0,,0
INV-201672,C1101,National Account,Midwest,EDI,3,8225.95,30,152,24,0.0,0,,0
INV-201673,C1580,Regional,Northeast,Sales Rep,9,7244.79,30,20,8,0.289,0,,0
INV-201674,C1608,Independent,South,Sales Rep,7,3305.63,30,17,8,0.168,0,,0
INV-201675,C1402,National Account,South,Sales Rep,5,10663.13,45,66,31,0.144,0,,0
INV-201676,C1262,Regional,South,Web Portal,1,3284.47,45,48,5,0.094,0,,0
INV-201677,C1047,Independent,Northeast,Phone,1,7382.56,30,2,11,0.296,0,72.0,1
INV-201678,C1026,National Account,Midwest,EDI,8,2908.49,60,48,22,0.298,0,,0
INV-201679,C1129,Independent,South,Phone,5,7443.14,30,20,4,0.197,0,,0
INV-201680,C1573,National Account,Midwest,Sales Rep,3,5268.84,60,63,21,0.082,0,,0
INV-201681,C1762,National Account,Northeast,Sales Rep,4,6726.34,45,36,26,0.016,0,,0
INV-201682,C1274,National Account,West,Web Portal,12,12585.14,60,33,21,0.168,0,,0
INV-201683,C1593,Regional,Northeast,Phone,1,3936.75,45,128,15,0.195,0,,0
INV-201684,C1188,Regional,West,Web Portal,7,9580.2,30,46,9,0.125,0,,0
INV-201685,C1418,Independent,Northeast,EDI,3,4630.86,30,14,10,0.194,0,83.0,1
INV-201686,C1666,Regional,Midwest,EDI,6,8402.02,45,103,10,0.526,0,,0
INV-201687,C1163,National Account,South,EDI,12,2754.65,60,48,17,0.007,0,,0
INV-201688,C1170,National Account,Northeast,Web Portal,4,13756.35,60,47,26,0.021,0,,0
INV-201689,C1449,National Account,Midwest,Web Portal,8,7605.63,60,192,21,0.192,0,,0
INV-201690,C1082,Independent,Northeast,EDI,3,2120.81,30,26,11,0.104,0,,0
INV-201691,C1260,National Account,West,EDI,4,1845.5,30,11,24,0.102,0,,0
INV-201692,C1336,National Account,South,EDI,3,7142.59,60,5,21,0.286,0,,0
INV-201693,C1013,Regional,South,EDI,6,1419.67,30,43,13,0.259,0,,0
INV-201694,C1220,National Account,South,EDI,6,2100.5,60,29,26,0.043,0,,0
INV-201695,C1643,Independent,Northeast,Sales Rep,6,3177.38,30,26,11,0.016,0,,0
INV-201696,C1068,Regional,South,Phone,5,4585.11,45,55,8,0.188,0,,0
INV-201697,C1310,National Account,Northeast,EDI,2,28860.37,60,161,24,0.019,0,,0
INV-201698,C1454,Regional,West,Phone,8,2619.64,60,71,10,0.158,0,101.0,1
INV-201699,C1710,National Account,South,Sales Rep,2,3263.21,60,54,25,0.227,0,,0
INV-201700,C1708,Regional,Northeast,Sales Rep,2,4468.25,30,59,11,0.184,0,,0
INV-201701,C1684,Regional,South,EDI,7,29913.58,30,107,12,0.1,0,,0
INV-201702,C1505,National Account,Northeast,Sales Rep,11,2701.31,60,68,28,0.099,0,,0
INV-201703,C1438,Independent,West,Web Portal,8,3510.58,30,22,13,0.056,0,,0
INV-201704,C1388,Regional,South,Web Portal,8,23376.38,45,35,11,0.0,0,,0
INV-201705,C1496,Regional,South,EDI,1,7973.88,45,49,15,0.094,0,,0
INV-201706,C1625,Regional,Midwest,Web Portal,5,1467.92,30,70,7,0.067,0,,0
INV-201707,C1234,Independent,South,Phone,1,4764.91,45,10,12,0.289,0,,0
INV-201708,C1066,Regional,West,EDI,9,1872.53,30,38,12,0.137,0,81.0,1
INV-201709,C1718,Independent,Midwest,Web Portal,8,1747.81,30,5,6,0.0,0,,0
INV-201710,C1421,Regional,West,EDI,1,4599.74,30,29,5,0.036,0,,0
INV-201711,C1243,Regional,West,Web Portal,11,1019.78,30,20,11,0.105,0,,0
INV-201712,C1196,National Account,West,EDI,8,20067.85,30,28,19,0.066,0,,0
INV-201713,C1565,National Account,West,Phone,8,12207.72,60,28,25,0.372,0,,0
INV-201714,C1640,Independent,South,EDI,1,18426.31,45,14,14,0.128,0,,0
INV-201715,C1446,National Account,West,Sales Rep,6,6722.27,30,78,21,0.067,0,,0
INV-201716,C1113,Regional,South,Sales Rep,9,8570.96,30,26,10,0.178,0,,0
INV-201717,C1733,Regional,South,Web Portal,5,6770.7,45,16,11,0.19,0,,0
INV-201718,C1532,Regional,South,Phone,8,5008.85,45,19,11,0.31,0,,0
INV-201719,C1279,Independent,Midwest,EDI,4,1002.24,30,17,14,0.053,0,,0
INV-201720,C1515,Regional,Northeast,Sales Rep,2,11843.07,45,55,14,0.095,0,,0
INV-201721,C1842,Regional,Midwest,Phone,1,298.32,60,33,11,0.03,0,,0
INV-201722,C1592,Independent,Northeast,Sales Rep,6,1314.44,45,29,12,0.092,0,,0
INV-201723,C1748,Regional,West,Web Portal,9,2828.51,60,120,13,0.0,0,,0
INV-201724,C1145,National Account,South,EDI,10,27290.79,60,5,13,0.202,0,,0
INV-201725,C1196,National Account,Midwest,Web Portal,2,15094.51,60,28,25,0.211,0,,0
INV-201726,C1482,Regional,Midwest,Sales Rep,2,5017.15,45,68,13,0.204,0,,0
INV-201727,C1539,Regional,Northeast,Sales Rep,7,3582.24,30,36,7,0.096,0,,0
INV-201728,C1189,National Account,Midwest,Sales Rep,8,5797.74,60,90,24,0.065,0,,0
INV-201729,C1310,National Account,Northeast,Web Portal,9,39721.08,45,161,27,0.061,0,,0
INV-201730,C1352,National Account,South,Phone,9,4156.83,60,35,18,0.022,0,,0
INV-201731,C1510,Regional,West,Web Portal,10,5396.13,45,32,12,0.044,0,,0
INV-201732,C1617,Independent,Northeast,Web Portal,7,5031.78,60,38,7,0.001,0,,0
INV-201733,C1800,Independent,West,Phone,9,851.1,45,18,6,0.32,0,84.0,1
INV-201734,C1399,Independent,Midwest,Phone,2,2043.35,30,26,11,0.04,0,,0
INV-201735,C1205,Independent,Northeast,Phone,8,2540.86,30,26,12,0.0,0,,0
INV-201736,C1170,National Account,Midwest,Phone,7,25438.32,60,47,22,0.283,1,,0
INV-201737,C1741,National Account,Northeast,Web Portal,6,14618.84,45,93,22,0.037,0,,0
INV-201738,C1445,Regional,Northeast,Sales Rep,3,2764.06,30,20,9,0.086,0,,0
INV-201739,C1122,Regional,South,EDI,4,6318.17,30,18,10,0.0,0,,0
INV-201740,C1259,National Account,Northeast,Sales Rep,9,4825.84,60,71,24,0.047,0,,0
INV-201741,C1816,National Account,Midwest,EDI,3,2188.69,45,25,21,0.053,0,,0
INV-201742,C1354,Independent,West,Sales Rep,8,6610.58,30,44,12,0.129,0,,0
INV-201743,C1823,National Account,Midwest,Phone,6,8022.23,30,138,20,0.057,0,,0
INV-201744,C1457,Regional,South,Sales Rep,3,1617.87,60,10,9,0.04,0,,0
INV-201745,C1710,National Account,Midwest,EDI,11,4041.73,60,54,29,0.0,1,,0
INV-201746,C1164,Regional,Northeast,EDI,4,1396.78,45,19,9,0.328,0,,0
INV-201747,C1332,National Account,Midwest,Sales Rep,6,24892.8,45,14,20,0.2,0,,0
INV-201748,C1780,Regional,Northeast,Sales Rep,8,5424.53,30,54,10,0.362,0,,0
INV-201749,C1448,Independent,Northeast,EDI,6,1416.06,45,4,10,0.087,0,,0
INV-201750,C1400,National Account,Northeast,EDI,11,9117.23,60,89,24,0.038,0,,0
INV-201751,C1667,Regional,Northeast,Sales Rep,2,3977.2,30,37,4,0.252,0,,0
INV-201752,C1761,Regional,Northeast,EDI,8,1700.16,60,50,7,0.0,0,,0
INV-201753,C1772,Independent,Midwest,Phone,1,2615.66,30,41,7,0.133,0,,0
INV-201754,C1589,Independent,Midwest,Web Portal,4,395.3,30,16,11,0.307,0,55.0,0
INV-201755,C1028,Regional,Northeast,Sales Rep,2,6435.82,45,86,10,0.269,0,,0
INV-201756,C1614,National Account,South,EDI,9,4864.23,60,27,29,0.067,0,,0
INV-201757,C1413,Independent,Northeast,Sales Rep,6,554.7,30,5,14,0.28,0,,0
INV-201758,C1217,National Account,Midwest,EDI,3,5402.73,60,134,24,0.052,0,,0
INV-201759,C1411,National Account,Midwest,Sales Rep,2,11716.05,45,70,25,0.047,0,,0
INV-201760,C1017,Independent,South,Sales Rep,5,8226.26,30,15,12,0.007,0,,0
INV-201761,C1096,Independent,Midwest,EDI,5,577.47,45,15,6,0.429,1,,0
INV-201762,C1505,National Account,West,Phone,8,20465.46,30,68,21,0.106,0,,0
INV-201763,C1240,Regional,West,Phone,8,6738.99,60,64,6,0.157,0,,0
INV-201764,C1224,Regional,Midwest,Web Portal,9,10044.71,45,47,9,0.107,0,71.0,1
INV-201765,C1537,Independent,Midwest,Sales Rep,2,1499.6,30,11,9,0.153,0,,0
INV-201766,C1236,National Account,South,Phone,2,4991.97,60,36,34,0.03,0,,0
INV-201767,C1029,Independent,Midwest,EDI,11,5988.27,45,44,7,0.0,0,85.0,0
INV-201768,C1484,Independent,Northeast,EDI,1,1119.02,30,44,12,0.295,0,,0
INV-201769,C1039,Independent,Midwest,EDI,3,1802.56,30,20,10,0.142,0,,0
INV-201770,C1178,National Account,West,Sales Rep,6,13682.84,60,58,25,0.079,0,,0
INV-201771,C1025,Regional,West,EDI,7,2677.17,30,14,7,0.046,0,,0
INV-201772,C1430,Regional,Midwest,Phone,3,2872.38,60,34,7,0.21,0,,0
INV-201773,C1341,Independent,West,Web Portal,2,3011.07,45,53,12,0.0,0,,0
INV-201774,C1464,Independent,South,EDI,9,621.17,45,11,5,0.265,0,67.0,1
INV-201775,C1760,Regional,West,Web Portal,5,2450.52,45,55,9,0.0,0,,0
INV-201776,C1112,Independent,Northeast,Phone,2,5870.43,30,24,13,0.471,0,,0
INV-201777,C1134,National Account,Midwest,EDI,7,1520.84,45,43,22,0.278,0,,0
INV-201778,C1139,Independent,Northeast,Sales Rep,12,1641.69,30,24,8,0.205,0,,0
INV-201779,C1157,National Account,Midwest,Sales Rep,2,8749.94,45,138,21,0.0,0,,0
INV-201780,C1466,Independent,South,Phone,12,3971.91,30,15,11,0.426,0,,0
INV-201781,C1148,Regional,Midwest,Web Portal,9,2245.17,30,18,9,0.298,0,,0
INV-201782,C1297,National Account,West,EDI,10,16132.93,30,77,25,0.052,0,,0
INV-201783,C1571,Independent,South,Phone,12,4109.73,45,12,8,0.098,0,,0
INV-201784,C1642,Regional,Midwest,Sales Rep,6,3300.44,30,47,14,0.108,0,,0
INV-201785,C1811,Regional,South,EDI,8,8358.38,30,7,14,0.114,0,,0
INV-201786,C1595,Regional,Midwest,EDI,11,7932.64,30,17,15,0.0,0,,0
INV-201787,C1758,Regional,West,EDI,9,2154.93,45,30,18,0.395,0,,0
INV-201788,C1239,Regional,Northeast,EDI,1,9863.8,45,63,10,0.065,0,,0
INV-201789,C1508,Regional,Midwest,Sales Rep,9,1942.44,30,34,6,0.05,1,,0
INV-201790,C1205,Independent,South,Sales Rep,1,2571.31,30,26,8,0.097,0,,0
INV-201791,C1784,Independent,Midwest,Sales Rep,4,743.48,45,2,9,0.151,0,,0
INV-201792,C1656,Regional,West,Web Portal,1,977.11,30,84,12,0.143,0,,0
INV-201793,C1808,Independent,West,Web Portal,3,520.67,30,24,8,0.038,0,,0
INV-201794,C1743,Independent,West,Sales Rep,10,1361.05,30,8,9,0.123,1,,0
INV-201795,C1463,National Account,Northeast,Phone,10,2979.55,60,90,25,0.021,0,,0
INV-201796,C1776,Regional,West,Sales Rep,4,355.93,30,13,11,0.218,0,,0
INV-201797,C1442,National Account,West,Web Portal,5,27153.55,60,45,24,0.052,0,,0
INV-201798,C1572,Regional,Midwest,EDI,3,7721.38,45,15,13,0.082,0,,0
INV-201799,C1630,Independent,Northeast,Sales Rep,7,2676.27,45,5,11,0.046,0,,0
INV-201800,C1681,Regional,South,Web Portal,3,8398.92,45,43,15,0.199,0,,0
INV-201801,C1599,Regional,South,Web Portal,6,12464.69,45,69,10,0.035,0,,0
INV-201802,C1834,Regional,South,Sales Rep,12,3880.76,45,101,13,0.119,0,,0
INV-201803,C1042,Regional,West,Web Portal,1,2461.79,30,21,6,0.027,0,,0
INV-201804,C1191,Independent,Midwest,EDI,8,3856.47,30,30,8,0.212,0,,0
INV-201805,C1797,Regional,Midwest,Sales Rep,1,7289.62,30,60,7,0.252,0,,0
INV-201806,C1104,Independent,Midwest,Sales Rep,3,3734.53,30,19,12,0.279,0,,0
INV-201807,C1602,Independent,Northeast,Sales Rep,11,3726.72,45,32,5,0.334,0,72.0,1
INV-201808,C1133,Independent,West,Phone,11,853.64,30,22,8,0.347,0,,0
INV-201809,C1475,Independent,Midwest,Phone,9,8989.09,30,20,13,0.198,0,,1
INV-201810,C1671,National Account,Midwest,EDI,3,14166.5,30,231,23,0.0,0,,0
INV-201811,C1471,National Account,Midwest,Sales Rep,9,3095.38,60,137,20,0.033,0,,0
INV-201812,C1240,Regional,Midwest,Web Portal,8,16006.37,30,64,6,0.266,0,,0
INV-201813,C1674,Regional,Northeast,Web Portal,9,478.42,60,4,12,0.037,0,,0
INV-201814,C1657,Regional,Midwest,EDI,9,5457.54,45,36,9,0.0,0,,0
INV-201815,C1430,Regional,South,EDI,4,958.11,30,34,14,0.187,1,,0
INV-201816,C1025,Regional,Northeast,Web Portal,8,3474.31,30,14,14,0.037,0,,0
INV-201817,C1260,National Account,South,Phone,11,7695.08,60,11,24,0.258,0,,0
INV-201818,C1179,Regional,West,Web Portal,8,4317.71,30,25,11,0.218,0,,0
INV-201819,C1794,National Account,Northeast,Sales Rep,11,14441.98,45,50,22,0.004,0,,0
INV-201820,C1222,Regional,Northeast,EDI,11,3658.33,30,42,10,0.083,0,,0
INV-201821,C1790,National Account,South,EDI,1,3217.4,45,87,19,0.073,0,,0
INV-201822,C1606,National Account,South,Phone,11,17323.31,30,195,20,0.0,0,,0
INV-201823,C1609,Independent,South,Sales Rep,7,1535.47,30,8,9,0.071,0,,0
INV-201824,C1759,Regional,Midwest,Web Portal,8,2319.76,30,4,8,0.154,0,,0
INV-201825,C1485,Independent,Midwest,Phone,2,157.32,30,9,13,0.172,0,,0
INV-201826,C1105,Independent,West,EDI,9,4686.54,45,7,11,0.225,0,,0
INV-201827,C1404,Independent,West,Phone,11,1162.05,30,30,10,0.1,0,,0
INV-201828,C1141,Regional,South,EDI,11,7290.4,30,18,6,0.242,0,,0
INV-201829,C1755,Independent,South,EDI,4,4776.35,45,16,12,0.194,0,,0
INV-201830,C1397,National Account,South,EDI,12,9501.23,30,54,20,0.045,0,,0
INV-201831,C1815,Independent,South,Web Portal,8,2903.16,30,17,11,0.246,0,,0
INV-201832,C1545,National Account,Northeast,Phone,2,49334.17,30,183,23,0.232,0,,0
INV-201833,C1312,National Account,Northeast,Web Portal,1,5604.88,60,104,28,0.11,0,,0
INV-201834,C1001,Regional,Midwest,Phone,6,2356.01,45,30,11,0.101,0,,0
INV-201835,C1748,Regional,Midwest,Sales Rep,9,2101.04,30,120,8,0.0,0,,0
INV-201836,C1293,Regional,Midwest,Sales Rep,9,2483.08,30,8,13,0.203,0,,0
INV-201837,C1626,Independent,Midwest,Phone,3,1788.53,30,7,17,0.082,0,,0
INV-201838,C1553,Independent,Northeast,Web Portal,4,921.68,30,84,17,0.178,0,,0
INV-201839,C1062,Regional,South,Sales Rep,8,5507.36,45,43,7,0.0,0,,0
INV-201840,C1604,Independent,Midwest,Web Portal,10,2374.13,45,20,7,0.034,0,,0
INV-201841,C1628,Independent,Midwest,EDI,12,7201.65,30,35,10,0.159,0,,0
INV-201842,C1763,Regional,South,Phone,11,5152.69,45,53,10,0.302,0,,0
INV-201843,C1741,National Account,West,Web Portal,4,4371.87,30,93,20,0.0,0,,0
INV-201844,C1207,Independent,South,Web Portal,7,4746.24,30,16,6,0.26,0,48.0,1
INV-201845,C1712,National Account,South,Sales Rep,3,11659.69,30,66,29,0.0,0,,0
INV-201846,C1539,Regional,Northeast,Web Portal,4,6056.23,30,36,8,0.276,0,,0
INV-201847,C1537,Independent,Northeast,Web Portal,4,1373.8,30,11,11,0.165,0,,0
INV-201848,C1330,Independent,Midwest,Sales Rep,10,1580.46,45,14,6,0.118,0,,0
INV-201849,C1108,Independent,Midwest,Web Portal,8,742.28,45,65,10,0.109,0,,0
INV-201850,C1827,National Account,West,Sales Rep,2,22183.9,30,73,16,0.0,0,73.0,0
INV-201851,C1659,National Account,Midwest,Web Portal,12,8837.33,45,99,20,0.136,0,,0
INV-201852,C1437,National Account,Northeast,Sales Rep,11,6250.17,45,20,19,0.071,0,,0
INV-201853,C1038,National Account,South,Sales Rep,10,50029.36,60,81,26,0.025,0,,0
INV-201854,C1546,Regional,West,Phone,3,1112.92,30,72,10,0.193,0,,0
INV-201855,C1705,Independent,South,Sales Rep,1,1265.62,30,10,14,0.193,0,,0
INV-201856,C1820,Regional,Northeast,Sales Rep,12,2386.41,30,58,9,0.163,0,,0
INV-201857,C1489,National Account,West,Phone,9,14678.28,60,13,22,0.139,0,,0
INV-201858,C1255,National Account,South,Web Portal,3,15923.36,45,86,18,0.0,0,,0
INV-201859,C1256,National Account,South,Phone,3,12037.87,45,9,23,0.111,1,74.0,1
INV-201860,C1419,National Account,Northeast,Sales Rep,7,4683.97,45,31,24,0.041,0,,0
INV-201861,C1391,Independent,Midwest,Web Portal,1,1348.29,30,25,10,0.182,0,,0
INV-201862,C1352,National Account,South,EDI,12,3526.89,30,35,17,0.037,1,,0
INV-201863,C1113,Regional,Midwest,Sales Rep,7,3070.31,30,26,13,0.322,0,72.0,1
INV-201864,C1094,Independent,South,EDI,6,836.11,30,28,8,0.548,0,77.0,1
INV-201865,C1647,Regional,Northeast,Sales Rep,8,7838.03,30,24,6,0.051,0,,0
INV-201866,C1799,Regional,West,Sales Rep,4,3298.78,45,38,13,0.022,0,,0
INV-201867,C1291,Independent,Northeast,Sales Rep,5,2363.57,30,47,8,0.191,0,,0
INV-201868,C1346,Regional,Northeast,EDI,6,3751.21,45,52,12,0.0,0,,0
INV-201869,C1472,Regional,West,Web Portal,11,13719.9,60,66,16,0.388,0,,0
INV-201870,C1490,Independent,Northeast,Sales Rep,4,6534.61,45,20,6,0.179,0,,0
INV-201871,C1681,Regional,South,Sales Rep,4,2936.63,30,43,15,0.117,0,,0
INV-201872,C1394,National Account,Northeast,Sales Rep,9,39784.22,45,93,26,0.054,0,96.0,1
INV-201873,C1097,National Account,Midwest,Web Portal,11,7546.9,60,32,24,0.0,0,,0
INV-201874,C1496,Regional,Northeast,Web Portal,12,3796.96,30,49,11,0.039,0,,0
INV-201875,C1710,National Account,Midwest,Web Portal,6,13312.2,60,54,17,0.112,0,,0
INV-201876,C1493,Regional,South,Phone,3,9258.4,30,33,7,0.096,1,64.0,1
INV-201877,C1554,Independent,South,Web Portal,9,2429.8,45,20,11,0.088,0,,0
INV-201878,C1409,Regional,South,Web Portal,2,15268.15,30,10,9,0.119,0,,0
INV-201879,C1138,Independent,Midwest,Web Portal,6,4862.23,30,28,11,0.119,0,,0
INV-201880,C1075,Independent,Midwest,Sales Rep,1,845.47,45,29,9,0.177,0,,0
INV-201881,C1096,Independent,Midwest,Web Portal,7,2936.76,30,15,10,0.158,0,,0
INV-201882,C1658,Independent,Midwest,Sales Rep,8,2060.07,30,7,7,0.085,0,,0
INV-201883,C1765,Independent,South,Sales Rep,4,727.84,30,11,5,0.043,0,,0
INV-201884,C1218,National Account,South,Web Portal,6,9857.42,60,43,25,0.017,0,,0
INV-201885,C1229,Regional,Northeast,Phone,6,1054.27,30,63,8,0.0,0,,0
INV-201886,C1238,National Account,South,Web Portal,8,58961.66,30,201,27,0.021,0,,0
INV-201887,C1196,National Account,Midwest,Web Portal,11,3687.61,60,28,22,0.106,0,,0
INV-201888,C1524,National Account,South,Web Portal,7,18604.63,45,36,18,0.071,0,,0
INV-201889,C1100,Regional,South,Sales Rep,2,10384.37,60,31,6,0.223,0,,0
INV-201890,C1525,Regional,Midwest,Phone,3,5886.79,45,56,12,0.214,0,,0
INV-201891,C1712,National Account,Northeast,Web Portal,8,2746.13,45,66,30,0.0,0,,0
INV-201892,C1714,Regional,Northeast,Phone,1,4154.22,45,39,6,0.096,0,,0
INV-201893,C1791,Regional,West,Sales Rep,11,7938.12,30,143,8,0.193,0,,0
INV-201894,C1126,Independent,West,EDI,9,1189.92,30,24,13,0.051,0,,0
INV-201895,C1791,Regional,South,Phone,4,1591.77,45,143,15,0.049,0,,0
INV-201896,C1613,Regional,South,EDI,10,1140.08,30,35,8,0.21,0,,0
INV-201897,C1090,Independent,South,Sales Rep,2,1112.56,30,36,12,0.233,1,,0
INV-201898,C1625,Regional,South,Sales Rep,10,2405.43,45,70,12,0.047,0,,0
INV-201899,C1723,Independent,South,Web Portal,6,7024.12,45,8,13,0.034,0,,0
INV-201900,C1705,Independent,Midwest,EDI,1,1426.48,30,10,12,0.12,1,,0
INV-201901,C1250,Regional,Midwest,Sales Rep,1,3829.72,60,101,9,0.278,0,,0
INV-201902,C1716,Independent,Midwest,EDI,3,4311.29,30,7,13,0.22,0,,0
INV-201903,C1322,Independent,Midwest,Sales Rep,3,1579.15,30,39,8,0.306,0,,0
INV-201904,C1060,Regional,West,Web Portal,10,1546.53,30,32,13,0.214,0,,0
INV-201905,C1231,National Account,South,Sales Rep,12,9457.29,30,35,24,0.121,0,,0
INV-201906,C1504,Independent,West,Web Portal,5,875.14,30,17,10,0.036,0,,0
INV-201907,C1566,National Account,Midwest,Phone,5,11484.01,45,58,21,0.066,0,,0
INV-201908,C1523,Independent,Northeast,EDI,2,4583.55,45,34,8,0.262,0,,0
INV-201909,C1185,Independent,West,Sales Rep,1,751.44,30,20,13,0.254,0,,0
INV-201910,C1044,Independent,Midwest,Phone,1,2463.16,30,10,11,0.0,0,,0
INV-201911,C1703,Regional,West,EDI,7,5300.83,30,49,11,0.058,0,,0
INV-201912,C1739,Independent,South,Sales Rep,1,9739.92,30,28,12,0.227,0,,0
INV-201913,C1603,National Account,South,Sales Rep,2,15111.15,60,122,20,0.076,0,80.0,1
INV-201914,C1003,Regional,Midwest,Phone,1,8365.37,30,30,5,0.0,0,,0
INV-201915,C1842,Regional,Northeast,Phone,7,2579.88,30,33,10,0.216,0,,0
INV-201916,C1417,Regional,Northeast,Sales Rep,10,18041.21,30,4,11,0.019,1,,0
INV-201917,C1536,National Account,Midwest,Web Portal,6,5536.46,60,177,20,0.0,0,,0
INV-201918,C1583,National Account,Midwest,Web Portal,7,15271.03,45,103,23,0.436,0,,0
INV-201919,C1189,National Account,Midwest,Phone,5,6594.83,60,90,32,0.446,0,,0
INV-201920,C1834,Regional,South,Phone,8,1259.1,45,101,6,0.069,0,,0
INV-201921,C1568,National Account,Northeast,Sales Rep,7,7789.3,30,79,20,0.038,0,,0
INV-201922,C1134,National Account,South,Sales Rep,5,3543.11,45,43,20,0.037,0,,0
INV-201923,C1403,Independent,Midwest,Web Portal,10,1682.94,45,52,12,0.11,1,86.0,1
INV-201924,C1412,Independent,South,Web Portal,8,2681.68,30,40,5,0.309,0,,0
INV-201925,C1781,Regional,South,Phone,11,606.02,45,23,12,0.184,0,,0
INV-201926,C1560,Regional,Midwest,Web Portal,1,909.26,45,125,5,0.394,0,89.0,1
INV-201927,C1264,Independent,West,EDI,10,1685.87,30,20,11,0.222,0,,0
INV-201928,C1286,Regional,Northeast,Web Portal,4,4115.28,30,11,9,0.089,0,,0
INV-201929,C1699,National Account,Midwest,EDI,11,37986.59,45,49,19,0.079,0,,0
INV-201930,C1004,National Account,Northeast,Phone,6,12970.25,45,140,21,0.107,0,,0
INV-201931,C1757,Independent,Midwest,Sales Rep,8,1037.02,30,14,10,0.105,0,,0
INV-201932,C1175,Regional,South,Phone,1,3340.95,45,50,11,0.023,1,,0
INV-201933,C1495,Independent,West,Sales Rep,12,4840.19,30,4,8,0.243,0,,0
INV-201934,C1222,Regional,West,EDI,9,8664.5,60,42,17,0.167,0,,0
INV-201935,C1776,Regional,Midwest,Sales Rep,4,11107.29,60,13,5,0.384,0,,0
INV-201936,C1377,Regional,Northeast,EDI,8,4959.92,45,22,10,0.028,0,,0
INV-201937,C1505,National Account,South,Phone,7,17316.22,60,68,21,0.047,0,,0
INV-201938,C1218,National Account,South,Web Portal,9,12565.37,45,43,29,0.0,0,,0
INV-201939,C1779,Regional,Midwest,Web Portal,5,2090.91,30,17,11,0.07,0,,0
INV-201940,C1652,Regional,Midwest,Sales Rep,11,711.13,30,80,6,0.04,0,,0
INV-201941,C1555,Regional,Midwest,Phone,1,4080.71,45,41,8,0.071,0,,0
INV-201942,C1401,Regional,South,Web Portal,11,1974.31,60,21,9,0.007,0,,0
INV-201943,C1298,Independent,Midwest,Web Portal,8,685.75,45,23,11,0.171,0,,0
INV-201944,C1266,Regional,South,Web Portal,2,899.83,45,22,14,0.059,0,,0
INV-201945,C1145,National Account,South,Phone,2,1866.88,60,5,21,0.119,0,,0
INV-201946,C1475,Independent,Midwest,Web Portal,7,895.75,30,20,12,0.095,0,,0
INV-201947,C1369,Regional,South,Phone,12,17384.43,45,43,7,0.19,0,,0
INV-201948,C1106,National Account,West,EDI,3,19495.0,45,46,20,0.113,0,,0
INV-201949,C1115,National Account,Northeast,Sales Rep,12,5512.32,45,48,30,0.178,0,82.0,1
INV-201950,C1274,National Account,Northeast,Sales Rep,1,14025.48,45,33,16,0.154,0,,0
INV-201951,C1751,National Account,Northeast,Web Portal,8,21583.13,45,60,21,0.0,0,,0
INV-201952,C1552,National Account,South,EDI,3,4223.06,30,18,27,0.052,0,,0
INV-201953,C1526,National Account,West,Web Portal,4,27287.21,60,14,20,0.0,0,,0
INV-201954,C1760,Regional,West,Web Portal,6,7592.86,30,55,9,0.0,0,,0
INV-201955,C1505,National Account,Midwest,EDI,6,19086.21,45,68,30,0.083,0,,0
INV-201956,C1688,Regional,Midwest,EDI,7,1304.46,45,133,7,0.0,0,,0
INV-201957,C1235,Regional,South,Web Portal,4,693.12,45,31,9,0.027,0,,0
INV-201958,C1314,Independent,West,Sales Rep,1,4943.12,30,47,7,0.289,0,,0
INV-201959,C1248,National Account,South,Web Portal,4,2166.0,60,47,28,0.0,0,,0
INV-201960,C1538,Regional,Midwest,EDI,7,1817.2,30,76,6,0.262,0,,0
INV-201961,C1258,Independent,Midwest,Sales Rep,4,1759.61,30,13,9,0.0,1,,0
INV-201962,C1569,Independent,West,Sales Rep,10,881.68,30,9,7,0.066,0,,0
INV-201963,C1491,Independent,Midwest,Web Portal,7,815.59,45,34,10,0.179,0,,0
INV-201964,C1004,National Account,Midwest,Sales Rep,8,6034.25,30,140,22,0.047,1,,0
INV-201965,C1188,Regional,Midwest,Sales Rep,2,444.35,30,46,9,0.214,0,,0
INV-201966,C1733,Regional,West,Web Portal,10,2483.54,45,16,14,0.06,0,,0
INV-201967,C1333,Regional,Northeast,EDI,8,7296.65,30,19,9,0.26,0,,0
INV-201968,C1032,Regional,Northeast,Web Portal,2,10725.88,30,41,11,0.206,0,,0
INV-201969,C1671,National Account,South,Web Portal,3,2303.54,30,231,26,0.0,0,,0
INV-201970,C1815,Independent,Midwest,EDI,2,3048.89,30,17,9,0.206,0,,0
INV-201971,C1388,Regional,West,Web Portal,5,4526.31,30,35,8,0.017,0,,0
INV-201972,C1035,Regional,West,Web Portal,8,482.46,30,18,10,0.192,0,,0
INV-201973,C1462,Independent,Midwest,Phone,4,2684.81,30,7,11,0.172,0,,0
INV-201974,C1031,Regional,South,Phone,2,1906.12,45,34,8,0.048,0,,0
INV-201975,C1492,National Account,South,EDI,11,12033.7,60,102,16,0.083,0,,0
INV-201976,C1040,National Account,South,Web Portal,6,4267.6,45,82,27,0.118,0,,0
INV-201977,C1437,National Account,Northeast,Sales Rep,9,12142.45,30,20,20,0.183,0,,0
INV-201978,C1486,Independent,Northeast,EDI,9,2353.69,45,14,11,0.117,0,,0
INV-201979,C1252,National Account,Midwest,EDI,2,11894.05,60,90,21,0.223,0,,0
INV-201980,C1005,National Account,South,Sales Rep,5,9315.99,30,34,14,0.0,0,,0
INV-201981,C1563,Independent,West,EDI,4,2385.17,30,17,8,0.077,0,,0
INV-201982,C1813,Independent,Northeast,Phone,4,9199.72,45,15,6,0.258,0,,0
INV-201983,C1170,National Account,Midwest,Web Portal,1,5970.55,60,47,16,0.167,0,81.0,1
INV-201984,C1328,National Account,West,Phone,7,3978.21,60,81,19,0.419,0,82.0,1
INV-201985,C1411,National Account,Northeast,Web Portal,12,7413.24,30,70,21,0.028,0,,0
INV-201986,C1287,Regional,South,Web Portal,11,2139.73,45,72,3,0.326,1,78.0,1
INV-201987,C1225,Independent,Midwest,Sales Rep,2,2261.9,30,5,9,0.176,0,,0
INV-201988,C1427,National Account,Northeast,Sales Rep,6,2181.16,60,71,19,0.023,0,,0
INV-201989,C1002,Regional,West,EDI,5,2571.78,30,56,8,0.076,0,,0
INV-201990,C1084,National Account,West,Sales Rep,10,13887.22,45,258,18,0.0,0,,0
INV-201991,C1622,Regional,South,Sales Rep,9,7489.78,30,43,7,0.0,0,,0
INV-201992,C1266,Regional,Northeast,Sales Rep,3,2069.93,30,22,11,0.293,0,,0
INV-201993,C1004,National Account,Midwest,Web Portal,8,5533.99,45,140,32,0.196,0,,0
INV-201994,C1787,National Account,Midwest,Web Portal,5,9529.86,60,103,26,0.439,0,,0
INV-201995,C1554,Independent,Midwest,Sales Rep,8,1593.19,45,20,7,0.189,0,,0
INV-201996,C1631,Regional,Midwest,Web Portal,4,1083.19,30,8,8,0.141,0,62.0,0
INV-201997,C1716,Independent,Midwest,EDI,3,1997.57,30,7,15,0.033,0,,0
INV-201998,C1187,Independent,West,Web Portal,9,2262.45,30,24,9,0.093,0,,0
INV-201999,C1109,Independent,Midwest,Sales Rep,3,3322.27,30,23,8,0.27,0,78.0,1
INV-202000,C1083,Independent,Northeast,EDI,1,1472.3,30,23,18,0.128,0,,0
INV-202001,C1236,National Account,Midwest,Web Portal,1,1185.15,45,36,20,0.0,0,,0
INV-202002,C1224,Regional,South,Web Portal,7,3191.51,60,47,8,0.494,0,,0
INV-202003,C1635,Independent,West,Web Portal,9,5445.26,30,11,10,0.137,0,,0
INV-202004,C1706,Regional,South,Sales Rep,1,16225.01,60,17,9,0.1,0,,0
INV-202005,C1793,Regional,West,Web Portal,2,999.88,45,39,11,0.081,0,,0
INV-202006,C1115,National Account,Northeast,Web Portal,8,86519.56,30,48,27,0.084,0,,0
INV-202007,C1081,Independent,Midwest,Sales Rep,3,2458.37,45,12,9,0.366,1,,0
INV-202008,C1408,Regional,Midwest,Sales Rep,2,5239.07,45,34,8,0.0,0,,0
INV-202009,C1334,National Account,Midwest,Sales Rep,8,6990.65,60,103,24,0.078,0,,0
INV-202010,C1807,National Account,West,Sales Rep,10,14125.82,60,170,19,0.395,0,,0
INV-202011,C1432,Regional,Midwest,Sales Rep,5,1404.02,45,17,5,0.209,0,,0
INV-202012,C1741,National Account,Midwest,Sales Rep,12,11608.35,60,93,15,0.006,0,,0
INV-202013,C1656,Regional,Northeast,Web Portal,7,10729.6,30,84,9,0.158,0,,0
INV-202014,C1768,National Account,Northeast,EDI,6,13531.54,60,109,28,0.105,0,,0
INV-202015,C1803,National Account,South,Sales Rep,1,25159.77,45,32,16,0.159,0,,0
INV-202016,C1056,Independent,Midwest,Web Portal,3,742.61,30,16,17,0.165,0,,0
INV-202017,C1401,Regional,Midwest,Sales Rep,12,6605.93,45,21,9,0.001,0,,0
INV-202018,C1602,Independent,South,Web Portal,11,760.97,30,32,14,0.186,1,,0
INV-202019,C1535,National Account,South,EDI,2,7212.82,45,55,19,0.115,0,,0
INV-202020,C1637,Independent,Midwest,Sales Rep,9,583.25,30,13,8,0.174,0,,0
INV-202021,C1597,Independent,South,EDI,9,4868.32,30,17,4,0.132,0,,0
INV-202022,C1316,Regional,South,Phone,1,2596.02,45,44,7,0.191,1,,0
INV-202023,C1095,Independent,South,Phone,6,1635.26,30,15,8,0.0,0,,0
INV-202024,C1475,Independent,South,EDI,3,1285.64,45,20,7,0.243,0,,0
INV-202025,C1566,National Account,Midwest,Web Portal,7,9052.43,60,58,19,0.054,0,,0
INV-202026,C1610,Regional,Midwest,Sales Rep,2,1602.45,45,22,11,0.137,0,,0
INV-202027,C1259,National Account,South,Phone,6,2382.59,60,71,17,0.0,0,,0
INV-202028,C1237,National Account,West,Web Portal,10,9560.44,45,55,28,0.123,0,,0
INV-202029,C1411,National Account,Northeast,EDI,8,28621.8,45,70,24,0.082,0,,0
INV-202030,C1532,Regional,Northeast,Web Portal,4,15561.97,45,19,11,0.116,0,,0
INV-202031,C1353,National Account,South,Sales Rep,8,16791.06,45,24,26,0.077,0,,0
INV-202032,C1196,National Account,Midwest,Sales Rep,7,20089.88,60,28,22,0.173,0,,0
INV-202033,C1629,Regional,West,EDI,9,5631.79,45,15,8,0.235,0,,0
INV-202034,C1559,National Account,West,Web Portal,9,17597.6,30,11,26,0.0,0,,0
INV-202035,C1035,Regional,South,Sales Rep,10,8763.67,30,18,10,0.302,0,,0
INV-202036,C1708,Regional,West,EDI,9,884.93,60,59,18,0.15,0,,0
INV-202037,C1190,Independent,South,Phone,3,2562.45,30,17,13,0.072,0,,0
INV-202038,C1803,National Account,Midwest,Sales Rep,11,5465.8,45,32,17,0.064,0,,0
INV-202039,C1125,Independent,Midwest,Web Portal,10,646.93,30,37,13,0.143,0,,0
INV-202040,C1387,Regional,West,EDI,4,2258.51,45,55,13,0.037,0,,0
INV-202041,C1402,National Account,Northeast,Sales Rep,12,15089.6,45,66,27,0.043,0,,0
INV-202042,C1823,National Account,Midwest,Sales Rep,10,5139.07,30,138,24,0.066,1,,0
INV-202043,C1540,National Account,South,Web Portal,3,8244.31,45,73,23,0.02,0,,0
INV-202044,C1103,National Account,Midwest,Sales Rep,12,13234.91,60,80,21,0.0,0,,0
INV-202045,C1510,Regional,South,EDI,4,5979.47,45,32,7,0.319,0,,0
INV-202046,C1776,Regional,South,Phone,1,1449.05,30,13,10,0.079,0,,0
INV-202047,C1183,Regional,Northeast,Phone,10,2139.32,45,61,9,0.045,0,,0
INV-202048,C1259,National Account,South,Sales Rep,11,25549.75,60,71,22,0.107,0,,0
INV-202049,C1705,Independent,Midwest,Sales Rep,1,2510.56,30,10,13,0.114,0,,0
INV-202050,C1066,Regional,West,Sales Rep,7,1632.46,30,38,8,0.082,0,,0
INV-202051,C1237,National Account,Midwest,Phone,5,18983.9,45,55,22,0.144,0,,0
INV-202052,C1496,Regional,South,Sales Rep,12,2666.9,30,49,14,0.069,0,,0
INV-202053,C1196,National Account,Midwest,EDI,5,3056.68,45,28,20,0.106,0,,0
INV-202054,C1056,Independent,West,Phone,9,718.4,30,16,9,0.277,0,,0
INV-202055,C1662,Independent,Northeast,EDI,9,6747.96,30,39,18,0.103,1,,0
INV-202056,C1334,National Account,Midwest,Sales Rep,3,39780.94,45,103,24,0.159,0,,0
INV-202057,C1003,Regional,West,Phone,2,1197.66,30,30,9,0.0,0,,0
INV-202058,C1156,Independent,West,Phone,3,1507.63,45,29,15,0.098,0,96.0,1
INV-202059,C1540,National Account,Midwest,Phone,1,14671.16,45,73,20,0.033,0,,0
INV-202060,C1817,Independent,South,Web Portal,2,684.25,30,30,17,0.0,0,,0
INV-202061,C1437,National Account,Northeast,Web Portal,6,20896.45,45,20,21,0.117,0,,0
INV-202062,C1121,National Account,West,Sales Rep,1,8485.12,60,46,25,0.087,0,,0
INV-202063,C1282,Independent,South,Web Portal,1,3676.6,60,13,12,0.126,0,,0
INV-202064,C1274,National Account,Midwest,Sales Rep,4,15378.63,30,33,30,0.327,0,,0
INV-202065,C1180,Independent,South,Sales Rep,6,2595.34,45,21,13,0.13,0,,0
INV-202066,C1018,Regional,Midwest,EDI,2,1405.68,30,69,7,0.197,0,,0
INV-202067,C1215,Regional,Northeast,EDI,1,9992.06,30,33,5,0.0,0,,0
INV-202068,C1787,National Account,West,Sales Rep,10,17512.99,45,103,23,0.168,0,,0
INV-202069,C1467,Regional,Northeast,Phone,2,21071.25,30,18,10,0.037,0,,0
INV-202070,C1446,National Account,Midwest,EDI,3,26358.33,45,78,19,0.045,0,,0
INV-202071,C1419,National Account,Northeast,Phone,4,35440.91,60,31,25,0.197,0,,0
INV-202072,C1799,Regional,Midwest,EDI,12,4955.78,45,38,6,0.03,0,,0
INV-202073,C1235,Regional,South,Web Portal,2,2245.07,30,31,10,0.0,0,,0
INV-202074,C1039,Independent,South,Sales Rep,7,3185.0,30,20,8,0.469,0,,0
INV-202075,C1200,Independent,South,Sales Rep,5,361.41,30,13,7,0.172,0,,0
INV-202076,C1069,National Account,South,Web Portal,5,6445.32,45,16,20,0.193,0,,0
INV-202077,C1529,Regional,West,Sales Rep,10,2039.89,45,20,13,0.184,0,,0
INV-202078,C1295,Independent,Northeast,EDI,1,1409.84,45,31,12,0.0,0,,0
INV-202079,C1023,National Account,Northeast,EDI,11,7870.14,45,33,27,0.053,0,,0
INV-202080,C1522,National Account,Midwest,Phone,12,10782.82,30,5,38,0.202,1,,0
INV-202081,C1005,National Account,Midwest,Sales Rep,10,11595.42,30,34,15,0.052,0,,0
INV-202082,C1794,National Account,West,Sales Rep,4,6492.8,60,50,24,0.127,0,,0
INV-202083,C1091,National Account,South,Sales Rep,2,8911.83,60,111,22,0.089,0,,0
INV-202084,C1026,National Account,South,EDI,12,37715.1,60,48,19,0.141,0,81.0,1
INV-202085,C1217,National Account,West,Web Portal,11,4958.75,60,134,26,0.0,1,,0
INV-202086,C1731,Independent,South,EDI,1,2504.01,30,10,12,0.078,0,,0
INV-202087,C1015,Regional,Northeast,Phone,8,4918.14,45,20,7,0.162,1,95.0,1
INV-202088,C1018,Regional,Northeast,Phone,6,1026.73,45,69,10,0.086,0,,0
INV-202089,C1170,National Account,Midwest,Sales Rep,3,5715.32,60,47,23,0.0,0,,0
INV-202090,C1472,Regional,Midwest,Sales Rep,9,56560.29,45,66,8,0.274,0,,0
INV-202091,C1742,Regional,West,Web Portal,7,3116.73,45,19,12,0.0,0,,0
INV-202092,C1084,National Account,Northeast,Sales Rep,2,11923.9,45,258,24,0.0,0,,0
INV-202093,C1132,Independent,Midwest,Web Portal,3,2885.48,30,7,11,0.091,0,,0
INV-202094,C1288,Regional,West,Sales Rep,12,8908.31,45,39,8,0.022,0,,0
INV-202095,C1130,Independent,Northeast,Sales Rep,12,543.27,30,5,7,0.147,0,,0
INV-202096,C1360,Independent,South,Sales Rep,9,5777.3,30,43,6,0.107,0,,0
INV-202097,C1382,Regional,South,Sales Rep,6,929.24,60,25,8,0.201,0,,0
INV-202098,C1146,National Account,South,Web Portal,8,8846.33,45,38,23,0.459,0,83.0,1
INV-202099,C1533,Independent,Northeast,Sales Rep,1,4432.08,30,9,8,0.103,0,,0
INV-202100,C1543,Regional,Northeast,Phone,7,2003.31,45,19,5,0.254,0,,0
INV-202101,C1722,Regional,South,EDI,8,4301.4,45,30,9,0.091,0,,0
INV-202102,C1334,National Account,West,Web Portal,6,35705.24,45,103,24,0.2,0,,0
INV-202103,C1675,National Account,West,Web Portal,3,8175.5,30,120,24,0.244,0,,0
INV-202104,C1558,Independent,West,Web Portal,12,150.99,30,43,8,0.171,0,,0
INV-202105,C1489,National Account,South,Phone,7,23314.73,60,13,26,0.134,0,,0
INV-202106,C1427,National Account,Midwest,Sales Rep,9,11042.39,60,71,17,0.0,0,,0
INV-202107,C1650,Regional,Northeast,EDI,1,1432.77,30,76,10,0.201,0,,0
INV-202108,C1404,Independent,Northeast,Sales Rep,2,2023.54,30,30,11,0.116,0,,0
INV-202109,C1689,National Account,Midwest,Sales Rep,2,30963.59,60,41,22,0.105,0,,0
INV-202110,C1795,Independent,South,Sales Rep,8,11661.54,45,3,6,0.096,1,85.0,1
INV-202111,C1397,National Account,South,EDI,9,7389.27,60,54,20,0.0,0,,0
INV-202112,C1408,Regional,West,Phone,6,993.84,45,34,16,0.028,0,,0
INV-202113,C1509,Independent,Northeast,Sales Rep,10,406.81,45,20,10,0.162,0,66.0,0
INV-202114,C1163,National Account,Midwest,EDI,3,6532.21,30,48,18,0.0,0,,0
INV-202115,C1031,Regional,Northeast,Phone,2,3536.82,30,34,10,0.0,0,,0
INV-202116,C1045,National Account,Midwest,EDI,12,5672.22,45,120,33,0.0,1,,0
INV-202117,C1709,National Account,West,Web Portal,5,5728.5,30,45,23,0.142,0,,0
INV-202118,C1451,Regional,Northeast,Phone,11,2590.21,60,128,12,0.2,0,,0
INV-202119,C1004,National Account,Midwest,Phone,1,4906.31,45,140,29,0.078,0,,0
INV-202120,C1197,Independent,South,Sales Rep,1,747.11,60,10,11,0.11,0,,0
INV-202121,C1219,Independent,West,Sales Rep,2,788.67,45,20,13,0.182,0,,0
INV-202122,C1273,Regional,South,Web Portal,6,3862.58,30,21,12,0.0,0,,0
INV-202123,C1587,National Account,Midwest,Phone,10,3861.17,45,24,24,0.034,0,,0
INV-202124,C1354,Independent,South,Sales Rep,12,2214.55,30,44,12,0.026,0,,0
INV-202125,C1427,National Account,Midwest,Sales Rep,12,49361.13,60,71,22,0.0,1,,0
INV-202126,C1671,National Account,Midwest,Phone,7,1115.69,60,231,28,0.0,0,,0
INV-202127,C1722,Regional,West,Web Portal,12,3308.85,60,30,9,0.137,0,,0
INV-202128,C1310,National Account,Midwest,Web Portal,5,5411.94,30,161,28,0.157,0,,0
INV-202129,C1305,Independent,West,Web Portal,2,5049.67,45,36,11,0.062,0,,0
INV-202130,C1357,Independent,Midwest,EDI,2,870.27,45,4,11,0.0,0,,0
INV-202131,C1526,National Account,South,EDI,11,26483.72,30,14,21,0.0,0,,0
INV-202132,C1291,Independent,South,Web Portal,1,3161.45,45,47,6,0.198,0,,0
INV-202133,C1687,Regional,West,EDI,11,1181.36,60,57,12,0.123,0,,0
INV-202134,C1070,Independent,Northeast,Web Portal,1,508.35,30,13,10,0.15,0,,0
INV-202135,C1043,Regional,South,Sales Rep,7,5996.54,45,85,8,0.0,0,,0
INV-202136,C1545,National Account,Midwest,Web Portal,11,35028.02,60,183,24,0.066,0,,0
INV-202137,C1134,National Account,South,EDI,4,29649.39,60,43,27,0.093,0,,0
INV-202138,C1297,National Account,South,Phone,1,9182.61,60,77,23,0.0,0,,0
INV-202139,C1115,National Account,South,Phone,6,9380.69,60,48,22,0.267,0,105.0,1
INV-202140,C1612,National Account,Northeast,Web Portal,1,11811.99,45,56,18,0.175,0,66.0,1
INV-202141,C1235,Regional,West,Sales Rep,8,2769.52,45,31,10,0.143,0,,0
INV-202142,C1697,Regional,South,Phone,6,1683.21,30,85,8,0.017,0,,0
INV-202143,C1847,National Account,West,EDI,10,5543.82,45,10,29,0.064,0,,0
INV-202144,C1307,Regional,West,Phone,11,5477.82,30,119,11,0.025,0,,0
INV-202145,C1454,Regional,South,Web Portal,5,799.43,30,71,7,0.428,0,,0
INV-202146,C1535,National Account,West,Phone,10,9500.02,45,55,24,0.19,0,,0
INV-202147,C1531,Regional,Midwest,EDI,5,846.68,30,22,6,0.019,0,,0
INV-202148,C1542,Regional,West,Web Portal,12,4124.2,30,43,11,0.0,0,,0
INV-202149,C1619,Independent,South,Web Portal,3,1155.23,45,35,9,0.196,0,,0
INV-202150,C1573,National Account,West,Sales Rep,6,5012.86,45,63,23,0.0,0,,0
INV-202151,C1790,National Account,West,Sales Rep,7,6650.66,60,87,24,0.339,0,,0
INV-202152,C1595,Regional,South,Web Portal,9,13012.31,30,17,5,0.194,0,,0
INV-202153,C1160,Regional,Midwest,EDI,4,2782.3,30,18,11,0.202,0,,0
INV-202154,C1032,Regional,South,Web Portal,12,1380.7,45,41,11,0.165,0,,0
INV-202155,C1654,Independent,West,Phone,7,1711.84,30,11,7,0.042,0,,0
INV-202156,C1849,Regional,Midwest,EDI,3,5888.92,45,34,13,0.072,0,,0
INV-202157,C1103,National Account,West,Sales Rep,12,9299.39,45,80,21,0.0,0,,0
INV-202158,C1397,National Account,South,Sales Rep,10,17569.5,45,54,25,0.081,0,,0
INV-202159,C1260,National Account,West,Web Portal,2,7594.13,45,11,18,0.055,0,,0
INV-202160,C1270,Independent,South,Web Portal,5,5599.57,45,62,11,0.168,0,,0
INV-202161,C1084,National Account,Midwest,Web Portal,11,11363.4,60,258,22,0.018,0,,0
INV-202162,C1612,National Account,Midwest,EDI,10,19358.61,45,56,27,0.0,0,,0
INV-202163,C1419,National Account,West,Phone,3,16935.92,60,31,28,0.417,0,,0
INV-202164,C1197,Independent,Northeast,EDI,11,1952.66,30,10,10,0.325,0,,0
INV-202165,C1407,Regional,West,EDI,6,376.45,45,25,14,0.0,0,,0
INV-202166,C1601,National Account,South,Phone,10,5443.38,60,17,25,0.0,0,,0
INV-202167,C1143,Independent,South,Sales Rep,1,4234.3,30,8,9,0.174,0,,0
INV-202168,C1135,Regional,West,Phone,5,2786.99,30,86,10,0.129,0,,0
INV-202169,C1103,National Account,Midwest,EDI,3,4368.07,60,80,24,0.08,0,,0
INV-202170,C1742,Regional,South,Web Portal,5,536.14,30,19,9,0.0,0,,0
INV-202171,C1024,Regional,Midwest,EDI,3,13766.92,30,141,6,0.16,0,,0
INV-202172,C1757,Independent,Midwest,EDI,1,2248.56,30,14,6,0.311,0,,0
INV-202173,C1115,National Account,West,EDI,7,53054.46,60,48,21,0.061,0,,0
INV-202174,C1069,National Account,South,Phone,3,4669.1,60,16,31,0.0,0,,0
INV-202175,C1492,National Account,South,Sales Rep,2,5113.81,30,102,26,0.061,0,,0
INV-202176,C1435,Regional,South,EDI,7,1745.62,30,15,11,0.298,0,76.0,1
INV-202177,C1427,National Account,West,Sales Rep,8,7532.09,60,71,18,0.0,0,,0
INV-202178,C1397,National Account,South,Web Portal,10,15042.4,30,54,29,0.0,0,,0
INV-202179,C1138,Independent,Midwest,Web Portal,2,996.75,30,28,12,0.111,0,,0
INV-202180,C1508,Regional,Northeast,Web Portal,5,2453.3,30,34,6,0.148,0,,0
INV-202181,C1454,Regional,South,EDI,10,4987.39,30,71,10,0.296,0,,0
INV-202182,C1569,Independent,Northeast,Phone,8,2055.29,30,9,11,0.441,0,,0
INV-202183,C1716,Independent,South,Sales Rep,12,4568.18,45,7,8,0.046,0,,0
INV-202184,C1096,Independent,West,Sales Rep,2,1367.01,30,15,8,0.218,0,,0
INV-202185,C1760,Regional,South,Sales Rep,10,7667.1,30,55,7,0.118,0,,0
INV-202186,C1818,National Account,South,EDI,5,26416.4,30,113,26,0.085,0,,0
INV-202187,C1286,Regional,Northeast,Web Portal,2,14147.66,45,11,11,0.162,0,,0
INV-202188,C1651,Regional,Northeast,Phone,2,1819.65,45,33,2,0.088,1,,0
INV-202189,C1195,Regional,South,Phone,9,2484.07,45,56,12,0.11,0,,0
INV-202190,C1465,Regional,Midwest,Phone,6,2400.7,60,4,15,0.0,0,,0
INV-202191,C1671,National Account,Northeast,Web Portal,3,8117.55,60,231,24,0.098,0,,0
INV-202192,C1229,Regional,South,Sales Rep,12,1274.03,45,63,15,0.0,0,,0
INV-202193,C1034,Regional,Midwest,Web Portal,4,1660.02,45,52,11,0.367,0,,0
INV-202194,C1762,National Account,West,Web Portal,9,12506.14,30,36,31,0.051,0,,0
INV-202195,C1601,National Account,South,Web Portal,2,13900.98,60,17,21,0.074,0,,0
INV-202196,C1109,Independent,Northeast,Web Portal,5,1433.7,30,23,10,0.126,0,,0
INV-202197,C1042,Regional,Midwest,Web Portal,7,5748.72,30,21,10,0.252,0,,0
INV-202198,C1027,Regional,Northeast,Sales Rep,10,4672.22,60,38,9,0.387,0,111.0,1
INV-202199,C1834,Regional,South,Web Portal,9,3262.97,60,101,13,0.181,0,,0
INV-202200,C1255,National Account,Midwest,Sales Rep,5,19710.15,30,86,16,0.004,0,,0
INV-202201,C1413,Independent,West,Sales Rep,6,1089.2,30,5,9,0.132,0,73.0,1
INV-202202,C1349,Regional,Midwest,Sales Rep,6,7640.51,30,42,11,0.022,0,,0
INV-202203,C1762,National Account,South,Phone,11,3941.02,45,36,22,0.018,0,,0
INV-202204,C1560,Regional,West,Sales Rep,9,2792.64,30,125,12,0.061,0,,0
INV-202205,C1470,Independent,South,Web Portal,10,1401.94,30,40,6,0.172,0,,0
INV-202206,C1062,Regional,South,Web Portal,3,5611.88,45,43,10,0.048,0,,0
INV-202207,C1394,National Account,Northeast,Sales Rep,6,8129.49,60,93,29,0.017,0,,0
INV-202208,C1524,National Account,South,Sales Rep,11,9569.4,60,36,25,0.175,0,,0
INV-202209,C1028,Regional,South,Phone,12,6103.94,30,86,6,0.149,0,,0
INV-202210,C1512,Regional,Northeast,EDI,8,2506.18,45,47,8,0.26,0,,0
INV-202211,C1097,National Account,South,Phone,11,11058.88,45,32,25,0.0,0,,0
INV-202212,C1534,Regional,South,Web Portal,5,3367.97,45,38,12,0.266,0,,0
INV-202213,C1097,National Account,South,EDI,2,21475.77,60,32,21,0.084,0,,0
INV-202214,C1073,Regional,Northeast,EDI,6,5096.75,45,13,8,0.15,0,,0
INV-202215,C1588,Regional,West,Sales Rep,7,3171.79,45,13,5,0.177,0,,0
INV-202216,C1329,Independent,Midwest,Web Portal,8,5098.19,30,8,10,0.128,0,,0
INV-202217,C1298,Independent,Midwest,Sales Rep,12,1340.93,30,23,10,0.271,0,,0
INV-202218,C1453,Regional,West,EDI,9,3455.77,30,50,11,0.057,0,,0
INV-202219,C1618,Independent,South,Sales Rep,8,2452.27,30,60,15,0.223,0,,0
INV-202220,C1788,Independent,Midwest,EDI,7,2246.0,30,15,11,0.281,0,,0
INV-202221,C1293,Regional,South,Web Portal,5,4565.26,30,8,6,0.211,0,,0
INV-202222,C1328,National Account,Midwest,EDI,5,3739.86,60,81,15,0.184,1,,0
INV-202223,C1559,National Account,West,Sales Rep,8,4366.71,60,11,24,0.014,0,,0
INV-202224,C1369,Regional,Midwest,EDI,9,2322.16,30,43,9,0.127,0,,0
INV-202225,C1420,Independent,Midwest,Phone,1,375.65,30,2,12,0.384,0,,0
INV-202226,C1697,Regional,South,Web Portal,3,2052.43,45,85,12,0.081,1,,0
INV-202227,C1135,Regional,Northeast,EDI,1,1671.05,30,86,5,0.265,0,,0
INV-202228,C1656,Regional,West,Sales Rep,6,1902.92,30,84,9,0.0,0,,0
INV-202229,C1503,Regional,South,Sales Rep,12,717.99,45,42,10,0.221,0,,0
INV-202230,C1695,Regional,Northeast,Phone,2,5113.84,30,72,10,0.0,0,,0
INV-202231,C1522,National Account,Northeast,Sales Rep,4,27991.17,45,5,22,0.0,0,,0
INV-202232,C1202,National Account,South,Web Portal,6,9835.11,45,98,24,0.0,0,,0
INV-202233,C1211,Regional,Northeast,Sales Rep,6,10041.75,30,61,12,0.095,0,,0
INV-202234,C1027,Regional,Midwest,Web Portal,12,821.75,60,38,11,0.062,0,,0
INV-202235,C1569,Independent,South,Phone,5,3536.19,30,9,10,0.257,0,,0
INV-202236,C1430,Regional,South,Web Portal,4,2950.55,60,34,11,0.202,0,,0
INV-202237,C1357,Independent,South,EDI,5,5210.77,30,4,12,0.047,0,,0
INV-202238,C1589,Independent,Midwest,Sales Rep,5,1776.27,30,16,16,0.084,0,,0
INV-202239,C1510,Regional,Midwest,Sales Rep,8,1776.74,60,32,9,0.419,0,,0
INV-202240,C1818,National Account,South,Web Portal,12,8626.53,60,113,25,0.0,0,,0
INV-202241,C1277,Independent,West,EDI,9,1150.09,30,10,12,0.136,0,,0
INV-202242,C1840,Regional,Midwest,Sales Rep,12,1931.03,45,38,5,0.0,0,,0
INV-202243,C1823,National Account,Midwest,Phone,1,9891.98,60,138,22,0.077,1,78.0,1
INV-202244,C1003,Regional,Midwest,Phone,3,1279.18,60,30,6,0.117,0,,0
INV-202245,C1150,National Account,Midwest,EDI,6,25692.01,45,35,26,0.0,0,,0
INV-202246,C1333,Regional,West,Web Portal,3,6724.48,45,19,12,0.08,0,,0
INV-202247,C1323,Independent,Northeast,Sales Rep,1,1717.5,45,24,8,0.19,0,,0
INV-202248,C1098,Regional,South,Sales Rep,3,5260.12,30,24,13,0.0,0,,0
INV-202249,C1712,National Account,West,Sales Rep,5,4978.15,45,66,22,0.098,0,,0
INV-202250,C1182,Regional,South,Web Portal,7,10522.15,45,16,8,0.143,0,,0
INV-202251,C1316,Regional,Northeast,Sales Rep,8,3700.52,30,44,7,0.02,0,,0
INV-202252,C1255,National Account,West,Web Portal,3,9255.58,60,86,25,0.0,0,,0
INV-202253,C1241,Regional,Midwest,Phone,8,4040.21,30,10,12,0.36,0,,0
INV-202254,C1567,Independent,West,Web Portal,5,947.39,30,35,9,0.054,0,,0
INV-202255,C1026,National Account,South,EDI,7,10750.07,30,48,16,0.09,0,,0
INV-202256,C1762,National Account,South,Web Portal,12,8570.36,60,36,25,0.383,0,,0
INV-202257,C1763,Regional,Northeast,Web Portal,3,16340.36,60,53,11,0.089,0,,0
INV-202258,C1796,Independent,West,Sales Rep,11,6128.33,30,24,7,0.0,0,,0
INV-202259,C1395,Regional,Northeast,Phone,12,9492.57,30,49,8,0.055,0,,0
INV-202260,C1041,Regional,Northeast,Web Portal,4,1468.8,45,20,12,0.236,0,,0
INV-202261,C1100,Regional,South,Web Portal,1,3576.05,30,31,8,0.0,0,,0
INV-202262,C1641,Regional,Northeast,EDI,4,1915.48,30,35,13,0.0,0,,0
INV-202263,C1647,Regional,Northeast,Phone,10,12153.42,30,24,13,0.101,0,,0
INV-202264,C1450,Independent,South,EDI,1,841.48,30,16,9,0.139,0,,0
INV-202265,C1564,National Account,South,Sales Rep,4,7007.81,60,113,23,0.072,0,,0
INV-202266,C1465,Regional,South,Phone,6,5944.25,45,4,16,0.341,0,,0
INV-202267,C1260,National Account,Northeast,EDI,10,4313.65,60,11,20,0.231,0,113.0,1
INV-202268,C1145,National Account,West,Sales Rep,8,2673.15,45,5,23,0.0,0,,0
INV-202269,C1115,National Account,Midwest,Web Portal,8,8990.31,60,48,24,0.0,0,,0
INV-202270,C1743,Independent,West,Sales Rep,6,3530.14,45,8,10,0.102,0,,0
INV-202271,C1403,Independent,West,Phone,12,2398.73,30,52,6,0.057,0,75.0,1
INV-202272,C1312,National Account,Midwest,Web Portal,12,9369.25,30,104,21,0.0,0,,0
INV-202273,C1038,National Account,West,EDI,1,1487.42,60,81,16,0.077,0,,0
INV-202274,C1301,National Account,South,Sales Rep,10,22602.59,60,199,23,0.03,0,,0
INV-202275,C1427,National Account,West,Web Portal,7,20370.39,60,71,20,0.0,0,,0
INV-202276,C1671,National Account,Northeast,Phone,2,6357.51,60,231,23,0.0,0,,0
INV-202277,C1517,Regional,Midwest,Web Portal,1,8716.96,30,38,12,0.276,0,,0
INV-202278,C1251,Independent,South,Phone,11,2592.6,45,30,11,0.129,0,,0
INV-202279,C1040,National Account,Midwest,Sales Rep,6,2618.63,45,82,20,0.366,0,,0
INV-202280,C1564,National Account,Midwest,Phone,1,14361.37,45,113,19,0.073,0,,0
INV-202281,C1797,Regional,Midwest,EDI,12,10556.82,30,60,12,0.286,0,84.0,1
INV-202282,C1141,Regional,West,EDI,9,2080.21,45,18,9,0.177,0,,0
INV-202283,C1414,Independent,South,Sales Rep,1,2338.66,30,6,9,0.367,0,,0
INV-202284,C1255,National Account,South,Web Portal,6,4284.57,60,86,20,0.0,0,,0
INV-202285,C1842,Regional,South,Phone,9,7265.52,60,33,8,0.065,0,,0
INV-202286,C1185,Independent,Northeast,EDI,2,2909.65,30,20,14,0.174,1,,0
INV-202287,C1132,Independent,South,Sales Rep,12,9079.9,30,7,11,0.09,0,,0
INV-202288,C1689,National Account,Northeast,Web Portal,4,45520.18,60,41,19,0.103,0,,0
INV-202289,C1435,Regional,South,Sales Rep,5,37008.79,30,15,8,0.133,0,,0
INV-202290,C1661,National Account,Northeast,Sales Rep,4,12663.15,45,170,22,0.039,0,,0
INV-202291,C1711,Regional,Midwest,Web Portal,6,1306.62,45,13,11,0.207,0,,0
INV-202292,C1838,Regional,South,Web Portal,5,3571.09,45,14,10,0.15,0,,0
INV-202293,C1196,National Account,West,Web Portal,11,5750.42,45,28,23,0.0,0,,0
INV-202294,C1115,National Account,Midwest,Web Portal,10,14818.67,30,48,24,0.066,0,,0
INV-202295,C1106,National Account,Northeast,Phone,6,9368.2,45,46,24,0.201,0,,0
INV-202296,C1297,National Account,South,EDI,3,16981.59,45,77,19,0.0,0,,0
INV-202297,C1079,Regional,Midwest,EDI,2,1629.0,45,147,10,0.168,0,,0
INV-202298,C1037,Regional,South,EDI,4,4621.36,45,75,10,0.031,0,,0
INV-202299,C1545,National Account,South,Web Portal,5,5320.07,30,183,31,0.161,0,,0
INV-202300,C1787,National Account,West,EDI,5,2713.8,60,103,20,0.0,0,,0
INV-202301,C1608,Independent,Northeast,Phone,4,7275.52,30,17,4,0.0,0,,0
INV-202302,C1657,Regional,South,Phone,6,7524.23,30,36,7,0.088,0,59.0,1
INV-202303,C1338,Independent,Northeast,EDI,4,1615.45,30,30,8,0.132,0,,0
INV-202304,C1297,National Account,Northeast,Sales Rep,1,1900.74,45,77,21,0.0,0,,0
INV-202305,C1552,National Account,Northeast,Web Portal,4,41430.15,60,18,26,0.178,0,,0
INV-202306,C1666,Regional,West,Phone,5,5192.88,30,103,17,0.017,0,,0
INV-202307,C1422,Independent,Northeast,EDI,8,736.06,30,20,11,0.295,0,,0
INV-202308,C1225,Independent,Midwest,Sales Rep,5,815.97,30,5,9,0.249,0,,0
INV-202309,C1487,Regional,Northeast,Web Portal,8,11811.59,30,74,9,0.071,0,,0
INV-202310,C1134,National Account,South,Web Portal,3,5967.31,45,43,18,0.054,0,,0
INV-202311,C1538,Regional,West,Sales Rep,11,1940.88,60,76,11,0.206,0,,0
INV-202312,C1694,National Account,South,Web Portal,4,8631.63,60,85,27,0.0,0,,0
INV-202313,C1260,National Account,South,EDI,5,10865.38,60,11,13,0.085,0,,0
INV-202314,C1157,National Account,Northeast,Web Portal,10,6089.14,45,138,19,0.0,0,,0
INV-202315,C1407,Regional,Midwest,Web Portal,1,4055.6,45,25,7,0.0,0,,0
INV-202316,C1226,Regional,South,EDI,2,1385.34,45,108,9,0.111,0,,0
INV-202317,C1237,National Account,South,Phone,1,12420.47,60,55,21,0.247,0,94.0,1
INV-202318,C1260,National Account,South,Web Portal,12,22788.32,30,11,22,0.132,0,,0
INV-202319,C1478,Regional,South,EDI,7,8380.63,45,21,12,0.088,0,,0
INV-202320,C1091,National Account,West,Web Portal,3,6445.22,45,111,28,0.023,0,,0
INV-202321,C1593,Regional,Midwest,EDI,11,2701.69,60,128,7,0.109,0,,0
INV-202322,C1499,Independent,Northeast,Web Portal,1,843.05,30,25,8,0.089,0,,0
INV-202323,C1445,Regional,Midwest,Sales Rep,9,5630.02,45,20,10,0.123,0,,0
INV-202324,C1512,Regional,Midwest,Web Portal,6,3166.73,30,47,11,0.056,0,,0
INV-202325,C1503,Regional,West,EDI,6,4290.2,30,42,5,0.034,0,,0
INV-202326,C1257,Regional,Northeast,Web Portal,3,11256.22,45,35,6,0.124,1,,0
INV-202327,C1394,National Account,Northeast,Web Portal,4,20695.51,60,93,22,0.0,0,81.0,0
INV-202328,C1700,Independent,Midwest,Web Portal,10,1544.75,45,59,14,0.255,0,,0
INV-202329,C1097,National Account,Midwest,Web Portal,3,2303.69,45,32,23,0.084,0,,0
INV-202330,C1722,Regional,South,Sales Rep,10,9525.16,30,30,9,0.102,0,,0
INV-202331,C1278,Regional,South,Web Portal,8,2685.61,45,33,9,0.0,0,,0
INV-202332,C1535,National Account,South,Phone,4,12967.31,45,55,17,0.257,0,76.0,1
INV-202333,C1672,Regional,South,EDI,12,488.04,30,30,7,0.029,0,,0
INV-202334,C1681,Regional,South,Phone,7,1610.31,30,43,13,0.04,0,,0
INV-202335,C1134,National Account,Midwest,Phone,6,7674.76,45,43,23,0.398,0,,0
INV-202336,C1692,National Account,West,Phone,3,11617.25,45,42,20,0.0,0,,0
INV-202337,C1278,Regional,West,Web Portal,8,2937.82,45,33,7,0.0,0,,0
INV-202338,C1156,Independent,Midwest,Sales Rep,5,1725.47,30,29,15,0.169,0,,0
INV-202339,C1428,National Account,South,Sales Rep,11,21918.38,45,19,17,0.255,0,,0
INV-202340,C1564,National Account,Midwest,Web Portal,12,4975.02,60,113,18,0.112,0,,0
INV-202341,C1648,Regional,Midwest,Sales Rep,6,3349.26,30,39,13,0.11,0,,0
INV-202342,C1349,Regional,South,Sales Rep,3,4245.55,30,42,9,0.04,0,,0
INV-202343,C1700,Independent,Midwest,Sales Rep,4,8573.36,30,59,10,0.123,1,,0
INV-202344,C1623,Regional,South,Web Portal,3,1050.38,45,33,11,0.1,0,,0
INV-202345,C1126,Independent,West,Sales Rep,5,11122.63,30,24,8,0.151,0,,0
INV-202346,C1807,National Account,South,Phone,1,8355.33,30,170,19,0.086,1,56.0,1
INV-202347,C1483,Independent,Midwest,Sales Rep,5,797.92,45,16,10,0.092,0,,0
INV-202348,C1526,National Account,Midwest,Web Portal,11,12820.93,45,14,24,0.15,0,,0
INV-202349,C1323,Independent,South,Web Portal,10,4374.47,30,24,10,0.086,0,,0
INV-202350,C1626,Independent,South,Web Portal,10,781.76,30,7,8,0.097,0,,0
INV-202351,C1169,Regional,Midwest,Web Portal,7,10815.38,30,15,9,0.137,0,,0
INV-202352,C1149,Regional,South,Web Portal,3,1642.67,30,20,6,0.265,0,,0
INV-202353,C1634,Regional,West,Web Portal,6,2499.79,30,93,9,0.021,0,,0
INV-202354,C1541,Independent,South,Phone,1,227.42,45,23,14,0.101,0,,0
INV-202355,C1004,National Account,West,EDI,6,7537.86,60,140,31,0.114,0,,0
INV-202356,C1787,National Account,Midwest,EDI,11,10189.83,30,103,17,0.201,0,,0
INV-202357,C1305,Independent,Midwest,Phone,2,656.55,30,36,13,0.366,0,,0
INV-202358,C1750,National Account,Northeast,Web Portal,10,9290.65,45,108,23,0.0,0,,0
INV-202359,C1121,National Account,Midwest,Sales Rep,11,7368.11,60,46,17,0.178,0,,0
INV-202360,C1750,National Account,Midwest,Web Portal,10,3771.36,45,108,30,0.026,0,,0
INV-202361,C1559,National Account,West,EDI,5,29395.19,30,11,24,0.178,0,,0
INV-202362,C1623,Regional,West,Web Portal,11,3441.98,30,33,10,0.008,0,,0
INV-202363,C1800,Independent,Midwest,Web Portal,6,1280.52,30,18,14,0.225,0,,0
INV-202364,C1103,National Account,West,Phone,6,6503.38,45,80,21,0.0,1,,0
INV-202365,C1060,Regional,South,Web Portal,1,8706.7,60,32,10,0.123,0,,0
INV-202366,C1299,National Account,Northeast,Sales Rep,2,5935.76,60,31,18,0.019,0,,0
INV-202367,C1053,Regional,Midwest,Sales Rep,4,997.75,30,25,8,0.0,0,,0
INV-202368,C1601,National Account,Midwest,Web Portal,1,22626.05,60,17,21,0.0,0,,0
INV-202369,C1213,Regional,Midwest,Sales Rep,9,17936.53,45,79,11,0.363,1,,0
INV-202370,C1732,National Account,Midwest,EDI,6,3992.32,60,112,34,0.106,0,,0
INV-202371,C1416,Independent,Midwest,EDI,5,952.94,30,7,5,0.017,0,,0
INV-202372,C1524,National Account,Midwest,Phone,8,23432.96,45,36,20,0.19,0,,0
INV-202373,C1833,Independent,South,Web Portal,2,1853.36,30,44,8,0.002,0,,0
INV-202374,C1331,Independent,West,EDI,4,4319.37,30,14,5,0.041,0,,0
INV-202375,C1181,Regional,West,Phone,9,5749.71,45,58,14,0.123,0,,0
INV-202376,C1004,National Account,Midwest,Sales Rep,1,4355.57,45,140,33,0.202,0,,0
INV-202377,C1596,Regional,Northeast,Phone,11,25193.49,60,17,5,0.097,0,,0
INV-202378,C1442,National Account,West,Sales Rep,5,3337.74,60,45,24,0.0,0,,0
INV-202379,C1401,Regional,South,Phone,9,5137.42,30,21,10,0.304,0,60.0,1
INV-202380,C1711,Regional,Midwest,Web Portal,7,2512.79,30,13,12,0.301,0,,0
INV-202381,C1332,National Account,Midwest,EDI,1,25428.65,60,14,24,0.077,0,,0
INV-202382,C1694,National Account,South,Web Portal,8,5014.28,60,85,23,0.178,0,,0
INV-202383,C1134,National Account,South,EDI,1,6584.99,60,43,23,0.256,1,83.0,1
INV-202384,C1076,Independent,West,Sales Rep,5,645.98,30,39,13,0.106,0,,0
INV-202385,C1516,Independent,Midwest,Phone,12,4211.3,30,14,8,0.121,0,,0
INV-202386,C1213,Regional,South,Sales Rep,2,6936.19,30,79,10,0.149,0,,0
INV-202387,C1521,Independent,South,Phone,5,182.3,30,2,16,0.111,0,,0
INV-202388,C1830,Regional,South,Web Portal,4,2614.95,45,21,17,0.184,0,,0
INV-202389,C1532,Regional,South,Phone,9,6285.93,30,19,10,0.264,0,53.0,1
INV-202390,C1762,National Account,Midwest,Sales Rep,11,14518.0,45,36,16,0.022,0,,0
INV-202391,C1627,Regional,South,EDI,1,2702.76,60,29,10,0.067,0,,0
INV-202392,C1632,Regional,Midwest,EDI,5,535.38,30,48,14,0.101,0,,0
INV-202393,C1097,National Account,Midwest,Sales Rep,6,15001.38,60,32,19,0.046,0,,0
INV-202394,C1551,Regional,Northeast,EDI,6,4063.27,45,97,11,0.077,0,,0
INV-202395,C1217,National Account,Midwest,Sales Rep,9,4104.04,45,134,34,0.032,0,,0
INV-202396,C1599,Regional,West,Sales Rep,7,1731.74,30,69,10,0.023,0,,0
INV-202397,C1299,National Account,Midwest,Phone,8,8897.41,45,31,25,0.421,0,,0
INV-202398,C1071,Regional,Northeast,Phone,4,30975.5,30,48,13,0.213,0,,0
INV-202399,C1710,National Account,West,Web Portal,1,3989.19,45,54,20,0.0,0,,0
INV-202400,C1565,National Account,West,EDI,8,12253.03,60,28,24,0.109,0,,0
INV-202401,C1749,Independent,South,Sales Rep,12,1028.63,30,28,11,0.024,0,,0
INV-202402,C1751,National Account,South,Web Portal,4,19353.28,60,60,24,0.044,0,85.0,0
INV-202403,C1570,Independent,Northeast,Phone,7,5090.35,30,9,8,0.131,0,,0
INV-202404,C1733,Regional,Northeast,Web Portal,4,2754.4,45,16,10,0.032,0,,0
INV-202405,C1552,National Account,South,Sales Rep,11,16205.6,60,18,32,0.281,0,,0
INV-202406,C1603,National Account,South,Phone,4,11786.1,30,122,25,0.173,0,,0
INV-202407,C1047,Independent,Northeast,EDI,10,1752.48,30,2,10,0.016,0,,0
INV-202408,C1431,Regional,South,Sales Rep,2,2968.15,30,41,14,0.312,0,,0
INV-202409,C1228,National Account,Midwest,Web Portal,9,10847.93,60,12,19,0.478,0,,0
INV-202410,C1688,Regional,Midwest,Phone,10,2357.57,45,133,13,0.049,0,,0
INV-202411,C1587,National Account,South,Web Portal,10,2652.34,45,24,23,0.016,0,,0
INV-202412,C1141,Regional,Midwest,EDI,3,3782.41,45,18,6,0.261,0,,0
INV-202413,C1787,National Account,Midwest,Sales Rep,3,36484.67,60,103,24,0.23,0,,0
INV-202414,C1213,Regional,Midwest,Sales Rep,6,2319.04,45,79,13,0.175,0,,0
INV-202415,C1201,Independent,South,Sales Rep,4,1796.05,30,51,6,0.321,0,,0
INV-202416,C1238,National Account,South,EDI,7,3105.36,60,201,23,0.138,0,,0
INV-202417,C1501,Independent,Midwest,EDI,7,5392.25,60,31,10,0.139,0,,1
INV-202418,C1077,Regional,West,Sales Rep,5,3254.37,30,39,14,0.127,0,,0
INV-202419,C1397,National Account,Northeast,EDI,8,4379.06,45,54,23,0.0,0,,0
INV-202420,C1811,Regional,West,Sales Rep,4,2970.21,30,7,9,0.179,0,52.0,1
INV-202421,C1638,Independent,South,EDI,3,3759.29,30,32,8,0.217,0,,0
INV-202422,C1749,Independent,Midwest,Web Portal,2,1073.85,45,28,5,0.08,0,,0
INV-202423,C1017,Independent,Midwest,Sales Rep,7,8935.85,30,15,14,0.119,0,,0
INV-202424,C1062,Regional,South,Phone,7,11585.96,45,43,6,0.087,0,,0
INV-202425,C1819,Regional,South,Phone,12,3027.41,60,69,9,0.243,0,,0
INV-202426,C1180,Independent,Northeast,Sales Rep,2,4189.0,45,21,16,0.104,0,,0
INV-202427,C1084,National Account,West,Web Portal,2,7917.8,60,258,20,0.0,0,,0
INV-202428,C1827,National Account,Midwest,Web Portal,7,14776.88,60,73,17,0.238,0,,0
INV-202429,C1136,Independent,West,Web Portal,4,998.82,30,2,17,0.136,0,,0
INV-202430,C1660,Independent,Northeast,Web Portal,9,2513.14,30,11,15,0.0,0,,0
INV-202431,C1599,Regional,Midwest,Sales Rep,4,3756.66,30,69,12,0.0,0,,0
INV-202432,C1196,National Account,Northeast,Web Portal,3,7980.07,60,28,25,0.147,0,,0
INV-202433,C1304,Independent,Midwest,EDI,7,8601.59,30,12,9,0.2,0,84.0,1
INV-202434,C1210,Regional,West,Sales Rep,11,2551.6,30,20,12,0.145,0,,0
INV-202435,C1414,Independent,South,Sales Rep,7,505.3,30,6,5,0.623,0,,0
INV-202436,C1522,National Account,West,Sales Rep,5,22912.99,30,5,23,0.133,0,,0
INV-202437,C1576,Regional,Northeast,Sales Rep,5,9194.88,30,18,13,0.255,0,,0
INV-202438,C1568,National Account,West,EDI,10,3657.77,30,79,20,0.037,0,,0
INV-202439,C1157,National Account,Midwest,Phone,4,11469.35,60,138,19,0.0,0,,0
INV-202440,C1308,Regional,Northeast,Phone,12,763.12,30,18,15,0.078,0,,0
INV-202441,C1064,Regional,West,Web Portal,2,1961.17,30,54,15,0.258,0,,0
INV-202442,C1803,National Account,Midwest,EDI,5,5174.61,60,32,27,0.004,0,,0
INV-202443,C1163,National Account,South,Sales Rep,5,14921.73,30,48,22,0.157,0,,0
INV-202444,C1049,Independent,Northeast,Web Portal,8,2976.27,45,13,5,0.162,0,,0
INV-202445,C1745,Regional,West,EDI,8,611.67,45,73,7,0.051,0,,0
INV-202446,C1091,National Account,Midwest,Web Portal,7,2311.53,60,111,24,0.061,0,,0
INV-202447,C1573,National Account,South,Web Portal,11,59993.05,60,63,23,0.0,0,,0
INV-202448,C1535,National Account,Northeast,Phone,5,78154.99,60,55,30,0.198,0,,0
INV-202449,C1070,Independent,South,Web Portal,7,2954.64,45,13,13,0.37,0,,0
INV-202450,C1278,Regional,South,EDI,10,7423.53,30,33,13,0.137,0,,0
INV-202451,C1688,Regional,South,Web Portal,1,2134.28,30,133,10,0.045,0,,0
INV-202452,C1763,Regional,Midwest,Web Portal,11,1031.57,45,53,14,0.208,0,,0
INV-202453,C1186,National Account,Northeast,Phone,1,30624.25,60,69,26,0.063,0,,0
INV-202454,C1724,Independent,West,Sales Rep,10,4691.08,30,28,3,0.223,0,,0
INV-202455,C1376,Independent,South,Sales Rep,4,4256.37,45,4,15,0.288,0,,0
INV-202456,C1255,National Account,Northeast,EDI,12,9926.34,45,86,26,0.0,0,,0
INV-202457,C1721,Regional,South,Sales Rep,8,1687.65,45,39,13,0.0,0,,0
INV-202458,C1789,Independent,Midwest,Sales Rep,4,3041.54,30,27,10,0.201,0,,0
INV-202459,C1668,Independent,South,EDI,10,773.08,30,30,9,0.229,0,,0
INV-202460,C1766,Independent,West,Phone,11,10666.97,45,28,9,0.058,0,,0
INV-202461,C1235,Regional,Midwest,EDI,11,9938.01,60,31,10,0.237,0,,0
INV-202462,C1381,Regional,Northeast,EDI,7,1739.43,30,92,15,0.166,0,,0
INV-202463,C1096,Independent,Northeast,Web Portal,4,1422.97,45,15,8,0.102,0,,0
INV-202464,C1731,Independent,West,EDI,12,2977.06,30,10,15,0.133,0,,0
INV-202465,C1474,Regional,South,Sales Rep,8,2266.46,30,25,11,0.087,0,,0
INV-202466,C1714,Regional,South,Web Portal,5,1400.99,30,39,13,0.032,0,,0
INV-202467,C1156,Independent,Northeast,EDI,7,1864.3,45,29,7,0.179,0,,0
INV-202468,C1782,Independent,West,Sales Rep,2,1029.19,30,10,6,0.357,0,,0
INV-202469,C1482,Regional,West,Sales Rep,12,3094.77,60,68,8,0.124,0,,0
INV-202470,C1343,Regional,West,Phone,5,5104.94,30,38,11,0.391,0,,0
INV-202471,C1106,National Account,Northeast,EDI,2,5400.96,60,46,24,0.142,0,,0
INV-202472,C1599,Regional,Northeast,Web Portal,11,6000.04,60,69,7,0.015,0,,0
INV-202473,C1066,Regional,West,Web Portal,1,2209.69,30,38,12,0.296,0,,0
INV-202474,C1729,Regional,South,Phone,4,7739.81,30,9,5,0.007,0,52.0,1
INV-202475,C1375,National Account,Midwest,Web Portal,6,1716.28,60,39,25,0.541,0,,0
INV-202476,C1091,National Account,Midwest,Sales Rep,2,11895.05,30,111,24,0.081,0,,0
INV-202477,C1779,Regional,Midwest,Sales Rep,5,1207.25,60,17,12,0.255,0,,0
INV-202478,C1167,Regional,West,Web Portal,3,5601.1,45,29,3,0.013,0,,0
INV-202479,C1671,National Account,Midwest,Phone,1,2210.08,60,231,17,0.0,0,,0
INV-202480,C1412,Independent,West,Sales Rep,8,14067.28,30,40,8,0.069,0,,0
INV-202481,C1456,Regional,West,Web Portal,12,9845.05,60,11,10,0.194,0,,0
INV-202482,C1606,National Account,South,EDI,2,8009.73,60,195,23,0.188,0,,0
INV-202483,C1261,Regional,Midwest,Web Portal,9,3322.91,30,33,13,0.151,0,,0
INV-202484,C1840,Regional,South,Sales Rep,10,18070.85,30,38,12,0.057,0,,0
INV-202485,C1301,National Account,West,EDI,11,6601.78,45,199,12,0.0,0,,0
INV-202486,C1463,National Account,South,Web Portal,7,5259.37,45,90,20,0.131,0,,0
INV-202487,C1264,Independent,Midwest,Sales Rep,3,1728.88,30,20,14,0.296,0,68.0,0
INV-202488,C1131,Regional,West,Web Portal,6,3503.86,45,56,7,0.108,0,,0
INV-202489,C1297,National Account,Midwest,Phone,5,9812.16,45,77,18,0.144,0,,0
INV-202490,C1005,National Account,Northeast,Web Portal,10,9096.82,60,34,26,0.0,0,,0
INV-202491,C1566,National Account,Midwest,Phone,5,13585.57,45,58,16,0.092,0,,0
INV-202492,C1527,Independent,South,EDI,8,5882.91,30,13,6,0.0,0,,0
INV-202493,C1019,National Account,South,Sales Rep,9,23098.25,60,43,15,0.316,0,,0
INV-202494,C1312,National Account,South,Web Portal,9,51421.52,45,104,24,0.219,0,,0
INV-202495,C1126,Independent,South,Web Portal,10,2096.24,45,24,10,0.35,0,98.0,1
INV-202496,C1516,Independent,Midwest,Phone,8,1135.32,30,14,15,0.203,0,,0
INV-202497,C1150,National Account,Midwest,Web Portal,12,1235.83,60,35,29,0.06,0,,0
INV-202498,C1637,Independent,South,EDI,4,1252.46,30,13,8,0.281,1,83.0,1
INV-202499,C1846,Independent,South,Web Portal,5,1680.32,30,23,13,0.121,0,,0
INV-202500,C1273,Regional,Northeast,Sales Rep,6,1065.42,30,21,15,0.23,0,,0
INV-202501,C1520,Regional,Midwest,Web Portal,5,1538.55,30,23,13,0.126,0,,0
INV-202502,C1761,Regional,West,Phone,2,3095.97,30,50,8,0.027,0,,0
INV-202503,C1491,Independent,Midwest,Phone,12,5339.63,30,34,12,0.094,0,,0
INV-202504,C1163,National Account,Midwest,Sales Rep,11,7166.35,30,48,26,0.22,0,,0
INV-202505,C1345,Independent,Midwest,EDI,3,2170.62,30,47,10,0.257,0,,0
INV-202506,C1297,National Account,West,Phone,6,7461.45,45,77,20,0.0,0,,0
INV-202507,C1505,National Account,Midwest,Web Portal,6,9849.6,45,68,22,0.122,0,,0
INV-202508,C1589,Independent,West,Web Portal,2,7044.49,60,16,18,0.132,0,,0
INV-202509,C1512,Regional,Midwest,Phone,3,15204.06,60,47,15,0.074,0,,0
INV-202510,C1532,Regional,Northeast,Phone,10,5492.02,30,19,9,0.181,0,,0
INV-202511,C1722,Regional,Northeast,Web Portal,3,44748.6,60,30,9,0.171,0,80.0,1
INV-202512,C1275,Regional,South,Sales Rep,5,9351.71,30,45,14,0.175,0,,0
INV-202513,C1275,Regional,South,Phone,9,20537.47,30,45,13,0.088,0,,0
INV-202514,C1315,Regional,Midwest,Sales Rep,1,38504.61,45,38,13,0.077,0,,0
INV-202515,C1583,National Account,South,Phone,3,12734.01,30,103,20,0.117,0,,0
INV-202516,C1261,Regional,South,Sales Rep,1,1781.61,30,33,10,0.106,0,,0
INV-202517,C1723,Independent,South,Sales Rep,11,1435.75,30,8,14,0.023,0,,0
INV-202518,C1250,Regional,Midwest,Phone,9,5373.51,45,101,18,0.057,0,,0
INV-202519,C1388,Regional,Midwest,Web Portal,6,6244.28,45,35,11,0.005,0,,0
INV-202520,C1157,National Account,Midwest,Web Portal,12,14972.8,45,138,20,0.231,0,,0
INV-202521,C1559,National Account,West,Phone,1,27543.08,45,11,20,0.124,0,98.0,1
INV-202522,C1220,National Account,Midwest,Web Portal,1,5791.99,60,29,25,0.241,0,,0
INV-202523,C1666,Regional,West,EDI,12,3146.36,30,103,8,0.327,0,,0
INV-202524,C1394,National Account,South,Web Portal,7,18635.51,60,93,27,0.05,0,96.0,1
INV-202525,C1733,Regional,Midwest,EDI,5,4920.09,30,16,15,0.217,0,,0
INV-202526,C1727,Regional,Midwest,EDI,2,1163.6,30,37,8,0.117,1,,0
INV-202527,C1215,Regional,Midwest,Web Portal,8,2603.69,45,33,6,0.015,0,,0
INV-202528,C1768,National Account,Northeast,EDI,7,11998.56,45,109,12,0.009,0,,0
INV-202529,C1084,National Account,Midwest,Web Portal,8,16207.46,60,258,24,0.0,0,,0
INV-202530,C1157,National Account,Northeast,EDI,9,10050.33,60,138,23,0.179,0,,0
INV-202531,C1274,National Account,South,Sales Rep,8,21692.09,60,33,32,0.177,0,,0
INV-202532,C1397,National Account,Midwest,Sales Rep,3,12170.44,45,54,19,0.0,0,,0
INV-202533,C1160,Regional,Midwest,Sales Rep,5,13179.26,30,18,8,0.097,0,,0
INV-202534,C1492,National Account,Midwest,EDI,6,984.77,45,102,32,0.114,0,,0
INV-202535,C1468,Independent,South,Phone,5,2102.85,30,11,9,0.0,0,,0
INV-202536,C1497,National Account,South,Web Portal,8,21369.0,45,137,28,0.0,0,,0
INV-202537,C1662,Independent,Northeast,Sales Rep,8,2445.63,45,39,12,0.15,0,,0
INV-202538,C1419,National Account,Northeast,Sales Rep,6,4397.46,60,31,21,0.165,0,,0
INV-202539,C1701,National Account,Northeast,Sales Rep,3,3626.03,30,61,14,0.283,0,,0
INV-202540,C1697,Regional,Midwest,Sales Rep,2,2618.84,30,85,7,0.095,0,,0
INV-202541,C1815,Independent,Midwest,EDI,1,2056.5,30,17,11,0.435,0,,0
INV-202542,C1272,Regional,West,Sales Rep,10,8675.38,60,41,13,0.151,0,,0
INV-202543,C1394,National Account,Midwest,Phone,9,11032.58,60,93,24,0.282,1,,0
INV-202544,C1797,Regional,South,Sales Rep,5,2294.42,60,60,10,0.191,0,,0
INV-202545,C1097,National Account,West,Sales Rep,9,2202.89,45,32,19,0.0,0,,0
INV-202546,C1492,National Account,South,Web Portal,7,1251.31,45,102,19,0.104,1,,0
INV-202547,C1835,Regional,South,Web Portal,6,5784.09,30,74,12,0.019,0,,0
INV-202548,C1403,Independent,Midwest,Web Portal,6,2191.39,30,52,7,0.137,0,,0
INV-202549,C1794,National Account,South,Web Portal,3,9184.15,30,50,27,0.014,0,,0
INV-202550,C1834,Regional,Midwest,EDI,11,1542.1,45,101,6,0.021,0,,0
INV-202551,C1378,Independent,South,Phone,10,8218.93,45,79,13,0.225,0,83.0,1
INV-202552,C1560,Regional,Midwest,EDI,12,1894.62,45,125,9,0.019,0,,0
INV-202553,C1596,Regional,West,Web Portal,6,2263.0,30,17,9,0.173,0,,0
INV-202554,C1217,National Account,West,Sales Rep,6,5734.04,45,134,19,0.013,1,,0
INV-202555,C1220,National Account,South,Sales Rep,11,14544.92,45,29,33,0.0,0,,0
INV-202556,C1506,Independent,Northeast,Phone,6,1054.54,30,4,7,0.188,0,,0
INV-202557,C1620,Regional,Midwest,Sales Rep,11,4334.93,30,30,11,0.03,0,,0
INV-202558,C1449,National Account,Northeast,Phone,2,1276.53,60,192,25,0.037,0,,0
INV-202559,C1451,Regional,Midwest,Web Portal,1,1814.97,45,128,12,0.102,0,,0
INV-202560,C1464,Independent,Midwest,Sales Rep,3,28569.41,30,11,11,0.214,0,,0
INV-202561,C1127,Regional,Midwest,Sales Rep,1,3440.77,30,19,14,0.102,0,,0
INV-202562,C1806,Independent,Northeast,Sales Rep,7,754.92,30,14,17,0.162,0,,0
INV-202563,C1280,Independent,Midwest,Web Portal,5,563.55,30,10,10,0.216,0,,0
INV-202564,C1237,National Account,South,Sales Rep,3,12973.59,45,55,29,0.0,0,,0
INV-202565,C1699,National Account,South,Sales Rep,7,38501.54,60,49,28,0.0,0,,0
INV-202566,C1629,Regional,West,EDI,11,4329.33,45,15,9,0.084,0,,0
INV-202567,C1027,Regional,West,EDI,8,2185.44,45,38,15,0.0,0,,0
INV-202568,C1375,National Account,Midwest,EDI,4,9624.66,45,39,20,0.05,0,,0
INV-202569,C1640,Independent,Midwest,EDI,2,2829.11,30,14,13,0.252,0,,0
INV-202570,C1662,Independent,South,EDI,6,1583.39,30,39,9,0.193,0,,0
INV-202571,C1080,Independent,West,Web Portal,3,5643.3,30,32,10,0.165,0,,0
INV-202572,C1622,Regional,Midwest,Sales Rep,7,4705.54,30,43,13,0.0,0,,0
INV-202573,C1314,Independent,Northeast,Web Portal,12,2558.85,30,47,8,0.12,0,,0
INV-202574,C1015,Regional,South,EDI,5,8360.6,45,20,8,0.213,0,,0
INV-202575,C1180,Independent,Midwest,Sales Rep,9,3415.58,30,21,13,0.128,1,,0
INV-202576,C1110,Independent,Midwest,Phone,11,1498.11,60,17,9,0.103,0,84.0,1
INV-202577,C1487,Regional,Midwest,Web Portal,11,4528.97,45,74,11,0.061,0,81.0,1
INV-202578,C1295,Independent,South,Sales Rep,8,6175.55,30,31,17,0.044,0,,0
INV-202579,C1686,Independent,Northeast,Web Portal,9,1368.4,30,2,5,0.075,0,,0
INV-202580,C1633,Independent,Midwest,Web Portal,7,1475.29,30,31,6,0.062,0,,0
INV-202581,C1049,Independent,Midwest,Web Portal,2,16720.46,45,13,7,0.114,0,,0
INV-202582,C1239,Regional,West,Sales Rep,1,1162.94,30,63,15,0.095,1,,0
INV-202583,C1400,National Account,West,Phone,1,6628.51,45,89,26,0.015,0,,0
INV-202584,C1224,Regional,South,Web Portal,5,2497.49,60,47,11,0.22,0,,0
INV-202585,C1803,National Account,Midwest,EDI,1,4304.85,45,32,23,0.126,0,,0
INV-202586,C1419,National Account,Midwest,Web Portal,6,3188.1,45,31,22,0.062,0,,0
INV-202587,C1337,Regional,South,EDI,12,7503.46,30,20,15,0.192,0,,0
INV-202588,C1154,Regional,South,Sales Rep,2,1302.24,60,5,13,0.0,1,,0
INV-202589,C1214,Independent,Northeast,EDI,10,29141.9,30,11,11,0.157,0,74.0,1
INV-202590,C1097,National Account,Midwest,Web Portal,12,29611.41,45,32,35,0.025,0,,0
INV-202591,C1841,Independent,Midwest,Sales Rep,3,6286.05,45,5,7,0.066,0,,0
INV-202592,C1520,Regional,South,EDI,2,3482.89,30,23,8,0.341,0,,0
INV-202593,C1097,National Account,Midwest,Phone,3,1120.92,60,32,21,0.0,0,,0
INV-202594,C1260,National Account,South,Phone,2,13662.9,45,11,35,0.169,0,,0
INV-202595,C1612,National Account,Midwest,Phone,10,2677.3,45,56,19,0.171,0,,0
INV-202596,C1019,National Account,South,Web Portal,2,7425.27,45,43,19,0.021,0,,0
INV-202597,C1845,Independent,Midwest,Web Portal,2,469.26,30,4,7,0.19,0,,0
INV-202598,C1427,National Account,Midwest,Sales Rep,8,13382.53,60,71,23,0.0,0,,0
INV-202599,C1352,National Account,South,EDI,12,19801.07,60,35,16,0.129,0,,0
INV-202600,C1609,Independent,Midwest,Phone,3,4467.24,30,8,10,0.015,0,,0
INV-202601,C1689,National Account,West,Sales Rep,5,7629.5,30,41,24,0.327,1,77.0,1
INV-202602,C1698,National Account,West,EDI,4,2946.4,45,49,27,0.0,0,,0
INV-202603,C1768,National Account,South,Phone,3,4075.58,30,109,19,0.0,0,,0
INV-202604,C1082,Independent,South,Web Portal,6,3118.21,30,26,9,0.165,0,,0
INV-202605,C1457,Regional,Midwest,Sales Rep,3,2255.96,45,10,5,0.184,0,,0
INV-202606,C1601,National Account,Midwest,Phone,9,10844.26,45,17,27,0.0,0,,0
INV-202607,C1023,National Account,Midwest,Sales Rep,1,12674.55,45,33,20,0.31,0,,0
INV-202608,C1120,National Account,South,EDI,7,14428.95,60,62,19,0.173,0,92.0,1
INV-202609,C1079,Regional,South,EDI,2,13686.55,30,147,12,0.078,0,,0
INV-202610,C1427,National Account,Midwest,Web Portal,12,20031.18,45,71,28,0.0,0,,0
INV-202611,C1772,Independent,South,Sales Rep,7,2565.27,30,41,10,0.063,0,,0
INV-202612,C1564,National Account,South,Sales Rep,12,17460.8,45,113,28,0.051,0,,0
INV-202613,C1332,National Account,South,Phone,5,25986.89,60,14,31,0.247,0,,0
INV-202614,C1084,National Account,Midwest,EDI,8,44879.09,45,258,24,0.086,0,,0
INV-202615,C1457,Regional,West,Sales Rep,1,12078.83,45,10,10,0.345,0,,0
INV-202616,C1232,Independent,Midwest,EDI,5,1566.68,30,4,7,0.268,0,,0
INV-202617,C1827,National Account,South,Sales Rep,4,4700.47,30,73,17,0.08,0,,0
INV-202618,C1635,Independent,West,Web Portal,5,1679.15,30,11,13,0.037,0,,0
INV-202619,C1236,National Account,South,Sales Rep,11,5515.99,45,36,20,0.126,0,,0
INV-202620,C1218,National Account,Midwest,Phone,4,1021.42,45,43,28,0.0,0,,0
INV-202621,C1818,National Account,Midwest,Phone,1,18619.47,30,113,26,0.261,0,,0
INV-202622,C1135,Regional,South,Sales Rep,6,1176.3,60,86,12,0.066,0,,0
INV-202623,C1796,Independent,South,Sales Rep,1,1385.63,45,24,14,0.023,0,,0
INV-202624,C1618,Independent,West,Sales Rep,4,4649.38,30,60,4,0.075,0,,0
INV-202625,C1223,Independent,West,Sales Rep,11,6788.81,30,22,8,0.188,0,,0
INV-202626,C1472,Regional,South,EDI,3,2446.32,30,66,11,0.368,0,,0
INV-202627,C1306,National Account,Midwest,Web Portal,9,49281.9,60,20,26,0.0,0,,0
INV-202628,C1447,Independent,Midwest,Web Portal,6,1117.42,30,13,6,0.243,0,,0
INV-202629,C1512,Regional,West,EDI,10,2833.97,30,47,15,0.221,0,,0
INV-202630,C1217,National Account,South,EDI,10,13771.05,60,134,26,0.251,0,,0
INV-202631,C1161,Regional,West,Phone,6,812.08,45,108,11,0.141,0,,0
INV-202632,C1417,Regional,Midwest,EDI,12,5146.98,60,4,10,0.023,0,,0
INV-202633,C1443,Regional,South,Sales Rep,4,8267.62,30,54,8,0.161,0,,0
INV-202634,C1321,Independent,Midwest,Sales Rep,11,983.68,45,6,16,0.25,0,,0
INV-202635,C1838,Regional,West,EDI,5,1470.55,30,14,9,0.306,0,82.0,1
INV-202636,C1346,Regional,Northeast,EDI,4,8131.87,30,52,15,0.091,0,,0
INV-202637,C1091,National Account,Northeast,Web Portal,12,17050.19,45,111,19,0.104,0,,0
INV-202638,C1114,Independent,Northeast,EDI,2,638.0,30,10,12,0.059,0,,0
INV-202639,C1277,Independent,Northeast,EDI,6,6025.8,30,10,9,0.161,0,,0
INV-202640,C1161,Regional,Midwest,Web Portal,5,3895.66,45,108,5,0.163,0,,0
INV-202641,C1503,Regional,Midwest,Phone,9,2207.61,30,42,17,0.196,0,,0
INV-202642,C1810,Independent,Northeast,Web Portal,8,5948.12,45,42,7,0.204,0,,0
INV-202643,C1610,Regional,West,EDI,7,1860.04,30,22,9,0.009,0,,0
INV-202644,C1122,Regional,West,Sales Rep,5,6113.27,30,18,10,0.147,0,,0
INV-202645,C1451,Regional,Northeast,Phone,3,6207.34,30,128,10,0.312,0,78.0,1
INV-202646,C1804,Independent,Northeast,Sales Rep,9,1239.53,30,31,6,0.127,0,,0
INV-202647,C1204,Independent,Midwest,Phone,1,11347.94,45,2,11,0.132,0,66.0,1
INV-202648,C1004,National Account,Midwest,Phone,10,9897.96,60,140,25,0.103,0,,0
INV-202649,C1152,Independent,Northeast,Phone,10,1208.77,30,9,11,0.211,0,,0
INV-202650,C1760,Regional,South,Sales Rep,11,2500.45,30,55,10,0.003,0,,0
INV-202651,C1651,Regional,Midwest,Sales Rep,10,5679.28,30,33,12,0.184,0,,0
INV-202652,C1642,Regional,South,Sales Rep,6,3624.46,30,47,10,0.104,0,,0
INV-202653,C1699,National Account,South,EDI,1,9187.79,45,49,25,0.26,0,,0
INV-202654,C1689,National Account,Midwest,EDI,5,32677.03,60,41,17,0.247,0,,0
INV-202655,C1568,National Account,West,Web Portal,9,15269.06,45,79,21,0.213,0,,0
INV-202656,C1402,National Account,South,Web Portal,1,2068.06,60,66,27,0.151,0,,0
INV-202657,C1532,Regional,Northeast,EDI,1,1738.26,45,19,18,0.287,0,,0
INV-202658,C1442,National Account,Northeast,Sales Rep,3,13317.38,30,45,21,0.064,0,,0
INV-202659,C1694,National Account,Midwest,EDI,7,9581.16,60,85,32,0.086,0,,0
INV-202660,C1565,National Account,Midwest,Web Portal,3,8732.59,45,28,27,0.045,0,,0
INV-202661,C1428,National Account,Northeast,EDI,8,1970.59,60,19,21,0.0,0,,0
INV-202662,C1695,Regional,Midwest,EDI,12,1893.44,30,72,9,0.0,0,,0
INV-202663,C1016,Independent,South,Web Portal,10,1975.51,30,15,7,0.096,0,,0
INV-202664,C1849,Regional,Northeast,EDI,10,3256.71,30,34,7,0.1,0,,0
INV-202665,C1526,National Account,Northeast,Web Portal,4,6218.86,30,14,28,0.055,0,,0
INV-202666,C1422,Independent,Midwest,Phone,5,2685.04,30,20,8,0.182,0,,0
INV-202667,C1454,Regional,Midwest,Phone,8,969.62,30,71,12,0.266,0,,0
INV-202668,C1780,Regional,Northeast,Web Portal,2,4870.67,60,54,4,0.123,0,,0
INV-202669,C1733,Regional,Northeast,Web Portal,10,4353.83,45,16,14,0.033,0,,0
INV-202670,C1691,Independent,Northeast,Sales Rep,12,510.05,30,8,10,0.145,0,,0
INV-202671,C1692,National Account,Northeast,Web Portal,10,6553.57,45,42,29,0.052,0,,0
INV-202672,C1446,National Account,South,Sales Rep,12,6069.53,60,78,22,0.207,1,,0
INV-202673,C1102,Independent,Midwest,Web Portal,7,799.7,30,20,8,0.137,0,,0
INV-202674,C1115,National Account,Midwest,Sales Rep,2,4187.4,60,48,22,0.129,0,,0
INV-202675,C1497,National Account,West,EDI,2,9385.08,30,137,20,0.0,0,,0
INV-202676,C1437,National Account,West,Web Portal,11,14972.84,45,20,28,0.243,0,,0
INV-202677,C1248,National Account,West,Sales Rep,5,122537.81,30,47,19,0.0,0,80.0,1
INV-202678,C1386,National Account,Midwest,Sales Rep,11,3207.8,60,111,29,0.013,0,,0
INV-202679,C1624,Regional,South,Web Portal,6,4758.37,30,25,9,0.118,0,,0
INV-202680,C1068,Regional,South,Web Portal,5,2377.87,60,55,8,0.158,0,,0
INV-202681,C1714,Regional,South,EDI,4,1047.07,30,39,11,0.063,0,,0
INV-202682,C1654,Independent,Midwest,Sales Rep,11,1134.9,30,11,6,0.082,0,,0
INV-202683,C1794,National Account,Midwest,Sales Rep,8,8052.06,45,50,24,0.0,0,,0
INV-202684,C1250,Regional,West,EDI,10,2206.54,45,101,9,0.303,0,,0
INV-202685,C1741,National Account,Northeast,Web Portal,3,4264.69,45,93,24,0.006,0,,0
INV-202686,C1370,Regional,West,Web Portal,2,4422.9,30,68,7,0.078,0,83.0,1
INV-202687,C1030,Regional,West,Web Portal,2,19319.15,45,15,7,0.106,0,,0
INV-202688,C1687,Regional,Northeast,Sales Rep,7,985.04,30,57,7,0.403,0,,0
INV-202689,C1237,National Account,West,EDI,3,25062.96,60,55,28,0.044,0,,0
INV-202690,C1308,Regional,South,Web Portal,5,2170.93,60,18,8,0.0,0,,0
INV-202691,C1100,Regional,Midwest,Web Portal,9,5668.98,60,31,12,0.0,0,,0
INV-202692,C1063,Independent,South,Web Portal,5,432.36,45,28,4,0.09,0,,0
INV-202693,C1137,Regional,Northeast,Web Portal,10,2802.42,30,51,8,0.385,0,,0
INV-202694,C1334,National Account,Midwest,EDI,7,53027.45,60,103,23,0.239,0,,0
INV-202695,C1221,Independent,Northeast,EDI,9,963.29,30,15,8,0.139,0,,0
INV-202696,C1094,Independent,Northeast,Sales Rep,11,7719.07,30,28,9,0.259,0,84.0,1
INV-202697,C1196,National Account,West,Sales Rep,4,47104.92,60,28,18,0.041,0,,0
INV-202698,C1714,Regional,South,Sales Rep,6,3423.43,45,39,11,0.471,0,,0
INV-202699,C1084,National Account,South,Phone,1,1539.7,45,258,23,0.0,0,,0
INV-202700,C1640,Independent,Northeast,Web Portal,8,2254.04,30,14,11,0.154,0,,0
INV-202701,C1577,Independent,Midwest,Sales Rep,9,2042.33,30,13,5,0.203,0,,0
INV-202702,C1838,Regional,Midwest,EDI,6,20409.61,45,14,11,0.261,0,,0
INV-202703,C1464,Independent,Northeast,Sales Rep,3,5817.25,30,11,8,0.183,0,,0
INV-202704,C1595,Regional,West,EDI,9,10828.34,60,17,8,0.28,0,,0
INV-202705,C1261,Regional,South,Phone,9,9847.6,45,33,13,0.159,0,63.0,1
INV-202706,C1732,National Account,South,Sales Rep,11,3617.13,45,112,21,0.108,1,,0
INV-202707,C1316,Regional,Midwest,EDI,3,6476.95,30,44,7,0.142,0,,0
INV-202708,C1848,Independent,Northeast,Sales Rep,12,1718.92,30,26,6,0.101,0,,0
INV-202709,C1217,National Account,West,Web Portal,4,28799.32,45,134,20,0.029,0,,0
INV-202710,C1106,National Account,South,Sales Rep,2,5568.22,30,46,24,0.047,0,,0
INV-202711,C1427,National Account,Northeast,Sales Rep,7,7340.96,60,71,22,0.165,0,,0
INV-202712,C1249,Regional,West,EDI,6,5209.04,30,46,9,0.099,0,56.0,0
INV-202713,C1334,National Account,West,Web Portal,9,15249.65,60,103,21,0.168,0,,0
INV-202714,C1694,National Account,West,Phone,8,5348.64,60,85,31,0.03,0,,0
INV-202715,C1061,Regional,South,Web Portal,5,8147.53,30,30,9,0.173,0,,0
INV-202716,C1218,National Account,Midwest,Web Portal,3,22725.86,45,43,26,0.057,0,,0
INV-202717,C1249,Regional,Midwest,Sales Rep,5,30695.37,45,46,9,0.0,1,,0
INV-202718,C1100,Regional,South,Sales Rep,7,3683.55,30,31,7,0.26,0,,0
INV-202719,C1002,Regional,Midwest,Sales Rep,3,4153.4,30,56,13,0.231,0,,0
INV-202720,C1279,Independent,Midwest,Web Portal,11,3605.06,30,17,10,0.276,0,,0
INV-202721,C1027,Regional,Northeast,EDI,9,5955.64,30,38,9,0.071,0,,0
INV-202722,C1601,National Account,Northeast,Sales Rep,5,20225.51,45,17,23,0.012,0,,0
INV-202723,C1047,Independent,Midwest,Web Portal,6,1381.47,30,2,11,0.05,0,,0
INV-202724,C1071,Regional,Northeast,Web Portal,12,10230.7,30,48,10,0.106,0,,0
INV-202725,C1153,Regional,Northeast,Web Portal,1,1088.39,45,80,9,0.299,0,,0
INV-202726,C1563,Independent,Northeast,Sales Rep,3,1674.18,30,17,9,0.028,0,,0
INV-202727,C1114,Independent,Northeast,Web Portal,2,5703.88,45,10,12,0.309,1,,0
INV-202728,C1735,Independent,Northeast,Phone,4,1061.36,30,11,7,0.223,0,,0
INV-202729,C1837,Independent,South,Web Portal,12,2733.23,30,30,15,0.063,1,,0
INV-202730,C1535,National Account,South,Sales Rep,3,6164.58,60,55,28,0.111,0,,0
INV-202731,C1503,Regional,West,EDI,5,1007.96,45,42,13,0.1,0,,0
INV-202732,C1541,Independent,West,EDI,3,890.09,30,23,13,0.237,0,,0
INV-202733,C1230,Independent,West,Web Portal,10,1060.86,30,13,10,0.224,0,,0
INV-202734,C1042,Regional,Northeast,EDI,8,3673.82,45,21,6,0.0,0,,0
INV-202735,C1303,Independent,Midwest,Sales Rep,2,12423.41,30,2,10,0.241,0,,0
INV-202736,C1075,Independent,Midwest,Phone,12,1231.19,30,29,16,0.156,0,,0
INV-202737,C1035,Regional,South,Sales Rep,9,2882.77,45,18,11,0.104,0,,0
INV-202738,C1394,National Account,Midwest,EDI,7,3195.98,60,93,24,0.058,0,,0
INV-202739,C1003,Regional,South,Web Portal,3,2161.18,45,30,7,0.1,0,,0
INV-202740,C1657,Regional,South,Sales Rep,5,4121.88,30,36,11,0.0,0,,0
INV-202741,C1387,Regional,Midwest,EDI,3,2355.53,60,55,10,0.236,0,,0
INV-202742,C1478,Regional,West,Web Portal,3,1810.01,45,21,15,0.289,0,,0
INV-202743,C1054,Regional,South,Web Portal,8,6975.17,30,80,13,0.021,0,,0
INV-202744,C1441,Regional,South,Sales Rep,5,5139.95,45,38,7,0.254,0,,0
INV-202745,C1601,National Account,West,Phone,8,2077.4,60,17,15,0.0,1,,0
INV-202746,C1812,Independent,Midwest,Phone,9,1844.62,30,29,13,0.0,0,,0
INV-202747,C1529,Regional,South,Phone,5,1029.87,45,20,14,0.103,0,,0
INV-202748,C1212,Independent,Northeast,Web Portal,3,1254.52,45,26,8,0.0,0,,0
INV-202749,C1487,Regional,West,Phone,1,7139.23,45,74,12,0.276,0,79.0,1
INV-202750,C1037,Regional,South,Web Portal,6,4091.28,45,75,13,0.067,0,,0
INV-202751,C1025,Regional,South,Sales Rep,7,2680.2,30,14,11,0.037,1,,0
INV-202752,C1287,Regional,Midwest,Web Portal,10,682.67,30,72,12,0.174,0,,0
INV-202753,C1535,National Account,South,Phone,7,2679.49,30,55,23,0.087,0,,0
INV-202754,C1736,Independent,Northeast,EDI,3,582.11,30,13,11,0.082,0,,0
INV-202755,C1505,National Account,Midwest,Sales Rep,1,9065.01,60,68,23,0.044,0,,0
INV-202756,C1334,National Account,West,Web Portal,10,46245.71,60,103,17,0.014,0,,0
INV-202757,C1330,Independent,South,Web Portal,3,1731.08,45,14,11,0.149,1,80.0,1
INV-202758,C1150,National Account,Midwest,Web Portal,9,2470.61,45,35,15,0.0,0,,0
INV-202759,C1227,Regional,South,Sales Rep,9,2812.41,60,34,12,0.022,0,,0
INV-202760,C1694,National Account,West,EDI,9,10362.8,45,85,24,0.035,0,,0
INV-202761,C1759,Regional,Midwest,Sales Rep,10,7464.46,30,4,11,0.012,0,,0
INV-202762,C1148,Regional,Northeast,EDI,1,1666.27,45,18,14,0.135,0,,0
INV-202763,C1543,Regional,West,Web Portal,3,2861.33,30,19,8,0.149,0,,0
INV-202764,C1036,Independent,Northeast,EDI,3,404.07,45,28,14,0.0,0,,0
INV-202765,C1206,Regional,South,Sales Rep,8,6874.42,30,35,6,0.143,0,,0
INV-202766,C1538,Regional,West,Web Portal,8,1205.01,60,76,14,0.129,0,,0
INV-202767,C1743,Independent,West,Web Portal,4,1227.15,30,8,10,0.017,0,,0
INV-202768,C1419,National Account,Northeast,Sales Rep,9,5192.08,60,31,18,0.022,0,,0
INV-202769,C1830,Regional,South,Sales Rep,10,1057.7,30,21,9,0.105,0,,0
INV-202770,C1269,Independent,South,Sales Rep,11,2032.17,45,15,10,0.21,0,,0
INV-202771,C1794,National Account,West,Phone,1,5873.76,30,50,17,0.0,0,,0
INV-202772,C1615,Independent,South,Web Portal,8,850.15,30,15,7,0.079,0,,0
INV-202773,C1061,Regional,Northeast,EDI,10,7878.36,60,30,10,0.226,0,,0
INV-202774,C1719,Independent,Midwest,EDI,1,1235.43,30,33,10,0.128,0,,0
INV-202775,C1328,National Account,Midwest,Web Portal,10,8069.93,45,81,14,0.176,0,,0
INV-202776,C1400,National Account,South,Web Portal,5,12113.69,30,89,21,0.274,0,,0
INV-202777,C1743,Independent,West,Sales Rep,4,1586.25,30,8,16,0.157,0,,0
INV-202778,C1461,Independent,Midwest,Sales Rep,7,2201.29,45,6,8,0.04,0,,0
INV-202779,C1427,National Account,West,EDI,11,8703.96,45,71,12,0.0,0,,0
INV-202780,C1207,Independent,Northeast,Phone,12,3663.88,45,16,11,0.174,0,92.0,1
INV-202781,C1559,National Account,South,Sales Rep,2,7471.98,60,11,33,0.26,0,,0
INV-202782,C1689,National Account,Midwest,EDI,6,6563.08,60,41,30,0.062,0,,0
INV-202783,C1024,Regional,South,EDI,1,2879.62,60,141,8,0.103,0,,0
INV-202784,C1777,Regional,Midwest,Sales Rep,11,4377.05,45,49,6,0.14,0,,0
INV-202785,C1349,Regional,Northeast,EDI,6,3253.95,30,42,10,0.042,0,,0
INV-202786,C1841,Independent,West,Sales Rep,9,1397.16,45,5,6,0.279,1,,0
INV-202787,C1811,Regional,South,Sales Rep,7,1798.18,45,7,10,0.116,0,,0
INV-202788,C1327,Regional,South,EDI,4,2720.82,45,79,11,0.0,0,,0
INV-202789,C1079,Regional,Northeast,Sales Rep,8,5673.35,45,147,10,0.288,0,96.0,1
INV-202790,C1522,National Account,South,EDI,8,5207.06,45,5,26,0.301,0,,0
INV-202791,C1027,Regional,Midwest,Phone,12,2042.08,30,38,12,0.196,0,,0
INV-202792,C1805,Regional,South,EDI,4,8616.6,60,158,11,0.265,0,,0
INV-202793,C1735,Independent,Midwest,Web Portal,7,1801.57,30,11,12,0.194,0,,0
INV-202794,C1106,National Account,South,EDI,12,1563.82,30,46,19,0.129,0,,0
INV-202795,C1596,Regional,Midwest,Sales Rep,10,6245.85,60,17,10,0.397,0,,0
INV-202796,C1411,National Account,South,Phone,3,12383.29,60,70,22,0.018,0,,0
INV-202797,C1711,Regional,South,Web Portal,11,2915.85,60,13,8,0.215,0,,0
INV-202798,C1256,National Account,West,Sales Rep,8,9978.65,30,9,23,0.078,0,,0
INV-202799,C1604,Independent,Northeast,Phone,9,1592.72,45,20,9,0.094,0,,0
INV-202800,C1564,National Account,Northeast,Phone,3,4670.38,60,113,21,0.302,0,,0
INV-202801,C1321,Independent,South,Phone,2,1089.25,30,6,5,0.032,0,,0
INV-202802,C1614,National Account,Northeast,Sales Rep,1,6680.33,45,27,17,0.081,0,,0
INV-202803,C1787,National Account,Northeast,Sales Rep,12,6237.32,60,103,22,0.262,0,,0
INV-202804,C1174,Independent,West,Phone,11,4124.07,45,19,9,0.064,0,,0
INV-202805,C1043,Regional,Midwest,Sales Rep,6,28685.56,45,85,6,0.0,0,,0
INV-202806,C1023,National Account,Midwest,Sales Rep,10,2196.85,45,33,22,0.103,0,,0
INV-202807,C1248,National Account,Midwest,EDI,12,18481.59,60,47,26,0.14,0,,0
INV-202808,C1234,Independent,West,Web Portal,4,1776.3,30,10,11,0.183,0,,0
INV-202809,C1692,National Account,South,Sales Rep,1,11537.11,60,42,16,0.19,0,,0
INV-202810,C1051,Regional,Northeast,Sales Rep,12,1105.25,45,2,12,0.053,0,,0
INV-202811,C1820,Regional,Northeast,Web Portal,3,2132.63,45,58,8,0.242,0,,0
INV-202812,C1657,Regional,South,Sales Rep,7,2687.85,60,36,9,0.117,0,,0
INV-202813,C1068,Regional,Northeast,EDI,9,1709.75,30,55,11,0.049,1,,0
INV-202814,C1162,Independent,West,Web Portal,12,813.43,30,5,12,0.406,0,,0
INV-202815,C1045,National Account,Midwest,Sales Rep,8,3457.06,30,120,29,0.005,0,,0
INV-202816,C1057,Independent,Midwest,EDI,11,2388.88,45,25,13,0.139,0,,0
INV-202817,C1189,National Account,Northeast,Web Portal,10,5828.43,60,90,28,0.159,0,,0
INV-202818,C1535,National Account,Northeast,Sales Rep,2,1417.23,30,55,25,0.204,0,,0
INV-202819,C1400,National Account,Northeast,EDI,7,9100.03,60,89,18,0.175,0,,0
INV-202820,C1846,Independent,Northeast,Sales Rep,1,3870.15,45,23,9,0.183,0,,0
INV-202821,C1068,Regional,Midwest,EDI,11,13767.79,60,55,8,0.395,0,106.0,1
INV-202822,C1036,Independent,Midwest,Web Portal,12,640.95,30,28,10,0.13,0,,0
INV-202823,C1329,Independent,South,EDI,12,3468.61,30,8,10,0.044,0,,0
INV-202824,C1699,National Account,South,Sales Rep,3,6551.14,45,49,21,0.0,0,,0
INV-202825,C1238,National Account,Midwest,Web Portal,5,2652.7,45,201,27,0.173,0,92.0,1
INV-202826,C1229,Regional,South,Web Portal,6,4108.0,45,63,12,0.197,0,,0
INV-202827,C1430,Regional,Midwest,Web Portal,10,4275.7,30,34,12,0.128,0,,0
INV-202828,C1736,Independent,West,EDI,1,1083.78,30,13,14,0.077,0,,0
INV-202829,C1438,Independent,Midwest,EDI,4,411.19,30,22,8,0.264,0,,0
INV-202830,C1194,Regional,Northeast,EDI,12,7319.05,30,51,14,0.213,0,55.0,1
INV-202831,C1747,Regional,Midwest,EDI,1,986.9,45,49,12,0.03,1,,0
INV-202832,C1588,Regional,Midwest,Sales Rep,11,3018.38,45,13,9,0.189,0,,0
INV-202833,C1532,Regional,Midwest,Sales Rep,6,16170.67,45,19,12,0.331,0,94.0,1
INV-202834,C1426,Regional,Midwest,Phone,7,17838.18,45,24,11,0.205,0,65.0,1
INV-202835,C1506,Independent,Midwest,Phone,7,2060.58,30,4,10,0.205,0,,0
INV-202836,C1223,Independent,Midwest,Sales Rep,12,1222.4,45,22,8,0.219,0,,0
INV-202837,C1807,National Account,South,Sales Rep,11,64063.43,60,170,34,0.15,1,104.0,1
INV-202838,C1829,Independent,West,EDI,11,2237.21,30,28,6,0.124,0,,0
INV-202839,C1083,Independent,Northeast,Sales Rep,1,3017.72,30,23,7,0.353,0,,0
INV-202840,C1446,National Account,Midwest,Sales Rep,2,4549.64,60,78,28,0.037,0,,0
INV-202841,C1721,Regional,Midwest,Sales Rep,11,7470.01,60,39,7,0.073,0,,0
INV-202842,C1209,Independent,West,Sales Rep,9,1869.62,30,5,10,0.126,0,,0
INV-202843,C1552,National Account,South,Web Portal,7,3408.84,45,18,22,0.11,0,,0
INV-202844,C1146,National Account,South,Phone,8,4993.32,45,38,25,0.088,0,,0
INV-202845,C1780,Regional,South,Web Portal,1,1912.24,45,54,12,0.223,0,82.0,1
INV-202846,C1240,Regional,West,EDI,11,1551.62,30,64,7,0.192,0,,0
INV-202847,C1492,National Account,South,Phone,2,12667.23,60,102,19,0.073,0,,0
INV-202848,C1768,National Account,West,Web Portal,12,44746.99,60,109,21,0.332,0,88.0,1
INV-202849,C1303,Independent,South,EDI,12,16366.99,30,2,11,0.1,1,,0
INV-202850,C1813,Independent,Midwest,EDI,7,2621.99,30,15,10,0.328,1,,0
INV-202851,C1692,National Account,Midwest,Sales Rep,6,15400.11,45,42,34,0.155,0,,1
INV-202852,C1094,Independent,South,Phone,1,3839.73,45,28,12,0.59,0,74.0,1
INV-202853,C1768,National Account,Midwest,EDI,11,7706.75,60,109,33,0.0,0,,0
INV-202854,C1454,Regional,South,EDI,4,2400.19,45,71,8,0.299,0,,0
INV-202855,C1710,National Account,Midwest,Web Portal,12,1997.55,30,54,23,0.0,0,,0
INV-202856,C1587,National Account,South,Sales Rep,11,3164.7,45,24,27,0.211,0,,0
INV-202857,C1230,Independent,Northeast,Sales Rep,11,790.08,30,13,7,0.224,0,,0
INV-202858,C1646,Independent,Northeast,Web Portal,8,832.68,30,51,7,0.251,0,,0
INV-202859,C1714,Regional,South,Phone,9,7361.65,60,39,4,0.318,0,,0
INV-202860,C1701,National Account,Midwest,Sales Rep,10,5267.8,45,61,23,0.154,0,,0
INV-202861,C1318,Independent,Midwest,Sales Rep,8,2591.01,45,17,10,0.048,0,,0
INV-202862,C1507,National Account,West,Web Portal,11,4750.39,60,37,18,0.039,0,,0
INV-202863,C1504,Independent,Northeast,Sales Rep,8,3735.88,45,17,13,0.0,0,,0
INV-202864,C1147,Regional,Midwest,Sales Rep,10,1084.11,60,30,11,0.093,0,,0
INV-202865,C1308,Regional,Midwest,Web Portal,3,2430.67,60,18,5,0.134,0,,0
INV-202866,C1111,National Account,Midwest,EDI,9,2199.57,60,93,17,0.045,0,,0
INV-202867,C1819,Regional,South,EDI,5,1550.12,45,69,10,0.223,0,,0
INV-202868,C1613,Regional,Northeast,Sales Rep,9,1855.02,60,35,8,0.272,0,,0
INV-202869,C1179,Regional,West,EDI,10,4124.63,30,25,7,0.03,0,,0
INV-202870,C1489,National Account,Northeast,Sales Rep,6,3599.2,60,13,17,0.0,0,,0
INV-202871,C1470,Independent,Midwest,Web Portal,4,2146.5,45,40,12,0.027,1,,0
INV-202872,C1237,National Account,South,Sales Rep,6,10659.76,60,55,16,0.067,0,,0
INV-202873,C1025,Regional,Midwest,Sales Rep,5,2584.66,45,14,7,0.098,0,,0
INV-202874,C1760,Regional,West,Phone,12,8266.18,60,55,11,0.325,0,,0
INV-202875,C1192,Regional,South,Web Portal,6,21046.67,45,39,9,0.097,0,,0
INV-202876,C1167,Regional,Midwest,EDI,5,9758.32,60,29,12,0.045,0,,0
INV-202877,C1256,National Account,Northeast,Web Portal,6,5672.03,60,9,30,0.165,0,,0
INV-202878,C1375,National Account,South,Phone,4,12024.18,60,39,20,0.025,0,,0
INV-202879,C1694,National Account,Northeast,EDI,2,4093.23,45,85,24,0.0,0,,0
INV-202880,C1710,National Account,West,Sales Rep,5,5176.96,60,54,22,0.0,0,,0
INV-202881,C1784,Independent,Northeast,Web Portal,10,3757.65,60,2,10,0.287,0,,0
INV-202882,C1239,Regional,South,Sales Rep,9,4305.13,45,63,8,0.077,0,,0
INV-202883,C1270,Independent,Midwest,Sales Rep,5,1114.46,30,62,7,0.126,0,,0
INV-202884,C1535,National Account,South,Sales Rep,8,30913.35,60,55,27,0.039,0,,0
INV-202885,C1689,National Account,South,Web Portal,1,6153.21,60,41,24,0.032,0,,0
INV-202886,C1711,Regional,West,Sales Rep,7,4563.59,45,13,19,0.31,0,,0
INV-202887,C1274,National Account,Midwest,Sales Rep,11,10600.4,60,33,21,0.075,0,,0
INV-202888,C1742,Regional,Midwest,EDI,5,12483.12,30,19,6,0.088,0,,0
INV-202889,C1545,National Account,Northeast,Phone,12,4537.88,60,183,25,0.218,0,,0
INV-202890,C1328,National Account,Northeast,Sales Rep,10,8772.06,60,81,32,0.149,0,,0
INV-202891,C1823,National Account,Northeast,Sales Rep,7,5293.95,60,138,28,0.03,0,,0
INV-202892,C1425,Independent,Northeast,Sales Rep,11,309.07,30,20,9,0.053,0,,0
INV-202893,C1681,Regional,West,Web Portal,1,5850.9,30,43,8,0.12,0,,0
INV-202894,C1278,Regional,West,Sales Rep,8,6438.08,30,33,15,0.09,0,,0
INV-202895,C1397,National Account,Midwest,Sales Rep,2,6920.25,60,54,18,0.0,0,,0
INV-202896,C1730,Regional,Midwest,EDI,1,1105.89,45,26,11,0.118,0,,0
INV-202897,C1682,Independent,West,EDI,11,4133.66,30,13,10,0.069,0,,0
INV-202898,C1147,Regional,Northeast,Sales Rep,8,2936.97,60,30,15,0.068,0,95.0,1
INV-202899,C1657,Regional,Midwest,Sales Rep,11,16944.59,30,36,10,0.0,0,,0
INV-202900,C1768,National Account,Midwest,Phone,8,32402.54,60,109,30,0.0,0,,0
INV-202901,C1785,Regional,South,Web Portal,2,1814.8,30,32,3,0.381,0,,0
INV-202902,C1769,Independent,South,EDI,8,626.21,30,23,9,0.286,0,,0
INV-202903,C1607,Regional,South,Web Portal,12,2533.73,30,51,12,0.205,0,,0
INV-202904,C1390,Independent,Midwest,Sales Rep,4,696.45,30,18,9,0.275,0,,0
INV-202905,C1006,Regional,Midwest,Web Portal,6,5363.04,30,23,10,0.341,0,,0
INV-202906,C1371,Regional,West,EDI,3,1753.08,30,19,6,0.16,0,,0
INV-202907,C1382,Regional,West,Phone,6,2499.25,60,25,9,0.209,0,,0
INV-202908,C1218,National Account,West,Web Portal,4,6336.23,60,43,18,0.0,0,,0
INV-202909,C1053,Regional,Northeast,Sales Rep,9,3324.56,30,25,9,0.09,0,,0
INV-202910,C1328,National Account,South,Phone,12,4392.9,45,81,28,0.003,0,,0
INV-202911,C1144,Regional,West,Sales Rep,9,3827.69,30,31,7,0.073,0,,0
INV-202912,C1364,Regional,South,Sales Rep,8,2495.35,30,11,14,0.198,0,,0
INV-202913,C1516,Independent,Midwest,Web Portal,12,705.9,30,14,7,0.314,1,,0
INV-202914,C1751,National Account,South,Sales Rep,5,23848.99,45,60,27,0.0,0,,0
INV-202915,C1241,Regional,West,Sales Rep,4,629.64,45,10,12,0.158,1,73.0,1
INV-202916,C1005,National Account,South,Web Portal,8,3380.71,60,34,21,0.105,0,,0
INV-202917,C1437,National Account,Northeast,Web Portal,11,4954.73,60,20,28,0.066,0,,0
INV-202918,C1598,Independent,South,Web Portal,7,4389.47,45,12,10,0.096,0,,0
INV-202919,C1834,Regional,Midwest,Web Portal,10,2190.37,30,101,9,0.032,0,,0
INV-202920,C1494,Independent,Northeast,EDI,1,9805.08,30,29,6,0.172,0,,0
INV-202921,C1079,Regional,Midwest,Web Portal,12,6442.38,30,147,11,0.131,0,,0
INV-202922,C1251,Independent,Northeast,Phone,4,2950.49,30,30,9,0.179,1,66.0,1
INV-202923,C1248,National Account,West,EDI,6,2613.34,60,47,20,0.05,0,,0
INV-202924,C1756,Regional,South,EDI,5,1412.19,30,81,13,0.0,0,,0
INV-202925,C1135,Regional,West,Web Portal,12,1159.79,45,86,14,0.276,0,,0
INV-202926,C1026,National Account,West,Web Portal,4,5028.96,60,48,24,0.137,0,,0
INV-202927,C1627,Regional,Northeast,Sales Rep,4,3906.61,30,29,13,0.097,0,,0
INV-202928,C1468,Independent,South,Sales Rep,10,339.45,30,11,6,0.0,0,,0
INV-202929,C1699,National Account,South,Sales Rep,9,32686.03,45,49,23,0.122,0,,0
INV-202930,C1552,National Account,South,Sales Rep,9,12075.85,60,18,18,0.11,0,,0
INV-202931,C1760,Regional,Midwest,Phone,5,3321.82,45,55,8,0.007,0,,0
INV-202932,C1469,National Account,South,Web Portal,2,8375.54,60,100,25,0.0,0,,0
INV-202933,C1827,National Account,South,Web Portal,6,13118.84,60,73,28,0.248,0,,0
INV-202934,C1051,Regional,Midwest,Web Portal,4,1037.86,45,2,11,0.101,0,,0
INV-202935,C1816,National Account,Northeast,EDI,3,3571.6,45,25,24,0.083,0,,0
INV-202936,C1835,Regional,Northeast,Sales Rep,12,2361.87,45,74,13,0.333,0,,0
INV-202937,C1794,National Account,Midwest,Sales Rep,1,5971.57,30,50,26,0.0,0,,0
INV-202938,C1048,Regional,South,EDI,12,9678.56,30,61,15,0.111,0,,0
INV-202939,C1663,Independent,West,Phone,4,1617.73,30,16,11,0.126,0,,0
INV-202940,C1113,Regional,West,EDI,10,8994.86,30,26,13,0.289,0,54.0,0
INV-202941,C1559,National Account,Midwest,Sales Rep,8,36015.92,45,11,26,0.06,0,,0
INV-202942,C1353,National Account,Northeast,EDI,9,3658.51,45,24,25,0.161,0,,0
INV-202943,C1314,Independent,South,EDI,10,5921.96,30,47,8,0.156,0,,0
INV-202944,C1115,National Account,Midwest,Web Portal,9,8608.49,60,48,20,0.041,0,,0
INV-202945,C1503,Regional,South,Phone,1,2840.01,30,42,6,0.127,0,,0
INV-202946,C1150,National Account,West,Sales Rep,12,6058.93,45,35,13,0.0,0,,0
INV-202947,C1073,Regional,South,Sales Rep,3,2668.99,45,13,6,0.303,0,,0
INV-202948,C1642,Regional,South,Web Portal,3,1183.76,45,47,6,0.249,0,,0
INV-202949,C1694,National Account,Northeast,Phone,11,14477.2,60,85,32,0.0,0,97.0,0
INV-202950,C1109,Independent,Midwest,Sales Rep,8,1115.7,30,23,10,0.194,0,,0
INV-202951,C1642,Regional,South,Sales Rep,2,9500.59,30,47,16,0.044,0,,0
INV-202952,C1586,Independent,West,Sales Rep,3,2493.06,30,7,10,0.18,0,64.0,1
INV-202953,C1743,Independent,Midwest,Sales Rep,5,286.16,45,8,8,0.0,0,,0
INV-202954,C1802,Regional,South,Sales Rep,8,14531.34,30,102,12,0.203,0,,0
INV-202955,C1559,National Account,Midwest,Sales Rep,7,7321.67,30,11,19,0.138,0,,0
INV-202956,C1352,National Account,Northeast,Sales Rep,11,16721.43,60,35,28,0.393,0,,0
INV-202957,C1423,Regional,South,EDI,11,4592.54,60,54,8,0.079,0,,0
INV-202958,C1084,National Account,Northeast,Web Portal,7,44331.53,30,258,31,0.0,0,,0
INV-202959,C1822,Independent,Northeast,EDI,5,791.71,30,4,12,0.11,0,,0
INV-202960,C1398,National Account,South,Sales Rep,6,13184.14,45,161,19,0.121,0,,0
INV-202961,C1398,National Account,West,Phone,7,3304.28,45,161,24,0.0,0,,0
INV-202962,C1079,Regional,South,Web Portal,8,16676.23,45,147,6,0.076,0,,0
INV-202963,C1802,Regional,South,Web Portal,3,14405.59,45,102,7,0.156,0,,0
INV-202964,C1446,National Account,Northeast,Web Portal,4,4278.7,60,78,30,0.112,0,,0
INV-202965,C1062,Regional,West,EDI,7,1604.59,45,43,8,0.068,0,,0
INV-202966,C1473,Independent,South,Sales Rep,7,1515.17,45,17,13,0.222,0,,0
INV-202967,C1492,National Account,Midwest,EDI,2,4552.77,45,102,13,0.355,0,,0
INV-202968,C1505,National Account,South,EDI,3,4617.59,60,68,15,0.087,0,,0
INV-202969,C1530,Independent,Midwest,Web Portal,9,3561.03,45,10,7,0.074,0,84.0,1
INV-202970,C1374,Regional,South,EDI,12,1165.67,45,17,6,0.293,0,,0
INV-202971,C1178,National Account,Northeast,Sales Rep,2,1881.06,60,58,30,0.063,0,,0
INV-202972,C1217,National Account,West,EDI,5,17464.65,30,134,22,0.0,0,,0
INV-202973,C1192,Regional,Midwest,Sales Rep,12,2583.02,30,39,9,0.0,0,,0
INV-202974,C1689,National Account,South,Web Portal,8,12330.51,60,41,25,0.058,0,,0
INV-202975,C1415,Independent,South,Sales Rep,12,28148.47,60,10,9,0.024,0,,0
INV-202976,C1505,National Account,South,EDI,9,5668.8,60,68,17,0.029,0,,0
INV-202977,C1688,Regional,Northeast,EDI,1,6446.9,30,133,13,0.337,0,,0
INV-202978,C1470,Independent,South,Sales Rep,1,1225.28,45,40,8,0.085,0,,0
INV-202979,C1163,National Account,West,Sales Rep,5,8522.75,30,48,33,0.0,0,,0
INV-202980,C1348,Regional,Midwest,Phone,10,4705.99,30,84,5,0.036,0,,0
INV-202981,C1053,Regional,South,Sales Rep,7,4955.37,30,25,8,0.147,0,,0
INV-202982,C1069,National Account,South,Sales Rep,7,22538.59,60,16,29,0.272,0,,0
INV-202983,C1196,National Account,South,Sales Rep,6,4925.38,60,28,19,0.312,0,,0
INV-202984,C1699,National Account,Northeast,Sales Rep,12,4260.46,30,49,27,0.0,0,,0
INV-202985,C1096,Independent,Midwest,Phone,12,3060.17,30,15,6,0.182,0,,0
INV-202986,C1094,Independent,Midwest,EDI,9,2193.54,30,28,6,0.15,1,,0
INV-202987,C1634,Regional,Midwest,Sales Rep,5,5552.57,45,93,9,0.134,0,,0
INV-202988,C1178,National Account,South,Web Portal,6,11174.93,60,58,32,0.093,0,,0
INV-202989,C1101,National Account,Midwest,Phone,4,20725.23,60,152,19,0.079,0,,0
INV-202990,C1638,Independent,South,Sales Rep,7,3741.33,30,32,8,0.0,0,70.0,0
INV-202991,C1181,Regional,Midwest,EDI,12,6516.84,30,58,9,0.0,0,,0
INV-202992,C1227,Regional,South,Sales Rep,7,4203.2,30,34,8,0.029,0,,0
INV-202993,C1186,National Account,Midwest,Sales Rep,2,7690.76,60,69,29,0.171,0,,0
INV-202994,C1619,Independent,Midwest,Sales Rep,5,475.36,45,35,12,0.165,0,,0
INV-202995,C1134,National Account,Northeast,Sales Rep,8,8746.48,30,43,26,0.29,0,,0
INV-202996,C1710,National Account,Midwest,Sales Rep,7,3743.84,30,54,21,0.0,0,,0
INV-202997,C1230,Independent,South,EDI,5,837.7,30,13,10,0.194,0,,0
INV-202998,C1686,Independent,Midwest,Web Portal,7,3109.07,30,2,14,0.172,0,,0
INV-202999,C1217,National Account,South,Sales Rep,1,15451.22,60,134,21,0.043,0,,0
INV-203000,C1256,National Account,Midwest,Web Portal,4,1932.75,60,9,20,0.015,0,,0
INV-203001,C1478,Regional,Midwest,Web Portal,7,1360.78,30,21,14,0.081,0,,0
INV-203002,C1411,National Account,Northeast,Sales Rep,5,7948.43,45,70,22,0.061,0,,0
INV-203003,C1274,National Account,Northeast,Web Portal,10,6051.34,60,33,26,0.301,0,,0
INV-203004,C1583,National Account,Midwest,Sales Rep,7,6799.35,60,103,22,0.084,0,,0
INV-203005,C1466,Independent,Northeast,Web Portal,5,1188.09,30,15,8,0.187,0,,0
INV-203006,C1411,National Account,Midwest,Phone,5,8504.69,60,70,30,0.0,0,,0
INV-203007,C1362,Regional,Northeast,Web Portal,10,5308.55,45,30,7,0.208,0,,0
INV-203008,C1281,Independent,Northeast,Web Portal,3,2604.58,30,21,11,0.199,0,,0
INV-203009,C1104,Independent,Northeast,Sales Rep,1,623.39,30,19,16,0.313,0,,0
INV-203010,C1486,Independent,South,EDI,12,5219.41,45,14,10,0.05,0,,0
INV-203011,C1578,Independent,Northeast,Sales Rep,6,450.27,30,24,10,0.212,1,51.0,1
INV-203012,C1074,Regional,South,Sales Rep,3,3381.97,45,26,12,0.277,0,,0
INV-203013,C1043,Regional,Midwest,Sales Rep,8,8082.08,45,85,6,0.0,1,,0
INV-203014,C1274,National Account,Northeast,Phone,12,6373.65,60,33,27,0.085,0,,0
INV-203015,C1831,Regional,Midwest,Phone,2,4925.87,30,39,8,0.013,0,,0
INV-203016,C1843,Regional,Midwest,Sales Rep,9,5166.6,45,29,14,0.305,0,,0
INV-203017,C1291,Independent,West,Phone,5,6278.35,60,47,10,0.122,0,,0
INV-203018,C1325,Regional,Midwest,Phone,12,34112.78,45,59,14,0.155,0,75.0,0
INV-203019,C1834,Regional,West,Web Portal,11,475.56,45,101,9,0.045,0,,0
INV-203020,C1729,Regional,Midwest,Sales Rep,10,9668.73,30,9,11,0.049,0,,0
INV-203021,C1221,Independent,Northeast,EDI,6,1566.98,30,15,13,0.348,0,76.0,1
INV-203022,C1698,National Account,South,Sales Rep,8,6781.93,60,49,15,0.0,0,,0
INV-203023,C1762,National Account,Northeast,Sales Rep,2,13346.79,45,36,12,0.073,0,76.0,1
INV-203024,C1294,Independent,Northeast,EDI,2,3831.58,45,40,7,0.48,0,89.0,0
INV-203025,C1585,Regional,South,EDI,1,4580.62,45,86,14,0.0,0,,0
INV-203026,C1075,Independent,South,EDI,1,1249.52,30,29,10,0.052,0,,0
INV-203027,C1002,Regional,Midwest,EDI,6,2501.51,30,56,10,0.076,0,,0
INV-203028,C1397,National Account,West,Phone,6,33337.45,45,54,26,0.0,0,,0
INV-203029,C1283,Regional,Northeast,Phone,8,7819.5,45,5,13,0.0,0,,0
INV-203030,C1538,Regional,Midwest,Web Portal,12,11969.08,30,76,14,0.472,0,,0
INV-203031,C1557,Regional,South,Web Portal,11,2195.6,60,14,12,0.041,0,,0
INV-203032,C1599,Regional,South,EDI,6,13535.29,45,69,9,0.09,0,,0
INV-203033,C1651,Regional,Northeast,Sales Rep,2,7125.8,60,33,15,0.416,0,108.0,1
INV-203034,C1142,Independent,Midwest,Phone,6,861.82,45,12,11,0.136,0,,0
INV-203035,C1399,Independent,West,EDI,10,1379.8,30,26,9,0.255,0,52.0,0
INV-203036,C1296,Independent,West,Sales Rep,8,1283.41,30,32,8,0.029,0,72.0,1
INV-203037,C1526,National Account,Northeast,Web Portal,1,22237.26,60,14,22,0.103,0,113.0,1
INV-203038,C1788,Independent,Northeast,Sales Rep,5,7276.27,45,15,11,0.399,1,82.0,1
INV-203039,C1189,National Account,Midwest,Sales Rep,5,8918.83,30,90,34,0.121,0,,0
INV-203040,C1509,Independent,Midwest,Web Portal,6,6058.49,30,20,11,0.158,0,55.0,1
INV-203041,C1407,Regional,Midwest,EDI,7,5014.44,45,25,11,0.0,0,,0
INV-203042,C1637,Independent,West,Phone,1,4829.85,30,13,11,0.11,1,,0
INV-203043,C1419,National Account,South,Web Portal,5,3706.35,60,31,18,0.178,0,,0
INV-203044,C1508,Regional,Midwest,Web Portal,2,13731.44,45,34,13,0.071,0,,0
INV-203045,C1588,Regional,South,Phone,8,5348.91,30,13,10,0.28,0,,0
INV-203046,C1308,Regional,West,EDI,11,4223.02,45,18,10,0.166,0,,0
INV-203047,C1105,Independent,Midwest,EDI,2,2909.19,30,7,12,0.019,0,,0
INV-203048,C1824,Independent,Northeast,Web Portal,8,1310.0,30,35,12,0.161,0,,0
INV-203049,C1579,Regional,Northeast,Sales Rep,2,977.36,30,21,9,0.292,0,,0
INV-203050,C1716,Independent,Northeast,Phone,3,879.35,30,7,3,0.034,0,,0
INV-203051,C1515,Regional,South,Web Portal,5,4550.87,45,55,15,0.19,0,,0
INV-203052,C1585,Regional,Midwest,EDI,5,5916.04,45,86,16,0.171,0,,0
INV-203053,C1620,Regional,West,Sales Rep,6,18006.91,30,30,10,0.083,0,,0
INV-203054,C1661,National Account,South,Web Portal,4,11766.72,60,170,29,0.016,0,,0
INV-203055,C1568,National Account,Northeast,EDI,8,16990.93,60,79,21,0.084,1,,0
INV-203056,C1400,National Account,Midwest,EDI,6,7012.28,45,89,26,0.083,0,,0
INV-203057,C1328,National Account,West,Sales Rep,4,10704.89,30,81,12,0.048,0,,0
INV-203058,C1478,Regional,Midwest,EDI,11,1619.16,30,21,8,0.144,0,,0
INV-203059,C1013,Regional,South,Sales Rep,1,2831.44,30,43,9,0.224,0,,0
INV-203060,C1303,Independent,Midwest,Web Portal,9,1357.75,45,2,12,0.222,0,,0
INV-203061,C1097,National Account,Northeast,EDI,7,14851.64,60,32,25,0.0,0,,0
INV-203062,C1781,Regional,West,EDI,3,9694.74,30,23,6,0.203,0,,0
INV-203063,C1279,Independent,South,Web Portal,9,1906.61,60,17,7,0.325,0,,0
INV-203064,C1536,National Account,Midwest,Sales Rep,5,9026.32,45,177,23,0.012,0,,0
INV-203065,C1763,Regional,Midwest,EDI,8,3612.42,60,53,11,0.293,0,,0
INV-203066,C1599,Regional,South,Sales Rep,7,1105.51,30,69,13,0.107,0,,0
INV-203067,C1756,Regional,Northeast,EDI,12,1975.33,30,81,11,0.0,0,,0
INV-203068,C1312,National Account,Midwest,Phone,1,6511.41,60,104,28,0.038,0,,0
INV-203069,C1754,Regional,Northeast,Sales Rep,6,2390.09,30,30,14,0.3,0,,0
INV-203070,C1103,National Account,Midwest,Web Portal,2,9240.5,60,80,25,0.148,0,,0
INV-203071,C1564,National Account,Midwest,Sales Rep,6,12606.19,45,113,25,0.306,0,,0
INV-203072,C1018,Regional,West,Sales Rep,11,8749.82,45,69,15,0.19,0,,0
INV-203073,C1026,National Account,South,Phone,11,2856.59,60,48,23,0.285,0,90.0,1
INV-203074,C1293,Regional,West,Phone,1,2615.78,45,8,6,0.382,0,,0
INV-203075,C1236,National Account,Midwest,EDI,2,11986.16,60,36,23,0.0,0,,0
INV-203076,C1572,Regional,South,Phone,2,6399.52,45,15,12,0.05,0,,0
INV-203077,C1091,National Account,Midwest,Phone,10,12224.33,45,111,31,0.11,0,,0
INV-203078,C1402,National Account,Midwest,Web Portal,1,7617.47,45,66,26,0.06,0,,0
INV-203079,C1630,Independent,Midwest,EDI,4,1050.58,45,5,12,0.0,0,,0
INV-203080,C1286,Regional,West,Phone,1,2026.15,45,11,9,0.055,0,,0
INV-203081,C1845,Independent,Midwest,Phone,7,2184.8,30,4,7,0.249,0,,0
INV-203082,C1231,National Account,Midwest,Sales Rep,2,6914.1,60,35,19,0.492,0,79.0,1
INV-203083,C1477,National Account,Northeast,Phone,11,8765.69,45,173,36,0.201,0,,0
INV-203084,C1553,Independent,West,Web Portal,6,2058.21,30,84,7,0.369,0,,0
INV-203085,C1045,National Account,Northeast,EDI,2,14188.9,45,120,25,0.0,0,,0
INV-203086,C1277,Independent,Northeast,EDI,10,6491.6,30,10,8,0.127,0,,0
INV-203087,C1637,Independent,West,Phone,11,2676.93,60,13,14,0.336,0,98.0,1
INV-203088,C1589,Independent,South,Web Portal,3,4659.34,45,16,8,0.214,0,,0
INV-203089,C1061,Regional,Northeast,Web Portal,2,1538.92,45,30,10,0.062,0,,0
INV-203090,C1469,National Account,Northeast,Phone,6,11510.29,60,100,23,0.0,0,,0
INV-203091,C1214,Independent,West,Phone,1,2041.28,30,11,12,0.136,0,,0
INV-203092,C1284,Independent,South,Sales Rep,4,5922.73,30,23,13,0.353,0,,0
INV-203093,C1657,Regional,Northeast,Phone,12,633.78,45,36,9,0.164,0,,0
INV-203094,C1119,Regional,South,Sales Rep,10,13885.61,45,28,8,0.0,0,,0
INV-203095,C1828,Independent,Northeast,Web Portal,4,2436.01,30,18,14,0.306,0,,0
INV-203096,C1394,National Account,Midwest,Sales Rep,9,4336.16,30,93,27,0.105,0,,0
INV-203097,C1646,Independent,South,Sales Rep,5,2438.41,60,51,13,0.199,0,,0
INV-203098,C1794,National Account,West,EDI,6,7628.9,30,50,18,0.0,0,,0
INV-203099,C1437,National Account,Midwest,EDI,6,3364.08,45,20,27,0.497,0,,0
INV-203100,C1349,Regional,Midwest,Web Portal,9,1985.64,30,42,14,0.115,0,,0
INV-203101,C1606,National Account,Midwest,Sales Rep,1,7718.81,30,195,15,0.228,0,77.0,1
INV-203102,C1683,Independent,Northeast,Web Portal,6,359.85,30,31,10,0.05,0,,0
INV-203103,C1564,National Account,Midwest,Web Portal,10,2614.37,45,113,23,0.027,1,,0
INV-203104,C1552,National Account,South,Web Portal,1,7197.59,60,18,13,0.188,0,,0
INV-203105,C1060,Regional,Midwest,Sales Rep,7,14094.26,30,32,7,0.13,0,,0
INV-203106,C1638,Independent,South,Web Portal,10,11016.71,30,32,9,0.104,0,,0
INV-203107,C1517,Regional,South,Phone,2,2524.19,45,38,8,0.225,0,,0
INV-203108,C1661,National Account,Northeast,EDI,4,12897.48,60,170,27,0.008,0,,0
INV-203109,C1539,Regional,Northeast,Phone,12,1092.21,45,36,12,0.325,0,,0
INV-203110,C1148,Regional,Midwest,Phone,2,3732.7,30,18,8,0.08,0,,0
INV-203111,C1587,National Account,Midwest,Web Portal,7,17949.31,45,24,26,0.018,0,,0
INV-203112,C1307,Regional,Northeast,Sales Rep,4,2130.33,45,119,7,0.0,0,,0
INV-203113,C1091,National Account,West,Phone,4,15242.63,60,111,19,0.0,0,,0
INV-203114,C1838,Regional,Northeast,Web Portal,8,2562.14,45,14,12,0.263,0,,0
INV-203115,C1170,National Account,South,Sales Rep,1,3419.88,45,47,18,0.039,0,,0
INV-203116,C1016,Independent,South,Sales Rep,3,408.69,30,15,11,0.091,0,,0
INV-203117,C1427,National Account,West,Phone,1,9589.6,30,71,27,0.0,0,,0
INV-203118,C1121,National Account,Midwest,Sales Rep,1,6181.53,60,46,30,0.183,0,,0
INV-203119,C1653,Regional,West,Web Portal,12,14713.38,60,8,9,0.067,0,,0
INV-203120,C1045,National Account,West,Phone,9,7741.02,45,120,30,0.0,0,,0
INV-203121,C1242,Regional,Midwest,EDI,7,1007.8,30,33,17,0.264,0,,0
INV-203122,C1508,Regional,South,Web Portal,8,910.37,45,34,9,0.058,0,,0
INV-203123,C1551,Regional,Midwest,EDI,4,1017.41,45,97,9,0.175,0,,0
INV-203124,C1540,National Account,West,Sales Rep,12,7468.56,45,73,17,0.0,0,,0
INV-203125,C1010,Regional,Midwest,Sales Rep,3,4156.28,60,5,11,0.411,0,,0
INV-203126,C1304,Independent,South,Web Portal,4,4484.88,45,12,6,0.189,0,,0
INV-203127,C1451,Regional,Midwest,Sales Rep,6,5772.32,45,128,8,0.292,0,64.0,1
INV-203128,C1075,Independent,Northeast,EDI,12,346.54,30,29,7,0.115,0,,0
INV-203129,C1749,Independent,Midwest,Web Portal,12,10945.18,45,28,9,0.077,0,,0
INV-203130,C1475,Independent,Northeast,Sales Rep,12,13572.36,30,20,6,0.107,0,,0
INV-203131,C1115,National Account,Midwest,Web Portal,6,11059.79,60,48,18,0.106,0,,0
INV-203132,C1069,National Account,Midwest,Web Portal,6,11407.9,60,16,20,0.219,0,,0
INV-203133,C1710,National Account,South,EDI,3,25749.07,30,54,22,0.0,0,,0
INV-203134,C1526,National Account,West,Web Portal,9,24314.4,45,14,20,0.052,0,,0
INV-203135,C1443,Regional,Midwest,Sales Rep,1,3687.6,60,54,5,0.063,0,,0
INV-203136,C1122,Regional,Northeast,Phone,5,806.95,60,18,13,0.22,0,,1
INV-203137,C1195,Regional,Midwest,Sales Rep,5,8220.25,30,56,6,0.054,0,,0
INV-203138,C1402,National Account,South,EDI,2,10707.01,60,66,24,0.164,0,,0
INV-203139,C1101,National Account,Northeast,Web Portal,10,605.3,60,152,26,0.0,0,,0
INV-203140,C1587,National Account,Midwest,Sales Rep,3,10900.28,60,24,27,0.115,0,,0
INV-203141,C1299,National Account,Northeast,Sales Rep,4,37632.82,45,31,21,0.203,0,,0
INV-203142,C1585,Regional,Midwest,Web Portal,3,7779.95,45,86,12,0.015,0,,0
INV-203143,C1170,National Account,Midwest,Phone,1,1831.43,60,47,29,0.038,0,,0
INV-203144,C1005,National Account,South,Phone,11,9062.26,60,34,16,0.016,0,,0
INV-203145,C1717,Independent,Midwest,Sales Rep,6,2413.42,30,10,13,0.106,0,,0
INV-203146,C1622,Regional,Midwest,EDI,9,1576.38,45,43,7,0.105,0,,0
INV-203147,C1383,Independent,Midwest,Web Portal,8,1803.42,30,15,10,0.259,0,,0
INV-203148,C1846,Independent,Northeast,EDI,6,1422.15,30,23,17,0.152,0,,0
INV-203149,C1741,National Account,Midwest,Phone,6,20310.65,60,93,39,0.0,0,,0
INV-203150,C1394,National Account,Northeast,Web Portal,3,2279.94,30,93,28,0.456,0,,0
INV-203151,C1599,Regional,Midwest,Phone,10,4515.06,60,69,11,0.326,0,105.0,1
INV-203152,C1606,National Account,South,Phone,12,11901.03,45,195,26,0.18,0,,0
INV-203153,C1600,Independent,South,Web Portal,6,1416.32,45,21,10,0.282,0,,0
INV-203154,C1812,Independent,Midwest,Web Portal,10,2891.01,30,29,10,0.053,0,,0
INV-203155,C1297,National Account,Northeast,EDI,1,9484.58,45,77,27,0.0,0,,0
INV-203156,C1843,Regional,Northeast,Phone,8,4515.28,30,29,12,0.187,1,,0
INV-203157,C1671,National Account,South,Web Portal,12,25115.11,60,231,17,0.0,0,,0
INV-203158,C1800,Independent,Midwest,Web Portal,12,3998.97,30,18,11,0.273,0,,0
INV-203159,C1488,Regional,Northeast,Phone,6,1901.08,45,79,12,0.075,0,,0
INV-203160,C1699,National Account,South,EDI,12,18558.43,60,49,22,0.008,0,,0
INV-203161,C1505,National Account,South,Sales Rep,12,7172.5,45,68,19,0.02,0,,0
INV-203162,C1747,Regional,South,EDI,1,2215.23,30,49,10,0.227,0,73.0,1
INV-203163,C1108,Independent,Northeast,EDI,7,3617.27,45,65,11,0.425,0,,0
INV-203164,C1353,National Account,Midwest,Sales Rep,4,14576.74,45,24,27,0.135,0,,0
INV-203165,C1703,Regional,South,Phone,10,2035.0,45,49,15,0.098,0,,0
INV-203166,C1066,Regional,Midwest,EDI,10,4024.88,60,38,9,0.102,0,,0
INV-203167,C1468,Independent,Northeast,Sales Rep,5,4601.1,30,11,17,0.127,0,62.0,0
INV-203168,C1235,Regional,South,EDI,7,7905.12,45,31,12,0.013,0,92.0,1
INV-203169,C1565,National Account,Northeast,EDI,8,48750.64,60,28,28,0.031,0,,0
INV-203170,C1715,Independent,West,Phone,3,1927.67,45,52,9,0.23,0,74.0,1
INV-203171,C1008,Independent,Midwest,Sales Rep,3,1173.43,30,21,11,0.0,0,,0
INV-203172,C1117,Regional,Northeast,Web Portal,3,10049.22,45,19,10,0.021,0,,0
INV-203173,C1394,National Account,South,EDI,10,4293.55,45,93,16,0.019,0,,0
INV-203174,C1593,Regional,South,EDI,5,3368.88,60,128,11,0.293,0,,0
INV-203175,C1397,National Account,Midwest,Web Portal,7,8061.27,30,54,28,0.0,0,,0
INV-203176,C1564,National Account,South,EDI,6,5708.8,30,113,27,0.048,0,,0
INV-203177,C1826,Regional,West,Web Portal,5,3229.0,45,13,10,0.379,0,,0
INV-203178,C1446,National Account,South,Phone,10,8500.92,45,78,22,0.136,0,,0
INV-203179,C1712,National Account,Midwest,EDI,2,2916.85,30,66,17,0.0,0,,0
INV-203180,C1089,Independent,West,Phone,6,1003.18,30,6,11,0.152,0,,0
INV-203181,C1748,Regional,Midwest,EDI,7,3408.15,45,120,12,0.026,0,,0
INV-203182,C1425,Independent,West,Phone,10,982.65,45,20,8,0.264,0,,0
INV-203183,C1023,National Account,South,Phone,10,3374.96,30,33,20,0.02,0,,0
INV-203184,C1566,National Account,Northeast,Sales Rep,3,16693.51,60,58,19,0.035,0,,0
INV-203185,C1685,Independent,Midwest,Web Portal,9,2734.4,45,16,8,0.231,0,,0
INV-203186,C1352,National Account,Midwest,Sales Rep,6,5755.84,60,35,25,0.174,0,,0
INV-203187,C1809,Regional,West,Phone,7,1939.75,60,62,8,0.269,0,,0
INV-203188,C1030,Regional,West,Sales Rep,7,846.48,45,15,9,0.106,0,,0
INV-203189,C1271,Independent,Midwest,Sales Rep,10,200.88,45,8,12,0.241,0,,0
INV-203190,C1593,Regional,South,Web Portal,1,3194.54,45,128,7,0.052,0,,0
INV-203191,C1122,Regional,Northeast,Sales Rep,1,20927.29,30,18,13,0.057,0,,0
INV-203192,C1264,Independent,South,Phone,7,2300.5,30,20,12,0.269,0,,0
INV-203193,C1427,National Account,South,Web Portal,12,6462.06,45,71,18,0.0,0,,0
INV-203194,C1628,Independent,West,Phone,9,1182.81,45,35,16,0.208,0,,0
INV-203195,C1343,Regional,Midwest,Web Portal,10,962.7,45,38,12,0.066,0,,0
INV-203196,C1429,Independent,Midwest,EDI,11,3487.38,45,15,4,0.334,0,,0
INV-203197,C1397,National Account,Northeast,Web Portal,5,14069.31,60,54,23,0.0,0,,0
INV-203198,C1042,Regional,Northeast,Sales Rep,1,3970.74,30,21,16,0.0,0,,0
INV-203199,C1690,Independent,West,Sales Rep,4,1308.83,30,14,8,0.138,0,,0
INV-203200,C1526,National Account,Midwest,Web Portal,8,8051.24,30,14,14,0.289,0,,0
INV-203201,C1543,Regional,Midwest,Sales Rep,4,4190.44,30,19,10,0.185,0,,0
INV-203202,C1370,Regional,Northeast,Web Portal,6,3283.72,60,68,8,0.085,0,,0
INV-203203,C1750,National Account,West,Sales Rep,3,6449.19,30,108,23,0.0,0,,0
INV-203204,C1762,National Account,West,EDI,9,2715.63,45,36,22,0.151,0,,0
INV-203205,C1528,Independent,South,EDI,6,1412.34,30,19,15,0.075,0,,0
INV-203206,C1137,Regional,South,Web Portal,4,5756.36,60,51,6,0.159,0,,0
INV-203207,C1258,Independent,South,Phone,9,14721.39,30,13,11,0.0,0,,0
INV-203208,C1590,Independent,South,Phone,6,1420.0,60,19,11,0.12,0,,0
INV-203209,C1706,Regional,South,Sales Rep,3,2491.33,30,17,10,0.128,0,,0
INV-203210,C1354,Independent,South,EDI,7,2844.45,30,44,3,0.128,0,,0
INV-203211,C1202,National Account,Midwest,Web Portal,7,3871.1,45,98,19,0.144,0,,0
INV-203212,C1779,Regional,Northeast,Sales Rep,3,5357.69,45,17,10,0.227,1,,0
INV-203213,C1593,Regional,Midwest,Sales Rep,2,8341.6,30,128,10,0.079,0,,0
INV-203214,C1045,National Account,Northeast,EDI,6,12790.6,60,120,17,0.0,0,,0
INV-203215,C1496,Regional,West,Phone,10,6691.44,60,49,10,0.171,0,,0
INV-203216,C1823,National Account,Northeast,Web Portal,3,10354.18,45,138,18,0.094,0,,0
INV-203217,C1476,Independent,South,Sales Rep,12,1528.24,30,21,9,0.165,0,,0
INV-203218,C1599,Regional,Midwest,EDI,10,3366.71,30,69,11,0.0,0,64.0,0
INV-203219,C1336,National Account,Midwest,EDI,6,8851.1,30,5,32,0.149,0,,0
INV-203220,C1170,National Account,Northeast,Phone,10,42454.72,30,47,25,0.05,0,,0
INV-203221,C1084,National Account,Northeast,Web Portal,8,12702.67,30,258,28,0.0,0,,0
INV-203222,C1002,Regional,Midwest,EDI,1,5163.85,30,56,9,0.151,0,,0
INV-203223,C1328,National Account,West,Web Portal,2,3294.84,45,81,28,0.14,0,,0
INV-203224,C1799,Regional,Northeast,Web Portal,8,1614.67,30,38,8,0.286,0,,0
INV-203225,C1583,National Account,Midwest,Sales Rep,4,64596.72,60,103,25,0.157,0,,0
INV-203226,C1428,National Account,Midwest,Sales Rep,8,1317.97,60,19,28,0.0,0,,0
INV-203227,C1504,Independent,Midwest,Sales Rep,3,3385.77,45,17,2,0.0,0,,0
INV-203228,C1097,National Account,Midwest,EDI,5,15620.92,60,32,19,0.0,0,,0
INV-203229,C1223,Independent,Northeast,Phone,8,1132.82,30,22,12,0.082,0,,0
INV-203230,C1228,National Account,Midwest,Web Portal,2,6673.39,60,12,24,0.178,0,,0
INV-203231,C1459,Regional,South,EDI,2,3232.95,30,24,8,0.271,0,,0
INV-203232,C1508,Regional,South,EDI,9,3706.45,45,34,10,0.115,0,,0
INV-203233,C1332,National Account,Midwest,Phone,11,15693.89,45,14,30,0.022,0,,0
INV-203234,C1653,Regional,West,EDI,3,7213.3,30,8,8,0.259,0,,0
INV-203235,C1560,Regional,Midwest,Sales Rep,3,1969.67,30,125,11,0.439,0,,0
INV-203236,C1322,Independent,Northeast,Web Portal,6,2273.25,30,39,8,0.446,0,,0
INV-203237,C1488,Regional,Midwest,EDI,9,2992.98,60,79,8,0.265,0,,0
INV-203238,C1055,Regional,South,EDI,8,3872.95,60,42,5,0.165,0,,0
INV-203239,C1274,National Account,Northeast,Sales Rep,4,15132.82,60,33,23,0.144,0,,0
INV-203240,C1451,Regional,West,Phone,9,1634.06,30,128,13,0.182,0,,0
INV-203241,C1353,National Account,Northeast,Phone,9,3689.6,30,24,19,0.198,0,,0
INV-203242,C1838,Regional,Northeast,Phone,12,6544.41,45,14,11,0.148,0,96.0,1
INV-203243,C1310,National Account,Midwest,Sales Rep,10,12010.94,60,161,21,0.294,0,,0
INV-203244,C1709,National Account,West,Sales Rep,1,21613.78,30,45,20,0.068,0,,0
INV-203245,C1765,Independent,Midwest,Web Portal,10,1263.13,45,11,7,0.077,0,,0
INV-203246,C1097,National Account,Northeast,EDI,8,31391.23,45,32,22,0.0,0,,0
INV-203247,C1427,National Account,South,EDI,7,14614.92,60,71,13,0.0,0,,0
INV-203248,C1115,National Account,Midwest,EDI,12,48813.47,30,48,17,0.114,0,,0
INV-203249,C1293,Regional,Northeast,Phone,12,8274.38,30,8,13,0.151,0,,0
INV-203250,C1680,Independent,Midwest,Phone,11,16247.26,30,16,15,0.347,0,,0
INV-203251,C1026,National Account,South,EDI,11,46802.45,45,48,32,0.315,0,,0
INV-203252,C1334,National Account,Midwest,Sales Rep,1,4558.93,60,103,26,0.02,1,,0
INV-203253,C1166,Regional,South,Sales Rep,3,2714.89,45,20,10,0.455,0,81.0,1
INV-203254,C1484,Independent,South,Phone,2,1955.39,30,44,10,0.234,0,,0
INV-203255,C1144,Regional,Northeast,Phone,12,4087.57,45,31,8,0.203,0,,0
INV-203256,C1045,National Account,South,Sales Rep,3,5313.95,60,120,21,0.0,0,,0
INV-203257,C1071,Regional,Midwest,Web Portal,3,2887.75,30,48,9,0.329,0,,0
INV-203258,C1364,Regional,South,EDI,2,6812.6,45,11,11,0.175,0,,0
INV-203259,C1698,National Account,West,Web Portal,3,28480.8,60,49,26,0.0,0,,0
INV-203260,C1137,Regional,South,Sales Rep,6,1942.69,45,51,10,0.125,0,,0
INV-203261,C1480,Independent,Midwest,Phone,6,1428.12,30,16,16,0.155,0,,0
INV-203262,C1641,Regional,South,EDI,7,1519.8,30,35,9,0.044,0,,0
INV-203263,C1543,Regional,South,EDI,11,45493.52,30,19,7,0.1,0,,0
INV-203264,C1787,National Account,South,Web Portal,4,7703.63,60,103,27,0.0,0,,0
INV-203265,C1072,Regional,South,Web Portal,1,8726.74,30,23,10,0.3,0,,0
INV-203266,C1322,Independent,Midwest,Phone,10,5606.72,30,39,7,0.225,0,55.0,1
INV-203267,C1201,Independent,Midwest,Sales Rep,12,1811.23,30,51,14,0.251,0,,0
INV-203268,C1235,Regional,South,Phone,7,4129.68,30,31,9,0.056,0,,0
INV-203269,C1019,National Account,South,Web Portal,4,11717.15,45,43,29,0.05,0,,0
INV-203270,C1559,National Account,Northeast,Phone,1,13359.55,60,11,25,0.233,0,,0
INV-203271,C1213,Regional,Northeast,Sales Rep,5,1940.39,30,79,10,0.164,0,,0
INV-203272,C1806,Independent,Midwest,Sales Rep,2,5769.22,60,14,13,0.092,0,,0
INV-203273,C1131,Regional,Midwest,Sales Rep,1,8131.83,45,56,10,0.04,0,,0
INV-203274,C1750,National Account,South,Sales Rep,11,20806.53,30,108,28,0.184,0,,0
INV-203275,C1209,Independent,South,EDI,3,2766.5,30,5,9,0.287,0,76.0,1
INV-203276,C1193,Regional,Midwest,Phone,2,1357.99,45,26,8,0.256,0,,0
INV-203277,C1446,National Account,Midwest,Sales Rep,10,38404.7,45,78,20,0.023,0,87.0,0
INV-203278,C1497,National Account,South,EDI,12,21080.47,60,137,23,0.056,0,,0
INV-203279,C1601,National Account,Midwest,Web Portal,2,7291.66,60,17,25,0.029,0,,0
INV-203280,C1442,National Account,Northeast,EDI,12,27131.07,45,45,21,0.095,0,,0
INV-203281,C1628,Independent,South,EDI,8,16804.13,30,35,14,0.133,0,,0
INV-203282,C1606,National Account,South,Phone,12,2941.6,45,195,23,0.155,0,,0
INV-203283,C1386,National Account,South,Phone,10,6286.38,30,111,16,0.0,0,,0
INV-203284,C1712,National Account,Midwest,Web Portal,4,15865.97,30,66,24,0.0,0,,0
INV-203285,C1069,National Account,South,Web Portal,3,14592.13,30,16,21,0.06,0,,0
INV-203286,C1189,National Account,South,EDI,6,15256.95,60,90,19,0.03,0,,0
INV-203287,C1408,Regional,Midwest,EDI,4,3416.8,45,34,12,0.134,0,,0
INV-203288,C1239,Regional,Northeast,Phone,10,2815.54,45,63,11,0.0,0,,0
INV-203289,C1149,Regional,South,Phone,10,7130.6,60,20,10,0.079,0,,0
INV-203290,C1596,Regional,South,Sales Rep,9,3722.99,45,17,13,0.069,0,,0
INV-203291,C1411,National Account,Midwest,Sales Rep,11,8470.78,30,70,25,0.146,0,,0
INV-203292,C1642,Regional,South,Phone,5,1545.46,30,47,10,0.11,0,,0
INV-203293,C1188,Regional,West,Phone,12,20177.14,45,46,7,0.188,0,77.0,1
INV-203294,C1745,Regional,West,Sales Rep,11,1091.89,45,73,6,0.046,0,,0
INV-203295,C1656,Regional,Northeast,Sales Rep,12,3967.79,45,84,14,0.062,0,,0
INV-203296,C1485,Independent,South,Web Portal,6,4515.0,45,9,9,0.271,0,,0
INV-203297,C1492,National Account,Midwest,Web Portal,10,5180.42,60,102,20,0.459,0,,0
INV-203298,C1049,Independent,Northeast,EDI,5,1555.24,30,13,7,0.405,0,,0
INV-203299,C1135,Regional,Midwest,Web Portal,1,7500.49,45,86,7,0.172,0,,0
INV-203300,C1607,Regional,South,EDI,1,3683.24,30,51,11,0.186,0,,0
INV-203301,C1642,Regional,Midwest,Phone,4,2306.82,45,47,12,0.052,0,,0
INV-203302,C1115,National Account,South,Sales Rep,11,5548.49,60,48,25,0.063,0,,0
INV-203303,C1419,National Account,South,Sales Rep,1,3580.41,45,31,15,0.059,0,72.0,1
INV-203304,C1800,Independent,Northeast,Sales Rep,7,3468.37,30,18,9,0.059,1,,0
INV-203305,C1216,Regional,West,Sales Rep,4,1603.82,45,23,11,0.138,0,,0
INV-203306,C1360,Independent,South,Web Portal,4,2723.56,45,43,10,0.184,0,,0
INV-203307,C1320,Independent,Midwest,Web Portal,3,2380.43,30,30,9,0.244,0,,0
INV-203308,C1728,National Account,Northeast,Sales Rep,9,34127.21,30,121,27,0.121,1,,1
INV-203309,C1818,National Account,Northeast,Sales Rep,4,1684.46,45,113,20,0.044,0,,0
INV-203310,C1122,Regional,West,EDI,3,73595.2,30,18,12,0.0,0,,0
INV-203311,C1745,Regional,Northeast,Sales Rep,8,9763.32,60,73,9,0.018,0,,0
INV-203312,C1005,National Account,South,EDI,11,11230.69,45,34,24,0.0,0,,0
INV-203313,C1484,Independent,Northeast,Sales Rep,9,2086.27,30,44,8,0.146,0,,0
INV-203314,C1236,National Account,Northeast,Sales Rep,12,17578.46,45,36,20,0.0,0,,0
INV-203315,C1231,National Account,Northeast,Sales Rep,7,47624.7,45,35,26,0.065,0,,0
INV-203316,C1268,Independent,Midwest,Phone,9,3563.4,30,28,13,0.132,0,,0
INV-203317,C1140,Independent,West,Phone,8,475.44,30,3,9,0.0,0,,0
INV-203318,C1009,Regional,South,Sales Rep,11,2016.29,30,32,10,0.06,0,,0
INV-203319,C1458,Regional,South,Web Portal,2,2587.24,45,28,10,0.086,0,70.0,1
INV-203320,C1192,Regional,Midwest,Phone,12,3355.38,60,39,13,0.036,0,,0
INV-203321,C1249,Regional,Midwest,Phone,4,7441.32,45,46,9,0.0,0,,0
INV-203322,C1213,Regional,Northeast,Phone,12,1026.83,45,79,7,0.113,0,,0
INV-203323,C1043,Regional,West,Web Portal,5,12855.2,45,85,12,0.075,0,,0
INV-203324,C1413,Independent,Midwest,Web Portal,7,1664.33,45,5,14,0.164,0,,0
INV-203325,C1628,Independent,Midwest,EDI,12,1247.52,30,35,14,0.3,0,,0
INV-203326,C1306,National Account,Midwest,Web Portal,10,6949.42,60,20,27,0.0,0,,0
INV-203327,C1779,Regional,West,Phone,2,2247.12,45,17,6,0.399,0,,0
INV-203328,C1710,National Account,South,Web Portal,12,5955.7,45,54,17,0.445,0,,0
INV-203329,C1388,Regional,Midwest,Phone,4,2662.42,45,35,7,0.142,0,,0
INV-203330,C1706,Regional,South,EDI,3,3603.17,45,17,9,0.174,0,,0
INV-203331,C1247,Independent,Northeast,Sales Rep,1,1248.94,30,11,11,0.152,0,,0
INV-203332,C1615,Independent,South,EDI,12,3974.77,30,15,9,0.133,0,,0
INV-203333,C1555,Regional,Midwest,Sales Rep,2,2417.48,45,41,6,0.058,0,65.0,1
INV-203334,C1328,National Account,South,Phone,2,19952.8,30,81,28,0.075,0,,0
INV-203335,C1611,Independent,South,Sales Rep,3,2307.41,45,14,10,0.357,0,,0
INV-203336,C1281,Independent,South,EDI,9,1353.4,30,21,10,0.15,0,,0
INV-203337,C1535,National Account,South,EDI,8,18498.22,45,55,21,0.0,0,,0
INV-203338,C1451,Regional,Midwest,Sales Rep,3,1647.04,45,128,6,0.215,0,,0
INV-203339,C1507,National Account,West,EDI,2,8317.5,60,37,19,0.006,0,,0
INV-203340,C1266,Regional,Northeast,Phone,1,4264.52,30,22,9,0.228,0,,0
INV-203341,C1711,Regional,South,Sales Rep,3,2357.98,45,13,13,0.271,0,,0
INV-203342,C1803,National Account,Midwest,Web Portal,4,20916.65,45,32,31,0.178,0,,0
INV-203343,C1240,Regional,Midwest,EDI,6,629.4,30,64,10,0.069,0,,0
INV-203344,C1426,Regional,Northeast,Sales Rep,6,2522.36,30,24,13,0.231,0,70.0,1
INV-203345,C1728,National Account,Midwest,EDI,10,2880.4,45,121,20,0.014,0,,0
INV-203346,C1043,Regional,Northeast,Sales Rep,8,1568.69,45,85,9,0.087,0,,0
INV-203347,C1298,Independent,West,EDI,3,614.98,30,23,9,0.097,0,,0
INV-203348,C1652,Regional,Midwest,EDI,9,6542.95,45,80,15,0.185,0,,0
INV-203349,C1352,National Account,West,Sales Rep,2,10051.85,60,35,21,0.056,0,,0
INV-203350,C1252,National Account,Midwest,Sales Rep,5,7140.41,60,90,29,0.042,0,,0
INV-203351,C1335,Independent,West,Sales Rep,5,2950.54,30,13,12,0.308,0,,0
INV-203352,C1016,Independent,Northeast,EDI,2,4093.31,45,15,10,0.032,1,,0
INV-203353,C1760,Regional,South,Phone,1,3547.39,45,55,7,0.0,0,,0
INV-203354,C1305,Independent,South,Phone,6,1676.35,30,36,14,0.331,0,,0
INV-203355,C1681,Regional,South,Sales Rep,4,1372.43,30,43,12,0.034,0,,0
INV-203356,C1471,National Account,Northeast,Sales Rep,12,19115.2,60,137,22,0.041,0,,0
INV-203357,C1121,National Account,Northeast,Web Portal,6,20946.76,45,46,21,0.013,0,,0
INV-203358,C1233,Regional,Northeast,EDI,12,16099.61,30,118,8,0.037,0,,0
INV-203359,C1754,Regional,West,Sales Rep,8,3426.77,30,30,11,0.15,0,,0
INV-203360,C1402,National Account,South,Phone,2,6821.78,60,66,22,0.171,0,,0
INV-203361,C1297,National Account,Northeast,Web Portal,9,2661.89,30,77,20,0.0,0,,0
INV-203362,C1068,Regional,Northeast,Phone,5,1276.94,45,55,13,0.099,0,,0
INV-203363,C1601,National Account,West,Web Portal,8,7873.39,60,17,24,0.0,0,,0
INV-203364,C1477,National Account,Midwest,Sales Rep,5,10146.42,45,173,21,0.13,0,,0
INV-203365,C1474,Regional,South,Sales Rep,5,1941.74,30,25,8,0.02,0,,0
INV-203366,C1027,Regional,West,EDI,2,1217.31,30,38,12,0.039,0,,0
INV-203367,C1359,Independent,Midwest,Sales Rep,6,1502.41,45,50,8,0.221,0,,0
INV-203368,C1387,Regional,Northeast,Web Portal,6,195.19,45,55,3,0.197,0,,0
INV-203369,C1304,Independent,Northeast,Sales Rep,7,4098.3,45,12,7,0.116,0,,0
INV-203370,C1248,National Account,Midwest,Phone,4,23984.8,30,47,32,0.0,0,,0
INV-203371,C1271,Independent,West,Phone,8,2174.32,30,8,8,0.096,0,,0
INV-203372,C1070,Independent,West,EDI,2,2359.26,30,13,13,0.431,0,,1
INV-203373,C1386,National Account,Northeast,Web Portal,6,5626.73,60,111,21,0.067,0,,0
INV-203374,C1164,Regional,Midwest,Web Portal,6,4682.58,45,19,8,0.021,0,,0
INV-203375,C1216,Regional,Northeast,Sales Rep,11,2324.49,45,23,14,0.129,0,,0
INV-203376,C1753,Independent,Northeast,Web Portal,1,2310.28,30,34,9,0.03,0,,0
INV-203377,C1369,Regional,Northeast,Phone,10,1952.3,45,43,9,0.095,0,,0
INV-203378,C1750,National Account,West,EDI,10,6016.33,30,108,31,0.0,0,,0
INV-203379,C1075,Independent,Midwest,Sales Rep,5,8624.54,30,29,13,0.137,0,,0
INV-203380,C1347,Regional,West,Phone,1,843.59,60,85,10,0.332,0,,0
INV-203381,C1397,National Account,Midwest,EDI,8,27543.4,45,54,20,0.2,0,,0
INV-203382,C1610,Regional,South,EDI,3,1717.63,45,22,8,0.208,0,,0
INV-203383,C1581,Independent,West,Sales Rep,4,454.25,30,4,11,0.049,0,,0
INV-203384,C1407,Regional,Northeast,Web Portal,12,4510.05,45,25,9,0.038,0,,0
INV-203385,C1353,National Account,West,EDI,8,11950.72,30,24,27,0.057,0,,0
INV-203386,C1302,Independent,Northeast,Web Portal,6,1452.21,30,30,12,0.123,0,,0
INV-203387,C1407,Regional,Midwest,Sales Rep,4,8852.21,30,25,11,0.0,0,,0
INV-203388,C1623,Regional,Northeast,EDI,8,1195.43,45,33,11,0.0,0,,0
INV-203389,C1482,Regional,Midwest,EDI,11,8262.38,30,68,10,0.041,0,,0
INV-203390,C1585,Regional,South,Sales Rep,3,8443.95,60,86,6,0.063,0,,0
INV-203391,C1712,National Account,West,Phone,12,4958.27,45,66,14,0.0,0,,0
INV-203392,C1253,Regional,South,Sales Rep,8,2347.16,30,48,19,0.137,0,,0
INV-203393,C1034,Regional,South,Sales Rep,8,1165.36,30,52,8,0.11,0,,0
INV-203394,C1146,National Account,Midwest,Web Portal,7,8833.64,60,38,30,0.155,1,,0
INV-203395,C1337,Regional,Midwest,Web Portal,3,6832.82,45,20,12,0.173,0,,0
INV-203396,C1746,Regional,Midwest,EDI,10,10467.17,45,65,7,0.202,0,,0
INV-203397,C1237,National Account,Midwest,Sales Rep,7,10154.67,30,55,17,0.0,1,,0
INV-203398,C1019,National Account,Northeast,Web Portal,2,9230.97,60,43,28,0.0,0,,0
INV-203399,C1776,Regional,South,Sales Rep,1,1184.5,45,13,13,0.316,0,,0
INV-203400,C1451,Regional,Northeast,EDI,3,1248.49,30,128,19,0.179,0,,0
INV-203401,C1472,Regional,Midwest,Phone,12,7917.87,30,66,7,0.19,0,,0
INV-203402,C1202,National Account,South,Sales Rep,10,8164.73,30,98,20,0.085,0,,0
INV-203403,C1375,National Account,Midwest,EDI,9,7066.3,30,39,18,0.072,0,,0
INV-203404,C1608,Independent,South,Web Portal,2,7848.11,45,17,8,0.0,0,,0
INV-203405,C1322,Independent,Midwest,Phone,2,3269.62,30,39,10,0.488,0,58.0,1
INV-203406,C1775,Regional,South,Web Portal,10,21068.0,30,10,8,0.122,0,,0
INV-203407,C1246,Independent,Northeast,Phone,7,4124.42,30,8,11,0.238,0,,0
INV-203408,C1636,Regional,Northeast,Web Portal,2,8746.74,30,73,11,0.05,0,,0
INV-203409,C1722,Regional,South,EDI,10,7982.99,45,30,8,0.138,0,,0
INV-203410,C1325,Regional,Northeast,EDI,11,8359.05,45,59,7,0.125,0,,0
INV-203411,C1639,Regional,West,Sales Rep,11,1811.4,45,12,9,0.068,1,,0
INV-203412,C1579,Regional,Midwest,Sales Rep,9,4363.59,60,21,8,0.111,0,,0
INV-203413,C1773,Independent,South,Web Portal,2,4348.6,30,18,13,0.196,0,,0
INV-203414,C1728,National Account,Midwest,Sales Rep,9,2902.97,30,121,18,0.027,0,,0
INV-203415,C1343,Regional,Midwest,Sales Rep,10,2555.76,30,38,6,0.141,0,,0
INV-203416,C1374,Regional,South,Sales Rep,2,1698.89,45,17,7,0.079,0,,0
INV-203417,C1811,Regional,West,EDI,12,24190.92,30,7,7,0.12,0,82.0,1
INV-203418,C1264,Independent,Northeast,EDI,4,6561.95,30,20,14,0.22,0,,0
INV-203419,C1768,National Account,Midwest,EDI,6,35667.96,45,109,23,0.13,0,,0
INV-203420,C1032,Regional,Northeast,Sales Rep,11,1833.21,60,41,13,0.327,0,,0
INV-203421,C1103,National Account,South,Sales Rep,5,4333.0,60,80,19,0.084,0,,0
INV-203422,C1259,National Account,South,Web Portal,3,10255.34,60,71,19,0.0,0,,0
INV-203423,C1363,Independent,South,Sales Rep,8,2374.36,30,6,15,0.306,0,,0
INV-203424,C1115,National Account,Midwest,Web Portal,3,4918.01,30,48,27,0.119,0,,0
INV-203425,C1675,National Account,West,Web Portal,9,11487.94,60,120,26,0.185,0,,0
INV-203426,C1216,Regional,Midwest,Web Portal,2,3522.21,60,23,7,0.196,0,,0
INV-203427,C1312,National Account,Midwest,Sales Rep,6,22401.93,60,104,24,0.035,0,,0
INV-203428,C1565,National Account,West,Sales Rep,3,25895.49,60,28,22,0.158,0,,0
INV-203429,C1773,Independent,South,Sales Rep,7,4302.8,45,18,6,0.329,0,,0
INV-203430,C1063,Independent,West,Web Portal,9,2215.94,30,28,9,0.102,0,,0
INV-203431,C1683,Independent,West,EDI,7,1654.07,30,31,9,0.113,0,,0
INV-203432,C1622,Regional,Midwest,Sales Rep,9,2331.94,30,43,7,0.014,0,,0
INV-203433,C1421,Regional,Midwest,EDI,12,4479.23,30,29,10,0.0,0,,0
INV-203434,C1671,National Account,Northeast,Sales Rep,9,38146.52,60,231,28,0.0,0,,0
INV-203435,C1199,Independent,West,Web Portal,9,1971.38,45,9,12,0.527,0,,0
INV-203436,C1180,Independent,Northeast,Phone,7,4581.02,45,21,10,0.085,0,,0
INV-203437,C1834,Regional,West,Phone,1,8903.04,30,101,9,0.112,0,,0
INV-203438,C1659,National Account,West,Web Portal,11,22128.81,60,99,19,0.0,0,,0
INV-203439,C1826,Regional,Midwest,Sales Rep,3,609.05,60,13,6,0.238,0,,0
INV-203440,C1442,National Account,South,Phone,10,8601.68,60,45,27,0.022,0,,0
INV-203441,C1128,Regional,Midwest,Sales Rep,8,3133.86,45,30,11,0.176,0,,0
INV-203442,C1820,Regional,West,EDI,12,1696.0,30,58,8,0.227,0,,0
INV-203443,C1546,Regional,Northeast,EDI,6,2280.58,60,72,8,0.184,0,,0
INV-203444,C1190,Independent,Midwest,Web Portal,9,4765.23,45,17,10,0.097,0,,0
INV-203445,C1643,Independent,Northeast,Phone,4,3414.51,30,26,11,0.087,0,,0
INV-203446,C1024,Regional,West,Phone,4,13434.69,45,141,11,0.166,0,,0
INV-203447,C1343,Regional,Midwest,Web Portal,12,4740.18,30,38,8,0.082,0,,0
INV-203448,C1340,Independent,South,Web Portal,9,475.74,30,29,12,0.154,0,,0
INV-203449,C1487,Regional,Northeast,Sales Rep,8,5732.16,60,74,10,0.228,0,,0
INV-203450,C1523,Independent,South,EDI,2,3001.03,30,34,13,0.022,0,,0
INV-203451,C1509,Independent,Northeast,Sales Rep,7,1071.07,45,20,6,0.045,0,,0
INV-203452,C1440,Regional,South,Sales Rep,11,4674.95,45,67,9,0.159,0,,0
INV-203453,C1545,National Account,Northeast,EDI,4,5419.05,30,183,28,0.158,0,,0
INV-203454,C1655,Regional,South,Sales Rep,11,20628.85,30,22,13,0.065,0,,0
INV-203455,C1002,Regional,Northeast,EDI,4,7006.79,30,56,9,0.041,0,,0
INV-203456,C1001,Regional,West,EDI,11,4350.41,30,30,9,0.091,0,,0
INV-203457,C1540,National Account,Midwest,Sales Rep,5,21548.62,45,73,21,0.219,0,,0
INV-203458,C1769,Independent,West,Sales Rep,7,1300.02,45,23,12,0.162,0,,0
INV-203459,C1398,National Account,South,Sales Rep,6,6329.64,30,161,32,0.0,0,,0
INV-203460,C1333,Regional,West,Phone,8,5908.13,45,19,11,0.18,0,,0
INV-203461,C1308,Regional,Northeast,Web Portal,3,7320.65,30,18,16,0.0,0,,0
INV-203462,C1206,Regional,West,Web Portal,11,4137.27,45,35,12,0.261,0,,0
INV-203463,C1625,Regional,South,Phone,11,6404.97,45,70,11,0.044,0,,0
INV-203464,C1815,Independent,Northeast,EDI,2,1704.99,30,17,12,0.147,0,,0
INV-203465,C1835,Regional,West,Web Portal,7,14009.0,45,74,9,0.019,0,,0
INV-203466,C1257,Regional,Midwest,Web Portal,4,715.97,30,35,9,0.107,0,,0
INV-203467,C1572,Regional,Midwest,Web Portal,1,2521.82,45,15,7,0.119,0,,0
INV-203468,C1121,National Account,West,Sales Rep,8,894.54,45,46,28,0.065,1,,0
INV-203469,C1064,Regional,Northeast,Web Portal,6,4435.29,30,54,11,0.077,0,,0
INV-203470,C1757,Independent,Midwest,Phone,10,428.51,30,14,9,0.086,0,,0
INV-203471,C1255,National Account,Northeast,Web Portal,6,47334.75,60,86,27,0.0,0,,0
INV-203472,C1427,National Account,Midwest,Sales Rep,2,23853.46,60,71,24,0.148,0,,0
INV-203473,C1025,Regional,Midwest,Phone,8,962.21,30,14,12,0.162,0,,0
INV-203474,C1025,Regional,Midwest,Web Portal,5,10938.15,45,14,10,0.415,0,,0
INV-203475,C1818,National Account,Midwest,Phone,7,22627.62,45,113,20,0.036,0,,0
INV-203476,C1521,Independent,West,Sales Rep,7,3571.72,30,2,11,0.187,0,,0
INV-203477,C1147,Regional,Northeast,Web Portal,1,9619.78,60,30,16,0.2,0,,0
INV-203478,C1731,Independent,Midwest,Web Portal,5,4919.83,30,10,7,0.143,0,,0
INV-203479,C1006,Regional,South,Web Portal,12,6380.22,30,23,12,0.062,0,,0
INV-203480,C1231,National Account,South,Web Portal,1,3885.57,45,35,20,0.338,0,,0
INV-203481,C1306,National Account,South,Web Portal,3,3637.76,60,20,31,0.0,0,,0
INV-203482,C1402,National Account,South,Sales Rep,2,8304.15,45,66,21,0.099,0,,0
INV-203483,C1097,National Account,West,Phone,2,4889.58,60,32,20,0.0,0,,0
INV-203484,C1196,National Account,Northeast,Web Portal,7,9292.74,45,28,25,0.0,0,,0
INV-203485,C1282,Independent,South,Sales Rep,4,664.94,30,13,12,0.238,0,,0
INV-203486,C1648,Regional,Northeast,Phone,3,443.94,30,39,9,0.061,0,,0
INV-203487,C1846,Independent,West,Web Portal,5,5352.68,30,23,14,0.078,0,,0
INV-203488,C1849,Regional,Midwest,Sales Rep,12,9709.72,60,34,10,0.03,0,,0
INV-203489,C1481,Regional,Northeast,Phone,8,2167.56,45,11,5,0.058,0,,0
INV-203490,C1847,National Account,Midwest,Web Portal,10,6318.61,60,10,28,0.0,0,,0
INV-203491,C1440,Regional,Midwest,Phone,8,3806.02,45,67,12,0.073,0,,0
INV-203492,C1334,National Account,Midwest,Sales Rep,2,8095.22,45,103,24,0.189,0,,0
INV-203493,C1715,Independent,South,Web Portal,11,1490.87,30,52,10,0.015,0,,0
INV-203494,C1774,Independent,Northeast,Phone,9,1044.17,45,13,9,0.112,0,,0
INV-203495,C1750,National Account,West,EDI,5,6866.12,45,108,22,0.498,0,,0
INV-203496,C1661,National Account,South,Phone,3,13901.5,60,170,21,0.153,0,,0
INV-203497,C1818,National Account,Northeast,Web Portal,5,5569.76,60,113,27,0.092,0,,0
INV-203498,C1306,National Account,West,EDI,7,35417.3,45,20,28,0.092,0,,0
INV-203499,C1019,National Account,Midwest,EDI,4,8396.45,60,43,18,0.0,0,,0
INV-203500,C1815,Independent,South,Phone,6,432.29,45,17,11,0.432,0,65.0,1
INV-203501,C1106,National Account,West,Sales Rep,3,9144.99,60,46,15,0.064,0,,0
INV-203502,C1127,Regional,Midwest,Phone,8,3114.06,30,19,16,0.286,0,,0
INV-203503,C1299,National Account,Northeast,EDI,1,16522.31,60,31,27,0.0,0,,0
INV-203504,C1202,National Account,Midwest,EDI,10,9384.52,60,98,24,0.0,0,,0
INV-203505,C1304,Independent,Northeast,Sales Rep,8,444.03,45,12,16,0.307,0,,0
INV-203506,C1037,Regional,South,Web Portal,5,2482.28,60,75,7,0.126,0,,0
INV-203507,C1771,Independent,Midwest,Sales Rep,3,1333.76,45,43,8,0.08,0,,0
INV-203508,C1474,Regional,South,Phone,8,12839.87,45,25,12,0.0,0,,0
INV-203509,C1809,Regional,West,Sales Rep,1,2323.52,45,62,14,0.071,0,,0
INV-203510,C1084,National Account,Northeast,Web Portal,5,1826.18,60,258,24,0.022,0,,0
INV-203511,C1793,Regional,Northeast,EDI,4,3578.85,30,39,10,0.355,0,,0
INV-203512,C1583,National Account,South,Sales Rep,1,56191.48,60,103,36,0.052,0,,0
INV-203513,C1449,National Account,Northeast,Web Portal,6,11015.67,45,192,26,0.0,0,,0
INV-203514,C1425,Independent,Midwest,EDI,8,436.71,30,20,12,0.035,0,,0
INV-203515,C1805,Regional,South,Phone,2,2231.82,30,158,10,0.143,0,,0
INV-203516,C1462,Independent,West,Phone,3,2122.78,45,7,7,0.235,1,,0
INV-203517,C1471,National Account,West,Phone,4,20101.84,60,137,20,0.038,0,,0
INV-203518,C1347,Regional,Midwest,Sales Rep,2,3131.11,45,85,12,0.009,0,,0
INV-203519,C1377,Regional,Midwest,Sales Rep,3,1002.75,45,22,12,0.0,0,,0
INV-203520,C1559,National Account,Northeast,Sales Rep,7,2710.85,45,11,24,0.056,0,,0
INV-203521,C1168,Regional,Midwest,Phone,7,632.23,60,50,10,0.001,0,,0
INV-203522,C1033,Independent,Midwest,EDI,4,2784.07,30,24,18,0.158,0,,0
INV-203523,C1233,Regional,Midwest,Sales Rep,8,1431.72,45,118,10,0.18,0,,0
INV-203524,C1030,Regional,Midwest,Web Portal,1,3031.14,45,15,9,0.175,0,91.0,1
INV-203525,C1166,Regional,South,Web Portal,11,1747.59,45,20,11,0.149,0,,0
INV-203526,C1126,Independent,West,Web Portal,1,6735.13,30,24,13,0.005,0,,0
INV-203527,C1443,Regional,Midwest,Sales Rep,12,5382.97,30,54,11,0.168,0,,0
INV-203528,C1444,Independent,Midwest,Phone,11,1508.57,30,57,7,0.245,0,,0
INV-203529,C1511,Regional,Northeast,Phone,3,1918.72,30,40,9,0.0,0,,0
INV-203530,C1430,Regional,South,Sales Rep,8,654.74,45,34,12,0.304,0,,0
INV-203531,C1109,Independent,West,Web Portal,10,1923.21,30,23,9,0.219,0,,0
INV-203532,C1386,National Account,West,EDI,11,2250.47,30,111,21,0.134,1,,0
INV-203533,C1061,Regional,South,EDI,7,1546.24,30,30,16,0.346,0,,0
INV-203534,C1526,National Account,Midwest,Phone,4,10307.63,45,14,28,0.01,0,,0
INV-203535,C1698,National Account,West,Sales Rep,10,20332.38,60,49,20,0.198,0,87.0,0
INV-203536,C1207,Independent,South,Sales Rep,12,298.83,30,16,15,0.499,1,,0
INV-203537,C1113,Regional,South,EDI,3,8750.0,45,26,9,0.087,0,,0
INV-203538,C1627,Regional,South,Sales Rep,4,2442.47,45,29,18,0.227,0,,0
INV-203539,C1241,Regional,South,Sales Rep,3,2570.33,45,10,8,0.106,0,,0
INV-203540,C1218,National Account,West,Web Portal,1,17739.39,60,43,23,0.331,0,,0
INV-203541,C1061,Regional,Midwest,Phone,11,4604.26,30,30,9,0.314,0,,0
INV-203542,C1453,Regional,Midwest,Web Portal,8,2215.06,45,50,11,0.235,0,70.0,0
INV-203543,C1169,Regional,Northeast,EDI,9,2688.7,30,15,12,0.131,0,,0
INV-203544,C1210,Regional,South,Web Portal,5,2437.5,45,20,9,0.057,0,,0
INV-203545,C1211,Regional,Midwest,EDI,9,15997.14,30,61,10,0.082,0,,0
INV-203546,C1540,National Account,West,EDI,11,21751.61,45,73,23,0.0,0,,0
INV-203547,C1179,Regional,West,EDI,11,12294.37,45,25,16,0.22,0,,1
INV-203548,C1175,Regional,West,Phone,8,12157.36,45,50,9,0.208,0,,0
INV-203549,C1319,Regional,Northeast,EDI,10,4643.86,30,43,8,0.016,0,,0
INV-203550,C1700,Independent,Midwest,Sales Rep,5,4761.96,30,59,16,0.082,0,,0
INV-203551,C1024,Regional,West,Sales Rep,1,1359.95,45,141,9,0.135,0,,0
INV-203552,C1712,National Account,Midwest,Sales Rep,8,12702.1,60,66,31,0.032,0,,0
INV-203553,C1807,National Account,Midwest,Phone,2,3544.35,45,170,25,0.038,0,,0
INV-203554,C1118,Regional,Northeast,Sales Rep,3,799.84,45,8,7,0.107,1,,1
INV-203555,C1163,National Account,West,Phone,11,5510.91,45,48,18,0.0,0,,0
INV-203556,C1624,Regional,Northeast,EDI,7,6064.93,30,25,9,0.342,0,,0
INV-203557,C1781,Regional,Midwest,Sales Rep,4,1802.21,30,23,15,0.208,0,,0
INV-203558,C1098,Regional,Northeast,EDI,1,3509.28,45,24,8,0.099,0,,0
INV-203559,C1237,National Account,West,Sales Rep,5,17927.67,45,55,20,0.111,0,,0
INV-203560,C1471,National Account,Midwest,Web Portal,5,8311.12,45,137,25,0.114,0,,0
INV-203561,C1238,National Account,South,Phone,12,14556.3,60,201,19,0.139,0,,0
INV-203562,C1426,Regional,Northeast,EDI,3,14480.83,60,24,9,0.109,0,,0
INV-203563,C1223,Independent,West,Sales Rep,5,534.56,45,22,13,0.078,0,,0
INV-203564,C1460,Independent,West,Web Portal,3,866.95,45,19,9,0.268,0,,0
INV-203565,C1218,National Account,Midwest,Web Portal,10,6078.61,45,43,14,0.208,0,,0
INV-203566,C1709,National Account,West,Phone,5,45549.47,30,45,20,0.028,0,,0
INV-203567,C1252,National Account,South,Web Portal,10,10732.77,30,90,18,0.28,0,,0
INV-203568,C1616,Independent,Midwest,Phone,4,706.2,30,16,5,0.145,0,,0
INV-203569,C1695,Regional,West,Phone,8,6936.22,30,72,10,0.0,0,,0
INV-203570,C1238,National Account,Midwest,Web Portal,12,11762.88,60,201,26,0.053,0,,0
INV-203571,C1312,National Account,Northeast,Web Portal,5,3375.05,60,104,18,0.063,0,,0
INV-203572,C1286,Regional,Midwest,EDI,6,5752.8,60,11,10,0.031,0,,0
INV-203573,C1332,National Account,Northeast,Sales Rep,9,1878.71,60,14,28,0.0,0,,0
INV-203574,C1401,Regional,Northeast,Sales Rep,10,7195.35,45,21,11,0.302,0,72.0,1
INV-203575,C1434,Regional,South,EDI,8,603.58,30,114,7,0.0,0,,0
INV-203576,C1146,National Account,Midwest,EDI,10,7518.72,60,38,24,0.211,0,,0
INV-203577,C1509,Independent,Midwest,Sales Rep,1,3805.86,45,20,10,0.081,0,,0
INV-203578,C1563,Independent,West,Sales Rep,8,2621.9,30,17,6,0.0,0,,0
INV-203579,C1270,Independent,West,Sales Rep,10,420.91,30,62,9,0.134,0,,0
INV-203580,C1115,National Account,Northeast,Sales Rep,12,24987.36,45,48,22,0.115,0,,0
INV-203581,C1665,Independent,West,Web Portal,9,183.12,30,27,16,0.017,0,65.0,1
INV-203582,C1730,Regional,Northeast,Sales Rep,11,2562.55,30,26,11,0.11,0,,0
INV-203583,C1687,Regional,Midwest,Sales Rep,2,8461.92,45,57,4,0.084,1,,0
INV-203584,C1202,National Account,South,Sales Rep,5,5121.12,45,98,27,0.026,0,,0
INV-203585,C1252,National Account,Northeast,Sales Rep,4,1701.5,30,90,19,0.156,0,,0
INV-203586,C1527,Independent,South,Sales Rep,4,1072.22,45,13,6,0.155,0,,0
INV-203587,C1545,National Account,West,Sales Rep,10,8668.52,30,183,28,0.0,0,,0
INV-203588,C1074,Regional,West,Phone,1,6431.01,30,26,15,0.296,0,,0
INV-203589,C1100,Regional,West,Phone,9,2165.36,45,31,6,0.09,0,,0
INV-203590,C1619,Independent,Northeast,Web Portal,9,504.22,30,35,6,0.13,0,,0
INV-203591,C1540,National Account,South,Web Portal,4,14351.99,60,73,28,0.035,0,,0
INV-203592,C1448,Independent,West,Sales Rep,2,688.24,30,4,14,0.021,0,,0
INV-203593,C1423,Regional,Midwest,Web Portal,7,2377.8,30,54,13,0.14,0,,0
INV-203594,C1015,Regional,South,Sales Rep,9,4341.57,45,20,8,0.206,0,,0
INV-203595,C1045,National Account,Midwest,Phone,3,6450.01,60,120,27,0.0,0,,0
INV-203596,C1695,Regional,Midwest,Sales Rep,4,2931.38,45,72,12,0.151,0,,0
INV-203597,C1442,National Account,South,Sales Rep,1,7853.78,60,45,25,0.045,0,,0
INV-203598,C1175,Regional,South,Sales Rep,8,1134.22,30,50,13,0.0,0,,0
INV-203599,C1150,National Account,South,Sales Rep,8,21326.64,45,35,21,0.0,0,,0
INV-203600,C1560,Regional,Northeast,Phone,12,3988.93,45,125,17,0.105,0,,0
INV-203601,C1634,Regional,Midwest,EDI,1,2854.44,30,93,10,0.154,0,,0
INV-203602,C1249,Regional,West,Sales Rep,2,2730.41,30,46,8,0.0,0,,0
INV-203603,C1728,National Account,South,Web Portal,4,17694.27,30,121,33,0.0,0,,0
INV-203604,C1453,Regional,Midwest,Phone,6,3220.3,30,50,10,0.266,0,,0
INV-203605,C1734,Independent,Northeast,Sales Rep,4,4676.02,30,95,15,0.084,0,,0
INV-203606,C1441,Regional,West,Phone,5,2468.64,45,38,13,0.027,0,,0
INV-203607,C1754,Regional,South,Sales Rep,4,3615.2,30,30,8,0.247,0,,0
INV-203608,C1658,Independent,Northeast,Web Portal,5,2409.38,30,7,16,0.067,0,,0
INV-203609,C1258,Independent,Northeast,EDI,1,958.99,45,13,11,0.336,0,,0
INV-203610,C1587,National Account,Northeast,Phone,9,2433.23,60,24,24,0.042,0,85.0,0
INV-203611,C1104,Independent,Midwest,Sales Rep,6,879.98,30,19,11,0.587,0,68.0,1
INV-203612,C1202,National Account,West,Sales Rep,7,5584.97,30,98,21,0.0,0,,0
INV-203613,C1604,Independent,Midwest,EDI,8,2523.79,60,20,10,0.089,0,,0
INV-203614,C1377,Regional,Midwest,Sales Rep,5,54516.14,30,22,11,0.0,0,,0
INV-203615,C1178,National Account,South,EDI,12,3280.83,60,58,22,0.445,0,,0
INV-203616,C1671,National Account,South,Sales Rep,6,16081.89,30,231,30,0.0,0,,0
INV-203617,C1612,National Account,South,Sales Rep,4,5745.64,30,56,23,0.019,0,,0
INV-203618,C1555,Regional,West,Phone,6,6874.59,30,41,6,0.057,0,,0
INV-203619,C1007,Regional,Northeast,Sales Rep,6,5002.27,45,72,10,0.178,0,,0
INV-203620,C1628,Independent,West,Phone,3,3272.86,30,35,9,0.197,0,,0
INV-203621,C1124,Independent,South,Web Portal,4,1602.35,30,11,13,0.247,0,,0
INV-203622,C1224,Regional,Northeast,Sales Rep,5,5756.41,45,47,12,0.238,0,,0
INV-203623,C1158,Regional,South,Phone,12,1970.89,60,33,11,0.019,0,,0
INV-203624,C1250,Regional,Northeast,Phone,10,1546.01,45,101,14,0.189,0,,0
INV-203625,C1147,Regional,Midwest,Web Portal,11,2202.57,30,30,8,0.207,0,,0
INV-203626,C1066,Regional,Northeast,Sales Rep,3,8705.41,30,38,10,0.177,0,50.0,1
INV-203627,C1025,Regional,Midwest,EDI,5,9858.04,30,14,10,0.06,0,,0
INV-203628,C1820,Regional,Midwest,Web Portal,8,1400.42,60,58,6,0.184,0,,0
INV-203629,C1742,Regional,Midwest,Web Portal,7,34718.01,45,19,5,0.004,0,,0
INV-203630,C1189,National Account,South,Sales Rep,5,15929.15,45,90,18,0.083,0,,0
INV-203631,C1196,National Account,West,Web Portal,4,7266.29,45,28,25,0.195,0,,0
INV-203632,C1563,Independent,West,Phone,8,543.52,30,17,11,0.28,1,79.0,1
INV-203633,C1005,National Account,Midwest,Sales Rep,4,9512.32,60,34,20,0.0,0,86.0,1
INV-203634,C1571,Independent,South,Phone,8,3088.89,30,12,8,0.0,0,,0
INV-203635,C1547,Regional,Midwest,Web Portal,9,875.72,45,9,7,0.091,0,,0
INV-203636,C1514,Independent,Midwest,Sales Rep,10,1936.42,30,15,14,0.206,0,,0
INV-203637,C1264,Independent,South,Phone,7,621.78,30,20,9,0.156,0,,0
INV-203638,C1475,Independent,West,EDI,4,895.79,45,20,11,0.251,0,,0
INV-203639,C1486,Independent,Midwest,Sales Rep,9,1344.56,30,14,8,0.176,0,,0
INV-203640,C1393,Regional,South,Web Portal,7,12587.73,30,29,6,0.327,0,,0
INV-203641,C1526,National Account,West,Sales Rep,6,12849.13,60,14,19,0.128,0,,0
INV-203642,C1043,Regional,Northeast,Web Portal,11,1379.32,45,85,7,0.132,0,,0
INV-203643,C1721,Regional,Midwest,EDI,7,1562.62,45,39,12,0.004,0,,0
INV-203644,C1071,Regional,Northeast,Sales Rep,11,2239.86,30,48,11,0.123,0,57.0,1
INV-203645,C1511,Regional,Northeast,Phone,12,11293.36,30,40,13,0.273,0,,0
INV-203646,C1709,National Account,South,Web Portal,4,7214.06,30,45,24,0.0,0,,0
INV-203647,C1104,Independent,South,Sales Rep,12,935.48,30,19,7,0.18,1,,0
INV-203648,C1232,Independent,Midwest,EDI,5,2863.5,30,4,11,0.239,0,,0
INV-203649,C1827,National Account,South,Sales Rep,12,11762.09,45,73,20,0.0,0,,0
INV-203650,C1101,National Account,Midwest,Web Portal,1,6819.55,45,152,24,0.037,0,,0
INV-203651,C1838,Regional,Northeast,Sales Rep,7,1686.55,45,14,13,0.226,0,,0
INV-203652,C1124,Independent,Midwest,Sales Rep,9,2802.62,30,11,19,0.212,0,,0
INV-203653,C1178,National Account,South,Phone,12,18575.58,60,58,20,0.014,0,,0
INV-203654,C1805,Regional,South,Phone,3,7485.84,30,158,8,0.131,0,48.0,1
INV-203655,C1384,Independent,West,EDI,7,1866.71,30,25,7,0.135,0,,0
INV-203656,C1816,National Account,South,Web Portal,4,11045.18,45,25,29,0.097,0,,0
INV-203657,C1792,Independent,Northeast,Sales Rep,12,1141.0,30,21,7,0.113,0,,0
INV-203658,C1596,Regional,Midwest,Web Portal,7,3273.96,45,17,5,0.19,0,,0
INV-203659,C1552,National Account,South,Phone,10,5440.72,30,18,31,0.111,0,,0
INV-203660,C1487,Regional,Midwest,Phone,1,4456.9,30,74,13,0.02,0,,0
INV-203661,C1540,National Account,Midwest,Sales Rep,11,24794.24,60,73,24,0.018,0,,0
INV-203662,C1205,Independent,South,Web Portal,7,989.22,30,26,10,0.0,0,,0
INV-203663,C1394,National Account,West,EDI,10,3368.75,60,93,26,0.0,0,,0
INV-203664,C1392,Independent,Midwest,Web Portal,11,2231.89,45,14,7,0.089,0,,0
INV-203665,C1803,National Account,South,EDI,3,2659.23,60,32,14,0.076,0,,0
INV-203666,C1323,Independent,Midwest,EDI,9,943.33,30,24,11,0.139,0,,0
INV-203667,C1807,National Account,Midwest,EDI,2,8270.12,60,170,14,0.07,0,,0
INV-203668,C1017,Independent,Midwest,Sales Rep,10,848.63,45,15,9,0.036,1,,0
INV-203669,C1661,National Account,Midwest,Web Portal,3,9805.62,60,170,22,0.272,0,,0
INV-203670,C1848,Independent,Midwest,Web Portal,1,1231.46,60,26,12,0.068,0,,0
INV-203671,C1797,Regional,Midwest,Sales Rep,9,2659.29,30,60,8,0.132,0,,0
INV-203672,C1621,Independent,South,EDI,3,464.32,30,9,14,0.098,0,,0
INV-203673,C1306,National Account,Northeast,Sales Rep,7,36429.64,30,20,23,0.135,0,,0
INV-203674,C1603,National Account,South,Sales Rep,6,9576.63,30,122,20,0.359,0,,0
INV-203675,C1777,Regional,West,Web Portal,9,2616.43,60,49,6,0.23,1,,0
INV-203676,C1145,National Account,West,Sales Rep,9,23003.9,60,5,25,0.0,0,,0
INV-203677,C1293,Regional,Midwest,Phone,10,1700.19,45,8,19,0.504,0,95.0,1
INV-203678,C1448,Independent,Northeast,Web Portal,12,2456.63,45,4,10,0.065,0,,0
INV-203679,C1463,National Account,West,EDI,1,5960.24,60,90,23,0.196,0,,0
INV-203680,C1096,Independent,West,Web Portal,1,1777.45,45,15,8,0.085,0,,0
INV-203681,C1761,Regional,West,Sales Rep,12,5507.79,30,50,14,0.164,0,,0
INV-203682,C1231,National Account,West,Phone,5,22322.11,30,35,30,0.228,0,51.0,1
INV-203683,C1405,Independent,Northeast,Web Portal,7,875.81,30,14,7,0.223,0,,0
INV-203684,C1508,Regional,Northeast,Web Portal,6,2864.51,45,34,12,0.233,0,,0
INV-203685,C1217,National Account,South,Sales Rep,10,1985.14,45,134,27,0.019,0,,0
INV-203686,C1214,Independent,Midwest,Web Portal,2,1515.05,30,11,10,0.05,0,,0
INV-203687,C1459,Regional,West,Web Portal,11,2978.2,30,24,7,0.093,0,,0
INV-203688,C1244,Independent,South,Web Portal,8,3089.39,60,18,10,0.009,0,,0
INV-203689,C1397,National Account,Midwest,Phone,8,5950.97,45,54,22,0.0,0,,0
INV-203690,C1397,National Account,Northeast,Web Portal,2,6364.71,30,54,24,0.09,0,,0
INV-203691,C1149,Regional,Northeast,Sales Rep,11,6970.59,60,20,10,0.068,0,,0
INV-203692,C1260,National Account,South,Sales Rep,2,27507.99,60,11,27,0.161,0,,1
INV-203693,C1818,National Account,South,Sales Rep,1,36770.28,60,113,29,0.291,0,,0
INV-203694,C1755,Independent,Northeast,Sales Rep,10,3848.83,30,16,15,0.221,0,,0
INV-203695,C1246,Independent,West,EDI,8,3344.81,45,8,13,0.157,0,63.0,1
INV-203696,C1120,National Account,West,Sales Rep,5,7737.65,60,62,27,0.245,0,,0
INV-203697,C1352,National Account,South,Sales Rep,3,6019.87,45,35,34,0.037,0,,0
INV-203698,C1496,Regional,Northeast,Sales Rep,1,2836.49,30,49,9,0.305,0,,0
INV-203699,C1402,National Account,Midwest,Sales Rep,12,6441.79,60,66,18,0.37,0,,0
INV-203700,C1834,Regional,South,Sales Rep,11,1818.76,30,101,8,0.059,0,,0
INV-203701,C1270,Independent,Midwest,Phone,12,929.98,45,62,12,0.108,0,,0
INV-203702,C1472,Regional,Midwest,EDI,6,6160.97,45,66,9,0.048,0,,0
INV-203703,C1084,National Account,Midwest,Sales Rep,10,1882.99,60,258,25,0.0,0,,0
INV-203704,C1714,Regional,Northeast,Web Portal,4,29853.32,45,39,8,0.051,0,,0
INV-203705,C1182,Regional,South,Phone,2,3821.12,30,16,11,0.038,0,,0
INV-203706,C1012,Independent,Midwest,Phone,6,406.15,30,7,6,0.025,0,,0
INV-203707,C1097,National Account,West,Web Portal,2,914.63,60,32,21,0.0,0,,0
INV-203708,C1375,National Account,South,Phone,1,21425.86,60,39,22,0.173,0,,0
INV-203709,C1780,Regional,Midwest,Sales Rep,7,15061.26,30,54,9,0.065,0,,0
INV-203710,C1545,National Account,Midwest,EDI,11,21210.0,45,183,18,0.0,0,,0
INV-203711,C1500,Independent,South,Phone,12,3666.36,30,24,9,0.157,0,,0
INV-203712,C1122,Regional,South,Sales Rep,8,1800.68,45,18,9,0.0,0,,0
INV-203713,C1699,National Account,Midwest,Sales Rep,11,37156.3,45,49,25,0.098,0,,0
INV-203714,C1372,Regional,Northeast,Sales Rep,8,1918.11,30,60,8,0.237,0,,0
INV-203715,C1818,National Account,West,EDI,7,2189.38,60,113,27,0.037,0,,0
INV-203716,C1024,Regional,West,Sales Rep,2,5220.04,45,141,11,0.063,0,,0
INV-203717,C1832,Independent,West,Phone,12,819.49,45,14,14,0.248,0,,0
INV-203718,C1020,Independent,Northeast,Phone,9,2619.4,30,2,6,0.07,0,,0
INV-203719,C1508,Regional,Midwest,Phone,10,4728.2,45,34,5,0.055,1,78.0,1
INV-203720,C1005,National Account,South,Phone,11,32364.5,60,34,34,0.099,0,,0
INV-203721,C1010,Regional,West,EDI,2,16687.16,60,5,12,0.22,0,,0
INV-203722,C1613,Regional,West,Sales Rep,2,1477.0,30,35,6,0.383,0,,0
INV-203723,C1737,Regional,Northeast,Sales Rep,10,1875.27,45,28,8,0.38,0,,0
INV-203724,C1778,Regional,Northeast,Phone,9,16290.61,30,54,8,0.055,0,,0
INV-203725,C1661,National Account,South,EDI,10,7398.37,60,170,27,0.0,0,,0
INV-203726,C1387,Regional,Northeast,Web Portal,12,511.98,45,55,7,0.057,0,,0
INV-203727,C1607,Regional,West,EDI,12,4486.36,30,51,12,0.134,0,,0
INV-203728,C1213,Regional,South,Sales Rep,7,1669.31,45,79,10,0.152,1,,0
INV-203729,C1041,Regional,Midwest,EDI,1,2676.94,45,20,17,0.142,0,,0
INV-203730,C1119,Regional,Midwest,Phone,9,1845.09,30,28,9,0.145,0,,0
INV-203731,C1058,Independent,Northeast,Sales Rep,11,1038.12,30,36,11,0.117,0,,0
INV-203732,C1202,National Account,Northeast,EDI,7,33615.08,45,98,28,0.051,0,,0
INV-203733,C1272,Regional,Northeast,Web Portal,4,7251.83,30,41,8,0.478,0,80.0,1
INV-203734,C1818,National Account,Midwest,Web Portal,11,1498.47,45,113,27,0.046,0,,0
INV-203735,C1666,Regional,Northeast,EDI,2,3119.36,45,103,8,0.166,0,,0
INV-203736,C1556,Independent,West,Web Portal,1,1529.97,45,23,11,0.187,0,,0
INV-203737,C1243,Regional,West,Web Portal,5,1083.44,60,20,8,0.0,0,,0
INV-203738,C1720,Independent,South,Web Portal,2,421.46,30,31,15,0.17,0,,0
INV-203739,C1688,Regional,South,EDI,11,4636.92,60,133,5,0.038,0,,0
INV-203740,C1697,Regional,West,EDI,11,6698.89,60,85,12,0.085,0,,0
INV-203741,C1754,Regional,South,Sales Rep,2,2995.59,45,30,8,0.103,0,66.0,1
INV-203742,C1637,Independent,South,Sales Rep,5,1681.3,30,13,7,0.291,0,,0
INV-203743,C1051,Regional,West,EDI,12,4425.6,60,2,13,0.019,0,100.0,1
INV-203744,C1308,Regional,Midwest,Phone,2,3408.06,45,18,8,0.065,1,,0
INV-203745,C1438,Independent,South,Sales Rep,4,919.58,30,22,11,0.212,0,,0
INV-203746,C1173,Independent,West,Phone,4,7237.88,60,15,12,0.039,0,80.0,0
INV-203747,C1210,Regional,South,Web Portal,11,1728.42,30,20,8,0.169,0,,0
INV-203748,C1583,National Account,Northeast,Sales Rep,8,37969.89,30,103,35,0.103,0,,0
INV-203749,C1030,Regional,Midwest,Web Portal,12,1783.47,45,15,6,0.108,0,,0
INV-203750,C1763,Regional,Midwest,Sales Rep,2,2057.19,45,53,8,0.112,0,,0
INV-203751,C1524,National Account,Midwest,Sales Rep,5,4065.93,45,36,24,0.097,0,,0
INV-203752,C1761,Regional,Midwest,Sales Rep,3,7039.43,30,50,9,0.059,0,,0
INV-203753,C1242,Regional,South,Sales Rep,10,4047.56,30,33,12,0.232,1,,0
INV-203754,C1066,Regional,Northeast,EDI,9,3247.87,30,38,11,0.483,0,,0
INV-203755,C1440,Regional,Midwest,EDI,1,7988.96,30,67,6,0.197,0,,0
INV-203756,C1503,Regional,Midwest,Sales Rep,10,4521.96,30,42,11,0.045,0,,0
INV-203757,C1784,Independent,South,Sales Rep,10,574.41,30,2,7,0.059,0,,0
INV-203758,C1336,National Account,Northeast,Sales Rep,1,28831.04,45,5,24,0.019,0,,0
INV-203759,C1778,Regional,West,Sales Rep,6,2684.41,45,54,8,0.075,0,,0
INV-203760,C1504,Independent,Midwest,Phone,12,1122.64,30,17,8,0.058,0,,0
INV-203761,C1737,Regional,South,EDI,12,3272.11,30,28,10,0.138,0,,0
INV-203762,C1515,Regional,Midwest,Web Portal,9,3476.3,30,55,7,0.07,0,,0
INV-203763,C1155,Regional,Midwest,EDI,8,1815.15,45,98,8,0.154,0,,0
INV-203764,C1536,National Account,Northeast,Phone,7,21564.5,45,177,19,0.1,0,,0
INV-203765,C1620,Regional,West,EDI,5,3208.19,60,30,8,0.096,0,,0
INV-203766,C1573,National Account,Northeast,Sales Rep,8,30170.01,30,63,29,0.051,0,,0
INV-203767,C1068,Regional,West,Web Portal,2,11652.09,30,55,9,0.177,0,,0
INV-203768,C1634,Regional,Northeast,EDI,4,2777.37,45,93,13,0.086,0,,0
INV-203769,C1125,Independent,Northeast,Sales Rep,3,3676.92,30,37,10,0.035,0,,0
INV-203770,C1091,National Account,Midwest,EDI,4,5401.78,60,111,14,0.027,0,,0
INV-203771,C1632,Regional,South,EDI,9,1065.46,30,48,9,0.388,1,,0
INV-203772,C1306,National Account,Midwest,EDI,2,19681.17,30,20,23,0.0,0,,0
INV-203773,C1532,Regional,Midwest,Sales Rep,10,2623.9,30,19,4,0.167,0,,0
INV-203774,C1535,National Account,West,Phone,5,38269.64,30,55,19,0.175,1,,0
INV-203775,C1469,National Account,Midwest,Sales Rep,8,18057.75,60,100,26,0.0,0,,0
INV-203776,C1481,Regional,West,Web Portal,7,1573.6,60,11,9,0.285,0,,0
INV-203777,C1568,National Account,West,Phone,11,20656.31,45,79,30,0.27,0,,0
INV-203778,C1031,Regional,Midwest,EDI,6,7316.44,45,34,7,0.0,0,,0
INV-203779,C1417,Regional,South,Web Portal,5,2811.47,60,4,9,0.05,0,,0
INV-203780,C1822,Independent,Northeast,Sales Rep,1,1673.92,30,4,4,0.401,0,,0
INV-203781,C1793,Regional,West,Web Portal,5,2812.5,45,39,8,0.192,0,,0
INV-203782,C1653,Regional,South,Web Portal,2,12177.3,30,8,6,0.247,0,,0
INV-203783,C1387,Regional,Northeast,EDI,10,3704.64,30,55,13,0.266,0,,0
INV-203784,C1451,Regional,West,Sales Rep,1,11738.51,45,128,5,0.094,0,,0
INV-203785,C1572,Regional,South,Phone,6,1797.49,45,15,7,0.081,0,,0
INV-203786,C1245,Regional,West,Web Portal,3,4852.4,30,20,10,0.117,0,,0
INV-203787,C1006,Regional,Northeast,Web Portal,9,2647.62,60,23,15,0.029,0,,0
INV-203788,C1779,Regional,West,EDI,11,23105.07,60,17,8,0.143,0,,0
INV-203789,C1406,Independent,Midwest,Web Portal,7,4142.17,30,13,9,0.284,0,,0
INV-203790,C1157,National Account,South,Web Portal,5,9941.14,30,138,27,0.0,0,,0
INV-203791,C1751,National Account,Northeast,EDI,4,5468.54,60,60,24,0.023,0,,0
INV-203792,C1790,National Account,South,Web Portal,3,18517.35,30,87,23,0.083,0,,0
INV-203793,C1839,Independent,West,Sales Rep,1,4456.8,30,25,7,0.36,0,,0
INV-203794,C1188,Regional,West,Sales Rep,1,3220.95,30,46,8,0.131,0,,0
INV-203795,C1332,National Account,Midwest,EDI,6,12558.64,60,14,16,0.0,0,,0
INV-203796,C1450,Independent,West,Sales Rep,4,7052.02,60,16,13,0.367,0,,0
INV-203797,C1386,National Account,South,Sales Rep,10,5108.88,30,111,29,0.0,0,,0
INV-203798,C1573,National Account,Northeast,Sales Rep,3,4326.68,60,63,28,0.0,0,,0
INV-203799,C1446,National Account,South,Sales Rep,5,13103.79,45,78,20,0.009,0,,0
INV-203800,C1314,Independent,Northeast,EDI,7,2383.08,30,47,15,0.163,0,,0
INV-203801,C1272,Regional,West,Web Portal,11,5266.08,60,41,13,0.29,0,,0
INV-203802,C1600,Independent,West,Sales Rep,1,2728.84,30,21,12,0.041,0,,0
INV-203803,C1398,National Account,Midwest,Phone,5,14499.4,60,161,21,0.337,1,104.0,0
INV-203804,C1097,National Account,South,EDI,2,7720.82,45,32,24,0.075,0,,0
INV-203805,C1324,Regional,South,Phone,2,1668.7,45,5,5,0.063,0,,0
INV-203806,C1534,Regional,South,EDI,9,7735.54,30,38,3,0.198,0,,1
INV-203807,C1106,National Account,West,Sales Rep,11,5878.76,60,46,17,0.284,0,,0
INV-203808,C1511,Regional,Northeast,Sales Rep,9,3339.98,45,40,8,0.001,0,,0
INV-203809,C1045,National Account,South,Sales Rep,3,18169.17,60,120,19,0.034,0,,0
INV-203810,C1231,National Account,Midwest,Sales Rep,1,23486.02,45,35,22,0.203,0,,0
INV-203811,C1552,National Account,Midwest,EDI,2,6603.18,60,18,23,0.061,0,97.0,1
INV-203812,C1310,National Account,Midwest,Web Portal,2,9128.46,45,161,28,0.041,0,,0
INV-203813,C1223,Independent,Midwest,EDI,8,2319.78,45,22,8,0.093,0,,0
INV-203814,C1392,Independent,West,EDI,3,1307.47,30,14,11,0.204,0,,0
INV-203815,C1372,Regional,Midwest,Web Portal,11,1364.41,45,60,13,0.049,0,,0
INV-203816,C1018,Regional,South,Sales Rep,1,6680.96,30,69,12,0.144,0,,0
INV-203817,C1144,Regional,Northeast,Web Portal,1,2002.23,45,31,12,0.168,0,,0
INV-203818,C1189,National Account,South,EDI,9,13481.94,45,90,21,0.071,0,,0
INV-203819,C1039,Independent,Northeast,Web Portal,5,5105.06,30,20,7,0.21,0,,0
INV-203820,C1081,Independent,South,Phone,5,7096.25,45,12,13,0.489,0,96.0,1
INV-203821,C1842,Regional,West,Web Portal,3,3985.43,30,33,12,0.231,0,,0
INV-203822,C1739,Independent,Midwest,Phone,8,2658.92,30,28,11,0.225,0,,0
INV-203823,C1446,National Account,Northeast,Phone,6,4850.35,60,78,20,0.151,0,,0
INV-203824,C1761,Regional,West,Phone,10,1480.86,30,50,5,0.0,0,65.0,0
INV-203825,C1004,National Account,Midwest,Web Portal,3,5673.84,45,140,20,0.036,0,,0
INV-203826,C1531,Regional,Midwest,Sales Rep,5,1566.59,30,22,8,0.195,0,,0
INV-203827,C1710,National Account,Northeast,EDI,2,12046.68,60,54,25,0.0,0,,0
INV-203828,C1025,Regional,Midwest,EDI,9,11512.69,30,14,10,0.025,0,,0
INV-203829,C1505,National Account,South,Web Portal,1,6064.85,60,68,29,0.0,0,,0
INV-203830,C1545,National Account,South,Web Portal,11,3425.83,45,183,22,0.056,0,,0
INV-203831,C1084,National Account,Northeast,EDI,2,17495.49,30,258,27,0.0,0,,0
INV-203832,C1338,Independent,Northeast,Sales Rep,12,740.58,30,30,12,0.078,0,,0
INV-203833,C1274,National Account,Midwest,Phone,4,15487.73,60,33,30,0.146,0,,0
INV-203834,C1157,National Account,South,EDI,5,6525.31,60,138,24,0.0,0,,0
INV-203835,C1671,National Account,South,Web Portal,6,2039.52,45,231,25,0.0,1,,0
INV-203836,C1195,Regional,West,EDI,2,2313.55,30,56,12,0.232,0,,0
INV-203837,C1535,National Account,West,Sales Rep,4,22504.21,45,55,17,0.258,1,,0
INV-203838,C1120,National Account,South,Sales Rep,10,8559.9,60,62,25,0.242,0,,0
INV-203839,C1104,Independent,Northeast,Sales Rep,8,1490.68,30,19,6,0.126,0,68.0,1
INV-203840,C1709,National Account,South,Phone,8,4583.29,60,45,18,0.015,0,,0
INV-203841,C1781,Regional,South,Web Portal,5,3088.0,30,23,11,0.393,0,,0
INV-203842,C1419,National Account,South,Phone,3,7286.57,60,31,29,0.113,0,,0
INV-203843,C1014,Independent,South,Sales Rep,6,1623.42,30,22,5,0.358,0,,0
INV-203844,C1445,Regional,Northeast,EDI,4,1473.3,45,20,10,0.059,0,,0
INV-203845,C1476,Independent,Midwest,Web Portal,1,5240.41,30,21,14,0.036,0,,0
INV-203846,C1098,Regional,Northeast,Sales Rep,11,7755.05,30,24,12,0.156,0,,0
INV-203847,C1455,Independent,South,Sales Rep,4,1859.05,30,9,10,0.061,0,,0
INV-203848,C1246,Independent,West,Phone,11,1192.93,30,8,12,0.227,0,,0
INV-203849,C1195,Regional,South,Sales Rep,1,1412.8,30,56,14,0.111,0,,0
INV-203850,C1061,Regional,West,EDI,2,2364.39,60,30,13,0.063,0,,0
INV-203851,C1237,National Account,West,Phone,6,16880.12,60,55,25,0.039,0,,0
INV-203852,C1694,National Account,West,Phone,10,8385.28,45,85,22,0.148,0,68.0,1
INV-203853,C1742,Regional,Northeast,EDI,7,4820.44,45,19,8,0.045,0,,0
INV-203854,C1335,Independent,Northeast,Sales Rep,6,2388.84,30,13,9,0.027,1,,0
INV-203855,C1173,Independent,Midwest,Phone,11,1433.13,30,15,10,0.18,0,,0
INV-203856,C1445,Regional,Midwest,Sales Rep,5,5658.99,60,20,16,0.214,0,,0
INV-203857,C1830,Regional,South,Phone,5,2028.76,45,21,9,0.002,0,,0
INV-203858,C1442,National Account,West,Web Portal,2,5534.36,30,45,23,0.331,0,,0
INV-203859,C1372,Regional,Northeast,EDI,2,5139.17,30,60,12,0.065,0,,0
INV-203860,C1157,National Account,West,Web Portal,9,6329.36,45,138,26,0.043,0,,0
INV-203861,C1255,National Account,West,Phone,9,7248.49,60,86,19,0.019,0,,0
INV-203862,C1672,Regional,Midwest,Sales Rep,2,4136.17,30,30,8,0.014,0,,0
INV-203863,C1613,Regional,South,Sales Rep,5,3146.85,45,35,11,0.147,0,,0
INV-203864,C1428,National Account,Midwest,Web Portal,1,6536.62,60,19,30,0.018,1,,0
INV-203865,C1041,Regional,West,Sales Rep,4,2749.05,45,20,8,0.15,0,,0
INV-203866,C1141,Regional,Northeast,Web Portal,8,10197.12,45,18,7,0.438,0,98.0,1
INV-203867,C1263,Independent,Northeast,Sales Rep,12,472.4,30,84,7,0.138,0,,0
INV-203868,C1549,Independent,South,Web Portal,10,2664.55,60,63,12,0.158,0,,0
INV-203869,C1332,National Account,West,Phone,9,6912.39,45,14,28,0.0,0,,0
INV-203870,C1744,Independent,Northeast,Sales Rep,10,1320.08,30,39,10,0.046,0,,0
INV-203871,C1732,National Account,South,Sales Rep,1,6961.03,45,112,16,0.019,0,,0
INV-203872,C1115,National Account,Midwest,EDI,12,20351.92,45,48,25,0.004,0,,0
INV-203873,C1765,Independent,West,Phone,10,2669.7,30,11,10,0.042,0,,0
INV-203874,C1674,Regional,Northeast,Sales Rep,1,9170.76,45,4,12,0.174,0,,0
INV-203875,C1207,Independent,West,EDI,6,1130.41,30,16,5,0.194,0,50.0,1
INV-203876,C1050,Independent,South,EDI,12,4742.81,30,10,9,0.267,0,,0
INV-203877,C1729,Regional,Midwest,Web Portal,11,1383.78,30,9,9,0.036,0,,0
INV-203878,C1189,National Account,Northeast,Web Portal,8,11311.2,60,90,23,0.152,0,,0
INV-203879,C1754,Regional,West,EDI,5,4688.77,30,30,8,0.109,0,,0
INV-203880,C1139,Independent,Northeast,Web Portal,3,2463.28,45,24,8,0.153,0,,0
INV-203881,C1183,Regional,Northeast,Web Portal,2,1852.12,30,61,12,0.281,0,,0
INV-203882,C1300,Independent,West,EDI,7,11935.37,60,21,17,0.322,0,,0
INV-203883,C1297,National Account,South,EDI,11,6359.74,60,77,14,0.0,0,,0
INV-203884,C1327,Regional,South,Web Portal,1,32351.14,45,79,10,0.187,0,75.0,0
INV-203885,C1538,Regional,Midwest,EDI,1,2247.27,60,76,5,0.118,0,,0
INV-203886,C1442,National Account,West,Sales Rep,8,8116.16,60,45,23,0.0,0,84.0,0
INV-203887,C1213,Regional,Northeast,EDI,1,3874.31,45,79,8,0.142,0,,0
INV-203888,C1336,National Account,Northeast,Phone,1,6146.62,60,5,27,0.114,0,,0
INV-203889,C1307,Regional,South,EDI,11,12867.3,30,119,7,0.167,0,,0
INV-203890,C1688,Regional,West,Phone,5,8236.33,30,133,10,0.0,0,,0
INV-203891,C1146,National Account,Northeast,Web Portal,12,10178.28,45,38,20,0.426,0,,0
INV-203892,C1142,Independent,Northeast,EDI,11,6587.59,30,12,14,0.155,0,,0
INV-203893,C1090,Independent,South,Sales Rep,3,3541.23,60,36,7,0.297,0,,0
INV-203894,C1691,Independent,South,Web Portal,10,5041.14,30,8,10,0.488,0,,0
INV-203895,C1802,Regional,Northeast,EDI,10,7374.06,45,102,5,0.419,0,,0
INV-203896,C1187,Independent,Midwest,EDI,3,3070.14,30,24,12,0.099,0,,0
INV-203897,C1518,Independent,West,Phone,1,826.21,45,67,14,0.051,0,,0
INV-203898,C1816,National Account,West,Web Portal,8,11855.71,60,25,25,0.075,0,,0
INV-203899,C1507,National Account,Midwest,Web Portal,7,14378.9,45,37,28,0.072,0,,0
INV-203900,C1617,Independent,Midwest,Sales Rep,12,18776.71,45,38,10,0.197,0,,0
INV-203901,C1332,National Account,Midwest,EDI,5,43413.32,45,14,20,0.063,0,66.0,0
INV-203902,C1548,Independent,Northeast,Phone,4,1317.35,30,27,12,0.277,0,,0
INV-203903,C1256,National Account,Northeast,Sales Rep,12,3145.35,30,9,27,0.103,0,,0
INV-203904,C1349,Regional,Northeast,Web Portal,8,1579.5,30,42,12,0.061,0,,0
INV-203905,C1490,Independent,West,Phone,8,1325.83,30,20,8,0.145,0,,0
INV-203906,C1118,Regional,Northeast,Web Portal,10,602.99,30,8,9,0.241,0,,0
INV-203907,C1394,National Account,Midwest,EDI,9,9394.38,30,93,23,0.0,0,,0
INV-203908,C1230,Independent,Midwest,Sales Rep,4,1224.65,45,13,5,0.155,0,,0
INV-203909,C1264,Independent,Northeast,Sales Rep,11,3150.78,30,20,8,0.335,0,,0
INV-203910,C1236,National Account,Northeast,EDI,3,3381.64,60,36,18,0.0,0,,0
INV-203911,C1244,Independent,Midwest,EDI,10,7723.32,30,18,10,0.0,0,,0
INV-203912,C1201,Independent,South,Web Portal,4,1787.42,30,51,9,0.145,0,,0
INV-203913,C1487,Regional,West,EDI,12,2368.25,30,74,14,0.044,0,,0
INV-203914,C1398,National Account,South,Phone,8,9332.61,30,161,27,0.077,0,,0
INV-203915,C1226,Regional,Midwest,Sales Rep,3,9543.11,30,108,10,0.047,0,,0
INV-203916,C1751,National Account,Northeast,Sales Rep,9,7791.23,45,60,26,0.0,0,,0
INV-203917,C1155,Regional,Northeast,EDI,12,565.55,30,98,10,0.002,0,,0
INV-203918,C1606,National Account,Midwest,Web Portal,5,719.25,45,195,18,0.0,0,,0
INV-203919,C1663,Independent,South,Web Portal,2,7054.22,45,16,11,0.409,0,,0
INV-203920,C1249,Regional,South,Sales Rep,5,2452.49,30,46,15,0.109,0,,0
INV-203921,C1566,National Account,West,EDI,10,6752.59,30,58,26,0.0,0,,0
INV-203922,C1589,Independent,Northeast,Web Portal,5,5833.19,45,16,8,0.093,0,,0
INV-203923,C1024,Regional,Midwest,Web Portal,8,8922.93,45,141,12,0.21,0,,0
INV-203924,C1634,Regional,Midwest,Web Portal,10,4951.23,30,93,17,0.0,0,,0
INV-203925,C1753,Independent,South,Sales Rep,2,1144.88,30,34,14,0.085,0,,0
INV-203926,C1060,Regional,Northeast,Web Portal,4,2651.8,30,32,15,0.066,0,,0
INV-203927,C1592,Independent,Northeast,Web Portal,3,2954.73,30,29,9,0.029,1,,0
INV-203928,C1157,National Account,South,Web Portal,6,22269.42,60,138,22,0.014,0,,0
INV-203929,C1249,Regional,West,Phone,12,4782.49,30,46,9,0.125,0,,0
INV-203930,C1388,Regional,Northeast,Phone,10,1468.8,30,35,12,0.138,0,,0
INV-203931,C1785,Regional,Northeast,Phone,11,11278.81,45,32,11,0.078,0,,0
INV-203932,C1103,National Account,South,Web Portal,3,36066.03,60,80,25,0.0,1,,0
INV-203933,C1287,Regional,West,Sales Rep,5,11314.17,45,72,5,0.061,0,,0
INV-203934,C1762,National Account,South,Sales Rep,8,18037.25,30,36,24,0.05,0,,0
INV-203935,C1781,Regional,Midwest,Web Portal,10,3781.99,30,23,8,0.192,0,,0
INV-203936,C1236,National Account,Northeast,Web Portal,5,4446.95,60,36,21,0.0,0,,0
INV-203937,C1207,Independent,Northeast,Sales Rep,8,2601.53,30,16,8,0.738,0,,0
INV-203938,C1304,Independent,South,Web Portal,9,3081.93,30,12,10,0.277,0,,0
INV-203939,C1278,Regional,Midwest,Sales Rep,3,4508.04,45,33,14,0.0,0,,0
INV-203940,C1451,Regional,South,EDI,7,5386.96,30,128,6,0.105,0,,0
INV-203941,C1425,Independent,Midwest,Web Portal,12,3527.78,30,20,14,0.034,0,,0
INV-203942,C1838,Regional,South,Sales Rep,2,1488.75,30,14,12,0.284,0,,0
INV-203943,C1749,Independent,Midwest,EDI,2,751.92,30,28,11,0.274,0,,0
INV-203944,C1135,Regional,West,Phone,10,1287.0,45,86,7,0.099,0,,0
INV-203945,C1437,National Account,Northeast,Sales Rep,4,49937.07,60,20,29,0.311,0,79.0,1
INV-203946,C1253,Regional,Midwest,Sales Rep,6,3340.74,45,48,9,0.362,0,,0
INV-203947,C1659,National Account,Midwest,Web Portal,1,17198.85,45,99,31,0.015,0,,0
INV-203948,C1807,National Account,South,EDI,9,3637.98,30,170,20,0.111,0,,0
INV-203949,C1082,Independent,Midwest,EDI,3,1750.59,30,26,15,0.086,1,,0
INV-203950,C1004,National Account,Midwest,EDI,7,12135.04,60,140,28,0.077,0,,0
INV-203951,C1746,Regional,Northeast,Sales Rep,11,5953.21,30,65,10,0.256,0,,0
INV-203952,C1794,National Account,Northeast,Phone,5,3825.63,30,50,13,0.0,0,,0
INV-203953,C1816,National Account,South,Web Portal,6,9929.89,60,25,23,0.171,0,,0
INV-203954,C1103,National Account,West,Sales Rep,5,9999.22,30,80,24,0.128,0,,0
INV-203955,C1254,Independent,Midwest,Web Portal,7,1584.43,30,19,8,0.076,0,,0
INV-203956,C1463,National Account,Midwest,EDI,12,7049.08,60,90,18,0.019,0,,0
INV-203957,C1033,Independent,Northeast,Web Portal,4,3979.01,30,24,8,0.278,0,,0
INV-203958,C1797,Regional,West,Web Portal,5,1204.72,30,60,14,0.206,0,,0
INV-203959,C1162,Independent,West,Sales Rep,7,1473.32,30,5,10,0.037,0,,0
INV-203960,C1114,Independent,Midwest,Web Portal,7,1957.86,45,10,6,0.248,0,,0
INV-203961,C1525,Regional,Northeast,Phone,1,2977.02,45,56,15,0.224,0,80.0,1
INV-203962,C1098,Regional,Northeast,Sales Rep,8,1919.79,45,24,8,0.135,0,,0
INV-203963,C1665,Independent,South,EDI,1,3790.02,30,27,10,0.032,0,,0
INV-203964,C1707,Independent,Northeast,Web Portal,6,3340.09,45,30,8,0.207,0,63.0,1
INV-203965,C1452,Regional,Midwest,Phone,9,3775.68,45,103,11,0.177,0,,0
INV-203966,C1764,Independent,South,EDI,12,575.08,30,11,8,0.115,0,,0
INV-203967,C1623,Regional,West,EDI,10,13331.79,30,33,13,0.041,0,,0
INV-203968,C1288,Regional,West,Web Portal,1,5440.86,30,39,4,0.009,0,,0
INV-203969,C1069,National Account,Northeast,Sales Rep,6,9387.37,45,16,21,0.285,0,,0
INV-203970,C1394,National Account,South,Web Portal,10,3519.49,60,93,27,0.06,0,,0
INV-203971,C1023,National Account,Northeast,EDI,3,21345.82,60,33,28,0.19,0,,0
INV-203972,C1038,National Account,West,Web Portal,4,5485.49,30,81,28,0.004,0,,0
INV-203973,C1456,Regional,West,Phone,5,6974.3,30,11,9,0.194,0,,0
INV-203974,C1661,National Account,West,Web Portal,12,25183.56,45,170,23,0.056,0,,0
INV-203975,C1750,National Account,West,Sales Rep,6,3692.94,60,108,22,0.081,0,,0
INV-203976,C1512,Regional,Midwest,Web Portal,12,3082.41,30,47,10,0.295,0,64.0,1
INV-203977,C1004,National Account,Midwest,Sales Rep,6,11636.08,60,140,20,0.015,0,,0
INV-203978,C1023,National Account,South,EDI,3,13193.04,30,33,22,0.25,0,,0
INV-203979,C1463,National Account,South,Phone,2,20790.05,30,90,26,0.046,0,74.0,1
INV-203980,C1496,Regional,Midwest,Sales Rep,2,8224.17,45,49,12,0.081,0,,0
INV-203981,C1656,Regional,South,Phone,1,4990.61,45,84,6,0.085,0,,0
INV-203982,C1701,National Account,Northeast,EDI,12,14634.51,60,61,22,0.138,0,,0
INV-203983,C1292,Regional,South,Sales Rep,11,1442.64,30,29,13,0.267,0,,0
INV-203984,C1210,Regional,South,Web Portal,1,4031.29,30,20,10,0.196,0,,0
INV-203985,C1284,Independent,West,Phone,12,2643.29,30,23,8,0.029,0,,0
INV-203986,C1321,Independent,Northeast,EDI,8,1779.9,30,6,14,0.026,0,,0
INV-203987,C1394,National Account,South,Sales Rep,5,10367.14,30,93,28,0.135,0,,0
INV-203988,C1772,Independent,South,EDI,9,9085.23,30,41,4,0.167,0,,0
INV-203989,C1842,Regional,Midwest,EDI,3,4471.33,30,33,7,0.094,0,,0
INV-203990,C1644,Regional,South,Sales Rep,1,2334.82,45,46,18,0.454,0,,0
INV-203991,C1299,National Account,South,Phone,2,9215.46,45,31,26,0.095,0,,0
INV-203992,C1306,National Account,South,EDI,5,5535.66,60,20,23,0.091,0,,0
INV-203993,C1132,Independent,Northeast,EDI,10,10167.17,30,7,9,0.111,0,,0
INV-203994,C1231,National Account,Midwest,EDI,8,5464.2,60,35,19,0.057,0,,0
INV-203995,C1414,Independent,West,Sales Rep,9,2150.38,45,6,10,0.148,0,,0
INV-203996,C1771,Independent,West,Phone,3,1342.68,30,43,11,0.031,0,,0
INV-203997,C1816,National Account,West,Sales Rep,7,21904.08,60,25,27,0.208,0,,0
INV-203998,C1009,Regional,Northeast,Sales Rep,11,8203.36,30,32,8,0.09,0,,0
INV-203999,C1188,Regional,Midwest,Web Portal,9,2288.3,45,46,10,0.136,0,,0
INV-204000,C1086,Independent,Northeast,Web Portal,7,17592.94,30,23,12,0.258,0,,0
INV-204001,C1564,National Account,South,Sales Rep,6,5256.79,60,113,34,0.034,0,,0
INV-204002,C1762,National Account,South,Web Portal,11,4228.18,60,36,15,0.176,0,,0
INV-204003,C1028,Regional,West,Phone,9,539.61,30,86,9,0.098,0,73.0,0
INV-204004,C1679,Regional,West,EDI,8,5796.6,45,135,11,0.23,0,,0
INV-204005,C1337,Regional,Midwest,Sales Rep,3,5987.05,45,20,8,0.106,0,,0
INV-204006,C1064,Regional,West,Web Portal,6,1692.99,60,54,14,0.0,0,,0
INV-204007,C1787,National Account,South,Phone,11,3552.08,60,103,24,0.038,0,,0
INV-204008,C1662,Independent,Midwest,Web Portal,10,789.43,30,39,8,0.091,0,,0
INV-204009,C1659,National Account,Northeast,Sales Rep,8,12669.72,45,99,18,0.0,0,,0
INV-204010,C1741,National Account,South,Sales Rep,8,3798.9,60,93,24,0.03,0,,0
INV-204011,C1614,National Account,West,Sales Rep,5,23912.09,60,27,16,0.0,0,,0
INV-204012,C1110,Independent,Northeast,Web Portal,6,1252.9,45,17,8,0.195,0,83.0,0
INV-204013,C1197,Independent,West,Web Portal,11,4368.13,30,10,9,0.224,0,,0
INV-204014,C1709,National Account,Midwest,Web Portal,1,11674.48,45,45,32,0.123,0,,0
INV-204015,C1028,Regional,West,Phone,8,8868.8,45,86,8,0.223,0,,0
INV-204016,C1773,Independent,Midwest,Web Portal,2,1790.26,60,18,7,0.178,0,,0
INV-204017,C1120,National Account,Midwest,EDI,6,7669.59,60,62,22,0.287,0,,0
INV-204018,C1061,Regional,South,Phone,12,5052.6,45,30,7,0.106,0,,0
INV-204019,C1041,Regional,Midwest,Sales Rep,4,14605.48,45,20,6,0.271,0,83.0,1
INV-204020,C1591,Independent,South,Phone,9,3975.2,30,8,11,0.349,0,,0
INV-204021,C1007,Regional,South,Sales Rep,9,761.28,60,72,8,0.104,0,,0
INV-204022,C1085,Independent,West,Web Portal,4,2594.93,30,6,8,0.07,0,,0
INV-204023,C1621,Independent,West,Web Portal,3,1298.41,30,9,13,0.166,0,,0
INV-204024,C1790,National Account,Northeast,Sales Rep,3,19855.21,45,87,26,0.188,0,,0
INV-204025,C1464,Independent,West,Phone,2,6150.37,45,11,9,0.198,0,,0
INV-204026,C1806,Independent,West,EDI,3,3761.07,30,14,10,0.211,0,,0
INV-204027,C1781,Regional,South,EDI,5,24310.56,45,23,11,0.209,0,,0
INV-204028,C1400,National Account,West,EDI,11,44142.37,30,89,19,0.033,0,,0
INV-204029,C1010,Regional,West,EDI,7,3604.87,45,5,10,0.161,0,,0
INV-204030,C1502,Independent,South,EDI,1,3356.78,45,35,11,0.1,0,,0
INV-204031,C1351,Independent,South,Phone,2,2219.66,30,23,10,0.312,0,,0
INV-204032,C1710,National Account,West,EDI,12,3762.47,45,54,19,0.0,0,79.0,1
INV-204033,C1400,National Account,Northeast,EDI,12,5644.86,60,89,20,0.0,0,,0
INV-204034,C1111,National Account,South,Web Portal,10,18196.71,45,93,20,0.007,0,,0
INV-204035,C1364,Regional,Midwest,Phone,8,5169.77,30,11,11,0.314,0,72.0,1
INV-204036,C1111,National Account,Northeast,Sales Rep,3,11449.51,60,93,25,0.0,0,,0
INV-204037,C1150,National Account,South,Sales Rep,10,35073.52,60,35,15,0.041,0,,0
INV-204038,C1663,Independent,Midwest,Sales Rep,10,1619.49,30,16,7,0.312,0,,0
INV-204039,C1196,National Account,Midwest,Sales Rep,12,5332.56,60,28,19,0.087,0,111.0,1
INV-204040,C1743,Independent,Midwest,Web Portal,3,2067.52,30,8,9,0.201,0,,0
INV-204041,C1248,National Account,Midwest,Web Portal,12,16493.69,60,47,32,0.002,0,,1
INV-204042,C1301,National Account,West,Web Portal,6,5036.49,60,199,26,0.022,0,,0
INV-204043,C1202,National Account,Northeast,Sales Rep,2,10666.35,60,98,21,0.0,0,,0
INV-204044,C1486,Independent,Midwest,Phone,9,639.4,45,14,15,0.029,0,,0
INV-204045,C1647,Regional,West,EDI,7,1559.43,30,24,13,0.066,0,,0
INV-204046,C1516,Independent,West,Web Portal,7,1675.65,30,14,8,0.095,0,,0
INV-204047,C1562,Independent,West,Sales Rep,3,3370.47,30,37,11,0.3,0,,0
INV-204048,C1137,Regional,South,Phone,10,1324.68,45,51,8,0.067,0,,0
INV-204049,C1540,National Account,Midwest,EDI,5,6564.57,45,73,29,0.0,0,,0
INV-204050,C1432,Regional,Midwest,Sales Rep,9,2481.31,45,17,9,0.099,0,,0
INV-204051,C1730,Regional,West,Sales Rep,8,2891.19,30,26,13,0.056,0,,0
INV-204052,C1295,Independent,West,Sales Rep,6,3710.04,30,31,7,0.0,0,,0
INV-204053,C1252,National Account,Northeast,Web Portal,8,7585.3,60,90,18,0.059,0,,0
INV-204054,C1118,Regional,Midwest,Web Portal,11,2594.5,30,8,8,0.217,0,,0
INV-204055,C1803,National Account,Midwest,Sales Rep,8,9849.01,45,32,20,0.0,0,,0
INV-204056,C1429,Independent,Northeast,EDI,3,2872.62,30,15,12,0.407,0,,0
INV-204057,C1426,Regional,Midwest,Sales Rep,5,2211.33,45,24,7,0.267,0,,0
INV-204058,C1807,National Account,West,EDI,5,14200.0,45,170,27,0.187,0,,0
INV-204059,C1571,Independent,Midwest,Sales Rep,7,1804.7,30,12,4,0.25,0,,0
INV-204060,C1062,Regional,Midwest,Phone,2,3450.86,45,43,14,0.097,0,,0
INV-204061,C1438,Independent,Midwest,Sales Rep,3,674.21,30,22,4,0.117,0,,0
INV-204062,C1358,Independent,Midwest,Phone,11,1455.52,45,10,9,0.254,0,,0
INV-204063,C1811,Regional,Northeast,Web Portal,4,21474.39,60,7,12,0.106,0,,0
INV-204064,C1120,National Account,South,Web Portal,4,27255.25,60,62,26,0.203,0,83.0,1
INV-204065,C1159,Independent,West,Sales Rep,7,4560.31,30,16,8,0.377,0,,0
INV-204066,C1134,National Account,Northeast,EDI,2,4831.69,30,43,22,0.172,0,,0
INV-204067,C1117,Regional,West,EDI,1,6882.62,30,19,5,0.052,0,,0
INV-204068,C1237,National Account,West,Web Portal,10,2630.09,45,55,17,0.015,0,,0
INV-204069,C1594,National Account,South,EDI,6,7727.93,45,75,26,0.0,0,,0
INV-204070,C1536,National Account,Midwest,EDI,11,6144.89,60,177,34,0.028,0,,0
INV-204071,C1823,National Account,Northeast,Phone,2,3924.66,60,138,22,0.038,0,,0
INV-204072,C1741,National Account,Northeast,Phone,7,8013.07,60,93,18,0.0,0,,0
INV-204073,C1719,Independent,Midwest,EDI,2,4105.79,30,33,10,0.236,0,50.0,0
INV-204074,C1647,Regional,Northeast,EDI,7,17973.23,60,24,10,0.069,0,,0
INV-204075,C1372,Regional,Northeast,Sales Rep,7,13356.89,30,60,11,0.021,0,,0
INV-204076,C1427,National Account,Northeast,Web Portal,5,12693.71,60,71,24,0.0,0,,0
INV-204077,C1402,National Account,Midwest,Sales Rep,2,1825.44,60,66,19,0.205,0,,0
INV-204078,C1293,Regional,Midwest,Sales Rep,11,3905.4,60,8,7,0.146,0,,0
INV-204079,C1186,National Account,South,Sales Rep,4,5731.09,60,69,18,0.0,0,,0
INV-204080,C1160,Regional,Northeast,Sales Rep,10,5745.44,30,18,7,0.136,0,,0
INV-204081,C1839,Independent,Northeast,Sales Rep,1,5957.26,30,25,5,0.06,0,,0
INV-204082,C1710,National Account,West,EDI,12,21644.4,60,54,24,0.175,0,,0
INV-204083,C1186,National Account,Midwest,Phone,5,28793.35,45,69,23,0.202,0,,0
INV-204084,C1066,Regional,West,Sales Rep,10,5314.31,45,38,7,0.061,0,,0
INV-204085,C1228,National Account,South,EDI,5,47864.11,60,12,27,0.155,1,,0
INV-204086,C1220,National Account,West,EDI,3,36811.58,45,29,21,0.0,0,,0
INV-204087,C1032,Regional,South,Web Portal,4,5830.6,45,41,13,0.275,0,,0
INV-204088,C1551,Regional,South,EDI,6,879.49,30,97,11,0.012,0,,0
INV-204089,C1610,Regional,Northeast,Sales Rep,12,2645.97,30,22,12,0.171,1,,0
INV-204090,C1094,Independent,Midwest,Web Portal,3,2149.94,30,28,11,0.352,0,,0
INV-204091,C1196,National Account,Midwest,Sales Rep,12,11995.51,45,28,20,0.0,0,,0
INV-204092,C1632,Regional,South,Sales Rep,1,12160.51,60,48,13,0.258,0,,0
INV-204093,C1785,Regional,West,Sales Rep,1,2861.29,60,32,9,0.241,0,,0
INV-204094,C1430,Regional,South,Web Portal,2,7276.89,45,34,13,0.058,0,77.0,1
INV-204095,C1234,Independent,South,Web Portal,2,1348.77,30,10,8,0.185,0,,0
INV-204096,C1005,National Account,Northeast,Web Portal,6,14376.06,60,34,27,0.073,1,,0
INV-204097,C1566,National Account,Midwest,Sales Rep,5,7707.23,60,58,28,0.012,0,,0
INV-204098,C1387,Regional,Northeast,Phone,11,1287.11,30,55,6,0.167,0,,0
INV-204099,C1119,Regional,West,Phone,2,25314.8,60,28,6,0.053,0,,0
INV-204100,C1675,National Account,Northeast,Web Portal,5,2666.11,60,120,29,0.006,0,,0
INV-204101,C1217,National Account,Midwest,Phone,10,8487.26,60,134,27,0.02,0,,0
INV-204102,C1781,Regional,Northeast,Web Portal,8,3897.51,60,23,10,0.245,0,,0
INV-204103,C1671,National Account,South,Web Portal,4,9777.7,60,231,28,0.0,0,,0
INV-204104,C1489,National Account,Midwest,Sales Rep,1,69543.36,60,13,25,0.078,0,85.0,1
INV-204105,C1423,Regional,Northeast,Sales Rep,12,6442.77,30,54,13,0.113,0,,0
INV-204106,C1258,Independent,West,Sales Rep,5,1107.05,45,13,9,0.043,0,,0
INV-204107,C1245,Regional,Northeast,Sales Rep,9,1285.78,30,20,6,0.097,0,,0
INV-204108,C1465,Regional,West,Sales Rep,4,1091.81,60,4,11,0.079,0,,0
INV-204109,C1139,Independent,South,Sales Rep,5,1529.26,45,24,6,0.176,0,,0
INV-204110,C1579,Regional,Midwest,EDI,10,12742.87,30,21,9,0.102,1,,0
INV-204111,C1772,Independent,Midwest,Web Portal,7,9960.86,45,41,16,0.253,0,,0
INV-204112,C1593,Regional,West,Web Portal,5,1639.71,30,128,8,0.082,0,,0
INV-204113,C1167,Regional,West,Web Portal,9,4483.9,30,29,11,0.003,0,,0
INV-204114,C1659,National Account,Midwest,EDI,7,7739.7,45,99,21,0.0,0,,0
INV-204115,C1566,National Account,Midwest,EDI,3,3961.16,45,58,26,0.003,0,,0
INV-204116,C1127,Regional,South,EDI,7,4785.51,60,19,13,0.192,0,,0
INV-204117,C1407,Regional,Northeast,Web Portal,10,3210.33,30,25,16,0.0,0,,0
INV-204118,C1783,Regional,West,Phone,3,1261.56,45,26,11,0.061,0,,0
INV-204119,C1154,Regional,Northeast,EDI,12,13973.23,45,5,14,0.113,0,,0
INV-204120,C1840,Regional,South,EDI,5,2447.45,30,38,11,0.029,0,,0
INV-204121,C1426,Regional,Northeast,Sales Rep,8,1522.83,45,24,10,0.233,0,,0
INV-204122,C1182,Regional,Midwest,EDI,2,1956.01,60,16,8,0.038,0,,0
INV-204123,C1546,Regional,Midwest,Sales Rep,11,6070.0,45,72,12,0.317,0,,0
INV-204124,C1790,National Account,South,Phone,5,2966.1,60,87,17,0.0,0,,0
INV-204125,C1021,Independent,West,Sales Rep,3,1223.88,60,22,11,0.25,0,,0
INV-204126,C1413,Independent,Northeast,Phone,1,2652.38,30,5,13,0.195,0,,0
INV-204127,C1012,Independent,South,Web Portal,2,1813.04,30,7,16,0.109,0,,0
INV-204128,C1510,Regional,West,EDI,11,318.07,60,32,6,0.274,0,,0
INV-204129,C1439,Independent,Northeast,Web Portal,2,2244.85,30,37,9,0.224,0,,0
INV-204130,C1798,Regional,Midwest,Phone,2,639.51,45,90,15,0.459,0,74.0,1
INV-204131,C1432,Regional,Midwest,Web Portal,12,1550.18,45,17,6,0.038,0,,0
INV-204132,C1119,Regional,West,Phone,8,3495.66,60,28,11,0.0,0,,0
INV-204133,C1030,Regional,Northeast,Sales Rep,9,686.1,60,15,8,0.153,0,,0
INV-204134,C1449,National Account,South,Web Portal,2,12333.47,60,192,26,0.044,0,,0
INV-204135,C1053,Regional,Midwest,Web Portal,2,2048.11,60,25,14,0.025,0,,0
INV-204136,C1299,National Account,South,Sales Rep,7,12150.36,30,31,22,0.001,0,,0
INV-204137,C1257,Regional,Northeast,EDI,10,3096.72,30,35,14,0.03,0,,0
INV-204138,C1500,Independent,Northeast,Web Portal,5,2439.15,45,24,6,0.078,0,,0
INV-204139,C1743,Independent,West,EDI,12,5001.65,45,8,7,0.171,0,,0
INV-204140,C1235,Regional,West,Phone,3,10305.43,60,31,11,0.204,0,,0
INV-204141,C1805,Regional,Midwest,EDI,1,1722.66,30,158,10,0.217,0,,0
INV-204142,C1214,Independent,Northeast,EDI,6,1137.5,30,11,8,0.029,0,,0
INV-204143,C1098,Regional,Northeast,Web Portal,10,4541.28,30,24,13,0.0,0,,0
INV-204144,C1323,Independent,West,Phone,1,648.91,45,24,6,0.534,0,,0
INV-204145,C1807,National Account,Midwest,Sales Rep,4,13941.96,60,170,23,0.009,0,,0
INV-204146,C1334,National Account,South,Phone,9,127834.77,30,103,23,0.013,0,,0
INV-204147,C1188,Regional,South,Phone,12,4837.53,30,46,10,0.229,0,,0
INV-204148,C1048,Regional,Midwest,Phone,4,650.97,60,61,12,0.013,0,,0
INV-204149,C1352,National Account,South,Phone,6,10786.62,60,35,25,0.076,0,,0
INV-204150,C1478,Regional,Midwest,Web Portal,6,7809.68,45,21,12,0.378,0,,0
INV-204151,C1634,Regional,West,EDI,5,5662.44,45,93,13,0.123,0,,0
INV-204152,C1697,Regional,West,Phone,9,2971.74,30,85,9,0.0,0,,0
INV-204153,C1106,National Account,West,Web Portal,1,4958.42,30,46,22,0.056,0,,0
INV-204154,C1025,Regional,Northeast,Web Portal,9,2331.38,30,14,12,0.126,0,,0
INV-204155,C1400,National Account,West,Phone,8,10010.27,45,89,25,0.044,0,,0
INV-204156,C1807,National Account,Northeast,Sales Rep,12,24182.87,60,170,23,0.081,0,,0
INV-204157,C1435,Regional,West,Sales Rep,7,3869.44,30,15,7,0.169,0,,0
INV-204158,C1106,National Account,South,Web Portal,2,15975.43,30,46,23,0.052,0,84.0,1
INV-204159,C1042,Regional,Northeast,Phone,9,1645.64,45,21,11,0.0,0,,0
INV-204160,C1385,Regional,Northeast,EDI,7,18701.11,45,52,11,0.036,0,,0
INV-204161,C1782,Independent,Midwest,EDI,10,1801.89,30,10,10,0.0,0,,0
INV-204162,C1477,National Account,Midwest,Sales Rep,12,6312.1,45,173,22,0.019,0,,0
INV-204163,C1714,Regional,Midwest,Sales Rep,9,1910.31,30,39,7,0.08,0,,0
INV-204164,C1327,Regional,South,Phone,1,7364.22,30,79,10,0.308,0,79.0,1
INV-204165,C1132,Independent,Northeast,Web Portal,12,669.02,30,7,9,0.069,0,,0
INV-204166,C1594,National Account,Midwest,Sales Rep,2,24834.81,30,75,19,0.16,0,,0
INV-204167,C1463,National Account,South,EDI,1,3419.73,60,90,25,0.077,0,,0
INV-204168,C1627,Regional,Midwest,Sales Rep,7,1728.94,30,29,12,0.276,0,,0
INV-204169,C1778,Regional,Midwest,EDI,8,2321.38,45,54,13,0.193,0,,0
INV-204170,C1786,Independent,West,Web Portal,10,1907.13,45,22,10,0.232,0,,0
INV-204171,C1274,National Account,West,EDI,1,34816.23,45,33,17,0.334,0,,0
INV-204172,C1710,National Account,Midwest,Web Portal,6,8086.88,60,54,27,0.0,0,,0
INV-204173,C1336,National Account,Midwest,Phone,3,3903.31,45,5,28,0.024,0,,0
INV-204174,C1048,Regional,West,EDI,1,7174.97,30,61,16,0.246,0,,0
INV-204175,C1186,National Account,Midwest,Web Portal,12,3196.16,60,69,29,0.049,0,,0
INV-204176,C1157,National Account,Midwest,Web Portal,2,17382.55,45,138,30,0.0,0,,0
INV-204177,C1817,Independent,Midwest,Sales Rep,10,878.75,30,30,9,0.088,0,,0
INV-204178,C1608,Independent,Northeast,Sales Rep,9,2213.99,30,17,12,0.001,0,,0
INV-204179,C1011,Independent,Midwest,Web Portal,9,4472.07,30,15,7,0.398,0,,0
INV-204180,C1244,Independent,Midwest,EDI,1,3000.24,30,18,13,0.083,0,,0
INV-204181,C1699,National Account,South,Sales Rep,2,4052.83,60,49,24,0.0,0,,0
INV-204182,C1259,National Account,West,Phone,8,7567.87,60,71,27,0.0,0,,0
INV-204183,C1225,Independent,South,EDI,3,6201.23,30,5,12,0.035,0,,0
INV-204184,C1040,National Account,Northeast,Phone,11,3994.87,45,82,29,0.077,0,,0
INV-204185,C1760,Regional,South,Sales Rep,2,1583.14,60,55,11,0.235,0,,0
INV-204186,C1547,Regional,West,Sales Rep,8,4424.35,45,9,10,0.131,0,,0
INV-204187,C1460,Independent,South,Web Portal,5,2118.14,30,19,6,0.136,0,,0
INV-204188,C1479,Regional,Midwest,Phone,3,3569.91,30,72,11,0.122,0,,0
INV-204189,C1751,National Account,South,Web Portal,1,4913.51,45,60,25,0.0,0,,0
INV-204190,C1053,Regional,Midwest,Web Portal,11,6763.91,45,25,13,0.013,1,,0
INV-204191,C1625,Regional,West,Web Portal,5,6383.14,30,70,9,0.343,0,,0
INV-204192,C1687,Regional,Northeast,Web Portal,3,4638.0,45,57,11,0.252,0,,1
INV-204193,C1144,Regional,West,Web Portal,11,4082.25,45,31,12,0.129,0,,0
INV-204194,C1728,National Account,West,Web Portal,6,5891.71,60,121,17,0.109,0,,0
INV-204195,C1758,Regional,West,Sales Rep,9,2532.01,30,30,12,0.227,0,,0
INV-204196,C1241,Regional,Midwest,EDI,11,4166.13,30,10,8,0.09,0,,0
INV-204197,C1612,National Account,Midwest,EDI,12,2719.43,60,56,24,0.038,0,,0
INV-204198,C1694,National Account,West,Sales Rep,7,9527.42,60,85,26,0.0,0,,0
INV-204199,C1402,National Account,Northeast,Web Portal,12,9825.12,60,66,32,0.458,0,90.0,1
INV-204200,C1285,Independent,South,Sales Rep,5,1752.08,45,15,10,0.123,0,,0
INV-204201,C1148,Regional,Northeast,Phone,5,5640.42,30,18,8,0.179,0,,0
INV-204202,C1193,Regional,Northeast,Web Portal,12,1291.97,30,26,9,0.023,0,,0
INV-204203,C1781,Regional,Northeast,Phone,10,2631.01,30,23,15,0.247,1,61.0,1
INV-204204,C1568,National Account,South,EDI,12,39277.68,30,79,22,0.156,0,,0
INV-204205,C1306,National Account,West,Phone,5,9305.11,45,20,23,0.052,0,,0
INV-204206,C1134,National Account,West,EDI,5,15567.83,45,43,21,0.196,0,,0
INV-204207,C1076,Independent,Northeast,EDI,4,1928.09,60,39,8,0.224,0,,0
INV-204208,C1838,Regional,Northeast,Web Portal,1,2929.43,45,14,10,0.323,0,,0
INV-204209,C1251,Independent,Northeast,Web Portal,5,9515.93,30,30,10,0.153,0,,0
INV-204210,C1418,Independent,Northeast,Phone,11,318.44,45,14,6,0.022,0,,0
INV-204211,C1090,Independent,Northeast,Web Portal,8,4332.64,30,36,11,0.162,0,,0
INV-204212,C1847,National Account,Midwest,Sales Rep,11,18376.17,45,10,28,0.068,0,,0
INV-204213,C1190,Independent,West,EDI,1,725.35,45,17,8,0.035,0,,0
INV-204214,C1042,Regional,Midwest,Sales Rep,5,1551.54,60,21,13,0.0,0,,0
INV-204215,C1435,Regional,South,Sales Rep,1,1757.38,45,15,4,0.162,0,,0
INV-204216,C1429,Independent,Northeast,Web Portal,4,6454.58,30,15,8,0.178,0,,0
INV-204217,C1150,National Account,South,Sales Rep,3,7934.76,30,35,23,0.014,0,,0
INV-204218,C1697,Regional,Midwest,Web Portal,9,3313.93,45,85,11,0.118,0,,0
INV-204219,C1204,Independent,West,EDI,3,7410.13,30,2,7,0.048,0,,0
INV-204220,C1819,Regional,South,Sales Rep,4,5185.87,60,69,8,0.231,0,,0
INV-204221,C1299,National Account,South,Web Portal,12,6614.76,60,31,23,0.163,0,,0
INV-204222,C1148,Regional,Northeast,Phone,2,14077.6,30,18,11,0.067,0,,0
INV-204223,C1391,Independent,Midwest,Sales Rep,7,2564.86,45,25,9,0.119,0,,0
INV-204224,C1826,Regional,West,EDI,11,3374.03,30,13,9,0.169,0,,0
INV-204225,C1679,Regional,South,Phone,4,2959.96,45,135,8,0.05,0,,0
INV-204226,C1677,Independent,Midwest,Web Portal,8,3643.04,30,21,4,0.075,0,,0
INV-204227,C1022,Independent,West,EDI,2,5478.74,30,6,9,0.241,0,59.0,0
INV-204228,C1661,National Account,West,Web Portal,6,20071.74,60,170,27,0.064,0,,0
INV-204229,C1765,Independent,South,Sales Rep,9,1902.34,30,11,6,0.068,0,,0
INV-204230,C1110,Independent,West,Sales Rep,4,1536.92,30,17,14,0.043,0,,0
INV-204231,C1132,Independent,Midwest,Sales Rep,6,1491.52,30,7,6,0.158,0,,0
INV-204232,C1566,National Account,Midwest,Web Portal,7,11332.3,60,58,18,0.04,0,,0
INV-204233,C1036,Independent,Northeast,Sales Rep,11,10737.17,30,28,17,0.0,0,,0
INV-204234,C1429,Independent,Midwest,EDI,3,1021.53,45,15,8,0.246,0,,0
INV-204235,C1101,National Account,Midwest,Sales Rep,12,4091.72,45,152,36,0.0,1,,0
INV-204236,C1626,Independent,Northeast,Phone,11,1222.96,30,7,14,0.093,0,,0
INV-204237,C1451,Regional,Midwest,Web Portal,5,6762.32,30,128,9,0.15,0,,0
INV-204238,C1767,Independent,Midwest,Phone,4,2403.56,30,29,11,0.0,0,,0
INV-204239,C1310,National Account,Midwest,Phone,7,14758.1,45,161,22,0.179,1,,0
INV-204240,C1066,Regional,South,Sales Rep,1,2070.52,30,38,15,0.093,0,,0
INV-204241,C1259,National Account,Northeast,EDI,7,4696.46,60,71,24,0.0,0,,0
INV-204242,C1257,Regional,Midwest,Sales Rep,8,2679.95,30,35,8,0.151,0,,0
INV-204243,C1651,Regional,Midwest,Web Portal,4,2550.49,45,33,9,0.103,0,,0
INV-204244,C1610,Regional,Northeast,EDI,8,6112.2,30,22,7,0.262,0,,0
INV-204245,C1215,Regional,West,Web Portal,4,1855.57,30,33,7,0.212,0,,0
INV-204246,C1776,Regional,South,Web Portal,2,816.62,45,13,10,0.148,0,,0
INV-204247,C1103,National Account,Midwest,Sales Rep,1,19686.51,60,80,21,0.0,0,,0
INV-204248,C1596,Regional,Midwest,Web Portal,2,972.59,60,17,7,0.067,0,,0
INV-204249,C1007,Regional,Northeast,EDI,7,3033.27,45,72,6,0.091,0,,0
INV-204250,C1264,Independent,Northeast,Sales Rep,6,1357.3,45,20,9,0.27,1,95.0,1
INV-204251,C1034,Regional,Northeast,EDI,1,11665.11,30,52,13,0.213,1,,0
INV-204252,C1564,National Account,Northeast,Web Portal,10,7283.21,45,113,16,0.133,0,,0
INV-204253,C1400,National Account,Midwest,Web Portal,9,13213.53,60,89,22,0.0,0,,0
INV-204254,C1073,Regional,West,Sales Rep,5,3769.32,30,13,15,0.297,0,,0
INV-204255,C1646,Independent,South,EDI,12,1560.85,30,51,6,0.134,0,,0
INV-204256,C1322,Independent,Northeast,Web Portal,10,2222.75,45,39,12,0.216,0,63.0,1
INV-204257,C1333,Regional,West,Phone,12,4255.82,30,19,12,0.242,0,83.0,1
INV-204258,C1540,National Account,Midwest,Web Portal,5,5916.89,45,73,23,0.0,0,,0
INV-204259,C1781,Regional,South,Sales Rep,1,2967.16,30,23,9,0.251,0,,0
INV-204260,C1754,Regional,Midwest,Phone,5,1953.6,30,30,6,0.124,0,,0
INV-204261,C1136,Independent,West,Sales Rep,10,2039.74,30,2,9,0.29,0,,0
INV-204262,C1794,National Account,Northeast,Sales Rep,6,21697.43,60,50,21,0.248,0,86.0,0
INV-204263,C1742,Regional,Midwest,EDI,1,2683.1,30,19,11,0.103,0,,0
INV-204264,C1565,National Account,West,Sales Rep,11,24183.72,60,28,29,0.0,0,,0
INV-204265,C1366,Independent,South,Phone,3,12628.28,30,27,10,0.177,0,,0
INV-204266,C1218,National Account,Northeast,Web Portal,2,11831.53,60,43,19,0.034,0,,0
INV-204267,C1482,Regional,South,EDI,7,20493.93,30,68,13,0.043,0,75.0,1
INV-204268,C1005,National Account,West,Web Portal,10,5166.8,60,34,25,0.0,0,,0
INV-204269,C1842,Regional,West,Sales Rep,5,1562.32,60,33,10,0.051,0,,0
INV-204270,C1139,Independent,South,Phone,5,15008.9,30,24,12,0.154,0,,0
INV-204271,C1642,Regional,South,Sales Rep,3,6103.0,45,47,8,0.059,0,,0
INV-204272,C1799,Regional,Midwest,Phone,7,9399.09,45,38,8,0.019,0,,0
INV-204273,C1751,National Account,South,Phone,3,10307.6,45,60,22,0.123,0,,0
INV-204274,C1537,Independent,Northeast,Phone,2,1080.29,30,11,13,0.34,0,,0
INV-204275,C1235,Regional,Northeast,Web Portal,11,7656.67,45,31,19,0.096,0,,0
INV-204276,C1502,Independent,Midwest,Phone,5,4251.85,30,35,9,0.122,0,,0
INV-204277,C1138,Independent,Midwest,Phone,3,1026.0,30,28,14,0.094,0,,0
INV-204278,C1146,National Account,South,Web Portal,10,13809.54,45,38,27,0.275,0,,0
INV-204279,C1614,National Account,Northeast,Sales Rep,11,8262.97,45,27,27,0.0,0,,0
INV-204280,C1634,Regional,Midwest,Web Portal,2,1915.78,30,93,11,0.034,0,,0
INV-204281,C1503,Regional,Midwest,Web Portal,9,2547.5,60,42,20,0.058,1,,0
INV-204282,C1331,Independent,Midwest,Phone,9,1992.31,30,14,8,0.196,0,56.0,1
INV-204283,C1842,Regional,Midwest,Sales Rep,2,21388.6,60,33,11,0.065,0,106.0,1
INV-204284,C1384,Independent,Midwest,Phone,10,1922.06,30,25,18,0.159,0,,0
INV-204285,C1334,National Account,South,EDI,2,2768.11,45,103,25,0.107,0,,0
INV-204286,C1421,Regional,Northeast,Phone,3,2609.69,45,29,13,0.0,0,,0
INV-204287,C1788,Independent,Northeast,Sales Rep,3,1814.89,60,15,8,0.462,0,,0
INV-204288,C1225,Independent,Midwest,Sales Rep,6,740.65,60,5,7,0.148,0,,0
INV-204289,C1432,Regional,West,Sales Rep,12,7757.88,45,17,14,0.118,0,,0
INV-204290,C1166,Regional,Midwest,Web Portal,7,4910.39,30,20,18,0.128,0,,0
INV-204291,C1179,Regional,Midwest,Sales Rep,2,1196.86,30,25,7,0.056,0,77.0,1
INV-204292,C1641,Regional,West,Web Portal,3,2347.42,30,35,11,0.0,0,,0
INV-204293,C1637,Independent,South,Sales Rep,7,1968.76,45,13,7,0.337,0,,0
INV-204294,C1573,National Account,Midwest,Web Portal,2,3572.16,60,63,21,0.0,0,,0
INV-204295,C1477,National Account,Midwest,Phone,8,1883.55,60,173,24,0.0,0,,0
INV-204296,C1471,National Account,West,Sales Rep,12,23262.01,45,137,25,0.121,0,,0
INV-204297,C1770,Regional,West,Sales Rep,4,3304.43,60,13,3,0.0,0,,0
INV-204298,C1027,Regional,Northeast,Web Portal,2,5372.12,30,38,9,0.093,0,,0
INV-204299,C1638,Independent,West,Sales Rep,5,1092.9,30,32,11,0.052,0,,0
INV-204300,C1750,National Account,Midwest,Phone,9,14478.82,30,108,23,0.0,0,,0
INV-204301,C1669,Independent,Midwest,EDI,12,1674.03,30,4,9,0.194,0,,0
INV-204302,C1459,Regional,Midwest,EDI,3,2272.49,60,24,8,0.257,0,,0
INV-204303,C1268,Independent,South,Phone,5,4062.7,45,28,16,0.111,0,,0
INV-204304,C1592,Independent,Midwest,EDI,7,2213.8,30,29,12,0.041,0,,0
INV-204305,C1356,Independent,Midwest,Sales Rep,5,1379.93,45,10,18,0.299,0,,0
INV-204306,C1120,National Account,West,Phone,3,3698.18,30,62,21,0.143,0,,0
INV-204307,C1371,Regional,Midwest,Web Portal,7,6371.0,60,19,10,0.037,0,,0
INV-204308,C1304,Independent,West,Phone,11,464.67,30,12,12,0.13,0,,0
INV-204309,C1509,Independent,Northeast,Sales Rep,9,1124.56,45,20,11,0.196,0,,0
INV-204310,C1031,Regional,South,Sales Rep,11,1450.65,45,34,8,0.195,0,,0
INV-204311,C1811,Regional,Midwest,EDI,9,1737.87,45,7,9,0.16,0,,0
INV-204312,C1536,National Account,South,Sales Rep,12,11113.4,45,177,25,0.08,0,,0
INV-204313,C1459,Regional,South,Web Portal,5,3959.89,45,24,8,0.078,0,,0
INV-204314,C1199,Independent,Northeast,Phone,5,930.62,30,9,6,0.399,0,,0
INV-204315,C1542,Regional,Northeast,Phone,10,1701.26,60,43,12,0.071,0,,0
INV-204316,C1727,Regional,South,Sales Rep,9,2147.77,45,37,7,0.038,0,81.0,0
INV-204317,C1209,Independent,South,Sales Rep,2,4475.0,30,5,14,0.134,0,,0
INV-204318,C1621,Independent,South,Sales Rep,7,3493.1,30,9,12,0.081,0,,0
INV-204319,C1616,Independent,Midwest,Phone,5,2622.73,30,16,8,0.151,0,,0
INV-204320,C1597,Independent,South,EDI,1,1982.51,30,17,10,0.0,0,,0
INV-204321,C1158,Regional,West,Web Portal,9,6635.09,45,33,5,0.042,0,,0
INV-204322,C1126,Independent,South,Web Portal,1,7927.62,30,24,9,0.104,0,,0
INV-204323,C1762,National Account,Northeast,Phone,6,3269.26,60,36,25,0.149,0,,0
INV-204324,C1819,Regional,South,Web Portal,9,1025.4,45,69,10,0.105,0,,0
INV-204325,C1357,Independent,Northeast,Sales Rep,5,4096.38,45,4,13,0.004,0,,0
INV-204326,C1593,Regional,Midwest,Phone,3,2628.87,45,128,8,0.033,0,,0
INV-204327,C1583,National Account,Midwest,Sales Rep,10,18104.51,60,103,21,0.035,0,,0
INV-204328,C1142,Independent,Midwest,Web Portal,10,5160.45,30,12,14,0.058,0,,0
INV-204329,C1675,National Account,Midwest,Phone,5,11800.59,30,120,30,0.237,0,,0
INV-204330,C1488,Regional,Midwest,Sales Rep,5,1045.0,45,79,9,0.312,0,,0
INV-204331,C1085,Independent,South,Phone,9,2194.29,45,6,14,0.256,0,,1
INV-204332,C1548,Independent,Midwest,EDI,5,2680.95,30,27,11,0.077,0,,0
INV-204333,C1428,National Account,South,Web Portal,11,5769.85,45,19,27,0.168,0,,0
INV-204334,C1059,Independent,Midwest,Phone,9,635.95,30,27,11,0.291,0,,0
INV-204335,C1163,National Account,West,EDI,9,9205.19,60,48,18,0.0,0,,0
INV-204336,C1079,Regional,West,Web Portal,9,13177.53,60,147,9,0.239,0,111.0,1
INV-204337,C1582,Independent,South,Sales Rep,11,1141.59,30,24,14,0.213,0,57.0,1
INV-204338,C1742,Regional,South,Phone,1,3194.59,45,19,4,0.012,0,,0
INV-204339,C1564,National Account,South,Phone,3,21460.91,60,113,35,0.144,0,,0
INV-204340,C1241,Regional,Midwest,Phone,9,6325.07,30,10,8,0.09,0,,0
INV-204341,C1339,Independent,South,Sales Rep,9,562.64,30,5,8,0.157,0,,0
INV-204342,C1055,Regional,Midwest,EDI,5,9009.06,45,42,8,0.185,0,,0
INV-204343,C1579,Regional,Midwest,Phone,7,2722.26,45,21,8,0.066,0,,0
INV-204344,C1438,Independent,West,Sales Rep,3,3496.67,45,22,14,0.322,1,72.0,1
INV-204345,C1132,Independent,Midwest,EDI,8,1710.82,45,7,13,0.181,0,,0
INV-204346,C1401,Regional,South,EDI,1,2417.4,30,21,11,0.141,0,,0
INV-204347,C1705,Independent,South,EDI,10,1691.04,30,10,10,0.202,0,,0
INV-204348,C1023,National Account,South,Phone,3,25903.92,60,33,24,0.234,0,,0
INV-204349,C1236,National Account,Northeast,Web Portal,5,9266.44,45,36,20,0.0,0,,0
INV-204350,C1803,National Account,West,Web Portal,7,14921.94,45,32,20,0.06,0,,0
INV-204351,C1825,Independent,Midwest,Sales Rep,5,1170.65,30,16,5,0.111,0,,0
INV-204352,C1214,Independent,Northeast,Sales Rep,12,2774.83,30,11,8,0.292,0,,0
INV-204353,C1146,National Account,Midwest,Sales Rep,11,13984.79,30,38,25,0.152,1,,0
INV-204354,C1838,Regional,Northeast,EDI,1,5828.8,45,14,12,0.275,0,,0
INV-204355,C1113,Regional,South,Web Portal,10,4840.28,45,26,10,0.339,0,,0
INV-204356,C1684,Regional,South,EDI,4,3472.73,60,107,8,0.141,0,,0
INV-204357,C1002,Regional,South,Web Portal,12,1039.78,30,56,16,0.078,0,,0
INV-204358,C1005,National Account,Midwest,EDI,10,8172.54,60,34,23,0.174,0,,0
INV-204359,C1797,Regional,South,EDI,7,2866.62,30,60,15,0.105,0,,0
INV-204360,C1845,Independent,West,EDI,10,1032.44,30,4,10,0.281,0,,0
INV-204361,C1653,Regional,Northeast,Sales Rep,11,3539.56,30,8,7,0.233,0,,0
INV-204362,C1599,Regional,West,EDI,12,7801.78,30,69,12,0.018,0,,0
INV-204363,C1694,National Account,Midwest,Sales Rep,7,12320.93,60,85,29,0.0,0,,0
INV-204364,C1179,Regional,Midwest,EDI,9,19673.8,45,25,9,0.135,0,,0
INV-204365,C1309,Independent,Midwest,Sales Rep,7,1243.68,60,6,10,0.126,0,84.0,1
INV-204366,C1531,Regional,Northeast,Web Portal,2,1524.69,30,22,8,0.015,0,,0
INV-204367,C1641,Regional,Midwest,Phone,7,715.75,45,35,13,0.114,0,,0
INV-204368,C1713,Independent,South,Sales Rep,8,2575.34,30,13,7,0.305,0,,0
INV-204369,C1332,National Account,Northeast,Sales Rep,5,21013.68,45,14,19,0.142,0,,0
INV-204370,C1518,Independent,Midwest,Web Portal,4,12445.9,30,67,15,0.145,1,,0
INV-204371,C1201,Independent,South,Web Portal,3,714.93,30,51,7,0.228,0,,0
INV-204372,C1656,Regional,South,Sales Rep,1,7446.47,30,84,7,0.113,0,,0
INV-204373,C1376,Independent,Midwest,Web Portal,2,3719.0,30,4,10,0.334,0,,1
INV-204374,C1098,Regional,Northeast,Sales Rep,4,536.24,45,24,7,0.124,0,,0
INV-204375,C1029,Independent,Northeast,Sales Rep,9,9078.31,30,44,7,0.15,0,,0
INV-204376,C1499,Independent,Midwest,Sales Rep,9,11627.97,60,25,16,0.104,0,,0
INV-204377,C1534,Regional,West,Phone,1,344.32,45,38,9,0.183,0,,0
INV-204378,C1702,Independent,Midwest,EDI,8,5572.97,30,5,10,0.383,0,,0
INV-204379,C1390,Independent,South,Web Portal,2,3514.15,45,18,8,0.401,0,,0
INV-204380,C1470,Independent,South,EDI,8,923.15,60,40,7,0.125,0,,0
INV-204381,C1428,National Account,Midwest,Phone,12,3402.26,45,19,21,0.073,0,,0
INV-204382,C1237,National Account,South,Sales Rep,12,6370.53,30,55,31,0.0,0,,0
INV-204383,C1477,National Account,South,EDI,6,34014.52,45,173,22,0.002,0,,0
INV-204384,C1404,Independent,South,Web Portal,2,2677.29,45,30,7,0.19,0,,0
INV-204385,C1574,Independent,Northeast,Sales Rep,7,5423.64,30,76,9,0.065,0,,0
INV-204386,C1229,Regional,South,Sales Rep,8,1964.27,30,63,8,0.0,0,56.0,0
INV-204387,C1610,Regional,Northeast,Web Portal,3,2065.77,45,22,8,0.211,0,,0
INV-204388,C1555,Regional,South,Phone,2,4577.37,45,41,11,0.012,0,,0
INV-204389,C1799,Regional,South,Web Portal,8,13194.43,45,38,8,0.033,0,,0
INV-204390,C1355,Independent,West,Web Portal,11,649.24,30,24,8,0.155,0,,0
INV-204391,C1628,Independent,Northeast,EDI,2,1203.42,30,35,13,0.46,0,,0
INV-204392,C1186,National Account,Midwest,Phone,2,11921.22,60,69,23,0.004,0,,0
INV-204393,C1019,National Account,Midwest,EDI,8,5947.24,30,43,28,0.134,0,,0
INV-204394,C1211,Regional,West,Sales Rep,3,2300.32,30,61,6,0.094,0,,0
INV-204395,C1661,National Account,Midwest,Sales Rep,12,5774.86,45,170,22,0.11,0,,0
INV-204396,C1031,Regional,South,EDI,1,1581.66,45,34,15,0.017,0,,0
INV-204397,C1825,Independent,Northeast,EDI,1,1480.76,30,16,12,0.061,0,,0
INV-204398,C1139,Independent,South,EDI,6,2475.18,30,24,8,0.186,0,,0
INV-204399,C1842,Regional,South,EDI,12,6065.84,30,33,8,0.002,0,,0
INV-204400,C1097,National Account,West,Web Portal,7,17045.66,45,32,20,0.0,0,,0
INV-204401,C1734,Independent,Midwest,Phone,2,842.95,30,95,5,0.079,0,,0
INV-204402,C1352,National Account,West,EDI,4,39221.22,60,35,26,0.04,0,105.0,1
INV-204403,C1513,Independent,Northeast,Web Portal,12,1881.44,45,58,6,0.062,1,,0
INV-204404,C1814,Regional,Midwest,Sales Rep,2,6142.81,60,7,7,0.137,0,,0
INV-204405,C1641,Regional,South,Web Portal,10,6030.25,60,35,10,0.053,0,100.0,1
INV-204406,C1328,National Account,Northeast,Phone,5,10952.86,60,81,25,0.051,0,,0
INV-204407,C1624,Regional,Midwest,Web Portal,7,2374.89,30,25,10,0.336,0,,0
INV-204408,C1389,Independent,Northeast,Web Portal,2,1791.13,30,13,12,0.0,0,,0
INV-204409,C1471,National Account,South,Sales Rep,9,7730.09,45,137,18,0.182,0,,0
INV-204410,C1460,Independent,Midwest,EDI,8,1440.52,30,19,9,0.271,0,,0
INV-204411,C1573,National Account,Midwest,EDI,2,2585.52,60,63,31,0.0,0,,0
INV-204412,C1280,Independent,Northeast,EDI,3,5621.37,45,10,10,0.188,1,,0
INV-204413,C1442,National Account,South,Phone,9,11769.61,60,45,24,0.257,0,,0
INV-204414,C1648,Regional,Midwest,Web Portal,9,1083.1,45,39,10,0.182,1,,0
INV-204415,C1841,Independent,West,EDI,3,3295.68,30,5,8,0.498,0,,0
INV-204416,C1825,Independent,Midwest,EDI,3,1417.06,30,16,15,0.24,0,,0
INV-204417,C1492,National Account,Northeast,Web Portal,1,8477.92,30,102,28,0.02,0,,0
INV-204418,C1551,Regional,South,Web Portal,11,1765.17,30,97,8,0.1,1,,0
INV-204419,C1220,National Account,Northeast,Sales Rep,5,21716.82,60,29,21,0.026,0,,0
INV-204420,C1774,Independent,West,EDI,12,6014.91,45,13,11,0.295,0,,0
INV-204421,C1049,Independent,South,EDI,2,2115.56,45,13,14,0.172,0,,0
INV-204422,C1570,Independent,Midwest,Web Portal,5,1539.45,30,9,6,0.08,0,,0
INV-204423,C1116,Independent,Northeast,Sales Rep,6,5760.02,45,30,8,0.155,0,,0
INV-204424,C1031,Regional,Midwest,Sales Rep,10,2151.45,45,34,7,0.172,0,,0
INV-204425,C1762,National Account,South,Sales Rep,1,9634.93,30,36,25,0.07,0,,0
INV-204426,C1064,Regional,Midwest,Web Portal,10,3923.34,45,54,9,0.022,0,,0
INV-204427,C1628,Independent,West,EDI,3,4686.6,30,35,7,0.345,0,,0
INV-204428,C1701,National Account,South,Phone,4,42327.26,45,61,14,0.216,0,,0
INV-204429,C1769,Independent,Midwest,Web Portal,5,514.31,30,23,7,0.217,1,,0
INV-204430,C1108,Independent,South,Sales Rep,9,1103.14,45,65,8,0.166,0,,0
INV-204431,C1489,National Account,West,Web Portal,5,2971.27,45,13,24,0.173,0,,0
INV-204432,C1780,Regional,Northeast,Web Portal,6,10310.14,30,54,11,0.22,0,,0
INV-204433,C1793,Regional,Midwest,Sales Rep,2,3157.0,30,39,10,0.211,0,,0
INV-204434,C1712,National Account,South,Sales Rep,6,20662.48,60,66,22,0.083,0,,0
INV-204435,C1613,Regional,Northeast,EDI,4,5611.2,30,35,11,0.145,0,,0
INV-204436,C1517,Regional,Midwest,Sales Rep,1,3131.83,30,38,11,0.071,0,,0
INV-204437,C1787,National Account,Midwest,EDI,4,12054.34,45,103,26,0.019,0,,0
INV-204438,C1668,Independent,Midwest,Web Portal,12,6680.24,30,30,10,0.0,0,,0
INV-204439,C1334,National Account,South,Sales Rep,6,13996.62,45,103,34,0.073,1,,0
INV-204440,C1373,Independent,West,Web Portal,9,3009.59,30,9,10,0.269,0,,0
INV-204441,C1564,National Account,South,EDI,8,5009.5,30,113,21,0.138,0,,0
INV-204442,C1659,National Account,Midwest,Sales Rep,12,6748.14,45,99,18,0.049,0,,0
INV-204443,C1526,National Account,Northeast,EDI,1,25973.47,45,14,23,0.096,0,,0
INV-204444,C1505,National Account,Midwest,Sales Rep,2,77557.78,60,68,21,0.027,0,,0
INV-204445,C1312,National Account,Northeast,Sales Rep,9,16479.46,60,104,25,0.0,0,,0
INV-204446,C1818,National Account,Northeast,Phone,8,6725.25,60,113,16,0.116,0,,0
INV-204447,C1000,Independent,Northeast,Web Portal,10,1940.28,30,20,16,0.222,0,,0
INV-204448,C1353,National Account,Midwest,Sales Rep,9,5399.25,60,24,24,0.076,1,,0
INV-204449,C1168,Regional,South,Sales Rep,5,3510.0,45,50,11,0.132,0,,0
INV-204450,C1674,Regional,West,Web Portal,11,3800.35,45,4,9,0.077,0,,0
INV-204451,C1115,National Account,South,Sales Rep,11,7214.17,30,48,31,0.002,0,,0
INV-204452,C1128,Regional,Midwest,EDI,11,1590.55,60,30,12,0.165,0,,0
INV-204453,C1001,Regional,Midwest,Phone,5,2760.12,30,30,16,0.074,0,,0
INV-204454,C1402,National Account,South,EDI,8,9606.63,60,66,30,0.244,0,,0
INV-204455,C1393,Regional,Midwest,Phone,5,1592.13,45,29,18,0.133,0,,0
INV-204456,C1693,Regional,Midwest,Web Portal,10,2198.42,30,46,8,0.017,0,,0
INV-204457,C1062,Regional,South,Sales Rep,12,1332.98,60,43,9,0.226,0,,0
INV-204458,C1060,Regional,Midwest,Sales Rep,3,2946.95,30,32,12,0.168,0,,0
INV-204459,C1245,Regional,Midwest,EDI,8,2030.22,60,20,7,0.302,0,,0
INV-204460,C1306,National Account,West,Web Portal,5,31367.15,60,20,24,0.0,0,,0
INV-204461,C1697,Regional,Northeast,Phone,6,3289.35,45,85,12,0.0,0,,0
INV-204462,C1802,Regional,Midwest,Sales Rep,7,1647.61,60,102,8,0.072,0,,0
INV-204463,C1526,National Account,South,EDI,7,5208.62,45,14,15,0.124,0,,0
INV-204464,C1565,National Account,Northeast,Sales Rep,12,2931.29,45,28,25,0.088,0,,0
INV-204465,C1750,National Account,Northeast,Phone,9,24312.0,30,108,16,0.002,0,,0
INV-204466,C1121,National Account,South,EDI,7,15354.08,30,46,13,0.0,0,,0
INV-204467,C1827,National Account,Midwest,Phone,11,12194.76,30,73,26,0.483,1,69.0,1
INV-204468,C1540,National Account,Midwest,Sales Rep,5,13181.28,60,73,17,0.0,0,,0
INV-204469,C1048,Regional,Northeast,Web Portal,2,673.21,45,61,14,0.027,1,,0
INV-204470,C1314,Independent,Northeast,Sales Rep,7,2490.25,30,47,14,0.113,0,,0
INV-204471,C1033,Independent,South,Phone,5,840.17,30,24,14,0.259,0,,0
INV-204472,C1666,Regional,South,EDI,8,6639.32,45,103,15,0.091,0,,0
INV-204473,C1306,National Account,Midwest,Phone,8,4603.03,45,20,20,0.0,0,,0
INV-204474,C1402,National Account,Northeast,Phone,11,17874.13,60,66,16,0.193,0,106.0,1
INV-204475,C1278,Regional,Northeast,Web Portal,10,1978.59,60,33,11,0.0,0,,0
INV-204476,C1280,Independent,South,Web Portal,12,5334.2,30,10,13,0.094,1,,0
INV-204477,C1526,National Account,West,EDI,2,24529.86,45,14,27,0.195,0,,0
INV-204478,C1751,National Account,South,Web Portal,1,61098.41,60,60,22,0.008,0,,0
INV-204479,C1432,Regional,South,EDI,8,481.81,45,17,10,0.094,0,,0
INV-204480,C1559,National Account,Midwest,Sales Rep,12,11427.45,60,11,24,0.061,0,,0
INV-204481,C1664,Regional,Midwest,Web Portal,6,2986.12,45,60,12,0.21,0,,0
INV-204482,C1340,Independent,Midwest,Sales Rep,5,391.28,30,29,10,0.057,0,,0
INV-204483,C1497,National Account,Northeast,Phone,12,11537.3,30,137,25,0.147,0,,0
INV-204484,C1239,Regional,West,Sales Rep,11,1281.29,30,63,8,0.109,0,,0
INV-204485,C1297,National Account,Northeast,EDI,4,2756.87,45,77,28,0.0,0,,0
INV-204486,C1783,Regional,South,Web Portal,3,4153.84,30,26,8,0.108,0,76.0,1
INV-204487,C1543,Regional,Northeast,Sales Rep,4,1215.77,30,19,9,0.096,0,,0
INV-204488,C1312,National Account,West,Sales Rep,10,5157.55,45,104,21,0.0,0,,0
INV-204489,C1834,Regional,South,Web Portal,2,8500.78,30,101,12,0.197,0,,0
INV-204490,C1795,Independent,Northeast,Phone,6,10557.17,30,3,6,0.118,0,,0
INV-204491,C1306,National Account,South,Web Portal,10,47345.84,60,20,21,0.0,0,,0
INV-204492,C1568,National Account,Midwest,Phone,7,11214.26,60,79,24,0.071,0,,0
INV-204493,C1446,National Account,South,Sales Rep,6,9109.43,60,78,23,0.006,0,,0
INV-204494,C1217,National Account,Midwest,Phone,9,7203.66,60,134,23,0.0,0,,0
INV-204495,C1398,National Account,Northeast,Web Portal,10,36887.35,60,161,17,0.024,0,,0
INV-204496,C1226,Regional,Northeast,Phone,3,7720.86,30,108,10,0.0,0,,0
INV-204497,C1148,Regional,Midwest,Sales Rep,11,1667.03,60,18,7,0.117,0,,0
INV-204498,C1606,National Account,Midwest,Web Portal,2,12179.19,60,195,17,0.0,0,,0
INV-204499,C1231,National Account,Midwest,Web Portal,10,27789.39,60,35,14,0.07,0,,0
INV-204500,C1685,Independent,South,Web Portal,10,1660.02,30,16,9,0.376,1,,0
INV-204501,C1286,Regional,Northeast,Phone,6,3894.91,45,11,9,0.104,0,,0
INV-204502,C1159,Independent,South,EDI,12,2695.92,30,16,6,0.296,0,,0
INV-204503,C1408,Regional,West,Sales Rep,11,2425.19,60,34,7,0.0,0,,0
INV-204504,C1823,National Account,Midwest,Sales Rep,10,2543.61,45,138,24,0.0,0,,0
INV-204505,C1623,Regional,South,Sales Rep,6,8531.13,30,33,13,0.036,0,,0
INV-204506,C1442,National Account,South,Phone,7,4288.37,60,45,20,0.251,0,,0
INV-204507,C1145,National Account,Northeast,Sales Rep,12,2996.34,60,5,18,0.0,0,,0
INV-204508,C1414,Independent,Northeast,Phone,9,1740.58,60,6,13,0.282,0,,0
INV-204509,C1431,Regional,South,Web Portal,4,5746.53,30,41,7,0.367,0,,0
INV-204510,C1564,National Account,Midwest,Web Portal,4,9246.77,60,113,23,0.068,0,,0
INV-204511,C1726,Independent,West,Web Portal,7,4345.61,30,21,8,0.189,0,,0
INV-204512,C1827,National Account,South,Web Portal,7,16458.43,30,73,23,0.091,0,,0
INV-204513,C1625,Regional,Midwest,EDI,5,7586.91,45,70,9,0.188,0,,0
INV-204514,C1280,Independent,Midwest,Web Portal,6,1749.53,45,10,5,0.144,0,,0
INV-204515,C1662,Independent,South,Web Portal,10,1900.37,30,39,14,0.15,1,,0
INV-204516,C1101,National Account,Midwest,EDI,11,1980.96,45,152,26,0.167,0,,0
INV-204517,C1348,Regional,South,Web Portal,5,3784.7,30,84,13,0.0,0,63.0,0
INV-204518,C1628,Independent,Midwest,Phone,3,830.11,30,35,10,0.155,0,,0
INV-204519,C1227,Regional,South,Phone,7,4609.93,45,34,13,0.123,0,,0
INV-204520,C1359,Independent,West,Sales Rep,7,4561.34,30,50,9,0.045,0,,0
INV-204521,C1387,Regional,Northeast,EDI,11,4315.53,45,55,9,0.249,0,,0
INV-204522,C1238,National Account,Midwest,Phone,11,4292.86,60,201,20,0.023,0,,0
INV-204523,C1561,Regional,Midwest,EDI,5,2893.36,45,148,5,0.0,0,,0
INV-204524,C1184,Regional,Midwest,Sales Rep,6,1164.39,30,31,10,0.187,0,,1
INV-204525,C1667,Regional,Northeast,Web Portal,6,1561.78,45,37,8,0.179,0,,0
INV-204526,C1019,National Account,West,Sales Rep,9,2643.51,45,43,22,0.229,0,,0
INV-204527,C1768,National Account,Northeast,Sales Rep,11,2627.33,60,109,22,0.025,0,,0
INV-204528,C1698,National Account,Midwest,Phone,11,9414.35,60,49,25,0.109,0,,0
INV-204529,C1644,Regional,Northeast,Sales Rep,7,964.19,45,46,9,0.221,0,,0
INV-204530,C1549,Independent,South,Web Portal,6,1690.86,30,63,9,0.042,0,,0
INV-204531,C1160,Regional,South,Phone,2,2847.74,30,18,11,0.398,1,,1
INV-204532,C1647,Regional,South,Phone,5,2257.5,30,24,13,0.117,0,,0
INV-204533,C1597,Independent,Midwest,Web Portal,9,3030.6,30,17,11,0.046,0,,0
INV-204534,C1193,Regional,Midwest,Phone,3,6704.42,60,26,7,0.144,0,114.0,1
INV-204535,C1692,National Account,South,EDI,10,18922.24,60,42,22,0.009,0,,0
INV-204536,C1775,Regional,South,Sales Rep,3,2854.21,30,10,10,0.068,0,,0
INV-204537,C1540,National Account,West,Sales Rep,9,26134.92,30,73,21,0.131,0,64.0,1
INV-204538,C1702,Independent,Midwest,Sales Rep,7,6029.96,30,5,7,0.047,0,,0
INV-204539,C1745,Regional,West,EDI,9,1417.88,45,73,9,0.04,0,,0
INV-204540,C1275,Regional,South,EDI,8,1744.72,30,45,9,0.255,0,,0
INV-204541,C1291,Independent,West,Phone,4,1836.31,45,47,6,0.145,0,,0
INV-204542,C1135,Regional,Midwest,Phone,10,10408.49,30,86,18,0.094,0,55.0,1
INV-204543,C1295,Independent,Midwest,EDI,1,652.17,45,31,12,0.057,0,,0
INV-204544,C1013,Regional,Northeast,EDI,2,678.84,30,43,8,0.492,0,,0
INV-204545,C1096,Independent,West,Web Portal,12,4471.55,30,15,13,0.102,0,,0
INV-204546,C1740,Independent,West,Phone,4,5320.94,30,44,8,0.16,0,,0
INV-204547,C1117,Regional,South,Sales Rep,5,5373.22,45,19,12,0.0,0,,0
INV-204548,C1588,Regional,Northeast,Web Portal,7,1226.96,45,13,11,0.305,0,,0
INV-204549,C1471,National Account,Northeast,EDI,12,11986.39,60,137,25,0.115,0,,0
INV-204550,C1442,National Account,Northeast,Web Portal,8,3048.67,60,45,23,0.084,0,,0
INV-204551,C1746,Regional,Midwest,EDI,5,2095.7,45,65,9,0.096,0,,0
INV-204552,C1666,Regional,Midwest,EDI,6,17787.26,45,103,5,0.11,0,,0
INV-204553,C1236,National Account,Northeast,Web Portal,7,16616.96,60,36,19,0.068,0,,0
INV-204554,C1440,Regional,Midwest,Sales Rep,4,1315.43,45,67,10,0.126,0,,0
INV-204555,C1414,Independent,West,Web Portal,3,1411.0,30,6,9,0.279,0,,0
INV-204556,C1018,Regional,Midwest,EDI,10,28247.29,45,69,10,0.025,0,,0
INV-204557,C1481,Regional,South,Web Portal,10,2876.07,30,11,11,0.096,0,,0
INV-204558,C1749,Independent,West,Sales Rep,10,999.82,45,28,11,0.29,0,,0
INV-204559,C1000,Independent,Northeast,Sales Rep,10,1746.31,30,20,11,0.182,0,,0
INV-204560,C1336,National Account,Midwest,Sales Rep,8,23344.55,45,5,23,0.233,0,,0
INV-204561,C1076,Independent,South,Sales Rep,9,2045.01,30,39,10,0.091,0,,0
INV-204562,C1552,National Account,South,Sales Rep,1,36927.61,45,18,19,0.1,0,,0
INV-204563,C1822,Independent,Northeast,EDI,4,1805.69,30,4,6,0.364,0,,0
INV-204564,C1375,National Account,Midwest,Sales Rep,9,7626.14,60,39,30,0.207,0,,0
INV-204565,C1562,Independent,West,Sales Rep,2,4775.73,30,37,8,0.321,1,,0
INV-204566,C1560,Regional,Midwest,Web Portal,7,4017.63,30,125,8,0.254,0,,0
INV-204567,C1040,National Account,Northeast,EDI,6,8035.51,30,82,20,0.239,0,,0
INV-204568,C1670,Regional,Midwest,EDI,11,5740.92,30,89,8,0.248,0,,0
INV-204569,C1299,National Account,Midwest,Sales Rep,2,45248.66,60,31,18,0.091,0,,0
INV-204570,C1443,Regional,West,Phone,8,2031.76,30,54,13,0.111,0,,0
INV-204571,C1566,National Account,South,Sales Rep,12,6014.36,45,58,27,0.042,0,,0
INV-204572,C1062,Regional,Northeast,Phone,3,2741.36,30,43,13,0.009,0,81.0,1
INV-204573,C1669,Independent,Midwest,EDI,8,938.4,45,4,8,0.201,0,,0
INV-204574,C1775,Regional,South,EDI,11,2705.4,45,10,12,0.113,0,,0
INV-204575,C1066,Regional,West,Sales Rep,11,2466.95,30,38,11,0.042,0,,0
INV-204576,C1115,National Account,West,Web Portal,1,10624.36,45,48,24,0.002,0,,0
INV-204577,C1361,Independent,Midwest,Sales Rep,2,9488.39,60,26,13,0.142,0,,0
INV-204578,C1381,Regional,Midwest,Sales Rep,2,415.33,30,92,7,0.004,0,,0
INV-204579,C1710,National Account,South,EDI,8,18247.38,45,54,19,0.001,0,,0
INV-204580,C1463,National Account,Northeast,Sales Rep,6,1624.05,60,90,21,0.337,0,,0
INV-204581,C1507,National Account,Midwest,Sales Rep,3,4810.42,45,37,23,0.0,0,,0
INV-204582,C1632,Regional,West,EDI,12,33208.82,30,48,12,0.07,0,,0
INV-204583,C1400,National Account,South,Sales Rep,2,12193.8,45,89,30,0.03,0,,0
INV-204584,C1671,National Account,Northeast,Web Portal,3,5874.04,45,231,26,0.0,0,,0
INV-204585,C1275,Regional,Northeast,Web Portal,7,3258.54,45,45,11,0.061,0,,0
INV-204586,C1749,Independent,Midwest,Sales Rep,8,2009.33,30,28,10,0.234,0,,0
INV-204587,C1213,Regional,Northeast,EDI,6,2255.89,30,79,11,0.118,0,,0
INV-204588,C1683,Independent,South,Web Portal,12,5537.8,30,31,7,0.217,0,,0
INV-204589,C1651,Regional,West,Sales Rep,8,26021.82,30,33,13,0.185,0,,0
INV-204590,C1628,Independent,Midwest,Web Portal,10,3448.4,45,35,6,0.138,1,64.0,1
INV-204591,C1410,Independent,South,Web Portal,8,733.39,45,13,16,0.05,0,,0
INV-204592,C1809,Regional,South,Web Portal,10,3405.26,30,62,7,0.066,1,,0
INV-204593,C1778,Regional,South,Phone,5,21145.36,60,54,12,0.048,0,,0
INV-204594,C1098,Regional,Midwest,Web Portal,7,6916.14,30,24,8,0.052,0,,0
INV-204595,C1532,Regional,Midwest,Web Portal,4,2201.4,30,19,12,0.148,0,,0
INV-204596,C1594,National Account,Midwest,Sales Rep,5,12666.45,30,75,28,0.0,0,,0
INV-204597,C1280,Independent,Northeast,Phone,6,3541.65,30,10,10,0.217,0,,0
INV-204598,C1673,Independent,Midwest,EDI,10,1096.09,30,28,13,0.227,0,,0
INV-204599,C1680,Independent,Midwest,Web Portal,10,1805.67,45,16,11,0.144,0,,0
INV-204600,C1697,Regional,Midwest,Sales Rep,10,17940.54,45,85,13,0.0,0,,0
INV-204601,C1038,National Account,South,Phone,1,1910.09,60,81,25,0.049,0,,0
INV-204602,C1114,Independent,West,Web Portal,8,711.19,30,10,11,0.088,0,,0
INV-204603,C1829,Independent,South,Sales Rep,9,3626.93,45,28,6,0.165,0,,0
INV-204604,C1782,Independent,Northeast,Sales Rep,2,1178.89,60,10,11,0.02,0,,0
INV-204605,C1626,Independent,Northeast,Web Portal,9,2205.93,30,7,16,0.242,1,,0
INV-204606,C1325,Regional,West,EDI,2,1204.1,30,59,12,0.131,0,,0
INV-204607,C1827,National Account,Midwest,EDI,7,20442.88,45,73,20,0.021,0,,0
INV-204608,C1352,National Account,West,Web Portal,3,8862.65,30,35,23,0.023,0,,0
INV-204609,C1221,Independent,South,EDI,3,3834.29,30,15,7,0.168,0,,0
INV-204610,C1153,Regional,West,EDI,11,6198.92,60,80,19,0.0,0,,0
INV-204611,C1701,National Account,Midwest,Phone,3,7490.92,45,61,26,0.097,1,72.0,1
INV-204612,C1280,Independent,Northeast,Sales Rep,10,6361.61,30,10,12,0.082,0,,0
INV-204613,C1394,National Account,Northeast,Web Portal,4,3659.58,60,93,17,0.017,0,,0
INV-204614,C1186,National Account,South,EDI,1,16917.72,30,69,27,0.111,0,,0
INV-204615,C1288,Regional,Midwest,Sales Rep,8,3225.14,60,39,8,0.031,0,,0
INV-204616,C1693,Regional,Northeast,EDI,10,6037.35,45,46,13,0.174,0,,0
INV-204617,C1605,Regional,Northeast,EDI,11,6459.15,30,43,9,0.382,0,,0
INV-204618,C1792,Independent,Northeast,Sales Rep,9,4124.99,30,21,9,0.246,0,,0
INV-204619,C1688,Regional,Midwest,EDI,10,6759.66,45,133,9,0.0,0,,0
INV-204620,C1094,Independent,South,EDI,4,8021.07,30,28,8,0.252,0,,0
INV-204621,C1192,Regional,Northeast,Web Portal,9,6381.61,45,39,10,0.0,1,,0
INV-204622,C1152,Independent,Northeast,Sales Rep,5,1762.35,30,9,4,0.05,0,,0
INV-204623,C1388,Regional,Midwest,Web Portal,6,6002.44,30,35,4,0.0,0,,0
INV-204624,C1535,National Account,West,Sales Rep,9,2679.85,60,55,22,0.079,0,,0
INV-204625,C1659,National Account,West,EDI,2,11667.03,45,99,26,0.04,0,,0
INV-204626,C1640,Independent,South,Phone,11,11426.07,30,14,12,0.141,0,,0
INV-204627,C1634,Regional,Midwest,Phone,11,5315.72,30,93,11,0.124,0,,0
INV-204628,C1449,National Account,Northeast,Phone,9,1643.82,30,192,30,0.262,0,,0
INV-204629,C1061,Regional,West,Phone,2,9148.63,30,30,9,0.157,0,,0
INV-204630,C1522,National Account,South,EDI,3,1990.04,60,5,23,0.161,0,,0
INV-204631,C1084,National Account,West,EDI,5,12954.47,45,258,20,0.0,0,,0
INV-204632,C1477,National Account,South,Phone,11,10873.57,60,173,17,0.029,0,,0
INV-204633,C1679,Regional,South,Phone,8,4820.96,45,135,15,0.277,0,,0
INV-204634,C1422,Independent,Northeast,Web Portal,12,2092.74,45,20,12,0.031,0,86.0,1
INV-204635,C1030,Regional,Midwest,Sales Rep,10,4662.35,30,15,12,0.375,0,64.0,1
INV-204636,C1324,Regional,West,Phone,9,2068.52,45,5,15,0.25,0,,0
INV-204637,C1697,Regional,West,Sales Rep,12,2589.17,30,85,12,0.0,0,,0
INV-204638,C1048,Regional,South,Web Portal,9,2356.63,45,61,10,0.153,0,,0
INV-204639,C1231,National Account,Midwest,Phone,4,3644.02,45,35,17,0.366,0,,0
INV-204640,C1145,National Account,Midwest,Phone,11,9039.1,60,5,27,0.069,0,,0
INV-204641,C1451,Regional,West,Sales Rep,9,2268.9,45,128,10,0.122,0,,0
INV-204642,C1442,National Account,Midwest,Sales Rep,4,9983.38,30,45,25,0.025,0,59.0,0
INV-204643,C1601,National Account,West,Sales Rep,7,13092.27,60,17,22,0.031,0,,0
INV-204644,C1742,Regional,Midwest,Web Portal,5,4056.36,45,19,13,0.0,0,,0
INV-204645,C1602,Independent,South,Web Portal,6,2643.27,30,32,10,0.207,0,,0
INV-204646,C1722,Regional,Midwest,Web Portal,12,2129.21,45,30,9,0.13,0,,0
INV-204647,C1814,Regional,Midwest,Web Portal,8,14524.03,30,7,12,0.347,0,73.0,1
INV-204648,C1005,National Account,Northeast,Sales Rep,12,8282.07,60,34,37,0.131,0,,0
INV-204649,C1318,Independent,Northeast,EDI,2,3225.75,30,17,8,0.033,0,,0
INV-204650,C1762,National Account,Midwest,Phone,7,8602.56,60,36,16,0.008,0,,0
INV-204651,C1248,National Account,Northeast,EDI,8,3781.98,45,47,21,0.125,0,,0
INV-204652,C1421,Regional,South,EDI,5,2432.74,45,29,15,0.011,0,,0
INV-204653,C1008,Independent,South,Phone,12,3341.24,45,21,4,0.188,0,,0
INV-204654,C1080,Independent,South,Sales Rep,12,1595.05,30,32,7,0.361,0,,0
INV-204655,C1354,Independent,Northeast,Phone,12,703.49,30,44,9,0.147,0,,0
INV-204656,C1457,Regional,Midwest,Sales Rep,8,19842.5,60,10,11,0.087,0,100.0,1
INV-204657,C1088,Independent,Northeast,Web Portal,3,1787.65,30,21,8,0.243,0,,0
INV-204658,C1179,Regional,South,Web Portal,9,798.93,45,25,9,0.012,0,,0
INV-204659,C1747,Regional,Midwest,Phone,8,5019.68,60,49,12,0.089,0,,0
INV-204660,C1596,Regional,South,Sales Rep,8,2461.68,30,17,9,0.221,0,,0
INV-204661,C1275,Regional,Midwest,Web Portal,6,3082.71,30,45,9,0.177,0,,0
INV-204662,C1192,Regional,Midwest,EDI,3,14822.15,30,39,15,0.003,0,,0
INV-204663,C1328,National Account,South,Web Portal,4,10422.5,30,81,28,0.161,0,,0
INV-204664,C1463,National Account,South,EDI,2,21785.7,60,90,29,0.18,0,,0
INV-204665,C1328,National Account,Northeast,Sales Rep,1,5113.17,60,81,25,0.094,0,,0
INV-204666,C1211,Regional,South,Sales Rep,3,1613.07,30,61,17,0.028,0,,0
INV-204667,C1659,National Account,West,Phone,6,7092.54,60,99,23,0.0,0,,0
INV-204668,C1614,National Account,South,Web Portal,2,34083.72,45,27,20,0.134,0,,0
INV-204669,C1265,Regional,Northeast,Phone,7,2326.49,45,9,6,0.242,0,,0
INV-204670,C1241,Regional,West,EDI,3,16907.39,45,10,14,0.096,0,,0
INV-204671,C1496,Regional,South,EDI,1,1223.66,60,49,8,0.04,0,,0
INV-204672,C1163,National Account,Midwest,Phone,7,4730.53,45,48,18,0.049,0,,0
INV-204673,C1158,Regional,Midwest,Web Portal,10,3285.26,30,33,8,0.068,0,,0
INV-204674,C1031,Regional,Midwest,EDI,11,4430.26,60,34,9,0.164,0,101.0,0
INV-204675,C1664,Regional,Northeast,Sales Rep,12,11172.55,45,60,11,0.036,0,,0
INV-204676,C1129,Independent,South,Web Portal,4,2321.38,30,20,10,0.138,0,70.0,1
INV-204677,C1588,Regional,Northeast,Sales Rep,12,3814.02,30,13,11,0.25,0,,0
INV-204678,C1188,Regional,South,EDI,6,2082.71,30,46,12,0.319,0,,0
INV-204679,C1242,Regional,Midwest,Sales Rep,8,7458.66,30,33,10,0.273,0,54.0,1
INV-204680,C1446,National Account,West,EDI,9,38311.1,60,78,32,0.359,0,,0
INV-204681,C1001,Regional,Midwest,Sales Rep,2,1685.81,30,30,11,0.038,0,,0
INV-204682,C1214,Independent,Midwest,Web Portal,6,2640.92,30,11,8,0.24,0,,0
INV-204683,C1725,Independent,Midwest,Sales Rep,1,8673.61,30,41,11,0.424,0,62.0,1
INV-204684,C1005,National Account,Midwest,EDI,5,31919.24,30,34,23,0.0,0,,0
INV-204685,C1068,Regional,South,Web Portal,4,5357.8,45,55,11,0.043,0,,0
INV-204686,C1526,National Account,West,Sales Rep,9,3296.01,60,14,25,0.093,0,,0
INV-204687,C1602,Independent,Northeast,Sales Rep,8,208.71,30,32,13,0.161,0,,0
INV-204688,C1603,National Account,Midwest,Web Portal,10,12667.88,45,122,33,0.277,0,73.0,0
INV-204689,C1284,Independent,Midwest,Sales Rep,9,1151.71,45,23,11,0.144,0,,0
INV-204690,C1428,National Account,Midwest,Sales Rep,12,1539.77,60,19,22,0.188,0,,0
INV-204691,C1834,Regional,Midwest,Phone,10,1630.72,60,101,5,0.14,0,,0
INV-204692,C1442,National Account,Northeast,Web Portal,8,6433.97,45,45,18,0.282,0,,0
INV-204693,C1551,Regional,West,Phone,7,2929.77,45,97,7,0.042,0,,0
INV-204694,C1264,Independent,South,Web Portal,4,3754.33,30,20,12,0.192,0,,0
INV-204695,C1732,National Account,South,Sales Rep,11,27924.36,60,112,16,0.17,0,,0
INV-204696,C1309,Independent,Northeast,Sales Rep,2,665.29,45,6,10,0.232,0,,0
INV-204697,C1460,Independent,West,EDI,5,3916.59,30,19,8,0.099,0,,0
INV-204698,C1032,Regional,Midwest,EDI,7,4404.07,30,41,6,0.147,0,,0
INV-204699,C1566,National Account,Midwest,Sales Rep,9,13804.78,45,58,23,0.251,0,,0
INV-204700,C1117,Regional,Midwest,Sales Rep,3,13671.55,45,19,7,0.172,0,,0
INV-204701,C1683,Independent,Northeast,Web Portal,8,1344.09,30,31,10,0.275,0,,0
INV-204702,C1340,Independent,West,Sales Rep,12,650.34,30,29,15,0.11,0,,0
INV-204703,C1825,Independent,Midwest,Sales Rep,6,2850.97,45,16,6,0.052,1,,0
INV-204704,C1012,Independent,West,EDI,12,310.58,30,7,11,0.118,0,,0
INV-204705,C1226,Regional,South,EDI,2,1482.71,60,108,8,0.086,0,,0
INV-204706,C1024,Regional,Northeast,Web Portal,3,930.09,45,141,11,0.188,0,,0
INV-204707,C1285,Independent,South,Sales Rep,11,199.53,30,15,12,0.519,0,,0
INV-204708,C1657,Regional,Midwest,Phone,10,8464.3,45,36,11,0.0,0,,0
INV-204709,C1038,National Account,West,Web Portal,6,12886.56,30,81,25,0.064,0,,0
INV-204710,C1762,National Account,South,Sales Rep,7,19621.29,60,36,18,0.196,0,,0
INV-204711,C1369,Regional,Northeast,Sales Rep,1,4042.27,60,43,10,0.0,0,,0
INV-204712,C1790,National Account,West,Phone,10,8562.34,60,87,16,0.238,0,,0
INV-204713,C1545,National Account,South,Phone,7,17305.24,60,183,26,0.162,0,,0
INV-204714,C1267,Independent,West,EDI,2,521.48,30,33,8,0.134,0,,0
INV-204715,C1149,Regional,Northeast,EDI,2,1566.83,30,20,6,0.006,0,,0
INV-204716,C1030,Regional,Northeast,Phone,4,11574.53,45,15,8,0.148,0,72.0,1
INV-204717,C1732,National Account,South,Sales Rep,5,38780.35,30,112,15,0.068,0,,0
INV-204718,C1277,Independent,Northeast,EDI,4,3950.39,60,10,11,0.246,0,,0
INV-204719,C1762,National Account,Midwest,Web Portal,12,17992.8,60,36,19,0.11,0,,0
INV-204720,C1306,National Account,West,Sales Rep,2,31920.65,45,20,25,0.0,0,,0
INV-204721,C1545,National Account,West,Web Portal,7,7469.96,45,183,12,0.069,0,,0
INV-204722,C1372,Regional,Midwest,EDI,9,774.32,45,60,9,0.239,0,,0
INV-204723,C1395,Regional,South,Web Portal,7,7491.34,30,49,12,0.047,0,,0
INV-204724,C1842,Regional,Northeast,Web Portal,6,18295.02,45,33,13,0.009,0,,0
INV-204725,C1825,Independent,South,Sales Rep,8,759.6,45,16,7,0.194,0,,0
INV-204726,C1809,Regional,West,EDI,2,7174.65,45,62,5,0.182,0,,0
INV-204727,C1391,Independent,West,Web Portal,9,2496.03,30,25,14,0.062,0,,0
INV-204728,C1566,National Account,Midwest,Phone,4,31306.79,30,58,24,0.079,0,,0
INV-204729,C1148,Regional,Midwest,Web Portal,8,15364.16,30,18,7,0.221,0,55.0,1
INV-204730,C1690,Independent,South,Web Portal,2,2548.75,45,14,9,0.172,0,,0
INV-204731,C1365,Independent,Northeast,Sales Rep,4,6309.09,45,78,12,0.049,0,,0
INV-204732,C1178,National Account,South,Sales Rep,5,2927.64,60,58,20,0.032,0,,0
INV-204733,C1612,National Account,South,Web Portal,12,4485.67,30,56,21,0.15,0,,0
INV-204734,C1346,Regional,West,Web Portal,12,4598.76,30,52,8,0.161,0,79.0,1
INV-204735,C1706,Regional,Midwest,Phone,7,5119.26,30,17,10,0.299,0,67.0,1
INV-204736,C1709,National Account,Midwest,Web Portal,8,2687.57,45,45,35,0.235,0,,0
INV-204737,C1115,National Account,Midwest,EDI,3,14401.03,60,48,12,0.0,0,81.0,0
INV-204738,C1045,National Account,South,Phone,12,10212.52,60,120,20,0.013,0,,0
INV-204739,C1248,National Account,South,Web Portal,5,13151.67,60,47,16,0.004,1,,0
INV-204740,C1371,Regional,South,EDI,8,10675.39,30,19,13,0.049,0,,0
INV-204741,C1784,Independent,Northeast,EDI,3,3844.79,30,2,10,0.06,0,,0
INV-204742,C1654,Independent,Northeast,Web Portal,11,1920.89,45,11,8,0.068,0,,0
INV-204743,C1226,Regional,South,Web Portal,3,5867.76,45,108,12,0.235,0,,0
INV-204744,C1667,Regional,Midwest,EDI,12,1470.99,30,37,7,0.239,0,,0
INV-204745,C1559,National Account,West,Phone,11,1852.31,45,11,22,0.012,0,,0
INV-204746,C1101,National Account,Midwest,Web Portal,3,12742.77,45,152,14,0.0,0,,0
INV-204747,C1375,National Account,Midwest,EDI,10,7364.49,60,39,27,0.2,0,,0
INV-204748,C1220,National Account,Midwest,Sales Rep,3,4515.5,60,29,27,0.079,0,,0
INV-204749,C1247,Independent,Midwest,Phone,8,1006.95,30,11,7,0.097,0,65.0,1
INV-204750,C1176,Independent,West,Web Portal,9,659.24,30,13,6,0.169,0,,0
INV-204751,C1631,Regional,Northeast,EDI,7,3924.06,45,8,8,0.2,0,,0
INV-204752,C1396,Independent,South,EDI,6,917.09,30,32,7,0.273,0,,0
INV-204753,C1219,Independent,Northeast,Sales Rep,2,5261.64,45,20,6,0.329,0,,0
INV-204754,C1306,National Account,South,Web Portal,12,2724.08,60,20,20,0.0,0,,0
INV-204755,C1503,Regional,South,Web Portal,2,5306.98,60,42,8,0.116,0,88.0,0
INV-204756,C1495,Independent,Midwest,Sales Rep,6,2568.74,60,4,11,0.188,0,,0
INV-204757,C1736,Independent,West,Web Portal,11,1424.36,30,13,8,0.1,0,,0
INV-204758,C1015,Regional,West,Web Portal,6,518.1,60,20,8,0.192,0,,0
INV-204759,C1489,National Account,Northeast,EDI,1,3545.59,60,13,20,0.071,0,,0
INV-204760,C1485,Independent,South,Web Portal,9,1813.41,30,9,8,0.273,0,,0
INV-204761,C1115,National Account,Midwest,Phone,5,17609.72,45,48,30,0.102,0,,0
INV-204762,C1528,Independent,South,Phone,11,6304.05,30,19,7,0.087,1,,0
INV-204763,C1015,Regional,West,Web Portal,4,3113.81,30,20,7,0.094,0,,0
INV-204764,C1549,Independent,Midwest,EDI,9,4871.4,45,63,11,0.17,0,,0
INV-204765,C1566,National Account,Northeast,EDI,9,6944.84,30,58,19,0.158,0,,0
INV-204766,C1222,Regional,Midwest,Sales Rep,6,847.6,30,42,14,0.093,0,,0
INV-204767,C1274,National Account,Midwest,Sales Rep,2,8883.63,60,33,25,0.135,0,,0
INV-204768,C1446,National Account,South,Web Portal,12,6204.35,45,78,18,0.086,0,65.0,0
INV-204769,C1639,Regional,West,EDI,10,6544.46,30,12,13,0.161,1,,0
INV-204770,C1217,National Account,Midwest,Phone,10,10873.09,60,134,26,0.0,0,,0
INV-204771,C1627,Regional,South,Web Portal,8,12616.24,60,29,8,0.444,0,81.0,1
INV-204772,C1593,Regional,South,Web Portal,11,2396.32,30,128,10,0.088,0,,0
INV-204773,C1082,Independent,South,EDI,3,767.47,45,26,9,0.199,0,,0
INV-204774,C1053,Regional,Midwest,Phone,1,1108.7,30,25,5,0.007,0,,0
INV-204775,C1710,National Account,Midwest,Sales Rep,3,13435.4,45,54,24,0.0,0,,0
INV-204776,C1007,Regional,Northeast,Phone,10,3538.35,30,72,7,0.153,0,,0
INV-204777,C1626,Independent,West,Sales Rep,10,2389.78,30,7,15,0.389,0,,0
INV-204778,C1233,Regional,Northeast,Web Portal,1,1651.6,30,118,12,0.29,0,,0
INV-204779,C1115,National Account,West,Sales Rep,5,4331.82,60,48,25,0.0,0,,0
INV-204780,C1540,National Account,South,Sales Rep,9,10890.09,60,73,27,0.075,0,,0
INV-204781,C1469,National Account,Midwest,Sales Rep,9,14061.85,30,100,27,0.045,0,48.0,1
INV-204782,C1765,Independent,Midwest,Phone,2,1564.17,30,11,8,0.112,0,,0
INV-204783,C1358,Independent,Midwest,Phone,11,5950.0,30,10,5,0.184,0,,0
INV-204784,C1239,Regional,Northeast,Sales Rep,8,7565.04,45,63,8,0.241,0,,0
INV-204785,C1745,Regional,Northeast,EDI,9,6654.69,60,73,8,0.002,0,,0
INV-204786,C1550,Regional,South,EDI,4,2835.14,30,55,9,0.325,0,,0
INV-204787,C1603,National Account,South,Phone,4,3673.65,45,122,17,0.065,0,,0
INV-204788,C1419,National Account,Midwest,Sales Rep,4,11126.1,60,31,22,0.187,0,101.0,1
INV-204789,C1131,Regional,South,Web Portal,9,1636.14,45,56,9,0.082,0,,0
INV-204790,C1368,Independent,West,EDI,1,2256.04,45,27,15,0.162,0,,0
INV-204791,C1477,National Account,Northeast,Sales Rep,10,4397.46,60,173,27,0.097,0,,0
INV-204792,C1079,Regional,South,Sales Rep,9,4044.35,30,147,7,0.095,0,,0
INV-204793,C1397,National Account,South,EDI,8,24166.04,30,54,19,0.0,0,,0
INV-204794,C1524,National Account,South,Web Portal,2,5294.47,45,36,17,0.042,0,,0
INV-204795,C1269,Independent,South,Web Portal,11,1453.87,30,15,7,0.021,0,,0
INV-204796,C1374,Regional,West,Web Portal,2,1928.03,30,17,4,0.169,0,,0
INV-204797,C1619,Independent,Northeast,Web Portal,5,2789.45,30,35,6,0.061,0,,0
INV-204798,C1195,Regional,Northeast,Web Portal,9,1074.9,30,56,10,0.053,0,,0
INV-204799,C1344,Independent,Northeast,Phone,11,3330.18,30,5,9,0.059,0,,0
INV-204800,C1567,Independent,South,Web Portal,6,2182.75,45,35,9,0.008,0,,0
INV-204801,C1716,Independent,South,Phone,7,3753.95,60,7,9,0.006,0,,0
INV-204802,C1761,Regional,Northeast,EDI,7,9891.18,45,50,17,0.0,0,,0
INV-204803,C1529,Regional,Midwest,Web Portal,6,9402.96,30,20,9,0.239,0,,0
INV-204804,C1547,Regional,Northeast,Phone,2,3800.72,30,9,6,0.092,0,,0
INV-204805,C1113,Regional,Northeast,Phone,3,8284.0,30,26,10,0.299,0,,0
INV-204806,C1173,Independent,Northeast,Web Portal,12,4884.29,30,15,10,0.059,0,,0
INV-204807,C1760,Regional,West,Sales Rep,5,1832.94,30,55,10,0.048,0,,0
INV-204808,C1136,Independent,Northeast,EDI,3,3068.83,30,2,8,0.556,0,51.0,1
INV-204809,C1150,National Account,South,EDI,2,8407.96,60,35,18,0.0,0,,0
INV-204810,C1084,National Account,South,EDI,6,6524.63,45,258,30,0.051,0,,0
INV-204811,C1385,Regional,Northeast,Sales Rep,1,2619.52,45,52,9,0.097,0,,0
INV-204812,C1111,National Account,West,Sales Rep,6,1724.72,60,93,29,0.037,0,,0
INV-204813,C1332,National Account,Midwest,EDI,6,7113.26,60,14,22,0.0,0,,0
INV-204814,C1017,Independent,Northeast,Phone,12,1336.52,45,15,12,0.014,0,,0
INV-204815,C1653,Regional,Northeast,EDI,1,878.49,30,8,11,0.068,0,,0
INV-204816,C1105,Independent,Midwest,Web Portal,12,541.9,30,7,6,0.023,0,,0
INV-204817,C1086,Independent,Midwest,Web Portal,1,2403.07,30,23,6,0.099,0,,0
INV-204818,C1346,Regional,Midwest,Sales Rep,7,8314.77,45,52,12,0.13,0,,0
INV-204819,C1754,Regional,South,Sales Rep,2,3612.53,30,30,7,0.094,0,,0
INV-204820,C1196,National Account,Northeast,Sales Rep,10,28441.89,45,28,19,0.0,0,,0
INV-204821,C1026,National Account,West,Sales Rep,5,18989.53,30,48,18,0.139,0,,0
INV-204822,C1183,Regional,Midwest,Web Portal,1,5371.52,45,61,8,0.062,0,,0
INV-204823,C1651,Regional,Midwest,Web Portal,1,5369.79,30,33,6,0.106,0,,0
INV-204824,C1427,National Account,West,Web Portal,5,22991.31,45,71,20,0.152,0,,0
INV-204825,C1652,Regional,Northeast,Web Portal,1,1896.33,45,80,12,0.0,0,,0
INV-204826,C1488,Regional,South,Sales Rep,7,3629.0,45,79,5,0.121,0,,0
INV-204827,C1062,Regional,Midwest,Web Portal,6,1304.4,45,43,7,0.344,0,,0
INV-204828,C1320,Independent,Midwest,Web Portal,11,1609.76,30,30,10,0.143,0,,0
INV-204829,C1642,Regional,South,Sales Rep,4,2771.07,30,47,12,0.124,0,,0
INV-204830,C1183,Regional,Midwest,Sales Rep,11,4868.36,45,61,9,0.0,0,,0
INV-204831,C1712,National Account,Northeast,Sales Rep,4,4110.37,45,66,27,0.002,0,,0
INV-204832,C1038,National Account,South,Sales Rep,7,10621.63,60,81,19,0.106,0,,0
INV-204833,C1211,Regional,West,Web Portal,12,4223.52,30,61,11,0.102,0,,0
INV-204834,C1815,Independent,Midwest,EDI,11,1791.65,45,17,13,0.08,0,,0
INV-204835,C1625,Regional,Midwest,Sales Rep,1,4482.77,30,70,8,0.268,0,,0
INV-204836,C1153,Regional,Midwest,Sales Rep,3,11823.65,30,80,11,0.01,0,,0
INV-204837,C1170,National Account,South,Web Portal,12,9166.92,30,47,19,0.17,0,,0
INV-204838,C1446,National Account,South,EDI,6,15594.16,60,78,23,0.191,0,,0
INV-204839,C1227,Regional,Midwest,Phone,5,2745.82,30,34,9,0.327,0,,0
INV-204840,C1188,Regional,Midwest,EDI,4,3067.82,45,46,8,0.126,0,,0
INV-204841,C1332,National Account,South,Web Portal,2,11856.76,60,14,22,0.0,0,,0
INV-204842,C1540,National Account,Midwest,Web Portal,8,10369.1,45,73,25,0.096,0,87.0,0
INV-204843,C1710,National Account,Northeast,EDI,2,35909.29,60,54,26,0.071,0,,0
INV-204844,C1002,Regional,South,Sales Rep,5,7863.7,30,56,11,0.063,0,,0
INV-204845,C1106,National Account,Midwest,Phone,2,12075.16,30,46,19,0.093,0,74.0,1
INV-204846,C1386,National Account,South,Phone,8,5611.03,60,111,18,0.057,0,,0
INV-204847,C1007,Regional,Midwest,EDI,11,3503.71,30,72,9,0.144,0,,0
INV-204848,C1473,Independent,West,Web Portal,6,1626.95,45,17,10,0.089,0,,0
INV-204849,C1055,Regional,Midwest,Sales Rep,1,3414.06,60,42,4,0.061,0,,0
INV-204850,C1243,Regional,South,Phone,1,10470.93,30,20,5,0.144,0,,0
INV-204851,C1312,National Account,Midwest,EDI,7,5921.89,30,104,16,0.162,0,,0
INV-204852,C1091,National Account,Northeast,Web Portal,1,9824.82,60,111,24,0.174,0,,0
INV-204853,C1415,Independent,South,Phone,10,2411.34,30,10,12,0.082,0,,0
INV-204854,C1054,Regional,South,Web Portal,8,1282.23,30,80,14,0.597,0,,0
INV-204855,C1445,Regional,Northeast,Phone,3,3860.71,45,20,14,0.061,0,,0
INV-204856,C1471,National Account,Northeast,Web Portal,1,68633.63,45,137,25,0.172,0,70.0,1
INV-204857,C1381,Regional,Northeast,Sales Rep,9,1571.73,45,92,16,0.0,0,,0
INV-204858,C1668,Independent,Northeast,Web Portal,9,1332.93,30,30,14,0.0,0,,0
INV-204859,C1106,National Account,Midwest,Sales Rep,11,17067.38,45,46,20,0.042,0,,0
INV-204860,C1225,Independent,Midwest,Phone,2,1871.49,30,5,10,0.213,0,53.0,1
INV-204861,C1463,National Account,Midwest,Sales Rep,10,7249.79,45,90,20,0.201,0,,0
INV-204862,C1213,Regional,Midwest,Sales Rep,6,5779.15,30,79,11,0.03,0,,0
INV-204863,C1698,National Account,Northeast,Sales Rep,2,4186.18,45,49,23,0.0,0,,0
INV-204864,C1694,National Account,Midwest,EDI,10,19293.38,60,85,18,0.0,0,,0
INV-204865,C1578,Independent,South,Sales Rep,12,3817.83,45,24,8,0.182,0,,0
INV-204866,C1720,Independent,Northeast,Sales Rep,12,1879.42,30,31,12,0.152,0,,0
INV-204867,C1023,National Account,Midwest,Web Portal,6,72158.29,60,33,18,0.165,0,,0
INV-204868,C1458,Regional,South,Web Portal,1,8907.38,45,28,10,0.22,0,95.0,1
INV-204869,C1708,Regional,Northeast,EDI,1,725.93,45,59,7,0.232,0,,0
INV-204870,C1733,Regional,West,Sales Rep,10,9042.37,45,16,10,0.098,0,,0
INV-204871,C1479,Regional,Midwest,Phone,2,3237.49,45,72,10,0.0,0,,0
INV-204872,C1122,Regional,South,EDI,6,2376.47,30,18,11,0.04,0,,0
INV-204873,C1234,Independent,Midwest,Phone,6,6677.67,45,10,9,0.189,0,,0
INV-204874,C1276,Independent,Northeast,Phone,2,1489.29,45,2,8,0.027,0,,0
INV-204875,C1301,National Account,West,EDI,6,55398.94,60,199,20,0.039,1,,0
INV-204876,C1004,National Account,West,Sales Rep,8,13487.63,30,140,14,0.227,0,,0
INV-204877,C1799,Regional,South,Sales Rep,12,1779.78,45,38,11,0.1,0,,0
INV-204878,C1192,Regional,Midwest,Web Portal,10,2141.28,45,39,8,0.102,0,,0
INV-204879,C1140,Independent,Midwest,Web Portal,2,2811.54,30,3,11,0.061,0,60.0,0
INV-204880,C1026,National Account,South,Web Portal,2,8976.01,30,48,23,0.155,0,,0
INV-204881,C1385,Regional,West,Sales Rep,12,1555.82,30,52,12,0.0,0,,0
INV-204882,C1333,Regional,Northeast,EDI,12,8374.38,60,19,13,0.166,0,,0
INV-204883,C1030,Regional,Midwest,Web Portal,7,5455.95,45,15,8,0.063,0,,0
INV-204884,C1575,Independent,West,EDI,4,1008.75,45,51,16,0.313,0,,0
INV-204885,C1137,Regional,Midwest,Phone,1,7401.47,45,51,10,0.078,0,,0
INV-204886,C1290,Regional,South,Sales Rep,7,3109.72,60,69,4,0.047,0,,0
INV-204887,C1163,National Account,Northeast,Sales Rep,3,5949.8,60,48,35,0.118,0,,0
INV-204888,C1292,Regional,West,Sales Rep,9,4161.09,30,29,6,0.25,0,,0
INV-204889,C1422,Independent,Northeast,Web Portal,3,1098.76,30,20,6,0.039,0,,0
INV-204890,C1750,National Account,Midwest,EDI,6,7272.65,45,108,26,0.0,0,,0
INV-204891,C1509,Independent,South,Phone,4,1134.33,30,20,10,0.052,0,,0
INV-204892,C1823,National Account,South,Sales Rep,6,8348.13,45,138,27,0.365,0,,0
INV-204893,C1710,National Account,Midwest,Sales Rep,2,20450.35,45,54,28,0.09,0,,0
INV-204894,C1035,Regional,Midwest,Phone,9,2583.98,45,18,16,0.422,0,,0
INV-204895,C1102,Independent,Northeast,Sales Rep,9,826.75,30,20,7,0.182,0,,0
INV-204896,C1834,Regional,West,Sales Rep,8,8990.67,45,101,10,0.172,0,,0
INV-204897,C1119,Regional,West,Sales Rep,10,7653.1,30,28,7,0.0,1,,0
INV-204898,C1762,National Account,South,Web Portal,5,17513.04,60,36,25,0.17,0,,0
INV-204899,C1427,National Account,West,EDI,4,9522.52,60,71,21,0.0,0,,0
INV-204900,C1166,Regional,West,Sales Rep,12,7043.23,45,20,11,0.221,0,,0
INV-204901,C1231,National Account,Northeast,Sales Rep,12,9411.14,60,35,23,0.008,0,,0
INV-204902,C1096,Independent,Northeast,EDI,11,550.51,45,15,6,0.359,0,,0
INV-204903,C1133,Independent,West,Sales Rep,4,2075.53,30,22,14,0.185,0,,0
INV-204904,C1336,National Account,Midwest,EDI,7,13536.92,45,5,20,0.122,0,,0
INV-204905,C1003,Regional,South,Web Portal,1,11635.65,30,30,11,0.003,0,,0
INV-204906,C1019,National Account,West,Web Portal,9,17556.44,60,43,23,0.0,0,,0
INV-204907,C1229,Regional,Midwest,Phone,5,1059.49,45,63,13,0.122,0,,0
INV-204908,C1797,Regional,Northeast,EDI,8,5455.54,45,60,14,0.322,0,,0
INV-204909,C1772,Independent,Northeast,Phone,12,2041.04,30,41,13,0.43,0,62.0,1
INV-204910,C1312,National Account,West,Sales Rep,11,74671.12,45,104,29,0.18,0,,0
INV-204911,C1334,National Account,West,Sales Rep,8,13980.73,30,103,17,0.371,0,,0
INV-204912,C1311,Independent,Midwest,EDI,4,814.69,45,11,11,0.169,0,,0
INV-204913,C1505,National Account,Northeast,Sales Rep,3,22048.83,30,68,23,0.264,0,,0
INV-204914,C1410,Independent,South,Sales Rep,7,1991.6,30,13,7,0.0,0,,0
INV-204915,C1213,Regional,Northeast,Sales Rep,9,3572.21,30,79,6,0.054,0,,0
INV-204916,C1103,National Account,West,Sales Rep,6,39166.53,45,80,24,0.046,0,,0
INV-204917,C1609,Independent,Midwest,EDI,6,11226.34,30,8,4,0.0,0,,0
INV-204918,C1456,Regional,Northeast,Sales Rep,7,7467.27,60,11,7,0.411,0,90.0,1
INV-204919,C1550,Regional,Northeast,Sales Rep,4,13034.74,30,55,9,0.164,0,,0
INV-204920,C1525,Regional,South,Sales Rep,10,2423.46,45,56,11,0.134,1,92.0,1
INV-204921,C1474,Regional,West,Phone,1,1216.35,60,25,6,0.011,0,,0
INV-204922,C1479,Regional,South,Sales Rep,2,2592.61,30,72,5,0.032,0,,0
INV-204923,C1121,National Account,South,Web Portal,4,3880.36,30,46,20,0.077,0,,0
INV-204924,C1681,Regional,South,Web Portal,5,863.98,30,43,14,0.031,0,,0
INV-204925,C1394,National Account,West,EDI,8,2862.28,60,93,24,0.156,0,,0
INV-204926,C1231,National Account,Northeast,Phone,11,7001.49,45,35,16,0.007,0,,0
INV-204927,C1327,Regional,Midwest,Sales Rep,10,23008.41,45,79,10,0.056,0,,0
INV-204928,C1829,Independent,South,Phone,3,6044.57,60,28,6,0.153,0,,0
INV-204929,C1328,National Account,Northeast,Phone,7,5412.45,60,81,20,0.157,0,,0
INV-204930,C1573,National Account,South,Phone,2,5622.88,60,63,15,0.043,0,,0
INV-204931,C1665,Independent,West,EDI,1,4027.59,30,27,11,0.257,0,,0
INV-204932,C1178,National Account,South,Sales Rep,4,7414.66,60,58,16,0.446,0,,0
INV-204933,C1163,National Account,West,Sales Rep,5,11923.88,60,48,23,0.0,0,,0
INV-204934,C1338,Independent,Midwest,EDI,9,2718.46,30,30,7,0.236,0,,0
INV-204935,C1228,National Account,West,Web Portal,2,7591.45,45,12,21,0.094,0,,0
INV-204936,C1408,Regional,South,Web Portal,7,2437.07,30,34,10,0.321,0,,0
INV-204937,C1018,Regional,Midwest,Web Portal,11,6155.55,60,69,8,0.193,0,,0
INV-204938,C1828,Independent,West,EDI,11,2816.82,30,18,12,0.226,0,,0
INV-204939,C1032,Regional,Midwest,Sales Rep,6,1816.2,30,41,10,0.112,0,76.0,1
INV-204940,C1640,Independent,South,Web Portal,4,1042.25,30,14,11,0.11,0,,0
INV-204941,C1236,National Account,Midwest,EDI,6,8055.47,60,36,24,0.0,0,,0
INV-204942,C1265,Regional,Midwest,Web Portal,10,11588.94,45,9,15,0.166,0,79.0,1
INV-204943,C1374,Regional,Midwest,Web Portal,9,11565.93,30,17,12,0.131,0,,0
INV-204944,C1184,Regional,Midwest,Web Portal,12,4772.74,45,31,12,0.111,0,,0
INV-204945,C1233,Regional,Midwest,Sales Rep,11,2496.4,30,118,6,0.043,0,,0
INV-204946,C1805,Regional,West,Sales Rep,1,2713.42,45,158,11,0.013,0,,0
INV-204947,C1091,National Account,South,EDI,10,6270.13,60,111,21,0.023,0,,0
INV-204948,C1497,National Account,South,Sales Rep,9,22798.66,60,137,24,0.0,0,,0
INV-204949,C1026,National Account,Midwest,Web Portal,12,2569.5,60,48,19,0.148,0,,0
INV-204950,C1259,National Account,Midwest,Phone,3,3913.35,45,71,22,0.0,0,,0
INV-204951,C1847,National Account,Northeast,Web Portal,6,3385.75,45,10,18,0.043,0,77.0,0
INV-204952,C1779,Regional,South,Sales Rep,6,4316.5,30,17,6,0.284,0,,0
INV-204953,C1641,Regional,Midwest,Web Portal,4,1652.02,45,35,11,0.017,0,,0
INV-204954,C1168,Regional,Northeast,Sales Rep,3,6371.79,60,50,14,0.182,0,,0
INV-204955,C1119,Regional,Midwest,Phone,4,2071.6,45,28,7,0.095,0,,0
INV-204956,C1145,National Account,Midwest,Sales Rep,8,3407.42,45,5,24,0.032,0,,0
INV-204957,C1341,Independent,South,Sales Rep,11,16383.5,30,53,8,0.039,0,,0
INV-204958,C1027,Regional,Northeast,Phone,4,3092.89,30,38,12,0.152,0,,0
INV-204959,C1248,National Account,Midwest,Web Portal,1,23714.58,30,47,29,0.046,0,,0
INV-204960,C1176,Independent,Midwest,Web Portal,4,2081.4,30,13,16,0.397,0,,0
INV-204961,C1137,Regional,South,Web Portal,11,9692.46,45,51,8,0.22,0,,0
INV-204962,C1297,National Account,South,EDI,6,62040.11,60,77,17,0.0,0,,0
INV-204963,C1482,Regional,Northeast,Phone,7,3474.43,45,68,16,0.064,0,,0
INV-204964,C1498,Independent,Midwest,Phone,5,1014.93,45,17,12,0.103,0,,0
INV-204965,C1316,Regional,South,Web Portal,1,23976.22,45,44,13,0.184,0,,0
INV-204966,C1375,National Account,Midwest,EDI,5,7353.86,60,39,26,0.221,0,,0
INV-204967,C1021,Independent,South,Sales Rep,12,4917.75,45,22,6,0.46,0,,0
INV-204968,C1043,Regional,Midwest,EDI,9,550.54,45,85,10,0.053,0,,0
INV-204969,C1348,Regional,South,Sales Rep,7,4685.88,45,84,13,0.0,0,,0
INV-204970,C1138,Independent,South,EDI,2,12947.55,60,28,10,0.147,0,,0
INV-204971,C1842,Regional,South,Phone,1,1989.94,30,33,6,0.072,0,,0
INV-204972,C1122,Regional,Northeast,EDI,11,2626.85,45,18,10,0.144,0,,0
INV-204973,C1719,Independent,Northeast,Web Portal,9,1037.5,60,33,8,0.133,0,,0
INV-204974,C1587,National Account,South,Phone,1,24145.39,60,24,28,0.244,0,,0
INV-204975,C1751,National Account,South,Sales Rep,4,6228.27,60,60,21,0.0,0,,0
INV-204976,C1550,Regional,Midwest,Sales Rep,10,1821.87,60,55,7,0.302,0,,0
INV-204977,C1248,National Account,Midwest,EDI,2,54226.3,45,47,35,0.0,0,,0
INV-204978,C1730,Regional,Midwest,Web Portal,10,5231.89,30,26,8,0.012,0,,0
INV-204979,C1002,Regional,Northeast,Sales Rep,5,3064.93,30,56,12,0.259,0,77.0,1
INV-204980,C1489,National Account,South,EDI,12,9273.94,45,13,21,0.139,0,,0
INV-204981,C1057,Independent,Northeast,EDI,5,4113.44,30,25,9,0.041,0,,0
INV-204982,C1738,Independent,Midwest,EDI,9,859.86,30,10,11,0.138,0,,0
INV-204983,C1331,Independent,South,Sales Rep,12,3612.35,45,14,13,0.185,0,,0
INV-204984,C1496,Regional,West,EDI,8,9365.91,60,49,10,0.258,1,,0
INV-204985,C1041,Regional,South,Sales Rep,12,4273.98,45,20,14,0.141,0,,0
INV-204986,C1106,National Account,South,Web Portal,7,6539.92,60,46,14,0.076,0,,0
INV-204987,C1693,Regional,Northeast,EDI,12,8277.13,60,46,10,0.0,0,,0
INV-204988,C1080,Independent,Midwest,Phone,12,3879.62,30,32,19,0.262,0,,0
INV-204989,C1836,Regional,Midwest,EDI,4,2099.1,45,10,9,0.0,0,,0
INV-204990,C1145,National Account,Northeast,Web Portal,3,2463.91,60,5,22,0.0,0,,0
INV-204991,C1192,Regional,South,Sales Rep,4,18384.2,30,39,8,0.371,0,,0
INV-204992,C1141,Regional,Midwest,Web Portal,12,1911.49,45,18,11,0.32,1,,0
INV-204993,C1787,National Account,Northeast,Sales Rep,3,5678.84,60,103,23,0.0,0,,0
INV-204994,C1729,Regional,Midwest,Sales Rep,7,5179.6,30,9,11,0.113,0,,0
INV-204995,C1110,Independent,Midwest,Sales Rep,7,4181.95,30,17,10,0.133,0,,0
INV-204996,C1004,National Account,South,Sales Rep,3,1387.35,45,140,18,0.039,0,,0
INV-204997,C1392,Independent,West,Web Portal,7,1768.75,30,14,12,0.265,0,,0
INV-204998,C1696,Independent,Northeast,Sales Rep,6,879.26,45,25,10,0.09,0,,0
INV-204999,C1246,Independent,South,Sales Rep,8,1842.02,45,8,12,0.205,1,87.0,1
INV-205000,C1430,Regional,West,Phone,2,2531.94,45,34,9,0.347,0,,0
INV-205001,C1566,National Account,Northeast,EDI,1,18462.9,60,58,20,0.292,0,,0
INV-205002,C1233,Regional,South,EDI,8,1826.66,30,118,12,0.126,0,,0
INV-205003,C1179,Regional,South,EDI,8,34497.97,60,25,14,0.08,0,,0
INV-205004,C1117,Regional,South,Sales Rep,12,5505.11,45,19,13,0.043,0,,0
INV-205005,C1075,Independent,Midwest,Web Portal,10,578.45,30,29,9,0.449,0,,0
INV-205006,C1179,Regional,South,Sales Rep,8,6217.91,30,25,9,0.025,0,,0
INV-205007,C1565,National Account,West,Web Portal,3,13546.8,60,28,19,0.0,0,99.0,0
INV-205008,C1684,Regional,Northeast,Web Portal,7,25847.63,60,107,6,0.201,0,,0
INV-205009,C1098,Regional,Midwest,Web Portal,8,3041.56,30,24,16,0.084,0,,0
INV-205010,C1482,Regional,South,Web Portal,1,45075.27,30,68,16,0.293,0,,0
INV-205011,C1241,Regional,Midwest,Web Portal,4,3650.97,45,10,18,0.159,0,,0
INV-205012,C1736,Independent,West,Sales Rep,7,5623.03,30,13,11,0.296,0,,0
INV-205013,C1671,National Account,South,Phone,10,10365.53,60,231,19,0.033,0,,0
INV-205014,C1498,Independent,Northeast,Sales Rep,3,1715.92,45,17,12,0.222,0,,0
INV-205015,C1245,Regional,South,Web Portal,7,1075.98,45,20,8,0.12,0,,0
INV-205016,C1605,Regional,Northeast,Phone,12,2814.27,30,43,6,0.111,0,,0
INV-205017,C1270,Independent,Midwest,Web Portal,9,3437.2,30,62,6,0.232,0,,0
INV-205018,C1320,Independent,Midwest,Sales Rep,1,6091.65,30,30,4,0.055,0,,0
INV-205019,C1421,Regional,South,Sales Rep,6,16674.87,45,29,10,0.0,0,,0
INV-205020,C1143,Independent,South,Sales Rep,12,1550.76,30,8,6,0.126,0,,0
INV-205021,C1752,Regional,South,Sales Rep,1,965.45,30,22,11,0.286,0,,0
INV-205022,C1554,Independent,Midwest,EDI,11,1739.26,30,20,15,0.238,0,,0
INV-205023,C1010,Regional,Northeast,Phone,5,7493.43,30,5,13,0.3,0,71.0,1
INV-205024,C1327,Regional,Northeast,Sales Rep,12,1424.02,60,79,16,0.276,0,,0
INV-205025,C1601,National Account,West,Phone,3,5730.8,60,17,38,0.304,0,,0
INV-205026,C1759,Regional,West,Web Portal,10,1877.08,45,4,8,0.221,0,,0
INV-205027,C1647,Regional,South,Web Portal,3,3096.61,30,24,9,0.24,0,,0
INV-205028,C1526,National Account,South,Phone,9,3379.48,45,14,21,0.003,0,,0
INV-205029,C1192,Regional,Northeast,Sales Rep,7,712.61,30,39,12,0.0,0,,0
INV-205030,C1559,National Account,South,Sales Rep,6,12213.51,60,11,17,0.069,0,,0
INV-205031,C1579,Regional,Midwest,EDI,3,3141.91,45,21,8,0.044,0,,0
INV-205032,C1106,National Account,Northeast,Web Portal,7,81692.84,60,46,23,0.187,0,94.0,1
INV-205033,C1454,Regional,Northeast,Phone,10,2730.47,30,71,7,0.249,0,,0
INV-205034,C1021,Independent,South,Web Portal,9,4294.85,30,22,13,0.361,0,,0
INV-205035,C1499,Independent,West,EDI,2,409.98,45,25,8,0.022,0,,0
INV-205036,C1338,Independent,Northeast,EDI,9,1637.62,45,30,6,0.177,0,,0
INV-205037,C1727,Regional,South,Sales Rep,12,4385.44,60,37,8,0.208,0,,0
INV-205038,C1102,Independent,Midwest,Web Portal,8,925.58,30,20,12,0.258,0,,0
INV-205039,C1473,Independent,Midwest,Web Portal,2,6333.86,30,17,13,0.13,0,,0
INV-205040,C1026,National Account,South,Sales Rep,8,7003.97,45,48,22,0.504,0,,0
INV-205041,C1214,Independent,Northeast,Web Portal,1,2222.88,30,11,10,0.024,0,,0
INV-205042,C1193,Regional,West,EDI,12,2823.14,30,26,7,0.131,0,,0
INV-205043,C1379,Independent,South,Web Portal,7,2369.03,30,23,5,0.543,0,,0
INV-205044,C1310,National Account,Midwest,Web Portal,7,4905.92,60,161,30,0.112,0,,0
INV-205045,C1496,Regional,Northeast,EDI,10,8359.94,45,49,8,0.41,0,,0
INV-205046,C1267,Independent,South,EDI,12,881.65,30,33,12,0.095,0,,0
INV-205047,C1620,Regional,Northeast,Phone,6,4635.87,45,30,8,0.095,0,,0
INV-205048,C1323,Independent,Midwest,Sales Rep,12,916.62,30,24,13,0.222,0,,0
INV-205049,C1138,Independent,Midwest,EDI,9,2363.07,45,28,7,0.327,0,,0
INV-205050,C1463,National Account,Midwest,Web Portal,8,9377.34,60,90,22,0.141,0,,0
INV-205051,C1186,National Account,Midwest,Web Portal,2,62667.55,45,69,17,0.0,0,,0
INV-205052,C1245,Regional,West,Sales Rep,8,7471.65,45,20,10,0.201,0,,0
INV-205053,C1057,Independent,West,Sales Rep,8,1013.5,45,25,4,0.053,0,,0
INV-205054,C1843,Regional,West,EDI,2,1880.07,30,29,10,0.285,1,,0
INV-205055,C1752,Regional,Northeast,Web Portal,4,2927.29,30,22,9,0.091,0,,0
INV-205056,C1411,National Account,South,Sales Rep,7,17352.15,45,70,28,0.047,0,,0
INV-205057,C1818,National Account,Midwest,Phone,3,23768.47,60,113,24,0.145,0,,0
INV-205058,C1256,National Account,South,Web Portal,3,6532.3,60,9,23,0.138,0,,0
INV-205059,C1150,National Account,South,Phone,4,4280.11,45,35,16,0.0,0,,0
INV-205060,C1559,National Account,Northeast,Web Portal,2,9501.72,60,11,33,0.232,0,,0
INV-205061,C1369,Regional,Northeast,Web Portal,4,1827.62,30,43,11,0.078,0,,0
INV-205062,C1761,Regional,Midwest,EDI,8,3583.64,45,50,8,0.078,0,,0
INV-205063,C1461,Independent,Midwest,EDI,2,889.25,30,6,13,0.079,0,,0
INV-205064,C1612,National Account,West,Sales Rep,8,3417.52,45,56,15,0.092,0,,0
INV-205065,C1213,Regional,Midwest,Sales Rep,7,3302.45,45,79,4,0.048,0,,0
INV-205066,C1452,Regional,Midwest,Sales Rep,12,3473.22,45,103,6,0.065,0,,0
INV-205067,C1184,Regional,West,Phone,5,1819.51,30,31,8,0.154,0,,0
INV-205068,C1038,National Account,West,Web Portal,3,16032.87,45,81,29,0.0,0,,0
INV-205069,C1144,Regional,Northeast,Sales Rep,4,1526.31,45,31,10,0.025,0,,0
INV-205070,C1440,Regional,Northeast,Sales Rep,5,4775.9,30,67,9,0.44,0,,0
INV-205071,C1790,National Account,South,EDI,5,4225.6,30,87,21,0.0,0,,0
INV-205072,C1445,Regional,West,Web Portal,3,2460.94,30,20,13,0.139,0,,0
INV-205073,C1803,National Account,South,Sales Rep,6,11590.52,30,32,17,0.0,0,,0
INV-205074,C1612,National Account,Northeast,Phone,2,4605.94,60,56,27,0.189,0,,0
INV-205075,C1045,National Account,Northeast,EDI,11,27565.47,30,120,28,0.131,0,,0
INV-205076,C1514,Independent,West,EDI,1,1094.01,30,15,4,0.141,0,,0
INV-205077,C1397,National Account,South,Web Portal,3,3340.7,45,54,22,0.0,0,,0
INV-205078,C1218,National Account,Northeast,Sales Rep,5,6201.66,45,43,18,0.053,0,,0
INV-205079,C1419,National Account,Northeast,Sales Rep,9,18968.66,30,31,26,0.193,0,,0
INV-205080,C1722,Regional,Northeast,EDI,8,1233.23,30,30,11,0.166,0,,0
INV-205081,C1324,Regional,Midwest,Sales Rep,6,844.79,30,5,10,0.0,0,,0
INV-205082,C1336,National Account,South,Web Portal,4,3967.89,45,5,24,0.205,0,,0
INV-205083,C1505,National Account,South,EDI,2,4909.11,60,68,25,0.0,0,,0
INV-205084,C1120,National Account,South,EDI,1,37832.61,45,62,19,0.202,0,,0
INV-205085,C1750,National Account,Midwest,EDI,3,13412.27,30,108,27,0.0,0,,0
INV-205086,C1148,Regional,Midwest,Sales Rep,11,4318.35,45,18,10,0.085,1,,0
INV-205087,C1089,Independent,South,Phone,9,4113.56,45,6,14,0.087,0,,0
INV-205088,C1793,Regional,Northeast,EDI,9,3431.46,45,39,16,0.153,0,,0
INV-205089,C1559,National Account,Midwest,Sales Rep,10,7075.95,60,11,26,0.015,0,,0
INV-205090,C1438,Independent,West,EDI,3,3507.19,30,22,9,0.139,0,,0
INV-205091,C1304,Independent,Midwest,Web Portal,1,7822.66,30,12,8,0.346,0,55.0,0
INV-205092,C1129,Independent,Midwest,Sales Rep,4,2667.3,45,20,6,0.21,0,,0
INV-205093,C1182,Regional,Northeast,Sales Rep,8,6555.05,45,16,12,0.039,0,,0
INV-205094,C1256,National Account,Northeast,Web Portal,9,6713.69,45,9,20,0.28,0,,0
INV-205095,C1119,Regional,Northeast,Web Portal,4,3326.9,45,28,6,0.244,0,,0
INV-205096,C1266,Regional,South,EDI,3,23719.3,45,22,10,0.253,0,,0
INV-205097,C1174,Independent,West,Sales Rep,2,1478.41,30,19,5,0.012,0,,0
INV-205098,C1748,Regional,West,Sales Rep,7,7821.47,45,120,8,0.0,0,,0
INV-205099,C1228,National Account,Northeast,Phone,4,5994.61,60,12,25,0.065,0,,0
INV-205100,C1079,Regional,Northeast,EDI,9,2749.23,30,147,8,0.372,0,,0
INV-205101,C1594,National Account,South,Sales Rep,5,34676.56,45,75,20,0.098,0,,0
INV-205102,C1332,National Account,Midwest,EDI,1,4063.74,60,14,21,0.019,0,,0
INV-205103,C1326,Independent,Midwest,Sales Rep,10,385.09,45,10,13,0.216,0,,0
INV-205104,C1753,Independent,South,Web Portal,10,853.0,30,34,12,0.03,0,59.0,0
INV-205105,C1267,Independent,Midwest,Sales Rep,8,27453.85,45,33,11,0.014,0,,0
INV-205106,C1465,Regional,South,Sales Rep,6,1721.37,45,4,10,0.305,0,,0
INV-205107,C1131,Regional,Northeast,Web Portal,6,1993.06,30,56,11,0.04,0,,0
INV-205108,C1556,Independent,South,Sales Rep,6,1145.77,30,23,5,0.215,0,,0
INV-205109,C1167,Regional,Midwest,Sales Rep,10,3029.23,30,29,13,0.0,0,,0
INV-205110,C1585,Regional,Midwest,Web Portal,6,8057.38,45,86,11,0.0,0,,0
INV-205111,C1622,Regional,Midwest,Sales Rep,6,14237.31,30,43,7,0.093,0,,0
INV-205112,C1447,Independent,Northeast,Phone,4,3179.22,30,13,8,0.272,0,,0
INV-205113,C1449,National Account,Northeast,Web Portal,4,3197.64,60,192,23,0.0,0,,0
INV-205114,C1231,National Account,South,Web Portal,8,9400.11,45,35,17,0.115,0,,0
INV-205115,C1265,Regional,West,Sales Rep,6,4562.2,45,9,12,0.038,1,,0
INV-205116,C1280,Independent,South,Phone,1,4810.35,30,10,11,0.176,0,,0
INV-205117,C1073,Regional,West,Sales Rep,11,1318.86,30,13,10,0.034,0,,0
INV-205118,C1427,National Account,West,Sales Rep,2,11919.49,60,71,19,0.0,0,,0
INV-205119,C1278,Regional,South,Web Portal,4,545.61,30,33,7,0.0,0,,0
INV-205120,C1469,National Account,Midwest,Web Portal,7,13320.19,60,100,18,0.0,0,,0
INV-205121,C1286,Regional,Midwest,EDI,2,4670.56,60,11,13,0.199,0,,0
INV-205122,C1411,National Account,Midwest,Web Portal,3,26803.71,30,70,17,0.0,0,,0
INV-205123,C1762,National Account,South,Sales Rep,10,8844.36,60,36,26,0.0,0,,0
INV-205124,C1543,Regional,West,Web Portal,11,4233.51,45,19,8,0.382,0,,0
INV-205125,C1306,National Account,Northeast,EDI,4,7548.07,45,20,18,0.091,0,,0
INV-205126,C1748,Regional,South,Sales Rep,12,9142.93,30,120,6,0.0,0,,0
INV-205127,C1308,Regional,South,Web Portal,11,2149.13,60,18,9,0.0,0,,0
INV-205128,C1161,Regional,Midwest,EDI,12,2024.25,30,108,7,0.314,1,,0
INV-205129,C1799,Regional,Northeast,Sales Rep,1,3361.25,45,38,12,0.029,1,80.0,1
INV-205130,C1786,Independent,Midwest,EDI,6,860.34,30,22,10,0.184,0,,0
INV-205131,C1356,Independent,Midwest,Web Portal,10,773.27,30,10,11,0.042,0,,0
INV-205132,C1542,Regional,South,Sales Rep,3,1655.41,45,43,12,0.195,0,,0
INV-205133,C1411,National Account,Northeast,EDI,8,6536.38,30,70,18,0.018,0,,0
INV-205134,C1762,National Account,Northeast,Phone,9,36641.55,60,36,24,0.143,0,,0
INV-205135,C1704,Independent,South,Sales Rep,5,32887.43,30,11,6,0.074,0,,0
INV-205136,C1574,Independent,Midwest,Web Portal,8,4586.76,30,76,13,0.399,0,,0
INV-205137,C1593,Regional,South,Sales Rep,1,3003.47,60,128,9,0.03,0,,0
INV-205138,C1352,National Account,South,Sales Rep,3,15100.06,60,35,26,0.0,0,,0
INV-205139,C1091,National Account,West,Sales Rep,7,1927.52,45,111,21,0.03,0,,0
INV-205140,C1703,Regional,Northeast,Phone,7,6104.09,60,49,12,0.059,0,,0
INV-205141,C1505,National Account,Midwest,Web Portal,11,7963.91,30,68,20,0.089,0,,0
INV-205142,C1333,Regional,Northeast,Web Portal,3,5925.19,30,19,10,0.072,0,,0
INV-205143,C1256,National Account,Northeast,EDI,9,5251.31,60,9,16,0.041,0,,0
INV-205144,C1121,National Account,Northeast,Sales Rep,5,3839.15,45,46,24,0.09,0,,0
INV-205145,C1381,Regional,Northeast,Phone,11,2121.93,45,92,8,0.001,0,,0
INV-205146,C1013,Regional,West,Phone,11,4304.0,45,43,7,0.272,0,,0
INV-205147,C1517,Regional,West,Sales Rep,3,13309.2,30,38,11,0.076,0,,0
INV-205148,C1489,National Account,West,Web Portal,11,8235.62,60,13,31,0.214,1,,0
INV-205149,C1835,Regional,Midwest,EDI,12,2105.47,60,74,8,0.0,0,,0
INV-205150,C1818,National Account,Midwest,Phone,1,11409.33,30,113,28,0.051,0,,0
INV-205151,C1706,Regional,Northeast,Sales Rep,8,5556.21,45,17,8,0.109,0,,0
INV-205152,C1777,Regional,Midwest,Sales Rep,4,2703.24,60,49,11,0.19,0,,0
INV-205153,C1389,Independent,South,EDI,8,1241.79,45,13,10,0.0,0,,0
INV-205154,C1686,Independent,Northeast,Phone,4,407.49,30,2,10,0.188,0,,0
INV-205155,C1459,Regional,West,Phone,10,2002.61,30,24,12,0.301,0,,0
INV-205156,C1162,Independent,South,Web Portal,2,2301.24,45,5,7,0.012,0,,0
INV-205157,C1315,Regional,Midwest,Web Portal,8,2371.25,45,38,9,0.163,0,,0
INV-205158,C1525,Regional,Northeast,Phone,10,4109.75,30,56,7,0.256,0,,0
INV-205159,C1159,Independent,Midwest,Web Portal,3,8396.39,45,16,5,0.251,0,,0
INV-205160,C1258,Independent,West,Web Portal,1,6880.53,30,13,10,0.129,0,,0
INV-205161,C1807,National Account,Midwest,Web Portal,6,19705.62,60,170,18,0.348,0,,0
INV-205162,C1658,Independent,South,Sales Rep,1,2489.78,30,7,12,0.191,0,,0
INV-205163,C1692,National Account,South,Web Portal,5,11265.92,45,42,29,0.191,0,,0
INV-205164,C1612,National Account,Northeast,Web Portal,9,6662.75,60,56,29,0.075,0,,0
INV-205165,C1745,Regional,South,Web Portal,4,559.99,30,73,11,0.028,0,,0
INV-205166,C1770,Regional,Northeast,Sales Rep,4,5920.87,30,13,7,0.111,0,,0
INV-205167,C1792,Independent,Northeast,Phone,10,4327.74,60,21,11,0.065,0,,0
INV-205168,C1353,National Account,Northeast,Phone,9,4935.89,45,24,21,0.042,0,,0
INV-205169,C1407,Regional,Midwest,Web Portal,8,1817.55,30,25,11,0.0,0,,0
INV-205170,C1040,National Account,Midwest,Web Portal,1,21041.32,60,82,19,0.025,0,,0
INV-205171,C1752,Regional,Midwest,EDI,10,2725.21,30,22,11,0.224,0,,0
INV-205172,C1596,Regional,West,Sales Rep,1,3056.64,30,17,8,0.051,0,,0
INV-205173,C1091,National Account,Midwest,Sales Rep,9,3116.02,45,111,25,0.102,0,,0
INV-205174,C1849,Regional,Midwest,Sales Rep,10,13738.43,30,34,12,0.232,0,,0
INV-205175,C1843,Regional,Northeast,EDI,4,4973.19,30,29,5,0.388,0,69.0,1
INV-205176,C1441,Regional,South,Web Portal,8,6980.94,30,38,10,0.258,0,,0
INV-205177,C1091,National Account,South,Web Portal,8,21824.58,60,111,30,0.083,0,,0
INV-205178,C1655,Regional,West,Sales Rep,4,1565.61,45,22,8,0.187,0,,0
INV-205179,C1497,National Account,Midwest,Sales Rep,3,6260.55,30,137,25,0.0,0,,0
INV-205180,C1783,Regional,Midwest,Sales Rep,11,4582.84,30,26,11,0.213,0,,0
INV-205181,C1653,Regional,West,Phone,6,6334.78,30,8,8,0.064,0,,0
INV-205182,C1248,National Account,Midwest,Web Portal,7,36157.01,30,47,17,0.0,0,,0
INV-205183,C1070,Independent,Midwest,EDI,4,1464.52,45,13,9,0.283,0,,0
INV-205184,C1657,Regional,Northeast,Web Portal,6,4286.97,45,36,13,0.0,0,,0
INV-205185,C1814,Regional,West,Sales Rep,12,15575.66,30,7,8,0.239,0,,0
INV-205186,C1023,National Account,Northeast,Web Portal,7,5897.01,45,33,26,0.039,0,,0
INV-205187,C1499,Independent,West,Sales Rep,6,917.14,30,25,11,0.012,0,,0
INV-205188,C1186,National Account,South,Web Portal,2,6858.28,45,69,23,0.0,0,,0
INV-205189,C1148,Regional,South,EDI,2,32999.55,30,18,6,0.259,0,,0
INV-205190,C1206,Regional,South,Web Portal,12,691.56,45,35,6,0.099,0,,0
INV-205191,C1559,National Account,Northeast,Phone,11,17019.14,45,11,20,0.048,0,,0
INV-205192,C1240,Regional,Northeast,Sales Rep,8,3446.21,60,64,16,0.259,0,79.0,1
INV-205193,C1087,Independent,Midwest,Sales Rep,3,855.13,45,13,4,0.043,0,,0
INV-205194,C1659,National Account,Northeast,Phone,4,4050.17,45,99,25,0.0,0,,0
INV-205195,C1353,National Account,Northeast,Web Portal,2,19988.25,45,24,24,0.179,0,,0
INV-205196,C1777,Regional,South,Web Portal,5,1966.91,45,49,12,0.217,0,,0
INV-205197,C1734,Independent,South,Web Portal,8,8205.99,30,95,12,0.019,0,,0
INV-205198,C1583,National Account,Midwest,Sales Rep,12,3852.44,45,103,20,0.0,0,,0
INV-205199,C1600,Independent,Northeast,Sales Rep,1,2913.44,30,21,7,0.177,0,,0
INV-205200,C1535,National Account,Midwest,Web Portal,8,7441.89,45,55,23,0.0,1,,0
INV-205201,C1103,National Account,Midwest,EDI,4,11564.35,60,80,28,0.0,0,,0
INV-205202,C1303,Independent,West,EDI,9,5063.07,30,2,9,0.184,0,79.0,1
INV-205203,C1445,Regional,Midwest,Phone,3,13708.83,30,20,7,0.035,0,,0
INV-205204,C1195,Regional,Northeast,Web Portal,3,1874.14,30,56,14,0.398,0,,0
INV-205205,C1733,Regional,Northeast,EDI,3,5573.21,45,16,12,0.072,0,,0
INV-205206,C1400,National Account,Northeast,Phone,6,8349.38,60,89,26,0.054,0,,0
INV-205207,C1849,Regional,South,Web Portal,4,2568.04,30,34,8,0.058,0,,0
INV-205208,C1778,Regional,South,Sales Rep,7,2796.36,30,54,16,0.147,0,,0
INV-205209,C1456,Regional,South,Phone,4,2158.91,30,11,8,0.085,0,,0
INV-205210,C1755,Independent,Northeast,EDI,8,1162.06,60,16,12,0.201,0,,0
INV-205211,C1468,Independent,South,Phone,7,1698.98,45,11,8,0.097,0,,0
INV-205212,C1496,Regional,Midwest,EDI,12,31223.51,30,49,9,0.0,0,74.0,1
INV-205213,C1719,Independent,Northeast,EDI,4,1192.9,30,33,13,0.101,0,,0
INV-205214,C1170,National Account,Midwest,EDI,7,4670.59,60,47,22,0.004,0,,0
INV-205215,C1334,National Account,South,Web Portal,4,28085.83,45,103,25,0.086,0,,0
INV-205216,C1587,National Account,West,Web Portal,9,4284.22,30,24,16,0.098,0,,0
INV-205217,C1042,Regional,Northeast,Phone,12,5594.29,45,21,10,0.0,0,,0
INV-205218,C1573,National Account,West,Web Portal,2,2718.03,60,63,21,0.239,0,,0
INV-205219,C1316,Regional,Northeast,EDI,8,2943.99,45,44,11,0.031,0,,0
INV-205220,C1545,National Account,Midwest,Sales Rep,6,13282.12,30,183,24,0.0,0,,0
INV-205221,C1041,Regional,Midwest,Phone,9,6082.21,60,20,4,0.228,0,,0
INV-205222,C1160,Regional,Northeast,Phone,11,525.26,30,18,8,0.211,0,,0
INV-205223,C1130,Independent,Midwest,Phone,4,2542.34,30,5,10,0.149,0,,0
INV-205224,C1746,Regional,Midwest,Sales Rep,10,4986.25,30,65,9,0.117,0,,0
INV-205225,C1837,Independent,Midwest,EDI,8,1403.31,30,30,3,0.06,0,,0
INV-205226,C1120,National Account,Midwest,Web Portal,1,14559.31,30,62,32,0.131,0,,0
INV-205227,C1621,Independent,South,Web Portal,5,3035.31,30,9,5,0.177,0,,0
INV-205228,C1394,National Account,Midwest,Phone,3,1727.63,60,93,16,0.055,0,,0
INV-205229,C1274,National Account,Midwest,Sales Rep,4,10786.87,30,33,22,0.084,0,,0
INV-205230,C1750,National Account,Midwest,Phone,5,15972.49,30,108,23,0.0,0,,0
INV-205231,C1507,National Account,South,Web Portal,10,10053.77,45,37,20,0.181,0,,0
INV-205232,C1834,Regional,Midwest,Sales Rep,12,1689.34,45,101,11,0.096,0,,0
INV-205233,C1818,National Account,Midwest,EDI,3,13287.66,45,113,31,0.0,0,,0
INV-205234,C1601,National Account,South,EDI,6,7766.31,45,17,31,0.0,0,,0
INV-205235,C1155,Regional,South,Web Portal,12,4170.95,45,98,8,0.158,1,,0
INV-205236,C1813,Independent,Midwest,Phone,2,2596.6,60,15,8,0.22,0,,0
INV-205237,C1437,National Account,South,EDI,3,10380.1,60,20,20,0.362,0,,0
INV-205238,C1624,Regional,Midwest,Phone,1,1483.99,60,25,11,0.209,0,,0
INV-205239,C1815,Independent,Midwest,Sales Rep,3,1902.86,60,17,6,0.161,0,,0
INV-205240,C1253,Regional,Midwest,Sales Rep,6,6444.82,30,48,10,0.238,0,,0
INV-205241,C1605,Regional,Midwest,Web Portal,11,13537.11,45,43,12,0.27,0,,0
INV-205242,C1029,Independent,Northeast,Web Portal,5,3630.17,30,44,10,0.0,0,,0
INV-205243,C1300,Independent,South,EDI,4,3808.15,30,21,14,0.187,0,,0
INV-205244,C1180,Independent,South,Web Portal,9,6605.83,30,21,6,0.036,0,,0
INV-205245,C1488,Regional,South,EDI,6,1786.25,45,79,9,0.379,0,,0
INV-205246,C1741,National Account,Midwest,Phone,5,32122.56,45,93,18,0.029,0,,0
INV-205247,C1803,National Account,Midwest,Web Portal,1,4516.67,45,32,23,0.0,0,,0
INV-205248,C1196,National Account,South,Sales Rep,3,27218.12,45,28,25,0.0,0,,0
INV-205249,C1114,Independent,Midwest,Phone,12,476.24,30,10,5,0.052,0,,0
INV-205250,C1157,National Account,West,Sales Rep,11,16230.26,60,138,32,0.037,0,,0
INV-205251,C1431,Regional,Midwest,EDI,1,11318.25,30,41,8,0.165,1,,0
INV-205252,C1220,National Account,Midwest,EDI,1,3929.96,60,29,23,0.08,0,,0
INV-205253,C1273,Regional,Northeast,EDI,4,3849.72,45,21,10,0.014,0,,0
INV-205254,C1505,National Account,South,Sales Rep,7,10533.87,60,68,20,0.092,0,,0
INV-205255,C1255,National Account,West,EDI,11,9446.34,60,86,25,0.0,0,,0
INV-205256,C1654,Independent,South,Sales Rep,7,6482.4,30,11,9,0.136,0,,0
INV-205257,C1182,Regional,West,Sales Rep,2,2916.9,30,16,9,0.09,0,,0
INV-205258,C1770,Regional,Midwest,Sales Rep,2,2119.51,45,13,3,0.104,0,,0
INV-205259,C1699,National Account,Northeast,EDI,6,9008.51,30,49,23,0.0,0,,0
INV-205260,C1343,Regional,Northeast,Sales Rep,7,7482.88,30,38,11,0.134,0,,1
INV-205261,C1276,Independent,Midwest,Sales Rep,5,634.65,30,2,8,0.014,0,,0
INV-205262,C1045,National Account,Midwest,Phone,9,7018.57,60,120,26,0.032,0,,0
INV-205263,C1009,Regional,South,Sales Rep,5,1261.84,45,32,10,0.148,0,,0
INV-205264,C1295,Independent,Northeast,Web Portal,5,3982.04,30,31,8,0.111,0,,0
INV-205265,C1762,National Account,Midwest,Web Portal,11,22692.46,45,36,26,0.155,0,,0
INV-205266,C1509,Independent,West,Sales Rep,10,693.58,45,20,6,0.126,0,,0
INV-205267,C1847,National Account,Northeast,EDI,11,4020.4,45,10,17,0.268,0,82.0,0
INV-205268,C1679,Regional,South,Web Portal,9,3225.04,30,135,12,0.229,0,,0
INV-205269,C1698,National Account,Northeast,Web Portal,4,9432.03,60,49,31,0.043,0,,0
INV-205270,C1793,Regional,South,EDI,5,6730.84,60,39,6,0.123,0,,0
INV-205271,C1787,National Account,West,Web Portal,3,23100.49,60,103,24,0.0,0,,0
INV-205272,C1825,Independent,West,Sales Rep,3,2908.32,30,16,10,0.041,0,,0
INV-205273,C1777,Regional,West,Web Portal,1,5365.5,45,49,6,0.198,0,,0
INV-205274,C1751,National Account,Midwest,Phone,6,14014.97,45,60,17,0.084,0,,0
INV-205275,C1477,National Account,South,Web Portal,9,10806.25,60,173,27,0.19,0,,0
INV-205276,C1170,National Account,Midwest,EDI,3,13294.79,60,47,21,0.01,0,,0
INV-205277,C1312,National Account,Midwest,Phone,6,5719.7,30,104,17,0.185,0,,0
INV-205278,C1334,National Account,Midwest,Sales Rep,11,8903.22,60,103,30,0.062,0,,0
INV-205279,C1823,National Account,Northeast,Sales Rep,10,9821.69,45,138,27,0.273,0,,0
INV-205280,C1260,National Account,Northeast,Web Portal,1,6650.94,60,11,20,0.176,0,,0
INV-205281,C1319,Regional,Northeast,Sales Rep,9,7216.91,30,43,11,0.294,0,,0
INV-205282,C1017,Independent,West,Sales Rep,9,1233.9,30,15,10,0.071,0,,0
INV-205283,C1676,Independent,Northeast,Sales Rep,5,1140.79,30,14,9,0.235,0,,0
INV-205284,C1681,Regional,Northeast,Phone,7,2027.86,30,43,16,0.085,0,,0
INV-205285,C1659,National Account,Northeast,Phone,4,3365.45,45,99,23,0.177,0,,0
INV-205286,C1489,National Account,Midwest,Web Portal,12,1934.54,45,13,21,0.094,0,,0
INV-205287,C1134,National Account,Midwest,Web Portal,1,4004.33,45,43,16,0.074,0,,0
INV-205288,C1586,Independent,Northeast,Phone,3,1237.42,30,7,9,0.123,0,,0
INV-205289,C1154,Regional,Midwest,Sales Rep,12,4602.93,45,5,8,0.109,0,,0
INV-205290,C1385,Regional,South,Web Portal,6,7731.34,45,52,12,0.022,0,,0
INV-205291,C1524,National Account,Northeast,Sales Rep,6,5443.15,60,36,29,0.11,0,,0
INV-205292,C1289,Independent,Midwest,EDI,11,1432.86,30,42,10,0.114,0,,0
INV-205293,C1840,Regional,Northeast,Sales Rep,12,18828.2,30,38,7,0.072,0,,0
INV-205294,C1758,Regional,West,EDI,6,3245.1,30,30,11,0.268,1,,0
INV-205295,C1524,National Account,Midwest,Web Portal,8,6555.43,60,36,18,0.065,0,,0
INV-205296,C1103,National Account,Northeast,EDI,8,4586.85,30,80,24,0.13,0,,0
INV-205297,C1750,National Account,Northeast,EDI,10,3701.97,60,108,31,0.036,0,,0
INV-205298,C1038,National Account,Midwest,Phone,11,8605.23,60,81,25,0.0,0,,0
INV-205299,C1656,Regional,South,Phone,11,209.92,30,84,14,0.071,0,,0
INV-205300,C1741,National Account,West,Sales Rep,4,26762.67,60,93,25,0.0,0,,0
INV-205301,C1711,Regional,South,Web Portal,1,5715.83,30,13,10,0.363,0,,0
INV-205302,C1601,National Account,Midwest,EDI,3,9186.95,60,17,23,0.062,0,,0
INV-205303,C1749,Independent,Midwest,Web Portal,11,8132.42,45,28,6,0.054,0,,0
INV-205304,C1689,National Account,South,Sales Rep,5,32799.09,30,41,35,0.282,0,,0
INV-205305,C1006,Regional,Midwest,Web Portal,7,2172.64,30,23,9,0.007,0,,0
INV-205306,C1085,Independent,Midwest,Phone,1,811.48,30,6,8,0.061,0,,0
INV-205307,C1770,Regional,South,Web Portal,8,3204.41,60,13,10,0.0,1,,0
INV-205308,C1781,Regional,Midwest,Sales Rep,11,2275.05,30,23,11,0.421,0,,0
INV-205309,C1771,Independent,Northeast,Phone,11,2598.91,30,43,9,0.0,0,,0
INV-205310,C1019,National Account,West,Sales Rep,8,2943.9,60,43,16,0.156,0,,0
INV-205311,C1503,Regional,West,Phone,8,2303.44,45,42,9,0.054,0,,0
INV-205312,C1569,Independent,Northeast,Web Portal,10,1605.69,30,9,9,0.341,0,,0
INV-205313,C1846,Independent,Northeast,Web Portal,2,910.5,30,23,6,0.059,0,,0
INV-205314,C1193,Regional,West,Phone,9,13495.86,45,26,13,0.054,0,,0
INV-205315,C1426,Regional,South,Phone,8,7822.84,45,24,13,0.195,0,,0
INV-205316,C1425,Independent,Midwest,Phone,9,1056.66,30,20,17,0.028,0,,0
INV-205317,C1420,Independent,Northeast,EDI,9,2626.96,45,2,13,0.085,0,,0
INV-205318,C1759,Regional,West,Sales Rep,10,1231.96,30,4,4,0.058,0,,0
INV-205319,C1745,Regional,Midwest,Sales Rep,7,5093.3,30,73,13,0.073,0,,0
INV-205320,C1401,Regional,South,Sales Rep,5,3483.98,30,21,7,0.082,0,,0
INV-205321,C1593,Regional,Midwest,Web Portal,3,1491.6,60,128,6,0.084,0,,0
INV-205322,C1722,Regional,West,Phone,7,4994.47,30,30,8,0.155,0,,0
INV-205323,C1097,National Account,South,Web Portal,3,8285.96,45,32,31,0.448,0,,0
INV-205324,C1442,National Account,Northeast,EDI,1,12593.63,30,45,28,0.0,0,,0
INV-205325,C1235,Regional,Northeast,Sales Rep,7,7611.28,45,31,10,0.128,0,,0
INV-205326,C1469,National Account,South,Sales Rep,10,22467.35,60,100,32,0.0,0,,0
INV-205327,C1146,National Account,West,Web Portal,2,3488.3,60,38,27,0.465,0,,0
INV-205328,C1202,National Account,Midwest,Web Portal,2,8176.97,60,98,28,0.108,0,,0
INV-205329,C1088,Independent,Northeast,EDI,11,1939.97,45,21,11,0.164,0,,0
INV-205330,C1590,Independent,South,Sales Rep,4,5119.7,30,19,17,0.0,0,,0
INV-205331,C1175,Regional,Northeast,EDI,8,5131.4,60,50,9,0.119,0,,0
INV-205332,C1262,Regional,South,Web Portal,1,654.04,30,48,13,0.195,0,,0
INV-205333,C1715,Independent,South,Phone,3,2755.46,45,52,9,0.089,0,,0
INV-205334,C1381,Regional,Northeast,Sales Rep,3,5021.53,30,92,9,0.002,0,,0
INV-205335,C1563,Independent,Midwest,Sales Rep,3,11503.35,45,17,11,0.0,0,,0
INV-205336,C1537,Independent,Midwest,Sales Rep,5,830.51,30,11,9,0.095,0,,0
INV-205337,C1631,Regional,Midwest,Web Portal,1,3417.12,30,8,7,0.3,0,,0
INV-205338,C1026,National Account,South,Phone,10,2026.93,30,48,23,0.055,0,,0
INV-205339,C1205,Independent,Midwest,Sales Rep,3,522.81,30,26,11,0.063,0,,0
INV-205340,C1310,National Account,South,Sales Rep,3,29325.3,60,161,21,0.195,0,,0
INV-205341,C1729,Regional,Midwest,Sales Rep,6,11883.42,45,9,8,0.185,0,,0
INV-205342,C1386,National Account,Midwest,Web Portal,4,1113.86,60,111,25,0.198,0,,0
INV-205343,C1540,National Account,West,Sales Rep,11,5852.12,45,73,14,0.169,0,,0
INV-205344,C1692,National Account,Northeast,Web Portal,11,1645.42,60,42,17,0.315,0,,0
INV-205345,C1651,Regional,South,EDI,3,11889.02,30,33,9,0.253,0,,0
INV-205346,C1573,National Account,South,Phone,7,22718.83,60,63,16,0.091,0,,0
INV-205347,C1083,Independent,South,EDI,2,2879.2,30,23,9,0.234,0,,0
INV-205348,C1496,Regional,Northeast,Web Portal,2,4724.04,45,49,9,0.0,0,,0
INV-205349,C1285,Independent,Midwest,EDI,12,2018.4,30,15,16,0.257,0,,0
INV-205350,C1348,Regional,Northeast,Sales Rep,11,16088.56,30,84,12,0.177,0,,0
INV-205351,C1182,Regional,Northeast,EDI,12,9012.92,45,16,10,0.0,0,,0
INV-205352,C1354,Independent,South,Sales Rep,1,5447.92,45,44,15,0.061,0,,0
INV-205353,C1217,National Account,Midwest,Web Portal,5,5181.49,45,134,18,0.0,0,,0
INV-205354,C1721,Regional,South,EDI,3,4167.48,45,39,5,0.0,0,,0
INV-205355,C1698,National Account,Midwest,EDI,3,13218.37,60,49,22,0.0,0,,0
INV-205356,C1091,National Account,Northeast,Phone,4,9975.05,45,111,27,0.16,0,,0
INV-205357,C1271,Independent,South,EDI,9,1386.57,30,8,9,0.116,0,,0
INV-205358,C1818,National Account,South,Web Portal,3,5784.71,60,113,25,0.106,0,108.0,1
INV-205359,C1206,Regional,South,Phone,4,2029.86,45,35,12,0.303,0,,0
INV-205360,C1540,National Account,Midwest,Web Portal,5,4422.88,45,73,27,0.046,0,,0
INV-205361,C1687,Regional,Midwest,Web Portal,10,5932.15,30,57,9,0.137,0,,0
INV-205362,C1690,Independent,Northeast,Web Portal,6,982.27,45,14,8,0.424,0,,0
INV-205363,C1278,Regional,Midwest,Phone,12,12292.69,30,33,10,0.0,0,,0
INV-205364,C1307,Regional,West,Sales Rep,6,1835.29,45,119,13,0.189,0,,0
INV-205365,C1091,National Account,Midwest,EDI,7,5394.56,30,111,26,0.115,0,,0
INV-205366,C1748,Regional,Midwest,Web Portal,2,12357.42,30,120,10,0.0,0,,0
INV-205367,C1739,Independent,West,EDI,10,1933.58,30,28,12,0.048,0,,0
INV-205368,C1385,Regional,Midwest,Phone,12,5708.88,60,52,10,0.0,0,,0
INV-205369,C1751,National Account,Midwest,Web Portal,1,13418.65,60,60,11,0.0,0,,0
INV-205370,C1474,Regional,Midwest,Sales Rep,5,1926.56,30,25,10,0.016,0,,0
INV-205371,C1306,National Account,West,Sales Rep,11,7503.54,45,20,27,0.0,0,,0
INV-205372,C1017,Independent,West,Phone,4,882.65,45,15,13,0.226,0,,0
INV-205373,C1807,National Account,Midwest,Sales Rep,12,8883.35,45,170,17,0.078,0,,0
INV-205374,C1728,National Account,South,Sales Rep,12,7689.28,45,121,22,0.02,0,,0
INV-205375,C1248,National Account,Northeast,Phone,3,40254.11,30,47,29,0.0,0,,0
INV-205376,C1163,National Account,West,Web Portal,5,30022.97,60,48,18,0.096,0,,0
INV-205377,C1772,Independent,Northeast,Web Portal,8,1471.74,30,41,7,0.057,0,,0
INV-205378,C1807,National Account,Northeast,Web Portal,6,16872.0,45,170,22,0.398,0,83.0,1
INV-205379,C1750,National Account,South,EDI,4,37475.45,60,108,29,0.049,0,,0
INV-205380,C1717,Independent,Northeast,Web Portal,3,4307.13,30,10,19,0.226,1,,0
INV-205381,C1537,Independent,South,Phone,1,35494.89,45,11,9,0.193,0,,0
INV-205382,C1027,Regional,Midwest,Phone,9,2501.08,30,38,10,0.076,0,,0
INV-205383,C1437,National Account,Midwest,Phone,10,6883.66,60,20,22,0.094,0,,0
INV-205384,C1035,Regional,Midwest,EDI,11,2996.07,30,18,8,0.032,0,,0
INV-205385,C1553,Independent,South,Sales Rep,3,1603.3,30,84,10,0.168,0,76.0,1
INV-205386,C1034,Regional,South,Phone,11,1125.95,30,52,7,0.392,0,63.0,1
INV-205387,C1147,Regional,Northeast,Sales Rep,11,4714.28,45,30,14,0.117,0,,0
INV-205388,C1555,Regional,Midwest,EDI,5,1505.15,30,41,12,0.24,1,,0
INV-205389,C1827,National Account,Midwest,Web Portal,9,11020.58,45,73,25,0.0,0,97.0,1
INV-205390,C1814,Regional,Northeast,Sales Rep,10,7050.69,30,7,5,0.249,0,59.0,1
INV-205391,C1511,Regional,South,Web Portal,9,5047.74,60,40,9,0.131,0,,0
INV-205392,C1606,National Account,Midwest,Phone,1,8362.47,60,195,32,0.083,0,,0
INV-205393,C1164,Regional,Midwest,EDI,5,2669.01,30,19,6,0.243,0,,0
INV-205394,C1262,Regional,Northeast,Sales Rep,4,837.94,45,48,7,0.082,0,,0
INV-205395,C1375,National Account,West,Sales Rep,9,14100.84,60,39,24,0.221,0,,0
INV-205396,C1265,Regional,Midwest,Web Portal,9,3732.29,45,9,9,0.079,0,,0
INV-205397,C1383,Independent,South,Phone,11,2962.15,30,15,13,0.076,0,,0
INV-205398,C1604,Independent,Midwest,Phone,10,2338.81,45,20,7,0.032,0,,0
INV-205399,C1102,Independent,West,EDI,12,2534.36,30,20,8,0.138,0,,0
INV-205400,C1086,Independent,South,EDI,3,106.54,45,23,7,0.145,0,,0
INV-205401,C1062,Regional,Northeast,Sales Rep,6,2394.88,30,43,10,0.0,0,,0
INV-205402,C1120,National Account,Northeast,Sales Rep,2,4718.5,60,62,26,0.167,1,,0
INV-205403,C1846,Independent,South,Phone,12,4330.33,45,23,8,0.009,0,,0
INV-205404,C1681,Regional,South,Sales Rep,6,2888.16,30,43,10,0.022,0,,0
INV-205405,C1332,National Account,Northeast,Sales Rep,9,6820.78,60,14,14,0.162,0,,0
INV-205406,C1553,Independent,Midwest,Web Portal,7,2323.05,30,84,11,0.153,0,,0
INV-205407,C1084,National Account,Midwest,Sales Rep,3,3611.66,45,258,24,0.0,0,,0
INV-205408,C1790,National Account,South,Web Portal,9,9589.51,60,87,27,0.0,0,,0
INV-205409,C1813,Independent,West,Sales Rep,7,1011.27,30,15,11,0.253,0,,0
INV-205410,C1474,Regional,Northeast,Phone,11,2989.47,45,25,6,0.0,0,,0
INV-205411,C1442,National Account,Midwest,Phone,12,6898.51,60,45,19,0.137,1,,0
INV-205412,C1375,National Account,West,Phone,4,5380.78,60,39,20,0.042,0,,0
INV-205413,C1186,National Account,Northeast,EDI,10,14060.84,60,69,24,0.017,0,,0
INV-205414,C1249,Regional,Midwest,Sales Rep,5,2438.16,30,46,11,0.004,0,,0
INV-205415,C1658,Independent,Northeast,Phone,8,3633.57,30,7,10,0.093,0,,0
INV-205416,C1659,National Account,South,EDI,10,18059.39,60,99,21,0.0,0,,0
INV-205417,C1594,National Account,Midwest,Web Portal,12,16415.47,30,75,22,0.116,0,,0
INV-205418,C1594,National Account,South,Phone,1,5857.58,60,75,27,0.375,0,,0
INV-205419,C1652,Regional,Midwest,Web Portal,7,4712.43,45,80,9,0.0,0,,0
INV-205420,C1628,Independent,West,EDI,3,723.63,30,35,10,0.141,0,,0
INV-205421,C1287,Regional,South,Sales Rep,12,5393.85,30,72,12,0.416,0,,0
INV-205422,C1838,Regional,Midwest,EDI,7,3070.02,30,14,10,0.105,0,,0
INV-205423,C1238,National Account,Northeast,Sales Rep,9,11177.72,30,201,17,0.147,0,,0
INV-205424,C1750,National Account,Midwest,Sales Rep,4,63272.35,60,108,19,0.0,0,,0
INV-205425,C1440,Regional,Midwest,EDI,4,3285.09,60,67,7,0.265,0,,0
INV-205426,C1497,National Account,Midwest,Web Portal,2,24857.09,60,137,21,0.058,0,,0
INV-205427,C1736,Independent,South,Sales Rep,7,1481.09,45,13,10,0.309,0,89.0,1
INV-205428,C1427,National Account,Midwest,Web Portal,11,8881.18,60,71,24,0.0,0,,0
INV-205429,C1778,Regional,West,Web Portal,7,10464.43,30,54,6,0.228,0,,0
INV-205430,C1526,National Account,Midwest,Web Portal,2,11695.6,45,14,22,0.0,0,,0
INV-205431,C1006,Regional,Midwest,Sales Rep,9,4224.44,30,23,12,0.0,0,,0
INV-205432,C1559,National Account,South,EDI,12,4335.29,45,11,31,0.31,0,,0
INV-205433,C1347,Regional,West,Phone,1,6733.56,60,85,5,0.023,0,,0
INV-205434,C1537,Independent,Midwest,Sales Rep,8,4577.5,45,11,8,0.219,0,,0
INV-205435,C1447,Independent,West,Phone,8,589.5,30,13,16,0.123,0,,0
INV-205436,C1698,National Account,Midwest,EDI,3,4508.17,60,49,27,0.0,0,,0
INV-205437,C1427,National Account,West,Phone,2,13018.83,30,71,19,0.0,0,,0
INV-205438,C1528,Independent,South,Sales Rep,5,235.64,60,19,12,0.026,0,,0
INV-205439,C1113,Regional,West,Sales Rep,2,8796.76,45,26,8,0.227,0,,0
INV-205440,C1115,National Account,South,EDI,9,10846.76,45,48,26,0.231,1,,0
INV-205441,C1572,Regional,Northeast,Web Portal,10,5635.95,45,15,13,0.017,0,,0
INV-205442,C1809,Regional,Midwest,EDI,1,5073.58,45,62,8,0.0,0,,0
INV-205443,C1212,Independent,West,Phone,7,613.25,30,26,8,0.005,0,,0
INV-205444,C1714,Regional,South,EDI,12,4778.56,45,39,12,0.116,0,,0
INV-205445,C1419,National Account,West,Web Portal,4,13415.47,30,31,25,0.013,0,,0
INV-205446,C1381,Regional,West,Web Portal,7,8985.01,45,92,5,0.137,0,,0
INV-205447,C1002,Regional,Northeast,Phone,9,1434.29,30,56,13,0.344,0,,0
INV-205448,C1395,Regional,Northeast,Web Portal,1,2725.8,45,49,7,0.028,0,,0
INV-205449,C1069,National Account,West,EDI,10,9112.5,60,16,27,0.102,0,,0
INV-205450,C1428,National Account,West,Web Portal,12,4621.4,30,19,17,0.24,0,,0
INV-205451,C1471,National Account,Northeast,Phone,6,35383.27,45,137,21,0.079,0,,0
INV-205452,C1278,Regional,Midwest,Phone,7,688.02,45,33,15,0.0,0,,0
INV-205453,C1237,National Account,South,Web Portal,9,9552.77,45,55,22,0.0,0,,0
INV-205454,C1244,Independent,West,EDI,12,848.75,30,18,9,0.303,0,,0
INV-205455,C1816,National Account,Midwest,Sales Rep,10,12144.02,45,25,36,0.161,0,,0
INV-205456,C1397,National Account,South,Web Portal,12,6459.4,60,54,27,0.054,0,,0
INV-205457,C1347,Regional,Northeast,Sales Rep,2,2587.47,45,85,8,0.004,0,,0
INV-205458,C1229,Regional,Midwest,EDI,10,3034.19,30,63,9,0.068,0,,0
INV-205459,C1375,National Account,Northeast,EDI,6,930.9,60,39,24,0.0,0,,0
INV-205460,C1739,Independent,Northeast,Phone,12,5006.25,30,28,5,0.144,0,69.0,0
INV-205461,C1345,Independent,Midwest,Phone,8,8352.86,45,47,7,0.084,0,,0
INV-205462,C1164,Regional,Northeast,EDI,3,3667.55,30,19,12,0.001,0,,0
INV-205463,C1760,Regional,South,EDI,6,11028.78,30,55,9,0.121,0,,0
INV-205464,C1538,Regional,West,EDI,2,9031.15,30,76,7,0.409,0,,0
INV-205465,C1710,National Account,Midwest,EDI,8,18284.26,60,54,15,0.243,0,,0
INV-205466,C1844,Independent,Midwest,Phone,7,5014.69,30,31,7,0.289,0,,0
INV-205467,C1144,Regional,South,Web Portal,7,8883.38,30,31,13,0.236,0,,0
INV-205468,C1607,Regional,Midwest,Sales Rep,7,4402.3,60,51,12,0.047,0,,0
INV-205469,C1152,Independent,Northeast,Sales Rep,10,610.18,45,9,12,0.152,0,,0
INV-205470,C1826,Regional,Northeast,Sales Rep,4,4325.18,30,13,12,0.361,0,,0
INV-205471,C1746,Regional,Northeast,Phone,3,5612.99,30,65,10,0.196,0,,0
INV-205472,C1712,National Account,West,Phone,11,23301.7,30,66,30,0.0,0,,0
INV-205473,C1208,Independent,Midwest,EDI,6,698.19,30,6,8,0.04,0,,0
INV-205474,C1348,Regional,Northeast,Phone,12,34172.69,45,84,11,0.0,0,,0
INV-205475,C1573,National Account,South,Sales Rep,4,5107.11,60,63,25,0.26,0,,0
INV-205476,C1794,National Account,South,EDI,2,14018.75,45,50,23,0.039,0,,0
INV-205477,C1053,Regional,Northeast,Phone,6,8273.88,30,25,13,0.0,0,,0
INV-205478,C1794,National Account,Midwest,EDI,6,2695.7,45,50,17,0.0,0,,0
INV-205479,C1531,Regional,West,Web Portal,5,10645.72,30,22,10,0.284,0,,0
INV-205480,C1713,Independent,South,Sales Rep,8,4646.98,30,13,13,0.726,0,,1
INV-205481,C1041,Regional,West,EDI,3,1153.56,30,20,9,0.089,0,,0
INV-205482,C1612,National Account,Midwest,EDI,12,4217.02,45,56,16,0.094,0,,0
INV-205483,C1220,National Account,West,EDI,11,10924.78,60,29,15,0.132,0,,0
INV-205484,C1760,Regional,Midwest,Phone,2,4157.31,45,55,18,0.185,1,,0
INV-205485,C1283,Regional,Midwest,Sales Rep,7,7045.58,45,5,13,0.101,0,,0
INV-205486,C1263,Independent,Midwest,Phone,9,442.43,45,84,17,0.054,0,,0
INV-205487,C1609,Independent,South,Sales Rep,2,581.75,30,8,10,0.0,0,,0
INV-205488,C1427,National Account,South,Phone,5,14922.66,45,71,20,0.0,0,,0
INV-205489,C1351,Independent,Northeast,Sales Rep,11,3219.3,30,23,5,0.0,0,,0
INV-205490,C1697,Regional,Northeast,Sales Rep,6,6876.88,45,85,9,0.0,0,,0
INV-205491,C1639,Regional,Midwest,Web Portal,2,5880.32,60,12,7,0.082,0,,0
INV-205492,C1141,Regional,West,Sales Rep,8,7486.78,45,18,8,0.244,0,69.0,1
INV-205493,C1481,Regional,Northeast,Phone,2,6672.38,45,11,7,0.0,0,,0
INV-205494,C1520,Regional,Northeast,Web Portal,10,4534.37,30,23,13,0.216,0,,0
INV-205495,C1477,National Account,West,EDI,12,11208.62,60,173,18,0.029,0,,0
INV-205496,C1506,Independent,South,Web Portal,4,466.04,30,4,10,0.105,0,,0
INV-205497,C1151,Independent,Midwest,Sales Rep,4,2069.58,60,28,7,0.012,0,,0
INV-205498,C1374,Regional,Northeast,Sales Rep,11,5881.24,45,17,8,0.063,0,,0
INV-205499,C1411,National Account,Northeast,Web Portal,2,20368.32,45,70,27,0.004,0,,0
INV-205500,C1186,National Account,Northeast,Web Portal,3,4475.56,60,69,37,0.076,0,,0
INV-205501,C1817,Independent,Northeast,Sales Rep,5,764.54,30,30,15,0.0,0,,0
INV-205502,C1040,National Account,South,Sales Rep,10,7549.32,30,82,16,0.069,0,57.0,0
INV-205503,C1150,National Account,Northeast,Web Portal,7,7900.53,45,35,20,0.0,0,,0
INV-205504,C1670,Regional,Midwest,EDI,7,1301.16,45,89,8,0.143,0,,0
INV-205505,C1147,Regional,Northeast,Web Portal,7,1759.14,45,30,6,0.153,0,,0
INV-205506,C1339,Independent,South,EDI,4,2754.04,30,5,5,0.109,0,,0
INV-205507,C1663,Independent,Northeast,Sales Rep,9,448.48,30,16,10,0.15,0,,0
INV-205508,C1477,National Account,Northeast,Sales Rep,11,15864.44,45,173,22,0.0,0,,0
INV-205509,C1113,Regional,South,Web Portal,11,1127.8,45,26,5,0.244,0,,0
INV-205510,C1601,National Account,Midwest,Sales Rep,12,8000.38,60,17,23,0.0,0,,0
INV-205511,C1609,Independent,Midwest,Web Portal,1,920.14,60,8,6,0.141,0,,0
INV-205512,C1420,Independent,Northeast,Sales Rep,8,1719.74,30,2,9,0.216,0,,0
INV-205513,C1694,National Account,South,Web Portal,2,6624.32,60,85,21,0.172,0,,0
INV-205514,C1769,Independent,South,Sales Rep,8,722.01,60,23,7,0.512,0,,0
INV-205515,C1147,Regional,Northeast,Sales Rep,12,2124.68,30,30,14,0.116,0,,0
INV-205516,C1045,National Account,South,EDI,11,3608.2,60,120,21,0.012,0,,0
INV-205517,C1154,Regional,South,Phone,10,6005.72,30,5,11,0.035,0,,0
INV-205518,C1746,Regional,West,Web Portal,6,1427.86,60,65,8,0.099,0,,0
INV-205519,C1733,Regional,West,Web Portal,2,3110.46,30,16,9,0.115,0,,0
INV-205520,C1536,National Account,South,Sales Rep,7,9348.2,60,177,20,0.039,0,,0
INV-205521,C1411,National Account,Northeast,Phone,1,6105.22,60,70,28,0.42,0,,0
INV-205522,C1464,Independent,Midwest,Web Portal,7,5035.81,30,11,10,0.207,0,67.0,1
INV-205523,C1396,Independent,Northeast,Sales Rep,7,5073.71,30,32,9,0.13,0,,0
INV-205524,C1587,National Account,Northeast,Web Portal,6,9466.32,60,24,25,0.113,0,,0
INV-205525,C1808,Independent,West,EDI,10,1869.87,45,24,8,0.041,0,,0
INV-205526,C1256,National Account,Midwest,Sales Rep,5,6524.07,60,9,27,0.073,0,114.0,1
INV-205527,C1818,National Account,West,Phone,2,19203.63,45,113,29,0.072,0,,0
INV-205528,C1265,Regional,Northeast,Sales Rep,3,2993.48,60,9,8,0.05,1,80.0,1
INV-205529,C1807,National Account,West,Sales Rep,4,32554.01,30,170,26,0.009,0,,0
INV-205530,C1584,Regional,South,Phone,12,3478.95,30,27,10,0.044,0,,0
INV-205531,C1243,Regional,West,EDI,6,2991.94,30,20,9,0.0,0,,0
INV-205532,C1183,Regional,West,Web Portal,3,2687.58,45,61,10,0.087,0,,0
INV-205533,C1307,Regional,Midwest,EDI,7,3635.57,30,119,13,0.358,0,,0
INV-205534,C1020,Independent,Midwest,Phone,12,4578.34,45,2,11,0.248,0,,0
INV-205535,C1673,Independent,Northeast,Sales Rep,3,1733.31,30,28,5,0.055,0,,0
INV-205536,C1031,Regional,Northeast,Web Portal,6,5441.96,45,34,5,0.222,0,,0
INV-205537,C1312,National Account,West,Phone,6,11157.64,60,104,29,0.0,0,,0
INV-205538,C1482,Regional,South,Web Portal,10,3123.75,60,68,10,0.28,0,,0
INV-205539,C1485,Independent,South,Web Portal,5,1636.17,45,9,9,0.093,0,,0
INV-205540,C1515,Regional,Midwest,Web Portal,4,2851.41,45,55,14,0.089,0,,0
INV-205541,C1704,Independent,Midwest,EDI,7,1001.96,30,11,12,0.095,0,,0
INV-205542,C1580,Regional,West,Phone,5,3920.93,30,20,6,0.137,0,,0
INV-205543,C1732,National Account,Midwest,Phone,9,12456.98,60,112,19,0.0,0,,0
INV-205544,C1830,Regional,South,Sales Rep,2,1957.2,60,21,8,0.093,0,,0
INV-205545,C1375,National Account,West,Web Portal,5,10503.13,30,39,24,0.0,0,,0
INV-205546,C1594,National Account,Northeast,Phone,8,8473.16,60,75,18,0.0,0,,0
INV-205547,C1741,National Account,West,Sales Rep,3,6700.79,60,93,27,0.146,0,,0
INV-205548,C1844,Independent,Northeast,Web Portal,6,3062.65,45,31,14,0.311,0,,0
INV-205549,C1714,Regional,Northeast,EDI,10,2106.8,45,39,14,0.042,0,,0
INV-205550,C1071,Regional,Northeast,Sales Rep,4,13828.48,45,48,12,0.145,0,,0
INV-205551,C1784,Independent,Northeast,Web Portal,8,2929.95,30,2,4,0.237,0,,0
INV-205552,C1463,National Account,Northeast,Sales Rep,7,5108.23,30,90,19,0.185,0,,0
INV-205553,C1794,National Account,West,Web Portal,2,3830.8,60,50,22,0.0,0,,0
INV-205554,C1386,National Account,South,Sales Rep,7,3174.66,30,111,22,0.038,0,,0
INV-205555,C1701,National Account,West,EDI,3,25870.04,45,61,17,0.205,0,,0
INV-205556,C1660,Independent,West,EDI,4,7219.69,45,11,10,0.035,1,,0
INV-205557,C1195,Regional,West,Sales Rep,9,15195.02,60,56,14,0.041,0,,0
INV-205558,C1613,Regional,South,EDI,5,2317.6,30,35,12,0.192,0,,0
INV-205559,C1717,Independent,Midwest,Phone,8,2349.42,45,10,10,0.08,0,,0
INV-205560,C1197,Independent,Northeast,Web Portal,6,2238.84,30,10,11,0.246,0,,0
INV-205561,C1347,Regional,Northeast,EDI,9,556.67,30,85,9,0.01,0,,0
INV-205562,C1234,Independent,West,Phone,10,1303.94,30,10,10,0.24,0,,0
INV-205563,C1206,Regional,Midwest,Web Portal,7,6692.61,30,35,10,0.084,0,,0
INV-205564,C1803,National Account,Midwest,Web Portal,6,7033.9,60,32,24,0.052,0,,0
INV-205565,C1410,Independent,Northeast,Phone,9,15527.61,45,13,13,0.086,0,,0
INV-205566,C1391,Independent,Midwest,Sales Rep,7,5091.53,30,25,12,0.243,0,,0
INV-205567,C1222,Regional,South,EDI,1,15680.99,30,42,14,0.571,0,,0
INV-205568,C1603,National Account,Midwest,Web Portal,5,9971.9,60,122,27,0.024,0,,0
INV-205569,C1106,National Account,South,Sales Rep,1,8188.88,60,46,23,0.054,0,,0
INV-205570,C1620,Regional,South,EDI,8,1224.29,30,30,11,0.18,0,,0
INV-205571,C1336,National Account,Northeast,Web Portal,2,12598.92,60,5,17,0.205,0,,0
INV-205572,C1130,Independent,Northeast,Phone,11,2627.36,45,5,9,0.104,0,,0
INV-205573,C1549,Independent,Northeast,Web Portal,4,2037.13,30,63,7,0.126,0,,0
INV-205574,C1433,Independent,Midwest,Web Portal,6,3444.79,30,32,9,0.025,0,,0
INV-205575,C1612,National Account,South,Sales Rep,8,14768.89,45,56,25,0.069,0,,0
INV-205576,C1164,Regional,South,Web Portal,5,8559.71,30,19,8,0.073,0,,0
INV-205577,C1620,Regional,Midwest,EDI,9,4400.75,30,30,10,0.117,0,,0
INV-205578,C1539,Regional,West,Web Portal,5,7423.12,60,36,12,0.143,0,,0
INV-205579,C1423,Regional,South,Sales Rep,12,6618.53,60,54,14,0.0,0,,0
INV-205580,C1115,National Account,Northeast,Sales Rep,5,8616.25,45,48,17,0.061,0,,0
INV-205581,C1725,Independent,South,Sales Rep,10,1654.94,30,41,11,0.227,0,,0
INV-205582,C1121,National Account,Midwest,Sales Rep,2,9585.43,60,46,28,0.017,0,,0
INV-205583,C1556,Independent,South,Sales Rep,9,3246.68,30,23,11,0.03,0,,0
INV-205584,C1586,Independent,Midwest,Phone,6,3760.06,45,7,7,0.146,0,,0
INV-205585,C1596,Regional,Midwest,Phone,6,5268.22,30,17,9,0.087,0,,0
INV-205586,C1590,Independent,Northeast,EDI,3,1717.27,30,19,10,0.263,0,,0
INV-205587,C1663,Independent,Midwest,Sales Rep,7,1573.4,45,16,13,0.16,0,,0
INV-205588,C1402,National Account,South,EDI,2,16860.65,60,66,22,0.142,0,,0
INV-205589,C1334,National Account,West,Sales Rep,11,1628.79,45,103,19,0.372,0,,0
INV-205590,C1218,National Account,Midwest,Sales Rep,6,10108.39,60,43,29,0.0,0,,0
INV-205591,C1238,National Account,South,Web Portal,8,5287.68,45,201,23,0.092,0,,0
INV-205592,C1417,Regional,Midwest,Phone,4,5130.26,45,4,13,0.035,0,,0
INV-205593,C1818,National Account,South,Sales Rep,5,13850.04,30,113,23,0.0,0,,0
INV-205594,C1763,Regional,South,Web Portal,1,14724.58,60,53,12,0.186,0,,0
INV-205595,C1742,Regional,Midwest,Sales Rep,12,1749.02,45,19,7,0.0,0,,0
INV-205596,C1638,Independent,Northeast,Sales Rep,5,2105.89,30,32,10,0.07,0,,0
INV-205597,C1640,Independent,South,Web Portal,1,647.57,30,14,13,0.046,0,,0
INV-205598,C1660,Independent,Midwest,Web Portal,2,2221.56,30,11,7,0.031,0,,0
INV-205599,C1314,Independent,Midwest,Web Portal,12,9425.21,30,47,13,0.418,0,57.0,1
INV-205600,C1432,Regional,Northeast,EDI,4,14156.83,30,17,7,0.071,0,,0
INV-205601,C1394,National Account,South,Sales Rep,5,22588.38,60,93,19,0.011,0,,0
INV-205602,C1402,National Account,Midwest,Web Portal,3,14779.08,45,66,27,0.395,0,,0
INV-205603,C1595,Regional,West,Sales Rep,4,11055.97,30,17,4,0.072,0,,0
INV-205604,C1355,Independent,West,Sales Rep,1,12846.36,45,24,8,0.039,0,,0
INV-205605,C1490,Independent,Midwest,Sales Rep,4,3183.56,30,20,8,0.147,0,,0
INV-205606,C1011,Independent,West,Phone,2,799.49,30,15,12,0.421,0,,0
INV-205607,C1088,Independent,West,Sales Rep,2,3110.26,30,21,12,0.173,0,,0
INV-205608,C1502,Independent,Midwest,Sales Rep,3,1760.12,30,35,14,0.151,0,,0
INV-205609,C1457,Regional,Midwest,EDI,7,4804.55,45,10,16,0.2,0,,0
INV-205610,C1375,National Account,Northeast,Phone,2,15283.52,45,39,26,0.094,0,,0
INV-205611,C1805,Regional,Northeast,Sales Rep,3,7922.28,60,158,14,0.292,1,,0
INV-205612,C1108,Independent,Northeast,Phone,7,2565.57,30,65,8,0.111,0,,0
INV-205613,C1659,National Account,Midwest,Phone,1,4365.83,45,99,21,0.035,0,,0
INV-205614,C1496,Regional,South,EDI,10,2201.95,60,49,6,0.097,0,,0
INV-205615,C1394,National Account,Northeast,Sales Rep,10,4835.64,45,93,29,0.0,0,,0
INV-205616,C1120,National Account,Midwest,Sales Rep,1,5104.29,45,62,27,0.355,0,,0
INV-205617,C1515,Regional,South,Sales Rep,12,4223.65,45,55,7,0.114,0,83.0,0
INV-205618,C1178,National Account,Midwest,Web Portal,9,30421.6,60,58,15,0.09,0,,0
INV-205619,C1601,National Account,West,Web Portal,5,12970.06,60,17,26,0.25,0,,0
INV-205620,C1755,Independent,West,Sales Rep,7,1208.08,30,16,10,0.303,0,,0
INV-205621,C1414,Independent,West,Web Portal,3,2034.19,30,6,9,0.428,0,,0
INV-205622,C1827,National Account,West,EDI,7,2773.33,45,73,21,0.0,0,,0
INV-205623,C1163,National Account,West,Sales Rep,12,15256.83,45,48,27,0.019,0,,0
INV-205624,C1520,Regional,South,Web Portal,6,2715.13,30,23,13,0.148,0,,0
INV-205625,C1776,Regional,Northeast,EDI,8,7155.19,30,13,6,0.078,1,,0
INV-205626,C1787,National Account,South,Sales Rep,11,9125.52,60,103,20,0.288,0,,0
INV-205627,C1509,Independent,Midwest,Sales Rep,7,656.91,30,20,8,0.277,1,,0
INV-205628,C1699,National Account,West,Phone,8,5354.47,60,49,27,0.257,0,,0
INV-205629,C1134,National Account,South,Sales Rep,6,14366.67,60,43,28,0.541,0,,0
INV-205630,C1675,National Account,West,Web Portal,11,2161.0,45,120,24,0.037,0,,0
INV-205631,C1763,Regional,Midwest,Sales Rep,7,11924.26,30,53,13,0.113,0,,0
INV-205632,C1443,Regional,South,Phone,12,3305.35,30,54,9,0.174,0,77.0,1
INV-205633,C1417,Regional,Midwest,EDI,5,1917.97,60,4,9,0.01,0,,0
INV-205634,C1718,Independent,South,Web Portal,12,10737.56,30,5,5,0.0,1,,0
INV-205635,C1816,National Account,South,Web Portal,3,28445.88,45,25,27,0.066,0,,0
INV-205636,C1750,National Account,West,Web Portal,3,1058.79,45,108,26,0.051,0,,0
INV-205637,C1400,National Account,Northeast,Web Portal,3,3725.17,60,89,24,0.08,0,,0
INV-205638,C1216,Regional,Midwest,Sales Rep,12,7052.5,30,23,10,0.082,0,,0
INV-205639,C1627,Regional,Midwest,Sales Rep,6,2631.77,60,29,8,0.273,0,,0
INV-205640,C1730,Regional,Midwest,Web Portal,7,1304.18,45,26,10,0.059,0,,0
INV-205641,C1101,National Account,South,Sales Rep,2,24245.27,60,152,18,0.184,0,,0
INV-205642,C1428,National Account,West,Sales Rep,4,8142.35,45,19,22,0.009,0,,0
INV-205643,C1260,National Account,Northeast,Web Portal,2,19486.26,60,11,17,0.217,0,,0
INV-205644,C1607,Regional,Northeast,EDI,6,1135.13,30,51,11,0.107,0,,0
INV-205645,C1154,Regional,South,EDI,12,6322.92,45,5,14,0.0,0,,0
INV-205646,C1143,Independent,South,Sales Rep,7,3188.19,30,8,6,0.228,0,,0
INV-205647,C1645,Independent,Midwest,Web Portal,2,3540.01,45,5,10,0.249,0,,0
INV-205648,C1154,Regional,Midwest,EDI,7,2128.39,30,5,10,0.0,0,,0
INV-205649,C1100,Regional,South,Web Portal,5,1802.55,45,31,10,0.0,0,,0
INV-205650,C1543,Regional,South,Phone,3,8854.37,30,19,8,0.362,0,48.0,1
INV-205651,C1303,Independent,Midwest,Sales Rep,12,1925.46,45,2,10,0.166,0,,0
INV-205652,C1728,National Account,Midwest,Sales Rep,11,22552.47,30,121,26,0.194,0,,0
INV-205653,C1804,Independent,Northeast,Web Portal,2,1197.86,30,31,9,0.0,0,,0
INV-205654,C1313,Independent,Midwest,Sales Rep,3,908.93,30,17,11,0.047,0,,0
INV-205655,C1054,Regional,Northeast,Sales Rep,9,5470.5,45,80,10,0.057,0,,0
INV-205656,C1141,Regional,Midwest,EDI,1,11704.08,60,18,8,0.171,0,,0
INV-205657,C1518,Independent,South,Web Portal,8,206.37,30,67,10,0.065,0,,0
INV-205658,C1217,National Account,Midwest,Web Portal,2,10538.57,60,134,26,0.0,0,,0
INV-205659,C1464,Independent,West,Phone,11,3033.3,45,11,9,0.241,0,,0
INV-205660,C1615,Independent,Northeast,Web Portal,2,3013.0,45,15,7,0.16,0,,0
INV-205661,C1327,Regional,West,Sales Rep,3,2994.96,30,79,11,0.103,0,,0
INV-205662,C1631,Regional,South,Web Portal,8,3812.23,60,8,8,0.423,0,,0
INV-205663,C1178,National Account,Midwest,EDI,2,12405.15,60,58,34,0.055,0,,0
INV-205664,C1218,National Account,West,EDI,2,4747.47,45,43,21,0.0,0,,0
INV-205665,C1703,Regional,Midwest,Phone,6,9577.87,30,49,10,0.184,0,,0
INV-205666,C1133,Independent,Northeast,Phone,2,3111.66,30,22,9,0.287,1,73.0,1
INV-205667,C1093,Independent,West,Web Portal,3,1905.2,45,42,14,0.071,0,,0
INV-205668,C1512,Regional,South,EDI,10,3960.69,45,47,13,0.073,0,,0
INV-205669,C1390,Independent,Midwest,Sales Rep,9,4510.7,45,18,12,0.212,0,88.0,1
INV-205670,C1395,Regional,South,Web Portal,9,10480.37,30,49,7,0.0,0,,0
INV-205671,C1111,National Account,Northeast,Web Portal,2,3994.92,45,93,17,0.0,0,,0
INV-205672,C1106,National Account,Midwest,Web Portal,2,7290.22,60,46,25,0.313,0,,0
INV-205673,C1837,Independent,West,Web Portal,9,2540.9,30,30,8,0.259,0,51.0,1
INV-205674,C1106,National Account,Midwest,Phone,4,34972.6,60,46,23,0.239,0,102.0,1
INV-205675,C1736,Independent,Northeast,EDI,4,1690.9,30,13,10,0.052,0,,0
INV-205676,C1236,National Account,South,Sales Rep,3,2455.59,30,36,15,0.0,0,,0
INV-205677,C1722,Regional,South,Phone,11,1880.82,30,30,15,0.128,0,,0
INV-205678,C1195,Regional,West,Sales Rep,5,5031.21,30,56,12,0.026,0,,0
INV-205679,C1576,Regional,South,EDI,6,4987.02,45,18,10,0.242,0,,0
INV-205680,C1397,National Account,South,EDI,12,7406.35,30,54,27,0.0,0,,0
INV-205681,C1475,Independent,Northeast,Phone,3,772.21,30,20,14,0.195,0,,0
INV-205682,C1103,National Account,Midwest,Sales Rep,7,10837.84,60,80,27,0.153,0,,0
INV-205683,C1623,Regional,Midwest,EDI,5,5251.99,45,33,11,0.065,0,,0
INV-205684,C1830,Regional,South,Sales Rep,12,3661.78,30,21,7,0.147,0,,0
INV-205685,C1164,Regional,Midwest,Sales Rep,7,6123.21,30,19,8,0.075,0,,0
INV-205686,C1666,Regional,Midwest,Sales Rep,3,3404.7,60,103,11,0.069,0,,0
INV-205687,C1674,Regional,South,EDI,5,2403.75,45,4,7,0.133,0,,0
INV-205688,C1532,Regional,South,Web Portal,11,35177.25,45,19,10,0.102,0,81.0,1
INV-205689,C1552,National Account,South,Phone,11,27448.11,45,18,29,0.041,0,,0
INV-205690,C1393,Regional,South,Sales Rep,2,3577.93,60,29,11,0.226,0,107.0,1
INV-205691,C1168,Regional,West,Sales Rep,5,1029.73,30,50,12,0.0,0,,0
INV-205692,C1678,Independent,Midwest,Sales Rep,3,4396.63,30,31,10,0.16,0,,0
INV-205693,C1332,National Account,Midwest,Web Portal,12,20181.76,30,14,22,0.073,0,,0
INV-205694,C1508,Regional,West,Phone,8,5703.24,45,34,11,0.412,0,90.0,1
INV-205695,C1120,National Account,Northeast,Web Portal,10,8046.84,45,62,21,0.414,0,70.0,1
INV-205696,C1218,National Account,Northeast,Web Portal,3,5026.78,30,43,32,0.0,0,,0
INV-205697,C1760,Regional,West,Sales Rep,5,2483.53,30,55,10,0.098,0,,0
INV-205698,C1408,Regional,Midwest,Sales Rep,6,4140.98,45,34,9,0.176,0,,0
INV-205699,C1472,Regional,Northeast,Web Portal,3,8180.17,30,66,10,0.188,0,,0
INV-205700,C1808,Independent,Northeast,EDI,4,1457.69,30,24,13,0.0,0,,0
INV-205701,C1147,Regional,Northeast,EDI,10,7349.99,30,30,6,0.413,1,48.0,1
INV-205702,C1730,Regional,South,Phone,8,5346.97,30,26,10,0.095,0,,0
INV-205703,C1069,National Account,South,Phone,11,26247.77,60,16,30,0.041,0,,0
INV-205704,C1244,Independent,Midwest,EDI,2,1147.27,30,18,10,0.049,0,,0
INV-205705,C1202,National Account,Midwest,Sales Rep,10,18812.22,60,98,22,0.291,0,,0
INV-205706,C1215,Regional,South,EDI,6,4556.56,30,33,12,0.066,0,,0
INV-205707,C1709,National Account,Northeast,Sales Rep,11,34104.93,30,45,22,0.116,0,,0
INV-205708,C1652,Regional,South,Web Portal,5,2623.01,45,80,12,0.009,0,,0
INV-205709,C1684,Regional,South,Phone,12,8042.56,30,107,10,0.181,0,,0
INV-205710,C1084,National Account,South,Phone,4,6175.15,45,258,27,0.152,0,,0
INV-205711,C1586,Independent,South,Web Portal,8,3774.14,30,7,12,0.146,0,,0
INV-205712,C1601,National Account,Northeast,Web Portal,3,11140.8,30,17,19,0.0,0,,0
INV-205713,C1524,National Account,Midwest,Web Portal,12,7062.83,45,36,22,0.105,0,,0
INV-205714,C1223,Independent,Midwest,EDI,11,763.24,30,22,11,0.14,0,,0
INV-205715,C1449,National Account,South,EDI,2,53499.09,45,192,20,0.023,0,,0
INV-205716,C1292,Regional,Midwest,Sales Rep,7,7016.18,60,29,7,0.442,0,,0
INV-205717,C1566,National Account,Northeast,Sales Rep,12,15502.18,30,58,16,0.0,0,,0
INV-205718,C1235,Regional,South,Web Portal,9,4161.2,60,31,9,0.093,0,,0
INV-205719,C1468,Independent,Northeast,EDI,2,2605.7,30,11,10,0.0,0,,0
INV-205720,C1463,National Account,South,EDI,5,7283.07,45,90,29,0.259,0,,0
INV-205721,C1688,Regional,Midwest,Sales Rep,10,7102.63,30,133,12,0.035,0,,0
INV-205722,C1511,Regional,South,Phone,5,5669.11,30,40,10,0.0,0,,0
INV-205723,C1306,National Account,Midwest,Sales Rep,6,20130.09,60,20,29,0.013,0,,0
INV-205724,C1795,Independent,Midwest,Web Portal,1,3383.13,30,3,8,0.182,0,,0
INV-205725,C1650,Regional,South,EDI,8,5155.54,45,76,9,0.0,0,,0
INV-205726,C1253,Regional,Midwest,Sales Rep,2,681.14,30,48,14,0.276,0,,0
INV-205727,C1022,Independent,Midwest,EDI,8,1445.49,30,6,7,0.094,0,,0
INV-205728,C1537,Independent,Midwest,EDI,7,1276.08,30,11,13,0.383,0,,0
INV-205729,C1497,National Account,South,EDI,11,11304.64,30,137,24,0.0,0,,0
INV-205730,C1632,Regional,Midwest,EDI,9,14027.6,30,48,9,0.49,0,48.0,1
INV-205731,C1257,Regional,South,Phone,2,3548.85,45,35,8,0.123,0,,0
INV-205732,C1427,National Account,West,EDI,11,9608.45,30,71,23,0.0,0,,0
INV-205733,C1628,Independent,South,EDI,9,374.23,30,35,10,0.682,0,,0
INV-205734,C1566,National Account,Midwest,EDI,6,13794.53,60,58,27,0.06,0,,0
INV-205735,C1121,National Account,Midwest,Sales Rep,3,18054.45,45,46,29,0.168,0,,0
INV-205736,C1098,Regional,South,Sales Rep,10,2942.76,45,24,6,0.126,0,,0
INV-205737,C1710,National Account,Northeast,Web Portal,10,4033.92,45,54,25,0.265,0,,0
INV-205738,C1101,National Account,West,Web Portal,10,14305.52,60,152,30,0.0,0,,0
INV-205739,C1397,National Account,West,EDI,12,20358.47,45,54,23,0.0,0,,0
INV-205740,C1052,Independent,South,EDI,12,2122.91,30,15,11,0.244,0,,0
INV-205741,C1749,Independent,South,Phone,6,5150.65,30,28,6,0.0,0,,0
INV-205742,C1121,National Account,Midwest,Sales Rep,3,2256.61,30,46,25,0.084,0,,0
INV-205743,C1340,Independent,South,EDI,11,4877.45,30,29,10,0.039,0,,0
INV-205744,C1587,National Account,Midwest,Web Portal,2,5683.69,30,24,24,0.089,0,,0
INV-205745,C1350,Independent,South,Sales Rep,2,3118.22,30,32,13,0.137,0,,0
INV-205746,C1134,National Account,Midwest,Web Portal,6,13575.91,60,43,22,0.18,0,,0
INV-205747,C1790,National Account,South,Web Portal,8,25842.85,60,87,20,0.035,0,,0
INV-205748,C1661,National Account,Midwest,EDI,7,10700.33,60,170,19,0.033,0,,0
INV-205749,C1572,Regional,Midwest,Phone,8,1431.91,45,15,13,0.151,0,,0
INV-205750,C1024,Regional,South,Web Portal,1,2515.31,45,141,8,0.115,0,,0
INV-205751,C1342,Regional,Northeast,Web Portal,4,41990.42,45,37,8,0.27,0,,0
INV-205752,C1469,National Account,Midwest,Web Portal,12,18028.12,60,100,24,0.0,0,,0
INV-205753,C1259,National Account,Northeast,Sales Rep,10,1267.22,60,71,29,0.085,0,,0
INV-205754,C1760,Regional,South,EDI,12,1279.33,30,55,8,0.115,0,,0
INV-205755,C1785,Regional,Midwest,Web Portal,2,4004.05,30,32,7,0.143,0,,0
INV-205756,C1266,Regional,West,EDI,4,1058.22,30,22,14,0.11,0,,0
INV-205757,C1202,National Account,Midwest,Sales Rep,9,21243.67,45,98,16,0.0,0,76.0,0
INV-205758,C1380,Independent,Midwest,Sales Rep,7,434.44,45,31,9,0.321,0,,0
INV-205759,C1624,Regional,West,EDI,1,3250.46,45,25,16,0.058,0,,0
INV-205760,C1803,National Account,Northeast,Sales Rep,7,8073.39,30,32,19,0.0,0,,0
INV-205761,C1346,Regional,Midwest,Web Portal,10,327.21,30,52,11,0.0,0,,0
INV-205762,C1807,National Account,South,Web Portal,9,18769.11,60,170,18,0.109,0,,0
INV-205763,C1136,Independent,Midwest,Web Portal,7,2839.19,30,2,10,0.101,0,,0
INV-205764,C1411,National Account,South,EDI,6,12833.99,60,70,30,0.0,0,,0
INV-205765,C1066,Regional,South,Phone,10,5226.98,30,38,6,0.016,0,,0
INV-205766,C1584,Regional,South,Sales Rep,2,4184.48,30,27,10,0.039,0,,0
INV-205767,C1428,National Account,Midwest,Sales Rep,2,15854.03,60,19,17,0.088,0,,0
INV-205768,C1564,National Account,South,Sales Rep,11,23416.2,60,113,28,0.139,0,,0
INV-205769,C1295,Independent,Midwest,Web Portal,11,2867.01,30,31,13,0.108,0,,0
INV-205770,C1535,National Account,Midwest,Web Portal,3,14636.31,60,55,29,0.192,0,,0
INV-205771,C1069,National Account,South,Sales Rep,10,12068.58,60,16,18,0.181,0,109.0,1
INV-205772,C1674,Regional,Midwest,Sales Rep,4,4238.53,45,4,10,0.043,0,,0
INV-205773,C1352,National Account,South,EDI,8,25285.06,60,35,23,0.48,0,,0
INV-205774,C1751,National Account,Northeast,Web Portal,9,5407.2,60,60,27,0.026,0,,0
INV-205775,C1721,Regional,South,Sales Rep,8,2477.64,45,39,14,0.0,0,,0
INV-205776,C1328,National Account,Midwest,EDI,10,11778.93,60,81,21,0.0,0,,0
INV-205777,C1827,National Account,West,Sales Rep,1,60583.79,45,73,21,0.0,0,,1
INV-205778,C1655,Regional,South,Sales Rep,3,13564.19,30,22,9,0.183,0,,0
INV-205779,C1681,Regional,Northeast,Phone,5,4224.93,45,43,11,0.076,1,,0
INV-205780,C1051,Regional,South,Phone,10,2901.21,45,2,12,0.169,0,,0
INV-205781,C1313,Independent,Northeast,Sales Rep,1,605.79,30,17,15,0.052,0,,0
INV-205782,C1544,Independent,Midwest,Phone,3,857.53,45,7,9,0.069,0,,0
INV-205783,C1427,National Account,West,Phone,11,4539.68,45,71,26,0.0,0,,0
INV-205784,C1099,Independent,Northeast,EDI,8,4546.47,30,22,9,0.168,0,,0
INV-205785,C1371,Regional,Northeast,Sales Rep,10,4731.87,30,19,15,0.076,0,,0
INV-205786,C1238,National Account,South,EDI,9,5632.26,60,201,26,0.002,0,,0
INV-205787,C1634,Regional,Northeast,Sales Rep,12,1433.32,60,93,10,0.084,0,,0
INV-205788,C1798,Regional,Midwest,Phone,12,1502.97,45,90,9,0.166,0,,0
INV-205789,C1564,National Account,South,EDI,8,1949.67,30,113,19,0.166,0,,0
INV-205790,C1675,National Account,Northeast,Sales Rep,7,3079.35,30,120,16,0.173,0,,0
INV-205791,C1328,National Account,Northeast,Web Portal,6,20013.87,60,81,20,0.069,0,,0
INV-205792,C1794,National Account,Midwest,Web Portal,6,16266.17,60,50,30,0.089,0,,0
INV-205793,C1841,Independent,South,Phone,7,6319.09,30,5,15,0.279,0,,0
INV-205794,C1238,National Account,West,EDI,6,5484.39,60,201,26,0.012,0,,0
INV-205795,C1334,National Account,South,Phone,11,18249.56,30,103,23,0.168,0,,0
INV-205796,C1290,Regional,Midwest,Sales Rep,5,5638.34,30,69,11,0.125,0,,0
INV-205797,C1231,National Account,South,EDI,6,11853.39,60,35,27,0.061,0,,0
INV-205798,C1694,National Account,South,Phone,11,3330.73,30,85,19,0.119,0,,0
INV-205799,C1045,National Account,Northeast,Phone,8,11406.8,60,120,24,0.0,0,,0
INV-205800,C1240,Regional,Northeast,Web Portal,10,3184.07,60,64,4,0.141,0,88.0,1
INV-205801,C1347,Regional,South,EDI,2,10618.93,30,85,10,0.034,0,,0
INV-205802,C1335,Independent,Midwest,EDI,7,5587.86,30,13,9,0.012,0,,0
INV-205803,C1378,Independent,West,Sales Rep,9,262.34,30,79,6,0.253,0,,0
INV-205804,C1366,Independent,West,Web Portal,9,3393.75,30,27,11,0.183,0,,0
INV-205805,C1098,Regional,South,EDI,6,5460.89,45,24,6,0.047,0,,0
INV-205806,C1806,Independent,Midwest,Sales Rep,4,564.05,60,14,8,0.108,1,,0
INV-205807,C1101,National Account,Midwest,Sales Rep,3,11029.27,45,152,23,0.203,0,,0
INV-205808,C1149,Regional,South,Web Portal,9,994.03,45,20,9,0.017,0,,0
INV-205809,C1101,National Account,West,EDI,6,19125.87,60,152,17,0.009,0,,0
INV-205810,C1753,Independent,West,Sales Rep,10,1065.93,30,34,11,0.038,0,,0
INV-205811,C1629,Regional,South,Web Portal,6,5338.62,45,15,13,0.028,0,,0
INV-205812,C1550,Regional,West,Web Portal,7,30713.45,30,55,14,0.418,0,,0
INV-205813,C1117,Regional,Northeast,Phone,9,2134.78,30,19,10,0.048,0,,0
INV-205814,C1019,National Account,South,Web Portal,3,3575.54,60,43,21,0.06,0,,0
INV-205815,C1255,National Account,Midwest,EDI,4,8812.29,30,86,21,0.0,0,,0
INV-205816,C1729,Regional,Midwest,Sales Rep,8,5281.55,30,9,7,0.095,1,,0
INV-205817,C1574,Independent,Northeast,Web Portal,12,1596.16,30,76,10,0.166,0,,0
INV-205818,C1719,Independent,Northeast,Sales Rep,5,707.47,30,33,11,0.052,0,,0
INV-205819,C1260,National Account,Northeast,Sales Rep,8,22466.95,45,11,30,0.066,0,,0
INV-205820,C1519,Independent,South,Web Portal,6,1141.82,30,11,13,0.123,0,,0
INV-205821,C1666,Regional,Midwest,EDI,8,1511.02,45,103,7,0.16,0,,0
INV-205822,C1678,Independent,South,Web Portal,9,6156.63,45,31,6,0.389,0,,0
INV-205823,C1310,National Account,Northeast,EDI,6,12471.27,30,161,25,0.027,0,,0
INV-205824,C1231,National Account,West,Sales Rep,2,4508.37,45,35,20,0.019,0,,0
INV-205825,C1352,National Account,Midwest,Web Portal,12,11020.25,30,35,19,0.197,0,59.0,1
INV-205826,C1107,Independent,South,EDI,1,216.6,30,18,10,0.292,0,,0
INV-205827,C1288,Regional,South,EDI,1,1469.38,60,39,10,0.29,0,,0
INV-205828,C1370,Regional,South,Web Portal,5,4531.58,30,68,6,0.327,0,50.0,1
INV-205829,C1097,National Account,Midwest,Sales Rep,4,13407.1,45,32,20,0.0,0,,0
INV-205830,C1728,National Account,South,Web Portal,8,2204.94,60,121,25,0.049,0,,0
INV-205831,C1512,Regional,West,Web Portal,6,3522.29,45,47,8,0.033,0,,0
INV-205832,C1111,National Account,West,Sales Rep,4,1890.24,60,93,24,0.108,1,,0
INV-205833,C1225,Independent,Midwest,Phone,2,10016.76,30,5,13,0.193,0,,0
INV-205834,C1797,Regional,Northeast,Sales Rep,8,1726.36,45,60,11,0.201,0,,0
INV-205835,C1530,Independent,Midwest,Phone,10,2392.63,30,10,11,0.145,0,,0
INV-205836,C1346,Regional,West,Sales Rep,8,2494.42,30,52,17,0.433,0,73.0,0
INV-205837,C1237,National Account,Northeast,Phone,7,6259.43,45,55,18,0.208,0,,0
INV-205838,C1477,National Account,West,Web Portal,10,6206.8,60,173,14,0.067,0,93.0,1
INV-205839,C1002,Regional,Northeast,Sales Rep,10,5649.19,45,56,12,0.326,0,,0
INV-205840,C1007,Regional,Midwest,Web Portal,7,7662.02,45,72,16,0.11,0,,0
INV-205841,C1150,National Account,Midwest,Sales Rep,7,17093.08,60,35,27,0.047,0,,0
INV-205842,C1127,Regional,South,Web Portal,12,3319.05,60,19,8,0.0,0,,0
INV-205843,C1838,Regional,South,Web Portal,7,4711.82,30,14,6,0.243,0,,0
INV-205844,C1534,Regional,Midwest,Phone,10,1863.66,30,38,12,0.215,0,,0
INV-205845,C1097,National Account,South,EDI,6,70617.56,45,32,27,0.0,0,,0
INV-205846,C1062,Regional,Midwest,Sales Rep,7,6154.65,30,43,8,0.026,0,,0
INV-205847,C1737,Regional,South,Sales Rep,9,1676.46,30,28,9,0.154,0,,0
INV-205848,C1620,Regional,Midwest,Web Portal,10,9627.74,60,30,17,0.082,0,107.0,1
INV-205849,C1111,National Account,West,Sales Rep,9,2805.33,45,93,23,0.0,0,,0
INV-205850,C1846,Independent,Midwest,EDI,1,2657.02,30,23,10,0.0,0,,0
INV-205851,C1386,National Account,South,Phone,4,38013.4,45,111,28,0.017,0,,0
INV-205852,C1660,Independent,West,Sales Rep,4,947.89,30,11,18,0.189,0,,0
INV-205853,C1546,Regional,West,Web Portal,8,3210.7,30,72,14,0.149,0,,0
INV-205854,C1757,Independent,South,Sales Rep,1,495.06,45,14,15,0.101,0,,0
INV-205855,C1368,Independent,South,Phone,6,1017.77,30,27,14,0.299,0,,0
INV-205856,C1186,National Account,Midwest,Sales Rep,6,8635.6,30,69,28,0.074,0,,0
INV-205857,C1730,Regional,Midwest,Web Portal,4,789.47,60,26,7,0.044,0,,0
INV-205858,C1194,Regional,South,Sales Rep,2,5040.3,30,51,16,0.228,0,,0
INV-205859,C1777,Regional,South,Phone,12,1956.63,45,49,7,0.335,0,,0
INV-205860,C1616,Independent,West,Phone,11,2982.99,30,16,8,0.153,0,,0
INV-205861,C1339,Independent,West,EDI,1,1596.88,30,5,7,0.152,0,,0
INV-205862,C1699,National Account,Midwest,Web Portal,1,8211.28,60,49,19,0.233,0,,0
INV-205863,C1135,Regional,Midwest,Web Portal,1,3935.8,60,86,11,0.339,0,,0
INV-205864,C1047,Independent,South,Sales Rep,2,1553.35,60,2,10,0.143,0,,0
INV-205865,C1411,National Account,Midwest,Sales Rep,2,37465.11,60,70,13,0.0,0,,0
INV-205866,C1832,Independent,South,Sales Rep,6,4012.84,30,14,14,0.212,0,,0
INV-205867,C1099,Independent,Northeast,Web Portal,9,5036.18,45,22,10,0.0,0,,0
INV-205868,C1026,National Account,West,Phone,12,9615.25,45,48,31,0.225,0,,0
INV-205869,C1835,Regional,South,Web Portal,11,6337.18,45,74,9,0.11,0,,0
INV-205870,C1135,Regional,South,Sales Rep,9,7090.01,45,86,6,0.162,0,,0
INV-205871,C1730,Regional,South,Sales Rep,8,2601.44,45,26,9,0.152,0,,0
INV-205872,C1238,National Account,Northeast,Sales Rep,12,10408.22,30,201,27,0.0,0,,0
INV-205873,C1448,Independent,Midwest,Sales Rep,2,788.99,30,4,8,0.019,0,,0
INV-205874,C1408,Regional,Northeast,EDI,11,3529.01,60,34,11,0.0,0,,0
INV-205875,C1199,Independent,Midwest,Sales Rep,5,4123.24,30,9,5,0.102,0,,0
INV-205876,C1790,National Account,Midwest,Phone,6,6339.62,45,87,23,0.0,0,,0
INV-205877,C1557,Regional,Midwest,Phone,1,13170.89,60,14,14,0.043,0,,0
INV-205878,C1553,Independent,Midwest,EDI,4,2541.78,45,84,10,0.143,0,,0
INV-205879,C1751,National Account,South,Phone,10,6250.74,30,60,21,0.007,0,,0
INV-205880,C1451,Regional,West,Web Portal,1,2714.56,30,128,9,0.117,0,,0
INV-205881,C1231,National Account,Northeast,Phone,6,4387.35,45,35,21,0.045,0,,0
INV-205882,C1624,Regional,West,Phone,4,3874.69,45,25,10,0.354,0,,0
INV-205883,C1322,Independent,Northeast,EDI,3,1806.52,30,39,9,0.214,0,,0
INV-205884,C1295,Independent,South,Web Portal,8,3716.48,30,31,10,0.012,0,,0
INV-205885,C1121,National Account,West,Sales Rep,8,4781.85,30,46,24,0.022,0,,0
INV-205886,C1032,Regional,Midwest,Sales Rep,11,2433.27,45,41,13,0.373,0,,0
INV-205887,C1469,National Account,West,EDI,8,17606.93,60,100,16,0.0,0,,0
INV-205888,C1692,National Account,South,Sales Rep,10,3793.07,45,42,19,0.151,0,,0
INV-205889,C1483,Independent,South,EDI,2,1306.72,30,16,10,0.154,1,,0
INV-205890,C1146,National Account,Northeast,EDI,12,37110.45,45,38,34,0.23,0,,0
INV-205891,C1199,Independent,Midwest,Web Portal,10,7671.76,30,9,8,0.145,0,,0
INV-205892,C1467,Regional,Midwest,Sales Rep,9,1265.14,45,18,10,0.05,0,,0
INV-205893,C1074,Regional,Northeast,Phone,3,1472.25,45,26,10,0.27,0,,0
INV-205894,C1652,Regional,Northeast,Web Portal,12,10733.45,45,80,7,0.13,0,,0
INV-205895,C1128,Regional,Midwest,Sales Rep,11,1372.19,45,30,8,0.129,0,,0
INV-205896,C1469,National Account,South,Web Portal,10,7012.97,60,100,23,0.0,0,,0
INV-205897,C1477,National Account,South,Sales Rep,12,77024.99,60,173,27,0.136,0,90.0,1
INV-205898,C1522,National Account,South,Sales Rep,3,4938.31,60,5,24,0.216,0,87.0,1
INV-205899,C1689,National Account,Northeast,Sales Rep,7,3656.86,60,41,30,0.186,0,,0
INV-205900,C1762,National Account,South,Web Portal,5,13976.87,45,36,22,0.343,0,85.0,1
INV-205901,C1776,Regional,Midwest,Phone,7,1591.38,45,13,10,0.16,1,,0
INV-205902,C1052,Independent,West,EDI,3,3636.83,30,15,7,0.145,0,,0
INV-205903,C1296,Independent,West,EDI,1,2320.29,45,32,10,0.036,0,,0
INV-205904,C1386,National Account,Midwest,EDI,4,2304.65,60,111,25,0.077,0,,0
INV-205905,C1152,Independent,West,Sales Rep,11,5096.75,30,9,9,0.277,0,,0
INV-205906,C1796,Independent,Northeast,Phone,7,2500.44,30,24,10,0.105,0,,0
INV-205907,C1443,Regional,Northeast,Web Portal,5,1404.59,45,54,10,0.184,0,,0
INV-205908,C1692,National Account,South,Phone,7,2249.19,60,42,25,0.069,0,,0
INV-205909,C1358,Independent,Northeast,Sales Rep,6,1422.03,30,10,5,0.086,0,,0
INV-205910,C1799,Regional,South,EDI,1,5006.76,30,38,6,0.095,0,,0
INV-205911,C1741,National Account,Northeast,Phone,8,12488.78,45,93,23,0.0,0,,0
INV-205912,C1798,Regional,Midwest,Sales Rep,2,5371.27,60,90,10,0.153,0,,0
INV-205913,C1587,National Account,West,EDI,2,19635.98,60,24,28,0.075,0,,0
INV-205914,C1313,Independent,South,Web Portal,6,1885.76,30,17,10,0.315,0,,0
INV-205915,C1280,Independent,Midwest,EDI,3,457.06,30,10,8,0.153,1,70.0,1
INV-205916,C1371,Regional,Midwest,Web Portal,9,899.35,60,19,13,0.017,0,,0
INV-205917,C1231,National Account,West,Phone,8,2902.06,60,35,26,0.006,0,,0
INV-205918,C1804,Independent,South,Web Portal,8,2485.37,30,31,13,0.0,0,,0
INV-205919,C1380,Independent,Midwest,EDI,7,656.67,30,31,12,0.134,0,,0
INV-205920,C1193,Regional,Midwest,Sales Rep,8,1344.56,45,26,8,0.314,0,,0
INV-205921,C1702,Independent,Northeast,Sales Rep,8,1916.0,45,5,13,0.087,0,,0
INV-205922,C1072,Regional,Northeast,Phone,5,5704.8,45,23,9,0.091,0,,0
INV-205923,C1351,Independent,South,Sales Rep,10,2399.78,30,23,11,0.296,0,68.0,1
INV-205924,C1643,Independent,West,Web Portal,11,3770.08,30,26,12,0.22,0,,0
INV-205925,C1594,National Account,Midwest,Web Portal,1,3362.87,45,75,17,0.0,0,,0
INV-205926,C1398,National Account,Midwest,Phone,2,4944.58,45,161,13,0.0,0,,0
INV-205927,C1181,Regional,West,Sales Rep,6,11451.16,60,58,10,0.186,0,,0
INV-205928,C1446,National Account,South,Sales Rep,2,20545.55,60,78,15,0.079,0,,0
INV-205929,C1603,National Account,South,Phone,4,5497.16,45,122,27,0.343,0,,0
INV-205930,C1148,Regional,South,Sales Rep,12,2764.86,30,18,7,0.184,0,,0
INV-205931,C1505,National Account,Midwest,Web Portal,2,15068.32,30,68,20,0.0,0,,0
INV-205932,C1365,Independent,South,EDI,3,651.94,30,78,7,0.175,0,,0
INV-205933,C1398,National Account,South,Phone,5,8000.6,60,161,28,0.074,0,,0
INV-205934,C1651,Regional,Midwest,Phone,12,1599.1,30,33,5,0.077,0,,0
INV-205935,C1142,Independent,West,EDI,8,477.12,30,12,6,0.168,0,,0
INV-205936,C1329,Independent,Midwest,EDI,1,1512.57,60,8,9,0.033,0,,0
INV-205937,C1311,Independent,Midwest,Sales Rep,5,1150.73,30,11,7,0.101,0,,0
INV-205938,C1316,Regional,West,EDI,3,4188.94,30,44,8,0.137,0,,0
INV-205939,C1805,Regional,Northeast,Phone,4,28956.69,45,158,12,0.123,0,,0
INV-205940,C1419,National Account,Midwest,Sales Rep,10,15703.81,60,31,32,0.091,0,,0
INV-205941,C1665,Independent,South,EDI,7,1169.8,30,27,11,0.042,0,,0
INV-205942,C1215,Regional,Northeast,Web Portal,4,2824.84,45,33,9,0.0,0,,0
INV-205943,C1826,Regional,Midwest,EDI,7,3143.19,30,13,7,0.096,0,,0
INV-205944,C1070,Independent,South,Sales Rep,6,389.63,30,13,9,0.281,0,,0
INV-205945,C1621,Independent,West,EDI,8,1673.32,45,9,8,0.119,0,,0
INV-205946,C1452,Regional,South,Web Portal,3,8399.91,60,103,18,0.179,0,,0
INV-205947,C1266,Regional,Northeast,Phone,12,9412.14,30,22,11,0.227,0,,0
INV-205948,C1043,Regional,Midwest,Phone,2,4552.07,60,85,9,0.093,0,102.0,1
INV-205949,C1731,Independent,Midwest,Web Portal,9,1501.77,30,10,9,0.039,0,,0
INV-205950,C1018,Regional,West,Web Portal,1,4271.49,30,69,10,0.176,0,,0
INV-205951,C1097,National Account,South,Sales Rep,3,7607.36,30,32,15,0.015,0,,0
INV-205952,C1120,National Account,Northeast,Phone,3,7965.69,30,62,23,0.138,0,,0
INV-205953,C1187,Independent,Northeast,EDI,7,4597.04,30,24,14,0.177,0,,0
INV-205954,C1551,Regional,Northeast,EDI,8,12832.45,30,97,9,0.159,0,,0
INV-205955,C1063,Independent,South,Phone,2,799.82,30,28,11,0.079,0,,0
INV-205956,C1784,Independent,Northeast,EDI,2,1385.28,30,2,10,0.137,0,,0
INV-205957,C1347,Regional,South,Sales Rep,2,8367.04,45,85,11,0.077,0,,0
INV-205958,C1620,Regional,South,EDI,7,1741.55,45,30,10,0.026,0,,0
INV-205959,C1708,Regional,South,Sales Rep,12,1815.7,45,59,6,0.167,1,,0
INV-205960,C1791,Regional,Midwest,Web Portal,1,895.62,45,143,8,0.0,0,,0
INV-205961,C1310,National Account,Northeast,Sales Rep,8,6778.7,60,161,15,0.0,0,,0
INV-205962,C1710,National Account,Midwest,Sales Rep,12,15266.64,45,54,15,0.042,0,,0
INV-205963,C1573,National Account,Midwest,Phone,7,4247.08,30,63,29,0.047,1,,0
INV-205964,C1228,National Account,Midwest,Web Portal,6,13248.49,60,12,28,0.056,0,,0
INV-205965,C1397,National Account,South,Sales Rep,7,1403.89,45,54,28,0.29,0,,0
INV-205966,C1427,National Account,Midwest,Sales Rep,3,13334.44,30,71,20,0.027,0,,0
INV-205967,C1463,National Account,Midwest,Sales Rep,8,1357.24,45,90,16,0.036,0,,0
INV-205968,C1004,National Account,Northeast,Web Portal,8,2005.11,45,140,32,0.008,0,,0
INV-205969,C1124,Independent,West,Sales Rep,9,1473.73,45,11,10,0.299,0,,0
INV-205970,C1292,Regional,South,Phone,10,6355.18,45,29,7,0.013,0,,0
INV-205971,C1826,Regional,Northeast,Sales Rep,6,7594.58,45,13,11,0.022,0,,0
INV-205972,C1042,Regional,Midwest,Sales Rep,12,4404.23,45,21,8,0.076,0,,0
INV-205973,C1484,Independent,West,Web Portal,4,1220.59,45,44,17,0.208,1,70.0,1
INV-205974,C1080,Independent,Midwest,Web Portal,5,3554.24,60,32,13,0.11,0,,0
INV-205975,C1573,National Account,Midwest,Sales Rep,9,2651.4,60,63,23,0.0,0,,0
INV-205976,C1469,National Account,West,Web Portal,5,29449.01,45,100,29,0.0,0,,0
INV-205977,C1179,Regional,South,Sales Rep,8,1374.92,60,25,14,0.072,0,,0
INV-205978,C1712,National Account,Northeast,Sales Rep,10,6015.07,60,66,20,0.0,0,,0
INV-205979,C1704,Independent,South,Phone,8,4112.95,45,11,8,0.164,0,,0
INV-205980,C1655,Regional,Northeast,Phone,1,6754.66,60,22,10,0.206,0,,0
INV-205981,C1489,National Account,West,Sales Rep,6,3101.39,60,13,23,0.092,0,,0
INV-205982,C1446,National Account,Midwest,EDI,12,39986.9,60,78,26,0.21,0,100.0,1
INV-205983,C1533,Independent,South,Phone,2,4686.69,30,9,4,0.167,0,,0
INV-205984,C1120,National Account,Northeast,Web Portal,5,45510.24,60,62,19,0.1,0,,0
INV-205985,C1451,Regional,Midwest,Phone,6,1707.97,45,128,12,0.12,0,,0
INV-205986,C1459,Regional,South,Sales Rep,2,10577.03,30,24,11,0.225,0,,0
INV-205987,C1380,Independent,Midwest,Phone,10,763.1,45,31,11,0.026,0,,0
INV-205988,C1391,Independent,West,Phone,7,972.35,45,25,13,0.156,0,70.0,0
INV-205989,C1280,Independent,West,EDI,8,2220.89,30,10,11,0.236,0,,0
INV-205990,C1186,National Account,West,Phone,7,15064.1,30,69,17,0.14,0,,0
INV-205991,C1551,Regional,Midwest,Phone,4,12820.88,60,97,15,0.056,0,,0
INV-205992,C1565,National Account,Northeast,Sales Rep,12,2491.71,30,28,16,0.0,0,,0
INV-205993,C1091,National Account,West,Sales Rep,2,6416.39,60,111,24,0.0,0,,0
INV-205994,C1501,Independent,South,EDI,2,1162.16,60,31,15,0.154,0,,0
INV-205995,C1397,National Account,Midwest,Phone,9,3543.09,60,54,23,0.11,0,,0
INV-205996,C1056,Independent,South,Phone,12,5120.19,30,16,8,0.156,0,,0
INV-205997,C1603,National Account,West,Phone,3,22694.5,60,122,20,0.024,0,,0
INV-205998,C1590,Independent,South,Sales Rep,11,367.74,60,19,8,0.0,0,,0
INV-205999,C1550,Regional,South,Web Portal,1,9374.34,60,55,10,0.349,1,98.0,1
INV-206000,C1535,National Account,South,Phone,10,3702.95,45,55,20,0.201,0,,0
INV-206001,C1622,Regional,Midwest,Web Portal,8,1450.41,30,43,12,0.036,0,,0
INV-206002,C1161,Regional,Northeast,Web Portal,4,12259.13,30,108,9,0.26,0,,0
INV-206003,C1656,Regional,Northeast,Phone,12,4773.54,45,84,14,0.0,0,,0
INV-206004,C1526,National Account,Northeast,Sales Rep,5,23968.7,60,14,20,0.14,0,,0
INV-206005,C1762,National Account,West,Phone,2,29575.82,60,36,11,0.037,0,80.0,1
INV-206006,C1179,Regional,Midwest,EDI,12,16417.83,45,25,7,0.1,0,,0
INV-206007,C1462,Independent,West,Sales Rep,1,1209.35,45,7,15,0.189,0,,0
INV-206008,C1675,National Account,Midwest,Phone,5,2765.69,60,120,26,0.0,0,,0
INV-206009,C1516,Independent,Northeast,EDI,9,3617.69,30,14,8,0.072,0,,0
INV-206010,C1536,National Account,South,Sales Rep,4,17661.73,30,177,22,0.122,0,,0
INV-206011,C1311,Independent,South,Sales Rep,10,376.15,30,11,3,0.256,0,,0
INV-206012,C1008,Independent,Midwest,Sales Rep,7,4325.02,45,21,8,0.128,0,,0
INV-206013,C1201,Independent,Midwest,Sales Rep,3,508.0,45,51,8,0.284,0,,0
INV-206014,C1346,Regional,Midwest,Web Portal,11,2326.06,30,52,17,0.06,0,,0
INV-206015,C1005,National Account,West,Sales Rep,7,3709.69,60,34,19,0.0,0,,0
INV-206016,C1213,Regional,Midwest,Sales Rep,9,1171.33,30,79,10,0.022,0,,0
INV-206017,C1789,Independent,West,Sales Rep,1,218.8,30,27,8,0.0,1,,0
INV-206018,C1434,Regional,Midwest,Phone,11,4892.73,45,114,12,0.302,0,87.0,1
INV-206019,C1629,Regional,West,Phone,1,14669.98,30,15,10,0.0,0,,0
INV-206020,C1559,National Account,Midwest,EDI,6,2811.68,60,11,23,0.142,0,,0
INV-206021,C1037,Regional,South,Web Portal,8,5215.25,45,75,14,0.104,0,,0
INV-206022,C1572,Regional,Midwest,Web Portal,10,9564.56,45,15,7,0.185,0,,0
INV-206023,C1145,National Account,South,Sales Rep,3,10503.65,45,5,20,0.0,0,,0
INV-206024,C1663,Independent,Midwest,Sales Rep,5,2975.35,45,16,6,0.183,0,,0
INV-206025,C1131,Regional,West,Web Portal,4,1288.26,30,56,9,0.092,0,,0
INV-206026,C1157,National Account,Midwest,Web Portal,3,5637.62,45,138,14,0.223,0,,0
INV-206027,C1683,Independent,Midwest,Sales Rep,4,693.97,30,31,13,0.304,0,,0
INV-206028,C1189,National Account,West,Web Portal,5,16576.26,60,90,14,0.246,0,,0
INV-206029,C1037,Regional,Midwest,Sales Rep,3,1976.24,45,75,11,0.042,0,,0
INV-206030,C1541,Independent,Midwest,Web Portal,7,9171.34,30,23,6,0.357,0,66.0,1
INV-206031,C1846,Independent,Midwest,Sales Rep,9,10942.23,45,23,7,0.247,0,,0
INV-206032,C1473,Independent,Northeast,Sales Rep,8,1296.0,30,17,14,0.245,0,,0
INV-206033,C1489,National Account,South,EDI,2,7525.61,30,13,23,0.028,0,,0
INV-206034,C1799,Regional,South,EDI,5,2547.93,60,38,8,0.279,0,,0
INV-206035,C1294,Independent,Midwest,Web Portal,3,3012.56,45,40,9,0.339,0,,0
INV-206036,C1306,National Account,Northeast,Phone,7,7156.96,60,20,26,0.0,0,,0
INV-206037,C1492,National Account,Midwest,Phone,11,18729.67,60,102,25,0.015,1,,0
INV-206038,C1078,Regional,West,Web Portal,11,4845.91,30,20,4,0.017,0,,0
INV-206039,C1823,National Account,Midwest,EDI,7,4122.23,60,138,18,0.267,0,,0
INV-206040,C1208,Independent,Northeast,Phone,5,673.31,30,6,9,0.138,0,69.0,1
INV-206041,C1120,National Account,Midwest,Phone,2,16345.78,30,62,31,0.176,0,,0
INV-206042,C1666,Regional,South,Web Portal,7,4059.75,30,103,12,0.114,0,48.0,1
INV-206043,C1327,Regional,West,Web Portal,4,3778.09,60,79,10,0.112,0,,0
INV-206044,C1763,Regional,South,Sales Rep,9,9286.07,45,53,11,0.102,1,,0
INV-206045,C1545,National Account,South,EDI,6,13597.83,45,183,18,0.068,0,,0
INV-206046,C1561,Regional,South,Phone,12,1938.68,45,148,6,0.138,0,,0
INV-206047,C1639,Regional,Midwest,Phone,7,9352.65,30,12,6,0.012,0,,0
INV-206048,C1091,National Account,Midwest,Sales Rep,5,5462.66,60,111,32,0.266,0,,0
INV-206049,C1393,Regional,Northeast,Phone,7,3351.33,45,29,8,0.093,0,,0
INV-206050,C1511,Regional,South,Sales Rep,10,858.58,45,40,6,0.011,0,,0
INV-206051,C1442,National Account,Northeast,Web Portal,1,9199.5,60,45,23,0.175,0,,0
INV-206052,C1770,Regional,Midwest,Sales Rep,2,2552.04,45,13,9,0.12,0,,0
INV-206053,C1583,National Account,South,Web Portal,3,5021.91,30,103,25,0.015,0,,0
INV-206054,C1103,National Account,Northeast,Web Portal,2,15574.55,30,80,26,0.165,0,,0
INV-206055,C1039,Independent,Midwest,EDI,6,1341.01,30,20,12,0.073,0,,0
INV-206056,C1479,Regional,Midwest,Web Portal,3,4284.5,60,72,10,0.084,1,,0
INV-206057,C1215,Regional,West,Sales Rep,3,10235.15,45,33,8,0.0,0,,0
INV-206058,C1368,Independent,Midwest,Phone,7,8366.82,45,27,5,0.189,0,,0
INV-206059,C1481,Regional,South,Web Portal,9,623.71,30,11,13,0.336,0,,0
INV-206060,C1069,National Account,South,Phone,5,8825.13,45,16,28,0.015,0,,0
INV-206061,C1820,Regional,West,EDI,7,1513.72,30,58,7,0.152,0,,0
INV-206062,C1471,National Account,South,Sales Rep,4,7125.76,60,137,24,0.175,0,,0
INV-206063,C1507,National Account,Northeast,Sales Rep,4,5875.05,45,37,31,0.071,0,,0
INV-206064,C1026,National Account,South,Web Portal,3,12493.48,45,48,27,0.309,0,,0
INV-206065,C1122,Regional,South,Sales Rep,1,2685.92,30,18,5,0.135,0,,0
INV-206066,C1468,Independent,South,Sales Rep,12,3181.02,30,11,11,0.064,0,,0
INV-206067,C1420,Independent,Midwest,EDI,11,1183.59,45,2,8,0.228,0,90.0,1
INV-206068,C1753,Independent,Midwest,Web Portal,7,6254.2,30,34,11,0.102,0,71.0,1
INV-206069,C1087,Independent,Midwest,Sales Rep,8,2884.15,30,13,12,0.074,0,,0
INV-206070,C1606,National Account,Northeast,Phone,1,11634.91,30,195,32,0.111,0,,0
INV-206071,C1163,National Account,West,EDI,3,6835.9,60,48,25,0.0,0,,0
INV-206072,C1804,Independent,South,Sales Rep,9,6349.44,30,31,7,0.0,0,,0
INV-206073,C1460,Independent,Northeast,Phone,11,1693.86,60,19,10,0.055,0,,0
INV-206074,C1339,Independent,South,Web Portal,5,1742.25,45,5,11,0.224,0,,0
INV-206075,C1353,National Account,West,Web Portal,11,22006.25,45,24,14,0.089,0,68.0,1
INV-206076,C1038,National Account,Northeast,EDI,11,3896.6,30,81,30,0.124,0,,0
INV-206077,C1661,National Account,Northeast,Web Portal,9,20817.87,60,170,25,0.013,0,,0
INV-206078,C1787,National Account,Midwest,Web Portal,6,7849.1,45,103,27,0.0,0,,0
INV-206079,C1464,Independent,West,EDI,3,332.07,30,11,6,0.174,0,,0
INV-206080,C1437,National Account,Northeast,Web Portal,7,12658.31,60,20,20,0.36,0,99.0,1
INV-206081,C1441,Regional,South,Sales Rep,5,5143.51,30,38,4,0.136,0,,0
INV-206082,C1042,Regional,Midwest,Sales Rep,7,1919.2,45,21,10,0.0,0,,1
INV-206083,C1733,Regional,Midwest,EDI,3,17465.33,60,16,13,0.112,0,,0
INV-206084,C1024,Regional,South,EDI,3,3779.4,30,141,9,0.169,1,,0
INV-206085,C1483,Independent,Midwest,EDI,4,4065.64,45,16,17,0.054,0,,0
INV-206086,C1714,Regional,West,Sales Rep,8,11936.48,45,39,7,0.011,0,95.0,1
INV-206087,C1594,National Account,South,Web Portal,2,43626.95,45,75,21,0.191,0,,0
INV-206088,C1768,National Account,Midwest,Sales Rep,9,4999.66,60,109,26,0.117,0,,0
INV-206089,C1147,Regional,South,EDI,4,5129.95,45,30,13,0.185,1,83.0,1
INV-206090,C1304,Independent,Midwest,Sales Rep,11,7721.34,30,12,7,0.167,0,,0
INV-206091,C1544,Independent,South,Phone,9,3296.95,30,7,10,0.069,0,,0
INV-206092,C1728,National Account,South,Web Portal,11,4550.17,60,121,24,0.297,0,,0
INV-206093,C1447,Independent,Midwest,Phone,12,1755.77,30,13,9,0.127,0,,0
INV-206094,C1689,National Account,Midwest,EDI,5,10412.27,30,41,25,0.067,0,,0
INV-206095,C1259,National Account,South,Web Portal,6,73981.02,60,71,20,0.0,0,,0
INV-206096,C1449,National Account,West,Phone,5,5083.21,60,192,18,0.0,0,,0
INV-206097,C1042,Regional,South,Web Portal,10,9666.33,45,21,13,0.284,0,,0
INV-206098,C1846,Independent,Midwest,Sales Rep,4,1584.66,30,23,8,0.171,0,,0
INV-206099,C1542,Regional,Northeast,Sales Rep,12,1184.43,30,43,13,0.184,1,,0
INV-206100,C1565,National Account,South,Phone,7,5962.57,30,28,26,0.025,0,,0
INV-206101,C1539,Regional,West,Phone,9,10432.16,45,36,15,0.254,0,,0
INV-206102,C1828,Independent,South,Phone,1,1663.35,45,18,12,0.096,0,,0
INV-206103,C1477,National Account,South,Sales Rep,1,7947.65,45,173,21,0.138,0,,0
INV-206104,C1048,Regional,Northeast,Web Portal,3,2634.5,45,61,13,0.277,0,,0
INV-206105,C1015,Regional,Northeast,EDI,11,3055.19,30,20,9,0.169,0,,0
INV-206106,C1190,Independent,Midwest,EDI,3,374.28,60,17,7,0.124,0,,0
INV-206107,C1271,Independent,Midwest,Web Portal,8,2534.95,30,8,8,0.159,0,,0
INV-206108,C1593,Regional,Midwest,Web Portal,5,4574.06,30,128,11,0.065,0,,0
INV-206109,C1819,Regional,Northeast,Web Portal,5,6042.62,30,69,7,0.143,0,,0
INV-206110,C1372,Regional,Northeast,Web Portal,12,6099.6,45,60,7,0.16,0,,0
INV-206111,C1375,National Account,Midwest,Phone,2,10973.21,45,39,23,0.04,0,,0
INV-206112,C1688,Regional,South,Web Portal,5,10261.0,30,133,14,0.0,0,,0
INV-206113,C1605,Regional,Northeast,EDI,7,695.46,45,43,8,0.148,0,69.0,0
INV-206114,C1524,National Account,South,Sales Rep,5,3386.03,60,36,24,0.0,1,,0
INV-206115,C1826,Regional,West,Web Portal,12,782.34,30,13,10,0.083,0,,0
INV-206116,C1424,Independent,West,EDI,9,1178.08,45,18,13,0.029,0,,0
INV-206117,C1217,National Account,West,Sales Rep,12,28296.17,60,134,24,0.0,0,,0
INV-206118,C1301,National Account,Midwest,Web Portal,10,29333.54,60,199,18,0.0,0,,0
INV-206119,C1561,Regional,Northeast,Sales Rep,2,1116.33,45,148,15,0.0,0,,0
INV-206120,C1451,Regional,Northeast,Web Portal,11,2517.26,45,128,9,0.176,0,,0
INV-206121,C1692,National Account,Midwest,Phone,9,6234.34,45,42,15,0.137,0,,0
INV-206122,C1672,Regional,Midwest,Sales Rep,1,3363.59,60,30,8,0.0,0,,0
INV-206123,C1472,Regional,Midwest,Sales Rep,6,2582.97,45,66,12,0.012,0,,0
INV-206124,C1220,National Account,Midwest,EDI,10,8274.85,30,29,16,0.0,0,,0
INV-206125,C1726,Independent,West,EDI,11,771.61,30,21,13,0.178,0,,0
INV-206126,C1120,National Account,Northeast,Sales Rep,2,25537.58,45,62,24,0.103,0,,0
INV-206127,C1712,National Account,Northeast,Phone,9,2687.61,30,66,19,0.0,0,,0
INV-206128,C1472,Regional,South,Sales Rep,6,9190.62,30,66,11,0.057,0,,0
INV-206129,C1421,Regional,Northeast,EDI,8,5609.91,30,29,8,0.015,0,,0
INV-206130,C1394,National Account,South,Web Portal,10,10054.92,30,93,24,0.0,0,,0
INV-206131,C1040,National Account,Northeast,EDI,1,1255.99,60,82,26,0.159,0,,0
INV-206132,C1136,Independent,Northeast,Web Portal,7,2610.56,45,2,7,0.201,0,,0
INV-206133,C1375,National Account,South,Web Portal,10,4320.82,45,39,19,0.081,0,,0
INV-206134,C1157,National Account,Midwest,Web Portal,9,4743.85,60,138,21,0.111,0,,0
INV-206135,C1563,Independent,Midwest,Sales Rep,11,1125.54,30,17,9,0.0,0,,0
INV-206136,C1635,Independent,Northeast,Web Portal,3,6698.52,45,11,14,0.353,0,,0
INV-206137,C1121,National Account,West,Web Portal,5,21568.88,60,46,13,0.405,0,,0
INV-206138,C1390,Independent,Midwest,Sales Rep,1,1474.43,45,18,10,0.143,0,,0
INV-206139,C1320,Independent,South,Web Portal,11,2316.27,30,30,10,0.397,0,83.0,1
INV-206140,C1512,Regional,South,Web Portal,12,843.39,45,47,7,0.104,0,,0
INV-206141,C1106,National Account,South,EDI,5,8800.68,60,46,30,0.142,0,,0
INV-206142,C1659,National Account,South,Web Portal,5,15139.51,60,99,21,0.041,0,,0
INV-206143,C1192,Regional,Northeast,EDI,5,9646.76,30,39,13,0.012,0,,0
INV-206144,C1716,Independent,Midwest,Sales Rep,10,597.43,30,7,6,0.159,0,,0
INV-206145,C1432,Regional,Northeast,Sales Rep,4,1114.74,60,17,11,0.201,0,,0
INV-206146,C1315,Regional,Northeast,Sales Rep,2,3809.13,60,38,8,0.119,0,,0
INV-206147,C1245,Regional,Midwest,Sales Rep,1,7049.53,30,20,17,0.136,0,,0
INV-206148,C1691,Independent,Northeast,Sales Rep,12,1237.22,30,8,11,0.05,0,,0
INV-206149,C1117,Regional,South,EDI,2,4874.48,30,19,11,0.242,0,,0
INV-206150,C1751,National Account,West,Sales Rep,12,2551.82,30,60,31,0.0,0,,0
INV-206151,C1785,Regional,Midwest,Sales Rep,2,4667.66,30,32,9,0.224,0,,0
INV-206152,C1750,National Account,Midwest,Web Portal,5,9156.2,45,108,15,0.036,0,,0
INV-206153,C1756,Regional,Midwest,Sales Rep,11,11745.98,45,81,11,0.166,0,,0
INV-206154,C1186,National Account,West,Web Portal,8,6238.41,45,69,22,0.181,0,95.0,1
INV-206155,C1469,National Account,Midwest,EDI,6,10704.42,60,100,27,0.0,0,,0
INV-206156,C1425,Independent,South,Sales Rep,9,1873.29,45,20,6,0.036,0,,0
INV-206157,C1461,Independent,West,EDI,6,1834.39,45,6,10,0.304,0,,0
INV-206158,C1070,Independent,South,Web Portal,8,2534.81,30,13,10,0.493,0,,0
INV-206159,C1581,Independent,South,Sales Rep,2,2077.04,30,4,12,0.0,0,,0
INV-206160,C1312,National Account,Northeast,Sales Rep,1,8108.9,45,104,14,0.0,0,,0
INV-206161,C1128,Regional,Midwest,Sales Rep,12,4570.3,30,30,14,0.044,0,,0
INV-206162,C1364,Regional,West,EDI,12,7602.31,45,11,8,0.14,0,,0
INV-206163,C1607,Regional,Midwest,EDI,2,6550.87,30,51,10,0.441,0,,0
INV-206164,C1238,National Account,Northeast,Sales Rep,5,31145.0,30,201,29,0.029,0,,0
INV-206165,C1632,Regional,West,Web Portal,4,6454.67,30,48,14,0.155,0,,0
INV-206166,C1694,National Account,Northeast,Web Portal,8,30880.55,30,85,25,0.079,0,,0
INV-206167,C1467,Regional,Midwest,Sales Rep,10,45968.72,45,18,11,0.084,0,,0
INV-206168,C1113,Regional,Northeast,Sales Rep,12,7620.66,45,26,13,0.1,0,,0
INV-206169,C1678,Independent,Midwest,Sales Rep,3,485.15,45,31,6,0.299,0,,0
INV-206170,C1297,National Account,Midwest,EDI,4,13867.37,30,77,26,0.058,0,,0
INV-206171,C1526,National Account,West,EDI,11,20482.94,30,14,21,0.075,0,,0
INV-206172,C1181,Regional,Midwest,Sales Rep,5,2761.45,60,58,9,0.071,0,,0
INV-206173,C1836,Regional,Northeast,Web Portal,4,1546.89,60,10,8,0.042,0,87.0,1
INV-206174,C1252,National Account,West,EDI,10,8601.25,60,90,29,0.152,0,,0
INV-206175,C1136,Independent,Northeast,Web Portal,2,2762.06,30,2,14,0.113,0,,0
INV-206176,C1559,National Account,South,Sales Rep,8,2553.87,45,11,22,0.009,0,,0
INV-206177,C1261,Regional,Midwest,Sales Rep,8,5356.89,45,33,11,0.076,0,,0
INV-206178,C1685,Independent,Northeast,Sales Rep,11,2183.59,30,16,9,0.309,0,,0
INV-206179,C1113,Regional,South,Sales Rep,7,7876.41,45,26,12,0.152,0,,0
INV-206180,C1435,Regional,Midwest,Phone,12,2280.72,30,15,15,0.227,0,,0
INV-206181,C1827,National Account,Northeast,Web Portal,11,9926.4,45,73,28,0.006,0,,0
INV-206182,C1124,Independent,Midwest,Sales Rep,9,429.68,45,11,10,0.267,0,,0
INV-206183,C1247,Independent,Northeast,Phone,11,1221.44,45,11,14,0.156,0,,0
INV-206184,C1821,Regional,Northeast,Web Portal,4,3710.52,30,11,9,0.156,0,,0
INV-206185,C1374,Regional,South,Sales Rep,7,5945.3,45,17,10,0.066,0,,0
INV-206186,C1169,Regional,South,Web Portal,9,3888.11,45,15,7,0.37,0,,0
INV-206187,C1261,Regional,West,Sales Rep,5,4910.27,30,33,9,0.12,0,,0
INV-206188,C1218,National Account,South,Phone,1,3722.82,45,43,14,0.145,0,,0
INV-206189,C1301,National Account,Northeast,Sales Rep,11,12233.37,60,199,18,0.076,0,,0
INV-206190,C1392,Independent,Midwest,EDI,12,15974.25,45,14,15,0.112,0,,0
INV-206191,C1111,National Account,Midwest,EDI,12,4349.46,45,93,16,0.0,0,,0
INV-206192,C1310,National Account,Midwest,Phone,4,29412.01,45,161,20,0.252,1,80.0,1
INV-206193,C1646,Independent,West,Sales Rep,6,8868.3,30,51,4,0.067,0,,0
INV-206194,C1506,Independent,West,EDI,2,3451.51,45,4,9,0.123,0,,0
INV-206195,C1536,National Account,South,EDI,1,14636.64,60,177,19,0.044,0,,0
INV-206196,C1220,National Account,Midwest,Web Portal,6,14689.69,60,29,26,0.255,0,,0
INV-206197,C1363,Independent,West,EDI,11,894.61,30,6,12,0.243,0,62.0,1
INV-206198,C1327,Regional,West,Phone,8,4708.33,60,79,7,0.032,0,,0
INV-206199,C1107,Independent,Midwest,EDI,3,1979.56,45,18,10,0.003,0,,0
INV-206200,C1160,Regional,Northeast,Web Portal,6,2780.89,45,18,14,0.148,0,,0
INV-206201,C1803,National Account,Northeast,Sales Rep,12,3029.87,30,32,17,0.019,0,,0
INV-206202,C1030,Regional,Northeast,Phone,10,15117.79,45,15,7,0.137,0,,0
INV-206203,C1002,Regional,South,Web Portal,9,16959.22,30,56,14,0.106,0,,0
INV-206204,C1558,Independent,Midwest,EDI,4,234.89,30,43,10,0.047,0,,0
INV-206205,C1202,National Account,Midwest,Sales Rep,7,652.48,30,98,19,0.17,0,,0
INV-206206,C1485,Independent,South,Web Portal,5,571.06,30,9,12,0.064,0,,0
INV-206207,C1209,Independent,South,Phone,6,3109.21,30,5,12,0.201,0,,0
INV-206208,C1200,Independent,Northeast,Web Portal,8,3899.35,30,13,11,0.191,0,,0
INV-206209,C1354,Independent,West,Web Portal,4,242.48,30,44,9,0.04,0,,0
INV-206210,C1352,National Account,Midwest,Sales Rep,6,15027.31,30,35,28,0.23,0,,0
INV-206211,C1335,Independent,Northeast,Sales Rep,1,4139.67,30,13,16,0.169,1,72.0,1
INV-206212,C1095,Independent,South,Sales Rep,4,1322.14,45,15,10,0.0,0,,0
INV-206213,C1447,Independent,South,Phone,10,2129.77,45,13,7,0.191,0,84.0,1
INV-206214,C1122,Regional,South,Phone,12,4289.85,45,18,11,0.147,0,,0
INV-206215,C1550,Regional,Northeast,EDI,2,3667.21,30,55,14,0.132,0,,0
INV-206216,C1006,Regional,Midwest,Sales Rep,8,15324.81,30,23,15,0.0,0,58.0,1
INV-206217,C1118,Regional,West,Sales Rep,10,1435.0,45,8,13,0.313,0,75.0,1
INV-206218,C1565,National Account,Midwest,Sales Rep,12,10349.56,60,28,20,0.078,0,,0
INV-206219,C1679,Regional,South,Phone,5,14634.07,45,135,10,0.231,0,,0
INV-206220,C1027,Regional,Northeast,Sales Rep,5,1658.71,45,38,10,0.12,0,,0
INV-206221,C1832,Independent,Northeast,EDI,7,1864.81,30,14,9,0.201,0,,0
INV-206222,C1565,National Account,Midwest,Phone,12,14725.04,60,28,27,0.39,0,,0
INV-206223,C1722,Regional,Northeast,Web Portal,10,402.99,30,30,9,0.164,0,,0
INV-206224,C1762,National Account,South,Web Portal,4,10205.68,30,36,35,0.005,0,,0
INV-206225,C1512,Regional,South,Sales Rep,9,4475.57,30,47,14,0.201,0,59.0,1
INV-206226,C1715,Independent,South,Web Portal,7,1466.65,30,52,7,0.043,0,,0
INV-206227,C1771,Independent,Midwest,Web Portal,5,2032.32,45,43,13,0.068,0,,0
INV-206228,C1217,National Account,South,Sales Rep,4,19389.77,30,134,26,0.083,0,,0
INV-206229,C1846,Independent,Midwest,Sales Rep,1,1822.13,30,23,5,0.22,0,,0
INV-206230,C1074,Regional,South,Web Portal,12,900.37,45,26,11,0.363,0,,0
INV-206231,C1216,Regional,West,Sales Rep,5,3027.9,45,23,2,0.138,0,,0
INV-206232,C1123,Independent,Northeast,Web Portal,9,1405.68,30,26,9,0.169,0,,0
INV-206233,C1028,Regional,Northeast,Web Portal,11,2885.99,30,86,17,0.158,0,,0
INV-206234,C1409,Regional,Midwest,EDI,1,2784.47,30,10,10,0.16,0,,0
INV-206235,C1152,Independent,South,Web Portal,5,4226.07,45,9,9,0.412,0,,0
INV-206236,C1534,Regional,West,Web Portal,9,6872.56,30,38,10,0.271,0,,0
INV-206237,C1826,Regional,South,EDI,11,4190.7,60,13,6,0.354,0,,0
INV-206238,C1657,Regional,Midwest,Phone,8,4099.02,60,36,13,0.0,0,81.0,0
INV-206239,C1606,National Account,South,Web Portal,4,2443.53,30,195,25,0.0,0,,0
INV-206240,C1336,National Account,Midwest,Web Portal,3,67689.15,45,5,18,0.19,0,,0
INV-206241,C1523,Independent,West,Sales Rep,12,1206.82,30,34,5,0.191,0,,0
INV-206242,C1685,Independent,Northeast,Sales Rep,10,704.69,30,16,12,0.42,0,,0
INV-206243,C1561,Regional,Northeast,Sales Rep,8,3698.76,30,148,7,0.212,0,,0
INV-206244,C1310,National Account,West,Phone,8,6108.61,45,161,18,0.13,0,,1
INV-206245,C1204,Independent,Northeast,Web Portal,3,432.19,45,2,14,0.118,0,,0
INV-206246,C1514,Independent,West,EDI,8,2587.99,45,15,14,0.109,0,,0
INV-206247,C1157,National Account,South,Sales Rep,4,8090.9,60,138,22,0.222,0,,0
INV-206248,C1248,National Account,Midwest,EDI,4,3094.89,30,47,23,0.0,0,,0
INV-206249,C1794,National Account,Midwest,Sales Rep,8,6988.43,60,50,19,0.0,0,,0
INV-206250,C1768,National Account,Northeast,Sales Rep,3,4103.41,60,109,23,0.0,0,,0
INV-206251,C1546,Regional,Midwest,Web Portal,7,798.19,30,72,7,0.02,0,,0
INV-206252,C1121,National Account,Midwest,Web Portal,1,13004.16,45,46,26,0.076,0,,0
INV-206253,C1774,Independent,South,Phone,4,890.82,30,13,5,0.192,0,,0
INV-206254,C1395,Regional,West,EDI,10,4957.91,45,49,13,0.16,0,,0
INV-206255,C1098,Regional,Midwest,Sales Rep,5,1866.11,45,24,16,0.005,0,,0
INV-206256,C1811,Regional,Midwest,EDI,10,1855.55,45,7,12,0.17,0,,0
INV-206257,C1583,National Account,Midwest,Phone,3,11438.78,60,103,23,0.009,0,,0
INV-206258,C1761,Regional,West,Web Portal,10,3112.93,45,50,8,0.085,0,,0
INV-206259,C1843,Regional,Midwest,Phone,4,3591.79,30,29,11,0.168,0,,0
INV-206260,C1783,Regional,Midwest,Sales Rep,5,4240.5,45,26,14,0.362,0,,0
INV-206261,C1007,Regional,Northeast,Web Portal,2,3711.3,45,72,10,0.091,0,,0
INV-206262,C1787,National Account,South,Web Portal,1,9783.29,45,103,28,0.053,0,,0
INV-206263,C1020,Independent,Midwest,Phone,4,9868.54,30,2,7,0.319,1,,0
INV-206264,C1169,Regional,Midwest,Phone,2,5931.96,45,15,11,0.138,0,,0
INV-206265,C1492,National Account,Midwest,Web Portal,4,12132.4,45,102,26,0.167,0,,0
INV-206266,C1606,National Account,South,Sales Rep,1,5058.66,45,195,22,0.0,0,,0
INV-206267,C1212,Independent,South,Sales Rep,12,1013.63,30,26,12,0.049,0,,0
INV-206268,C1831,Regional,West,Sales Rep,4,3213.29,60,39,8,0.0,0,,0
INV-206269,C1071,Regional,Northeast,Sales Rep,1,4489.39,30,48,8,0.13,0,71.0,0
INV-206270,C1196,National Account,Northeast,Sales Rep,2,5593.84,60,28,17,0.069,0,,0
INV-206271,C1259,National Account,Northeast,EDI,8,3283.25,45,71,27,0.0,0,,0
INV-206272,C1076,Independent,Midwest,Phone,1,782.87,30,39,7,0.141,1,,0
INV-206273,C1611,Independent,Midwest,Web Portal,12,2957.79,30,14,7,0.148,0,,0
INV-206274,C1552,National Account,South,Web Portal,2,11355.95,45,18,28,0.097,0,,0
INV-206275,C1308,Regional,South,Sales Rep,4,1007.52,30,18,7,0.095,0,,0
INV-206276,C1402,National Account,Northeast,Web Portal,12,7820.28,60,66,27,0.259,0,,0
INV-206277,C1096,Independent,Midwest,Web Portal,8,2615.94,45,15,7,0.375,0,,0
INV-206278,C1845,Independent,Midwest,Web Portal,6,2358.01,45,4,10,0.051,0,,0
INV-206279,C1714,Regional,South,Sales Rep,3,2184.04,30,39,7,0.188,0,,0
INV-206280,C1565,National Account,Northeast,Sales Rep,4,5940.34,45,28,22,0.04,0,,0
INV-206281,C1694,National Account,South,Phone,1,7087.96,45,85,27,0.048,0,,0
INV-206282,C1593,Regional,West,Web Portal,6,26035.45,45,128,8,0.155,0,,0
INV-206283,C1451,Regional,South,Sales Rep,2,4944.49,30,128,8,0.165,0,,0
INV-206284,C1018,Regional,West,EDI,4,6656.41,45,69,10,0.046,0,,0
INV-206285,C1026,National Account,South,EDI,12,1927.47,60,48,29,0.172,0,,0
INV-206286,C1386,National Account,Midwest,Sales Rep,9,4561.88,60,111,17,0.413,0,,0
INV-206287,C1079,Regional,West,Sales Rep,11,3579.22,30,147,17,0.072,0,,0
INV-206288,C1094,Independent,South,Sales Rep,8,3190.33,30,28,12,0.238,0,62.0,1
INV-206289,C1755,Independent,South,EDI,5,2107.98,30,16,16,0.245,1,,0
INV-206290,C1274,National Account,West,Sales Rep,4,5330.8,60,33,21,0.062,0,,0
INV-206291,C1443,Regional,West,Web Portal,12,3559.62,45,54,7,0.13,0,,0
INV-206292,C1737,Regional,Northeast,Sales Rep,10,1275.72,45,28,11,0.062,0,,0
INV-206293,C1367,Independent,South,Sales Rep,11,1252.59,30,9,11,0.011,0,,0
INV-206294,C1146,National Account,South,Web Portal,7,6183.52,60,38,15,0.227,0,,0
INV-206295,C1136,Independent,Midwest,Sales Rep,7,911.74,45,2,6,0.247,0,,0
INV-206296,C1111,National Account,Midwest,Sales Rep,7,24228.26,45,93,19,0.0,0,,0
INV-206297,C1030,Regional,Northeast,Phone,8,2135.02,45,15,12,0.1,0,,0
INV-206298,C1026,National Account,South,Phone,2,8769.76,30,48,24,0.31,0,,0
INV-206299,C1561,Regional,Midwest,EDI,1,2411.42,45,148,12,0.0,0,,0
INV-206300,C1768,National Account,Northeast,Phone,9,1918.77,30,109,27,0.206,0,,0
INV-206301,C1559,National Account,Northeast,Sales Rep,8,5554.27,45,11,20,0.248,0,,0
INV-206302,C1554,Independent,South,Web Portal,2,880.23,45,20,13,0.207,0,,0
INV-206303,C1143,Independent,Northeast,Web Portal,6,781.96,30,8,8,0.097,0,,0
INV-206304,C1642,Regional,Midwest,Sales Rep,3,1847.95,30,47,11,0.1,0,,0
INV-206305,C1238,National Account,Northeast,Web Portal,2,409.77,45,201,24,0.047,0,,0
INV-206306,C1148,Regional,West,EDI,1,13067.99,30,18,9,0.256,0,,0
INV-206307,C1333,Regional,South,Web Portal,10,601.36,30,19,15,0.179,1,,0
INV-206308,C1041,Regional,South,Phone,11,1783.16,60,20,16,0.069,0,,0
INV-206309,C1211,Regional,Midwest,Sales Rep,12,3432.16,30,61,11,0.148,0,,0
INV-206310,C1221,Independent,Midwest,Web Portal,8,3449.59,45,15,11,0.329,0,76.0,1
INV-206311,C1526,National Account,Northeast,Sales Rep,4,7588.0,45,14,19,0.179,0,,0
INV-206312,C1766,Independent,Midwest,Phone,7,1217.0,45,28,8,0.0,0,,0
INV-206313,C1459,Regional,Midwest,Web Portal,8,1081.83,30,24,8,0.128,0,,0
INV-206314,C1566,National Account,South,Sales Rep,10,11520.7,30,58,30,0.026,0,,0
INV-206315,C1074,Regional,West,Phone,6,3123.46,60,26,5,0.271,0,,0
INV-206316,C1487,Regional,Midwest,Sales Rep,9,3326.39,30,74,9,0.324,0,,0
INV-206317,C1347,Regional,Midwest,Sales Rep,10,4035.4,60,85,16,0.267,0,,0
INV-206318,C1346,Regional,Midwest,Web Portal,9,2691.73,45,52,13,0.1,0,,0
INV-206319,C1312,National Account,Midwest,Phone,9,5798.8,45,104,17,0.244,0,,0
INV-206320,C1170,National Account,Northeast,Sales Rep,10,5526.67,60,47,23,0.18,0,,0
INV-206321,C1745,Regional,Northeast,Sales Rep,2,1256.28,60,73,8,0.082,0,,0
INV-206322,C1513,Independent,West,Web Portal,8,724.72,30,58,9,0.191,0,,0
INV-206323,C1402,National Account,South,Web Portal,6,15593.87,45,66,23,0.054,0,,0
INV-206324,C1294,Independent,South,Web Portal,6,1618.8,45,40,13,0.228,0,,0
INV-206325,C1154,Regional,West,Web Portal,1,6054.94,30,5,5,0.052,0,,0
INV-206326,C1478,Regional,South,Phone,11,1962.35,60,21,15,0.005,0,,0
INV-206327,C1044,Independent,Midwest,Phone,8,1166.83,30,10,8,0.064,0,,0
INV-206328,C1253,Regional,West,Web Portal,4,887.91,30,48,6,0.123,0,,0
INV-206329,C1787,National Account,Midwest,Phone,4,4254.8,45,103,26,0.11,0,,0
INV-206330,C1601,National Account,South,EDI,6,12784.54,30,17,30,0.0,0,,0
INV-206331,C1646,Independent,Northeast,Phone,6,1023.79,30,51,9,0.02,0,,0
INV-206332,C1594,National Account,Midwest,Web Portal,7,34036.89,60,75,16,0.117,0,,0
INV-206333,C1529,Regional,Northeast,Sales Rep,7,1272.8,30,20,14,0.548,0,,0
INV-206334,C1362,Regional,Northeast,Phone,5,59390.08,30,30,8,0.032,0,,0
INV-206335,C1304,Independent,South,Sales Rep,9,1586.73,30,12,15,0.3,0,,0
INV-206336,C1661,National Account,Midwest,EDI,3,12518.98,30,170,24,0.118,0,,0
INV-206337,C1333,Regional,South,EDI,9,1243.58,30,19,10,0.131,0,,0
INV-206338,C1588,Regional,South,EDI,2,1056.4,30,13,9,0.069,0,,0
INV-206339,C1104,Independent,Midwest,Phone,6,1004.11,60,19,7,0.306,0,99.0,1
INV-206340,C1241,Regional,Midwest,EDI,12,1691.83,30,10,11,0.085,0,,0
INV-206341,C1794,National Account,South,Sales Rep,10,12904.8,30,50,22,0.169,0,,0
INV-206342,C1594,National Account,West,Sales Rep,3,4162.34,45,75,20,0.161,0,,0
INV-206343,C1713,Independent,West,Sales Rep,8,1549.65,30,13,12,0.165,0,57.0,1
INV-206344,C1407,Regional,Midwest,Sales Rep,9,16925.68,60,25,7,0.129,0,,0
INV-206345,C1546,Regional,Midwest,Web Portal,6,3358.36,60,72,13,0.238,0,,0
INV-206346,C1625,Regional,Northeast,EDI,7,4430.17,30,70,6,0.059,0,,0
INV-206347,C1025,Regional,West,Phone,5,1228.76,30,14,10,0.122,0,,0
INV-206348,C1797,Regional,South,EDI,4,2386.4,45,60,4,0.116,0,,0
INV-206349,C1457,Regional,South,Phone,11,1546.57,30,10,7,0.1,0,,0
INV-206350,C1553,Independent,Northeast,Phone,6,761.79,30,84,12,0.205,0,,0
INV-206351,C1673,Independent,Northeast,Web Portal,9,674.74,30,28,9,0.21,0,,0
INV-206352,C1831,Regional,Northeast,Phone,6,6655.69,30,39,10,0.045,0,,0
INV-206353,C1667,Regional,South,Sales Rep,5,3732.23,45,37,8,0.163,0,,0
INV-206354,C1614,National Account,Midwest,Web Portal,9,3484.98,30,27,28,0.116,0,,0
INV-206355,C1249,Regional,Northeast,Web Portal,6,5450.12,30,46,8,0.118,0,,0
INV-206356,C1771,Independent,Midwest,EDI,11,980.78,30,43,8,0.005,0,,0
INV-206357,C1284,Independent,Northeast,Web Portal,7,2053.32,60,23,9,0.118,0,,0
INV-206358,C1373,Independent,Midwest,Sales Rep,11,1309.26,30,9,8,0.377,0,,0
INV-206359,C1398,National Account,South,EDI,6,8403.56,30,161,19,0.0,0,,0
INV-206360,C1259,National Account,West,Web Portal,3,22571.55,45,71,29,0.076,0,,0
INV-206361,C1408,Regional,Midwest,EDI,8,7373.96,30,34,7,0.027,0,,0
INV-206362,C1065,Regional,Midwest,Phone,10,5930.74,30,35,10,0.173,0,,0
INV-206363,C1078,Regional,Midwest,Web Portal,11,3765.0,30,20,11,0.092,0,,0
INV-206364,C1169,Regional,Northeast,EDI,1,3503.07,60,15,13,0.11,0,,0
INV-206365,C1043,Regional,Midwest,Sales Rep,5,21419.19,60,85,9,0.324,0,,0
INV-206366,C1482,Regional,Northeast,EDI,4,6267.08,45,68,11,0.1,0,,0
INV-206367,C1692,National Account,South,Web Portal,3,23944.12,60,42,26,0.272,0,94.0,1
INV-206368,C1811,Regional,Midwest,Phone,9,5352.85,30,7,8,0.251,0,,0
INV-206369,C1260,National Account,Midwest,EDI,10,16337.13,45,11,30,0.175,0,,0
INV-206370,C1184,Regional,Northeast,Web Portal,1,3142.84,45,31,11,0.216,0,,0
INV-206371,C1135,Regional,Midwest,Phone,2,495.97,30,86,7,0.087,0,,0
INV-206372,C1274,National Account,West,Sales Rep,5,13415.62,45,33,23,0.195,0,,0
INV-206373,C1741,National Account,Midwest,EDI,8,13082.88,30,93,17,0.0,0,,0
INV-206374,C1124,Independent,West,Sales Rep,10,2648.71,30,11,10,0.167,1,,0
INV-206375,C1204,Independent,South,Web Portal,7,3973.06,30,2,12,0.191,0,,0
INV-206376,C1226,Regional,South,EDI,7,2483.92,45,108,11,0.572,0,,0
INV-206377,C1555,Regional,South,Sales Rep,6,721.44,45,41,10,0.094,0,,0
INV-206378,C1588,Regional,South,EDI,6,6616.97,30,13,21,0.232,0,61.0,1
INV-206379,C1034,Regional,Midwest,Sales Rep,1,14018.28,45,52,11,0.268,0,,0
INV-206380,C1284,Independent,South,Phone,8,1832.72,30,23,9,0.065,0,,0
INV-206381,C1800,Independent,West,Phone,7,3884.99,30,18,17,0.137,0,,0
INV-206382,C1167,Regional,West,EDI,7,8539.0,45,29,7,0.0,0,,0
INV-206383,C1139,Independent,South,EDI,10,1619.2,30,24,12,0.165,0,,0
INV-206384,C1768,National Account,Midwest,Sales Rep,10,3253.34,60,109,25,0.0,0,,0
INV-206385,C1387,Regional,Midwest,Sales Rep,6,1913.81,45,55,8,0.093,0,,0
INV-206386,C1411,National Account,West,Phone,4,51843.41,60,70,25,0.0,0,,0
INV-206387,C1361,Independent,South,Sales Rep,9,1386.99,30,26,12,0.293,0,,0
INV-206388,C1376,Independent,South,Web Portal,4,683.45,30,4,10,0.132,0,,0
INV-206389,C1628,Independent,Midwest,EDI,8,2051.54,30,35,10,0.162,0,,0
INV-206390,C1157,National Account,Midwest,Sales Rep,2,30690.62,60,138,23,0.204,0,,0
INV-206391,C1091,National Account,South,Sales Rep,4,15904.18,30,111,17,0.141,0,,0
INV-206392,C1324,Regional,Midwest,Sales Rep,9,2854.57,45,5,13,0.038,0,,0
INV-206393,C1069,National Account,Midwest,Sales Rep,12,14257.94,60,16,17,0.066,0,,0
INV-206394,C1787,National Account,Midwest,Web Portal,10,37336.74,60,103,18,0.087,0,,0
INV-206395,C1543,Regional,Midwest,Phone,10,2405.01,30,19,8,0.197,0,,0
INV-206396,C1709,National Account,South,Web Portal,3,4838.2,60,45,31,0.274,0,,0
INV-206397,C1480,Independent,West,Sales Rep,5,2983.38,30,16,10,0.248,0,,0
INV-206398,C1763,Regional,South,Sales Rep,6,30644.52,30,53,13,0.117,0,,0
INV-206399,C1565,National Account,Midwest,Sales Rep,7,14151.64,45,28,20,0.0,0,,0
INV-206400,C1623,Regional,Northeast,Sales Rep,1,15281.59,45,33,13,0.017,0,,0
INV-206401,C1045,National Account,Midwest,EDI,2,7549.52,30,120,29,0.0,0,,0
INV-206402,C1397,National Account,South,Phone,9,14053.16,45,54,32,0.0,0,,0
INV-206403,C1034,Regional,West,EDI,1,581.68,60,52,8,0.081,0,,0
INV-206404,C1519,Independent,Midwest,Sales Rep,3,935.14,30,11,14,0.17,0,,0
INV-206405,C1046,Independent,Midwest,EDI,9,1591.16,30,6,15,0.084,0,,0
INV-206406,C1668,Independent,Midwest,Phone,3,492.79,30,30,8,0.0,0,,0
INV-206407,C1539,Regional,West,Web Portal,6,5005.52,30,36,14,0.069,0,,0
INV-206408,C1300,Independent,South,Sales Rep,6,1264.4,45,21,9,0.138,0,,0
INV-206409,C1454,Regional,Northeast,Phone,1,2233.4,30,71,12,0.211,0,,0
INV-206410,C1849,Regional,Northeast,EDI,5,1396.01,30,34,10,0.345,0,,0
INV-206411,C1813,Independent,Midwest,EDI,3,3725.7,45,15,10,0.311,0,,0
INV-206412,C1479,Regional,South,Web Portal,3,14575.7,30,72,10,0.021,0,,0
INV-206413,C1408,Regional,Midwest,Sales Rep,3,4262.02,30,34,14,0.033,0,,0
INV-206414,C1034,Regional,Northeast,Web Portal,1,3294.18,30,52,9,0.088,0,,0
INV-206415,C1054,Regional,Midwest,Sales Rep,7,4895.82,45,80,15,0.053,0,,0
INV-206416,C1523,Independent,South,Web Portal,6,1445.82,30,34,13,0.204,0,,0
INV-206417,C1134,National Account,West,EDI,7,11717.68,60,43,26,0.181,0,,0
INV-206418,C1045,National Account,Northeast,Web Portal,11,4216.93,60,120,27,0.0,0,,0
INV-206419,C1625,Regional,South,EDI,3,4701.73,30,70,5,0.067,0,,0
INV-206420,C1127,Regional,Northeast,Sales Rep,2,8946.5,30,19,11,0.224,0,,0
INV-206421,C1540,National Account,Midwest,Sales Rep,1,5838.58,60,73,24,0.049,0,,0
INV-206422,C1218,National Account,Northeast,Sales Rep,2,6223.67,60,43,30,0.0,0,,0
INV-206423,C1438,Independent,Northeast,Sales Rep,7,3708.57,30,22,8,0.438,0,,0
INV-206424,C1122,Regional,Northeast,Web Portal,8,2437.92,60,18,7,0.0,0,,0
INV-206425,C1234,Independent,South,EDI,9,2783.35,30,10,14,0.319,0,,0
INV-206426,C1741,National Account,South,EDI,7,4731.47,30,93,22,0.081,1,,0
INV-206427,C1689,National Account,Northeast,Sales Rep,9,20038.78,45,41,29,0.111,0,,0
INV-206428,C1630,Independent,Midwest,Phone,12,1294.77,30,5,10,0.133,0,,0
INV-206429,C1605,Regional,South,Sales Rep,10,2084.39,30,43,7,0.124,0,,0
INV-206430,C1463,National Account,South,Sales Rep,11,27229.23,45,90,18,0.046,0,,0
INV-206431,C1189,National Account,South,Web Portal,5,40988.65,60,90,25,0.004,0,,0
INV-206432,C1005,National Account,West,Web Portal,9,2805.85,30,34,26,0.267,0,,0
INV-206433,C1068,Regional,Northeast,Sales Rep,12,5412.95,45,55,13,0.116,1,,0
INV-206434,C1793,Regional,South,Phone,5,6279.38,30,39,7,0.169,0,,0
INV-206435,C1594,National Account,Midwest,Web Portal,6,6338.04,45,75,20,0.237,0,,0
INV-206436,C1454,Regional,Northeast,Web Portal,3,2212.3,45,71,11,0.233,0,,0
INV-206437,C1202,National Account,Midwest,Web Portal,12,3249.18,45,98,15,0.037,0,,0
INV-206438,C1344,Independent,South,Phone,8,1670.36,30,5,9,0.043,0,,0
INV-206439,C1407,Regional,Midwest,Sales Rep,9,4469.93,60,25,10,0.088,1,96.0,1
INV-206440,C1458,Regional,West,Sales Rep,5,5178.36,30,28,7,0.0,0,,0
INV-206441,C1643,Independent,Northeast,Web Portal,11,2621.09,30,26,4,0.095,0,,0
INV-206442,C1011,Independent,Midwest,Web Portal,3,3353.55,30,15,11,0.324,0,,0
INV-206443,C1212,Independent,Midwest,EDI,10,541.99,30,26,9,0.029,0,,0
INV-206444,C1469,National Account,Midwest,Sales Rep,8,24090.63,30,100,23,0.145,0,66.0,0
INV-206445,C1038,National Account,South,Phone,1,15318.96,60,81,23,0.182,0,,0
INV-206446,C1791,Regional,Northeast,Web Portal,12,787.54,30,143,8,0.179,0,,0
INV-206447,C1784,Independent,South,Phone,6,12662.38,30,2,7,0.077,0,,0
INV-206448,C1007,Regional,West,EDI,10,4573.15,30,72,9,0.169,0,,0
INV-206449,C1729,Regional,South,Sales Rep,8,4643.19,45,9,8,0.094,0,,0
INV-206450,C1701,National Account,Midwest,Web Portal,11,21056.16,45,61,20,0.101,0,,0
INV-206451,C1787,National Account,Midwest,EDI,10,7212.64,45,103,19,0.282,0,,0
INV-206452,C1428,National Account,Northeast,Phone,5,14111.84,60,19,21,0.0,1,,0
INV-206453,C1173,Independent,South,Web Portal,3,2948.25,30,15,9,0.03,0,,0
INV-206454,C1045,National Account,Midwest,EDI,5,2805.26,60,120,17,0.0,0,,0
INV-206455,C1402,National Account,Northeast,EDI,10,7460.6,60,66,16,0.23,0,,0
INV-206456,C1086,Independent,South,Sales Rep,10,1416.45,45,23,9,0.233,0,,0
INV-206457,C1659,National Account,West,Sales Rep,2,3222.84,30,99,21,0.0,0,,0
INV-206458,C1307,Regional,Midwest,Phone,10,3197.96,60,119,9,0.0,0,,0
INV-206459,C1186,National Account,Northeast,Web Portal,9,9644.71,45,69,22,0.143,0,,0
INV-206460,C1053,Regional,South,Phone,12,1569.24,30,25,9,0.065,0,,0
INV-206461,C1019,National Account,Midwest,Sales Rep,8,12287.5,45,43,25,0.027,0,,0
INV-206462,C1025,Regional,South,Web Portal,10,2688.77,30,14,4,0.185,0,,0
INV-206463,C1809,Regional,West,Web Portal,4,5529.89,30,62,14,0.073,0,,0
INV-206464,C1256,National Account,Midwest,Sales Rep,9,39634.16,30,9,29,0.144,1,,0
INV-206465,C1311,Independent,Midwest,Web Portal,8,1085.42,30,11,10,0.025,0,,0
INV-206466,C1469,National Account,South,Sales Rep,5,12466.23,45,100,22,0.0,0,,0
INV-206467,C1695,Regional,Northeast,Sales Rep,12,1264.68,30,72,5,0.02,0,,0
INV-206468,C1392,Independent,South,Phone,1,2592.58,45,14,12,0.115,0,,0
INV-206469,C1596,Regional,South,Phone,5,7300.06,45,17,15,0.128,0,,0
INV-206470,C1117,Regional,Northeast,Sales Rep,1,9263.03,45,19,9,0.126,0,,0
INV-206471,C1516,Independent,Midwest,Web Portal,9,376.3,30,14,14,0.069,0,,0
INV-206472,C1111,National Account,West,Phone,5,38434.1,60,93,23,0.269,0,,0
INV-206473,C1482,Regional,Midwest,Web Portal,8,4257.2,45,68,10,0.291,0,,0
INV-206474,C1664,Regional,Northeast,Web Portal,4,5925.25,45,60,13,0.168,0,,0
INV-206475,C1540,National Account,South,Web Portal,7,9047.57,45,73,33,0.194,0,92.0,1
INV-206476,C1188,Regional,South,Phone,2,5762.16,30,46,10,0.183,0,,0
INV-206477,C1509,Independent,Midwest,EDI,4,14661.98,30,20,7,0.07,0,,0
INV-206478,C1497,National Account,Northeast,Web Portal,7,9656.71,45,137,21,0.044,0,,0
INV-206479,C1719,Independent,Midwest,Web Portal,12,2892.64,45,33,6,0.247,0,,0
INV-206480,C1830,Regional,Midwest,Sales Rep,11,3219.75,30,21,9,0.079,0,,0
INV-206481,C1055,Regional,Midwest,Phone,6,1811.17,30,42,8,0.121,0,,0
INV-206482,C1525,Regional,Midwest,Web Portal,1,4725.46,30,56,8,0.193,0,,0
INV-206483,C1671,National Account,Northeast,Sales Rep,12,687.16,45,231,22,0.0,0,,0
INV-206484,C1677,Independent,Midwest,EDI,11,512.49,45,21,9,0.138,0,,0
INV-206485,C1698,National Account,Northeast,EDI,9,7958.07,45,49,25,0.25,0,,0
INV-206486,C1699,National Account,Northeast,EDI,6,17791.42,60,49,21,0.0,0,,0
INV-206487,C1478,Regional,South,EDI,12,1817.3,45,21,11,0.231,0,,0
INV-206488,C1045,National Account,Northeast,Phone,11,14219.93,45,120,17,0.035,0,,0
INV-206489,C1148,Regional,Northeast,Phone,10,6833.76,30,18,7,0.215,0,,0
INV-206490,C1435,Regional,West,Web Portal,2,4632.26,45,15,8,0.216,0,,0
INV-206491,C1000,Independent,Midwest,Sales Rep,8,6044.15,30,20,7,0.217,0,,0
INV-206492,C1741,National Account,West,EDI,12,7734.32,60,93,22,0.0,0,,0
INV-206493,C1712,National Account,Midwest,Sales Rep,7,26866.65,30,66,24,0.009,0,,0
INV-206494,C1308,Regional,West,Phone,2,736.49,60,18,10,0.0,0,,0
INV-206495,C1397,National Account,South,Web Portal,11,2874.77,60,54,24,0.121,0,,0
INV-206496,C1539,Regional,Northeast,EDI,10,4517.78,45,36,7,0.052,0,,0
INV-206497,C1460,Independent,Midwest,Phone,12,2458.95,30,19,10,0.267,0,77.0,1
INV-206498,C1024,Regional,Northeast,Sales Rep,8,3033.46,30,141,14,0.292,0,51.0,0
INV-206499,C1095,Independent,Northeast,Sales Rep,10,901.81,30,15,9,0.354,0,,0
INV-206500,C1692,National Account,Midwest,Sales Rep,10,6475.8,45,42,24,0.22,0,,0
INV-206501,C1388,Regional,Midwest,Sales Rep,9,6628.94,30,35,12,0.004,1,,0
INV-206502,C1248,National Account,Midwest,EDI,11,6589.02,30,47,28,0.024,1,,0
INV-206503,C1552,National Account,Midwest,Phone,12,14817.31,60,18,22,0.223,0,86.0,1
INV-206504,C1847,National Account,West,Sales Rep,11,18642.93,45,10,24,0.006,0,,0
INV-206505,C1337,Regional,Northeast,Web Portal,12,3640.98,45,20,13,0.094,0,,0
INV-206506,C1583,National Account,West,Phone,11,3727.22,30,103,23,0.0,0,,0
INV-206507,C1037,Regional,Midwest,Phone,6,680.4,60,75,8,0.079,0,,0
INV-206508,C1507,National Account,South,EDI,3,9197.45,45,37,21,0.21,0,71.0,1
INV-206509,C1228,National Account,South,Web Portal,9,4947.78,60,12,25,0.038,0,,0
INV-206510,C1146,National Account,South,Phone,1,20011.26,30,38,22,0.225,0,,0
INV-206511,C1698,National Account,Midwest,EDI,5,5179.85,30,49,25,0.273,0,,0
INV-206512,C1707,Independent,West,Sales Rep,1,2415.24,30,30,11,0.186,0,,0
INV-206513,C1410,Independent,Midwest,Sales Rep,5,4361.52,30,13,11,0.039,0,,0
INV-206514,C1644,Regional,Midwest,Phone,6,2005.95,45,46,6,0.164,0,,0
INV-206515,C1099,Independent,Midwest,Sales Rep,7,558.89,30,22,13,0.116,0,,0
INV-206516,C1526,National Account,Midwest,Sales Rep,5,16225.05,30,14,24,0.165,0,,0
INV-206517,C1048,Regional,West,Phone,2,2149.48,45,61,10,0.226,0,,0
INV-206518,C1843,Regional,South,Phone,4,4182.15,45,29,8,0.149,0,,0
INV-206519,C1507,National Account,Midwest,EDI,6,6829.49,60,37,23,0.146,0,,0
INV-206520,C1797,Regional,South,Sales Rep,2,8142.59,45,60,12,0.102,0,,0
INV-206521,C1065,Regional,West,Sales Rep,1,3360.53,30,35,8,0.131,0,,0
INV-206522,C1505,National Account,Midwest,Phone,8,2135.73,60,68,24,0.0,0,,0
INV-206523,C1213,Regional,Midwest,Sales Rep,5,5434.18,30,79,11,0.345,0,,0
INV-206524,C1101,National Account,West,EDI,4,8515.71,30,152,32,0.15,0,,0
INV-206525,C1452,Regional,Midwest,Sales Rep,6,2606.85,30,103,14,0.372,0,,0
INV-206526,C1158,Regional,Midwest,Sales Rep,1,10389.71,45,33,11,0.02,0,,0
INV-206527,C1492,National Account,South,EDI,12,22471.95,30,102,22,0.115,0,,0
INV-206528,C1010,Regional,Northeast,Sales Rep,2,13153.7,45,5,9,0.378,0,,0
INV-206529,C1572,Regional,South,Sales Rep,8,2086.71,30,15,8,0.007,0,,0
INV-206530,C1134,National Account,Northeast,Sales Rep,8,8606.07,30,43,32,0.048,0,,0
INV-206531,C1164,Regional,Northeast,EDI,9,3667.46,30,19,8,0.22,0,,0
INV-206532,C1566,National Account,Midwest,Web Portal,5,3501.4,60,58,26,0.0,0,,0
INV-206533,C1677,Independent,Midwest,Web Portal,4,1429.99,60,21,12,0.053,0,,0
INV-206534,C1524,National Account,Midwest,Sales Rep,11,13830.05,60,36,18,0.0,0,,0
INV-206535,C1766,Independent,South,EDI,1,941.0,60,28,7,0.11,0,,0
INV-206536,C1283,Regional,Midwest,Web Portal,8,13418.63,45,5,10,0.0,0,80.0,1
INV-206537,C1169,Regional,West,Sales Rep,9,3418.08,45,15,11,0.162,0,,0
INV-206538,C1493,Regional,Midwest,Web Portal,7,14467.25,30,33,12,0.24,0,80.0,1
INV-206539,C1274,National Account,Northeast,Phone,12,825.43,30,33,19,0.129,0,,0
INV-206540,C1838,Regional,Midwest,Web Portal,7,4686.39,45,14,10,0.385,0,,0
INV-206541,C1217,National Account,South,EDI,5,3436.3,45,134,23,0.18,0,,0
INV-206542,C1454,Regional,Midwest,Web Portal,1,22524.38,45,71,8,0.185,0,,0
INV-206543,C1565,National Account,Northeast,EDI,1,4306.64,60,28,23,0.159,0,95.0,1
INV-206544,C1723,Independent,West,Sales Rep,7,6375.83,30,8,6,0.102,0,,0
INV-206545,C1571,Independent,South,Sales Rep,9,1408.9,30,12,11,0.061,0,,0
INV-206546,C1580,Regional,Midwest,EDI,5,6704.93,30,20,13,0.094,1,,0
INV-206547,C1588,Regional,Northeast,Phone,10,7680.74,45,13,14,0.062,0,,0
INV-206548,C1705,Independent,Northeast,Sales Rep,2,3366.62,30,10,14,0.287,0,,0
INV-206549,C1709,National Account,Midwest,Web Portal,12,3424.13,45,45,29,0.181,0,,0
INV-206550,C1402,National Account,Midwest,Sales Rep,7,10760.17,30,66,23,0.1,0,,0
INV-206551,C1217,National Account,Midwest,Sales Rep,9,25413.21,60,134,18,0.0,0,,0
INV-206552,C1051,Regional,Midwest,Web Portal,5,1707.28,45,2,9,0.151,0,,0
INV-206553,C1767,Independent,South,Web Portal,10,10612.7,30,29,10,0.178,0,,0
INV-206554,C1827,National Account,West,Web Portal,3,8277.86,60,73,33,0.042,0,,0
INV-206555,C1775,Regional,South,Web Portal,10,1601.09,45,10,14,0.218,0,80.0,1
INV-206556,C1001,Regional,West,Sales Rep,11,2638.6,60,30,9,0.178,0,,0
INV-206557,C1206,Regional,Midwest,EDI,11,1691.46,30,35,12,0.214,0,,0
INV-206558,C1824,Independent,South,Sales Rep,6,10216.31,60,35,13,0.081,1,,0
INV-206559,C1822,Independent,West,Sales Rep,5,1092.52,30,4,13,0.237,0,,0
INV-206560,C1159,Independent,Northeast,Sales Rep,1,3252.31,45,16,9,0.273,0,,0
INV-206561,C1689,National Account,Northeast,EDI,11,5005.88,45,41,24,0.086,0,,0
INV-206562,C1069,National Account,West,EDI,9,4969.58,60,16,20,0.146,0,,0
INV-206563,C1389,Independent,West,Phone,9,1265.75,30,13,11,0.311,0,,0
INV-206564,C1333,Regional,South,Sales Rep,1,6659.55,30,19,15,0.26,0,,0
INV-206565,C1301,National Account,South,EDI,12,4881.39,30,199,22,0.0,0,,0
INV-206566,C1381,Regional,South,EDI,11,5325.13,30,92,13,0.018,0,,0
INV-206567,C1010,Regional,West,Web Portal,6,504.66,30,5,9,0.491,0,,0
INV-206568,C1395,Regional,South,Sales Rep,5,1554.62,45,49,17,0.153,0,,0
INV-206569,C1695,Regional,West,Sales Rep,11,5417.92,45,72,10,0.029,0,,0
INV-206570,C1417,Regional,South,Sales Rep,6,3940.38,45,4,7,0.0,0,,0
INV-206571,C1712,National Account,Midwest,Web Portal,2,8541.15,45,66,23,0.011,0,,0
INV-206572,C1030,Regional,South,Sales Rep,6,6395.15,45,15,9,0.192,0,,0
INV-206573,C1594,National Account,West,Sales Rep,10,9055.82,60,75,24,0.049,0,,0
INV-206574,C1830,Regional,West,Phone,2,2115.01,30,21,8,0.185,0,,0
INV-206575,C1611,Independent,South,Web Portal,3,2356.05,30,14,6,0.189,0,,0
INV-206576,C1745,Regional,Midwest,EDI,5,4064.34,30,73,10,0.172,0,,0
INV-206577,C1182,Regional,Midwest,Sales Rep,8,2029.91,45,16,11,0.24,0,,0
INV-206578,C1100,Regional,Northeast,Sales Rep,6,3290.2,45,31,13,0.0,0,,0
INV-206579,C1780,Regional,Northeast,Web Portal,12,2039.75,60,54,8,0.186,0,,0
INV-206580,C1363,Independent,Midwest,Sales Rep,4,1328.47,45,6,8,0.256,0,,0
INV-206581,C1040,National Account,Northeast,Web Portal,11,12979.92,30,82,11,0.106,0,,0
INV-206582,C1481,Regional,Northeast,Sales Rep,6,3043.76,30,11,9,0.058,1,,0
INV-206583,C1773,Independent,West,Sales Rep,6,2645.53,45,18,12,0.186,0,,0
INV-206584,C1719,Independent,West,Sales Rep,8,1934.64,30,33,5,0.218,0,,0
INV-206585,C1038,National Account,Midwest,EDI,8,6834.13,45,81,19,0.159,0,,0
INV-206586,C1277,Independent,West,Sales Rep,11,3801.44,30,10,13,0.269,1,,0
INV-206587,C1539,Regional,Northeast,EDI,4,9208.11,45,36,11,0.062,0,,0
INV-206588,C1494,Independent,Northeast,Web Portal,9,4211.81,30,29,12,0.22,0,,0
INV-206589,C1217,National Account,West,Sales Rep,10,5552.23,45,134,17,0.0,0,,0
INV-206590,C1337,Regional,South,Web Portal,7,3100.89,30,20,10,0.171,0,,0
INV-206591,C1283,Regional,Northeast,Sales Rep,3,8373.64,45,5,8,0.0,0,,0
INV-206592,C1710,National Account,Northeast,EDI,3,15054.86,30,54,15,0.085,0,,0
INV-206593,C1788,Independent,South,Web Portal,4,2700.46,30,15,9,0.351,0,,0
INV-206594,C1829,Independent,Northeast,Web Portal,2,1054.01,30,28,8,0.295,0,,0
INV-206595,C1048,Regional,Northeast,Web Portal,9,2657.57,30,61,16,0.013,0,,0
INV-206596,C1836,Regional,West,EDI,11,1064.19,30,10,9,0.148,0,,0
INV-206597,C1217,National Account,South,Phone,2,11279.27,60,134,22,0.087,0,,0
INV-206598,C1267,Independent,South,Web Portal,9,5908.02,45,33,9,0.13,0,,0
INV-206599,C1321,Independent,Midwest,Web Portal,6,3611.75,60,6,9,0.066,0,,0
INV-206600,C1215,Regional,Midwest,Web Portal,10,6759.16,45,33,6,0.0,0,,0
INV-206601,C1144,Regional,Northeast,Sales Rep,11,3568.09,30,31,11,0.152,0,,0
INV-206602,C1456,Regional,South,EDI,6,3430.38,30,11,9,0.176,0,,0
INV-206603,C1179,Regional,Midwest,Phone,7,8763.81,30,25,14,0.089,0,,0
INV-206604,C1147,Regional,Midwest,EDI,11,2707.53,30,30,13,0.114,0,,0
INV-206605,C1299,National Account,Northeast,Phone,11,3216.63,30,31,22,0.008,1,,0
INV-206606,C1398,National Account,South,Sales Rep,6,9187.32,45,161,29,0.0,0,,0
INV-206607,C1475,Independent,South,Web Portal,8,594.31,30,20,10,0.204,0,,0
INV-206608,C1620,Regional,Northeast,Phone,4,4444.0,45,30,10,0.194,0,,0
INV-206609,C1685,Independent,Midwest,Phone,8,4549.5,30,16,13,0.346,0,,0
INV-206610,C1405,Independent,Midwest,Web Portal,1,706.94,45,14,8,0.167,0,75.0,1
INV-206611,C1536,National Account,West,Phone,8,8024.72,60,177,20,0.154,0,,0
INV-206612,C1019,National Account,South,Phone,9,8614.55,60,43,23,0.404,0,,0
INV-206613,C1720,Independent,South,Phone,1,15404.08,30,31,11,0.183,0,,0
INV-206614,C1219,Independent,Midwest,Sales Rep,6,1242.83,30,20,12,0.394,0,,0
INV-206615,C1407,Regional,South,EDI,1,968.25,45,25,11,0.105,0,,0
INV-206616,C1322,Independent,Midwest,Web Portal,11,1497.51,30,39,12,0.209,0,,0
INV-206617,C1253,Regional,Midwest,Web Portal,12,604.79,30,48,7,0.116,0,,0
INV-206618,C1025,Regional,West,Sales Rep,1,8379.32,30,14,4,0.328,0,,0
INV-206619,C1111,National Account,West,Sales Rep,7,10234.15,60,93,20,0.0,0,,0
INV-206620,C1747,Regional,West,Sales Rep,8,2068.85,45,49,12,0.137,0,,0
INV-206621,C1020,Independent,South,Web Portal,5,1455.72,30,2,12,0.183,0,,0
INV-206622,C1045,National Account,South,Phone,1,6578.85,30,120,15,0.066,0,,0
INV-206623,C1651,Regional,West,EDI,7,5059.54,45,33,13,0.258,0,,0
INV-206624,C1698,National Account,West,Sales Rep,6,26262.67,60,49,22,0.059,0,,0
INV-206625,C1766,Independent,West,Web Portal,7,1080.57,30,28,10,0.245,0,,0
INV-206626,C1766,Independent,West,Sales Rep,11,806.65,30,28,4,0.006,0,,0
INV-206627,C1777,Regional,Northeast,Web Portal,10,1762.71,45,49,5,0.115,0,,0
INV-206628,C1023,National Account,Midwest,Web Portal,9,1731.03,45,33,37,0.099,0,,0
INV-206629,C1199,Independent,Midwest,Web Portal,4,1174.81,30,9,10,0.121,1,54.0,1
INV-206630,C1827,National Account,Northeast,Phone,8,8592.58,60,73,22,0.029,0,,0
INV-206631,C1510,Regional,Midwest,Web Portal,3,3965.69,45,32,14,0.098,0,,0
INV-206632,C1180,Independent,South,Phone,11,4563.39,30,21,14,0.042,0,53.0,1
INV-206633,C1081,Independent,West,Sales Rep,6,848.68,30,12,5,0.228,0,72.0,1
INV-206634,C1622,Regional,West,Sales Rep,9,7725.7,30,43,10,0.0,0,,0
INV-206635,C1075,Independent,Northeast,Web Portal,7,25814.17,60,29,6,0.225,0,,0
INV-206636,C1259,National Account,West,EDI,10,2823.41,30,71,34,0.129,0,,0
INV-206637,C1229,Regional,West,Phone,9,1990.0,30,63,8,0.024,0,,0
INV-206638,C1288,Regional,Northeast,EDI,10,2176.51,30,39,16,0.234,0,,0
INV-206639,C1155,Regional,Northeast,Phone,7,1580.17,45,98,7,0.085,0,,0
INV-206640,C1507,National Account,Midwest,EDI,3,27446.93,60,37,27,0.243,0,,0
INV-206641,C1139,Independent,South,Web Portal,11,2603.52,30,24,8,0.153,1,,0
INV-206642,C1821,Regional,South,EDI,3,12964.73,30,11,8,0.13,0,,0
INV-206643,C1848,Independent,Northeast,Web Portal,3,699.89,30,26,12,0.076,0,,0
INV-206644,C1557,Regional,South,Sales Rep,11,409.43,60,14,13,0.346,0,109.0,1
INV-206645,C1809,Regional,Midwest,Web Portal,7,11115.56,30,62,11,0.051,0,,0
INV-206646,C1038,National Account,Northeast,Phone,11,4750.76,60,81,23,0.084,0,,0
INV-206647,C1834,Regional,West,Web Portal,8,2827.29,30,101,10,0.014,0,,0
INV-206648,C1360,Independent,Northeast,Web Portal,3,4856.03,30,43,8,0.161,0,,0
INV-206649,C1336,National Account,Northeast,Phone,2,17246.95,45,5,18,0.138,0,,0
INV-206650,C1577,Independent,Midwest,Sales Rep,6,3633.98,45,13,8,0.215,0,,0
INV-206651,C1103,National Account,West,Sales Rep,9,20132.92,60,80,28,0.0,0,,0
INV-206652,C1625,Regional,West,Web Portal,2,9465.04,45,70,10,0.261,0,,0
INV-206653,C1830,Regional,Midwest,Web Portal,12,2714.61,45,21,16,0.0,0,,0
INV-206654,C1118,Regional,South,EDI,4,2516.98,60,8,13,0.219,0,91.0,1
INV-206655,C1787,National Account,West,Sales Rep,3,24292.65,30,103,23,0.193,0,,0
INV-206656,C1236,National Account,Northeast,Phone,9,5095.29,60,36,16,0.03,0,,0
INV-206657,C1776,Regional,Midwest,Sales Rep,7,1843.01,45,13,10,0.293,0,,0
INV-206658,C1231,National Account,Northeast,Sales Rep,9,7887.08,30,35,22,0.108,0,,0
INV-206659,C1445,Regional,Midwest,EDI,9,5652.83,30,20,8,0.024,0,,0
INV-206660,C1415,Independent,South,EDI,2,1033.61,30,10,7,0.367,0,48.0,1
INV-206661,C1835,Regional,South,Sales Rep,9,426.05,45,74,10,0.58,0,,0
INV-206662,C1497,National Account,South,Sales Rep,8,11531.11,60,137,25,0.0,0,,0
INV-206663,C1177,Regional,Midwest,EDI,7,2573.78,30,85,9,0.357,0,,0
INV-206664,C1023,National Account,Midwest,Web Portal,6,4317.33,60,33,23,0.08,0,,0
INV-206665,C1816,National Account,Midwest,Sales Rep,4,5439.35,30,25,24,0.192,0,61.0,0
INV-206666,C1353,National Account,South,Phone,2,2563.16,30,24,19,0.252,0,,0
INV-206667,C1305,Independent,Midwest,Sales Rep,1,4571.36,30,36,9,0.098,0,,0
INV-206668,C1229,Regional,Midwest,Sales Rep,9,9861.62,45,63,9,0.106,0,,0
INV-206669,C1479,Regional,West,Sales Rep,7,9533.69,45,72,10,0.266,0,,0
INV-206670,C1839,Independent,Northeast,Sales Rep,12,1578.76,45,25,16,0.213,0,,0
INV-206671,C1687,Regional,Midwest,EDI,10,4767.04,30,57,9,0.402,0,,0
INV-206672,C1222,Regional,Northeast,Web Portal,11,7001.85,30,42,8,0.139,0,,0
INV-206673,C1207,Independent,Northeast,EDI,9,1349.94,30,16,12,0.256,0,,0
INV-206674,C1250,Regional,South,Sales Rep,5,7685.65,45,101,10,0.282,0,,0
INV-206675,C1463,National Account,Northeast,Phone,12,14174.51,60,90,27,0.032,0,,0
INV-206676,C1047,Independent,South,Web Portal,2,986.26,30,2,6,0.294,0,,0
INV-206677,C1353,National Account,South,Web Portal,9,3870.09,45,24,23,0.166,0,66.0,1
INV-206678,C1768,National Account,South,Sales Rep,2,983.82,60,109,26,0.001,0,,0
INV-206679,C1629,Regional,Midwest,Phone,11,9789.32,60,15,12,0.119,0,,0
INV-206680,C1395,Regional,South,Phone,7,5203.07,45,49,11,0.0,0,,0
INV-206681,C1705,Independent,Midwest,EDI,6,5569.54,45,10,13,0.29,0,,0
INV-206682,C1693,Regional,Midwest,Web Portal,11,963.85,30,46,10,0.1,0,,0
INV-206683,C1587,National Account,Northeast,Web Portal,6,10489.07,60,24,18,0.09,0,,0
INV-206684,C1807,National Account,South,Web Portal,7,5440.26,45,170,23,0.054,0,,0
INV-206685,C1057,Independent,Northeast,Web Portal,4,709.04,30,25,7,0.022,0,,0
INV-206686,C1220,National Account,Northeast,EDI,6,8581.67,30,29,25,0.194,0,,0
INV-206687,C1720,Independent,Midwest,EDI,7,204.98,30,31,12,0.193,1,,0
INV-206688,C1792,Independent,West,Web Portal,6,870.98,30,21,5,0.38,0,,0
INV-206689,C1807,National Account,West,Web Portal,10,5575.21,30,170,24,0.19,0,,0
INV-206690,C1158,Regional,Midwest,EDI,6,7446.65,45,33,10,0.235,0,,0
INV-206691,C1189,National Account,South,Web Portal,10,25906.25,45,90,23,0.368,0,66.0,1
INV-206692,C1378,Independent,Northeast,Phone,10,1438.15,30,79,10,0.016,0,,0
INV-206693,C1074,Regional,Northeast,Sales Rep,6,1286.41,30,26,12,0.268,0,,0
INV-206694,C1131,Regional,South,Phone,8,3395.85,45,56,6,0.096,0,,0
INV-206695,C1392,Independent,Midwest,Sales Rep,1,4557.52,30,14,11,0.165,0,61.0,1
INV-206696,C1023,National Account,Midwest,Sales Rep,5,7802.14,60,33,14,0.088,0,91.0,1
INV-206697,C1259,National Account,Northeast,Web Portal,10,2924.19,45,71,23,0.0,0,,0
INV-206698,C1761,Regional,Northeast,Phone,2,4043.18,45,50,10,0.009,0,,0
INV-206699,C1328,National Account,Midwest,Sales Rep,4,4819.57,30,81,18,0.083,0,,0
INV-206700,C1265,Regional,South,Sales Rep,3,2854.98,45,9,9,0.17,0,,0
INV-206701,C1838,Regional,Midwest,Sales Rep,10,1375.6,45,14,8,0.273,0,,0
INV-206702,C1818,National Account,West,Sales Rep,10,10882.2,60,113,20,0.0,0,,0
INV-206703,C1775,Regional,Midwest,Sales Rep,9,4070.34,60,10,12,0.038,0,,0
INV-206704,C1347,Regional,West,Web Portal,5,935.19,45,85,11,0.015,0,,0
INV-206705,C1154,Regional,Northeast,Phone,8,11638.81,45,5,4,0.0,0,,0
INV-206706,C1426,Regional,Northeast,Phone,1,5037.95,30,24,11,0.208,0,,0
INV-206707,C1616,Independent,Midwest,Phone,11,487.87,30,16,7,0.109,0,,0
INV-206708,C1840,Regional,South,EDI,9,949.56,30,38,14,0.0,0,,0
INV-206709,C1602,Independent,South,Web Portal,12,630.67,30,32,13,0.63,0,,0
INV-206710,C1612,National Account,West,Web Portal,10,16577.31,45,56,30,0.018,0,68.0,1
INV-206711,C1651,Regional,Northeast,Phone,12,1434.28,45,33,8,0.146,0,,0
INV-206712,C1004,National Account,South,Sales Rep,9,6653.65,60,140,21,0.055,0,,0
INV-206713,C1589,Independent,West,Phone,4,2537.87,30,16,6,0.204,0,,1
INV-206714,C1712,National Account,Midwest,Web Portal,2,4724.61,30,66,19,0.0,0,,0
INV-206715,C1230,Independent,Midwest,Phone,5,747.54,30,13,11,0.515,0,,0
INV-206716,C1249,Regional,South,Sales Rep,9,2482.64,60,46,12,0.104,0,,0
INV-206717,C1636,Regional,West,Web Portal,9,19581.74,45,73,9,0.224,0,,0
INV-206718,C1174,Independent,Midwest,Phone,7,1461.78,30,19,9,0.243,0,,0
INV-206719,C1529,Regional,South,Sales Rep,6,11023.51,45,20,11,0.377,0,,0
INV-206720,C1823,National Account,South,EDI,7,11459.15,45,138,18,0.027,0,,0
INV-206721,C1487,Regional,West,Web Portal,11,1473.38,45,74,8,0.259,0,,0
INV-206722,C1138,Independent,West,Sales Rep,3,1280.55,30,28,11,0.058,0,81.0,1
INV-206723,C1359,Independent,Midwest,EDI,3,15147.5,30,50,7,0.264,0,,0
INV-206724,C1510,Regional,Northeast,Web Portal,3,5158.42,45,32,6,0.274,0,,0
INV-206725,C1395,Regional,West,Sales Rep,3,5689.94,60,49,8,0.202,1,,0
INV-206726,C1218,National Account,South,EDI,8,35892.05,45,43,32,0.018,0,,0
INV-206727,C1545,National Account,Northeast,EDI,9,10890.62,60,183,26,0.0,0,,0
INV-206728,C1436,Independent,Midwest,Sales Rep,1,4109.51,45,39,10,0.094,0,,0
INV-206729,C1424,Independent,Midwest,Web Portal,8,2017.09,30,18,7,0.057,0,74.0,1
INV-206730,C1531,Regional,South,Web Portal,8,13513.64,45,22,9,0.091,0,,0
INV-206731,C1099,Independent,Midwest,Web Portal,5,4238.84,30,22,13,0.278,0,,0
INV-206732,C1490,Independent,West,Web Portal,4,7521.24,30,20,7,0.287,0,,0
INV-206733,C1283,Regional,Northeast,EDI,3,20394.81,45,5,10,0.0,0,,0
INV-206734,C1231,National Account,West,Sales Rep,11,11252.51,60,35,21,0.105,0,,0
INV-206735,C1460,Independent,Midwest,Sales Rep,1,1701.78,30,19,9,0.059,0,,0
INV-206736,C1164,Regional,Midwest,Phone,11,3893.24,60,19,11,0.099,0,,0
INV-206737,C1386,National Account,South,Phone,7,24027.56,60,111,13,0.045,0,,0
INV-206738,C1093,Independent,South,Web Portal,2,1635.91,45,42,8,0.07,0,,0
INV-206739,C1733,Regional,Midwest,EDI,8,9177.51,30,16,14,0.053,0,,0
INV-206740,C1390,Independent,West,Web Portal,10,973.74,30,18,10,0.091,0,,0
INV-206741,C1121,National Account,West,Sales Rep,1,35130.07,60,46,22,0.0,0,,0
INV-206742,C1438,Independent,Midwest,Phone,8,1126.0,30,22,14,0.054,0,,0
INV-206743,C1497,National Account,West,Sales Rep,5,8198.27,60,137,30,0.161,0,,0
INV-206744,C1661,National Account,South,Sales Rep,2,7445.48,60,170,21,0.063,0,,0
INV-206745,C1426,Regional,Midwest,Phone,1,509.32,45,24,6,0.283,0,,0
INV-206746,C1082,Independent,West,Web Portal,7,683.9,30,26,8,0.148,0,,0
INV-206747,C1590,Independent,South,Sales Rep,9,1657.9,30,19,6,0.003,0,,0
INV-206748,C1849,Regional,Midwest,EDI,12,14720.88,30,34,9,0.056,0,,0
INV-206749,C1698,National Account,Midwest,Sales Rep,9,8404.97,60,49,14,0.029,0,,0
INV-206750,C1206,Regional,South,Web Portal,5,1456.75,30,35,7,0.037,0,,0
INV-206751,C1642,Regional,West,Sales Rep,8,2877.15,30,47,12,0.116,1,,0
INV-206752,C1402,National Account,Midwest,EDI,11,14839.83,60,66,26,0.12,0,,0
INV-206753,C1260,National Account,Northeast,Phone,4,6476.39,60,11,22,0.33,0,,0
INV-206754,C1764,Independent,Northeast,Sales Rep,12,5433.71,30,11,8,0.185,0,,0
INV-206755,C1573,National Account,West,Phone,2,17979.56,45,63,13,0.233,0,,0
INV-206756,C1679,Regional,Midwest,Web Portal,5,6529.7,30,135,11,0.293,0,,0
INV-206757,C1246,Independent,Midwest,Sales Rep,7,9265.31,30,8,12,0.284,0,,0
INV-206758,C1108,Independent,West,Phone,12,1360.9,45,65,6,0.065,0,,0
INV-206759,C1061,Regional,West,Phone,8,2363.8,45,30,8,0.084,0,85.0,0
INV-206760,C1612,National Account,Midwest,Sales Rep,3,3299.63,45,56,19,0.0,0,,0
INV-206761,C1535,National Account,South,EDI,6,4201.85,60,55,28,0.508,0,,0
INV-206762,C1785,Regional,Midwest,Phone,9,1315.58,30,32,13,0.321,0,,0
INV-206763,C1218,National Account,South,Web Portal,3,7855.04,45,43,23,0.109,0,,0
INV-206764,C1842,Regional,West,EDI,10,5765.98,45,33,15,0.223,0,,0
INV-206765,C1471,National Account,West,Sales Rep,12,5888.31,60,137,21,0.163,0,,0
INV-206766,C1490,Independent,Northeast,Web Portal,3,740.67,30,20,12,0.233,0,,0
INV-206767,C1606,National Account,South,Phone,1,21526.24,45,195,28,0.03,0,,0
INV-206768,C1596,Regional,Midwest,Web Portal,1,2045.75,30,17,8,0.084,0,,0
INV-206769,C1339,Independent,Midwest,Phone,11,2198.77,30,5,12,0.204,0,,0
INV-206770,C1732,National Account,Northeast,EDI,3,18015.63,45,112,20,0.0,0,,0
INV-206771,C1836,Regional,Midwest,Web Portal,12,1322.8,60,10,7,0.025,0,,0
INV-206772,C1084,National Account,South,Sales Rep,6,20724.72,60,258,18,0.0,0,,0
INV-206773,C1493,Regional,West,EDI,1,3047.5,45,33,6,0.083,1,,0
INV-206774,C1612,National Account,South,Sales Rep,1,6138.9,60,56,20,0.0,0,,0
INV-206775,C1453,Regional,South,EDI,9,1668.06,60,50,7,0.046,0,,0
INV-206776,C1794,National Account,South,Sales Rep,7,34557.24,45,50,21,0.0,1,,0
INV-206777,C1286,Regional,West,EDI,5,5695.4,45,11,13,0.098,0,,0
INV-206778,C1489,National Account,South,Sales Rep,3,3402.36,60,13,15,0.437,0,,0
INV-206779,C1398,National Account,South,Phone,10,26205.23,45,161,16,0.053,0,,0
INV-206780,C1220,National Account,South,Sales Rep,8,36007.93,45,29,28,0.358,0,88.0,1
INV-206781,C1016,Independent,West,EDI,7,4149.94,30,15,9,0.292,0,,0
INV-206782,C1203,Independent,West,Web Portal,9,2779.02,45,22,5,0.055,1,,0
INV-206783,C1814,Regional,South,Sales Rep,3,2432.74,45,7,6,0.227,0,,0
INV-206784,C1614,National Account,West,EDI,7,8374.11,45,27,21,0.259,0,,0
INV-206785,C1584,Regional,West,EDI,6,6481.12,30,27,14,0.185,0,,0
INV-206786,C1700,Independent,South,Web Portal,12,1026.04,45,59,10,0.011,0,,0
INV-206787,C1185,Independent,West,Sales Rep,1,2770.75,45,20,15,0.163,0,76.0,0
INV-206788,C1803,National Account,South,Web Portal,10,15364.04,60,32,28,0.0,0,,0
INV-206789,C1067,Independent,Midwest,Sales Rep,9,730.74,45,2,6,0.03,0,,0
INV-206790,C1787,National Account,West,Sales Rep,9,16547.61,60,103,19,0.099,0,,0
INV-206791,C1386,National Account,West,Sales Rep,9,6121.32,45,111,23,0.064,0,,0
INV-206792,C1115,National Account,Midwest,EDI,7,25458.34,60,48,22,0.081,0,,0
INV-206793,C1536,National Account,West,Sales Rep,12,76087.88,45,177,19,0.339,0,,1
INV-206794,C1127,Regional,West,Web Portal,7,4545.38,45,19,14,0.281,0,,0
INV-206795,C1004,National Account,Midwest,Sales Rep,1,12471.27,45,140,34,0.133,1,,0
INV-206796,C1684,Regional,Midwest,Web Portal,3,2251.53,30,107,13,0.037,0,,0
INV-206797,C1442,National Account,Northeast,Web Portal,4,1165.56,45,45,14,0.0,0,,0
INV-206798,C1157,National Account,West,EDI,10,7092.5,60,138,30,0.042,0,,0
INV-206799,C1482,Regional,West,Phone,3,1421.71,30,68,12,0.058,0,,0
INV-206800,C1064,Regional,Midwest,Web Portal,4,13037.51,30,54,6,0.299,0,71.0,1
INV-206801,C1423,Regional,Midwest,Web Portal,1,8908.12,45,54,16,0.056,0,,0
INV-206802,C1649,Independent,Northeast,Phone,5,6221.73,45,29,9,0.239,0,,0
INV-206803,C1768,National Account,Northeast,Sales Rep,2,4022.12,30,109,20,0.067,0,,0
INV-206804,C1764,Independent,Midwest,EDI,6,1166.61,30,11,6,0.133,0,,0
INV-206805,C1446,National Account,Midwest,Phone,4,6404.29,45,78,18,0.127,0,,0
INV-206806,C1792,Independent,Midwest,Web Portal,9,1884.85,30,21,12,0.279,0,,0
INV-206807,C1105,Independent,Midwest,Web Portal,12,1216.65,30,7,8,0.111,0,,0
INV-206808,C1629,Regional,West,Web Portal,4,4171.71,30,15,9,0.053,0,,0
INV-206809,C1730,Regional,South,Phone,6,3729.32,30,26,9,0.128,0,,0
INV-206810,C1553,Independent,Midwest,Web Portal,12,3645.61,30,84,12,0.063,0,,0
INV-206811,C1601,National Account,Midwest,Sales Rep,9,15673.05,45,17,23,0.0,0,,0
INV-206812,C1383,Independent,West,EDI,5,1504.94,30,15,12,0.239,0,,0
INV-206813,C1218,National Account,South,EDI,8,1444.75,30,43,21,0.056,0,,0
INV-206814,C1785,Regional,Northeast,Web Portal,9,1468.77,45,32,14,0.077,0,,0
INV-206815,C1442,National Account,Northeast,EDI,4,4988.67,45,45,27,0.002,0,,0
INV-206816,C1844,Independent,Northeast,Web Portal,12,995.66,30,31,7,0.324,0,,0
INV-206817,C1583,National Account,Northeast,Web Portal,8,39148.6,60,103,25,0.126,0,,0
INV-206818,C1032,Regional,South,EDI,9,946.92,45,41,10,0.128,0,,0
INV-206819,C1750,National Account,South,Web Portal,7,11803.7,45,108,14,0.35,0,,0
INV-206820,C1358,Independent,Northeast,EDI,2,2135.87,60,10,11,0.082,1,,0
INV-206821,C1222,Regional,Northeast,Sales Rep,9,1385.14,45,42,9,0.476,0,,0
INV-206822,C1321,Independent,South,Sales Rep,10,2823.75,30,6,6,0.158,0,73.0,1
INV-206823,C1496,Regional,South,Sales Rep,12,1076.91,45,49,16,0.108,0,,0
INV-206824,C1721,Regional,West,Web Portal,7,1571.78,45,39,6,0.0,0,,0
INV-206825,C1606,National Account,Northeast,Web Portal,8,27161.1,60,195,18,0.0,0,,0
INV-206826,C1243,Regional,Midwest,EDI,11,6431.73,30,20,8,0.017,0,,0
INV-206827,C1834,Regional,South,EDI,11,903.82,30,101,17,0.106,0,,0
INV-206828,C1540,National Account,West,Sales Rep,9,14013.85,60,73,18,0.2,0,108.0,1
INV-206829,C1606,National Account,Midwest,EDI,2,6045.82,30,195,16,0.0,0,,0
INV-206830,C1150,National Account,Midwest,Web Portal,6,17410.4,60,35,20,0.0,0,,0
INV-206831,C1326,Independent,Midwest,EDI,9,1349.79,45,10,3,0.144,0,,0
INV-206832,C1609,Independent,Midwest,Web Portal,10,408.73,30,8,9,0.217,0,,0
INV-206833,C1529,Regional,Midwest,Sales Rep,11,11807.09,45,20,12,0.193,0,,0
INV-206834,C1419,National Account,South,Sales Rep,11,9745.6,60,31,23,0.291,1,,0
INV-206835,C1810,Independent,Midwest,Web Portal,6,2203.1,30,42,11,0.258,0,,0
INV-206836,C1536,National Account,West,Sales Rep,7,5288.28,45,177,31,0.016,0,,0
INV-206837,C1386,National Account,Midwest,EDI,7,7392.09,45,111,24,0.118,0,,0
INV-206838,C1842,Regional,Northeast,Web Portal,6,3348.9,45,33,8,0.198,0,,0
INV-206839,C1290,Regional,South,Web Portal,10,2706.42,45,69,7,0.047,0,,0
INV-206840,C1597,Independent,Midwest,Web Portal,7,3067.32,45,17,13,0.0,0,,0
INV-206841,C1071,Regional,West,Sales Rep,10,1338.12,60,48,13,0.192,0,,0
INV-206842,C1026,National Account,South,Phone,9,7571.34,30,48,23,0.12,0,,0
INV-206843,C1054,Regional,Midwest,Web Portal,12,2754.6,60,80,9,0.106,0,,0
INV-206844,C1190,Independent,West,Web Portal,3,1697.67,45,17,11,0.046,0,,0
INV-206845,C1185,Independent,South,Sales Rep,6,3108.14,30,20,13,0.199,0,,0
INV-206846,C1286,Regional,Northeast,Web Portal,12,1619.37,45,11,8,0.151,0,,0
INV-206847,C1048,Regional,Northeast,Phone,11,8294.52,30,61,11,0.315,0,,0
INV-206848,C1274,National Account,South,Sales Rep,9,23464.0,45,33,22,0.085,0,,0
INV-206849,C1692,National Account,West,Sales Rep,12,4145.36,30,42,19,0.07,0,,0
INV-206850,C1129,Independent,South,EDI,11,2140.74,30,20,9,0.256,0,,0
INV-206851,C1274,National Account,South,Sales Rep,12,18990.79,30,33,17,0.174,0,,0
INV-206852,C1733,Regional,South,EDI,7,10426.56,30,16,11,0.382,0,56.0,1
INV-206853,C1394,National Account,Midwest,Phone,10,6804.17,45,93,24,0.0,0,,0
INV-206854,C1593,Regional,Midwest,Sales Rep,11,9033.42,30,128,11,0.092,0,,0
INV-206855,C1161,Regional,Midwest,EDI,10,3702.72,60,108,10,0.11,0,,0
INV-206856,C1613,Regional,South,Phone,2,6032.08,45,35,11,0.32,0,76.0,1
INV-206857,C1615,Independent,South,EDI,4,1279.98,60,15,11,0.174,0,,0
INV-206858,C1698,National Account,Midwest,EDI,4,5206.5,60,49,24,0.0,0,,0
INV-206859,C1679,Regional,South,Phone,10,3415.51,45,135,8,0.308,0,,0
INV-206860,C1249,Regional,South,Sales Rep,2,1523.48,30,46,9,0.0,0,,0
INV-206861,C1689,National Account,Northeast,Sales Rep,5,14117.5,45,41,20,0.528,0,,0
INV-206862,C1740,Independent,Midwest,EDI,8,4699.29,30,44,12,0.295,0,,0
INV-206863,C1447,Independent,Northeast,Sales Rep,5,3005.38,30,13,16,0.175,0,,0
INV-206864,C1684,Regional,South,Sales Rep,5,15594.43,30,107,8,0.102,0,,0
INV-206865,C1375,National Account,Midwest,Web Portal,12,61944.28,60,39,22,0.158,0,,0
INV-206866,C1569,Independent,Northeast,Sales Rep,6,815.81,30,9,13,0.149,0,,0
INV-206867,C1704,Independent,South,Sales Rep,12,979.49,30,11,8,0.241,0,,0
INV-206868,C1547,Regional,Northeast,Web Portal,12,1401.38,60,9,9,0.044,0,,0
INV-206869,C1248,National Account,Midwest,Sales Rep,10,4230.52,45,47,27,0.144,0,,0
INV-206870,C1792,Independent,Northeast,Sales Rep,9,1235.37,45,21,12,0.463,0,,0
INV-206871,C1292,Regional,Midwest,Sales Rep,5,2541.37,60,29,11,0.048,1,,0
INV-206872,C1351,Independent,Midwest,Phone,10,1624.52,45,23,8,0.339,0,,0
INV-206873,C1192,Regional,West,Phone,9,3883.78,30,39,16,0.038,0,,0
INV-206874,C1744,Independent,West,Phone,3,3474.56,60,39,10,0.0,1,,0
INV-206875,C1186,National Account,South,EDI,9,9335.38,60,69,27,0.061,0,,0
INV-206876,C1091,National Account,South,Phone,3,30060.69,60,111,21,0.256,0,,0
INV-206877,C1158,Regional,Northeast,EDI,11,9165.62,45,33,9,0.067,1,,0
INV-206878,C1442,National Account,West,Web Portal,2,8285.39,60,45,16,0.014,0,,0
INV-206879,C1172,Independent,Northeast,Sales Rep,1,2736.68,30,6,10,0.212,0,,0
INV-206880,C1279,Independent,South,Web Portal,9,2306.85,30,17,11,0.087,0,,0
INV-206881,C1118,Regional,West,EDI,12,3458.03,30,8,12,0.109,0,,0
INV-206882,C1717,Independent,West,Sales Rep,5,5723.96,45,10,9,0.162,0,,0
INV-206883,C1096,Independent,Northeast,Web Portal,6,3722.89,30,15,12,0.128,0,,0
INV-206884,C1334,National Account,Northeast,EDI,10,4068.64,60,103,28,0.187,0,,0
INV-206885,C1446,National Account,West,EDI,4,7635.2,30,78,28,0.16,0,,0
INV-206886,C1076,Independent,Midwest,Sales Rep,1,852.44,45,39,12,0.215,0,66.0,1
INV-206887,C1463,National Account,Midwest,Sales Rep,3,3109.27,60,90,26,0.0,0,,0
INV-206888,C1111,National Account,Northeast,Phone,12,6896.66,60,93,26,0.189,0,,0
INV-206889,C1706,Regional,West,Sales Rep,8,883.62,30,17,13,0.361,0,,0
INV-206890,C1352,National Account,Northeast,Phone,10,12452.13,45,35,16,0.093,0,,0
INV-206891,C1534,Regional,West,EDI,11,1820.5,30,38,9,0.222,0,,0
INV-206892,C1144,Regional,South,Sales Rep,11,1562.16,30,31,8,0.111,0,,0
INV-206893,C1525,Regional,Northeast,Sales Rep,11,7825.06,30,56,10,0.227,0,83.0,1
INV-206894,C1094,Independent,Midwest,Sales Rep,9,8760.54,30,28,11,0.219,0,,0
INV-206895,C1226,Regional,South,Sales Rep,7,2026.94,30,108,10,0.108,0,,0
INV-206896,C1535,National Account,West,Sales Rep,5,13515.19,45,55,22,0.046,0,,0
INV-206897,C1748,Regional,South,EDI,3,13444.58,30,120,11,0.139,1,,0
INV-206898,C1071,Regional,Northeast,Web Portal,11,5263.3,45,48,10,0.489,0,,0
INV-206899,C1091,National Account,South,EDI,6,7954.91,45,111,21,0.118,0,,0
INV-206900,C1158,Regional,Midwest,Sales Rep,11,7502.64,45,33,6,0.033,0,,0
INV-206901,C1328,National Account,South,Sales Rep,7,6438.64,45,81,23,0.242,0,,0
INV-206902,C1688,Regional,South,Phone,12,915.2,45,133,7,0.0,0,,0
INV-206903,C1580,Regional,West,Sales Rep,6,4361.87,30,20,13,0.302,0,,0
INV-206904,C1130,Independent,Midwest,Web Portal,3,7538.37,30,5,13,0.098,0,,0
INV-206905,C1106,National Account,West,EDI,7,25199.82,45,46,25,0.117,0,,0
INV-206906,C1532,Regional,Northeast,Sales Rep,5,8097.66,30,19,11,0.058,0,,0
INV-206907,C1227,Regional,Midwest,Phone,11,1221.38,30,34,7,0.051,0,,0
INV-206908,C1034,Regional,South,Sales Rep,4,1180.38,30,52,7,0.311,0,,0
INV-206909,C1255,National Account,West,Web Portal,8,7255.2,45,86,20,0.0,0,,0
INV-206910,C1830,Regional,West,Web Portal,12,2633.69,30,21,10,0.025,0,,0
INV-206911,C1659,National Account,South,Sales Rep,10,43454.04,60,99,28,0.021,0,,0
INV-206912,C1595,Regional,West,Web Portal,3,4404.87,30,17,13,0.051,0,,0
INV-206913,C1776,Regional,West,Phone,11,4228.6,30,13,9,0.094,0,,0
INV-206914,C1594,National Account,Northeast,Sales Rep,12,8827.89,45,75,24,0.014,0,,0
INV-206915,C1221,Independent,South,Phone,10,5049.09,30,15,10,0.383,0,69.0,1
INV-206916,C1154,Regional,West,Sales Rep,5,4540.02,30,5,13,0.0,0,,0
INV-206917,C1007,Regional,West,Sales Rep,4,5926.76,45,72,11,0.125,0,,0
INV-206918,C1666,Regional,West,Web Portal,11,1137.65,45,103,6,0.05,0,,0
INV-206919,C1146,National Account,South,Phone,10,6774.19,60,38,24,0.24,0,82.0,1
INV-206920,C1246,Independent,Midwest,Phone,9,1346.72,60,8,6,0.267,0,,0
INV-206921,C1584,Regional,Midwest,Phone,6,5735.03,30,27,13,0.199,1,,0
INV-206922,C1097,National Account,Midwest,EDI,3,8046.19,60,32,27,0.0,0,,0
INV-206923,C1797,Regional,South,Sales Rep,3,3369.98,30,60,10,0.212,0,,0
INV-206924,C1621,Independent,Midwest,Phone,2,6223.34,45,9,12,0.367,0,,1
INV-206925,C1505,National Account,Midwest,Sales Rep,7,34096.46,45,68,18,0.25,0,,0
INV-206926,C1337,Regional,South,Web Portal,5,5117.53,45,20,9,0.153,0,,0
INV-206927,C1084,National Account,South,Web Portal,8,6093.99,60,258,23,0.0,0,,0
INV-206928,C1032,Regional,South,EDI,3,4165.04,45,41,9,0.086,0,,0
INV-206929,C1742,Regional,South,Web Portal,11,2495.76,45,19,6,0.0,0,,0
INV-206930,C1153,Regional,Midwest,Web Portal,12,2151.96,30,80,8,0.12,0,,0
INV-206931,C1437,National Account,South,Sales Rep,11,5780.94,60,20,18,0.18,0,,0
INV-206932,C1647,Regional,Midwest,Web Portal,12,2270.71,45,24,9,0.24,0,,0
INV-206933,C1714,Regional,Midwest,Sales Rep,1,1299.07,30,39,11,0.23,0,,0
INV-206934,C1710,National Account,Midwest,Sales Rep,8,9015.41,60,54,26,0.021,0,,0
INV-206935,C1279,Independent,South,Web Portal,6,3289.49,45,17,8,0.096,0,,0
INV-206936,C1131,Regional,Midwest,Phone,8,1966.45,45,56,14,0.034,0,,0
INV-206937,C1333,Regional,Northeast,Sales Rep,12,3780.85,45,19,6,0.104,1,,0
INV-206938,C1493,Regional,South,Web Portal,9,4980.26,60,33,12,0.147,0,,0
INV-206939,C1080,Independent,South,Web Portal,12,694.54,30,32,9,0.16,0,,0
INV-206940,C1301,National Account,South,EDI,11,9186.75,45,199,30,0.01,0,,0
INV-206941,C1849,Regional,West,Web Portal,7,2446.74,45,34,8,0.091,1,,0
INV-206942,C1552,National Account,South,Web Portal,5,4352.54,45,18,22,0.091,0,,0
INV-206943,C1534,Regional,South,Sales Rep,2,629.53,30,38,10,0.054,1,,0
INV-206944,C1572,Regional,South,Sales Rep,6,2130.35,45,15,8,0.015,0,,0
INV-206945,C1427,National Account,South,Web Portal,10,3465.09,60,71,20,0.0,0,,0
INV-206946,C1380,Independent,South,Phone,10,7761.75,45,31,7,0.24,0,,0
INV-206947,C1287,Regional,Northeast,EDI,4,3465.99,60,72,14,0.109,1,,0
INV-206948,C1610,Regional,West,Web Portal,9,1753.22,30,22,10,0.102,0,,0
INV-206949,C1115,National Account,Midwest,Sales Rep,6,19135.3,30,48,20,0.08,0,,0
INV-206950,C1816,National Account,Midwest,Sales Rep,6,9024.06,45,25,23,0.117,0,,0
INV-206951,C1592,Independent,Midwest,Phone,3,16678.46,30,29,8,0.25,1,53.0,1
INV-206952,C1672,Regional,South,Web Portal,3,2163.75,30,30,9,0.032,0,,0
INV-206953,C1778,Regional,Northeast,Web Portal,11,658.59,60,54,8,0.08,0,,0
INV-206954,C1105,Independent,South,Phone,6,2037.49,30,7,5,0.027,0,,0
INV-206955,C1573,National Account,Midwest,Sales Rep,12,3302.8,60,63,20,0.336,0,,0
INV-206956,C1006,Regional,Midwest,Phone,1,5534.07,45,23,10,0.011,0,,0
INV-206957,C1016,Independent,West,Sales Rep,1,1160.77,45,15,13,0.144,0,,0
INV-206958,C1791,Regional,South,EDI,5,7986.85,30,143,6,0.0,0,,0
INV-206959,C1082,Independent,Midwest,Sales Rep,1,1559.38,30,26,8,0.101,0,60.0,0
INV-206960,C1711,Regional,Midwest,Web Portal,9,2865.35,30,13,9,0.173,0,,0
INV-206961,C1488,Regional,Northeast,Phone,4,7897.45,30,79,9,0.219,0,,0
INV-206962,C1655,Regional,South,Web Portal,12,2709.56,45,22,6,0.161,0,,0
INV-206963,C1017,Independent,Northeast,EDI,11,1175.5,30,15,9,0.029,0,,0
INV-206964,C1803,National Account,West,EDI,2,6903.03,60,32,23,0.189,0,,0
INV-206965,C1020,Independent,Midwest,Sales Rep,1,3090.32,30,2,7,0.217,0,,0
INV-206966,C1698,National Account,Midwest,Sales Rep,1,14702.55,60,49,31,0.0,0,,0
INV-206967,C1534,Regional,Northeast,Sales Rep,12,3675.07,30,38,10,0.191,0,,0
INV-206968,C1321,Independent,West,Web Portal,3,1507.16,60,6,8,0.017,0,,0
INV-206969,C1100,Regional,Northeast,EDI,2,11909.94,30,31,12,0.004,0,,0
INV-206970,C1589,Independent,Northeast,EDI,11,3358.29,30,16,7,0.441,0,,0
INV-206971,C1681,Regional,West,Sales Rep,5,4872.14,45,43,10,0.234,0,,0
INV-206972,C1521,Independent,Midwest,Web Portal,10,4619.45,30,2,20,0.199,0,,0
INV-206973,C1709,National Account,Midwest,Web Portal,7,2514.38,45,45,23,0.028,0,,0
INV-206974,C1442,National Account,South,EDI,7,4194.73,60,45,21,0.0,0,,0
INV-206975,C1440,Regional,Northeast,Phone,2,7929.57,45,67,11,0.202,1,,0
INV-206976,C1432,Regional,Northeast,EDI,9,1957.14,45,17,13,0.129,0,,0
INV-206977,C1684,Regional,Northeast,Sales Rep,6,3002.57,45,107,14,0.139,0,,0
INV-206978,C1057,Independent,South,Web Portal,2,4357.65,45,25,11,0.167,1,,0
INV-206979,C1332,National Account,West,Phone,10,9309.74,30,14,24,0.246,0,52.0,1
INV-206980,C1209,Independent,Midwest,Sales Rep,5,558.49,45,5,9,0.164,0,,0
INV-206981,C1421,Regional,South,Sales Rep,2,5015.47,45,29,7,0.177,0,,0
INV-206982,C1148,Regional,South,Web Portal,7,22441.3,60,18,13,0.223,0,,0
INV-206983,C1113,Regional,South,Web Portal,11,1432.61,45,26,7,0.242,1,,0
INV-206984,C1257,Regional,South,EDI,3,1550.03,30,35,10,0.208,0,,0
INV-206985,C1517,Regional,Midwest,Sales Rep,1,1246.79,45,38,18,0.015,0,,0
INV-206986,C1004,National Account,West,EDI,11,9415.8,60,140,19,0.217,0,,0
INV-206987,C1025,Regional,Midwest,Web Portal,3,4582.94,45,14,7,0.213,0,,0
INV-206988,C1419,National Account,Midwest,Web Portal,9,10194.11,45,31,18,0.143,0,,0
INV-206989,C1187,Independent,South,EDI,11,826.47,30,24,10,0.242,0,,0
INV-206990,C1255,National Account,South,Sales Rep,5,22931.81,60,86,24,0.025,0,,0
INV-206991,C1528,Independent,Northeast,Sales Rep,4,1424.78,30,19,7,0.115,0,,0
INV-206992,C1061,Regional,Northeast,Phone,5,3338.18,60,30,12,0.215,0,,0
INV-206993,C1406,Independent,South,Phone,6,5742.54,45,13,9,0.203,1,,0
INV-206994,C1402,National Account,Midwest,Web Portal,8,12099.33,60,66,28,0.337,0,,0
INV-206995,C1056,Independent,South,Sales Rep,10,611.81,45,16,8,0.14,0,,0
INV-206996,C1094,Independent,South,Sales Rep,10,3760.28,30,28,5,0.171,0,,0
INV-206997,C1252,National Account,West,Phone,6,26405.2,60,90,19,0.177,1,,0
INV-206998,C1532,Regional,South,Web Portal,1,6694.44,60,19,14,0.154,0,,0
INV-206999,C1827,National Account,South,Phone,12,20080.84,60,73,21,0.043,0,,0
INV-207000,C1477,National Account,Northeast,Phone,11,7931.28,60,173,21,0.194,0,,0
INV-207001,C1310,National Account,Northeast,Web Portal,5,15011.62,45,161,13,0.129,0,,0
INV-207002,C1748,Regional,West,Sales Rep,1,620.91,30,120,7,0.0,0,,0
INV-207003,C1601,National Account,Midwest,EDI,12,11106.64,60,17,17,0.064,0,,0
INV-207004,C1540,National Account,Northeast,Web Portal,1,10015.07,45,73,26,0.049,0,,0
INV-207005,C1217,National Account,Midwest,Sales Rep,1,5745.08,45,134,19,0.057,0,,0
INV-207006,C1386,National Account,Northeast,Web Portal,6,6066.58,60,111,23,0.139,0,,0
INV-207007,C1764,Independent,Midwest,Phone,7,5297.77,30,11,7,0.172,0,,0
INV-207008,C1142,Independent,West,EDI,7,1506.32,45,12,15,0.061,0,,0
INV-207009,C1433,Independent,South,Phone,1,1237.19,45,32,8,0.262,0,,0
INV-207010,C1330,Independent,Northeast,Web Portal,11,626.79,30,14,9,0.132,0,,0
INV-207011,C1118,Regional,Midwest,Sales Rep,7,4626.99,45,8,8,0.153,0,,0
INV-207012,C1613,Regional,West,Sales Rep,5,6268.88,45,35,17,0.276,0,70.0,1
INV-207013,C1220,National Account,Midwest,Sales Rep,1,2885.79,45,29,19,0.0,0,,0
INV-207014,C1449,National Account,Northeast,Phone,12,4789.15,60,192,25,0.0,0,,0
INV-207015,C1037,Regional,South,Sales Rep,7,8611.11,60,75,7,0.037,0,,0
INV-207016,C1262,Regional,South,Phone,5,6514.97,45,48,12,0.29,0,,0
INV-207017,C1669,Independent,Midwest,Sales Rep,4,903.96,45,4,10,0.056,0,,0
INV-207018,C1079,Regional,West,Web Portal,1,3572.08,30,147,14,0.091,0,,0
INV-207019,C1144,Regional,Northeast,Sales Rep,4,2056.41,45,31,14,0.057,0,,0
INV-207020,C1818,National Account,Northeast,Web Portal,3,8211.08,60,113,25,0.052,0,,0
INV-207021,C1524,National Account,Northeast,Sales Rep,11,14670.3,30,36,32,0.0,0,56.0,1
INV-207022,C1628,Independent,South,EDI,7,1948.85,30,35,11,0.108,0,,0
INV-207023,C1428,National Account,Northeast,EDI,1,12808.89,45,19,24,0.058,0,,0
INV-207024,C1751,National Account,Northeast,Sales Rep,11,13237.93,60,60,26,0.127,0,,0
INV-207025,C1225,Independent,Midwest,EDI,7,4903.12,30,5,7,0.206,0,,0
INV-207026,C1517,Regional,West,Web Portal,3,2926.93,45,38,14,0.047,0,,0
INV-207027,C1037,Regional,West,EDI,9,8582.55,45,75,7,0.102,0,,0
INV-207028,C1840,Regional,South,Sales Rep,1,902.1,30,38,7,0.197,0,,0
INV-207029,C1378,Independent,Midwest,Phone,12,1532.62,30,79,8,0.199,0,,0
INV-207030,C1252,National Account,Midwest,Sales Rep,4,2298.76,60,90,30,0.135,0,,0
INV-207031,C1427,National Account,West,EDI,7,8465.87,60,71,32,0.0,0,,0
INV-207032,C1010,Regional,West,Sales Rep,10,2343.39,30,5,13,0.345,0,,0
INV-207033,C1237,National Account,Midwest,Web Portal,4,2873.74,45,55,17,0.038,0,,0
INV-207034,C1352,National Account,West,Web Portal,1,3155.87,45,35,19,0.096,0,,0
INV-207035,C1769,Independent,West,EDI,10,2206.02,30,23,7,0.191,0,,0
INV-207036,C1671,National Account,South,EDI,10,14454.94,30,231,18,0.0,0,,0
INV-207037,C1045,National Account,Northeast,Sales Rep,6,6541.21,60,120,29,0.0,0,,0
INV-207038,C1681,Regional,Midwest,Phone,8,1775.27,45,43,9,0.229,0,,0
INV-207039,C1364,Regional,West,EDI,6,1909.68,30,11,4,0.149,0,,0
INV-207040,C1353,National Account,West,Sales Rep,8,6846.95,30,24,24,0.216,0,,0
INV-207041,C1084,National Account,South,Phone,2,52805.47,60,258,19,0.089,0,,0
INV-207042,C1787,National Account,Midwest,EDI,9,8291.48,45,103,29,0.0,0,,0
INV-207043,C1748,Regional,West,EDI,12,25148.78,30,120,6,0.108,0,,0
INV-207044,C1192,Regional,Midwest,Web Portal,9,3153.92,60,39,13,0.157,0,105.0,1
INV-207045,C1758,Regional,West,EDI,8,3371.32,30,30,10,0.507,0,,0
INV-207046,C1067,Independent,South,Sales Rep,12,2257.71,30,2,13,0.068,0,,0
INV-207047,C1465,Regional,Midwest,Phone,5,1472.38,30,4,10,0.12,0,,0
INV-207048,C1745,Regional,South,Phone,10,2764.96,45,73,10,0.135,0,92.0,1
INV-207049,C1437,National Account,West,EDI,9,6259.16,45,20,29,0.294,0,,0
INV-207050,C1594,National Account,South,Web Portal,2,6348.32,60,75,28,0.0,0,,0
INV-207051,C1180,Independent,Midwest,Phone,5,463.93,30,21,6,0.022,0,,0
INV-207052,C1069,National Account,West,EDI,10,4432.09,45,16,16,0.028,0,,0
INV-207053,C1594,National Account,Midwest,Web Portal,6,14758.91,45,75,33,0.247,0,,0
INV-207054,C1739,Independent,Midwest,Web Portal,11,1126.97,30,28,4,0.063,0,,0
INV-207055,C1329,Independent,Northeast,EDI,10,1532.1,30,8,8,0.117,0,,0
INV-207056,C1506,Independent,Northeast,EDI,7,3046.41,45,4,8,0.219,0,,0
INV-207057,C1211,Regional,West,EDI,8,4902.03,30,61,9,0.083,0,,0
INV-207058,C1601,National Account,West,Phone,9,11522.93,45,17,20,0.127,0,,0
INV-207059,C1374,Regional,Midwest,Web Portal,5,3472.57,45,17,11,0.061,1,,0
INV-207060,C1775,Regional,South,Web Portal,1,3691.43,45,10,7,0.314,0,,0
INV-207061,C1612,National Account,South,Web Portal,7,9297.03,30,56,25,0.085,0,,0
INV-207062,C1332,National Account,West,Sales Rep,11,4475.41,45,14,17,0.162,0,,0
INV-207063,C1507,National Account,South,Web Portal,4,2577.59,45,37,17,0.193,0,,0
INV-207064,C1688,Regional,Northeast,Sales Rep,6,20368.04,30,133,9,0.248,0,,0
INV-207065,C1170,National Account,South,Web Portal,8,11527.62,45,47,18,0.218,0,,0
INV-207066,C1752,Regional,Midwest,Web Portal,5,1888.21,45,22,9,0.026,0,,0
INV-207067,C1448,Independent,Midwest,Sales Rep,3,2248.03,30,4,6,0.013,0,,0
INV-207068,C1077,Regional,Northeast,Sales Rep,9,2936.67,60,39,11,0.0,0,,0
INV-207069,C1019,National Account,West,Phone,11,7079.75,30,43,26,0.019,0,,0
INV-207070,C1152,Independent,Northeast,Sales Rep,1,158.36,30,9,9,0.172,0,,0
INV-207071,C1358,Independent,South,Phone,11,5732.72,45,10,18,0.031,0,,0
INV-207072,C1670,Regional,Midwest,Web Portal,5,3305.07,60,89,17,0.0,0,,0
INV-207073,C1127,Regional,Northeast,EDI,3,3554.21,45,19,12,0.015,0,,0
INV-207074,C1374,Regional,South,Sales Rep,6,5567.43,45,17,11,0.257,0,,0
INV-207075,C1591,Independent,West,EDI,10,3114.91,30,8,6,0.256,0,50.0,1
INV-207076,C1586,Independent,West,EDI,6,2106.74,30,7,7,0.169,0,,0
INV-207077,C1344,Independent,Midwest,Web Portal,10,1422.71,30,5,13,0.08,0,,0
INV-207078,C1007,Regional,Northeast,Sales Rep,11,2654.06,30,72,13,0.217,0,,0
INV-207079,C1612,National Account,Northeast,EDI,1,8625.66,60,56,19,0.103,0,,0
INV-207080,C1004,National Account,West,Web Portal,7,29552.17,60,140,15,0.094,0,,0
INV-207081,C1787,National Account,South,Web Portal,1,3475.7,60,103,28,0.162,0,,0
INV-207082,C1353,National Account,South,Web Portal,1,22323.68,30,24,28,0.1,0,,1
INV-207083,C1381,Regional,Northeast,Sales Rep,2,3350.62,60,92,10,0.148,0,,0
INV-207084,C1075,Independent,Midwest,Phone,1,106.94,30,29,10,0.237,0,,0
INV-207085,C1773,Independent,West,EDI,3,385.44,30,18,9,0.143,0,,0
INV-207086,C1709,National Account,Midwest,Sales Rep,10,19620.62,45,45,24,0.25,0,,0
INV-207087,C1735,Independent,South,Web Portal,6,11840.51,30,11,6,0.482,0,,0
INV-207088,C1106,National Account,South,Phone,4,3045.38,60,46,18,0.049,0,,0
INV-207089,C1599,Regional,Midwest,Web Portal,5,1277.57,45,69,11,0.205,0,,0
INV-207090,C1248,National Account,South,EDI,5,3870.32,45,47,16,0.128,0,,0
INV-207091,C1723,Independent,Midwest,Web Portal,8,4538.1,30,8,11,0.065,0,,0
INV-207092,C1754,Regional,Midwest,EDI,9,7431.25,45,30,8,0.048,0,89.0,0
INV-207093,C1328,National Account,South,Sales Rep,2,23398.39,60,81,23,0.169,0,,0
INV-207094,C1790,National Account,Midwest,Web Portal,9,95065.17,45,87,18,0.126,0,,0
INV-207095,C1077,Regional,Midwest,Web Portal,1,1407.97,60,39,10,0.0,0,,0
INV-207096,C1536,National Account,South,Sales Rep,3,16755.84,45,177,23,0.125,0,,0
INV-207097,C1794,National Account,Northeast,Web Portal,3,8181.69,60,50,23,0.249,0,,0
INV-207098,C1503,Regional,West,Sales Rep,5,7174.05,45,42,14,0.221,0,,0
INV-207099,C1798,Regional,Midwest,Phone,11,1322.35,45,90,13,0.256,0,,0
INV-207100,C1632,Regional,Midwest,Phone,9,2796.45,60,48,8,0.317,0,114.0,1
INV-207101,C1526,National Account,South,Phone,1,5549.99,60,14,20,0.217,0,101.0,1
INV-207102,C1843,Regional,Midwest,Sales Rep,9,5936.56,45,29,6,0.081,1,,0
INV-207103,C1481,Regional,West,Sales Rep,12,8999.13,45,11,7,0.151,0,,0
INV-207104,C1675,National Account,South,Web Portal,7,7327.69,60,120,21,0.0,0,,0
INV-207105,C1824,Independent,South,Sales Rep,10,2805.67,30,35,6,0.106,0,,0
INV-207106,C1644,Regional,South,EDI,6,6132.26,30,46,10,0.14,0,,0
INV-207107,C1194,Regional,South,EDI,11,2470.37,45,51,12,0.141,0,,0
INV-207108,C1303,Independent,Northeast,Web Portal,5,1113.58,30,2,11,0.0,0,,0
INV-207109,C1052,Independent,West,Sales Rep,1,950.74,30,15,6,0.215,0,,0
INV-207110,C1621,Independent,South,Phone,5,994.12,30,9,13,0.17,0,,0
INV-207111,C1692,National Account,Midwest,Phone,9,8652.34,60,42,21,0.124,0,,0
INV-207112,C1358,Independent,Northeast,Sales Rep,8,4060.04,30,10,7,0.284,0,,0
INV-207113,C1262,Regional,Northeast,Sales Rep,1,1552.26,30,48,15,0.074,0,,0
INV-207114,C1165,Independent,Midwest,Sales Rep,11,22097.38,30,13,17,0.062,0,,0
INV-207115,C1103,National Account,Midwest,Phone,11,20687.03,45,80,23,0.042,0,,0
INV-207116,C1015,Regional,West,EDI,7,2190.25,45,20,13,0.174,0,,0
INV-207117,C1570,Independent,Midwest,EDI,6,1895.06,30,9,12,0.058,0,,0
INV-207118,C1140,Independent,Northeast,Web Portal,6,1515.83,45,3,10,0.121,1,,0
INV-207119,C1684,Regional,South,EDI,8,2494.34,30,107,11,0.195,0,,0
INV-207120,C1166,Regional,Midwest,EDI,5,7015.67,45,20,5,0.46,0,,0
INV-207121,C1734,Independent,South,Web Portal,1,1307.15,45,95,11,0.033,0,,0
INV-207122,C1178,National Account,Midwest,Sales Rep,5,12192.71,30,58,25,0.177,0,,0
INV-207123,C1689,National Account,Northeast,Sales Rep,8,8078.1,30,41,23,0.112,0,,0
INV-207124,C1220,National Account,South,Web Portal,9,21071.6,45,29,24,0.082,0,,0
INV-207125,C1149,Regional,Northeast,Web Portal,12,4072.57,60,20,11,0.0,0,,0
INV-207126,C1770,Regional,West,Phone,12,3647.7,45,13,7,0.041,0,84.0,1
INV-207127,C1613,Regional,West,EDI,1,5380.19,45,35,12,0.211,0,,0
INV-207128,C1386,National Account,Northeast,Sales Rep,11,16216.44,60,111,20,0.0,0,,0
INV-207129,C1417,Regional,West,Web Portal,10,6504.13,30,4,11,0.1,0,,0
INV-207130,C1397,National Account,Midwest,Sales Rep,5,3010.3,60,54,32,0.0,0,,0
INV-207131,C1535,National Account,West,EDI,5,7829.34,60,55,20,0.0,0,,0
INV-207132,C1800,Independent,West,Web Portal,1,5221.59,30,18,13,0.222,0,,0
INV-207133,C1594,National Account,Midwest,Phone,10,44117.01,45,75,32,0.194,0,,0
INV-207134,C1168,Regional,West,Phone,12,4612.01,60,50,11,0.0,0,,0
INV-207135,C1506,Independent,Midwest,EDI,3,2889.03,30,4,10,0.625,0,,0
INV-207136,C1608,Independent,Northeast,Web Portal,10,887.41,30,17,8,0.065,0,,0
INV-207137,C1543,Regional,South,EDI,4,3455.42,60,19,6,0.092,0,,0
INV-207138,C1666,Regional,Northeast,Web Portal,6,2983.82,45,103,9,0.254,0,,0
INV-207139,C1443,Regional,South,Sales Rep,3,3249.99,30,54,12,0.333,0,,0
INV-207140,C1433,Independent,Midwest,Sales Rep,8,3331.05,45,32,14,0.142,0,,0
INV-207141,C1781,Regional,South,Sales Rep,5,5246.02,30,23,7,0.34,1,76.0,1
INV-207142,C1599,Regional,Midwest,Sales Rep,3,2302.18,30,69,9,0.021,0,,0
INV-207143,C1387,Regional,Northeast,Sales Rep,9,5854.93,60,55,7,0.022,0,,0
INV-207144,C1339,Independent,Midwest,Web Portal,3,2272.46,30,5,15,0.15,0,,0
INV-207145,C1148,Regional,South,Sales Rep,1,5231.96,45,18,9,0.084,1,,0
INV-207146,C1490,Independent,West,Phone,4,3308.88,45,20,8,0.144,1,,0
INV-207147,C1598,Independent,West,EDI,9,4183.32,30,12,9,0.162,0,,0
INV-207148,C1488,Regional,South,Sales Rep,8,942.16,45,79,7,0.079,0,86.0,0
INV-207149,C1463,National Account,West,Phone,8,14895.22,45,90,20,0.283,0,,0
INV-207150,C1134,National Account,West,Phone,8,14067.54,45,43,13,0.141,0,,0
INV-207151,C1230,Independent,South,Web Portal,1,2807.14,30,13,6,0.285,0,,0
INV-207152,C1737,Regional,Midwest,EDI,7,2629.3,60,28,6,0.369,0,102.0,0
INV-207153,C1533,Independent,South,Phone,11,2069.35,30,9,11,0.091,0,,0
INV-207154,C1331,Independent,Midwest,Sales Rep,6,3410.03,45,14,16,0.104,0,,0
INV-207155,C1362,Regional,West,Sales Rep,2,13182.0,45,30,15,0.021,0,,0
INV-207156,C1428,National Account,West,Sales Rep,10,5584.04,60,19,18,0.0,0,,0
INV-207157,C1202,National Account,West,Web Portal,4,6658.91,60,98,27,0.0,0,,0
INV-207158,C1322,Independent,South,Web Portal,6,5260.31,45,39,7,0.295,0,,0
INV-207159,C1807,National Account,West,EDI,12,4369.33,45,170,27,0.013,0,,0
INV-207160,C1419,National Account,Midwest,Sales Rep,11,5635.13,30,31,28,0.047,0,,0
INV-207161,C1468,Independent,West,Web Portal,7,6975.1,30,11,11,0.0,0,,0
INV-207162,C1332,National Account,Northeast,Sales Rep,8,26235.21,45,14,31,0.142,0,,0
INV-207163,C1297,National Account,West,Web Portal,12,3872.78,45,77,24,0.384,0,,0
INV-207164,C1397,National Account,Midwest,Sales Rep,11,9745.53,45,54,21,0.183,0,,0
INV-207165,C1777,Regional,South,Sales Rep,3,31085.58,60,49,10,0.164,0,,0
INV-207166,C1353,National Account,West,EDI,8,16389.37,60,24,25,0.256,0,,0
INV-207167,C1396,Independent,South,Web Portal,2,1314.99,30,32,7,0.034,0,,0
INV-207168,C1802,Regional,Midwest,Sales Rep,5,15810.29,45,102,9,0.219,0,,0
INV-207169,C1691,Independent,South,Phone,4,2005.47,45,8,12,0.255,0,85.0,0
INV-207170,C1492,National Account,South,Web Portal,7,33818.26,60,102,22,0.223,0,99.0,1
INV-207171,C1491,Independent,Northeast,Phone,3,3235.42,30,34,8,0.03,0,,0
INV-207172,C1402,National Account,South,Sales Rep,5,11488.75,30,66,19,0.211,0,,0
INV-207173,C1163,National Account,South,Web Portal,9,13834.97,30,48,27,0.164,0,,0
INV-207174,C1711,Regional,West,Sales Rep,10,3222.62,45,13,8,0.246,1,95.0,1
INV-207175,C1077,Regional,South,Web Portal,9,3999.86,30,39,13,0.0,0,,0
INV-207176,C1394,National Account,Midwest,Sales Rep,8,17528.52,60,93,31,0.0,0,,0
INV-207177,C1779,Regional,West,EDI,3,10833.47,45,17,11,0.107,0,,0
INV-207178,C1395,Regional,South,EDI,10,1305.11,45,49,7,0.095,0,,0
INV-207179,C1790,National Account,South,Web Portal,2,12449.19,30,87,24,0.0,0,,0
INV-207180,C1473,Independent,Midwest,Web Portal,6,1417.11,45,17,13,0.177,0,69.0,1
INV-207181,C1036,Independent,South,Phone,6,2066.07,30,28,12,0.0,0,,0
INV-207182,C1066,Regional,Midwest,Phone,6,4484.52,30,38,3,0.127,0,,0
INV-207183,C1397,National Account,West,Web Portal,6,7353.46,45,54,20,0.0,0,,0
INV-207184,C1437,National Account,South,Web Portal,10,3767.65,30,20,31,0.187,0,,0
INV-207185,C1459,Regional,Northeast,Web Portal,4,3131.35,45,24,9,0.277,0,68.0,1
INV-207186,C1801,Independent,Northeast,EDI,7,4053.35,45,33,12,0.241,0,,0
INV-207187,C1217,National Account,Midwest,EDI,12,30127.68,60,134,23,0.0,0,,0
INV-207188,C1221,Independent,West,EDI,11,846.65,45,15,6,0.259,0,,0
INV-207189,C1427,National Account,West,Web Portal,4,2825.67,60,71,22,0.0,0,,0
INV-207190,C1632,Regional,Northeast,Web Portal,11,1417.89,30,48,7,0.125,0,,0
INV-207191,C1237,National Account,Northeast,Web Portal,2,12709.17,30,55,20,0.153,0,,0
INV-207192,C1432,Regional,West,EDI,12,2526.22,60,17,16,0.012,0,,0
INV-207193,C1487,Regional,Midwest,Web Portal,2,2818.74,45,74,7,0.117,0,,0
INV-207194,C1297,National Account,Northeast,Web Portal,11,13209.53,45,77,32,0.0,0,,0
INV-207195,C1821,Regional,Northeast,EDI,4,2301.58,45,11,9,0.106,0,,0
INV-207196,C1060,Regional,Midwest,Web Portal,7,7651.15,45,32,7,0.097,0,,0
INV-207197,C1587,National Account,South,Sales Rep,1,11354.77,30,24,23,0.0,0,,0
INV-207198,C1098,Regional,South,Sales Rep,11,4650.09,60,24,9,0.167,0,,0
INV-207199,C1309,Independent,West,Phone,5,865.79,30,6,11,0.257,0,,0
INV-207200,C1021,Independent,West,Web Portal,11,1731.14,30,22,15,0.087,0,,0
INV-207201,C1127,Regional,Northeast,Phone,3,3771.66,30,19,9,0.46,0,,0
INV-207202,C1517,Regional,West,Web Portal,2,3201.21,45,38,7,0.086,0,,0
INV-207203,C1693,Regional,Midwest,Sales Rep,12,2594.99,30,46,10,0.0,0,,0
INV-207204,C1699,National Account,Northeast,Sales Rep,1,7883.38,30,49,17,0.038,0,,0
INV-207205,C1278,Regional,Midwest,EDI,12,2886.1,45,33,10,0.085,0,,0
INV-207206,C1515,Regional,South,Web Portal,8,11393.92,30,55,13,0.242,0,,0
INV-207207,C1291,Independent,Midwest,Web Portal,2,1225.79,30,47,9,0.296,0,,0
INV-207208,C1295,Independent,Midwest,Sales Rep,2,1531.83,30,31,9,0.506,0,,0
INV-207209,C1463,National Account,South,Phone,6,2252.3,60,90,23,0.0,0,,0
INV-207210,C1472,Regional,South,Web Portal,5,4338.59,45,66,8,0.0,0,,0
INV-207211,C1255,National Account,Midwest,Web Portal,7,8986.5,45,86,20,0.0,0,,0
INV-207212,C1736,Independent,Northeast,Web Portal,6,4847.79,45,13,12,0.132,0,63.0,1
INV-207213,C1297,National Account,West,Phone,11,34948.43,45,77,22,0.0,0,,0
INV-207214,C1441,Regional,Northeast,EDI,12,1654.27,30,38,7,0.226,0,,0
INV-207215,C1217,National Account,West,Sales Rep,8,6805.39,60,134,32,0.006,0,,0
INV-207216,C1805,Regional,West,Web Portal,4,3198.33,45,158,7,0.128,0,,0
INV-207217,C1794,National Account,South,Phone,11,805.28,45,50,29,0.107,0,,0
INV-207218,C1398,National Account,Midwest,Sales Rep,8,23102.48,60,161,15,0.0,0,,0
INV-207219,C1564,National Account,South,Sales Rep,5,7790.7,60,113,23,0.196,0,,0
INV-207220,C1686,Independent,South,Sales Rep,10,820.93,30,2,12,0.277,0,77.0,1
INV-207221,C1612,National Account,West,Web Portal,1,7004.59,60,56,25,0.218,0,,0
INV-207222,C1013,Regional,South,Sales Rep,2,9125.31,45,43,8,0.182,0,,0
INV-207223,C1767,Independent,South,Sales Rep,9,3460.52,30,29,14,0.063,0,,0
INV-207224,C1038,National Account,Midwest,EDI,11,7018.68,45,81,22,0.1,0,,0
INV-207225,C1002,Regional,Northeast,Sales Rep,2,1049.78,45,56,5,0.025,0,,0
INV-207226,C1762,National Account,West,Sales Rep,5,2957.81,45,36,18,0.001,0,,0
INV-207227,C1530,Independent,Midwest,Web Portal,11,1019.6,30,10,6,0.038,0,,0
INV-207228,C1465,Regional,Northeast,EDI,9,54206.56,60,4,10,0.046,0,,0
INV-207229,C1334,National Account,South,EDI,5,4855.68,45,103,25,0.038,0,,0
INV-207230,C1069,National Account,Northeast,Sales Rep,1,27339.67,30,16,22,0.301,0,83.0,1
INV-207231,C1098,Regional,Midwest,Phone,5,917.37,30,24,14,0.078,0,,0
INV-207232,C1037,Regional,South,Phone,12,8405.17,30,75,9,0.088,1,,0
INV-207233,C1227,Regional,Midwest,EDI,2,1529.48,30,34,9,0.176,0,,0
INV-207234,C1053,Regional,South,Sales Rep,5,4348.75,45,25,11,0.0,0,,0
INV-207235,C1704,Independent,Midwest,Phone,5,1450.08,30,11,9,0.301,0,,0
INV-207236,C1394,National Account,South,EDI,8,16144.29,60,93,17,0.225,0,,0
INV-207237,C1566,National Account,Midwest,Sales Rep,12,3406.75,45,58,16,0.165,0,,0
INV-207238,C1709,National Account,South,Phone,5,2902.89,60,45,26,0.021,0,,0
INV-207239,C1765,Independent,South,Web Portal,10,2337.99,30,11,10,0.0,1,,0
INV-207240,C1679,Regional,Midwest,Sales Rep,11,13730.68,45,135,14,0.188,0,,0
INV-207241,C1737,Regional,South,Phone,3,1554.36,30,28,7,0.166,0,,0
INV-207242,C1834,Regional,Midwest,Sales Rep,5,1549.54,45,101,10,0.152,0,,0
INV-207243,C1255,National Account,Midwest,Phone,5,3042.15,45,86,19,0.0,0,,0
INV-207244,C1693,Regional,Midwest,Sales Rep,12,2830.79,45,46,12,0.0,0,,0
INV-207245,C1237,National Account,West,Phone,4,1548.02,60,55,23,0.047,0,,0
INV-207246,C1647,Regional,West,Sales Rep,10,6955.13,30,24,11,0.317,0,,0
INV-207247,C1835,Regional,Northeast,EDI,2,2969.99,45,74,10,0.101,0,,0
INV-207248,C1701,National Account,South,Sales Rep,10,12569.24,60,61,22,0.439,0,,0
INV-207249,C1559,National Account,South,Sales Rep,7,32233.34,60,11,23,0.027,0,,0
INV-207250,C1029,Independent,West,EDI,11,539.89,30,44,11,0.0,0,,0
INV-207251,C1675,National Account,South,Sales Rep,7,8969.26,45,120,25,0.046,0,,0
INV-207252,C1594,National Account,South,Web Portal,5,29373.48,60,75,27,0.0,0,,0
INV-207253,C1145,National Account,Northeast,EDI,3,31925.73,60,5,25,0.0,0,,0
INV-207254,C1294,Independent,West,Web Portal,4,3832.95,30,40,5,0.394,0,,0
INV-207255,C1554,Independent,Midwest,Sales Rep,5,2255.76,30,20,7,0.215,0,,0
INV-207256,C1799,Regional,South,Phone,10,1865.39,30,38,8,0.101,0,,0
INV-207257,C1084,National Account,Midwest,Sales Rep,3,3362.4,30,258,30,0.0,0,,0
INV-207258,C1725,Independent,West,Web Portal,7,2243.23,30,41,9,0.242,0,65.0,1
INV-207259,C1251,Independent,South,Phone,6,3153.93,30,30,8,0.174,0,,0
INV-207260,C1170,National Account,Midwest,Sales Rep,12,1711.76,45,47,19,0.047,0,,0
INV-207261,C1256,National Account,Northeast,Phone,1,11571.16,45,9,23,0.146,0,,0
INV-207262,C1120,National Account,South,Sales Rep,2,15457.75,30,62,23,0.148,0,,0
INV-207263,C1756,Regional,Northeast,Web Portal,1,1235.46,45,81,11,0.009,0,,0
INV-207264,C1236,National Account,Midwest,Web Portal,2,24824.1,45,36,17,0.043,0,82.0,1
INV-207265,C1446,National Account,Northeast,Phone,5,19089.62,60,78,28,0.058,0,82.0,1
INV-207266,C1675,National Account,Northeast,Web Portal,8,5489.39,60,120,18,0.166,0,,0
INV-207267,C1203,Independent,South,Web Portal,3,1946.89,30,22,11,0.181,0,,0
INV-207268,C1837,Independent,South,Web Portal,10,618.68,45,30,9,0.0,0,,0
INV-207269,C1762,National Account,Northeast,Web Portal,6,24040.99,60,36,25,0.006,0,,0
INV-207270,C1664,Regional,Northeast,Sales Rep,3,1750.19,30,60,12,0.284,0,,0
INV-207271,C1679,Regional,Northeast,Web Portal,3,7211.65,30,135,5,0.065,0,,0
INV-207272,C1462,Independent,Midwest,Phone,11,2451.02,30,7,13,0.262,0,,0
INV-207273,C1568,National Account,Midwest,Sales Rep,10,22148.98,30,79,17,0.142,0,,0
INV-207274,C1093,Independent,Midwest,EDI,7,5084.34,30,42,12,0.294,0,,0
INV-207275,C1734,Independent,Midwest,Sales Rep,10,6731.72,30,95,5,0.223,0,,0
INV-207276,C1078,Regional,Northeast,EDI,11,1648.93,30,20,14,0.015,0,,0
INV-207277,C1304,Independent,Northeast,Sales Rep,12,2579.58,45,12,16,0.165,0,,0
INV-207278,C1359,Independent,South,Sales Rep,10,1208.92,30,50,11,0.14,0,,0
INV-207279,C1847,National Account,Midwest,Web Portal,9,10965.01,45,10,20,0.0,0,,0
INV-207280,C1750,National Account,Midwest,Sales Rep,11,12632.36,60,108,20,0.197,0,,0
INV-207281,C1737,Regional,South,Web Portal,4,6882.24,45,28,8,0.108,0,,0
INV-207282,C1374,Regional,South,Sales Rep,5,5979.72,30,17,18,0.143,0,,0
INV-207283,C1061,Regional,Midwest,EDI,7,2537.39,30,30,10,0.075,0,,0
INV-207284,C1767,Independent,West,Web Portal,7,796.43,45,29,11,0.101,0,,0
INV-207285,C1334,National Account,South,Web Portal,6,8705.22,45,103,20,0.008,0,,0
INV-207286,C1202,National Account,Northeast,Web Portal,6,2608.04,30,98,31,0.0,0,,0
INV-207287,C1612,National Account,Midwest,Phone,1,6917.36,60,56,17,0.119,0,,0
INV-207288,C1256,National Account,Midwest,Sales Rep,10,4087.34,60,9,28,0.074,0,,0
INV-207289,C1492,National Account,Northeast,EDI,6,6589.61,30,102,14,0.329,0,,0
INV-207290,C1662,Independent,West,Sales Rep,9,1354.12,30,39,14,0.118,0,,0
INV-207291,C1525,Regional,West,Sales Rep,9,990.22,30,56,8,0.183,0,68.0,0
INV-207292,C1650,Regional,West,Web Portal,7,5743.84,45,76,9,0.0,0,,0
INV-207293,C1751,National Account,West,Sales Rep,8,9276.3,45,60,23,0.223,0,,0
INV-207294,C1220,National Account,West,EDI,11,5497.06,45,29,21,0.01,0,,0
INV-207295,C1710,National Account,Midwest,Web Portal,1,3466.26,45,54,24,0.048,0,,0
INV-207296,C1394,National Account,Midwest,EDI,1,13143.22,30,93,25,0.27,0,,0
INV-207297,C1768,National Account,Midwest,Phone,3,85175.43,45,109,27,0.159,0,95.0,1
INV-207298,C1274,National Account,South,Web Portal,2,19392.01,45,33,23,0.377,0,,0
INV-207299,C1671,National Account,South,Phone,3,3883.79,60,231,21,0.113,0,,0
INV-207300,C1709,National Account,Northeast,Sales Rep,7,2791.23,60,45,24,0.0,0,,0
INV-207301,C1208,Independent,West,EDI,9,3865.87,30,6,9,0.037,0,,0
INV-207302,C1189,National Account,South,Sales Rep,4,11841.57,60,90,20,0.226,0,93.0,0
INV-207303,C1288,Regional,West,EDI,2,2379.15,45,39,9,0.246,0,,0
INV-207304,C1589,Independent,West,Web Portal,9,6060.85,30,16,7,0.135,0,,0
INV-207305,C1815,Independent,West,Sales Rep,6,1445.1,30,17,11,0.102,1,72.0,0
INV-207306,C1791,Regional,Northeast,Sales Rep,4,6862.1,45,143,13,0.0,0,,0
INV-207307,C1260,National Account,Midwest,Sales Rep,5,20267.3,60,11,21,0.374,0,,0
INV-207308,C1518,Independent,South,Sales Rep,11,1022.15,30,67,11,0.033,0,,0
INV-207309,C1240,Regional,West,Web Portal,3,5421.9,30,64,10,0.154,0,,0
INV-207310,C1703,Regional,Midwest,Sales Rep,11,675.45,45,49,12,0.179,0,,0
INV-207311,C1718,Independent,South,Web Portal,9,3479.88,30,5,14,0.132,0,,0
INV-207312,C1027,Regional,Midwest,EDI,6,2324.78,45,38,14,0.0,0,,0
INV-207313,C1121,National Account,West,Web Portal,3,6188.66,30,46,19,0.0,0,,0
INV-207314,C1705,Independent,Midwest,EDI,8,9274.32,30,10,9,0.264,0,,0
INV-207315,C1409,Regional,Midwest,Web Portal,12,2511.69,30,10,8,0.176,0,,0
INV-207316,C1771,Independent,Northeast,EDI,2,6983.47,30,43,12,0.076,0,,0
INV-207317,C1762,National Account,Northeast,Web Portal,5,8079.93,30,36,21,0.0,0,,0
INV-207318,C1208,Independent,West,Phone,9,1208.4,30,6,15,0.142,0,,0
INV-207319,C1117,Regional,South,Web Portal,8,662.47,30,19,11,0.0,0,,0
INV-207320,C1699,National Account,Midwest,Web Portal,1,35691.7,45,49,15,0.011,0,,0
INV-207321,C1701,National Account,Northeast,Sales Rep,7,9018.07,60,61,31,0.362,0,,0
INV-207322,C1251,Independent,Northeast,Sales Rep,6,3699.49,30,30,12,0.074,0,,0
INV-207323,C1469,National Account,Northeast,Phone,6,7622.06,45,100,30,0.0,0,,0
INV-207324,C1703,Regional,Northeast,Phone,11,14909.18,45,49,10,0.084,0,,0
INV-207325,C1111,National Account,Midwest,Web Portal,6,42088.46,30,93,21,0.026,1,,0
INV-207326,C1535,National Account,Northeast,Sales Rep,9,3141.86,45,55,21,0.15,0,,0
INV-207327,C1522,National Account,South,Web Portal,8,2643.51,45,5,20,0.238,0,,0
INV-207328,C1587,National Account,Northeast,EDI,4,3693.44,60,24,28,0.289,0,,0
INV-207329,C1445,Regional,Midwest,Sales Rep,7,8039.32,30,20,12,0.065,0,,0
INV-207330,C1671,National Account,Northeast,EDI,11,9695.51,60,231,20,0.0,0,,0
INV-207331,C1086,Independent,Midwest,Phone,8,1591.25,30,23,11,0.169,0,77.0,1
INV-207332,C1148,Regional,Midwest,EDI,12,4015.34,30,18,12,0.124,0,,0
INV-207333,C1357,Independent,Midwest,Web Portal,6,1610.94,30,4,9,0.211,0,,0
INV-207334,C1559,National Account,South,Web Portal,3,7479.81,60,11,16,0.0,0,,0
INV-207335,C1507,National Account,South,EDI,7,19888.1,60,37,27,0.325,0,,0
INV-207336,C1465,Regional,Northeast,Sales Rep,11,6557.54,60,4,11,0.196,0,,0
INV-207337,C1694,National Account,Northeast,Sales Rep,9,9090.92,45,85,17,0.203,0,,0
INV-207338,C1392,Independent,South,Phone,1,2843.06,30,14,10,0.173,0,,0
INV-207339,C1217,National Account,South,EDI,7,17548.87,30,134,21,0.135,0,,0
INV-207340,C1245,Regional,South,Phone,9,2944.08,30,20,9,0.151,0,,0
INV-207341,C1209,Independent,South,Phone,1,1985.64,30,5,12,0.046,0,,0
INV-207342,C1671,National Account,South,Phone,11,5118.41,60,231,23,0.0,0,,0
INV-207343,C1785,Regional,South,Web Portal,2,11020.19,45,32,10,0.323,0,,0
INV-207344,C1113,Regional,West,Web Portal,11,984.1,60,26,12,0.35,0,,0
INV-207345,C1352,National Account,South,Web Portal,11,7449.77,45,35,22,0.017,0,,0
INV-207346,C1220,National Account,Northeast,Web Portal,11,2338.59,45,29,17,0.235,0,,0
INV-207347,C1345,Independent,West,Web Portal,11,558.02,30,47,4,0.29,1,,0
INV-207348,C1603,National Account,Midwest,Phone,7,9849.75,60,122,26,0.033,0,,0
INV-207349,C1106,National Account,Midwest,Sales Rep,12,9561.66,60,46,33,0.185,0,,0
INV-207350,C1568,National Account,South,Sales Rep,5,5368.48,45,79,19,0.291,0,,0
INV-207351,C1552,National Account,Midwest,Phone,7,1741.37,60,18,26,0.181,0,,0
INV-207352,C1015,Regional,South,Web Portal,2,7764.7,45,20,13,0.1,0,,0
INV-207353,C1445,Regional,South,Web Portal,10,21724.44,45,20,12,0.134,0,,0
INV-207354,C1593,Regional,Northeast,Web Portal,5,1750.43,30,128,10,0.049,0,,0
INV-207355,C1522,National Account,Midwest,Sales Rep,12,10361.98,60,5,20,0.081,0,,0
INV-207356,C1290,Regional,Northeast,Sales Rep,4,7362.25,45,69,13,0.053,0,,0
INV-207357,C1381,Regional,Northeast,Web Portal,5,1775.44,30,92,9,0.032,0,,0
INV-207358,C1137,Regional,Northeast,Web Portal,12,4733.1,45,51,13,0.077,0,,0
INV-207359,C1601,National Account,Northeast,Sales Rep,11,10618.24,45,17,23,0.075,0,,0
INV-207360,C1392,Independent,West,Sales Rep,3,1429.78,30,14,16,0.26,0,,0
INV-207361,C1379,Independent,Midwest,Sales Rep,7,479.63,45,23,5,0.017,0,,0
INV-207362,C1694,National Account,Midwest,Web Portal,9,4757.76,30,85,21,0.318,0,,0
INV-207363,C1531,Regional,South,Phone,4,1710.29,45,22,10,0.09,0,,0
INV-207364,C1510,Regional,West,Sales Rep,9,4710.81,45,32,19,0.047,0,,0
INV-207365,C1692,National Account,West,EDI,12,5600.43,60,42,20,0.107,0,,0
INV-207366,C1100,Regional,Midwest,Phone,12,3447.09,30,31,9,0.0,0,,0
INV-207367,C1612,National Account,Northeast,Web Portal,11,11938.69,30,56,19,0.093,0,,0
INV-207368,C1331,Independent,Northeast,Web Portal,12,3245.27,60,14,11,0.129,0,,0
INV-207369,C1428,National Account,Northeast,Sales Rep,6,6886.36,60,19,24,0.13,0,,0
INV-207370,C1029,Independent,Midwest,EDI,2,1309.84,45,44,5,0.109,0,,0
INV-207371,C1000,Independent,Northeast,Web Portal,7,1102.54,30,20,8,0.216,0,,0
INV-207372,C1409,Regional,Northeast,Web Portal,1,3782.35,45,10,6,0.034,0,,0
INV-207373,C1481,Regional,South,Sales Rep,4,2690.89,45,11,12,0.0,0,,0
INV-207374,C1297,National Account,Midwest,Web Portal,9,8288.83,60,77,14,0.0,0,,0
INV-207375,C1026,National Account,South,Web Portal,9,12214.68,60,48,18,0.158,0,,0
INV-207376,C1531,Regional,Midwest,Sales Rep,11,1512.17,60,22,6,0.024,0,,0
INV-207377,C1595,Regional,Northeast,Sales Rep,7,2808.33,45,17,13,0.137,0,,0
INV-207378,C1361,Independent,South,Web Portal,12,1961.89,30,26,12,0.299,0,,0
INV-207379,C1275,Regional,Northeast,Sales Rep,4,1051.11,30,45,6,0.132,0,,0
INV-207380,C1003,Regional,West,Sales Rep,2,6940.6,45,30,5,0.139,0,,0
INV-207381,C1287,Regional,South,Web Portal,1,8632.87,60,72,13,0.213,0,,0
INV-207382,C1466,Independent,Northeast,Web Portal,4,1978.34,30,15,17,0.2,0,,0
INV-207383,C1102,Independent,South,Web Portal,11,338.95,30,20,8,0.099,0,,0
INV-207384,C1307,Regional,Midwest,Web Portal,7,25363.36,30,119,11,0.0,0,,0
INV-207385,C1561,Regional,South,Sales Rep,11,1299.19,45,148,12,0.0,0,,0
INV-207386,C1694,National Account,Northeast,Sales Rep,12,5299.9,45,85,25,0.057,0,,0
INV-207387,C1687,Regional,Midwest,Sales Rep,3,4433.3,30,57,12,0.17,0,,0
INV-207388,C1588,Regional,Northeast,EDI,9,3860.55,30,13,9,0.126,0,,0
INV-207389,C1469,National Account,Midwest,Sales Rep,6,7961.19,30,100,29,0.157,0,,0
INV-207390,C1573,National Account,Midwest,EDI,11,4364.67,30,63,20,0.361,0,,0
INV-207391,C1577,Independent,South,Web Portal,11,367.3,45,13,7,0.232,0,,0
INV-207392,C1183,Regional,Midwest,Web Portal,8,6420.37,30,61,4,0.1,0,,0
INV-207393,C1543,Regional,South,Phone,10,2127.2,60,19,13,0.037,0,,0
INV-207394,C1101,National Account,South,Web Portal,7,5930.17,60,152,16,0.106,0,,0
INV-207395,C1023,National Account,West,Sales Rep,8,8599.09,45,33,20,0.146,0,,0
INV-207396,C1510,Regional,West,Sales Rep,4,4990.17,45,32,3,0.304,0,87.0,1
INV-207397,C1511,Regional,South,Web Portal,9,3487.47,30,40,13,0.035,0,,0
INV-207398,C1404,Independent,Midwest,Sales Rep,10,219.42,30,30,17,0.179,0,,0
INV-207399,C1084,National Account,West,Phone,7,9709.31,60,258,27,0.0,0,,0
INV-207400,C1084,National Account,South,Web Portal,10,5446.72,60,258,28,0.0,0,,0
INV-207401,C1375,National Account,West,Sales Rep,10,21124.18,45,39,24,0.0,0,,0
INV-207402,C1505,National Account,Midwest,Sales Rep,4,26608.82,30,68,18,0.092,0,,0
INV-207403,C1005,National Account,Northeast,Phone,12,3785.69,45,34,26,0.04,0,,0
INV-207404,C1386,National Account,South,Sales Rep,8,3278.78,30,111,23,0.0,0,,0
INV-207405,C1072,Regional,Midwest,Web Portal,4,3902.63,45,23,7,0.061,0,,0
INV-207406,C1234,Independent,South,Web Portal,10,1935.27,45,10,10,0.283,0,,0
INV-207407,C1699,National Account,Midwest,Sales Rep,12,7479.66,45,49,18,0.009,0,,0
INV-207408,C1823,National Account,South,EDI,4,17530.05,60,138,20,0.0,0,,0
INV-207409,C1758,Regional,Northeast,Sales Rep,4,4513.04,30,30,9,0.088,0,,0
INV-207410,C1768,National Account,South,Sales Rep,12,19395.87,60,109,26,0.039,0,,0
INV-207411,C1097,National Account,Northeast,Sales Rep,7,12617.25,60,32,22,0.0,0,,0
INV-207412,C1601,National Account,Midwest,Sales Rep,6,11753.47,60,17,26,0.008,0,,0
INV-207413,C1728,National Account,Midwest,Web Portal,2,6469.77,45,121,20,0.0,1,,0
INV-207414,C1055,Regional,South,Sales Rep,5,2086.44,30,42,15,0.023,0,,0
INV-207415,C1053,Regional,Midwest,Sales Rep,2,3762.81,30,25,6,0.247,1,51.0,1
INV-207416,C1147,Regional,South,EDI,12,2733.03,45,30,10,0.032,0,,0
INV-207417,C1184,Regional,Midwest,EDI,12,10113.49,30,31,12,0.125,0,,0
INV-207418,C1659,National Account,South,EDI,2,16323.72,60,99,24,0.0,0,,0
INV-207419,C1779,Regional,Northeast,EDI,6,6083.16,30,17,9,0.226,0,58.0,1
INV-207420,C1074,Regional,South,EDI,11,22575.61,30,26,6,0.513,0,53.0,1
INV-207421,C1153,Regional,Midwest,Sales Rep,11,4117.43,45,80,7,0.128,0,,0
INV-207422,C1248,National Account,Northeast,Sales Rep,1,28292.13,45,47,16,0.238,0,75.0,1
INV-207423,C1583,National Account,South,Sales Rep,4,5304.59,30,103,20,0.148,0,66.0,1
INV-207424,C1228,National Account,West,EDI,8,32073.15,60,12,35,0.048,0,,0
INV-207425,C1767,Independent,South,Phone,2,1578.92,30,29,11,0.094,0,,0
INV-207426,C1363,Independent,Midwest,Sales Rep,2,2573.22,45,6,15,0.183,0,,0
INV-207427,C1720,Independent,West,Web Portal,12,1541.74,30,31,11,0.3,0,,0
INV-207428,C1074,Regional,South,EDI,2,3660.94,45,26,12,0.255,0,,0
INV-207429,C1053,Regional,South,EDI,5,4730.58,45,25,9,0.094,0,,0
INV-207430,C1548,Independent,Northeast,EDI,5,815.8,45,27,10,0.082,0,,0
INV-207431,C1552,National Account,Midwest,Phone,5,14601.93,60,18,24,0.117,0,,0
INV-207432,C1423,Regional,South,EDI,11,8216.37,60,54,10,0.0,0,,0
INV-207433,C1328,National Account,South,EDI,5,4696.1,45,81,12,0.216,0,,0
INV-207434,C1239,Regional,West,EDI,6,1979.38,30,63,11,0.0,0,,0
INV-207435,C1650,Regional,South,Sales Rep,12,2836.49,45,76,9,0.0,0,,0
INV-207436,C1524,National Account,Midwest,Web Portal,3,3829.35,60,36,24,0.004,0,,0
INV-207437,C1589,Independent,South,Sales Rep,5,959.31,30,16,11,0.237,0,,0
INV-207438,C1453,Regional,West,Web Portal,2,5772.65,45,50,7,0.054,0,,0
INV-207439,C1156,Independent,Northeast,Sales Rep,5,647.55,30,29,7,0.197,1,70.0,1
INV-207440,C1526,National Account,Northeast,EDI,1,7665.39,60,14,34,0.135,0,,0
INV-207441,C1595,Regional,West,Phone,7,4693.99,30,17,11,0.071,0,,0
INV-207442,C1332,National Account,Midwest,Sales Rep,10,4850.72,60,14,15,0.0,1,,0
INV-207443,C1605,Regional,Northeast,Web Portal,1,2959.81,45,43,12,0.143,0,,0
INV-207444,C1228,National Account,Midwest,Web Portal,11,16105.22,45,12,28,0.177,0,,0
INV-207445,C1410,Independent,South,Web Portal,10,2750.46,30,13,7,0.179,0,,0
INV-207446,C1302,Independent,Midwest,EDI,11,2951.3,45,30,7,0.26,0,,0
INV-207447,C1477,National Account,West,EDI,7,7982.57,60,173,16,0.124,0,,0
INV-207448,C1316,Regional,West,Web Portal,7,1276.66,30,44,10,0.132,0,,0
INV-207449,C1842,Regional,South,Phone,12,1289.15,30,33,14,0.05,0,,0
INV-207450,C1639,Regional,Midwest,Web Portal,11,3066.07,30,12,13,0.091,1,,0
INV-207451,C1238,National Account,South,Sales Rep,3,8631.78,30,201,16,0.053,0,,0
INV-207452,C1466,Independent,Midwest,Sales Rep,9,2045.23,30,15,6,0.176,0,,0
INV-207453,C1366,Independent,Midwest,Sales Rep,1,718.35,30,27,12,0.221,0,,0
INV-207454,C1349,Regional,Northeast,Phone,3,2561.98,60,42,6,0.002,0,,0
INV-207455,C1269,Independent,West,EDI,10,977.74,30,15,8,0.067,0,,0
INV-207456,C1821,Regional,West,Web Portal,5,1823.24,60,11,14,0.075,0,,0
INV-207457,C1231,National Account,Midwest,Phone,5,14740.29,30,35,28,0.054,0,,0
INV-207458,C1369,Regional,Northeast,Sales Rep,5,3268.15,45,43,11,0.028,0,,0
INV-207459,C1163,National Account,West,Web Portal,7,5307.69,45,48,17,0.0,0,,0
INV-207460,C1009,Regional,Midwest,Phone,11,696.64,60,32,7,0.261,0,,0
INV-207461,C1797,Regional,West,EDI,8,6077.04,45,60,10,0.226,0,,0
INV-207462,C1816,National Account,Northeast,Sales Rep,5,10292.6,45,25,17,0.095,0,,0
INV-207463,C1761,Regional,South,Web Portal,1,4728.42,30,50,8,0.067,0,,0
INV-207464,C1826,Regional,South,Phone,1,1250.57,30,13,11,0.048,0,,0
INV-207465,C1186,National Account,Midwest,EDI,8,8381.7,30,69,27,0.043,0,,0
INV-207466,C1708,Regional,West,EDI,11,23364.1,30,59,12,0.186,0,,0
INV-207467,C1499,Independent,Midwest,EDI,6,19289.92,30,25,9,0.012,0,,0
INV-207468,C1097,National Account,West,Sales Rep,10,12883.2,45,32,23,0.0,0,84.0,1
INV-207469,C1553,Independent,Midwest,Web Portal,6,1191.16,30,84,14,0.057,0,71.0,0
INV-207470,C1227,Regional,West,EDI,1,6451.58,30,34,8,0.181,0,,0
INV-207471,C1554,Independent,South,Sales Rep,11,4988.44,30,20,11,0.185,0,,0
INV-207472,C1747,Regional,Northeast,Web Portal,4,2595.04,30,49,8,0.116,0,,0
INV-207473,C1821,Regional,South,EDI,7,591.06,30,11,10,0.177,0,,0
INV-207474,C1316,Regional,Midwest,EDI,5,11247.47,45,44,8,0.0,0,,0
INV-207475,C1548,Independent,South,Phone,11,2872.35,45,27,6,0.027,1,,0
INV-207476,C1754,Regional,Northeast,Phone,9,15312.0,30,30,9,0.14,0,,0
INV-207477,C1206,Regional,Midwest,Web Portal,3,13036.41,30,35,8,0.001,0,,0
INV-207478,C1628,Independent,West,Sales Rep,6,666.42,30,35,13,0.186,0,,0
INV-207479,C1325,Regional,Midwest,Phone,11,2835.05,30,59,10,0.147,0,,0
INV-207480,C1286,Regional,Midwest,EDI,10,5816.05,30,11,11,0.187,0,,0
INV-207481,C1545,National Account,Midwest,Web Portal,11,10385.94,45,183,24,0.0,0,,0
INV-207482,C1065,Regional,Midwest,Web Portal,11,2237.72,45,35,13,0.171,0,,0
INV-207483,C1034,Regional,West,Web Portal,5,8189.39,45,52,17,0.159,0,,0
INV-207484,C1119,Regional,Midwest,Web Portal,1,5433.82,45,28,15,0.0,0,,0
INV-207485,C1799,Regional,South,Phone,1,13322.38,30,38,10,0.06,0,,0
INV-207486,C1423,Regional,Midwest,Web Portal,3,1960.33,45,54,4,0.092,1,71.0,1
INV-207487,C1784,Independent,Northeast,Web Portal,3,2430.25,45,2,15,0.14,0,,0
INV-207488,C1763,Regional,Northeast,Phone,12,4689.16,45,53,9,0.551,0,83.0,1
INV-207489,C1535,National Account,Northeast,EDI,5,22477.83,45,55,21,0.03,0,,0
INV-207490,C1034,Regional,Midwest,Phone,12,9517.34,45,52,9,0.106,1,89.0,1
INV-207491,C1332,National Account,South,Sales Rep,10,26187.84,60,14,18,0.08,0,,0
INV-207492,C1814,Regional,Northeast,Sales Rep,6,11220.41,30,7,9,0.177,0,,0
INV-207493,C1712,National Account,South,EDI,12,6676.78,60,66,16,0.0,0,,0
INV-207494,C1250,Regional,Midwest,Phone,8,4386.72,45,101,7,0.181,0,,0
INV-207495,C1783,Regional,West,EDI,7,1877.21,30,26,9,0.149,0,,0
INV-207496,C1227,Regional,South,Web Portal,7,7230.37,30,34,5,0.077,0,,0
INV-207497,C1497,National Account,South,Phone,7,1058.52,45,137,20,0.033,0,,0
INV-207498,C1829,Independent,South,Web Portal,7,674.96,45,28,11,0.185,0,,0
INV-207499,C1306,National Account,Midwest,Phone,12,3246.79,60,20,26,0.0,0,,0
INV-207500,C1164,Regional,West,Web Portal,11,1309.76,60,19,6,0.023,0,,0
INV-207501,C1523,Independent,Northeast,EDI,12,1941.43,30,34,9,0.336,0,,0
INV-207502,C1515,Regional,South,Web Portal,9,2499.29,45,55,6,0.049,0,,0
INV-207503,C1183,Regional,Northeast,Sales Rep,2,2587.7,30,61,9,0.036,0,,0
INV-207504,C1265,Regional,South,Sales Rep,5,3325.94,30,9,10,0.041,0,,0
INV-207505,C1849,Regional,Midwest,Web Portal,4,1594.15,60,34,10,0.038,0,,0
INV-207506,C1757,Independent,Midwest,Sales Rep,2,1083.16,30,14,8,0.211,0,,0
INV-207507,C1228,National Account,Midwest,Web Portal,5,12256.62,60,12,25,0.165,0,,0
INV-207508,C1830,Regional,South,Web Portal,1,9023.17,45,21,11,0.047,0,,0
INV-207509,C1790,National Account,Northeast,Sales Rep,9,3882.16,60,87,19,0.054,0,,0
INV-207510,C1626,Independent,West,EDI,1,3005.96,30,7,9,0.145,0,,0
INV-207511,C1220,National Account,South,Sales Rep,9,11238.53,60,29,25,0.231,0,,0
INV-207512,C1035,Regional,West,Web Portal,2,4845.06,45,18,8,0.257,0,,0
INV-207513,C1789,Independent,South,Sales Rep,11,4017.08,30,27,14,0.0,0,,0
INV-207514,C1620,Regional,West,Phone,5,6887.55,30,30,8,0.167,0,,0
INV-207515,C1229,Regional,Northeast,Web Portal,7,4566.34,45,63,11,0.414,0,,0
INV-207516,C1509,Independent,South,EDI,8,1747.98,45,20,10,0.558,0,,0
INV-207517,C1471,National Account,West,EDI,4,9111.75,60,137,23,0.142,0,,0
INV-207518,C1656,Regional,Northeast,Web Portal,6,3001.31,30,84,6,0.0,1,56.0,0
INV-207519,C1750,National Account,Midwest,Phone,1,1085.88,30,108,22,0.0,0,,0
INV-207520,C1145,National Account,Northeast,EDI,2,77662.25,45,5,20,0.008,0,,0
INV-207521,C1540,National Account,Northeast,Sales Rep,12,7197.04,60,73,19,0.29,0,,0
INV-207522,C1840,Regional,West,Sales Rep,6,4036.7,45,38,12,0.04,0,,0
INV-207523,C1453,Regional,Midwest,Phone,11,6646.77,30,50,12,0.0,0,,0
INV-207524,C1751,National Account,Midwest,EDI,3,6950.0,60,60,31,0.0,0,,0
INV-207525,C1237,National Account,South,Sales Rep,4,28332.49,45,55,28,0.03,0,,0
INV-207526,C1043,Regional,Midwest,EDI,5,5943.1,45,85,11,0.023,0,,0
INV-207527,C1797,Regional,Midwest,Web Portal,8,4197.39,30,60,8,0.138,0,,0
INV-207528,C1146,National Account,West,Phone,1,15788.63,60,38,25,0.384,0,101.0,1
INV-207529,C1510,Regional,Midwest,Sales Rep,7,6052.82,30,32,8,0.433,0,,0
INV-207530,C1647,Regional,South,EDI,3,10469.92,45,24,14,0.03,0,,0
INV-207531,C1744,Independent,Midwest,EDI,9,3027.39,30,39,10,0.0,0,,0
INV-207532,C1224,Regional,Midwest,Sales Rep,7,2162.75,30,47,10,0.164,0,,0
INV-207533,C1063,Independent,Midwest,Web Portal,3,4426.74,30,28,6,0.045,0,,0
INV-207534,C1091,National Account,South,EDI,2,18388.57,60,111,24,0.067,0,,0
INV-207535,C1259,National Account,Midwest,Sales Rep,5,10401.72,60,71,29,0.053,0,,0
INV-207536,C1645,Independent,Northeast,Web Portal,3,4231.78,30,5,9,0.082,0,,0
INV-207537,C1108,Independent,Midwest,EDI,10,3473.64,45,65,8,0.123,0,,0
INV-207538,C1004,National Account,Northeast,EDI,9,10958.3,45,140,24,0.178,0,,0
INV-207539,C1794,National Account,Midwest,Sales Rep,9,3238.33,45,50,23,0.056,0,,0
INV-207540,C1045,National Account,Midwest,EDI,4,10187.82,60,120,16,0.0,0,,0
INV-207541,C1090,Independent,Northeast,EDI,1,4863.05,30,36,8,0.174,0,63.0,0
INV-207542,C1100,Regional,Northeast,Sales Rep,2,5275.19,30,31,9,0.093,0,,0
INV-207543,C1712,National Account,South,Web Portal,1,7890.68,60,66,30,0.0,0,,0
INV-207544,C1386,National Account,West,Web Portal,2,5760.7,60,111,23,0.111,0,,0
INV-207545,C1726,Independent,Midwest,Web Portal,11,445.33,30,21,10,0.193,0,,0
INV-207546,C1351,Independent,Midwest,EDI,5,4669.35,30,23,8,0.191,0,,0
INV-207547,C1098,Regional,Northeast,Web Portal,5,35000.68,45,24,5,0.023,1,,0
INV-207548,C1583,National Account,West,Sales Rep,4,4226.25,45,103,18,0.0,0,,0
INV-207549,C1217,National Account,West,Sales Rep,5,70416.06,60,134,35,0.102,0,,0
INV-207550,C1310,National Account,West,Phone,1,18718.57,30,161,20,0.0,0,,0
INV-207551,C1490,Independent,Northeast,EDI,4,1140.17,45,20,9,0.231,0,,0
INV-207552,C1072,Regional,Midwest,Phone,11,883.21,45,23,11,0.116,0,,0
INV-207553,C1573,National Account,Northeast,Sales Rep,2,44825.18,60,63,21,0.07,0,,0
INV-207554,C1005,National Account,South,Sales Rep,2,10002.99,30,34,22,0.061,0,,0
INV-207555,C1382,Regional,Midwest,Web Portal,12,6276.41,60,25,9,0.143,0,,0
INV-207556,C1407,Regional,Midwest,EDI,9,744.63,45,25,8,0.018,0,,0
INV-207557,C1149,Regional,Northeast,Web Portal,4,1865.54,45,20,10,0.0,0,,0
INV-207558,C1327,Regional,Northeast,Web Portal,1,882.24,60,79,5,0.272,0,,0
INV-207559,C1444,Independent,West,Web Portal,3,1782.61,30,57,8,0.431,0,,0
INV-207560,C1428,National Account,Midwest,Sales Rep,9,19161.78,60,19,26,0.098,0,,0
INV-207561,C1217,National Account,South,EDI,7,10822.53,45,134,16,0.0,0,,0
INV-207562,C1803,National Account,Northeast,Sales Rep,9,78381.68,45,32,20,0.0,0,,0
INV-207563,C1836,Regional,South,Web Portal,3,8094.28,30,10,12,0.167,0,,0
INV-207564,C1561,Regional,Midwest,Web Portal,9,1974.44,30,148,8,0.0,0,,0
INV-207565,C1369,Regional,Midwest,Phone,3,1105.84,45,43,6,0.0,0,,0
INV-207566,C1812,Independent,South,EDI,1,1668.14,30,29,14,0.0,0,,0
INV-207567,C1069,National Account,Midwest,Web Portal,2,11159.06,45,16,22,0.061,0,,0
INV-207568,C1751,National Account,South,Web Portal,7,2522.64,60,60,23,0.135,0,,0
INV-207569,C1675,National Account,South,EDI,8,9048.64,60,120,30,0.092,0,,0
INV-207570,C1575,Independent,West,Sales Rep,7,3272.86,30,51,8,0.349,0,,0
INV-207571,C1441,Regional,Midwest,Phone,10,1432.61,45,38,11,0.202,0,,0
INV-207572,C1134,National Account,South,Sales Rep,7,2830.68,60,43,23,0.257,0,,0
INV-207573,C1559,National Account,Northeast,Sales Rep,9,5393.55,60,11,27,0.0,0,,0
INV-207574,C1256,National Account,Midwest,EDI,12,21901.01,45,9,17,0.113,0,,0
INV-207575,C1026,National Account,Midwest,EDI,3,10919.92,60,48,21,0.23,0,,0
INV-207576,C1537,Independent,West,Sales Rep,11,5699.85,30,11,8,0.132,0,,0
INV-207577,C1171,Independent,West,Sales Rep,6,2102.56,30,30,8,0.224,0,,0
INV-207578,C1771,Independent,Midwest,Web Portal,3,2569.45,30,43,8,0.166,0,,0
INV-207579,C1120,National Account,South,Web Portal,10,9566.33,60,62,21,0.163,0,,0
INV-207580,C1005,National Account,West,Web Portal,8,4602.78,60,34,22,0.089,0,,0
INV-207581,C1689,National Account,West,Web Portal,12,15817.84,60,41,27,0.121,0,,0
INV-207582,C1654,Independent,South,EDI,1,3753.79,45,11,7,0.099,0,,0
INV-207583,C1106,National Account,Northeast,Phone,4,8054.64,30,46,27,0.094,0,,0
INV-207584,C1280,Independent,South,Sales Rep,12,2181.25,30,10,9,0.102,0,,0
INV-207585,C1597,Independent,Midwest,Sales Rep,1,7076.3,30,17,13,0.2,0,,0
INV-207586,C1703,Regional,Midwest,Sales Rep,9,2077.95,60,49,9,0.101,0,,0
INV-207587,C1453,Regional,West,Phone,9,896.06,45,50,7,0.204,0,,0
INV-207588,C1671,National Account,West,Sales Rep,3,2031.89,30,231,22,0.0,0,,0
INV-207589,C1026,National Account,Northeast,EDI,3,2946.45,60,48,23,0.118,0,,0
INV-207590,C1402,National Account,West,Sales Rep,12,15226.76,30,66,25,0.054,0,,0
INV-207591,C1634,Regional,South,EDI,3,5611.74,30,93,11,0.084,0,71.0,0
INV-207592,C1026,National Account,South,Sales Rep,2,15263.19,60,48,32,0.093,0,,0
INV-207593,C1260,National Account,Northeast,Phone,7,8274.89,60,11,18,0.208,0,,0
INV-207594,C1772,Independent,Midwest,EDI,12,6329.05,30,41,7,0.118,0,,0
INV-207595,C1738,Independent,West,EDI,10,1298.13,60,10,17,0.071,1,,0
INV-207596,C1031,Regional,Northeast,Sales Rep,6,4552.66,30,34,11,0.258,0,,0
INV-207597,C1334,National Account,Midwest,Phone,2,7592.31,30,103,19,0.142,1,,0
INV-207598,C1629,Regional,South,EDI,7,540.99,45,15,11,0.192,0,,0
INV-207599,C1785,Regional,Northeast,Web Portal,10,4390.77,45,32,9,0.235,0,,0
INV-207600,C1505,National Account,Midwest,Sales Rep,1,4763.08,45,68,19,0.0,0,,0
INV-207601,C1463,National Account,Midwest,EDI,12,49855.57,45,90,17,0.121,0,,0
INV-207602,C1236,National Account,West,EDI,8,4022.7,45,36,24,0.0,0,,0
INV-207603,C1459,Regional,Northeast,EDI,12,7442.74,45,24,12,0.232,0,,0
INV-207604,C1148,Regional,West,Phone,3,14553.63,60,18,11,0.238,0,,0
INV-207605,C1375,National Account,West,Sales Rep,5,5091.29,45,39,22,0.0,0,,0
INV-207606,C1631,Regional,Northeast,Web Portal,3,4532.63,30,8,14,0.095,0,,0
INV-207607,C1458,Regional,Northeast,Web Portal,10,5626.78,45,28,14,0.1,0,,0
INV-207608,C1258,Independent,South,Sales Rep,7,2117.17,60,13,11,0.01,0,,0
INV-207609,C1399,Independent,Northeast,Phone,1,5019.66,30,26,14,0.151,0,,0
INV-207610,C1791,Regional,South,Sales Rep,11,24536.96,30,143,12,0.516,0,,0
INV-207611,C1567,Independent,South,Web Portal,7,2114.16,30,35,13,0.069,0,,0
INV-207612,C1570,Independent,West,Phone,10,4980.02,45,9,10,0.154,0,,0
INV-207613,C1754,Regional,Northeast,Phone,9,15857.45,30,30,11,0.139,0,,0
INV-207614,C1218,National Account,South,Sales Rep,12,846.24,60,43,20,0.022,0,,0
INV-207615,C1202,National Account,Midwest,Phone,3,9225.03,45,98,24,0.0,0,,0
INV-207616,C1481,Regional,South,Phone,7,13254.45,60,11,6,0.055,0,79.0,1
INV-207617,C1006,Regional,Midwest,Sales Rep,1,1796.56,60,23,7,0.0,0,,0
INV-207618,C1477,National Account,South,Sales Rep,7,12458.09,45,173,17,0.0,0,,0
INV-207619,C1703,Regional,Midwest,Sales Rep,8,3766.53,60,49,16,0.291,0,,0
INV-207620,C1353,National Account,Midwest,EDI,7,5794.96,60,24,19,0.072,0,,0
INV-207621,C1196,National Account,Northeast,Phone,3,51398.07,45,28,21,0.104,0,66.0,1
INV-207622,C1507,National Account,Midwest,EDI,7,3487.9,45,37,23,0.215,0,,0
INV-207623,C1492,National Account,Midwest,EDI,5,8103.36,60,102,32,0.073,0,,0
INV-207624,C1694,National Account,West,EDI,5,11876.68,45,85,20,0.27,0,,0
INV-207625,C1732,National Account,South,Web Portal,10,40029.85,60,112,22,0.046,0,,0
INV-207626,C1849,Regional,South,Phone,5,8672.67,60,34,12,0.193,0,,0
INV-207627,C1457,Regional,Midwest,Web Portal,2,4114.85,30,10,15,0.326,0,,0
INV-207628,C1122,Regional,Northeast,Phone,8,5271.54,30,18,7,0.207,0,,0
INV-207629,C1522,National Account,Midwest,Web Portal,10,17461.21,30,5,29,0.242,0,,0
INV-207630,C1831,Regional,Northeast,Sales Rep,2,934.44,60,39,8,0.161,0,,0
INV-207631,C1217,National Account,South,Phone,8,16315.84,45,134,20,0.0,0,,0
INV-207632,C1551,Regional,Northeast,Web Portal,8,2827.53,45,97,15,0.08,0,,0
INV-207633,C1809,Regional,South,EDI,3,4713.52,45,62,10,0.06,0,,0
INV-207634,C1636,Regional,Midwest,Phone,8,17144.98,45,73,8,0.002,0,,0
INV-207635,C1192,Regional,Northeast,Phone,3,6331.48,30,39,14,0.0,0,,0
INV-207636,C1839,Independent,Midwest,Web Portal,6,2698.04,30,25,11,0.016,0,,0
INV-207637,C1744,Independent,Midwest,Web Portal,8,5504.4,30,39,4,0.0,1,,0
INV-207638,C1737,Regional,South,Sales Rep,3,7419.27,30,28,10,0.245,0,,0
INV-207639,C1013,Regional,Midwest,Phone,11,10562.08,45,43,5,0.29,0,80.0,1
INV-207640,C1712,National Account,South,EDI,5,8501.35,30,66,22,0.107,0,,0
INV-207641,C1552,National Account,Midwest,Web Portal,4,18105.02,60,18,21,0.198,0,,0
INV-207642,C1701,National Account,Northeast,Sales Rep,5,13484.29,60,61,38,0.132,0,,0
INV-207643,C1671,National Account,Northeast,Phone,12,13484.9,60,231,24,0.0,0,,0
INV-207644,C1488,Regional,Northeast,EDI,12,2716.16,30,79,6,0.04,0,,0
INV-207645,C1235,Regional,West,EDI,1,2017.32,45,31,13,0.267,0,,0
INV-207646,C1411,National Account,Northeast,Sales Rep,6,6314.7,45,70,28,0.071,0,,0
INV-207647,C1827,National Account,Northeast,Web Portal,10,25731.55,45,73,23,0.044,0,,0
INV-207648,C1250,Regional,Midwest,Sales Rep,4,7104.1,60,101,13,0.083,0,,0
INV-207649,C1489,National Account,Midwest,EDI,10,7792.58,60,13,17,0.016,0,,0
INV-207650,C1274,National Account,Midwest,Phone,5,5657.73,60,33,17,0.302,0,,0
INV-207651,C1716,Independent,West,EDI,7,1523.41,45,7,8,0.014,0,,0
INV-207652,C1690,Independent,Midwest,EDI,9,2858.31,30,14,11,0.034,0,,0
INV-207653,C1692,National Account,West,Web Portal,9,7405.0,60,42,21,0.126,0,,0
INV-207654,C1270,Independent,Midwest,Web Portal,8,955.16,45,62,13,0.262,0,,0
INV-207655,C1109,Independent,Northeast,EDI,5,2117.97,45,23,14,0.051,0,,0
INV-207656,C1084,National Account,South,Sales Rep,6,4768.02,30,258,27,0.084,0,,0
INV-207657,C1252,National Account,South,Phone,4,38491.9,60,90,22,0.223,0,,0
INV-207658,C1495,Independent,South,Web Portal,10,1148.1,60,4,14,0.005,0,,0
INV-207659,C1090,Independent,South,EDI,1,261.88,30,36,10,0.145,0,,0
INV-207660,C1745,Regional,South,Sales Rep,8,3646.74,30,73,8,0.024,1,,0
INV-207661,C1727,Regional,West,EDI,7,5488.16,30,37,10,0.39,0,,0
INV-207662,C1710,National Account,Midwest,EDI,3,9124.41,45,54,22,0.045,0,,0
INV-207663,C1373,Independent,South,Web Portal,10,1025.14,30,9,7,0.274,0,,0
INV-207664,C1139,Independent,South,EDI,4,3371.16,45,24,13,0.157,0,,0
INV-207665,C1067,Independent,Northeast,EDI,9,1841.06,45,2,16,0.129,0,,0
INV-207666,C1178,National Account,Northeast,Sales Rep,7,5490.21,45,58,26,0.068,0,,0
INV-207667,C1306,National Account,West,Phone,8,57788.67,45,20,20,0.0,0,,0
INV-207668,C1083,Independent,Midwest,Sales Rep,4,914.71,30,23,15,0.092,0,,0
INV-207669,C1474,Regional,South,Phone,1,8406.51,45,25,11,0.161,0,,0
INV-207670,C1776,Regional,Midwest,EDI,8,8061.97,45,13,8,0.099,0,,0
INV-207671,C1626,Independent,Midwest,EDI,4,3519.23,30,7,8,0.089,0,,0
INV-207672,C1331,Independent,Northeast,Phone,11,659.87,30,14,8,0.074,0,,0
INV-207673,C1394,National Account,Northeast,EDI,12,18650.01,60,93,28,0.123,0,,0
INV-207674,C1093,Independent,Northeast,Phone,4,1130.24,30,42,12,0.243,0,,0
INV-207675,C1102,Independent,South,Phone,9,4251.85,30,20,7,0.277,0,,0
INV-207676,C1091,National Account,South,EDI,12,22752.58,60,111,21,0.026,0,,0
INV-207677,C1399,Independent,Midwest,Sales Rep,8,3367.24,30,26,10,0.083,0,,0
INV-207678,C1288,Regional,Midwest,Phone,5,9209.59,60,39,8,0.055,0,,0
INV-207679,C1544,Independent,Midwest,Web Portal,6,4075.25,30,7,11,0.276,0,,0
INV-207680,C1344,Independent,Midwest,EDI,4,403.69,30,5,10,0.284,0,,0
INV-207681,C1202,National Account,Northeast,Phone,12,7770.23,60,98,16,0.0,0,,0
INV-207682,C1042,Regional,Northeast,Phone,12,1589.39,30,21,8,0.0,0,,0
INV-207683,C1312,National Account,South,Sales Rep,2,7294.05,45,104,23,0.174,0,,0
INV-207684,C1376,Independent,West,EDI,4,3989.34,30,4,17,0.139,0,,0
INV-207685,C1252,National Account,South,Phone,3,10584.1,45,90,27,0.111,1,,0
INV-207686,C1106,National Account,Northeast,Sales Rep,11,4129.3,45,46,29,0.33,0,,0
INV-207687,C1541,Independent,West,EDI,10,10011.47,30,23,13,0.154,0,,0
INV-207688,C1146,National Account,West,Web Portal,3,4183.43,60,38,23,0.184,0,,0
INV-207689,C1688,Regional,Northeast,Web Portal,9,24265.13,45,133,5,0.061,0,,0
INV-207690,C1569,Independent,South,Sales Rep,2,847.64,45,9,8,0.069,0,,0
INV-207691,C1033,Independent,South,Web Portal,3,884.6,30,24,12,0.113,0,,0
INV-207692,C1284,Independent,South,Phone,3,1282.78,30,23,14,0.019,1,,0
INV-207693,C1111,National Account,Northeast,Sales Rep,2,30009.79,45,93,26,0.14,0,,0
INV-207694,C1744,Independent,Midwest,Phone,11,826.88,45,39,9,0.322,0,,0
INV-207695,C1147,Regional,South,Phone,8,9414.77,45,30,13,0.157,0,,0
INV-207696,C1540,National Account,West,Sales Rep,8,14440.18,45,73,27,0.124,0,,0
INV-207697,C1708,Regional,South,EDI,2,8131.28,45,59,18,0.135,0,,0
INV-207698,C1084,National Account,Midwest,EDI,1,16836.41,45,258,20,0.0,0,,0
INV-207699,C1284,Independent,Northeast,EDI,8,1907.75,30,23,9,0.288,0,,0
INV-207700,C1827,National Account,Midwest,EDI,10,3517.45,45,73,31,0.141,0,,0
INV-207701,C1437,National Account,West,EDI,2,5279.04,60,20,28,0.237,0,,0
INV-207702,C1349,Regional,South,Phone,1,2473.57,60,42,8,0.12,0,,0
INV-207703,C1017,Independent,Midwest,Sales Rep,4,1403.47,30,15,14,0.063,0,,0
INV-207704,C1730,Regional,Midwest,Phone,1,5264.72,60,26,5,0.066,0,,0
INV-207705,C1737,Regional,South,Web Portal,11,7489.98,45,28,4,0.343,0,,0
INV-207706,C1256,National Account,Northeast,Sales Rep,10,33376.11,60,9,30,0.109,0,,0
INV-207707,C1177,Regional,Midwest,Web Portal,6,25334.5,60,85,9,0.343,0,,0
INV-207708,C1621,Independent,South,EDI,1,610.94,45,9,10,0.218,0,,0
INV-207709,C1489,National Account,Midwest,EDI,8,10668.8,60,13,15,0.001,0,,0
INV-207710,C1826,Regional,Northeast,Sales Rep,12,3803.9,30,13,11,0.086,0,,0
INV-207711,C1524,National Account,South,Web Portal,3,12670.22,60,36,14,0.08,0,,0
INV-207712,C1266,Regional,South,Web Portal,11,2289.67,30,22,6,0.266,0,,0
INV-207713,C1058,Independent,South,Sales Rep,8,1771.02,45,36,10,0.308,1,,0
INV-207714,C1532,Regional,Northeast,Sales Rep,5,4117.86,60,19,6,0.106,0,,0
INV-207715,C1125,Independent,South,EDI,6,599.99,45,37,9,0.161,0,,0
INV-207716,C1180,Independent,Northeast,Web Portal,6,2657.08,30,21,8,0.114,0,,0
INV-207717,C1274,National Account,West,Sales Rep,11,5371.74,60,33,28,0.131,0,89.0,1
INV-207718,C1683,Independent,West,Web Portal,8,1424.71,30,31,17,0.112,0,,0
INV-207719,C1250,Regional,Northeast,EDI,1,266.95,45,101,12,0.035,0,,0
INV-207720,C1374,Regional,South,Sales Rep,10,3417.25,45,17,8,0.17,0,,0
INV-207721,C1150,National Account,Midwest,Sales Rep,11,1793.61,45,35,24,0.108,0,,0
INV-207722,C1811,Regional,South,Phone,5,2905.97,30,7,14,0.116,0,,0
INV-207723,C1185,Independent,Midwest,Phone,7,2136.1,30,20,12,0.327,0,,0
INV-207724,C1797,Regional,West,Sales Rep,2,8374.3,45,60,9,0.196,0,,0
INV-207725,C1508,Regional,South,EDI,5,2798.05,45,34,7,0.09,0,,0
INV-207726,C1170,National Account,South,EDI,6,16469.22,60,47,21,0.08,0,,0
INV-207727,C1385,Regional,West,Sales Rep,5,1751.55,60,52,5,0.052,0,,0
INV-207728,C1218,National Account,Midwest,Sales Rep,1,3694.6,60,43,23,0.05,0,,0
INV-207729,C1395,Regional,West,EDI,4,1935.29,30,49,5,0.204,0,,0
INV-207730,C1289,Independent,Northeast,Web Portal,12,3778.13,30,42,10,0.057,0,51.0,0
INV-207731,C1286,Regional,South,EDI,5,2641.04,30,11,8,0.166,0,,0
INV-207732,C1595,Regional,South,Sales Rep,2,13742.91,30,17,12,0.096,0,,0
INV-207733,C1723,Independent,West,Phone,7,5083.37,30,8,7,0.093,0,,0
INV-207734,C1076,Independent,West,Web Portal,9,1875.2,30,39,8,0.232,0,,0
INV-207735,C1645,Independent,Northeast,Sales Rep,11,14857.3,30,5,9,0.124,0,51.0,1
INV-207736,C1489,National Account,West,Sales Rep,2,6875.5,30,13,20,0.014,0,,0
INV-207737,C1648,Regional,Midwest,Sales Rep,12,3274.58,45,39,13,0.077,0,,0
INV-207738,C1423,Regional,Midwest,Sales Rep,5,12298.82,45,54,9,0.018,0,,0
INV-207739,C1096,Independent,West,Sales Rep,5,1331.95,45,15,11,0.31,0,,0
INV-207740,C1455,Independent,South,Phone,1,3587.8,60,9,16,0.115,0,89.0,1
INV-207741,C1290,Regional,Midwest,Sales Rep,10,15509.03,45,69,14,0.12,0,,0
INV-207742,C1387,Regional,South,Web Portal,2,3686.72,45,55,10,0.08,0,,0
INV-207743,C1103,National Account,Midwest,Sales Rep,12,5301.18,45,80,28,0.225,0,,0
INV-207744,C1489,National Account,Northeast,Web Portal,8,4390.63,60,13,22,0.047,0,,0
INV-207745,C1701,National Account,Northeast,EDI,11,16159.88,45,61,21,0.094,0,,0
INV-207746,C1247,Independent,West,Sales Rep,1,1253.05,30,11,6,0.066,0,,0
INV-207747,C1183,Regional,Northeast,Web Portal,10,2549.86,30,61,9,0.0,0,,0
INV-207748,C1505,National Account,West,Sales Rep,9,5413.44,60,68,28,0.0,0,,0
INV-207749,C1396,Independent,Northeast,Web Portal,7,4918.05,30,32,7,0.282,0,,0
INV-207750,C1158,Regional,South,Sales Rep,4,2234.12,30,33,11,0.129,0,,0
INV-207751,C1507,National Account,Midwest,EDI,5,6235.77,45,37,21,0.228,0,,0
INV-207752,C1334,National Account,South,EDI,10,2987.0,45,103,20,0.081,0,,0
INV-207753,C1393,Regional,West,Sales Rep,6,11051.94,30,29,6,0.164,0,52.0,1
INV-207754,C1321,Independent,West,EDI,8,26721.96,45,6,9,0.019,0,,0
INV-207755,C1231,National Account,South,Web Portal,6,5330.43,30,35,29,0.261,0,,0
INV-207756,C1120,National Account,Midwest,EDI,2,15431.93,45,62,19,0.1,0,81.0,1
INV-207757,C1112,Independent,Midwest,Phone,11,1058.13,30,24,10,0.156,1,65.0,1
INV-207758,C1101,National Account,South,EDI,3,1078.92,60,152,16,0.0,0,,0
INV-207759,C1258,Independent,Northeast,Sales Rep,1,1495.02,30,13,12,0.244,0,,0
INV-207760,C1581,Independent,Midwest,Phone,5,1155.37,30,4,15,0.159,0,,0
INV-207761,C1515,Regional,South,Phone,3,1691.29,30,55,10,0.017,1,,0
INV-207762,C1332,National Account,West,Sales Rep,2,16434.25,60,14,24,0.036,0,,0
INV-207763,C1574,Independent,West,EDI,8,2778.14,30,76,8,0.137,0,,0
INV-207764,C1824,Independent,Northeast,Web Portal,11,1275.48,30,35,14,0.024,0,,0
INV-207765,C1827,National Account,Midwest,Web Portal,8,2506.24,45,73,14,0.0,0,,0
INV-207766,C1240,Regional,Midwest,Sales Rep,2,8410.14,30,64,6,0.146,0,59.0,1
INV-207767,C1164,Regional,South,Web Portal,6,8424.18,30,19,11,0.032,0,,0
INV-207768,C1010,Regional,Midwest,Phone,12,3257.85,45,5,6,0.131,0,,0
INV-207769,C1368,Independent,Northeast,Sales Rep,12,1053.22,45,27,13,0.368,0,,0
INV-207770,C1285,Independent,Northeast,EDI,10,2173.51,45,15,9,0.177,1,,1
INV-207771,C1305,Independent,South,Sales Rep,10,7768.28,45,36,9,0.174,0,,0
INV-207772,C1121,National Account,Northeast,Sales Rep,6,5040.4,60,46,23,0.386,0,,0
INV-207773,C1647,Regional,Northeast,Sales Rep,12,13623.5,30,24,11,0.052,0,,0
INV-207774,C1499,Independent,Midwest,EDI,6,2143.3,30,25,12,0.082,0,,0
INV-207775,C1360,Independent,Northeast,Phone,2,3783.72,30,43,11,0.091,0,,0
INV-207776,C1193,Regional,Northeast,Phone,5,5638.72,45,26,14,0.146,0,85.0,1
INV-207777,C1260,National Account,South,Phone,11,7693.3,45,11,31,0.051,0,65.0,0
INV-207778,C1348,Regional,South,EDI,3,1857.06,45,84,4,0.0,0,,0
INV-207779,C1071,Regional,South,Web Portal,11,7194.25,60,48,9,0.281,0,92.0,1
INV-207780,C1415,Independent,Midwest,Sales Rep,11,1017.63,30,10,10,0.11,0,,0
INV-207781,C1751,National Account,South,Phone,12,10459.58,60,60,25,0.16,0,,0
INV-207782,C1250,Regional,Midwest,Sales Rep,3,1820.16,45,101,15,0.137,0,,0
INV-207783,C1243,Regional,West,Web Portal,12,4563.04,30,20,13,0.0,0,,0
INV-207784,C1494,Independent,West,EDI,12,1541.24,30,29,9,0.204,0,,0
INV-207785,C1137,Regional,South,Sales Rep,1,4466.67,30,51,15,0.075,0,,0
INV-207786,C1534,Regional,Midwest,Phone,9,10178.32,45,38,5,0.427,0,,0
INV-207787,C1297,National Account,Midwest,Phone,3,5327.16,60,77,17,0.02,0,,0
INV-207788,C1428,National Account,Northeast,Web Portal,9,14689.66,45,19,22,0.125,0,,0
INV-207789,C1452,Regional,West,Web Portal,4,5060.26,60,103,8,0.11,0,,0
INV-207790,C1555,Regional,Midwest,EDI,7,4427.38,45,41,7,0.172,0,,0
INV-207791,C1603,National Account,South,Web Portal,12,66320.54,45,122,17,0.233,0,,0
INV-207792,C1427,National Account,Midwest,EDI,5,132991.31,45,71,18,0.0,0,,0
INV-207793,C1833,Independent,Northeast,Phone,6,1885.13,30,44,15,0.225,0,,0
INV-207794,C1023,National Account,West,Phone,6,6225.04,60,33,23,0.133,0,,0
INV-207795,C1123,Independent,West,EDI,10,5591.24,30,26,11,0.145,1,,0
INV-207796,C1185,Independent,Midwest,Phone,6,24031.5,30,20,11,0.098,0,,0
INV-207797,C1026,National Account,West,Phone,4,1300.69,45,48,20,0.197,0,66.0,0
INV-207798,C1176,Independent,South,EDI,9,5885.53,30,13,13,0.165,1,,1
INV-207799,C1160,Regional,South,Web Portal,6,3899.01,30,18,11,0.126,0,,0
INV-207800,C1361,Independent,Northeast,EDI,1,4329.96,30,26,11,0.161,1,,0
INV-207801,C1044,Independent,Northeast,Web Portal,11,5055.73,45,10,11,0.0,0,,0
INV-207802,C1728,National Account,West,Sales Rep,3,7297.08,45,121,25,0.277,0,,0
INV-207803,C1041,Regional,Northeast,Web Portal,12,5127.49,30,20,8,0.17,0,,0
INV-207804,C1552,National Account,Midwest,EDI,7,8572.43,60,18,23,0.191,0,,0
INV-207805,C1841,Independent,Midwest,Web Portal,1,13641.11,30,5,8,0.338,0,,0
INV-207806,C1086,Independent,South,Sales Rep,5,4471.4,30,23,13,0.396,0,,0
INV-207807,C1535,National Account,West,Web Portal,3,3975.82,45,55,19,0.183,0,,0
INV-207808,C1482,Regional,Midwest,Web Portal,9,1563.68,30,68,14,0.117,0,,0
INV-207809,C1217,National Account,Midwest,EDI,10,18854.81,30,134,29,0.0,0,,0
INV-207810,C1097,National Account,West,Phone,4,10967.36,60,32,18,0.0,0,,0
INV-207811,C1128,Regional,South,Sales Rep,2,2651.57,45,30,6,0.0,0,,0
INV-207812,C1437,National Account,Northeast,Phone,7,52322.37,30,20,20,0.114,0,48.0,1
INV-207813,C1259,National Account,Midwest,Web Portal,3,25765.93,60,71,24,0.0,0,,0
INV-207814,C1291,Independent,West,Sales Rep,9,3415.14,30,47,14,0.204,0,,0
INV-207815,C1715,Independent,Midwest,Sales Rep,11,1646.1,60,52,7,0.295,0,,0
INV-207816,C1382,Regional,South,EDI,9,4695.85,60,25,12,0.176,0,,0
INV-207817,C1508,Regional,Midwest,EDI,8,1480.51,30,34,10,0.205,0,,0
INV-207818,C1747,Regional,Northeast,EDI,4,37448.29,30,49,6,0.235,0,,0
INV-207819,C1560,Regional,South,Phone,2,1644.02,45,125,12,0.154,0,,0
INV-207820,C1435,Regional,Midwest,Web Portal,2,1998.17,45,15,11,0.185,0,,0
INV-207821,C1252,National Account,Midwest,Phone,1,5990.96,60,90,21,0.135,0,,0
INV-207822,C1790,National Account,Midwest,Phone,5,13561.5,45,87,24,0.021,0,,0
INV-207823,C1675,National Account,West,EDI,8,14448.25,45,120,24,0.284,0,,0
INV-207824,C1109,Independent,South,Sales Rep,2,465.3,45,23,13,0.102,0,,0
INV-207825,C1066,Regional,South,EDI,4,1484.72,30,38,11,0.075,0,,0
INV-207826,C1449,National Account,Midwest,Web Portal,4,7249.66,60,192,31,0.071,0,,0
INV-207827,C1010,Regional,West,EDI,3,8872.01,30,5,9,0.107,0,,0
INV-207828,C1637,Independent,Northeast,Web Portal,1,2525.18,30,13,5,0.121,0,,0
INV-207829,C1797,Regional,West,Web Portal,4,2973.88,30,60,14,0.126,0,,0
INV-207830,C1217,National Account,Midwest,EDI,3,28953.74,60,134,26,0.052,0,,0
INV-207831,C1016,Independent,Midwest,EDI,12,2523.81,60,15,14,0.054,0,,0
INV-207832,C1312,National Account,Northeast,Web Portal,3,1752.47,60,104,18,0.018,0,,0
INV-207833,C1459,Regional,Midwest,Web Portal,7,5336.02,30,24,15,0.228,0,,0
INV-207834,C1797,Regional,Northeast,Sales Rep,10,856.11,30,60,11,0.221,0,,0
INV-207835,C1003,Regional,South,EDI,3,1136.67,45,30,10,0.246,0,,0
INV-207836,C1242,Regional,South,Phone,5,4755.24,45,33,14,0.14,0,,0
INV-207837,C1370,Regional,Northeast,Web Portal,5,3275.41,30,68,5,0.08,0,,0
INV-207838,C1671,National Account,West,Phone,6,8623.16,45,231,25,0.0,0,,0
INV-207839,C1562,Independent,Midwest,Sales Rep,12,1922.46,30,37,12,0.354,1,68.0,1
INV-207840,C1533,Independent,Midwest,EDI,8,1471.04,45,9,6,0.111,0,,0
INV-207841,C1457,Regional,South,Sales Rep,7,5105.11,45,10,18,0.298,0,,0
INV-207842,C1248,National Account,Midwest,Phone,7,2704.52,30,47,13,0.333,0,,0
INV-207843,C1393,Regional,Northeast,Web Portal,9,5044.26,45,29,11,0.482,0,,0
INV-207844,C1048,Regional,Midwest,Sales Rep,5,877.91,45,61,8,0.275,0,,0
INV-207845,C1237,National Account,South,Phone,1,52059.39,45,55,26,0.245,1,,1
INV-207846,C1257,Regional,South,Sales Rep,4,3435.92,30,35,7,0.066,0,,0
INV-207847,C1253,Regional,Midwest,Phone,2,1646.4,45,48,10,0.262,0,,0
INV-207848,C1653,Regional,South,EDI,12,3583.84,30,8,11,0.181,0,,0
INV-207849,C1796,Independent,Midwest,EDI,3,1796.38,30,24,5,0.184,0,,0
INV-207850,C1352,National Account,South,Phone,4,34512.58,45,35,31,0.121,0,,0
INV-207851,C1022,Independent,Midwest,Web Portal,12,1610.48,30,6,14,0.447,0,,0
INV-207852,C1343,Regional,Midwest,Sales Rep,11,9006.22,60,38,11,0.1,0,,0
INV-207853,C1198,Independent,South,Sales Rep,9,6853.7,60,15,12,0.392,0,95.0,1
INV-207854,C1423,Regional,Northeast,Web Portal,1,4982.76,30,54,12,0.0,0,,0
INV-207855,C1231,National Account,South,Phone,7,47813.08,30,35,18,0.275,0,52.0,0
INV-207856,C1228,National Account,Midwest,Web Portal,12,3699.38,30,12,22,0.111,0,,0
INV-207857,C1594,National Account,Northeast,Web Portal,3,9151.01,60,75,22,0.0,0,,0
INV-207858,C1175,Regional,South,Sales Rep,4,5257.01,30,50,9,0.005,0,,0
INV-207859,C1226,Regional,South,Sales Rep,5,8136.51,45,108,8,0.015,0,,0
INV-207860,C1517,Regional,Midwest,Phone,7,3735.72,30,38,7,0.007,0,,0
INV-207861,C1040,National Account,West,Web Portal,12,10732.55,60,82,17,0.384,0,,0
INV-207862,C1294,Independent,South,EDI,11,1543.1,30,40,9,0.167,0,,0
INV-207863,C1274,National Account,Northeast,Phone,4,27678.57,60,33,25,0.14,0,106.0,1
INV-207864,C1216,Regional,West,Sales Rep,5,9057.33,45,23,9,0.081,0,,0
INV-207865,C1471,National Account,Midwest,EDI,11,5513.82,60,137,23,0.061,0,,0
INV-207866,C1081,Independent,Midwest,EDI,2,1389.38,30,12,8,0.121,0,,0
INV-207867,C1524,National Account,Midwest,Sales Rep,5,17483.13,45,36,27,0.095,0,,0
INV-207868,C1584,Regional,West,Sales Rep,11,1642.32,60,27,10,0.136,0,96.0,1
INV-207869,C1411,National Account,Northeast,EDI,11,14913.58,45,70,18,0.0,0,,0
INV-207870,C1485,Independent,Midwest,Sales Rep,5,1396.22,45,9,5,0.197,0,,0
INV-207871,C1687,Regional,South,Web Portal,7,7240.5,30,57,6,0.153,0,,0
INV-207872,C1337,Regional,Midwest,EDI,5,5387.45,60,20,8,0.133,0,,0
INV-207873,C1413,Independent,South,Sales Rep,1,4904.11,45,5,7,0.227,0,84.0,1
INV-207874,C1348,Regional,Midwest,Sales Rep,9,3486.33,30,84,7,0.0,0,,0
INV-207875,C1470,Independent,Midwest,Sales Rep,4,3090.57,30,40,15,0.146,0,,0
INV-207876,C1375,National Account,South,Sales Rep,7,3445.18,45,39,19,0.0,0,,0
INV-207877,C1513,Independent,West,Phone,10,2368.37,30,58,10,0.115,0,,0
INV-207878,C1287,Regional,Northeast,Web Portal,8,19285.77,30,72,16,0.199,0,,0
INV-207879,C1846,Independent,Midwest,Sales Rep,10,1822.98,30,23,12,0.28,0,,0
INV-207880,C1347,Regional,Midwest,Web Portal,11,5700.78,45,85,10,0.188,0,,0
INV-207881,C1299,National Account,South,Sales Rep,2,37008.37,30,31,23,0.059,0,,0
INV-207882,C1769,Independent,Northeast,EDI,9,3027.6,30,23,16,0.066,0,,0
INV-207883,C1695,Regional,Midwest,Phone,3,505.0,45,72,12,0.0,0,,0
INV-207884,C1301,National Account,Northeast,Sales Rep,6,33537.54,45,199,18,0.0,0,,0
INV-207885,C1237,National Account,Northeast,Sales Rep,8,9578.38,45,55,21,0.239,0,,0
INV-207886,C1661,National Account,Midwest,Sales Rep,2,4374.35,45,170,20,0.0,0,,0
INV-207887,C1046,Independent,Northeast,EDI,8,1844.15,30,6,10,0.031,0,60.0,0
INV-207888,C1749,Independent,South,Sales Rep,12,2235.48,30,28,13,0.288,0,,0
INV-207889,C1363,Independent,Midwest,EDI,10,2553.8,45,6,9,0.325,0,,0
INV-207890,C1507,National Account,West,Sales Rep,3,10277.02,30,37,23,0.093,0,,0
INV-207891,C1596,Regional,South,Sales Rep,9,5649.08,30,17,9,0.134,0,,0
INV-207892,C1078,Regional,South,Web Portal,11,1623.91,45,20,11,0.089,0,,0
INV-207893,C1529,Regional,South,EDI,9,894.15,45,20,10,0.367,0,,0
INV-207894,C1845,Independent,Midwest,Web Portal,12,1315.9,45,4,7,0.212,0,,0
INV-207895,C1701,National Account,Northeast,Phone,5,5000.23,60,61,20,0.153,0,,0
INV-207896,C1111,National Account,Midwest,Phone,1,6479.11,45,93,24,0.188,0,74.0,1
INV-207897,C1137,Regional,Midwest,EDI,9,3439.54,60,51,11,0.164,1,,0
INV-207898,C1485,Independent,Northeast,EDI,10,7496.75,45,9,9,0.067,0,,0
INV-207899,C1428,National Account,Midwest,Web Portal,5,19157.71,60,19,30,0.137,0,,0
INV-207900,C1419,National Account,West,Web Portal,10,12622.11,60,31,20,0.082,0,,0
INV-207901,C1491,Independent,Northeast,Phone,3,1404.98,45,34,10,0.107,0,,0
INV-207902,C1387,Regional,South,Phone,6,2153.16,30,55,7,0.092,0,,0
INV-207903,C1685,Independent,West,Phone,8,792.67,60,16,13,0.438,0,,0
INV-207904,C1411,National Account,South,Sales Rep,12,10985.49,60,70,25,0.159,1,96.0,1
INV-207905,C1516,Independent,Midwest,Sales Rep,7,292.79,30,14,5,0.332,0,58.0,1
INV-207906,C1564,National Account,West,Web Portal,9,33328.8,60,113,21,0.374,0,,0
INV-207907,C1824,Independent,West,EDI,9,1599.41,30,35,4,0.411,0,,0
INV-207908,C1048,Regional,South,Sales Rep,1,1687.66,45,61,11,0.037,0,,0
INV-207909,C1592,Independent,South,EDI,6,414.48,45,29,14,0.103,0,,0
INV-207910,C1698,National Account,West,Sales Rep,5,7768.71,60,49,22,0.0,0,,0
INV-207911,C1400,National Account,Midwest,Sales Rep,10,3738.52,60,89,22,0.373,0,,0
INV-207912,C1733,Regional,South,Phone,10,12458.28,30,16,13,0.089,0,,0
INV-207913,C1432,Regional,South,Web Portal,5,700.74,60,17,8,0.287,0,,0
INV-207914,C1568,National Account,Northeast,EDI,12,11998.35,30,79,26,0.128,0,,0
INV-207915,C1324,Regional,Northeast,EDI,6,1648.27,45,5,16,0.0,0,,0
INV-207916,C1362,Regional,Northeast,Sales Rep,7,6901.25,30,30,10,0.0,0,,0
INV-207917,C1279,Independent,South,Sales Rep,5,12341.24,30,17,10,0.073,0,,0
INV-207918,C1375,National Account,Midwest,EDI,6,3315.43,45,39,20,0.028,0,,0
INV-207919,C1082,Independent,Midwest,Sales Rep,3,10988.77,30,26,11,0.156,0,,0
INV-207920,C1363,Independent,Midwest,Web Portal,3,2378.73,45,6,12,0.373,0,,0
INV-207921,C1140,Independent,West,Sales Rep,6,958.24,30,3,15,0.013,1,,0
INV-207922,C1369,Regional,Midwest,Phone,6,1712.82,60,43,8,0.026,0,,0
INV-207923,C1613,Regional,South,Phone,7,9791.0,30,35,8,0.395,0,,0
INV-207924,C1024,Regional,South,Phone,8,1915.48,60,141,8,0.177,0,,0
INV-207925,C1595,Regional,Midwest,EDI,7,14751.27,30,17,10,0.0,0,,0
INV-207926,C1820,Regional,Northeast,EDI,1,1320.98,30,58,11,0.09,1,,0
INV-207927,C1762,National Account,South,EDI,2,5848.93,60,36,18,0.062,0,,0
INV-207928,C1123,Independent,Northeast,Phone,7,535.34,30,26,10,0.143,0,,0
INV-207929,C1018,Regional,South,Web Portal,9,3705.63,45,69,11,0.122,0,,0
INV-207930,C1602,Independent,Midwest,Phone,9,3202.53,45,32,9,0.158,0,72.0,1
INV-207931,C1732,National Account,South,Web Portal,5,9962.33,60,112,23,0.063,0,,0
INV-207932,C1194,Regional,Midwest,EDI,4,2589.69,30,51,10,0.066,0,,0
INV-207933,C1495,Independent,Northeast,EDI,8,1978.52,30,4,5,0.281,0,,0
INV-207934,C1095,Independent,Northeast,Web Portal,3,8794.02,30,15,7,0.007,0,,0
INV-207935,C1084,National Account,West,Phone,4,18688.05,45,258,32,0.0,0,,0
INV-207936,C1087,Independent,Northeast,Sales Rep,11,1170.02,45,13,10,0.057,0,,0
INV-207937,C1196,National Account,South,Sales Rep,3,14428.64,45,28,17,0.043,0,71.0,1
INV-207938,C1060,Regional,Midwest,Web Portal,7,11033.53,30,32,7,0.14,0,79.0,1
INV-207939,C1813,Independent,Midwest,Phone,7,12560.86,30,15,8,0.31,0,70.0,1
INV-207940,C1837,Independent,Northeast,Sales Rep,5,4337.18,30,30,16,0.008,0,,0
INV-207941,C1830,Regional,West,Web Portal,9,37421.65,45,21,7,0.072,0,,0
INV-207942,C1240,Regional,West,Sales Rep,2,2306.94,45,64,11,0.258,0,,0
INV-207943,C1027,Regional,South,Sales Rep,5,1669.72,60,38,15,0.128,0,,0
INV-207944,C1768,National Account,Midwest,Sales Rep,5,15160.97,60,109,17,0.053,0,,0
INV-207945,C1040,National Account,Northeast,EDI,11,9093.69,45,82,11,0.087,0,,0
INV-207946,C1037,Regional,Northeast,Phone,4,832.69,30,75,8,0.073,0,,0
INV-207947,C1115,National Account,South,EDI,1,17813.99,45,48,23,0.0,0,,0
INV-207948,C1797,Regional,South,Web Portal,6,4502.05,60,60,6,0.144,0,,0
INV-207949,C1018,Regional,South,Web Portal,9,1531.06,30,69,14,0.146,0,,0
INV-207950,C1238,National Account,Northeast,EDI,11,23668.78,45,201,16,0.033,0,,0
INV-207951,C1180,Independent,Northeast,Web Portal,3,2184.17,45,21,6,0.086,0,,0
INV-207952,C1346,Regional,South,Web Portal,11,8090.38,60,52,3,0.054,0,102.0,0
INV-207953,C1204,Independent,West,Web Portal,12,2721.8,60,2,11,0.188,0,,0
INV-207954,C1290,Regional,Northeast,Sales Rep,12,7279.12,30,69,7,0.078,0,,0
INV-207955,C1157,National Account,West,Phone,8,23940.18,60,138,25,0.059,0,,0
INV-207956,C1344,Independent,South,Sales Rep,12,2086.86,30,5,10,0.12,0,,0
INV-207957,C1477,National Account,South,EDI,8,16669.17,45,173,19,0.0,0,,0
INV-207958,C1792,Independent,West,Web Portal,8,3751.25,30,21,6,0.095,0,,0
INV-207959,C1701,National Account,South,Sales Rep,11,28661.54,30,61,22,0.08,0,,0
INV-207960,C1113,Regional,South,Phone,3,2363.19,60,26,9,0.407,0,,0
INV-207961,C1607,Regional,South,EDI,5,2114.86,30,51,12,0.013,0,,0
INV-207962,C1511,Regional,South,Web Portal,4,9906.21,30,40,11,0.0,0,,0
INV-207963,C1449,National Account,Midwest,EDI,6,3353.42,45,192,20,0.0,0,,0
INV-207964,C1178,National Account,South,EDI,3,37208.58,60,58,33,0.083,0,,0
INV-207965,C1536,National Account,South,Phone,8,3483.31,60,177,30,0.225,0,,0
INV-207966,C1106,National Account,South,Phone,10,7582.13,45,46,19,0.18,0,,0
INV-207967,C1437,National Account,South,Sales Rep,4,14728.74,45,20,26,0.418,0,83.0,1
INV-207968,C1755,Independent,South,Sales Rep,3,914.73,30,16,7,0.289,0,,0
INV-207969,C1579,Regional,South,Sales Rep,8,2649.15,30,21,9,0.251,0,,0
INV-207970,C1419,National Account,Midwest,Web Portal,8,11244.6,60,31,28,0.076,0,,0
INV-207971,C1587,National Account,South,Web Portal,5,6525.13,60,24,20,0.046,0,,0
INV-207972,C1690,Independent,West,Sales Rep,9,1524.63,30,14,8,0.037,0,,0
INV-207973,C1818,National Account,Midwest,Sales Rep,9,11452.56,60,113,25,0.099,0,,0
INV-207974,C1708,Regional,West,Phone,2,2186.78,60,59,9,0.199,0,114.0,1
INV-207975,C1084,National Account,Midwest,EDI,3,9576.74,30,258,21,0.153,0,,0
INV-207976,C1593,Regional,West,EDI,11,3119.06,30,128,8,0.12,0,,0
INV-207977,C1787,National Account,West,Phone,3,4861.82,45,103,29,0.101,0,69.0,1
INV-207978,C1601,National Account,West,Web Portal,4,8364.66,60,17,22,0.0,0,,0
INV-207979,C1191,Independent,West,Phone,4,3603.83,30,30,17,0.138,0,,0
INV-207980,C1480,Independent,West,Sales Rep,2,1211.91,30,16,13,0.065,0,,0
INV-207981,C1034,Regional,South,Sales Rep,8,2833.68,45,52,13,0.124,0,,0
INV-207982,C1353,National Account,West,Web Portal,3,40049.7,60,24,27,0.279,0,,0
INV-207983,C1675,National Account,Northeast,EDI,10,23216.34,60,120,25,0.133,0,,0
INV-207984,C1408,Regional,South,Sales Rep,3,12830.22,30,34,5,0.279,0,,0
INV-207985,C1022,Independent,South,Web Portal,2,1695.92,45,6,10,0.048,0,,0
INV-207986,C1459,Regional,South,Web Portal,12,14137.85,60,24,15,0.231,0,,0
INV-207987,C1234,Independent,Northeast,Web Portal,6,584.65,30,10,11,0.359,0,,0
INV-207988,C1297,National Account,Northeast,Web Portal,8,50119.43,45,77,21,0.0,0,,0
INV-207989,C1066,Regional,West,Sales Rep,8,2716.94,60,38,7,0.07,0,78.0,1
INV-207990,C1642,Regional,Northeast,Web Portal,1,527.7,45,47,9,0.111,0,,0
INV-207991,C1146,National Account,South,Web Portal,2,3221.8,30,38,23,0.209,1,,0
INV-207992,C1037,Regional,Northeast,EDI,4,5933.82,30,75,11,0.267,0,,0
INV-207993,C1059,Independent,Midwest,Phone,6,10097.7,30,27,8,0.187,0,,0
INV-207994,C1365,Independent,Midwest,EDI,7,2521.66,30,78,15,0.192,0,,0
INV-207995,C1662,Independent,South,EDI,1,1000.14,30,39,5,0.167,0,,0
INV-207996,C1817,Independent,West,Web Portal,12,978.4,30,30,5,0.0,0,,0
INV-207997,C1534,Regional,South,Sales Rep,4,7039.17,30,38,10,0.207,0,,0
INV-207998,C1242,Regional,South,Sales Rep,7,885.19,45,33,10,0.309,0,,0
INV-207999,C1379,Independent,South,EDI,4,5877.2,30,23,10,0.0,0,,0
INV-208000,C1186,National Account,South,Web Portal,12,19941.21,45,69,26,0.03,0,,0
INV-208001,C1589,Independent,Midwest,Web Portal,7,3139.02,30,16,10,0.09,0,,0
INV-208002,C1807,National Account,West,Web Portal,4,45645.48,45,170,28,0.061,0,,0
INV-208003,C1783,Regional,Northeast,Phone,9,5840.26,45,26,8,0.095,0,,0
INV-208004,C1649,Independent,Midwest,Sales Rep,6,1228.61,30,29,8,0.079,0,,0
INV-208005,C1220,National Account,Northeast,Web Portal,8,3371.01,30,29,23,0.136,0,,0
INV-208006,C1794,National Account,Midwest,Sales Rep,9,8227.25,60,50,33,0.0,0,,0
INV-208007,C1768,National Account,West,Web Portal,8,14548.49,60,109,22,0.041,0,,0
INV-208008,C1680,Independent,Northeast,Phone,9,5446.52,30,16,9,0.129,0,,0
INV-208009,C1119,Regional,West,Sales Rep,10,7084.32,45,28,6,0.081,0,,0
INV-208010,C1539,Regional,Midwest,EDI,7,1779.62,30,36,5,0.135,0,,0
INV-208011,C1832,Independent,South,EDI,2,988.26,30,14,11,0.326,0,,0
INV-208012,C1202,National Account,Northeast,Phone,8,21008.6,30,98,23,0.0,0,,0
INV-208013,C1370,Regional,Midwest,Web Portal,7,6836.92,30,68,11,0.239,1,,0
INV-208014,C1599,Regional,Northeast,Phone,8,965.94,45,69,13,0.107,0,,0
INV-208015,C1463,National Account,Northeast,EDI,5,13571.85,45,90,25,0.143,0,,0
INV-208016,C1798,Regional,West,Web Portal,5,4712.96,30,90,5,0.104,0,,0
INV-208017,C1840,Regional,Northeast,Phone,10,2790.69,30,38,13,0.0,0,,0
INV-208018,C1007,Regional,West,EDI,3,29773.32,30,72,5,0.194,0,,0
INV-208019,C1043,Regional,Northeast,Web Portal,3,3657.44,30,85,6,0.0,0,,0
INV-208020,C1755,Independent,South,Sales Rep,7,1470.28,30,16,9,0.459,0,,0
INV-208021,C1708,Regional,Midwest,EDI,1,7741.62,45,59,9,0.347,0,,0
INV-208022,C1224,Regional,Midwest,Web Portal,7,904.96,45,47,5,0.214,0,,0
INV-208023,C1083,Independent,South,Web Portal,7,1151.78,30,23,3,0.236,0,,0
INV-208024,C1817,Independent,West,Sales Rep,7,7002.54,45,30,9,0.0,0,,0
INV-208025,C1145,National Account,Midwest,Web Portal,4,8437.42,45,5,25,0.082,0,,0
INV-208026,C1818,National Account,Northeast,Web Portal,2,9383.56,30,113,27,0.04,0,,0
INV-208027,C1252,National Account,West,Sales Rep,5,19579.09,60,90,23,0.4,0,,0
INV-208028,C1117,Regional,Northeast,EDI,7,7174.91,60,19,11,0.082,0,,0
INV-208029,C1460,Independent,South,EDI,6,1923.72,30,19,7,0.19,1,,0
INV-208030,C1189,National Account,South,Sales Rep,2,9819.08,60,90,27,0.041,0,,0
INV-208031,C1492,National Account,Midwest,Sales Rep,3,10545.59,45,102,29,0.053,0,,0
INV-208032,C1667,Regional,South,Sales Rep,11,2217.75,45,37,12,0.311,0,,0
INV-208033,C1164,Regional,Midwest,Phone,3,9177.46,60,19,8,0.058,0,,0
INV-208034,C1675,National Account,Northeast,EDI,4,17018.66,60,120,27,0.082,0,,0
INV-208035,C1077,Regional,Midwest,Sales Rep,4,6415.45,60,39,13,0.0,0,,0
INV-208036,C1824,Independent,South,Phone,1,3551.58,45,35,13,0.0,0,,0
INV-208037,C1783,Regional,Midwest,Web Portal,12,2445.07,45,26,8,0.256,0,,0
INV-208038,C1141,Regional,South,EDI,11,2389.22,60,18,8,0.089,0,,0
INV-208039,C1306,National Account,Midwest,Phone,11,6847.36,45,20,22,0.0,0,,0
INV-208040,C1499,Independent,Northeast,Sales Rep,5,1541.82,30,25,13,0.028,0,,0
INV-208041,C1433,Independent,Northeast,Phone,4,1466.87,30,32,9,0.208,0,,0
INV-208042,C1113,Regional,Northeast,Sales Rep,4,9439.44,60,26,6,0.152,0,98.0,1
INV-208043,C1091,National Account,Northeast,EDI,8,1648.48,30,111,23,0.367,0,,0
INV-208044,C1151,Independent,South,EDI,3,1065.58,30,28,7,0.147,0,,0
INV-208045,C1636,Regional,Midwest,Phone,11,5975.08,30,73,6,0.0,0,,0
INV-208046,C1579,Regional,Northeast,Phone,7,3285.03,45,21,10,0.195,0,,0
INV-208047,C1667,Regional,South,Sales Rep,11,14761.86,45,37,11,0.163,0,,0
INV-208048,C1220,National Account,Midwest,Web Portal,10,4163.14,30,29,29,0.0,0,,0
INV-208049,C1252,National Account,South,Sales Rep,3,12785.92,30,90,17,0.115,0,,0
INV-208050,C1022,Independent,Midwest,Web Portal,12,1068.1,30,6,9,0.496,0,,0
INV-208051,C1242,Regional,West,Web Portal,8,6982.13,30,33,10,0.158,0,,0
INV-208052,C1487,Regional,South,Web Portal,7,1312.34,45,74,11,0.147,0,,0
INV-208053,C1659,National Account,Midwest,Web Portal,1,5467.74,30,99,28,0.0,0,,0
INV-208054,C1023,National Account,South,Web Portal,3,2908.96,45,33,28,0.03,0,,0
INV-208055,C1038,National Account,Northeast,Web Portal,4,25495.56,60,81,15,0.061,0,105.0,1
INV-208056,C1821,Regional,South,Web Portal,7,3428.1,60,11,5,0.107,0,,0
INV-208057,C1173,Independent,West,Sales Rep,6,1537.98,30,15,5,0.043,0,,0
INV-208058,C1013,Regional,South,Sales Rep,8,45103.28,45,43,19,0.451,0,,0
INV-208059,C1193,Regional,South,Sales Rep,9,2218.96,45,26,12,0.0,1,,0
INV-208060,C1463,National Account,Midwest,Sales Rep,2,1684.14,30,90,21,0.071,0,52.0,1
INV-208061,C1388,Regional,Midwest,Sales Rep,3,1761.62,45,35,9,0.166,0,,0
INV-208062,C1847,National Account,Midwest,Sales Rep,1,2540.87,45,10,17,0.134,0,,0
INV-208063,C1034,Regional,West,Sales Rep,1,3558.29,45,52,10,0.368,0,,0
INV-208064,C1532,Regional,South,Web Portal,12,2548.03,45,19,5,0.457,1,71.0,1
INV-208065,C1026,National Account,Midwest,EDI,5,8761.54,60,48,22,0.063,0,,0
INV-208066,C1427,National Account,Northeast,Phone,3,9932.61,45,71,17,0.0,0,,0
INV-208067,C1469,National Account,South,Phone,10,14301.03,30,100,30,0.0,0,,0
INV-208068,C1260,National Account,Northeast,Phone,3,27853.43,60,11,20,0.309,0,100.0,1
INV-208069,C1122,Regional,South,Sales Rep,4,3252.64,60,18,13,0.0,0,,0
INV-208070,C1596,Regional,West,Sales Rep,5,6367.84,45,17,16,0.099,0,,0
INV-208071,C1659,National Account,Midwest,Web Portal,4,2673.05,45,99,27,0.0,0,,0
INV-208072,C1758,Regional,Midwest,Web Portal,3,1367.66,60,30,9,0.061,0,,0
INV-208073,C1376,Independent,West,EDI,2,592.74,30,4,11,0.266,0,,0
INV-208074,C1190,Independent,Midwest,Phone,6,2451.85,30,17,11,0.055,0,,0
INV-208075,C1026,National Account,Midwest,Sales Rep,7,26378.99,60,48,20,0.148,0,,0
INV-208076,C1105,Independent,West,Sales Rep,10,1006.19,30,7,12,0.13,0,,0
INV-208077,C1191,Independent,South,Phone,9,4298.79,30,30,13,0.25,0,,0
INV-208078,C1097,National Account,Midwest,Phone,9,15092.69,60,32,35,0.0,0,,0
INV-208079,C1755,Independent,West,Sales Rep,6,2938.81,30,16,8,0.339,1,57.0,1
INV-208080,C1470,Independent,Midwest,Web Portal,10,396.9,30,40,16,0.065,0,,0
INV-208081,C1725,Independent,Midwest,Sales Rep,11,1046.82,30,41,18,0.215,0,,0
INV-208082,C1574,Independent,West,EDI,11,4115.28,30,76,16,0.114,0,,0
INV-208083,C1651,Regional,South,Web Portal,2,4150.63,30,33,15,0.249,1,,0
INV-208084,C1750,National Account,Northeast,Phone,11,6033.27,45,108,24,0.0,0,,0
INV-208085,C1695,Regional,West,Web Portal,3,6923.61,30,72,15,0.123,0,,0
INV-208086,C1312,National Account,West,EDI,7,49921.49,60,104,26,0.031,0,,0
INV-208087,C1636,Regional,South,Web Portal,11,8278.23,30,73,11,0.159,0,,0
INV-208088,C1712,National Account,Midwest,Sales Rep,1,6155.16,45,66,31,0.0,0,,0
INV-208089,C1831,Regional,Midwest,Sales Rep,6,1548.53,30,39,9,0.202,0,,0
INV-208090,C1427,National Account,West,Web Portal,9,13455.21,45,71,24,0.0,0,,0
INV-208091,C1074,Regional,Northeast,EDI,7,4634.86,45,26,7,0.193,0,,0
INV-208092,C1302,Independent,Midwest,Sales Rep,5,5043.14,30,30,9,0.047,0,,0
INV-208093,C1536,National Account,Midwest,Sales Rep,7,3604.76,30,177,23,0.121,0,,0
INV-208094,C1693,Regional,South,EDI,2,3722.96,30,46,9,0.067,0,,0
INV-208095,C1065,Regional,Northeast,Web Portal,7,5798.19,30,35,14,0.171,0,,0
INV-208096,C1598,Independent,Midwest,EDI,10,4158.99,30,12,12,0.046,0,,0
INV-208097,C1845,Independent,West,Web Portal,4,3244.35,45,4,12,0.099,0,,0
INV-208098,C1721,Regional,Midwest,Sales Rep,2,7947.37,60,39,5,0.0,0,,0
INV-208099,C1675,National Account,West,Sales Rep,6,20643.95,60,120,21,0.057,0,79.0,1
INV-208100,C1730,Regional,South,EDI,11,8955.6,45,26,11,0.032,0,,0
INV-208101,C1684,Regional,West,Web Portal,6,6501.64,45,107,8,0.087,0,,0
INV-208102,C1310,National Account,Midwest,Sales Rep,9,5898.85,60,161,12,0.002,0,,0
INV-208103,C1046,Independent,South,Web Portal,10,648.43,30,6,18,0.229,0,,0
INV-208104,C1154,Regional,West,Phone,6,1336.7,45,5,7,0.0,0,,0
INV-208105,C1358,Independent,Midwest,Phone,6,1911.78,30,10,9,0.221,0,,0
INV-208106,C1192,Regional,Midwest,Web Portal,1,6001.78,30,39,8,0.078,0,,0
INV-208107,C1019,National Account,Northeast,Sales Rep,12,4494.12,45,43,23,0.074,0,,0
INV-208108,C1189,National Account,Northeast,Web Portal,10,15212.6,60,90,27,0.293,0,,0
INV-208109,C1730,Regional,Midwest,Phone,7,5974.99,60,26,7,0.137,0,,0
INV-208110,C1286,Regional,Northeast,Sales Rep,9,19328.36,45,11,8,0.048,0,,0
INV-208111,C1515,Regional,West,Sales Rep,4,1387.57,60,55,15,0.005,0,,0
INV-208112,C1259,National Account,Midwest,Web Portal,9,8792.71,30,71,21,0.129,0,51.0,1
INV-208113,C1388,Regional,Northeast,Web Portal,4,4476.35,30,35,13,0.143,0,,0
INV-208114,C1471,National Account,Midwest,Phone,10,3062.41,60,137,15,0.129,0,,0
INV-208115,C1378,Independent,Northeast,Phone,5,1247.92,30,79,14,0.071,0,,0
INV-208116,C1352,National Account,Midwest,EDI,1,1910.1,60,35,28,0.227,0,80.0,1
INV-208117,C1329,Independent,Midwest,Web Portal,6,2568.56,30,8,9,0.045,0,,0
INV-208118,C1168,Regional,Midwest,Sales Rep,4,4783.48,30,50,11,0.0,0,,0
INV-208119,C1716,Independent,Northeast,Sales Rep,6,774.87,45,7,14,0.099,0,,0
INV-208120,C1248,National Account,South,Phone,7,57558.7,45,47,24,0.06,0,,1
INV-208121,C1690,Independent,South,Sales Rep,4,1274.6,60,14,14,0.005,0,,0
INV-208122,C1299,National Account,South,Sales Rep,3,11822.56,30,31,23,0.0,0,,0
INV-208123,C1594,National Account,South,Web Portal,4,10159.59,45,75,23,0.075,0,,0
INV-208124,C1005,National Account,West,EDI,12,11462.18,30,34,15,0.117,0,,0
INV-208125,C1629,Regional,South,Sales Rep,7,3761.97,45,15,10,0.048,0,,0
INV-208126,C1849,Regional,Midwest,EDI,1,10463.52,30,34,14,0.127,0,,0
INV-208127,C1163,National Account,South,Sales Rep,7,6805.03,45,48,26,0.163,0,,0
INV-208128,C1443,Regional,West,Sales Rep,11,2932.9,45,54,10,0.068,0,,0
INV-208129,C1803,National Account,Midwest,EDI,12,12997.87,30,32,16,0.034,0,,0
INV-208130,C1158,Regional,Midwest,Phone,10,2589.57,30,33,10,0.12,0,,0
INV-208131,C1163,National Account,West,Sales Rep,4,2414.93,60,48,22,0.0,0,,0
INV-208132,C1624,Regional,South,Sales Rep,9,3408.55,45,25,10,0.033,0,,0
INV-208133,C1266,Regional,South,Sales Rep,8,6650.55,30,22,8,0.158,0,64.0,1
INV-208134,C1205,Independent,Midwest,EDI,7,1021.68,30,26,9,0.062,0,,0
INV-208135,C1761,Regional,West,Sales Rep,10,3460.07,30,50,7,0.093,0,,0
INV-208136,C1252,National Account,Midwest,Phone,7,5271.49,45,90,31,0.145,0,,0
INV-208137,C1692,National Account,Northeast,EDI,4,9218.04,45,42,18,0.0,0,,0
INV-208138,C1202,National Account,South,Phone,10,21474.43,60,98,23,0.0,0,,0
INV-208139,C1467,Regional,Northeast,Sales Rep,2,4917.28,30,18,13,0.144,0,,0
INV-208140,C1096,Independent,Midwest,Sales Rep,3,1893.33,30,15,9,0.073,0,,0
INV-208141,C1252,National Account,Midwest,EDI,3,3863.45,60,90,17,0.108,0,,0
INV-208142,C1588,Regional,South,Phone,10,3342.66,60,13,8,0.102,0,,0
INV-208143,C1726,Independent,Midwest,EDI,4,726.19,30,21,10,0.147,1,60.0,1
INV-208144,C1445,Regional,South,Sales Rep,2,1166.62,45,20,10,0.153,0,,0
INV-208145,C1039,Independent,Midwest,Sales Rep,7,3482.71,60,20,14,0.053,0,97.0,1
INV-208146,C1735,Independent,West,Sales Rep,5,4049.0,45,11,7,0.241,0,,0
INV-208147,C1552,National Account,West,Phone,5,16507.13,60,18,25,0.17,0,,0
INV-208148,C1681,Regional,South,EDI,12,12377.55,45,43,10,0.049,0,,0
INV-208149,C1795,Independent,Northeast,EDI,1,624.5,45,3,10,0.083,0,,0
INV-208150,C1091,National Account,Northeast,Sales Rep,5,12514.2,45,111,18,0.104,0,,0
INV-208151,C1776,Regional,South,Web Portal,7,1792.85,30,13,5,0.16,0,,0
INV-208152,C1799,Regional,South,Web Portal,9,3749.33,30,38,7,0.563,0,,0
INV-208153,C1564,National Account,Northeast,Web Portal,12,20181.35,30,113,22,0.242,0,,0
INV-208154,C1313,Independent,West,Web Portal,6,542.46,45,17,12,0.071,0,,0
INV-208155,C1604,Independent,Northeast,Web Portal,9,1016.09,30,20,6,0.066,0,,0
INV-208156,C1557,Regional,South,Sales Rep,11,2187.42,45,14,15,0.138,0,,0
INV-208157,C1591,Independent,Midwest,EDI,3,1023.45,30,8,11,0.381,1,,0
INV-208158,C1293,Regional,Midwest,EDI,10,10973.05,60,8,6,0.36,1,,0
INV-208159,C1568,National Account,South,Web Portal,4,11180.15,45,79,29,0.066,0,,0
INV-208160,C1847,National Account,South,EDI,11,1968.66,60,10,31,0.252,0,,0
INV-208161,C1332,National Account,Northeast,Sales Rep,7,1457.11,30,14,22,0.0,0,,0
INV-208162,C1699,National Account,South,Sales Rep,7,5456.9,45,49,19,0.0,0,,0
INV-208163,C1073,Regional,West,EDI,9,2272.5,60,13,9,0.111,0,,0
INV-208164,C1401,Regional,Midwest,Web Portal,11,1179.51,45,21,5,0.045,0,,0
INV-208165,C1059,Independent,South,Web Portal,7,1074.43,30,27,10,0.088,0,,0
INV-208166,C1808,Independent,Midwest,Sales Rep,10,2795.96,30,24,12,0.122,0,,0
INV-208167,C1425,Independent,Midwest,EDI,12,669.42,45,20,9,0.444,0,,0
INV-208168,C1569,Independent,Midwest,Web Portal,5,2626.74,45,9,10,0.058,0,,0
INV-208169,C1400,National Account,Northeast,Web Portal,6,9671.15,60,89,26,0.0,1,,0
INV-208170,C1321,Independent,South,Sales Rep,2,7589.94,30,6,9,0.187,0,,0
INV-208171,C1115,National Account,Northeast,Sales Rep,2,11748.87,45,48,27,0.0,0,,0
INV-208172,C1724,Independent,South,Sales Rep,11,3542.22,30,28,9,0.0,0,,0
INV-208173,C1482,Regional,Midwest,EDI,4,5876.85,45,68,9,0.266,0,,0
INV-208174,C1522,National Account,Northeast,EDI,3,20150.14,60,5,21,0.268,0,,0
INV-208175,C1370,Regional,Northeast,Phone,5,6558.46,30,68,7,0.23,0,,0
INV-208176,C1622,Regional,West,EDI,11,6227.81,45,43,16,0.041,1,,0
INV-208177,C1656,Regional,Northeast,Phone,6,4149.42,45,84,9,0.093,0,,0
INV-208178,C1785,Regional,Midwest,Web Portal,5,1576.14,30,32,14,0.23,0,77.0,1
INV-208179,C1098,Regional,West,Sales Rep,11,1321.67,45,24,11,0.19,0,,0
INV-208180,C1362,Regional,Midwest,Sales Rep,5,10332.87,30,30,14,0.057,0,,0
INV-208181,C1768,National Account,Midwest,Web Portal,5,7356.61,60,109,24,0.166,0,,0
INV-208182,C1781,Regional,Midwest,Web Portal,7,3080.75,30,23,11,0.22,0,,0
INV-208183,C1426,Regional,Midwest,Phone,9,2795.64,30,24,12,0.214,1,,0
INV-208184,C1453,Regional,Midwest,Sales Rep,10,15633.17,30,50,13,0.0,0,,0
INV-208185,C1256,National Account,West,Phone,7,5743.51,30,9,28,0.171,0,,0
INV-208186,C1775,Regional,West,EDI,4,823.7,30,10,9,0.178,0,,0
INV-208187,C1058,Independent,West,Web Portal,1,4442.83,45,36,10,0.204,0,,0
INV-208188,C1627,Regional,South,Web Portal,11,1042.53,60,29,7,0.207,0,,0
INV-208189,C1182,Regional,South,EDI,11,3517.58,45,16,7,0.0,0,,0
INV-208190,C1818,National Account,Northeast,Phone,1,1423.19,45,113,21,0.322,0,,0
INV-208191,C1610,Regional,Midwest,Web Portal,10,3800.13,60,22,8,0.045,1,,0
INV-208192,C1599,Regional,Northeast,Sales Rep,8,12477.07,45,69,10,0.0,0,,0
INV-208193,C1364,Regional,South,Phone,1,1860.87,45,11,13,0.317,0,,0
INV-208194,C1681,Regional,South,Sales Rep,5,3850.78,30,43,10,0.0,0,,0
INV-208195,C1362,Regional,Midwest,Phone,9,1098.99,45,30,9,0.0,0,,0
INV-208196,C1488,Regional,Midwest,Phone,6,1215.53,45,79,5,0.105,0,,0
INV-208197,C1446,National Account,Northeast,Phone,6,9385.31,45,78,20,0.105,0,,0
INV-208198,C1651,Regional,South,Sales Rep,7,1952.53,30,33,14,0.142,0,,0
INV-208199,C1752,Regional,Midwest,Sales Rep,12,3590.69,45,22,12,0.083,0,,0
INV-208200,C1572,Regional,Northeast,Web Portal,6,2023.25,60,15,16,0.15,0,,0
INV-208201,C1388,Regional,Midwest,Sales Rep,7,1136.28,30,35,8,0.0,0,,0
INV-208202,C1402,National Account,Midwest,EDI,10,21780.7,60,66,16,0.235,0,,0
INV-208203,C1003,Regional,Northeast,Web Portal,12,4792.41,45,30,8,0.008,0,,0
INV-208204,C1306,National Account,South,Sales Rep,10,3949.08,45,20,19,0.0,0,,0
INV-208205,C1484,Independent,South,Sales Rep,1,1205.46,30,44,10,0.113,0,,0
INV-208206,C1656,Regional,Midwest,EDI,2,7007.32,45,84,21,0.031,0,,0
INV-208207,C1301,National Account,South,Sales Rep,4,10144.62,45,199,29,0.211,0,,0
INV-208208,C1743,Independent,South,Sales Rep,10,985.9,30,8,20,0.041,0,,0
INV-208209,C1113,Regional,Northeast,EDI,3,6104.78,30,26,9,0.108,0,,0
INV-208210,C1390,Independent,West,Phone,11,1929.25,45,18,10,0.357,0,,0
INV-208211,C1634,Regional,South,Sales Rep,2,2012.6,60,93,6,0.12,1,,0
INV-208212,C1537,Independent,Midwest,Phone,5,1993.89,45,11,8,0.373,0,,0
INV-208213,C1821,Regional,Midwest,Sales Rep,8,14013.7,45,11,13,0.337,0,,0
INV-208214,C1449,National Account,West,Sales Rep,6,7994.39,60,192,22,0.0,0,,0
INV-208215,C1103,National Account,West,Web Portal,9,72417.66,45,80,21,0.0,0,,0
INV-208216,C1506,Independent,Midwest,Web Portal,6,8176.99,45,4,10,0.097,0,,0
INV-208217,C1499,Independent,Midwest,Web Portal,6,1849.19,30,25,7,0.0,0,,0
INV-208218,C1004,National Account,South,EDI,1,20210.3,45,140,19,0.1,0,,0
INV-208219,C1202,National Account,South,EDI,4,10357.3,45,98,19,0.047,0,,0
INV-208220,C1364,Regional,Northeast,EDI,10,8971.6,30,11,8,0.471,0,,0
INV-208221,C1025,Regional,Northeast,Sales Rep,1,2740.91,30,14,11,0.32,0,,0
INV-208222,C1843,Regional,Northeast,EDI,4,4225.39,45,29,6,0.259,0,,0
INV-208223,C1243,Regional,West,EDI,9,4988.82,60,20,11,0.0,0,,0
INV-208224,C1544,Independent,South,Sales Rep,7,3258.41,30,7,5,0.215,0,,0
INV-208225,C1646,Independent,Midwest,Web Portal,6,1394.38,30,51,7,0.016,0,,0
INV-208226,C1105,Independent,South,Sales Rep,5,5269.87,45,7,11,0.059,0,,0
INV-208227,C1026,National Account,Midwest,Sales Rep,4,12151.27,60,48,27,0.158,0,,0
INV-208228,C1106,National Account,West,Sales Rep,5,5101.24,30,46,18,0.229,0,,0
INV-208229,C1580,Regional,Midwest,EDI,3,1118.47,60,20,14,0.104,0,,0
INV-208230,C1522,National Account,South,EDI,1,16157.93,60,5,13,0.11,0,,0
INV-208231,C1464,Independent,West,Web Portal,7,8409.36,30,11,9,0.318,0,,0
INV-208232,C1171,Independent,West,Sales Rep,2,6628.11,30,30,13,0.062,0,,0
INV-208233,C1393,Regional,Midwest,Phone,4,7010.01,30,29,17,0.183,0,,0
INV-208234,C1397,National Account,Northeast,Web Portal,7,48598.8,45,54,26,0.0,0,,0
INV-208235,C1457,Regional,Midwest,Sales Rep,3,6681.49,30,10,12,0.116,0,,0
INV-208236,C1101,National Account,South,Sales Rep,10,6795.18,30,152,31,0.0,0,81.0,1
INV-208237,C1763,Regional,South,Web Portal,12,2189.85,30,53,13,0.116,0,,0
INV-208238,C1346,Regional,Midwest,Sales Rep,11,1279.21,60,52,13,0.034,0,,0
INV-208239,C1699,National Account,South,Sales Rep,3,24456.24,60,49,23,0.001,0,,0
INV-208240,C1601,National Account,Midwest,Sales Rep,10,13654.79,60,17,29,0.0,0,,0
INV-208241,C1419,National Account,West,Phone,2,33916.62,30,31,33,0.226,0,,0
INV-208242,C1671,National Account,South,EDI,7,13239.88,30,231,21,0.0,0,,0
INV-208243,C1812,Independent,South,Sales Rep,11,2870.54,30,29,13,0.004,0,,0
INV-208244,C1387,Regional,Midwest,Sales Rep,9,3795.56,45,55,10,0.274,0,,0
INV-208245,C1237,National Account,South,Web Portal,4,16124.68,60,55,26,0.01,0,,0
INV-208246,C1142,Independent,South,Sales Rep,12,3754.57,30,12,8,0.064,0,,0
INV-208247,C1231,National Account,Midwest,Web Portal,9,14913.25,60,35,16,0.148,0,,0
INV-208248,C1158,Regional,West,Sales Rep,5,4305.76,30,33,9,0.1,0,,0
INV-208249,C1068,Regional,South,EDI,8,1074.84,45,55,12,0.125,0,,0
INV-208250,C1747,Regional,South,Sales Rep,11,14697.52,45,49,5,0.484,0,65.0,1
INV-208251,C1428,National Account,Midwest,Phone,1,7686.46,45,19,22,0.0,0,,0
INV-208252,C1182,Regional,West,Sales Rep,12,2570.82,45,16,13,0.005,0,,0
INV-208253,C1374,Regional,Midwest,Phone,9,9167.11,45,17,13,0.138,0,,0
INV-208254,C1552,National Account,South,Sales Rep,3,12467.46,60,18,25,0.127,0,,0
INV-208255,C1070,Independent,South,Phone,2,2184.89,30,13,10,0.219,0,,0
INV-208256,C1673,Independent,West,Web Portal,7,3260.76,30,28,9,0.067,0,,0
INV-208257,C1311,Independent,Midwest,EDI,7,1472.76,30,11,14,0.043,0,,0
INV-208258,C1252,National Account,Northeast,Sales Rep,8,6458.64,60,90,19,0.082,0,,0
INV-208259,C1699,National Account,West,Phone,7,4142.32,60,49,25,0.0,0,,0
INV-208260,C1257,Regional,Northeast,EDI,4,621.39,30,35,14,0.048,0,,0
INV-208261,C1092,Independent,Northeast,Web Portal,4,1950.57,30,57,10,0.293,0,,0
INV-208262,C1170,National Account,South,EDI,1,6647.25,60,47,21,0.136,0,,0
INV-208263,C1238,National Account,Northeast,EDI,7,18095.8,45,201,24,0.025,0,,0
INV-208264,C1332,National Account,West,Sales Rep,9,28309.33,45,14,21,0.272,0,,0
INV-208265,C1256,National Account,West,EDI,3,2697.4,45,9,22,0.169,0,,0
INV-208266,C1465,Regional,South,Sales Rep,2,4721.67,30,4,7,0.042,0,,0
INV-208267,C1526,National Account,Northeast,Sales Rep,5,2269.95,60,14,15,0.076,0,,0
INV-208268,C1689,National Account,Northeast,Web Portal,11,44329.99,60,41,23,0.039,0,,0
INV-208269,C1194,Regional,West,Web Portal,3,1774.04,45,51,7,0.257,0,,0
INV-208270,C1709,National Account,West,Phone,7,2267.81,60,45,20,0.204,0,,0
INV-208271,C1510,Regional,Northeast,Web Portal,2,3966.66,60,32,11,0.201,0,,0
INV-208272,C1693,Regional,West,EDI,4,9457.02,45,46,10,0.185,0,,0
INV-208273,C1507,National Account,South,Phone,10,8570.17,45,37,26,0.037,0,,0
INV-208274,C1074,Regional,Northeast,Sales Rep,10,646.82,30,26,10,0.416,0,77.0,1
INV-208275,C1606,National Account,Northeast,Phone,7,33321.63,60,195,23,0.075,0,,0
INV-208276,C1171,Independent,South,Web Portal,12,2809.84,30,30,7,0.064,0,,0
INV-208277,C1216,Regional,West,Sales Rep,10,4739.4,30,23,8,0.043,0,,0
INV-208278,C1552,National Account,Northeast,Phone,12,7674.41,60,18,30,0.071,0,,0
INV-208279,C1440,Regional,West,Web Portal,2,5201.38,30,67,7,0.087,1,,0
INV-208280,C1770,Regional,Midwest,Phone,6,4395.9,45,13,7,0.0,0,,0
INV-208281,C1168,Regional,West,Sales Rep,12,9219.21,30,50,6,0.0,0,,0
INV-208282,C1420,Independent,Midwest,Phone,2,3545.62,30,2,17,0.419,0,,0
INV-208283,C1306,National Account,Northeast,EDI,3,8685.2,60,20,21,0.004,0,,0
INV-208284,C1404,Independent,Northeast,Web Portal,4,832.27,30,30,14,0.126,0,,0
INV-208285,C1811,Regional,Midwest,Sales Rep,2,2778.5,60,7,11,0.179,0,,0
INV-208286,C1041,Regional,South,Sales Rep,12,4971.71,30,20,9,0.071,0,,0
INV-208287,C1610,Regional,Northeast,Phone,5,1030.67,30,22,16,0.124,0,,0
INV-208288,C1071,Regional,Midwest,EDI,10,2689.23,30,48,10,0.092,0,,0
INV-208289,C1233,Regional,Northeast,Phone,9,5862.81,45,118,13,0.207,0,,0
INV-208290,C1479,Regional,South,Web Portal,10,1116.32,30,72,11,0.003,0,,0
INV-208291,C1248,National Account,Northeast,Sales Rep,3,10504.2,45,47,21,0.0,0,,0
INV-208292,C1100,Regional,West,Sales Rep,7,3314.7,60,31,8,0.076,0,,0
INV-208293,C1847,National Account,Northeast,Sales Rep,2,1389.74,45,10,34,0.044,0,,0
INV-208294,C1570,Independent,South,Web Portal,1,730.98,30,9,11,0.3,0,,0
INV-208295,C1728,National Account,West,Phone,7,8408.75,60,121,19,0.038,0,,0
INV-208296,C1594,National Account,South,Web Portal,7,4356.64,45,75,20,0.0,0,,0
INV-208297,C1411,National Account,Midwest,EDI,4,8131.25,30,70,19,0.032,0,,0
INV-208298,C1364,Regional,Midwest,Web Portal,10,2897.26,30,11,10,0.077,0,,0
INV-208299,C1526,National Account,South,Sales Rep,2,16031.31,60,14,23,0.032,1,,1
INV-208300,C1255,National Account,West,Sales Rep,3,3432.38,60,86,21,0.0,0,,0
INV-208301,C1727,Regional,Northeast,EDI,12,1789.72,30,37,9,0.192,0,,0
INV-208302,C1065,Regional,Midwest,Web Portal,5,9463.77,60,35,9,0.355,0,,0
INV-208303,C1343,Regional,West,EDI,5,2562.66,30,38,10,0.087,0,,0
INV-208304,C1168,Regional,South,Web Portal,1,1640.33,45,50,8,0.0,0,,0
INV-208305,C1084,National Account,West,Web Portal,1,2209.1,45,258,28,0.026,0,,0
INV-208306,C1711,Regional,West,Phone,6,3179.88,45,13,8,0.68,0,,0
INV-208307,C1061,Regional,Northeast,Sales Rep,2,4193.26,30,30,11,0.11,0,67.0,1
INV-208308,C1134,National Account,West,Phone,12,3302.52,60,43,19,0.049,0,,0
INV-208309,C1505,National Account,Northeast,Sales Rep,2,1201.87,60,68,28,0.059,0,,0
INV-208310,C1295,Independent,South,Sales Rep,3,2090.27,30,31,13,0.065,0,,0
INV-208311,C1823,National Account,South,Web Portal,11,16883.55,60,138,16,0.412,0,90.0,1
INV-208312,C1130,Independent,South,Sales Rep,11,3201.49,30,5,13,0.033,0,,0
INV-208313,C1211,Regional,Midwest,EDI,12,3074.55,45,61,7,0.091,0,,0
INV-208314,C1657,Regional,South,Web Portal,5,2310.42,45,36,15,0.136,0,,0
INV-208315,C1658,Independent,Midwest,Phone,11,558.65,30,7,10,0.499,0,,0
INV-208316,C1599,Regional,South,Web Portal,7,11097.49,30,69,4,0.13,0,,0
INV-208317,C1609,Independent,Northeast,Phone,3,2627.78,30,8,10,0.048,0,,0
INV-208318,C1175,Regional,Northeast,EDI,8,1004.4,30,50,5,0.0,0,,0
INV-208319,C1830,Regional,Northeast,EDI,1,3211.83,30,21,5,0.017,0,,0
INV-208320,C1546,Regional,Northeast,Sales Rep,11,4084.99,30,72,8,0.173,0,,0
INV-208321,C1476,Independent,West,Phone,12,2508.51,30,21,14,0.053,0,,0
INV-208322,C1716,Independent,Midwest,Web Portal,9,3103.6,30,7,14,0.144,0,,0
INV-208323,C1117,Regional,West,Phone,8,1529.6,30,19,11,0.074,0,,0
INV-208324,C1684,Regional,West,Web Portal,1,11945.12,30,107,11,0.086,0,,0
INV-208325,C1103,National Account,Midwest,Web Portal,4,26954.39,30,80,23,0.02,0,,0
INV-208326,C1497,National Account,South,Web Portal,2,2319.12,30,137,18,0.0,0,,0
INV-208327,C1778,Regional,West,Phone,5,2527.49,45,54,12,0.408,0,,0
INV-208328,C1657,Regional,Northeast,Phone,12,4091.95,45,36,8,0.095,0,,0
INV-208329,C1542,Regional,Midwest,Sales Rep,12,4669.27,30,43,12,0.245,0,,0
INV-208330,C1069,National Account,South,Sales Rep,10,3592.7,30,16,26,0.0,0,,0
INV-208331,C1110,Independent,Midwest,Sales Rep,5,1544.55,30,17,15,0.105,0,,0
INV-208332,C1260,National Account,Midwest,Phone,7,6244.51,60,11,14,0.07,0,,0
INV-208333,C1713,Independent,West,Web Portal,10,3991.29,30,13,12,0.352,1,,0
INV-208334,C1314,Independent,Midwest,Web Portal,6,435.56,30,47,9,0.439,0,,0
INV-208335,C1496,Regional,Northeast,EDI,4,1102.36,45,49,9,0.0,0,,0
INV-208336,C1445,Regional,Midwest,Sales Rep,10,3422.99,45,20,16,0.0,0,,0
INV-208337,C1056,Independent,South,Phone,2,370.98,30,16,5,0.375,0,,0
INV-208338,C1758,Regional,Midwest,Sales Rep,11,6909.52,30,30,9,0.174,0,63.0,0
INV-208339,C1189,National Account,Midwest,Web Portal,5,1780.79,60,90,22,0.143,0,,0
INV-208340,C1411,National Account,Midwest,Web Portal,12,37095.22,30,70,17,0.0,0,,0
INV-208341,C1064,Regional,South,Sales Rep,7,1721.61,45,54,12,0.074,0,,0
INV-208342,C1121,National Account,South,Sales Rep,3,3555.29,30,46,20,0.0,0,,0
INV-208343,C1732,National Account,South,Phone,7,17645.81,60,112,19,0.0,0,,0
INV-208344,C1417,Regional,South,Sales Rep,8,3450.98,30,4,11,0.304,0,,0
INV-208345,C1399,Independent,South,Sales Rep,1,1816.25,30,26,7,0.12,0,,0
INV-208346,C1653,Regional,Midwest,Sales Rep,2,5800.13,30,8,7,0.162,0,,0
INV-208347,C1573,National Account,Midwest,Sales Rep,12,9203.67,60,63,29,0.0,1,,0
INV-208348,C1244,Independent,Midwest,EDI,4,1119.6,30,18,18,0.233,0,,0
INV-208349,C1124,Independent,South,Phone,10,2181.49,30,11,6,0.19,0,,0
INV-208350,C1181,Regional,Northeast,EDI,4,7550.9,45,58,12,0.113,0,,0
INV-208351,C1334,National Account,South,Web Portal,4,4842.65,60,103,16,0.105,0,,0
INV-208352,C1597,Independent,South,Sales Rep,3,13397.68,30,17,13,0.097,0,,0
INV-208353,C1566,National Account,Midwest,Web Portal,6,4468.51,60,58,20,0.055,0,,0
INV-208354,C1386,National Account,Midwest,Sales Rep,9,11784.45,45,111,20,0.059,0,,0
INV-208355,C1247,Independent,South,Web Portal,3,14534.14,30,11,15,0.079,0,,0
INV-208356,C1252,National Account,Northeast,EDI,4,5923.44,30,90,28,0.204,0,,0
INV-208357,C1365,Independent,Northeast,Web Portal,5,1278.0,60,78,12,0.137,1,,0
INV-208358,C1067,Independent,South,Sales Rep,5,4379.73,30,2,5,0.083,0,,0
INV-208359,C1196,National Account,Midwest,Sales Rep,11,4514.3,45,28,20,0.016,0,,0
INV-208360,C1492,National Account,Northeast,Sales Rep,2,4835.35,30,102,19,0.072,0,,0
INV-208361,C1511,Regional,Midwest,Web Portal,3,3289.49,30,40,8,0.103,0,,0
INV-208362,C1832,Independent,West,Web Portal,11,1869.3,30,14,12,0.28,0,63.0,1
INV-208363,C1835,Regional,Midwest,Sales Rep,10,4432.24,30,74,10,0.336,0,,0
INV-208364,C1699,National Account,Northeast,Sales Rep,12,10417.36,60,49,27,0.0,0,99.0,1
INV-208365,C1587,National Account,West,EDI,2,5542.42,45,24,27,0.107,0,,0
INV-208366,C1422,Independent,South,Phone,5,429.55,45,20,9,0.193,0,,0
INV-208367,C1042,Regional,Midwest,Web Portal,5,4378.13,30,21,18,0.026,0,,0
INV-208368,C1402,National Account,Northeast,Web Portal,5,102205.93,45,66,24,0.078,0,,0
INV-208369,C1067,Independent,Midwest,Sales Rep,10,1870.11,30,2,11,0.0,0,,0
INV-208370,C1796,Independent,Midwest,Web Portal,4,1764.29,30,24,6,0.095,0,,0
INV-208371,C1069,National Account,West,Phone,9,15429.36,45,16,23,0.02,0,,0
INV-208372,C1334,National Account,South,Sales Rep,2,12580.33,45,103,20,0.147,0,,0
INV-208373,C1455,Independent,Midwest,EDI,2,1577.76,30,9,7,0.078,1,,0
INV-208374,C1360,Independent,Northeast,Web Portal,4,908.47,30,43,8,0.058,0,,0
INV-208375,C1256,National Account,West,Phone,10,11555.16,45,9,23,0.057,0,,0
INV-208376,C1119,Regional,Northeast,Sales Rep,8,8710.29,30,28,9,0.0,0,,0
INV-208377,C1701,National Account,Northeast,Web Portal,11,2884.7,45,61,30,0.075,0,,0
INV-208378,C1101,National Account,South,Phone,9,22221.24,60,152,26,0.0,0,,0
INV-208379,C1427,National Account,Midwest,EDI,9,12778.33,45,71,28,0.011,0,,0
INV-208380,C1128,Regional,Northeast,Sales Rep,10,43793.37,30,30,8,0.044,0,,0
INV-208381,C1287,Regional,Midwest,Web Portal,7,611.92,30,72,10,0.187,0,,0
INV-208382,C1202,National Account,West,Sales Rep,3,5486.19,30,98,28,0.068,1,,0
INV-208383,C1474,Regional,South,Web Portal,5,3339.87,30,25,10,0.0,0,,0
INV-208384,C1671,National Account,Midwest,Web Portal,1,2107.81,45,231,30,0.0,0,,0
INV-208385,C1231,National Account,Northeast,Web Portal,10,5750.36,60,35,27,0.138,0,,0
INV-208386,C1400,National Account,Midwest,EDI,5,49144.28,60,89,27,0.0,0,,0
INV-208387,C1034,Regional,Northeast,Sales Rep,5,4054.65,60,52,12,0.2,0,,0
INV-208388,C1538,Regional,Northeast,EDI,6,19874.87,45,76,11,0.182,0,,0
INV-208389,C1274,National Account,Midwest,EDI,11,28493.79,45,33,19,0.081,0,,0
INV-208390,C1449,National Account,South,Sales Rep,9,4331.03,60,192,17,0.215,0,,0
INV-208391,C1241,Regional,Midwest,Phone,10,2155.46,45,10,17,0.277,0,,0
INV-208392,C1178,National Account,South,EDI,4,6957.63,30,58,31,0.177,0,,0
INV-208393,C1799,Regional,South,Sales Rep,5,9779.27,60,38,11,0.174,0,,0
INV-208394,C1482,Regional,South,Phone,12,12158.41,45,68,10,0.134,0,,0
INV-208395,C1820,Regional,South,Web Portal,10,13140.14,45,58,11,0.073,0,,0
INV-208396,C1091,National Account,West,Web Portal,12,24103.04,60,111,11,0.0,1,,0
INV-208397,C1605,Regional,Northeast,Phone,11,6789.78,60,43,11,0.082,0,,0
INV-208398,C1543,Regional,West,Phone,10,4659.71,30,19,14,0.088,0,,0
INV-208399,C1053,Regional,Northeast,Sales Rep,10,3871.55,30,25,12,0.117,0,,0
INV-208400,C1315,Regional,West,Phone,2,10725.87,30,38,14,0.0,0,,0
INV-208401,C1397,National Account,South,Web Portal,2,9946.33,45,54,29,0.0,1,,0
INV-208402,C1774,Independent,West,Web Portal,8,1996.08,30,13,10,0.027,0,,0
INV-208403,C1018,Regional,South,Sales Rep,3,6273.45,30,69,11,0.094,0,,0
INV-208404,C1777,Regional,West,EDI,9,1825.14,30,49,7,0.15,0,,0
INV-208405,C1741,National Account,South,EDI,7,52264.47,60,93,21,0.0,0,,0
INV-208406,C1386,National Account,Midwest,Web Portal,4,8341.1,45,111,26,0.0,0,,0
INV-208407,C1098,Regional,West,Phone,7,4990.38,45,24,6,0.149,0,,0
INV-208408,C1086,Independent,Northeast,Web Portal,9,5188.92,30,23,13,0.168,0,,0
INV-208409,C1048,Regional,Midwest,Sales Rep,12,7611.59,60,61,9,0.058,0,,0
INV-208410,C1659,National Account,South,Web Portal,12,13334.14,60,99,23,0.0,0,,0
INV-208411,C1400,National Account,Northeast,Web Portal,10,10742.89,60,89,24,0.0,0,,0
INV-208412,C1794,National Account,South,Web Portal,2,18706.37,30,50,29,0.0,0,,0
INV-208413,C1019,National Account,Midwest,EDI,6,15461.2,60,43,25,0.015,0,,0
INV-208414,C1170,National Account,South,Phone,11,17784.3,45,47,20,0.032,0,,0
INV-208415,C1186,National Account,West,Web Portal,4,7259.81,30,69,28,0.0,0,,0
INV-208416,C1829,Independent,West,EDI,5,12660.45,30,28,8,0.262,0,,0
INV-208417,C1510,Regional,South,Web Portal,5,407.91,45,32,6,0.163,0,,0
INV-208418,C1550,Regional,Midwest,EDI,2,564.89,30,55,10,0.306,0,,0
INV-208419,C1106,National Account,South,Phone,8,16146.94,45,46,19,0.329,0,76.0,1
INV-208420,C1470,Independent,South,Web Portal,10,1042.44,30,40,11,0.031,0,,0
INV-208421,C1217,National Account,South,Web Portal,1,8564.99,30,134,21,0.002,0,,0
INV-208422,C1448,Independent,South,Phone,1,2216.73,45,4,8,0.175,0,74.0,1
INV-208423,C1709,National Account,West,EDI,11,5278.72,60,45,28,0.0,1,,0
INV-208424,C1446,National Account,South,Sales Rep,4,3132.66,60,78,25,0.337,0,,0
INV-208425,C1489,National Account,West,Sales Rep,6,4364.47,30,13,25,0.023,0,,0
INV-208426,C1308,Regional,Northeast,EDI,5,2542.1,60,18,11,0.0,0,,0
INV-208427,C1587,National Account,Midwest,Sales Rep,1,5773.25,60,24,23,0.126,0,,0
INV-208428,C1328,National Account,Midwest,EDI,4,9792.75,45,81,21,0.0,0,,0
INV-208429,C1762,National Account,Northeast,EDI,3,15164.96,60,36,23,0.034,0,,0
INV-208430,C1353,National Account,South,Sales Rep,3,3971.56,60,24,26,0.082,0,,0
INV-208431,C1834,Regional,South,EDI,8,6080.74,60,101,6,0.096,0,,0
INV-208432,C1036,Independent,West,Web Portal,11,2094.27,30,28,10,0.082,0,,0
INV-208433,C1347,Regional,Northeast,Web Portal,11,2306.88,30,85,14,0.299,0,65.0,1
INV-208434,C1823,National Account,West,EDI,8,31323.34,30,138,31,0.187,0,,0
INV-208435,C1066,Regional,South,Web Portal,5,4477.82,45,38,8,0.05,0,,0
INV-208436,C1044,Independent,South,Phone,7,614.81,30,10,9,0.083,0,,0
INV-208437,C1823,National Account,West,Phone,11,3825.58,45,138,25,0.097,0,,0
INV-208438,C1256,National Account,Northeast,Phone,5,7595.33,60,9,20,0.019,0,87.0,1
INV-208439,C1236,National Account,Midwest,Sales Rep,7,9655.44,60,36,36,0.0,0,,0
INV-208440,C1760,Regional,West,Phone,7,18190.24,60,55,12,0.0,0,,0
INV-208441,C1403,Independent,Northeast,Web Portal,10,1245.26,60,52,12,0.291,0,,0
INV-208442,C1847,National Account,South,Phone,4,15240.85,45,10,18,0.323,0,,0
INV-208443,C1054,Regional,Midwest,Web Portal,4,6186.23,30,80,14,0.172,0,,0
INV-208444,C1657,Regional,West,Web Portal,5,1577.84,30,36,9,0.008,0,,0
INV-208445,C1169,Regional,Midwest,Web Portal,12,2451.01,45,15,10,0.287,0,81.0,1
INV-208446,C1675,National Account,Midwest,EDI,8,9263.72,30,120,27,0.13,0,,0
INV-208447,C1832,Independent,Midwest,Sales Rep,2,2041.88,30,14,10,0.367,0,71.0,1
INV-208448,C1287,Regional,Midwest,Web Portal,7,5767.65,60,72,11,0.152,0,,0
INV-208449,C1540,National Account,West,Web Portal,7,15141.81,30,73,28,0.0,0,,0
INV-208450,C1400,National Account,Midwest,Phone,8,24332.77,45,89,29,0.0,0,,0
INV-208451,C1318,Independent,Northeast,Sales Rep,2,11912.1,45,17,5,0.041,0,,0
INV-208452,C1675,National Account,West,Phone,8,6450.59,45,120,27,0.115,0,,0
INV-208453,C1135,Regional,Midwest,Web Portal,1,4740.38,45,86,17,0.079,0,,0
INV-208454,C1259,National Account,Midwest,EDI,9,5448.5,60,71,19,0.0,0,,0
INV-208455,C1644,Regional,Midwest,Sales Rep,11,3222.94,45,46,7,0.257,0,,0
INV-208456,C1290,Regional,South,Sales Rep,4,2964.64,30,69,10,0.169,0,,0
INV-208457,C1234,Independent,Northeast,Sales Rep,4,1778.82,45,10,10,0.167,0,,0
INV-208458,C1214,Independent,South,Web Portal,11,1917.72,30,11,14,0.269,0,,0
INV-208459,C1750,National Account,Northeast,EDI,11,6792.44,60,108,24,0.008,0,,0
INV-208460,C1535,National Account,Northeast,Phone,10,3191.47,45,55,37,0.172,0,,0
INV-208461,C1180,Independent,Midwest,Sales Rep,5,677.96,30,21,9,0.137,0,,0
INV-208462,C1378,Independent,West,Sales Rep,12,1652.38,30,79,6,0.052,0,,0
INV-208463,C1397,National Account,Midwest,Sales Rep,1,35683.54,60,54,25,0.0,0,,0
INV-208464,C1026,National Account,South,Phone,9,8327.85,60,48,25,0.17,0,,0
INV-208465,C1790,National Account,Midwest,Web Portal,2,19349.03,30,87,30,0.246,0,77.0,1
INV-208466,C1205,Independent,Northeast,Web Portal,9,1636.04,30,26,14,0.0,0,,0
INV-208467,C1642,Regional,Midwest,Sales Rep,1,5082.71,60,47,7,0.051,0,,0
INV-208468,C1170,National Account,Midwest,EDI,12,12803.32,60,47,31,0.048,0,,0
INV-208469,C1375,National Account,Northeast,Web Portal,7,5941.83,60,39,23,0.049,0,,0
INV-208470,C1823,National Account,West,Sales Rep,10,9970.68,45,138,16,0.02,0,,0
INV-208471,C1569,Independent,Midwest,Sales Rep,6,3269.34,30,9,12,0.33,0,66.0,1
INV-208472,C1442,National Account,Northeast,EDI,10,3430.84,30,45,29,0.0,1,,0
INV-208473,C1452,Regional,Northeast,Phone,3,8156.04,60,103,6,0.019,0,,0
INV-208474,C1247,Independent,West,Sales Rep,8,1590.34,30,11,9,0.166,0,,0
INV-208475,C1222,Regional,Northeast,Phone,2,4106.12,60,42,10,0.037,0,,0
INV-208476,C1313,Independent,South,Phone,8,4042.77,30,17,10,0.045,0,,0
INV-208477,C1048,Regional,Northeast,Sales Rep,2,2970.02,45,61,9,0.19,0,,0
INV-208478,C1576,Regional,South,Web Portal,8,9542.76,45,18,10,0.51,0,67.0,1
INV-208479,C1442,National Account,Northeast,Web Portal,5,4173.33,30,45,22,0.05,0,,0
INV-208480,C1840,Regional,Midwest,EDI,5,4845.28,60,38,8,0.0,0,,0
INV-208481,C1613,Regional,Midwest,Web Portal,9,3906.17,45,35,11,0.292,0,,0
INV-208482,C1249,Regional,Northeast,Web Portal,9,13257.67,45,46,8,0.0,0,,0
INV-208483,C1636,Regional,West,Sales Rep,9,6033.23,30,73,9,0.0,0,,0
INV-208484,C1405,Independent,South,Sales Rep,9,420.99,60,14,10,0.165,0,,0
INV-208485,C1666,Regional,West,EDI,4,1201.0,30,103,10,0.04,0,,0
INV-208486,C1110,Independent,South,Phone,11,2083.2,30,17,11,0.082,0,,0
INV-208487,C1013,Regional,West,Phone,8,1354.49,60,43,12,0.183,0,,0
INV-208488,C1750,National Account,Midwest,Sales Rep,9,1989.68,60,108,11,0.039,0,,0
INV-208489,C1818,National Account,West,Sales Rep,2,4182.21,45,113,22,0.063,0,,0
INV-208490,C1712,National Account,Northeast,Sales Rep,1,13404.02,30,66,20,0.0,0,,0
INV-208491,C1262,Regional,West,Sales Rep,12,3199.05,45,48,7,0.256,0,,0
INV-208492,C1295,Independent,Northeast,Sales Rep,10,4259.71,30,31,13,0.119,0,,0
INV-208493,C1730,Regional,South,EDI,3,2209.49,45,26,9,0.093,0,,0
INV-208494,C1755,Independent,South,Sales Rep,8,2112.12,30,16,11,0.187,0,,0
INV-208495,C1227,Regional,Midwest,EDI,4,1110.97,30,34,11,0.204,0,,0
INV-208496,C1698,National Account,Northeast,EDI,2,37145.58,60,49,19,0.0,0,,0
INV-208497,C1234,Independent,Midwest,Sales Rep,2,10449.47,30,10,14,0.168,0,,0
INV-208498,C1799,Regional,Northeast,EDI,12,2273.26,60,38,9,0.051,1,,0
INV-208499,C1342,Regional,South,Web Portal,3,1223.93,30,37,9,0.089,0,,0
INV-208500,C1771,Independent,South,Web Portal,3,3080.17,45,43,12,0.0,0,,0
INV-208501,C1255,National Account,Midwest,Sales Rep,9,2835.1,30,86,27,0.0,0,,0
INV-208502,C1504,Independent,West,EDI,4,1186.17,45,17,6,0.023,0,,0
INV-208503,C1659,National Account,Midwest,EDI,8,21814.37,30,99,32,0.0,0,,0
INV-208504,C1506,Independent,Northeast,EDI,10,5532.14,45,4,10,0.166,0,,0
INV-208505,C1732,National Account,Midwest,Phone,2,11723.4,60,112,23,0.0,0,,0
INV-208506,C1689,National Account,South,EDI,2,11870.84,45,41,23,0.059,0,,0
INV-208507,C1220,National Account,South,EDI,5,7939.32,45,29,28,0.14,0,,0
INV-208508,C1526,National Account,South,EDI,3,6168.47,45,14,29,0.093,0,,0
INV-208509,C1832,Independent,Midwest,EDI,8,1743.8,30,14,10,0.207,0,,0
INV-208510,C1761,Regional,South,EDI,8,4603.2,45,50,12,0.0,0,,0
INV-208511,C1031,Regional,Northeast,Web Portal,2,1550.96,30,34,12,0.04,0,,0
INV-208512,C1663,Independent,South,Phone,8,1724.26,30,16,15,0.428,0,,0
INV-208513,C1672,Regional,Northeast,Phone,6,3684.32,45,30,12,0.0,0,,0
INV-208514,C1791,Regional,West,EDI,8,3102.7,45,143,7,0.0,1,,0
INV-208515,C1552,National Account,Midwest,Web Portal,11,11436.74,45,18,24,0.223,0,,0
INV-208516,C1733,Regional,Midwest,Sales Rep,3,2467.17,30,16,19,0.165,0,68.0,0
INV-208517,C1474,Regional,West,EDI,6,2240.26,30,25,10,0.163,0,,0
INV-208518,C1363,Independent,Midwest,Web Portal,3,4354.58,30,6,12,0.391,0,,0
INV-208519,C1750,National Account,South,Phone,1,16337.3,30,108,19,0.007,0,,0
INV-208520,C1310,National Account,Midwest,Web Portal,1,44088.23,60,161,23,0.005,0,,0
INV-208521,C1727,Regional,Midwest,EDI,4,2257.46,30,37,9,0.08,0,,0
INV-208522,C1274,National Account,South,EDI,3,3334.87,45,33,26,0.078,0,,0
INV-208523,C1827,National Account,Midwest,Sales Rep,8,3207.0,45,73,28,0.013,0,,0
INV-208524,C1347,Regional,West,Sales Rep,1,6466.08,45,85,10,0.054,1,,0
INV-208525,C1027,Regional,Midwest,EDI,2,4656.74,45,38,16,0.064,0,,0
INV-208526,C1341,Independent,Northeast,Phone,7,2356.8,30,53,5,0.0,1,,0
INV-208527,C1401,Regional,South,Sales Rep,12,2683.58,45,21,9,0.077,1,,0
INV-208528,C1355,Independent,West,Sales Rep,3,535.03,45,24,5,0.0,0,,0
INV-208529,C1228,National Account,West,Web Portal,10,25247.64,60,12,25,0.0,0,,0
INV-208530,C1528,Independent,South,Sales Rep,11,4343.96,30,19,8,0.284,0,80.0,1
INV-208531,C1675,National Account,Midwest,Sales Rep,4,4249.71,30,120,26,0.086,0,,0
INV-208532,C1015,Regional,South,Phone,12,4625.43,45,20,11,0.128,0,,0
INV-208533,C1131,Regional,South,Web Portal,5,6340.39,30,56,10,0.023,0,,0
INV-208534,C1481,Regional,West,Web Portal,8,3269.68,45,11,8,0.174,0,,0
INV-208535,C1712,National Account,South,Web Portal,5,16391.25,30,66,23,0.0,0,,0
INV-208536,C1737,Regional,Midwest,Web Portal,2,18503.64,45,28,8,0.234,0,,0
INV-208537,C1146,National Account,Northeast,Web Portal,4,63618.99,45,38,22,0.196,0,,0
INV-208538,C1175,Regional,West,Web Portal,5,7240.57,60,50,6,0.033,0,,0
INV-208539,C1689,National Account,Midwest,Sales Rep,11,10691.22,60,41,26,0.001,0,,0
INV-208540,C1552,National Account,South,Phone,8,4932.97,60,18,37,0.2,0,86.0,1
INV-208541,C1776,Regional,Midwest,Sales Rep,8,1997.03,30,13,9,0.209,0,,0
INV-208542,C1177,Regional,Northeast,Web Portal,7,1484.91,45,85,5,0.145,0,,0
INV-208543,C1054,Regional,West,EDI,1,3992.03,30,80,15,0.123,0,,0
INV-208544,C1261,Regional,South,Phone,11,4107.54,30,33,7,0.208,0,,0
INV-208545,C1091,National Account,South,Sales Rep,5,13812.93,60,111,22,0.0,0,,0
INV-208546,C1674,Regional,Midwest,Web Portal,11,7171.46,30,4,7,0.019,1,,0
INV-208547,C1128,Regional,Midwest,Phone,5,5963.47,45,30,9,0.046,0,,0
INV-208548,C1535,National Account,Midwest,Sales Rep,4,3350.13,60,55,26,0.075,0,,0
INV-208549,C1793,Regional,West,Phone,5,4972.35,60,39,9,0.298,0,,0
INV-208550,C1101,National Account,South,Phone,2,7744.89,60,152,19,0.0,0,79.0,1
INV-208551,C1189,National Account,Midwest,Sales Rep,2,12981.48,45,90,28,0.069,0,,0
INV-208552,C1664,Regional,Midwest,Phone,11,3813.94,30,60,6,0.109,0,,0
INV-208553,C1002,Regional,West,Web Portal,7,951.22,60,56,11,0.035,0,,0
INV-208554,C1415,Independent,West,Web Portal,5,6983.12,30,10,11,0.027,0,,0
INV-208555,C1728,National Account,Midwest,Phone,11,13584.44,45,121,24,0.0,0,,0
INV-208556,C1386,National Account,Northeast,Sales Rep,4,49897.09,30,111,19,0.0,0,,0
INV-208557,C1352,National Account,Northeast,Web Portal,6,4386.45,30,35,15,0.12,0,,0
INV-208558,C1730,Regional,Northeast,Sales Rep,7,4845.34,30,26,9,0.22,0,,0
INV-208559,C1817,Independent,South,Web Portal,2,3349.03,45,30,15,0.029,0,,0
INV-208560,C1790,National Account,Northeast,EDI,3,4866.36,45,87,28,0.158,0,,0
INV-208561,C1741,National Account,Northeast,Phone,9,17798.14,45,93,18,0.0,0,,0
INV-208562,C1787,National Account,Northeast,Sales Rep,4,1553.02,60,103,21,0.151,1,,0
INV-208563,C1778,Regional,South,Web Portal,7,1274.35,30,54,11,0.162,0,,0
INV-208564,C1644,Regional,South,Web Portal,5,5063.77,30,46,11,0.41,0,,0
INV-208565,C1180,Independent,South,Web Portal,10,631.48,30,21,9,0.105,1,,0
INV-208566,C1666,Regional,South,Sales Rep,4,5849.95,45,103,12,0.274,0,,0
INV-208567,C1768,National Account,Midwest,EDI,4,17250.53,45,109,21,0.24,0,,0
INV-208568,C1522,National Account,Midwest,Sales Rep,2,3031.54,60,5,22,0.081,0,,0
INV-208569,C1302,Independent,South,Sales Rep,11,1651.81,30,30,9,0.194,0,,0
INV-208570,C1291,Independent,Midwest,Web Portal,7,2611.03,30,47,9,0.154,0,,0
INV-208571,C1677,Independent,West,Sales Rep,6,2808.31,45,21,10,0.018,0,,0
INV-208572,C1211,Regional,South,Web Portal,10,1180.99,30,61,17,0.114,0,,0
INV-208573,C1122,Regional,South,EDI,9,785.85,30,18,9,0.109,0,,0
INV-208574,C1312,National Account,West,Sales Rep,7,5493.08,45,104,26,0.034,0,,0
INV-208575,C1846,Independent,Northeast,Web Portal,1,312.05,45,23,12,0.159,0,,0
INV-208576,C1565,National Account,Midwest,Sales Rep,1,6422.19,60,28,20,0.118,0,,0
INV-208577,C1660,Independent,South,EDI,3,1769.07,30,11,7,0.234,0,,0
INV-208578,C1773,Independent,Northeast,Sales Rep,10,4749.7,45,18,17,0.252,0,,0
INV-208579,C1667,Regional,South,Web Portal,2,8393.07,60,37,6,0.187,0,,0
INV-208580,C1607,Regional,Northeast,Web Portal,6,2719.14,45,51,11,0.016,0,,0
INV-208581,C1663,Independent,South,EDI,8,4676.33,30,16,10,0.139,1,,0
INV-208582,C1741,National Account,South,EDI,4,3339.46,60,93,17,0.0,0,,0
INV-208583,C1307,Regional,Northeast,Phone,5,1819.09,30,119,7,0.0,0,,0
INV-208584,C1326,Independent,Midwest,EDI,12,952.01,30,10,8,0.233,0,,0
INV-208585,C1519,Independent,South,Phone,12,4159.32,30,11,14,0.08,0,,0
INV-208586,C1799,Regional,South,EDI,4,6367.86,45,38,5,0.105,0,,0
INV-208587,C1844,Independent,West,Sales Rep,6,970.04,45,31,9,0.051,0,,0
INV-208588,C1811,Regional,West,Web Portal,11,3961.73,45,7,4,0.168,0,,0
INV-208589,C1709,National Account,South,EDI,9,6048.48,60,45,26,0.126,0,,0
INV-208590,C1145,National Account,Midwest,Web Portal,6,5683.1,45,5,15,0.0,0,,0
INV-208591,C1675,National Account,Northeast,EDI,4,2203.16,45,120,26,0.005,0,,0
INV-208592,C1061,Regional,West,Sales Rep,8,13500.5,30,30,11,0.403,0,,0
INV-208593,C1069,National Account,South,Phone,2,16624.98,30,16,16,0.221,0,,0
INV-208594,C1380,Independent,Midwest,EDI,5,2172.3,30,31,5,0.214,1,,0
INV-208595,C1063,Independent,South,EDI,8,865.03,30,28,9,0.106,0,,0
INV-208596,C1556,Independent,Midwest,Sales Rep,11,1384.73,30,23,7,0.121,0,,0
INV-208597,C1297,National Account,West,Web Portal,10,4070.3,45,77,25,0.037,0,,0
INV-208598,C1050,Independent,Midwest,Phone,7,2240.77,30,10,8,0.383,0,,0
INV-208599,C1231,National Account,Northeast,EDI,6,2537.97,30,35,21,0.091,0,,0
INV-208600,C1709,National Account,West,Phone,10,9704.94,30,45,26,0.065,0,,0
INV-208601,C1604,Independent,West,Web Portal,9,2977.21,30,20,8,0.303,0,,0
INV-208602,C1794,National Account,Midwest,Sales Rep,8,13832.79,60,50,20,0.174,0,,0
INV-208603,C1070,Independent,Northeast,Sales Rep,1,3190.59,30,13,9,0.164,0,,0
INV-208604,C1586,Independent,Midwest,Sales Rep,3,1066.11,45,7,10,0.317,0,,0
INV-208605,C1689,National Account,Midwest,Sales Rep,1,3776.65,60,41,22,0.032,1,,0
INV-208606,C1421,Regional,Midwest,Web Portal,1,5203.53,45,29,12,0.0,0,,0
INV-208607,C1394,National Account,Midwest,Web Portal,9,10412.14,45,93,25,0.0,0,,0
INV-208608,C1469,National Account,Midwest,Web Portal,10,7043.18,45,100,21,0.003,0,,0
INV-208609,C1099,Independent,Midwest,Web Portal,1,1406.8,30,22,9,0.0,0,,0
INV-208610,C1512,Regional,South,Sales Rep,7,5135.05,60,47,10,0.085,0,101.0,1
INV-208611,C1101,National Account,West,Sales Rep,10,6470.86,30,152,19,0.0,0,,0
INV-208612,C1135,Regional,South,EDI,2,9237.05,60,86,13,0.226,0,,0
INV-208613,C1084,National Account,West,Web Portal,2,7482.91,45,258,27,0.0,0,,0
INV-208614,C1569,Independent,Northeast,Sales Rep,3,3215.54,45,9,17,0.271,0,,0
INV-208615,C1007,Regional,South,Phone,11,8876.85,60,72,5,0.126,0,,0
INV-208616,C1711,Regional,Northeast,EDI,2,10625.05,45,13,8,0.527,1,,0
INV-208617,C1220,National Account,Northeast,Sales Rep,4,2268.76,60,29,18,0.127,0,89.0,1
INV-208618,C1818,National Account,Midwest,Phone,10,21224.22,60,113,15,0.049,0,,0
INV-208619,C1273,Regional,Midwest,Phone,7,1991.12,30,21,9,0.034,0,59.0,1
INV-208620,C1317,Independent,South,Sales Rep,7,3649.68,30,92,6,0.22,0,,0
INV-208621,C1442,National Account,Midwest,EDI,3,1512.24,45,45,14,0.085,0,,0
INV-208622,C1531,Regional,South,Sales Rep,1,13695.97,45,22,12,0.141,0,,0
INV-208623,C1106,National Account,South,Sales Rep,8,7904.42,45,46,22,0.006,0,,0
INV-208624,C1183,Regional,Northeast,EDI,3,6050.31,45,61,9,0.011,0,,0
INV-208625,C1613,Regional,Northeast,Web Portal,6,5862.91,45,35,12,0.167,0,,0
INV-208626,C1524,National Account,South,EDI,5,8787.99,45,36,19,0.233,0,,0
INV-208627,C1253,Regional,South,EDI,12,6022.79,45,48,12,0.106,0,,0
INV-208628,C1622,Regional,South,Web Portal,9,935.74,30,43,8,0.083,0,,0
INV-208629,C1647,Regional,South,Sales Rep,10,2455.69,45,24,12,0.257,0,,0
INV-208630,C1457,Regional,South,EDI,8,4826.67,45,10,9,0.038,0,,0
INV-208631,C1255,National Account,South,Phone,6,2351.79,60,86,24,0.144,0,,0
INV-208632,C1478,Regional,South,EDI,5,1638.87,60,21,11,0.095,0,,0
INV-208633,C1812,Independent,Northeast,EDI,8,1931.05,30,29,12,0.06,0,,0
INV-208634,C1449,National Account,Midwest,Phone,5,6754.31,30,192,28,0.0,0,,0
INV-208635,C1605,Regional,South,EDI,2,1399.91,45,43,8,0.092,0,,0
INV-208636,C1817,Independent,Midwest,Web Portal,10,1463.43,30,30,10,0.0,0,,0
INV-208637,C1539,Regional,South,Web Portal,3,18927.33,30,36,12,0.074,0,,0
INV-208638,C1255,National Account,Northeast,Phone,3,9678.27,60,86,17,0.0,0,109.0,1
INV-208639,C1713,Independent,West,Web Portal,8,2211.35,30,13,12,0.201,0,,0
INV-208640,C1667,Regional,West,Web Portal,4,1527.44,30,37,10,0.167,0,,0
INV-208641,C1234,Independent,Midwest,EDI,11,3121.73,30,10,10,0.13,0,,0
INV-208642,C1807,National Account,West,EDI,8,12354.52,45,170,19,0.013,0,,0
INV-208643,C1150,National Account,Midwest,Web Portal,11,4002.23,30,35,23,0.002,0,,0
INV-208644,C1418,Independent,South,EDI,11,5401.2,30,14,15,0.063,0,,0
INV-208645,C1248,National Account,West,Web Portal,12,6971.23,30,47,26,0.222,0,,0
INV-208646,C1352,National Account,Northeast,EDI,6,27169.32,60,35,30,0.005,0,,0
INV-208647,C1847,National Account,South,Sales Rep,1,7021.84,60,10,27,0.323,0,107.0,1
INV-208648,C1169,Regional,Midwest,Web Portal,8,8407.15,30,15,6,0.411,0,60.0,1
INV-208649,C1600,Independent,South,EDI,6,2082.76,45,21,6,0.143,1,,0
INV-208650,C1657,Regional,South,EDI,5,2246.9,45,36,10,0.141,0,,0
INV-208651,C1029,Independent,Midwest,Phone,11,2103.74,30,44,6,0.0,0,,0
INV-208652,C1160,Regional,Midwest,EDI,3,698.34,45,18,11,0.166,0,,0
INV-208653,C1310,National Account,Northeast,Web Portal,3,8005.55,60,161,20,0.042,0,,0
INV-208654,C1387,Regional,South,Web Portal,2,1479.98,45,55,6,0.224,0,71.0,0
INV-208655,C1241,Regional,Northeast,Sales Rep,1,1181.03,30,10,6,0.174,0,,0
INV-208656,C1741,National Account,West,Web Portal,7,16052.4,60,93,24,0.0,0,,0
INV-208657,C1446,National Account,Midwest,Sales Rep,9,1619.85,60,78,15,0.055,0,,0
INV-208658,C1437,National Account,Midwest,EDI,7,10473.41,60,20,25,0.129,0,,0
INV-208659,C1537,Independent,Midwest,Web Portal,9,1028.27,30,11,8,0.259,0,,0
INV-208660,C1592,Independent,Northeast,Sales Rep,3,2813.96,30,29,12,0.281,0,,0
INV-208661,C1676,Independent,Midwest,Web Portal,9,1781.72,30,14,10,0.104,0,,0
INV-208662,C1778,Regional,Midwest,EDI,11,1016.18,60,54,15,0.082,0,,0
INV-208663,C1725,Independent,South,Sales Rep,3,2488.56,30,41,12,0.383,0,57.0,0
INV-208664,C1750,National Account,West,Web Portal,7,18102.77,60,108,28,0.0,0,,0
INV-208665,C1237,National Account,West,Sales Rep,2,8584.38,45,55,26,0.204,0,,0
INV-208666,C1492,National Account,West,EDI,1,4023.68,30,102,28,0.118,1,,0
INV-208667,C1077,Regional,South,Web Portal,8,2467.12,30,39,13,0.0,0,,0
INV-208668,C1557,Regional,Northeast,Phone,8,4737.9,45,14,7,0.044,0,,0
INV-208669,C1226,Regional,South,Web Portal,8,2901.61,30,108,10,0.095,0,,0
INV-208670,C1065,Regional,South,Phone,7,2128.71,45,35,11,0.0,0,,0
INV-208671,C1332,National Account,Midwest,Web Portal,3,6356.86,60,14,21,0.0,0,,0
INV-208672,C1498,Independent,West,Web Portal,2,1604.54,45,17,12,0.317,0,,0
INV-208673,C1124,Independent,South,Sales Rep,8,3459.34,30,11,9,0.218,0,,0
INV-208674,C1334,National Account,South,Sales Rep,3,15339.93,45,103,21,0.124,0,,0
INV-208675,C1519,Independent,Midwest,Sales Rep,2,1881.92,30,11,5,0.165,1,,0
INV-208676,C1120,National Account,South,Phone,6,8268.78,30,62,19,0.432,0,,0
INV-208677,C1186,National Account,West,Web Portal,11,4108.06,45,69,22,0.139,1,,0
INV-208678,C1547,Regional,Midwest,Sales Rep,2,4189.55,45,9,14,0.367,1,,0
INV-208679,C1823,National Account,Midwest,Web Portal,3,7933.31,60,138,31,0.112,0,,0
INV-208680,C1674,Regional,Midwest,Sales Rep,4,705.92,30,4,8,0.08,0,,0
INV-208681,C1276,Independent,South,Phone,1,2093.05,45,2,8,0.286,0,,0
INV-208682,C1379,Independent,West,Sales Rep,8,1183.74,30,23,18,0.0,0,55.0,1
INV-208683,C1029,Independent,Midwest,Sales Rep,6,3580.26,30,44,4,0.0,0,,0
INV-208684,C1136,Independent,South,EDI,3,420.69,30,2,8,0.217,0,,0
INV-208685,C1029,Independent,South,Web Portal,6,885.11,30,44,8,0.0,0,,0
INV-208686,C1747,Regional,South,Phone,4,5811.37,45,49,11,0.234,0,,0
INV-208687,C1196,National Account,Midwest,EDI,2,3742.77,60,28,22,0.0,0,,0
INV-208688,C1417,Regional,West,Web Portal,7,3608.56,60,4,9,0.017,0,,0
INV-208689,C1728,National Account,Northeast,Phone,11,45434.24,30,121,20,0.263,0,,0
INV-208690,C1580,Regional,Midwest,Sales Rep,11,2294.97,30,20,14,0.161,0,,0
INV-208691,C1240,Regional,South,EDI,1,2635.03,30,64,7,0.176,1,,0
INV-208692,C1485,Independent,Midwest,Web Portal,12,1553.01,30,9,9,0.304,0,,0
INV-208693,C1535,National Account,Midwest,Web Portal,5,29464.21,60,55,25,0.039,0,,0
INV-208694,C1026,National Account,Northeast,Web Portal,1,7202.21,30,48,23,0.271,0,,0
INV-208695,C1720,Independent,South,EDI,7,489.28,45,31,14,0.519,0,,0
INV-208696,C1762,National Account,Midwest,Web Portal,1,5885.81,60,36,23,0.137,0,,0
INV-208697,C1762,National Account,Midwest,Phone,2,5125.75,45,36,21,0.156,0,,0
INV-208698,C1001,Regional,Midwest,Sales Rep,7,2545.15,30,30,15,0.186,0,,0
INV-208699,C1830,Regional,West,EDI,1,3657.71,60,21,10,0.019,0,,0
INV-208700,C1307,Regional,West,Sales Rep,11,4420.85,30,119,11,0.0,0,,0
INV-208701,C1038,National Account,South,Web Portal,9,8685.48,45,81,19,0.187,0,,0
INV-208702,C1131,Regional,Northeast,Web Portal,12,1247.83,30,56,10,0.079,1,,0
INV-208703,C1365,Independent,Northeast,Web Portal,3,3279.62,45,78,8,0.162,0,,0
INV-208704,C1562,Independent,South,Web Portal,1,2881.47,45,37,7,0.19,0,93.0,1
INV-208705,C1165,Independent,West,Web Portal,4,2359.59,30,13,11,0.047,0,,0
INV-208706,C1197,Independent,South,Web Portal,10,2380.58,30,10,11,0.071,0,,0
INV-208707,C1044,Independent,Midwest,Sales Rep,10,3227.28,30,10,6,0.054,0,,0
INV-208708,C1045,National Account,Northeast,Sales Rep,1,69130.02,60,120,23,0.0,0,,0
INV-208709,C1644,Regional,South,Sales Rep,11,9720.29,30,46,5,0.273,0,,0
INV-208710,C1255,National Account,West,Phone,3,1426.97,60,86,21,0.0,0,,0
INV-208711,C1385,Regional,Midwest,EDI,2,3336.15,30,52,13,0.504,0,,0
INV-208712,C1787,National Account,Midwest,EDI,6,8863.4,60,103,20,0.0,0,,0
INV-208713,C1531,Regional,Northeast,Phone,2,5161.67,30,22,6,0.0,0,,0
INV-208714,C1352,National Account,Midwest,EDI,9,12476.14,60,35,30,0.113,0,,0
INV-208715,C1388,Regional,Midwest,Web Portal,1,2122.29,60,35,3,0.055,0,,0
INV-208716,C1659,National Account,Midwest,Web Portal,9,6866.6,30,99,21,0.0,0,,0
INV-208717,C1442,National Account,West,EDI,12,3843.79,45,45,24,0.08,1,,0
INV-208718,C1579,Regional,Northeast,EDI,11,7190.49,45,21,4,0.043,0,,0
INV-208719,C1003,Regional,Midwest,Phone,2,4093.46,60,30,5,0.0,0,,0
INV-208720,C1443,Regional,Midwest,Sales Rep,8,7564.24,30,54,11,0.18,0,,0
INV-208721,C1675,National Account,Midwest,Web Portal,4,4428.15,60,120,20,0.088,0,,0
INV-208722,C1536,National Account,Midwest,Web Portal,2,3141.17,45,177,26,0.065,0,,0
INV-208723,C1630,Independent,South,EDI,12,2565.04,30,5,8,0.032,0,,0
INV-208724,C1477,National Account,Midwest,Sales Rep,4,29299.52,30,173,19,0.0,0,,0
INV-208725,C1768,National Account,South,Web Portal,5,26980.74,45,109,24,0.0,0,,0
INV-208726,C1564,National Account,Northeast,Web Portal,8,3238.55,60,113,24,0.086,1,,0
INV-208727,C1120,National Account,Midwest,Sales Rep,5,4619.01,60,62,21,0.295,0,84.0,1
INV-208728,C1419,National Account,Midwest,EDI,6,15121.77,60,31,30,0.066,1,95.0,1
INV-208729,C1510,Regional,South,EDI,6,10466.6,30,32,14,0.427,0,,0
INV-208730,C1432,Regional,Northeast,EDI,2,3005.03,30,17,10,0.077,0,,0
INV-208731,C1790,National Account,Northeast,Phone,11,2446.71,60,87,21,0.105,0,,0
INV-208732,C1210,Regional,West,EDI,8,2322.28,45,20,11,0.053,0,,0
INV-208733,C1534,Regional,West,EDI,2,1334.11,30,38,10,0.08,0,,0
INV-208734,C1544,Independent,South,Sales Rep,12,1633.92,30,7,8,0.063,0,,0
INV-208735,C1732,National Account,Midwest,Sales Rep,5,2905.93,60,112,31,0.029,0,,0
INV-208736,C1286,Regional,West,Sales Rep,7,7802.92,60,11,17,0.045,0,,0
INV-208737,C1121,National Account,Northeast,EDI,10,35784.94,60,46,34,0.37,0,,0
INV-208738,C1682,Independent,Northeast,Web Portal,7,4278.86,30,13,11,0.244,0,,0
INV-208739,C1751,National Account,South,EDI,9,5881.46,45,60,21,0.01,0,,0
INV-208740,C1297,National Account,Midwest,Sales Rep,11,21163.74,30,77,20,0.0,0,,0
INV-208741,C1402,National Account,South,EDI,12,2263.48,60,66,18,0.147,0,,0
INV-208742,C1780,Regional,Northeast,EDI,9,3471.53,45,54,17,0.162,0,,0
INV-208743,C1181,Regional,Midwest,Phone,9,3190.37,45,58,14,0.17,0,,0
INV-208744,C1716,Independent,Northeast,EDI,7,5152.25,30,7,11,0.041,1,,0
INV-208745,C1310,National Account,West,Web Portal,12,14199.12,45,161,28,0.0,0,,0
INV-208746,C1004,National Account,Northeast,Phone,9,3896.31,45,140,34,0.273,0,,0
INV-208747,C1135,Regional,Midwest,Phone,3,9690.19,30,86,8,0.047,0,53.0,1
INV-208748,C1599,Regional,Midwest,Sales Rep,5,22450.81,30,69,6,0.01,0,,0
INV-208749,C1820,Regional,West,Web Portal,1,4606.09,30,58,4,0.123,0,,0
INV-208750,C1639,Regional,Midwest,Web Portal,10,4123.77,30,12,9,0.442,0,,0
INV-208751,C1252,National Account,West,Web Portal,1,1619.16,45,90,30,0.346,0,,0
INV-208752,C1263,Independent,Northeast,Sales Rep,7,1805.2,45,84,14,0.047,0,,0
INV-208753,C1741,National Account,Northeast,Sales Rep,8,7501.82,60,93,24,0.0,0,,0
INV-208754,C1815,Independent,South,Web Portal,3,3128.13,45,17,5,0.25,0,,0
INV-208755,C1382,Regional,Northeast,Sales Rep,7,7547.32,45,25,14,0.094,0,79.0,1
INV-208756,C1422,Independent,West,Sales Rep,8,609.3,45,20,9,0.133,0,,0
INV-208757,C1535,National Account,South,Phone,3,4544.57,60,55,28,0.228,0,,0
INV-208758,C1724,Independent,West,Phone,3,436.44,30,28,12,0.042,0,,0
INV-208759,C1477,National Account,Northeast,Sales Rep,5,18046.19,60,173,18,0.0,0,,0
INV-208760,C1202,National Account,Midwest,Phone,12,11366.52,30,98,20,0.051,0,,0
INV-208761,C1190,Independent,South,EDI,5,2666.25,60,17,13,0.013,0,,0
INV-208762,C1463,National Account,Midwest,Web Portal,10,8016.93,45,90,22,0.045,1,,0
INV-208763,C1148,Regional,Northeast,EDI,2,8404.27,30,18,14,0.185,0,,0
INV-208764,C1566,National Account,Midwest,Web Portal,3,3704.91,45,58,30,0.192,0,,0
INV-208765,C1089,Independent,Midwest,Web Portal,3,1763.71,30,6,12,0.111,0,,0
INV-208766,C1511,Regional,Midwest,EDI,3,5365.73,30,40,10,0.037,0,,0
INV-208767,C1228,National Account,South,Sales Rep,1,6531.54,60,12,25,0.004,0,,0
INV-208768,C1154,Regional,Midwest,Sales Rep,4,5967.01,45,5,5,0.009,0,,0
INV-208769,C1293,Regional,Midwest,Web Portal,7,4351.02,30,8,11,0.149,0,61.0,1
INV-208770,C1136,Independent,Northeast,Web Portal,3,1528.37,45,2,8,0.112,0,,0
INV-208771,C1076,Independent,West,Web Portal,6,4250.33,30,39,11,0.137,0,,0
INV-208772,C1777,Regional,West,Phone,10,2905.52,60,49,11,0.32,1,,0
INV-208773,C1565,National Account,Northeast,EDI,11,8055.7,45,28,21,0.091,0,,0
INV-208774,C1165,Independent,Midwest,Sales Rep,9,1616.49,60,13,11,0.057,0,,0
INV-208775,C1048,Regional,Northeast,Sales Rep,9,1697.29,30,61,11,0.018,0,,0
INV-208776,C1394,National Account,West,EDI,12,2961.67,45,93,26,0.02,0,,0
INV-208777,C1738,Independent,West,Sales Rep,2,751.22,60,10,9,0.274,0,,0
INV-208778,C1228,National Account,South,Sales Rep,2,3426.95,60,12,19,0.002,0,,0
INV-208779,C1811,Regional,South,Sales Rep,1,15427.81,30,7,7,0.197,1,,0
INV-208780,C1655,Regional,Midwest,Sales Rep,11,1450.43,60,22,8,0.04,0,,0
INV-208781,C1210,Regional,Midwest,Sales Rep,12,1648.14,60,20,13,0.277,0,,0
INV-208782,C1536,National Account,Northeast,Sales Rep,7,3295.3,45,177,19,0.0,0,,0
INV-208783,C1252,National Account,Northeast,EDI,5,7718.12,30,90,28,0.336,0,,0
INV-208784,C1115,National Account,West,Sales Rep,1,9171.94,60,48,18,0.053,0,,0
INV-208785,C1691,Independent,South,Phone,5,589.43,60,8,13,0.03,0,,0
INV-208786,C1139,Independent,South,EDI,2,2124.73,30,24,13,0.214,0,,0
INV-208787,C1701,National Account,Midwest,Web Portal,11,5868.16,60,61,26,0.053,1,,0
INV-208788,C1125,Independent,Northeast,Sales Rep,5,4325.98,45,37,7,0.296,0,70.0,1
INV-208789,C1612,National Account,Midwest,Sales Rep,7,5439.7,45,56,21,0.051,0,,0
INV-208790,C1543,Regional,West,Sales Rep,11,2513.08,30,19,10,0.077,0,,0
INV-208791,C1419,National Account,Northeast,Web Portal,12,3794.2,30,31,25,0.209,0,,0
INV-208792,C1483,Independent,South,Sales Rep,1,2693.28,45,16,14,0.098,0,,0
INV-208793,C1362,Regional,West,Sales Rep,8,4908.07,30,30,5,0.247,0,,0
INV-208794,C1521,Independent,South,Sales Rep,10,2176.75,45,2,14,0.351,0,67.0,1
INV-208795,C1847,National Account,South,Phone,6,10113.4,45,10,28,0.08,0,,0
INV-208796,C1336,National Account,West,Sales Rep,1,7618.57,30,5,16,0.078,0,72.0,1
INV-208797,C1127,Regional,West,Web Portal,2,4742.61,30,19,11,0.077,0,,0
INV-208798,C1014,Independent,South,Web Portal,3,3053.05,45,22,12,0.028,0,,0
INV-208799,C1459,Regional,Midwest,EDI,12,925.62,45,24,11,0.083,0,,0
INV-208800,C1457,Regional,South,EDI,8,7835.12,30,10,8,0.074,0,,0
INV-208801,C1097,National Account,West,EDI,2,1504.17,60,32,21,0.0,0,,0
INV-208802,C1157,National Account,West,Phone,5,6511.52,45,138,22,0.0,0,,0
INV-208803,C1484,Independent,South,Sales Rep,9,3739.77,30,44,12,0.149,0,,0
INV-208804,C1153,Regional,Northeast,EDI,5,7840.67,30,80,10,0.236,0,,0
INV-208805,C1732,National Account,West,Sales Rep,6,13614.37,60,112,19,0.0,0,,0
INV-208806,C1239,Regional,Northeast,Phone,11,12918.15,45,63,7,0.0,0,,0
INV-208807,C1049,Independent,South,Sales Rep,7,2461.49,30,13,16,0.206,0,,0
INV-208808,C1240,Regional,Midwest,Web Portal,10,1445.28,30,64,9,0.083,0,,0
INV-208809,C1079,Regional,South,Sales Rep,1,17139.18,45,147,9,0.218,0,,0
INV-208810,C1380,Independent,South,Sales Rep,10,937.74,30,31,3,0.045,0,,0
INV-208811,C1712,National Account,Midwest,EDI,11,3544.43,45,66,26,0.0,0,,0
INV-208812,C1362,Regional,South,Sales Rep,11,1740.14,30,30,11,0.039,0,,0
INV-208813,C1402,National Account,Midwest,Web Portal,4,2889.41,60,66,35,0.159,0,,0
INV-208814,C1278,Regional,Northeast,Sales Rep,12,872.2,30,33,10,0.0,0,,0
INV-208815,C1742,Regional,West,Sales Rep,10,4704.31,30,19,8,0.0,0,,0
INV-208816,C1550,Regional,Midwest,Web Portal,3,6162.91,45,55,7,0.083,0,,0
INV-208817,C1653,Regional,West,Phone,10,6770.03,30,8,7,0.029,1,,0
INV-208818,C1347,Regional,Midwest,EDI,3,905.14,30,85,11,0.276,0,,0
INV-208819,C1324,Regional,South,Web Portal,1,7390.0,30,5,11,0.085,0,,0
INV-208820,C1347,Regional,South,Sales Rep,6,1734.82,30,85,9,0.003,0,,0
INV-208821,C1097,National Account,Northeast,EDI,3,4754.02,45,32,23,0.0,0,,0
INV-208822,C1787,National Account,Midwest,Sales Rep,12,13211.66,60,103,23,0.062,0,,0
INV-208823,C1266,Regional,Northeast,Sales Rep,12,4935.4,30,22,8,0.111,0,,0
INV-208824,C1673,Independent,Midwest,Sales Rep,5,1531.9,30,28,8,0.044,0,,0
INV-208825,C1606,National Account,South,Sales Rep,12,1526.34,45,195,19,0.09,0,,0
INV-208826,C1367,Independent,Midwest,EDI,1,1218.83,30,9,7,0.053,0,,0
INV-208827,C1236,National Account,Northeast,EDI,12,20288.67,60,36,19,0.004,0,,0
INV-208828,C1512,Regional,South,Sales Rep,7,3850.55,30,47,6,0.111,0,,0
INV-208829,C1648,Regional,South,Sales Rep,1,5787.95,45,39,15,0.117,0,75.0,1
INV-208830,C1041,Regional,Midwest,Web Portal,7,6366.33,30,20,10,0.064,0,,0
INV-208831,C1817,Independent,Northeast,Sales Rep,12,1988.55,45,30,11,0.0,0,,0
INV-208832,C1586,Independent,South,Sales Rep,2,2823.02,45,7,5,0.155,0,,0
INV-208833,C1639,Regional,West,Sales Rep,4,6695.59,45,12,14,0.099,0,,0
INV-208834,C1019,National Account,Midwest,Sales Rep,11,23454.87,45,43,35,0.0,0,,0
INV-208835,C1435,Regional,South,Sales Rep,4,2040.19,30,15,11,0.176,0,,0
INV-208836,C1005,National Account,South,Web Portal,8,8935.33,60,34,21,0.139,0,,0
INV-208837,C1415,Independent,West,Sales Rep,4,3012.78,30,10,13,0.077,0,,0
INV-208838,C1602,Independent,Northeast,Web Portal,2,819.94,30,32,8,0.353,0,,0
INV-208839,C1606,National Account,West,Web Portal,5,1937.44,60,195,27,0.0,0,,0
INV-208840,C1325,Regional,South,Sales Rep,10,10394.21,30,59,11,0.213,0,,0
INV-208841,C1756,Regional,Midwest,Sales Rep,11,3362.25,30,81,11,0.307,0,,1
INV-208842,C1527,Independent,Midwest,Phone,12,2668.8,45,13,10,0.141,0,,0
INV-208843,C1619,Independent,Northeast,EDI,3,561.71,45,35,10,0.228,0,,0
INV-208844,C1214,Independent,Northeast,Phone,4,5277.67,30,11,13,0.005,0,,0
INV-208845,C1705,Independent,Midwest,Sales Rep,9,6156.85,30,10,9,0.234,1,,0
INV-208846,C1030,Regional,Midwest,Web Portal,4,4454.53,30,15,13,0.151,0,,0
INV-208847,C1641,Regional,South,Web Portal,2,3646.71,45,35,11,0.0,0,,0
INV-208848,C1097,National Account,South,EDI,4,4548.34,60,32,21,0.0,0,,0
INV-208849,C1712,National Account,Midwest,Sales Rep,1,27066.81,45,66,31,0.4,0,,0
INV-208850,C1305,Independent,West,Web Portal,3,2313.16,30,36,14,0.096,0,,0
INV-208851,C1288,Regional,Northeast,Sales Rep,11,686.22,60,39,7,0.015,0,,0
INV-208852,C1674,Regional,Midwest,Sales Rep,3,9547.26,45,4,8,0.262,0,72.0,1
INV-208853,C1545,National Account,South,Sales Rep,12,5896.4,60,183,32,0.0,0,,0
INV-208854,C1357,Independent,Northeast,Web Portal,9,362.44,30,4,15,0.042,0,,0
INV-208855,C1620,Regional,South,Web Portal,9,3151.84,45,30,14,0.272,0,,0
INV-208856,C1123,Independent,Midwest,Phone,11,9795.17,45,26,15,0.074,0,,0
INV-208857,C1818,National Account,South,Web Portal,5,4231.62,30,113,32,0.101,0,,0
INV-208858,C1819,Regional,South,Web Portal,12,4008.64,60,69,9,0.166,0,,0
INV-208859,C1659,National Account,South,Web Portal,3,10802.85,30,99,19,0.0,0,,0
INV-208860,C1711,Regional,South,Sales Rep,1,2525.64,30,13,9,0.468,0,51.0,1
INV-208861,C1531,Regional,Midwest,Sales Rep,12,1727.37,30,22,3,0.006,0,,0
INV-208862,C1344,Independent,South,EDI,5,1136.78,30,5,11,0.09,0,,0
INV-208863,C1026,National Account,South,Phone,7,1321.92,60,48,25,0.06,0,,0
INV-208864,C1744,Independent,Northeast,EDI,1,2048.69,30,39,8,0.0,0,,0
INV-208865,C1493,Regional,Northeast,EDI,2,29045.1,30,33,8,0.102,0,,0
INV-208866,C1566,National Account,Northeast,Web Portal,5,1660.17,30,58,29,0.021,0,,0
INV-208867,C1465,Regional,Midwest,EDI,2,10150.49,45,4,8,0.009,0,,0
INV-208868,C1354,Independent,West,Phone,5,1672.21,30,44,12,0.047,1,,0
INV-208869,C1038,National Account,Midwest,Web Portal,7,3267.84,60,81,24,0.345,0,,0
INV-208870,C1336,National Account,West,Sales Rep,8,13225.27,60,5,26,0.057,0,,0
INV-208871,C1659,National Account,Midwest,Web Portal,4,73171.76,45,99,20,0.09,0,,0
INV-208872,C1661,National Account,Northeast,Web Portal,3,4217.45,60,170,28,0.059,0,,0
INV-208873,C1106,National Account,West,Phone,2,27990.04,30,46,24,0.061,0,,0
INV-208874,C1312,National Account,South,Web Portal,1,6882.19,60,104,27,0.0,0,,0
INV-208875,C1321,Independent,West,Phone,11,1189.77,30,6,16,0.138,0,82.0,1
INV-208876,C1220,National Account,West,Phone,8,9513.9,60,29,26,0.043,0,,0
INV-208877,C1690,Independent,Northeast,Phone,1,1140.09,30,14,10,0.053,0,,0
INV-208878,C1561,Regional,South,Web Portal,6,3005.35,45,148,9,0.131,0,,0
INV-208879,C1476,Independent,West,Sales Rep,9,595.88,30,21,6,0.431,0,,0
INV-208880,C1215,Regional,Northeast,Web Portal,9,1819.8,30,33,13,0.017,0,,0
INV-208881,C1626,Independent,Midwest,EDI,1,575.52,60,7,10,0.153,0,,0
INV-208882,C1733,Regional,West,Sales Rep,4,804.32,45,16,10,0.088,0,,0
INV-208883,C1557,Regional,Northeast,EDI,8,15956.82,45,14,7,0.316,0,,0
INV-208884,C1245,Regional,Northeast,Web Portal,5,3763.56,45,20,15,0.221,0,,0
INV-208885,C1179,Regional,Northeast,Sales Rep,2,9698.18,45,25,10,0.267,0,98.0,1
INV-208886,C1626,Independent,West,Phone,4,245.77,45,7,17,0.307,0,,0
INV-208887,C1660,Independent,South,Sales Rep,2,968.86,45,11,8,0.059,0,,0
INV-208888,C1483,Independent,Midwest,Phone,9,1254.74,60,16,11,0.097,0,,0
INV-208889,C1426,Regional,South,Web Portal,9,2163.65,60,24,10,0.225,0,,0
INV-208890,C1834,Regional,Northeast,Phone,1,17005.8,30,101,12,0.141,0,,0
INV-208891,C1537,Independent,Northeast,Sales Rep,10,1623.97,30,11,11,0.18,0,,0
INV-208892,C1157,National Account,South,Phone,1,1979.88,60,138,23,0.0,1,,0
INV-208893,C1064,Regional,Northeast,Web Portal,3,4894.92,45,54,14,0.125,0,,0
INV-208894,C1647,Regional,Midwest,Web Portal,6,6209.08,30,24,13,0.073,0,,0
INV-208895,C1790,National Account,Midwest,Sales Rep,5,29188.45,60,87,33,0.032,0,,0
INV-208896,C1576,Regional,Northeast,Sales Rep,5,6333.64,45,18,11,0.137,0,,0
INV-208897,C1129,Independent,Midwest,Phone,9,2166.97,45,20,11,0.176,1,70.0,1
INV-208898,C1759,Regional,South,EDI,9,3578.49,30,4,13,0.199,0,,0
INV-208899,C1538,Regional,Midwest,Phone,8,847.49,30,76,12,0.172,0,,0
INV-208900,C1494,Independent,Midwest,Web Portal,2,1056.87,30,29,7,0.13,0,,0
INV-208901,C1168,Regional,South,EDI,10,9942.4,30,50,8,0.191,0,,0
INV-208902,C1143,Independent,West,Sales Rep,7,1623.36,30,8,10,0.208,0,,0
INV-208903,C1689,National Account,Northeast,Sales Rep,3,6963.13,45,41,33,0.134,0,,0
INV-208904,C1008,Independent,South,Phone,10,1819.32,45,21,10,0.069,0,74.0,1
INV-208905,C1759,Regional,Northeast,Phone,6,2913.08,30,4,8,0.057,0,,0
INV-208906,C1231,National Account,West,Phone,3,7041.06,60,35,21,0.113,0,103.0,1
INV-208907,C1793,Regional,South,EDI,6,3761.14,45,39,16,0.095,0,,0
INV-208908,C1394,National Account,South,Web Portal,5,5981.43,45,93,32,0.041,0,,0
INV-208909,C1402,National Account,Midwest,Web Portal,9,22859.71,60,66,26,0.121,0,,0
INV-208910,C1589,Independent,Midwest,Sales Rep,12,2324.67,30,16,10,0.172,0,,0
INV-208911,C1135,Regional,South,Web Portal,11,6829.72,60,86,9,0.158,0,,0
INV-208912,C1323,Independent,West,EDI,3,1714.56,30,24,10,0.158,0,,0
INV-208913,C1486,Independent,South,Sales Rep,1,2791.17,30,14,14,0.073,0,,0
INV-208914,C1603,National Account,West,Web Portal,1,17859.92,45,122,26,0.017,0,,0
INV-208915,C1353,National Account,Northeast,Sales Rep,9,5837.0,60,24,22,0.394,0,,0
INV-208916,C1448,Independent,Midwest,EDI,11,1985.47,30,4,13,0.206,0,,0
INV-208917,C1413,Independent,Midwest,Web Portal,11,662.61,30,5,10,0.366,0,,0
INV-208918,C1388,Regional,Northeast,Web Portal,3,2456.27,45,35,15,0.274,0,,0
INV-208919,C1638,Independent,Midwest,Phone,5,1274.28,45,32,7,0.163,0,,0
INV-208920,C1450,Independent,West,Sales Rep,8,4968.59,30,16,11,0.137,0,,0
INV-208921,C1310,National Account,South,Web Portal,5,15473.37,30,161,22,0.102,0,,0
INV-208922,C1312,National Account,West,Phone,6,14938.08,45,104,22,0.143,0,,0
INV-208923,C1331,Independent,Northeast,EDI,5,3694.16,30,14,10,0.298,0,,0
INV-208924,C1355,Independent,West,EDI,9,3332.7,30,24,11,0.256,1,,0
INV-208925,C1536,National Account,West,Phone,6,25865.2,60,177,26,0.232,0,,0
INV-208926,C1659,National Account,South,Web Portal,1,2781.04,60,99,22,0.0,0,,0
INV-208927,C1761,Regional,Midwest,Web Portal,9,12793.67,60,50,6,0.233,0,,0
INV-208928,C1121,National Account,Midwest,EDI,11,4961.5,60,46,17,0.015,0,,0
INV-208929,C1836,Regional,West,Sales Rep,10,3035.36,30,10,8,0.167,0,,0
INV-208930,C1697,Regional,Midwest,Sales Rep,7,833.26,45,85,12,0.0,0,,0
INV-208931,C1004,National Account,South,EDI,11,3472.87,45,140,21,0.164,1,,0
INV-208932,C1060,Regional,Midwest,Phone,7,17752.43,30,32,10,0.035,0,,0
INV-208933,C1655,Regional,Midwest,Web Portal,8,5566.34,30,22,9,0.042,0,,0
INV-208934,C1555,Regional,South,Web Portal,12,10924.48,30,41,10,0.015,0,,0
INV-208935,C1398,National Account,Northeast,Sales Rep,1,26642.64,45,161,37,0.0,0,,0
INV-208936,C1831,Regional,West,Web Portal,1,19283.88,30,39,10,0.163,0,,0
INV-208937,C1692,National Account,Northeast,EDI,9,13171.29,30,42,31,0.0,0,,0
INV-208938,C1353,National Account,Midwest,Sales Rep,12,21841.23,30,24,16,0.082,0,,0
INV-208939,C1060,Regional,West,EDI,12,7514.09,45,32,10,0.068,0,,0
INV-208940,C1428,National Account,Midwest,Phone,7,44835.01,30,19,17,0.031,0,,0
INV-208941,C1101,National Account,Northeast,Sales Rep,12,12387.92,60,152,21,0.0,0,,0
INV-208942,C1488,Regional,Northeast,Web Portal,10,4429.19,30,79,11,0.042,0,,0
INV-208943,C1698,National Account,Midwest,Sales Rep,3,9525.92,60,49,24,0.0,0,,0
INV-208944,C1641,Regional,West,EDI,11,2284.68,45,35,8,0.0,0,,0
INV-208945,C1520,Regional,West,EDI,4,15268.45,30,23,15,0.171,0,,0
INV-208946,C1164,Regional,West,EDI,6,4330.02,45,19,11,0.382,0,,0
INV-208947,C1709,National Account,West,Sales Rep,1,18895.92,60,45,26,0.0,0,,0
INV-208948,C1138,Independent,Northeast,Sales Rep,5,2823.45,45,28,11,0.121,0,,0
INV-208949,C1172,Independent,Midwest,Web Portal,9,934.42,45,6,9,0.099,1,,0
INV-208950,C1794,National Account,Midwest,Sales Rep,1,6879.15,30,50,19,0.033,1,,0
INV-208951,C1472,Regional,West,Sales Rep,4,1277.74,45,66,14,0.035,0,,0
INV-208952,C1657,Regional,Midwest,Web Portal,5,6229.17,45,36,7,0.012,0,,0
INV-208953,C1674,Regional,Midwest,EDI,1,1948.99,60,4,13,0.152,0,,0
INV-208954,C1179,Regional,Northeast,Web Portal,5,1767.29,30,25,6,0.078,0,,0
INV-208955,C1111,National Account,South,Sales Rep,4,11228.41,30,93,26,0.025,0,,0
INV-208956,C1534,Regional,South,Phone,10,1922.29,45,38,9,0.098,0,,0
INV-208957,C1004,National Account,South,Phone,11,7211.69,60,140,27,0.517,0,,0
INV-208958,C1798,Regional,Midwest,Phone,1,9205.25,45,90,10,0.187,0,70.0,1
INV-208959,C1558,Independent,West,Sales Rep,2,787.73,30,43,10,0.03,0,,0
INV-208960,C1764,Independent,Midwest,EDI,2,653.44,30,11,5,0.172,0,,0
INV-208961,C1157,National Account,Midwest,Web Portal,1,35053.56,45,138,21,0.019,0,,0
INV-208962,C1327,Regional,Northeast,Web Portal,1,5708.72,45,79,10,0.068,0,,0
INV-208963,C1698,National Account,Midwest,Web Portal,12,141183.54,45,49,17,0.0,0,,0
INV-208964,C1526,National Account,Midwest,Phone,6,10872.52,60,14,24,0.281,0,,0
INV-208965,C1040,National Account,South,EDI,9,3786.89,30,82,26,0.098,0,,0
INV-208966,C1255,National Account,Midwest,Web Portal,2,8656.46,60,86,22,0.0,0,,0
INV-208967,C1229,Regional,South,Sales Rep,1,5675.97,30,63,6,0.001,0,,0
INV-208968,C1616,Independent,Midwest,Web Portal,4,4729.0,30,16,9,0.241,0,,0
INV-208969,C1750,National Account,Midwest,Sales Rep,8,14309.37,45,108,25,0.0,0,,0
INV-208970,C1130,Independent,South,EDI,12,390.78,30,5,12,0.06,0,,0
INV-208971,C1588,Regional,West,Phone,9,5102.03,30,13,8,0.088,0,,0
INV-208972,C1538,Regional,West,Web Portal,8,2818.6,30,76,5,0.326,0,,0
INV-208973,C1205,Independent,South,Web Portal,10,937.44,30,26,12,0.227,0,,0
INV-208974,C1061,Regional,Midwest,Web Portal,2,1865.83,30,30,4,0.355,0,,0
INV-208975,C1579,Regional,South,EDI,12,6200.44,30,21,9,0.114,0,,0
INV-208976,C1155,Regional,Midwest,EDI,11,4036.54,45,98,3,0.066,0,,0
INV-208977,C1809,Regional,South,Phone,12,5198.66,60,62,16,0.123,0,,0
INV-208978,C1484,Independent,South,Web Portal,10,2688.76,30,44,15,0.202,0,,0
INV-208979,C1170,National Account,Midwest,Web Portal,3,14826.53,45,47,20,0.009,0,,0
INV-208980,C1269,Independent,Northeast,Sales Rep,1,2207.61,45,15,8,0.075,0,,0
INV-208981,C1091,National Account,Midwest,Web Portal,8,3450.64,45,111,23,0.071,0,,0
INV-208982,C1679,Regional,South,EDI,3,6400.36,45,135,10,0.321,0,,0
INV-208983,C1065,Regional,Northeast,EDI,12,2169.05,45,35,13,0.146,0,,0
INV-208984,C1722,Regional,Midwest,Web Portal,4,798.66,60,30,12,0.175,0,,0
INV-208985,C1668,Independent,South,Web Portal,12,1744.83,30,30,8,0.252,0,,0
INV-208986,C1142,Independent,Midwest,Web Portal,2,622.48,30,12,8,0.02,0,,0
INV-208987,C1758,Regional,West,Sales Rep,9,2350.46,30,30,8,0.069,0,,0
INV-208988,C1565,National Account,West,EDI,8,12673.71,30,28,23,0.086,1,,0
INV-208989,C1431,Regional,Midwest,Phone,6,9735.53,30,41,13,0.079,0,,0
INV-208990,C1332,National Account,West,EDI,1,18407.17,60,14,20,0.0,0,,0
INV-208991,C1777,Regional,West,EDI,8,812.48,30,49,9,0.073,0,,0
INV-208992,C1428,National Account,South,Web Portal,5,1670.32,60,19,20,0.046,0,,0
INV-208993,C1242,Regional,West,Web Portal,9,9725.64,60,33,4,0.244,0,107.0,1
INV-208994,C1118,Regional,West,Web Portal,7,2275.94,45,8,7,0.184,0,,0
INV-208995,C1419,National Account,Midwest,Web Portal,3,16035.72,45,31,22,0.06,0,,0
INV-208996,C1465,Regional,South,Sales Rep,1,2777.23,45,4,5,0.074,0,,0
INV-208997,C1790,National Account,Midwest,Phone,11,8704.52,45,87,25,0.0,0,,0
INV-208998,C1034,Regional,Northeast,Web Portal,6,3121.79,30,52,12,0.149,0,,0
INV-208999,C1144,Regional,Northeast,Web Portal,5,2716.94,30,31,9,0.047,0,,0
INV-209000,C1402,National Account,Northeast,Sales Rep,2,7526.08,45,66,23,0.183,1,84.0,1
INV-209001,C1785,Regional,West,Web Portal,11,2227.71,30,32,5,0.322,0,,0
INV-209002,C1689,National Account,Midwest,Web Portal,3,5334.39,60,41,18,0.107,0,,0
INV-209003,C1217,National Account,South,EDI,1,7705.3,60,134,22,0.0,0,,0
INV-209004,C1259,National Account,West,EDI,2,9009.53,60,71,19,0.0,0,,0
INV-209005,C1764,Independent,South,Sales Rep,7,3097.3,30,11,14,0.128,0,,0
INV-209006,C1738,Independent,South,Web Portal,8,2849.23,30,10,9,0.219,0,,0
INV-209007,C1213,Regional,Midwest,EDI,12,1108.7,30,79,10,0.371,0,,0
INV-209008,C1114,Independent,Midwest,Sales Rep,3,1572.26,30,10,15,0.023,0,,0
INV-209009,C1657,Regional,South,Web Portal,7,2473.88,45,36,7,0.068,0,,0
INV-209010,C1120,National Account,South,Phone,7,27410.42,45,62,22,0.309,0,,0
INV-209011,C1463,National Account,Northeast,EDI,7,5343.79,30,90,21,0.12,0,,0
INV-209012,C1443,Regional,Midwest,Web Portal,9,10641.41,45,54,10,0.055,0,,0
INV-209013,C1157,National Account,Northeast,Sales Rep,7,24088.25,45,138,20,0.011,0,,0
INV-209014,C1694,National Account,South,Sales Rep,10,2546.62,60,85,32,0.0,0,,0
INV-209015,C1477,National Account,Midwest,Sales Rep,4,2245.76,45,173,17,0.078,0,,0
INV-209016,C1256,National Account,West,EDI,1,6535.61,60,9,15,0.244,0,,0
INV-209017,C1363,Independent,South,Web Portal,11,5150.87,30,6,12,0.302,0,,1
INV-209018,C1759,Regional,Midwest,Web Portal,12,1744.94,45,4,12,0.041,0,,0
INV-209019,C1085,Independent,South,Sales Rep,5,3084.13,30,6,13,0.124,1,,0
INV-209020,C1349,Regional,Northeast,EDI,7,2279.55,30,42,11,0.215,0,,0
INV-209021,C1126,Independent,Northeast,Web Portal,7,1992.11,45,24,14,0.003,0,,0
INV-209022,C1573,National Account,South,Web Portal,9,3571.92,30,63,20,0.097,0,,0
INV-209023,C1287,Regional,West,Phone,1,15467.17,45,72,8,0.136,0,,0
INV-209024,C1023,National Account,Midwest,Phone,12,30798.72,60,33,23,0.166,0,,0
INV-209025,C1592,Independent,Northeast,Web Portal,6,2718.43,45,29,7,0.058,0,,0
INV-209026,C1764,Independent,Midwest,Web Portal,4,1946.24,30,11,7,0.152,0,,0
INV-209027,C1390,Independent,Midwest,Sales Rep,11,1371.34,30,18,13,0.133,0,,0
INV-209028,C1684,Regional,Northeast,Phone,5,1015.04,45,107,9,0.111,0,,0
INV-209029,C1508,Regional,South,Sales Rep,12,6002.01,60,34,8,0.443,0,107.0,1
INV-209030,C1768,National Account,South,EDI,7,9986.75,45,109,24,0.0,0,,0
INV-209031,C1713,Independent,South,Sales Rep,4,4134.83,45,13,13,0.145,0,,0
INV-209032,C1332,National Account,South,Sales Rep,9,34149.29,45,14,28,0.091,0,,0
INV-209033,C1659,National Account,South,Sales Rep,4,16656.49,60,99,24,0.092,0,,0
INV-209034,C1151,Independent,West,EDI,7,3614.59,30,28,16,0.355,0,,0
INV-209035,C1026,National Account,Midwest,Phone,2,3781.71,45,48,23,0.048,0,,0
INV-209036,C1423,Regional,South,Phone,6,1830.9,45,54,11,0.213,0,,0
INV-209037,C1312,National Account,Midwest,EDI,9,6561.02,45,104,26,0.0,0,,0
INV-209038,C1712,National Account,Midwest,Web Portal,2,4606.29,45,66,23,0.0,0,,0
INV-209039,C1019,National Account,Midwest,EDI,10,15144.07,45,43,28,0.038,0,,0
INV-209040,C1184,Regional,Midwest,Web Portal,7,2591.21,45,31,14,0.103,0,,0
INV-209041,C1072,Regional,Northeast,Phone,5,7892.41,30,23,9,0.037,0,,1
INV-209042,C1610,Regional,Midwest,Web Portal,10,2489.68,45,22,15,0.021,0,,0
INV-209043,C1694,National Account,Midwest,Web Portal,7,8271.9,30,85,19,0.15,0,,0
INV-209044,C1129,Independent,South,EDI,8,2469.57,30,20,11,0.159,0,,0
INV-209045,C1783,Regional,Northeast,Web Portal,8,1947.98,45,26,12,0.23,0,,0
INV-209046,C1834,Regional,West,Web Portal,9,4878.47,45,101,15,0.032,0,,0
INV-209047,C1292,Regional,South,Sales Rep,7,1662.37,45,29,13,0.026,0,,0
INV-209048,C1091,National Account,West,Phone,3,18303.0,60,111,33,0.0,0,,0
INV-209049,C1555,Regional,Northeast,EDI,3,2946.8,30,41,16,0.334,0,,0
INV-209050,C1811,Regional,South,EDI,5,7688.38,30,7,9,0.249,1,,0
INV-209051,C1176,Independent,South,Web Portal,8,7884.78,30,13,12,0.132,0,,0
INV-209052,C1183,Regional,South,Web Portal,7,1512.32,30,61,13,0.0,0,,0
INV-209053,C1779,Regional,South,Web Portal,1,11416.98,30,17,12,0.118,0,82.0,1
INV-209054,C1572,Regional,Northeast,Sales Rep,8,2200.57,45,15,12,0.067,0,,0
INV-209055,C1787,National Account,West,Phone,6,14102.6,60,103,24,0.0,0,,0
INV-209056,C1235,Regional,Midwest,Web Portal,5,5350.96,45,31,5,0.0,0,,0
INV-209057,C1513,Independent,Midwest,Web Portal,1,2293.21,30,58,11,0.026,0,,0
INV-209058,C1255,National Account,South,Web Portal,11,3111.82,60,86,25,0.0,0,,0
INV-209059,C1480,Independent,Midwest,Sales Rep,11,1806.94,30,16,11,0.059,0,,0
INV-209060,C1397,National Account,West,EDI,5,2865.44,45,54,18,0.25,0,,0
INV-209061,C1134,National Account,South,Sales Rep,6,6924.63,30,43,12,0.124,0,,0
INV-209062,C1612,National Account,South,Phone,3,22206.28,60,56,22,0.194,0,,0
INV-209063,C1219,Independent,Northeast,Sales Rep,11,3020.71,30,20,16,0.176,0,,0
INV-209064,C1197,Independent,West,EDI,1,3090.26,30,10,13,0.123,0,,0
INV-209065,C1510,Regional,Midwest,Sales Rep,8,12990.45,30,32,10,0.257,0,,0
INV-209066,C1840,Regional,South,Sales Rep,6,24511.6,45,38,10,0.016,0,,0
INV-209067,C1270,Independent,Midwest,Phone,4,429.74,30,62,10,0.422,0,,0
INV-209068,C1310,National Account,South,Phone,11,2032.08,45,161,17,0.071,0,,0
INV-209069,C1039,Independent,Northeast,EDI,9,1023.09,30,20,15,0.041,0,,0
INV-209070,C1352,National Account,Midwest,Sales Rep,3,6955.59,60,35,17,0.022,0,,0
INV-209071,C1366,Independent,Northeast,Sales Rep,6,1969.96,30,27,14,0.215,0,,0
INV-209072,C1170,National Account,West,Sales Rep,3,3611.35,45,47,24,0.388,0,,0
INV-209073,C1606,National Account,South,Sales Rep,10,3793.04,45,195,21,0.459,0,,0
INV-209074,C1099,Independent,South,Sales Rep,3,3704.48,30,22,9,0.068,0,,0
INV-209075,C1011,Independent,South,Web Portal,2,4026.23,30,15,12,0.196,0,,0
INV-209076,C1182,Regional,Northeast,Web Portal,12,4656.69,45,16,16,0.052,0,,0
INV-209077,C1202,National Account,Northeast,Web Portal,12,2135.41,45,98,22,0.048,0,,0
INV-209078,C1040,National Account,Midwest,EDI,4,10998.72,30,82,22,0.134,0,,0
INV-209079,C1522,National Account,South,Sales Rep,1,2103.88,60,5,22,0.175,0,,0
INV-209080,C1228,National Account,Midwest,Sales Rep,6,7372.18,60,12,15,0.156,0,,0
INV-209081,C1768,National Account,Midwest,Web Portal,10,4255.89,45,109,18,0.0,0,,0
INV-209082,C1172,Independent,South,EDI,10,90.03,45,6,14,0.195,0,,0
INV-209083,C1115,National Account,Northeast,Phone,10,48032.86,60,48,24,0.065,1,92.0,1
INV-209084,C1170,National Account,Midwest,Phone,8,53486.88,30,47,25,0.103,0,57.0,1
INV-209085,C1122,Regional,Northeast,Phone,9,6354.12,30,18,10,0.197,0,,0
INV-209086,C1278,Regional,South,Sales Rep,9,1009.46,45,33,11,0.122,0,,0
INV-209087,C1003,Regional,West,Sales Rep,6,1192.86,30,30,5,0.0,0,,0
INV-209088,C1088,Independent,Northeast,Web Portal,2,1897.59,30,21,9,0.25,0,,0
INV-209089,C1559,National Account,West,EDI,2,3507.51,60,11,22,0.0,0,,0
INV-209090,C1003,Regional,Northeast,Web Portal,12,15414.69,45,30,15,0.0,0,,0
INV-209091,C1007,Regional,West,Phone,2,1491.39,30,72,10,0.151,0,,0
INV-209092,C1093,Independent,Midwest,Phone,8,729.35,30,42,11,0.037,0,,0
INV-209093,C1397,National Account,South,Phone,6,16579.01,60,54,15,0.064,0,,0
INV-209094,C1260,National Account,West,Web Portal,11,10593.13,60,11,28,0.081,0,,0
INV-209095,C1789,Independent,Midwest,Web Portal,8,3463.31,30,27,5,0.217,0,,0
INV-209096,C1463,National Account,South,Web Portal,12,16950.22,60,90,16,0.015,0,,0
INV-209097,C1005,National Account,West,Sales Rep,12,4779.11,30,34,25,0.037,0,,0
INV-209098,C1594,National Account,South,Sales Rep,4,20477.64,45,75,22,0.0,0,,0
INV-209099,C1390,Independent,Midwest,Sales Rep,3,2799.29,30,18,9,0.15,0,,0
INV-209100,C1267,Independent,Midwest,EDI,7,2089.36,30,33,5,0.076,0,,0
INV-209101,C1487,Regional,West,Sales Rep,11,1812.76,45,74,12,0.088,0,,0
INV-209102,C1841,Independent,West,EDI,9,1930.42,30,5,11,0.175,0,,0
INV-209103,C1077,Regional,South,Sales Rep,2,31641.17,45,39,6,0.06,0,,0
INV-209104,C1257,Regional,Midwest,Sales Rep,11,3047.63,30,35,7,0.077,0,,0
INV-209105,C1038,National Account,West,Sales Rep,3,10279.56,45,81,21,0.316,0,,0
INV-209106,C1211,Regional,Northeast,Web Portal,3,1652.65,45,61,6,0.252,0,,0
INV-209107,C1228,National Account,Midwest,Sales Rep,3,9697.14,45,12,15,0.049,0,,0
INV-209108,C1720,Independent,South,Web Portal,3,1725.81,30,31,8,0.336,0,,0
INV-209109,C1709,National Account,Northeast,Phone,10,8879.53,45,45,32,0.118,0,,0
INV-209110,C1759,Regional,Northeast,Sales Rep,4,4330.49,30,4,9,0.042,0,,0
INV-209111,C1427,National Account,West,Web Portal,2,4882.08,60,71,18,0.0,0,,0
INV-209112,C1334,National Account,Northeast,Phone,1,7784.04,60,103,18,0.103,0,,0
INV-209113,C1743,Independent,South,Phone,3,4450.31,30,8,7,0.447,0,,0
INV-209114,C1503,Regional,South,Phone,7,2145.18,45,42,6,0.151,0,,0
INV-209115,C1430,Regional,Midwest,Web Portal,7,4676.03,45,34,6,0.131,0,,0
INV-209116,C1235,Regional,West,Phone,7,11024.09,30,31,7,0.009,0,,0
INV-209117,C1167,Regional,South,Web Portal,2,7158.17,45,29,10,0.384,0,,0
INV-209118,C1751,National Account,South,EDI,11,11249.69,30,60,23,0.077,0,,0
INV-209119,C1402,National Account,West,Web Portal,3,13972.67,45,66,27,0.193,0,,0
INV-209120,C1437,National Account,Midwest,Phone,9,11627.69,45,20,21,0.201,0,69.0,0
INV-209121,C1186,National Account,South,EDI,9,11148.36,45,69,20,0.147,0,88.0,0
INV-209122,C1512,Regional,South,Web Portal,1,1325.1,45,47,11,0.038,0,,0
INV-209123,C1251,Independent,South,Sales Rep,11,3008.2,30,30,12,0.277,0,,0
INV-209124,C1036,Independent,Northeast,Web Portal,10,1102.82,45,28,11,0.014,0,,0
INV-209125,C1163,National Account,West,Phone,10,29055.76,60,48,23,0.0,0,,0
INV-209126,C1849,Regional,South,Web Portal,7,3666.89,45,34,9,0.306,0,,0
INV-209127,C1670,Regional,Midwest,Sales Rep,5,6323.18,30,89,11,0.256,0,,0
INV-209128,C1078,Regional,Midwest,EDI,2,2211.96,60,20,15,0.0,0,,0
INV-209129,C1409,Regional,Northeast,Web Portal,2,2674.36,30,10,13,0.087,0,,0
INV-209130,C1236,National Account,South,Web Portal,3,17615.95,45,36,22,0.0,0,94.0,1
INV-209131,C1565,National Account,Midwest,Sales Rep,10,31032.74,60,28,17,0.0,0,,0
INV-209132,C1145,National Account,Midwest,EDI,12,12374.72,45,5,21,0.154,0,,0
INV-209133,C1218,National Account,Midwest,Sales Rep,6,47907.37,60,43,26,0.0,0,,0
INV-209134,C1733,Regional,South,Web Portal,6,11056.8,45,16,8,0.064,0,,0
INV-209135,C1445,Regional,Northeast,Sales Rep,5,25728.19,60,20,6,0.0,0,,0
INV-209136,C1163,National Account,Northeast,Web Portal,10,2886.13,30,48,29,0.0,1,,0
INV-209137,C1614,National Account,Midwest,Web Portal,2,6977.52,60,27,20,0.148,0,,0
INV-209138,C1143,Independent,South,Phone,3,7927.24,45,8,10,0.174,0,,0
INV-209139,C1709,National Account,West,Web Portal,12,6261.87,30,45,17,0.001,0,,0
INV-209140,C1822,Independent,Midwest,EDI,2,1847.59,30,4,8,0.067,0,,0
INV-209141,C1730,Regional,South,Web Portal,12,2372.74,60,26,12,0.223,0,,0
INV-209142,C1081,Independent,West,Web Portal,9,964.58,30,12,10,0.147,0,,0
INV-209143,C1026,National Account,Midwest,EDI,1,10062.74,60,48,20,0.247,0,,0
INV-209144,C1259,National Account,Midwest,EDI,3,3709.41,60,71,29,0.036,0,94.0,1
INV-209145,C1823,National Account,South,Web Portal,3,4136.63,30,138,28,0.108,0,,0
INV-209146,C1712,National Account,Midwest,EDI,9,5304.17,60,66,21,0.0,0,,0
INV-209147,C1040,National Account,Midwest,Phone,12,19734.18,60,82,21,0.099,0,,0
INV-209148,C1364,Regional,South,Phone,9,2093.1,60,11,12,0.441,0,,1
INV-209149,C1700,Independent,South,Phone,6,4042.58,30,59,11,0.084,0,,0
INV-209150,C1009,Regional,Northeast,EDI,6,1476.31,30,32,9,0.096,0,,0
INV-209151,C1578,Independent,West,Web Portal,12,2920.36,30,24,6,0.115,0,,0
INV-209152,C1823,National Account,South,Web Portal,12,6655.27,60,138,28,0.242,0,,0
INV-209153,C1467,Regional,Midwest,EDI,11,4340.88,60,18,10,0.03,0,,0
INV-209154,C1178,National Account,Midwest,Web Portal,10,13730.23,45,58,24,0.435,0,,0
INV-209155,C1010,Regional,Midwest,Web Portal,11,3190.85,60,5,10,0.171,0,,0
INV-209156,C1463,National Account,West,Web Portal,5,12083.35,60,90,24,0.015,0,,0
INV-209157,C1823,National Account,South,Sales Rep,1,4163.26,60,138,24,0.0,0,,0
INV-209158,C1268,Independent,Northeast,EDI,3,6159.83,45,28,14,0.111,0,,0
INV-209159,C1657,Regional,Midwest,Phone,6,997.65,30,36,11,0.0,0,,0
INV-209160,C1018,Regional,West,Sales Rep,1,14487.89,30,69,11,0.037,0,,0
INV-209161,C1695,Regional,Northeast,Sales Rep,1,3143.55,30,72,12,0.143,0,,0
INV-209162,C1437,National Account,Northeast,Phone,7,10700.16,60,20,24,0.103,0,103.0,1
INV-209163,C1781,Regional,Midwest,Phone,3,11753.67,30,23,8,0.307,0,,0
INV-209164,C1585,Regional,Midwest,Web Portal,7,1304.26,60,86,8,0.025,0,,0
INV-209165,C1687,Regional,South,Sales Rep,9,1259.37,30,57,9,0.099,0,,0
INV-209166,C1128,Regional,South,Web Portal,2,3211.42,30,30,8,0.068,0,,0
INV-209167,C1307,Regional,West,EDI,7,2840.47,30,119,12,0.175,0,,0
INV-209168,C1267,Independent,Northeast,EDI,6,1066.24,30,33,9,0.021,1,,0
INV-209169,C1472,Regional,Midwest,Sales Rep,7,23837.65,60,66,9,0.0,0,,0
INV-209170,C1477,National Account,South,Phone,12,35575.24,45,173,25,0.0,0,,0
INV-209171,C1337,Regional,South,Web Portal,1,3365.03,30,20,11,0.099,0,,0
INV-209172,C1794,National Account,Northeast,Sales Rep,9,6117.64,60,50,22,0.0,0,,0
INV-209173,C1337,Regional,Midwest,EDI,11,2815.64,30,20,8,0.196,0,,0
INV-209174,C1777,Regional,South,Web Portal,9,4663.35,45,49,9,0.185,0,,0
INV-209175,C1639,Regional,West,Sales Rep,5,3167.26,45,12,10,0.032,0,,0
INV-209176,C1398,National Account,Midwest,Web Portal,5,3434.79,30,161,20,0.0,0,,0
INV-209177,C1293,Regional,Northeast,Sales Rep,5,2539.38,45,8,11,0.15,1,,0
INV-209178,C1612,National Account,West,EDI,5,19323.04,60,56,25,0.0,0,,0
INV-209179,C1407,Regional,Midwest,Sales Rep,7,23851.52,60,25,11,0.181,0,,0
INV-209180,C1801,Independent,Midwest,Sales Rep,9,2135.2,45,33,9,0.461,0,69.0,1
INV-209181,C1827,National Account,Northeast,Sales Rep,11,7848.5,45,73,25,0.003,0,,0
INV-209182,C1308,Regional,West,Web Portal,4,9658.15,60,18,7,0.0,0,,0
INV-209183,C1769,Independent,West,Sales Rep,7,1120.26,30,23,19,0.04,0,,0
INV-209184,C1098,Regional,Northeast,Sales Rep,9,6640.32,45,24,10,0.139,0,,0
INV-209185,C1450,Independent,Northeast,Sales Rep,11,5857.44,30,16,9,0.189,1,,0
INV-209186,C1589,Independent,Northeast,Web Portal,3,2800.62,45,16,9,0.271,0,,0
INV-209187,C1679,Regional,West,Web Portal,5,1319.25,30,135,11,0.164,0,,0
INV-209188,C1080,Independent,South,Web Portal,1,4455.95,45,32,6,0.062,0,,0
INV-209189,C1346,Regional,South,EDI,1,1276.27,45,52,9,0.149,0,,0
INV-209190,C1668,Independent,Northeast,EDI,8,3243.5,30,30,6,0.0,0,,0
INV-209191,C1462,Independent,Northeast,Sales Rep,9,1242.18,30,7,6,0.336,0,,0
INV-209192,C1580,Regional,South,Web Portal,6,23321.14,30,20,10,0.241,0,,0
INV-209193,C1766,Independent,Northeast,Sales Rep,12,2202.04,45,28,12,0.189,0,,0
INV-209194,C1115,National Account,South,Phone,10,10703.94,60,48,18,0.219,0,,0
INV-209195,C1684,Regional,Northeast,Web Portal,7,1749.01,30,107,14,0.244,0,,0
INV-209196,C1449,National Account,Northeast,EDI,1,15461.58,60,192,31,0.026,0,,0
INV-209197,C1028,Regional,Midwest,Web Portal,10,7424.99,45,86,15,0.231,0,,0
INV-209198,C1312,National Account,Northeast,Sales Rep,5,11021.61,60,104,25,0.066,0,,0
INV-209199,C1497,National Account,South,Web Portal,3,17273.49,45,137,18,0.02,0,,0
INV-209200,C1544,Independent,Midwest,Sales Rep,10,2965.07,45,7,14,0.185,0,,0
INV-209201,C1101,National Account,West,Phone,6,6300.73,60,152,17,0.173,0,,0
INV-209202,C1141,Regional,South,Web Portal,4,3776.89,60,18,11,0.062,0,,0
INV-209203,C1442,National Account,Northeast,Web Portal,3,12272.91,60,45,23,0.024,0,,0
INV-209204,C1118,Regional,Midwest,Web Portal,7,6327.79,45,8,8,0.189,0,,0
INV-209205,C1419,National Account,Midwest,EDI,3,8022.68,45,31,23,0.05,0,,0
INV-209206,C1312,National Account,Midwest,Web Portal,6,3177.69,45,104,23,0.11,0,65.0,0
INV-209207,C1195,Regional,South,Sales Rep,12,3287.01,30,56,10,0.178,0,,0
INV-209208,C1709,National Account,Midwest,Sales Rep,3,3627.85,60,45,22,0.032,0,92.0,0
INV-209209,C1450,Independent,Northeast,Web Portal,12,1194.2,30,16,11,0.167,0,,0
INV-209210,C1198,Independent,South,Phone,7,255.8,30,15,10,0.111,0,,0
INV-209211,C1343,Regional,South,EDI,10,6030.21,45,38,7,0.394,0,,0
INV-209212,C1483,Independent,South,Phone,12,16361.47,30,16,15,0.026,0,,0
INV-209213,C1213,Regional,Northeast,EDI,8,3960.4,30,79,7,0.058,0,,0
INV-209214,C1120,National Account,Northeast,Web Portal,9,4417.04,60,62,20,0.111,0,,0
INV-209215,C1449,National Account,Midwest,Sales Rep,4,31708.16,60,192,17,0.0,0,,0
INV-209216,C1711,Regional,South,Sales Rep,4,2559.57,30,13,11,0.258,0,,0
INV-209217,C1840,Regional,Midwest,Phone,3,1430.26,30,38,13,0.158,0,,0
INV-209218,C1385,Regional,West,Sales Rep,4,210.28,45,52,11,0.063,0,,0
INV-209219,C1840,Regional,South,EDI,2,1928.75,30,38,6,0.182,0,,0
INV-209220,C1550,Regional,South,Phone,4,3641.89,30,55,11,0.053,0,,0
INV-209221,C1457,Regional,Midwest,Sales Rep,7,6547.09,30,10,8,0.161,0,,0
INV-209222,C1111,National Account,South,Web Portal,5,8039.74,45,93,17,0.021,0,,0
INV-209223,C1695,Regional,Northeast,Web Portal,11,1174.11,60,72,10,0.048,0,,0
INV-209224,C1084,National Account,West,Sales Rep,6,45607.37,45,258,25,0.121,0,,0
INV-209225,C1297,National Account,West,Sales Rep,2,4589.77,30,77,30,0.035,0,,0
INV-209226,C1160,Regional,South,Sales Rep,9,660.45,30,18,13,0.178,0,,0
INV-209227,C1017,Independent,South,Web Portal,5,778.13,30,15,7,0.282,0,,0
INV-209228,C1453,Regional,South,Sales Rep,1,2186.45,45,50,11,0.173,0,,0
INV-209229,C1146,National Account,Northeast,Phone,6,35906.61,45,38,24,0.209,0,,0
INV-209230,C1101,National Account,West,Sales Rep,10,4500.01,45,152,23,0.052,0,,0
INV-209231,C1843,Regional,Northeast,Phone,9,16419.01,30,29,14,0.218,0,,0
INV-209232,C1377,Regional,Northeast,Sales Rep,2,1539.48,60,22,14,0.0,0,,0
INV-209233,C1663,Independent,Northeast,Sales Rep,7,7351.99,30,16,9,0.353,0,,0
INV-209234,C1446,National Account,South,Web Portal,6,4272.43,45,78,23,0.403,0,,0
INV-209235,C1746,Regional,South,EDI,11,618.36,30,65,10,0.333,0,,0
INV-209236,C1121,National Account,South,Web Portal,1,3988.6,60,46,18,0.021,0,,0
INV-209237,C1376,Independent,West,Phone,6,963.48,30,4,5,0.149,0,,0
INV-209238,C1297,National Account,Midwest,Web Portal,1,8857.6,45,77,15,0.237,0,,0
INV-209239,C1640,Independent,Midwest,EDI,10,1724.62,30,14,3,0.023,0,,0
INV-209240,C1847,National Account,South,Web Portal,10,896.23,45,10,20,0.101,0,,0
INV-209241,C1078,Regional,Midwest,EDI,5,3554.99,60,20,17,0.031,0,,0
INV-209242,C1375,National Account,South,Web Portal,6,3782.85,60,39,24,0.0,0,,0
INV-209243,C1746,Regional,Midwest,Sales Rep,5,3743.52,45,65,14,0.071,0,,0
INV-209244,C1741,National Account,Midwest,Sales Rep,11,7106.03,45,93,23,0.0,0,,0
INV-209245,C1790,National Account,Northeast,Web Portal,1,2767.5,30,87,25,0.014,0,,0
INV-209246,C1676,Independent,Northeast,Sales Rep,9,7002.2,30,14,13,0.142,0,,0
INV-209247,C1568,National Account,Midwest,Phone,2,3537.95,45,79,19,0.05,0,,0
INV-209248,C1017,Independent,South,Phone,9,4100.29,30,15,9,0.205,0,,0
INV-209249,C1078,Regional,Midwest,EDI,5,4547.84,45,20,12,0.156,0,,0
INV-209250,C1559,National Account,Midwest,Web Portal,8,8363.16,60,11,22,0.024,0,,1
INV-209251,C1465,Regional,West,EDI,5,2137.26,45,4,13,0.162,0,,0
INV-209252,C1675,National Account,West,Web Portal,3,2442.74,30,120,19,0.101,0,,0
INV-209253,C1781,Regional,Midwest,Web Portal,4,3123.56,30,23,13,0.382,0,,0
INV-209254,C1724,Independent,Northeast,Phone,5,4530.7,30,28,8,0.079,0,,0
INV-209255,C1394,National Account,Midwest,Phone,8,18365.79,60,93,26,0.317,0,,0
INV-209256,C1252,National Account,West,Sales Rep,5,9248.98,45,90,22,0.254,0,,0
INV-209257,C1061,Regional,Northeast,EDI,4,2855.28,30,30,9,0.158,0,,0
INV-209258,C1338,Independent,Midwest,EDI,8,10198.18,45,30,5,0.18,0,,0
INV-209259,C1794,National Account,Midwest,Web Portal,4,3309.86,30,50,18,0.004,0,,0
INV-209260,C1449,National Account,South,Sales Rep,9,5759.3,60,192,22,0.0,1,,0
INV-209261,C1633,Independent,South,Sales Rep,11,761.05,30,31,9,0.041,0,,0
INV-209262,C1210,Regional,Northeast,Web Portal,12,34374.18,30,20,11,0.013,0,,0
INV-209263,C1158,Regional,West,Web Portal,7,1703.32,60,33,4,0.156,0,,0
INV-209264,C1271,Independent,Northeast,Web Portal,1,1267.19,45,8,11,0.061,0,,0
INV-209265,C1724,Independent,Midwest,EDI,12,2773.69,30,28,10,0.195,0,,0
INV-209266,C1838,Regional,West,Phone,12,1372.44,45,14,10,0.122,0,93.0,1
INV-209267,C1568,National Account,Midwest,Phone,10,2998.74,45,79,31,0.105,0,,0
INV-209268,C1210,Regional,Northeast,EDI,10,4312.09,30,20,8,0.173,0,,0
INV-209269,C1417,Regional,South,Phone,7,4434.04,30,4,9,0.0,0,,0
INV-209270,C1787,National Account,West,Web Portal,1,19106.17,45,103,17,0.028,0,,0
INV-209271,C1664,Regional,South,EDI,6,2713.04,45,60,10,0.315,0,,0
INV-209272,C1262,Regional,South,Sales Rep,7,1108.29,30,48,9,0.058,0,,0
INV-209273,C1137,Regional,Midwest,Web Portal,6,7791.52,45,51,9,0.091,0,,0
INV-209274,C1250,Regional,Midwest,Sales Rep,8,848.1,45,101,9,0.096,0,,0
INV-209275,C1255,National Account,Northeast,Web Portal,12,11910.06,45,86,21,0.0,0,,0
INV-209276,C1699,National Account,Midwest,EDI,11,12786.49,45,49,25,0.125,0,,0
INV-209277,C1681,Regional,Midwest,Phone,11,7997.58,30,43,19,0.102,0,,0
INV-209278,C1756,Regional,Midwest,EDI,3,6004.41,45,81,7,0.0,0,,0
INV-209279,C1823,National Account,South,Web Portal,10,2690.36,45,138,20,0.264,0,,0
INV-209280,C1583,National Account,South,Web Portal,7,5255.9,60,103,28,0.013,0,,0
INV-209281,C1489,National Account,Northeast,Sales Rep,5,8858.58,30,13,20,0.087,0,,0
INV-209282,C1800,Independent,West,Web Portal,10,622.43,30,18,8,0.116,0,,0
INV-209283,C1290,Regional,South,Phone,6,1465.47,45,69,7,0.044,0,,0
INV-209284,C1530,Independent,South,EDI,6,705.55,30,10,8,0.046,0,,0
INV-209285,C1747,Regional,South,Phone,11,12814.43,45,49,16,0.32,0,,0
INV-209286,C1675,National Account,Midwest,EDI,5,2016.42,60,120,21,0.0,0,,0
INV-209287,C1822,Independent,South,Phone,2,1693.16,45,4,2,0.082,0,,0
INV-209288,C1811,Regional,Northeast,Web Portal,3,2912.08,30,7,9,0.327,0,59.0,0
INV-209289,C1820,Regional,South,Sales Rep,8,1464.76,45,58,13,0.109,0,,0
INV-209290,C1775,Regional,Northeast,Phone,6,3793.74,45,10,15,0.071,0,,0
INV-209291,C1363,Independent,South,EDI,3,1110.8,45,6,9,0.249,0,,0
INV-209292,C1683,Independent,Northeast,Web Portal,6,3613.78,45,31,6,0.133,0,,0
INV-209293,C1547,Regional,Northeast,Web Portal,5,338.67,45,9,10,0.058,0,,0
INV-209294,C1668,Independent,Northeast,Sales Rep,2,490.64,30,30,6,0.274,0,,0
INV-209295,C1612,National Account,Northeast,Sales Rep,7,5765.64,60,56,25,0.373,0,,0
INV-209296,C1694,National Account,South,Web Portal,10,16500.93,45,85,24,0.0,0,,0
INV-209297,C1437,National Account,Midwest,Phone,12,10671.18,45,20,25,0.125,0,,0
INV-209298,C1259,National Account,West,EDI,10,22390.38,60,71,24,0.0,0,,0
INV-209299,C1449,National Account,West,Phone,9,6146.5,60,192,28,0.02,0,,0
INV-209300,C1186,National Account,Northeast,Sales Rep,2,6470.88,30,69,22,0.133,0,,0
INV-209301,C1094,Independent,South,Sales Rep,12,2038.04,45,28,12,0.179,0,,0
INV-209302,C1552,National Account,Midwest,Sales Rep,7,3877.08,45,18,30,0.064,0,82.0,0
INV-209303,C1217,National Account,Midwest,Phone,5,4066.43,60,134,28,0.0,0,,0
INV-209304,C1059,Independent,Northeast,Phone,10,2653.05,30,27,7,0.294,0,,0
INV-209305,C1202,National Account,South,Sales Rep,11,12461.28,45,98,16,0.171,0,,0
INV-209306,C1178,National Account,Midwest,Sales Rep,10,3663.67,45,58,24,0.007,0,,0
INV-209307,C1241,Regional,Midwest,Sales Rep,8,4223.47,45,10,11,0.239,0,,0
INV-209308,C1657,Regional,South,Web Portal,2,3353.46,45,36,10,0.0,0,,0
INV-209309,C1077,Regional,Northeast,EDI,11,449.93,60,39,7,0.0,0,,0
INV-209310,C1709,National Account,Midwest,Sales Rep,5,11327.13,30,45,21,0.059,0,,0
INV-209311,C1561,Regional,South,Web Portal,7,4278.24,45,148,6,0.149,0,,0
INV-209312,C1583,National Account,Northeast,Sales Rep,1,10709.3,45,103,18,0.064,0,,0
INV-209313,C1242,Regional,Northeast,Phone,1,3446.99,30,33,13,0.139,0,,0
INV-209314,C1469,National Account,Northeast,Web Portal,11,4908.62,45,100,34,0.0,0,,0
INV-209315,C1446,National Account,Midwest,Phone,6,23197.85,60,78,22,0.066,0,,0
INV-209316,C1478,Regional,Midwest,Phone,10,2205.22,45,21,10,0.0,0,,0
INV-209317,C1616,Independent,Northeast,Phone,7,1903.14,30,16,6,0.124,0,48.0,1
INV-209318,C1760,Regional,West,Web Portal,11,4365.6,60,55,7,0.0,0,,0
INV-209319,C1422,Independent,Northeast,Web Portal,11,5642.92,30,20,12,0.309,0,,0
INV-209320,C1602,Independent,West,Phone,8,909.17,45,32,13,0.145,1,72.0,0
INV-209321,C1397,National Account,Northeast,Sales Rep,3,7896.71,60,54,28,0.24,1,,0
INV-209322,C1253,Regional,South,EDI,12,1395.11,30,48,9,0.157,0,,0
INV-209323,C1256,National Account,Midwest,Phone,4,9346.72,60,9,21,0.041,0,,0
INV-209324,C1196,National Account,Midwest,Web Portal,4,21603.14,60,28,28,0.032,0,,0
INV-209325,C1078,Regional,Northeast,Web Portal,5,1261.45,30,20,12,0.093,0,,0
INV-209326,C1467,Regional,South,Web Portal,8,28286.37,45,18,9,0.156,0,70.0,1
INV-209327,C1256,National Account,Northeast,Sales Rep,4,470.51,60,9,26,0.139,0,,0
INV-209328,C1804,Independent,Midwest,Web Portal,4,4422.09,30,31,8,0.028,0,,0
INV-209329,C1119,Regional,Northeast,Phone,4,2108.86,45,28,8,0.0,0,,0
INV-209330,C1211,Regional,South,EDI,8,4494.83,45,61,11,0.149,0,,0
INV-209331,C1508,Regional,South,Phone,7,2709.27,45,34,10,0.068,0,,0
INV-209332,C1393,Regional,South,Web Portal,6,1256.26,45,29,9,0.086,0,,0
INV-209333,C1045,National Account,South,Phone,10,10336.14,45,120,25,0.0,0,,0
INV-209334,C1806,Independent,West,Web Portal,5,362.06,30,14,6,0.14,0,,0
INV-209335,C1086,Independent,Midwest,EDI,3,1746.24,60,23,11,0.212,0,,0
INV-209336,C1193,Regional,Northeast,Web Portal,1,3520.62,45,26,10,0.203,0,,0
INV-209337,C1587,National Account,Midwest,Sales Rep,2,38613.99,60,24,15,0.132,0,,0
INV-209338,C1294,Independent,South,Sales Rep,7,1851.65,45,40,13,0.077,0,,0
INV-209339,C1179,Regional,South,Sales Rep,12,4337.36,60,25,7,0.219,0,,0
INV-209340,C1659,National Account,West,Sales Rep,7,4354.23,45,99,22,0.175,0,,0
INV-209341,C1238,National Account,Midwest,Phone,5,14019.51,30,201,24,0.068,0,,0
INV-209342,C1811,Regional,South,Web Portal,4,1260.46,45,7,8,0.112,0,,0
INV-209343,C1532,Regional,Midwest,EDI,11,1195.06,30,19,11,0.124,0,,0
INV-209344,C1559,National Account,Midwest,Phone,8,1840.42,60,11,25,0.006,0,,0
INV-209345,C1134,National Account,Midwest,Web Portal,3,2496.18,60,43,23,0.159,0,,0
INV-209346,C1712,National Account,Midwest,EDI,2,20833.05,60,66,20,0.179,0,,0
INV-209347,C1024,Regional,Midwest,Web Portal,1,2390.46,30,141,9,0.34,0,,0
INV-209348,C1846,Independent,Midwest,Phone,8,1472.57,30,23,12,0.263,0,,0
INV-209349,C1202,National Account,Northeast,Phone,2,8866.21,60,98,20,0.103,0,,0
INV-209350,C1371,Regional,Midwest,Web Portal,1,3288.65,45,19,11,0.273,0,,0
INV-209351,C1599,Regional,West,Web Portal,3,12542.79,45,69,7,0.013,0,,0
INV-209352,C1146,National Account,Northeast,Web Portal,5,9365.75,45,38,22,0.137,0,,0
INV-209353,C1762,National Account,Midwest,Sales Rep,3,4204.05,45,36,22,0.0,0,,0
INV-209354,C1217,National Account,South,Phone,7,23699.48,60,134,25,0.0,0,,0
INV-209355,C1739,Independent,South,EDI,5,2460.42,30,28,8,0.226,0,,0
INV-209356,C1803,National Account,Midwest,EDI,12,19850.56,60,32,23,0.0,0,,0
INV-209357,C1363,Independent,West,Sales Rep,2,2392.08,30,6,10,0.282,0,,0
INV-209358,C1301,National Account,West,EDI,6,96819.01,45,199,20,0.0,0,,0
INV-209359,C1238,National Account,Northeast,Web Portal,6,9059.29,30,201,24,0.104,0,,0
INV-209360,C1398,National Account,Midwest,Sales Rep,4,7941.71,60,161,18,0.03,0,,0
INV-209361,C1054,Regional,Northeast,Sales Rep,3,1809.01,45,80,15,0.176,0,64.0,1
INV-209362,C1832,Independent,Northeast,Web Portal,1,7255.43,45,14,15,0.277,0,,1
INV-209363,C1465,Regional,South,Phone,9,10460.65,45,4,16,0.023,0,,0
INV-209364,C1062,Regional,Midwest,Sales Rep,6,1471.91,45,43,5,0.0,0,,0
INV-209365,C1783,Regional,South,EDI,4,6907.78,30,26,2,0.157,0,,0
INV-209366,C1123,Independent,Midwest,EDI,7,1389.23,30,26,7,0.126,0,,0
INV-209367,C1313,Independent,South,EDI,6,1437.7,30,17,9,0.171,0,,0
INV-209368,C1423,Regional,West,Web Portal,12,13627.98,45,54,8,0.252,0,75.0,1
INV-209369,C1306,National Account,Northeast,Sales Rep,6,21350.72,45,20,29,0.0,0,,0
INV-209370,C1458,Regional,South,Phone,12,8935.31,30,28,10,0.021,0,,0
INV-209371,C1382,Regional,Northeast,Sales Rep,6,2123.47,30,25,5,0.275,0,,0
INV-209372,C1115,National Account,South,Sales Rep,4,5115.44,60,48,22,0.0,0,,0
INV-209373,C1695,Regional,Northeast,Sales Rep,9,3147.08,30,72,10,0.078,0,,0
INV-209374,C1312,National Account,West,EDI,2,8489.34,60,104,20,0.148,0,,0
INV-209375,C1684,Regional,Midwest,Phone,11,5672.17,45,107,10,0.091,0,,0
INV-209376,C1620,Regional,South,EDI,7,27036.74,45,30,12,0.041,1,,0
INV-209377,C1248,National Account,Midwest,Sales Rep,5,11088.28,60,47,27,0.049,0,,0
INV-209378,C1428,National Account,South,Phone,6,6071.61,60,19,20,0.029,0,,0
INV-209379,C1568,National Account,Midwest,EDI,11,14630.23,60,79,20,0.124,0,,0
INV-209380,C1294,Independent,Midwest,Sales Rep,11,598.86,45,40,11,0.271,0,,0
INV-209381,C1837,Independent,South,Phone,6,2182.99,60,30,4,0.202,0,,0
INV-209382,C1167,Regional,Midwest,Phone,5,1727.66,60,29,9,0.0,0,,0
INV-209383,C1407,Regional,Northeast,Phone,1,2114.11,45,25,20,0.0,0,,0
INV-209384,C1847,National Account,Midwest,Web Portal,8,16914.35,30,10,15,0.188,0,,0
INV-209385,C1170,National Account,South,Phone,8,8788.39,60,47,26,0.073,0,,0
INV-209386,C1445,Regional,Midwest,Web Portal,12,17099.16,45,20,13,0.0,0,,0
INV-209387,C1427,National Account,Midwest,Web Portal,2,24350.08,60,71,25,0.009,0,,0
INV-209388,C1248,National Account,Northeast,EDI,9,13004.04,60,47,25,0.189,0,78.0,1
INV-209389,C1762,National Account,Midwest,Phone,10,23640.74,30,36,19,0.141,0,,0
INV-209390,C1601,National Account,South,Sales Rep,4,3575.38,30,17,29,0.018,0,,0
INV-209391,C1300,Independent,Midwest,Sales Rep,7,3967.12,30,21,13,0.074,0,53.0,1
INV-209392,C1808,Independent,Northeast,Sales Rep,4,1101.46,30,24,8,0.072,0,,0
INV-209393,C1727,Regional,South,Phone,12,9184.34,45,37,12,0.193,1,93.0,1
INV-209394,C1488,Regional,West,Web Portal,2,2281.16,30,79,9,0.14,0,,0
INV-209395,C1174,Independent,South,Sales Rep,1,684.68,30,19,10,0.01,0,,0
INV-209396,C1805,Regional,Northeast,Sales Rep,9,1981.38,30,158,7,0.076,0,51.0,0
INV-209397,C1593,Regional,Northeast,EDI,5,1094.85,30,128,7,0.305,0,,0
INV-209398,C1288,Regional,South,Web Portal,5,22165.72,30,39,12,0.185,0,,0
INV-209399,C1822,Independent,Midwest,Phone,3,2695.14,30,4,8,0.127,0,,0
INV-209400,C1811,Regional,Northeast,Web Portal,7,2079.12,45,7,14,0.219,0,,0
INV-209401,C1574,Independent,West,Phone,10,2530.37,30,76,8,0.079,1,67.0,1
INV-209402,C1831,Regional,Northeast,Web Portal,11,3674.86,60,39,14,0.107,1,90.0,1
INV-209403,C1278,Regional,Northeast,Sales Rep,7,1964.85,30,33,11,0.131,0,,0
INV-209404,C1149,Regional,South,EDI,1,13541.5,30,20,13,0.073,0,,0
INV-209405,C1155,Regional,Northeast,Web Portal,3,2516.58,30,98,5,0.0,0,,0
INV-209406,C1356,Independent,Northeast,Phone,1,790.48,45,10,9,0.094,0,96.0,1
INV-209407,C1781,Regional,South,Web Portal,6,7583.94,60,23,10,0.496,0,,0
INV-209408,C1004,National Account,Midwest,EDI,8,13523.57,30,140,23,0.168,0,,0
INV-209409,C1529,Regional,Midwest,Sales Rep,3,4843.58,30,20,11,0.101,0,,0
INV-209410,C1266,Regional,Midwest,EDI,6,3756.51,30,22,15,0.084,0,,0
INV-209411,C1260,National Account,Midwest,Web Portal,12,35146.89,45,11,34,0.483,0,66.0,1
INV-209412,C1762,National Account,Northeast,Sales Rep,9,22530.43,45,36,20,0.05,0,,0
INV-209413,C1094,Independent,West,Web Portal,1,2950.67,30,28,10,0.216,0,,0
INV-209414,C1484,Independent,Midwest,Sales Rep,4,1619.88,30,44,11,0.426,0,,0
INV-209415,C1262,Regional,Midwest,EDI,3,6748.43,30,48,8,0.099,0,,0
INV-209416,C1220,National Account,Midwest,Web Portal,9,4079.07,45,29,21,0.065,0,,0
INV-209417,C1446,National Account,Northeast,Web Portal,5,7642.98,45,78,27,0.089,0,,0
INV-209418,C1330,Independent,Northeast,Phone,3,1762.74,30,14,10,0.095,0,,0
INV-209419,C1060,Regional,Midwest,Phone,3,2748.5,45,32,11,0.109,0,,0
INV-209420,C1220,National Account,West,Phone,7,2518.36,60,29,21,0.014,0,,0
INV-209421,C1743,Independent,South,Sales Rep,6,1766.37,30,8,14,0.118,0,,0
INV-209422,C1264,Independent,South,Web Portal,11,8338.38,30,20,14,0.321,0,,0
INV-209423,C1671,National Account,Northeast,Web Portal,10,8901.0,60,231,21,0.042,0,,0
INV-209424,C1624,Regional,Midwest,Sales Rep,11,4693.34,30,25,12,0.09,0,,0
INV-209425,C1084,National Account,Northeast,EDI,5,9515.25,60,258,33,0.0,0,,0
INV-209426,C1794,National Account,South,EDI,7,6981.6,45,50,18,0.156,0,,0
INV-209427,C1325,Regional,Midwest,EDI,5,1919.48,30,59,11,0.264,0,,0
INV-209428,C1677,Independent,South,Web Portal,10,2572.24,60,21,6,0.015,0,,0
INV-209429,C1469,National Account,South,Sales Rep,11,11088.61,60,100,19,0.0,0,,0
INV-209430,C1030,Regional,South,EDI,3,1418.78,60,15,14,0.181,0,,0
INV-209431,C1278,Regional,Midwest,Web Portal,5,3944.68,45,33,11,0.16,1,,0
INV-209432,C1812,Independent,West,Sales Rep,2,4400.41,30,29,13,0.0,0,,0
INV-209433,C1330,Independent,South,Sales Rep,8,7740.11,30,14,13,0.148,0,,0
INV-209434,C1396,Independent,Midwest,Phone,10,1730.76,45,32,13,0.0,0,,0
INV-209435,C1659,National Account,South,Web Portal,3,25676.66,60,99,22,0.06,0,,0
INV-209436,C1746,Regional,Northeast,Phone,3,5484.19,60,65,12,0.227,0,,0
INV-209437,C1601,National Account,Midwest,Phone,11,2862.36,60,17,22,0.027,0,,0
INV-209438,C1174,Independent,Northeast,Web Portal,12,1320.09,30,19,9,0.151,0,,0
INV-209439,C1079,Regional,South,EDI,7,3506.04,45,147,9,0.075,0,,0
INV-209440,C1819,Regional,South,Sales Rep,12,7855.53,45,69,9,0.169,0,,0
INV-209441,C1503,Regional,Midwest,Phone,10,6611.27,45,42,14,0.105,0,,0
INV-209442,C1469,National Account,West,Sales Rep,11,8779.39,60,100,39,0.029,0,,0
INV-209443,C1299,National Account,Midwest,Web Portal,10,8886.81,30,31,25,0.01,0,,0
INV-209444,C1272,Regional,West,Web Portal,2,2236.45,60,41,16,0.097,0,,0
INV-209445,C1756,Regional,West,Web Portal,12,3134.65,45,81,8,0.154,0,,0
INV-209446,C1703,Regional,Midwest,Web Portal,1,5723.58,30,49,14,0.073,0,,0
INV-209447,C1681,Regional,South,Phone,9,6688.54,30,43,10,0.056,0,,0
INV-209448,C1262,Regional,South,Web Portal,1,2474.75,30,48,9,0.12,0,,0
INV-209449,C1554,Independent,Northeast,EDI,8,1648.41,30,20,10,0.199,0,,0
INV-209450,C1135,Regional,South,Sales Rep,10,3849.93,45,86,11,0.181,0,,0
INV-209451,C1062,Regional,South,Sales Rep,9,13750.27,30,43,10,0.0,0,,0
INV-209452,C1672,Regional,Midwest,Web Portal,1,746.26,45,30,12,0.03,0,,0
INV-209453,C1437,National Account,West,EDI,11,9622.87,60,20,25,0.328,0,,0
INV-209454,C1807,National Account,Northeast,Web Portal,7,4699.75,45,170,18,0.282,0,,0
INV-209455,C1197,Independent,South,Web Portal,3,2767.57,30,10,9,0.156,0,,0
INV-209456,C1265,Regional,South,EDI,5,7224.47,30,9,9,0.092,0,,0
INV-209457,C1532,Regional,Northeast,Sales Rep,8,3111.6,60,19,9,0.084,0,,0
INV-209458,C1762,National Account,West,Sales Rep,4,9635.7,45,36,26,0.2,0,74.0,1
INV-209459,C1810,Independent,Midwest,Sales Rep,12,1645.87,30,42,12,0.233,1,,0
INV-209460,C1671,National Account,West,Sales Rep,2,6477.95,60,231,25,0.0,0,,0
INV-209461,C1226,Regional,South,Web Portal,11,8494.4,45,108,12,0.221,0,91.0,1
INV-209462,C1001,Regional,West,Web Portal,4,6459.68,45,30,10,0.139,0,63.0,1
INV-209463,C1353,National Account,West,Phone,12,1682.58,60,24,21,0.214,0,,0
INV-209464,C1648,Regional,South,Web Portal,11,6723.96,30,39,13,0.044,0,,0
INV-209465,C1117,Regional,West,EDI,11,6351.25,45,19,13,0.033,0,,0
INV-209466,C1074,Regional,Northeast,Phone,6,2509.72,30,26,10,0.223,0,,0
INV-209467,C1091,National Account,South,Web Portal,10,7410.79,30,111,17,0.13,0,,0
INV-209468,C1179,Regional,Midwest,Sales Rep,2,3333.73,30,25,7,0.222,0,,0
INV-209469,C1572,Regional,South,Phone,10,3760.27,30,15,11,0.069,0,61.0,1
INV-209470,C1437,National Account,Northeast,Phone,5,6891.6,45,20,18,0.163,0,87.0,1
INV-209471,C1394,National Account,South,Web Portal,9,7962.6,45,93,20,0.013,0,,0
INV-209472,C1507,National Account,South,Sales Rep,1,15476.24,60,37,20,0.089,1,,0
INV-209473,C1823,National Account,Midwest,Sales Rep,2,4937.95,30,138,26,0.021,0,,0
INV-209474,C1792,Independent,Midwest,Web Portal,8,719.4,30,21,10,0.049,0,,0
INV-209475,C1507,National Account,Midwest,Web Portal,6,17663.3,45,37,24,0.094,0,,0
INV-209476,C1442,National Account,South,Sales Rep,12,27208.66,60,45,20,0.033,0,,0
INV-209477,C1661,National Account,West,Sales Rep,10,16786.37,45,170,28,0.073,0,,0
INV-209478,C1356,Independent,Midwest,Phone,4,720.15,30,10,8,0.061,0,,0
INV-209479,C1292,Regional,Northeast,EDI,3,7380.55,30,29,12,0.201,0,,0
INV-209480,C1749,Independent,Northeast,Phone,3,4160.3,30,28,9,0.099,0,,0
INV-209481,C1816,National Account,South,EDI,2,17626.62,60,25,24,0.166,0,,0
INV-209482,C1535,National Account,Midwest,Sales Rep,2,9266.54,45,55,25,0.0,0,,0
INV-209483,C1063,Independent,Northeast,EDI,7,1168.4,30,28,3,0.011,0,,0
INV-209484,C1203,Independent,South,Phone,8,1304.77,30,22,5,0.274,0,,0
INV-209485,C1404,Independent,South,Phone,12,849.06,30,30,10,0.105,0,,0
INV-209486,C1248,National Account,Northeast,EDI,8,8512.9,30,47,18,0.034,0,,0
INV-209487,C1633,Independent,Midwest,Web Portal,11,295.18,30,31,9,0.091,0,,0
INV-209488,C1229,Regional,Midwest,Sales Rep,3,5164.95,45,63,20,0.0,0,,0
INV-209489,C1664,Regional,West,Web Portal,1,6099.73,45,60,7,0.124,0,,0
INV-209490,C1847,National Account,South,Sales Rep,5,42975.63,60,10,32,0.082,0,,0
INV-209491,C1623,Regional,South,Sales Rep,1,4444.91,30,33,13,0.054,0,,0
INV-209492,C1002,Regional,Midwest,EDI,3,3687.44,30,56,9,0.062,0,,0
INV-209493,C1005,National Account,South,EDI,3,4973.65,45,34,26,0.252,0,,0
INV-209494,C1048,Regional,West,Web Portal,10,5401.11,30,61,11,0.071,0,,0
INV-209495,C1463,National Account,Northeast,Sales Rep,9,11802.91,60,90,20,0.058,0,,0
INV-209496,C1113,Regional,Midwest,EDI,6,4903.52,45,26,9,0.326,1,,0
INV-209497,C1389,Independent,Northeast,Phone,12,617.0,30,13,9,0.061,0,,0
INV-209498,C1177,Regional,West,Sales Rep,7,5589.02,60,85,11,0.213,0,,0
INV-209499,C1401,Regional,Midwest,Phone,1,664.0,30,21,10,0.194,0,,0
INV-209500,C1528,Independent,South,Sales Rep,1,1366.93,30,19,9,0.144,0,,0
INV-209501,C1699,National Account,South,Sales Rep,3,14375.74,30,49,18,0.097,0,,0
INV-209502,C1369,Regional,South,Sales Rep,8,2657.31,30,43,11,0.112,0,,0
INV-209503,C1606,National Account,Midwest,Sales Rep,3,10403.84,60,195,23,0.0,0,,0
INV-209504,C1330,Independent,Midwest,Sales Rep,5,478.5,45,14,6,0.169,0,,0
INV-209505,C1507,National Account,Midwest,Web Portal,9,1705.13,45,37,29,0.201,1,,0
INV-209506,C1386,National Account,Northeast,Sales Rep,4,13374.3,30,111,22,0.018,0,61.0,1
INV-209507,C1021,Independent,West,Web Portal,12,4031.98,30,22,10,0.432,0,,0
INV-209508,C1748,Regional,Midwest,Sales Rep,4,3765.46,30,120,15,0.0,0,,0
INV-209509,C1265,Regional,West,EDI,9,2325.43,30,9,7,0.168,0,,0
INV-209510,C1757,Independent,South,EDI,1,2871.05,60,14,6,0.099,0,,0
INV-209511,C1336,National Account,South,Sales Rep,4,23411.07,60,5,26,0.131,0,,0
INV-209512,C1762,National Account,Northeast,Phone,3,12537.37,30,36,24,0.095,1,,0
INV-209513,C1004,National Account,West,Phone,9,11494.91,60,140,15,0.221,0,,0
INV-209514,C1356,Independent,South,Web Portal,1,383.15,30,10,10,0.008,0,,0
INV-209515,C1035,Regional,South,Sales Rep,11,535.54,60,18,6,0.098,0,,0
INV-209516,C1421,Regional,Northeast,Web Portal,2,6138.04,45,29,14,0.082,0,,0
INV-209517,C1731,Independent,Midwest,Phone,3,1264.21,45,10,10,0.082,0,,0
INV-209518,C1097,National Account,South,Web Portal,3,15633.79,30,32,14,0.0,0,,0
INV-209519,C1441,Regional,Midwest,Phone,4,4592.59,45,38,11,0.098,0,,0
INV-209520,C1469,National Account,South,Sales Rep,9,11643.81,60,100,26,0.028,0,,0
INV-209521,C1509,Independent,South,Phone,5,6505.22,30,20,9,0.077,1,80.0,1
INV-209522,C1612,National Account,Midwest,EDI,11,17441.58,45,56,22,0.0,0,,0
INV-209523,C1636,Regional,Midwest,Phone,6,874.29,30,73,8,0.078,0,,0
INV-209524,C1442,National Account,West,EDI,5,10220.31,60,45,19,0.0,1,,0
INV-209525,C1011,Independent,South,Sales Rep,1,765.74,30,15,8,0.186,1,,0
INV-209526,C1776,Regional,West,Web Portal,6,9333.13,30,13,8,0.123,0,,0
INV-209527,C1393,Regional,Northeast,Phone,12,21709.14,45,29,8,0.112,0,,0
INV-209528,C1545,National Account,Midwest,Web Portal,10,16026.61,60,183,17,0.074,0,,0
INV-209529,C1157,National Account,Midwest,Web Portal,4,16047.24,45,138,18,0.026,0,86.0,1
INV-209530,C1593,Regional,West,Web Portal,1,6786.35,30,128,7,0.161,0,,0
INV-209531,C1584,Regional,South,EDI,8,3936.41,60,27,7,0.291,0,,0
INV-209532,C1795,Independent,West,EDI,4,1853.46,45,3,8,0.059,0,,0
INV-209533,C1541,Independent,West,Sales Rep,8,1029.2,45,23,7,0.083,0,,0
INV-209534,C1678,Independent,Northeast,Sales Rep,4,2279.75,45,31,6,0.29,0,69.0,0
INV-209535,C1818,National Account,West,Web Portal,2,4402.5,60,113,22,0.008,0,,0
INV-209536,C1196,National Account,South,EDI,10,14395.82,60,28,25,0.081,0,,0
INV-209537,C1647,Regional,West,Sales Rep,6,6088.58,30,24,12,0.004,0,,0
INV-209538,C1849,Regional,Northeast,Phone,8,4793.03,30,34,16,0.052,0,,0
INV-209539,C1781,Regional,Midwest,EDI,4,3737.64,30,23,11,0.403,0,,0
INV-209540,C1664,Regional,West,Web Portal,3,2972.73,30,60,9,0.159,0,,0
INV-209541,C1710,National Account,Northeast,Sales Rep,8,11572.34,45,54,26,0.0,0,,0
INV-209542,C1698,National Account,West,Web Portal,9,11159.65,45,49,24,0.0,0,,0
INV-209543,C1602,Independent,Northeast,Phone,10,3443.11,30,32,4,0.358,0,62.0,1
INV-209544,C1311,Independent,West,Phone,2,5747.09,60,11,8,0.163,0,,0
INV-209545,C1023,National Account,Northeast,Web Portal,3,11736.01,45,33,26,0.226,0,,0
INV-209546,C1150,National Account,South,Web Portal,11,3800.0,60,35,19,0.0,0,,0
INV-209547,C1561,Regional,West,Web Portal,3,1013.7,45,148,12,0.053,0,,0
INV-209548,C1349,Regional,Midwest,Web Portal,1,7837.94,30,42,13,0.0,0,,0
INV-209549,C1439,Independent,South,Web Portal,5,1712.81,45,37,9,0.154,0,,0
INV-209550,C1542,Regional,South,EDI,5,4721.35,45,43,11,0.282,0,,0
INV-209551,C1844,Independent,Northeast,Web Portal,5,11883.51,30,31,9,0.063,0,76.0,1
INV-209552,C1231,National Account,Midwest,Sales Rep,5,29090.76,60,35,18,0.1,0,,0
INV-209553,C1833,Independent,Midwest,EDI,10,786.39,30,44,10,0.046,0,,0
INV-209554,C1573,National Account,Northeast,Sales Rep,9,6069.74,30,63,29,0.025,0,,0
INV-209555,C1501,Independent,Northeast,EDI,4,3551.35,30,31,8,0.254,0,,0
INV-209556,C1146,National Account,West,Phone,9,8549.2,60,38,22,0.327,0,,0
INV-209557,C1257,Regional,South,Sales Rep,9,2881.46,45,35,6,0.03,0,,0
INV-209558,C1612,National Account,West,Web Portal,8,32147.36,60,56,18,0.188,0,,0
INV-209559,C1790,National Account,Midwest,Phone,3,7319.39,60,87,19,0.055,0,,0
INV-209560,C1121,National Account,Northeast,Web Portal,12,7826.16,45,46,25,0.105,0,,0
INV-209561,C1002,Regional,Midwest,Phone,11,5706.21,30,56,7,0.021,0,,0
INV-209562,C1184,Regional,Midwest,EDI,7,2735.69,30,31,8,0.133,0,61.0,1
INV-209563,C1603,National Account,South,Sales Rep,11,7792.8,60,122,19,0.09,0,,0
INV-209564,C1323,Independent,South,EDI,9,3386.35,45,24,8,0.216,0,,0
INV-209565,C1739,Independent,South,EDI,2,2923.29,30,28,7,0.11,0,,0
INV-209566,C1421,Regional,Midwest,Sales Rep,7,1439.92,30,29,8,0.0,0,,0
INV-209567,C1244,Independent,West,Phone,2,1413.92,45,18,11,0.133,0,,0
INV-209568,C1023,National Account,West,Sales Rep,9,5066.74,45,33,14,0.051,0,,0
INV-209569,C1494,Independent,Midwest,EDI,9,7251.08,30,29,14,0.234,0,,0
INV-209570,C1729,Regional,South,Sales Rep,12,3227.97,60,9,14,0.053,0,,0
INV-209571,C1109,Independent,West,Phone,3,1877.73,30,23,10,0.252,0,,0
INV-209572,C1319,Regional,West,Web Portal,12,8394.0,30,43,12,0.112,0,,0
INV-209573,C1536,National Account,West,Web Portal,3,38324.49,60,177,28,0.147,0,,0
INV-209574,C1461,Independent,South,Sales Rep,10,6362.6,30,6,13,0.115,0,,0
INV-209575,C1751,National Account,South,Web Portal,6,5041.59,45,60,23,0.0,0,,0
INV-209576,C1005,National Account,West,Sales Rep,11,14209.94,45,34,22,0.0,0,,0
INV-209577,C1625,Regional,Midwest,EDI,6,2926.89,30,70,15,0.061,0,,0
INV-209578,C1492,National Account,Northeast,EDI,3,2383.36,45,102,19,0.388,0,,0
INV-209579,C1475,Independent,Midwest,Web Portal,4,1652.06,30,20,10,0.165,0,,0
INV-209580,C1544,Independent,Northeast,EDI,3,5413.98,30,7,10,0.126,1,,0
INV-209581,C1426,Regional,South,Phone,9,3711.67,45,24,8,0.276,0,,0
INV-209582,C1218,National Account,Northeast,Web Portal,12,19368.1,30,43,24,0.084,0,,0
INV-209583,C1552,National Account,Midwest,Web Portal,11,12204.56,60,18,21,0.557,0,101.0,1
INV-209584,C1327,Regional,West,Web Portal,10,1356.44,30,79,9,0.153,0,,0
INV-209585,C1195,Regional,Northeast,EDI,1,7518.53,45,56,9,0.021,0,,0
INV-209586,C1499,Independent,West,Web Portal,8,1283.43,45,25,18,0.029,0,,0
INV-209587,C1170,National Account,West,Sales Rep,8,13023.47,30,47,29,0.113,0,,0
INV-209588,C1639,Regional,Midwest,Sales Rep,6,3937.44,30,12,8,0.092,0,,0
INV-209589,C1261,Regional,Midwest,EDI,3,3473.63,30,33,9,0.031,0,,0
INV-209590,C1305,Independent,West,Web Portal,2,1434.84,30,36,11,0.143,0,,0
INV-209591,C1584,Regional,Northeast,Sales Rep,7,4122.14,30,27,8,0.096,0,,0
INV-209592,C1148,Regional,Midwest,Sales Rep,7,2879.03,30,18,13,0.183,0,,0
INV-209593,C1524,National Account,West,Web Portal,9,2651.06,60,36,19,0.052,0,,0
INV-209594,C1759,Regional,Midwest,Web Portal,10,2356.85,30,4,11,0.219,0,,0
INV-209595,C1573,National Account,South,Sales Rep,6,1342.3,45,63,26,0.032,0,,0
INV-209596,C1492,National Account,West,Sales Rep,10,4315.25,60,102,33,0.0,0,109.0,1
INV-209597,C1122,Regional,West,Web Portal,6,6697.23,30,18,8,0.097,0,,0
INV-209598,C1827,National Account,West,Web Portal,8,3589.59,60,73,36,0.0,0,,0
INV-209599,C1255,National Account,Northeast,Sales Rep,12,6012.01,60,86,23,0.0,0,,0
INV-209600,C1550,Regional,West,EDI,3,1955.15,30,55,11,0.09,0,,0
INV-209601,C1599,Regional,West,Web Portal,1,7769.79,30,69,10,0.0,0,,0
INV-209602,C1828,Independent,West,Sales Rep,4,4085.55,45,18,12,0.416,0,81.0,1
INV-209603,C1439,Independent,West,Phone,11,2801.24,30,37,12,0.402,0,,0
INV-209604,C1470,Independent,West,Web Portal,4,2309.29,30,40,10,0.167,0,,0
INV-209605,C1664,Regional,Midwest,EDI,1,3793.05,45,60,6,0.121,0,,0
INV-209606,C1572,Regional,West,EDI,4,7662.34,30,15,12,0.169,0,,0
INV-209607,C1628,Independent,Northeast,Sales Rep,3,1194.71,30,35,7,0.297,0,,0
INV-209608,C1097,National Account,Northeast,Phone,6,4619.51,45,32,23,0.0,0,,0
INV-209609,C1417,Regional,Midwest,Phone,7,1465.54,45,4,8,0.053,0,,0
INV-209610,C1794,National Account,West,Sales Rep,11,12321.65,60,50,23,0.113,0,,0
INV-209611,C1785,Regional,Midwest,Sales Rep,3,2658.92,45,32,6,0.082,0,,0
INV-209612,C1107,Independent,Midwest,Phone,6,1052.2,30,18,9,0.0,0,,0
INV-209613,C1728,National Account,Northeast,Sales Rep,4,3661.28,45,121,24,0.126,0,,0
INV-209614,C1052,Independent,Northeast,Sales Rep,6,2439.71,45,15,13,0.2,1,,0
INV-209615,C1091,National Account,South,Phone,2,9758.6,60,111,30,0.311,0,112.0,1
INV-209616,C1001,Regional,South,EDI,12,4499.87,60,30,7,0.137,0,,0
INV-209617,C1074,Regional,Midwest,Sales Rep,9,3090.07,45,26,4,0.26,0,,0
INV-209618,C1389,Independent,Northeast,Phone,5,2860.22,30,13,6,0.0,0,,0
INV-209619,C1353,National Account,South,Web Portal,12,11199.81,60,24,16,0.578,0,105.0,1
INV-209620,C1847,National Account,West,Web Portal,2,25843.82,60,10,15,0.06,0,,0
INV-209621,C1013,Regional,West,EDI,11,4669.8,30,43,16,0.2,0,,0
INV-209622,C1035,Regional,Northeast,Phone,6,2302.85,30,18,20,0.245,0,74.0,1
INV-209623,C1006,Regional,South,EDI,2,9021.17,45,23,5,0.0,0,,0
INV-209624,C1565,National Account,South,Phone,1,10986.75,30,28,18,0.058,0,,0
INV-209625,C1435,Regional,Northeast,Phone,4,1369.07,60,15,11,0.102,0,,0
INV-209626,C1620,Regional,West,Phone,6,8808.56,45,30,13,0.066,0,,0
INV-209627,C1390,Independent,Northeast,Phone,10,2339.81,30,18,8,0.424,0,79.0,1
INV-209628,C1440,Regional,Northeast,Phone,2,9104.01,30,67,8,0.143,0,,0
INV-209629,C1497,National Account,Midwest,Web Portal,1,11927.91,45,137,19,0.04,0,,0
INV-209630,C1524,National Account,South,Web Portal,6,5271.08,30,36,28,0.009,0,,0
INV-209631,C1610,Regional,Midwest,Phone,9,16694.13,60,22,13,0.073,0,,0
INV-209632,C1261,Regional,Northeast,Sales Rep,3,8924.74,30,33,11,0.034,0,,0
INV-209633,C1670,Regional,Northeast,Sales Rep,1,1071.97,45,89,16,0.126,0,,0
INV-209634,C1776,Regional,Midwest,EDI,7,4301.36,45,13,9,0.116,0,,0
INV-209635,C1121,National Account,South,Sales Rep,3,12203.61,45,46,28,0.151,0,,0
INV-209636,C1444,Independent,Midwest,Phone,4,2042.14,30,57,11,0.211,0,,0
INV-209637,C1240,Regional,Midwest,EDI,1,1526.97,60,64,16,0.095,0,,0
INV-209638,C1141,Regional,West,Web Portal,6,6867.33,45,18,10,0.094,0,,0
INV-209639,C1035,Regional,Midwest,Sales Rep,10,13960.52,30,18,13,0.036,0,,0
INV-209640,C1551,Regional,South,EDI,12,8312.38,45,97,7,0.201,0,,0
INV-209641,C1309,Independent,South,Web Portal,4,5730.18,30,6,15,0.177,0,,0
INV-209642,C1133,Independent,West,Web Portal,11,936.33,30,22,6,0.396,0,,0
INV-209643,C1501,Independent,Midwest,EDI,1,1427.64,45,31,8,0.072,0,,0
INV-209644,C1479,Regional,Northeast,Sales Rep,1,10754.56,45,72,14,0.091,0,,0
INV-209645,C1578,Independent,South,EDI,11,4194.4,30,24,9,0.103,0,,0
INV-209646,C1610,Regional,South,Web Portal,3,675.38,45,22,7,0.0,0,,0
INV-209647,C1283,Regional,Northeast,Sales Rep,2,2306.25,60,5,8,0.045,0,,0
INV-209648,C1589,Independent,Midwest,EDI,6,1326.26,30,16,6,0.241,0,,0
INV-209649,C1226,Regional,Northeast,Web Portal,12,3679.13,45,108,11,0.076,0,,0
INV-209650,C1735,Independent,South,Phone,3,2575.1,45,11,8,0.107,0,,0
INV-209651,C1301,National Account,Midwest,EDI,4,64796.16,30,199,26,0.0,0,,0
INV-209652,C1353,National Account,Midwest,EDI,6,1308.97,30,24,20,0.068,0,,1
INV-209653,C1087,Independent,Northeast,Phone,12,2244.06,30,13,10,0.195,0,,0
INV-209654,C1119,Regional,Northeast,Web Portal,10,3542.86,45,28,10,0.058,0,,0
INV-209655,C1238,National Account,Northeast,EDI,12,3558.89,60,201,22,0.014,0,,0
INV-209656,C1474,Regional,Midwest,Sales Rep,5,2823.61,30,25,11,0.098,0,,0
INV-209657,C1308,Regional,West,Web Portal,1,1601.11,60,18,11,0.012,0,,0
INV-209658,C1512,Regional,South,EDI,1,8686.82,30,47,10,0.19,0,,0
INV-209659,C1540,National Account,Northeast,EDI,12,4884.76,60,73,21,0.279,0,,0
INV-209660,C1525,Regional,West,Sales Rep,6,3767.56,30,56,9,0.329,0,,0
INV-209661,C1174,Independent,South,Web Portal,11,2721.76,30,19,5,0.012,0,,0
INV-209662,C1538,Regional,South,EDI,11,4254.16,30,76,9,0.244,0,,0
INV-209663,C1045,National Account,West,EDI,5,15317.9,45,120,24,0.0,0,,0
INV-209664,C1762,National Account,Northeast,Phone,2,4574.58,30,36,33,0.063,0,,0
INV-209665,C1186,National Account,Northeast,Phone,10,7361.66,30,69,19,0.076,0,,0
INV-209666,C1790,National Account,Midwest,Sales Rep,3,10692.35,30,87,24,0.136,0,,0
INV-209667,C1401,Regional,South,Web Portal,9,3594.04,45,21,12,0.08,0,,0
INV-209668,C1022,Independent,Midwest,Sales Rep,3,680.48,30,6,10,0.079,0,,0
INV-209669,C1312,National Account,Midwest,Web Portal,8,14518.61,45,104,26,0.0,0,,0
INV-209670,C1409,Regional,Northeast,Web Portal,2,5209.51,30,10,13,0.148,0,,0
INV-209671,C1273,Regional,Midwest,Web Portal,8,11862.49,60,21,13,0.126,0,,0
INV-209672,C1739,Independent,South,EDI,9,1018.48,30,28,14,0.181,0,,0
INV-209673,C1849,Regional,South,EDI,12,8716.97,30,34,7,0.086,0,,0
INV-209674,C1274,National Account,Northeast,Web Portal,4,11770.13,45,33,23,0.231,1,96.0,1
INV-209675,C1325,Regional,South,EDI,12,6713.66,45,59,12,0.124,0,,0
INV-209676,C1022,Independent,Northeast,Web Portal,7,1164.82,45,6,8,0.258,0,,0
INV-209677,C1383,Independent,South,EDI,5,4039.12,30,15,8,0.155,0,,0
INV-209678,C1489,National Account,West,Sales Rep,5,9289.08,60,13,19,0.333,0,,0
INV-209679,C1153,Regional,West,Sales Rep,12,2137.15,30,80,13,0.206,0,,0
INV-209680,C1227,Regional,West,Web Portal,1,1499.06,30,34,11,0.037,0,,0
INV-209681,C1670,Regional,South,EDI,8,720.69,30,89,8,0.145,0,,0
INV-209682,C1041,Regional,Northeast,EDI,4,9840.72,30,20,12,0.082,0,,0
INV-209683,C1069,National Account,Midwest,Sales Rep,4,13387.24,60,16,20,0.19,0,,0
INV-209684,C1661,National Account,Northeast,EDI,10,6065.41,45,170,29,0.172,0,,0
INV-209685,C1597,Independent,South,Web Portal,1,4726.43,30,17,8,0.496,0,49.0,1
INV-209686,C1534,Regional,Northeast,Sales Rep,9,8782.09,30,38,9,0.262,1,,0
INV-209687,C1135,Regional,Midwest,Sales Rep,12,6454.75,45,86,11,0.178,0,,0
INV-209688,C1012,Independent,South,Sales Rep,3,2727.51,30,7,9,0.067,0,,0
INV-209689,C1630,Independent,South,Web Portal,9,1238.91,45,5,9,0.18,0,,0
INV-209690,C1538,Regional,South,Phone,11,1916.29,30,76,11,0.292,1,,0
INV-209691,C1839,Independent,South,Sales Rep,11,555.64,30,25,7,0.0,0,,0
INV-209692,C1515,Regional,Midwest,EDI,7,2955.26,60,55,9,0.405,0,,0
INV-209693,C1423,Regional,South,Web Portal,4,2138.1,30,54,16,0.146,0,,0
INV-209694,C1073,Regional,Midwest,Sales Rep,12,1384.02,45,13,9,0.032,0,,0
INV-209695,C1235,Regional,South,Web Portal,2,1799.76,45,31,5,0.035,0,,0
INV-209696,C1222,Regional,West,Phone,10,22978.02,45,42,5,0.124,0,,0
INV-209697,C1664,Regional,West,Sales Rep,1,7000.03,30,60,11,0.069,0,,0
INV-209698,C1794,National Account,Northeast,Sales Rep,3,3292.11,45,50,25,0.078,0,,0
INV-209699,C1045,National Account,South,Sales Rep,2,57945.0,30,120,18,0.0,0,,0
INV-209700,C1488,Regional,South,Sales Rep,2,2309.77,45,79,13,0.148,0,93.0,1
INV-209701,C1062,Regional,South,Sales Rep,9,2429.68,30,43,14,0.172,0,,0
INV-209702,C1752,Regional,Midwest,Sales Rep,5,4075.76,45,22,9,0.173,0,,0
INV-209703,C1794,National Account,Midwest,Web Portal,7,9341.9,60,50,20,0.0,1,,0
INV-209704,C1231,National Account,Midwest,Phone,9,10395.39,30,35,18,0.077,0,,0
INV-209705,C1768,National Account,South,Sales Rep,7,4939.39,45,109,21,0.077,0,,0
INV-209706,C1592,Independent,Northeast,Sales Rep,1,697.55,30,29,7,0.071,0,,0
INV-209707,C1391,Independent,Midwest,Web Portal,7,3249.22,30,25,8,0.244,0,,0
INV-209708,C1403,Independent,West,Sales Rep,3,2377.48,45,52,6,0.183,0,,0
INV-209709,C1595,Regional,South,EDI,2,7125.13,45,17,14,0.168,0,,0
INV-209710,C1238,National Account,Northeast,Sales Rep,6,12345.14,60,201,21,0.109,0,,0
INV-209711,C1562,Independent,South,EDI,5,1276.34,30,37,9,0.207,0,,0
INV-209712,C1727,Regional,Northeast,EDI,11,681.19,30,37,13,0.153,0,,0
INV-209713,C1242,Regional,Northeast,Sales Rep,8,17017.52,45,33,10,0.106,0,,0
INV-209714,C1334,National Account,South,EDI,1,5069.3,60,103,24,0.108,0,,0
INV-209715,C1042,Regional,South,Phone,2,1399.87,60,21,8,0.0,0,,0
INV-209716,C1681,Regional,West,Phone,3,5486.57,45,43,7,0.172,0,,0
INV-209717,C1507,National Account,South,EDI,7,7145.27,30,37,28,0.021,0,,0
INV-209718,C1535,National Account,Midwest,Sales Rep,6,9187.16,60,55,27,0.0,0,,0
INV-209719,C1847,National Account,Midwest,Web Portal,8,13296.42,60,10,25,0.151,0,,0
INV-209720,C1827,National Account,West,Sales Rep,3,5828.99,30,73,29,0.0,0,,0
INV-209721,C1690,Independent,Midwest,Sales Rep,5,1184.52,30,14,7,0.272,0,,0
INV-209722,C1254,Independent,West,Web Portal,11,4760.25,30,19,12,0.157,1,,0
INV-209723,C1403,Independent,Northeast,Sales Rep,8,263.46,45,52,10,0.191,0,,0
INV-209724,C1117,Regional,Midwest,Web Portal,6,4751.94,45,19,7,0.086,0,,0
INV-209725,C1819,Regional,Midwest,EDI,11,3027.5,30,69,12,0.273,0,,0
INV-209726,C1586,Independent,South,Web Portal,6,5642.77,45,7,6,0.194,0,,0
INV-209727,C1778,Regional,West,EDI,10,3210.46,30,54,11,0.3,0,,0
INV-209728,C1050,Independent,West,Sales Rep,12,1356.56,30,10,13,0.215,0,,0
INV-209729,C1084,National Account,West,Web Portal,8,3548.55,60,258,27,0.0,0,,0
INV-209730,C1427,National Account,Northeast,Phone,11,35264.67,30,71,20,0.15,0,,0
INV-209731,C1668,Independent,South,Phone,5,5070.89,30,30,6,0.053,0,,0
INV-209732,C1076,Independent,Northeast,Sales Rep,9,558.32,45,39,9,0.385,0,,0
INV-209733,C1536,National Account,Midwest,Web Portal,7,5857.42,30,177,17,0.2,0,,0
INV-209734,C1739,Independent,West,Sales Rep,5,1986.67,60,28,6,0.122,0,,0
INV-209735,C1794,National Account,Midwest,Web Portal,9,36642.8,60,50,23,0.028,0,,0
INV-209736,C1167,Regional,South,Web Portal,11,2706.2,60,29,11,0.0,0,,0
INV-209737,C1197,Independent,South,Sales Rep,8,2360.6,30,10,4,0.158,0,,0
INV-209738,C1506,Independent,Midwest,Phone,8,1903.64,30,4,6,0.13,0,,0
INV-209739,C1108,Independent,South,Web Portal,9,524.35,45,65,10,0.166,0,,0
INV-209740,C1599,Regional,West,Phone,8,2435.46,45,69,7,0.116,0,,0
INV-209741,C1178,National Account,West,EDI,8,17187.94,60,58,16,0.153,0,,0
INV-209742,C1535,National Account,South,Web Portal,10,4908.38,60,55,20,0.02,0,,0
INV-209743,C1537,Independent,Midwest,Phone,4,3143.66,30,11,6,0.211,0,52.0,0
INV-209744,C1742,Regional,Midwest,Sales Rep,10,25083.82,30,19,8,0.0,0,,0
INV-209745,C1612,National Account,Northeast,EDI,2,31236.22,45,56,25,0.0,0,,0
INV-209746,C1609,Independent,Midwest,Sales Rep,6,1132.85,30,8,9,0.0,0,,0
INV-209747,C1063,Independent,Northeast,Web Portal,9,1049.74,30,28,4,0.345,0,,0
INV-209748,C1205,Independent,South,Sales Rep,7,921.95,45,26,8,0.037,0,,0
INV-209749,C1100,Regional,Midwest,Sales Rep,8,1574.15,45,31,13,0.0,0,,0
INV-209750,C1328,National Account,West,Sales Rep,7,4078.85,45,81,16,0.015,0,,0
INV-209751,C1266,Regional,South,Sales Rep,3,5402.46,60,22,11,0.288,0,,0
INV-209752,C1386,National Account,Northeast,Sales Rep,5,7832.47,30,111,18,0.102,0,,0
INV-209753,C1497,National Account,Midwest,Web Portal,11,1845.66,60,137,15,0.087,0,,0
INV-209754,C1354,Independent,Northeast,Sales Rep,6,947.93,30,44,17,0.071,0,,0
INV-209755,C1775,Regional,Midwest,Sales Rep,6,2627.48,45,10,5,0.158,0,,0
INV-209756,C1610,Regional,Midwest,Phone,6,1086.02,30,22,8,0.01,0,,0
INV-209757,C1555,Regional,Northeast,Phone,3,2143.08,60,41,8,0.024,0,,0
INV-209758,C1669,Independent,Midwest,Phone,8,1545.7,30,4,9,0.179,0,,0
INV-209759,C1155,Regional,West,Sales Rep,9,2807.37,60,98,10,0.18,0,,0
INV-209760,C1157,National Account,Midwest,Sales Rep,3,23192.91,60,138,17,0.081,0,,0
INV-209761,C1069,National Account,Midwest,EDI,2,20523.74,30,16,19,0.004,0,73.0,1
INV-209762,C1808,Independent,South,EDI,9,1111.86,30,24,8,0.0,0,,0
INV-209763,C1375,National Account,Midwest,Sales Rep,1,6226.79,45,39,25,0.0,0,,0
INV-209764,C1021,Independent,Northeast,Phone,9,6093.18,30,22,12,0.109,0,,0
INV-209765,C1634,Regional,Midwest,EDI,8,1876.13,30,93,10,0.033,0,,0
INV-209766,C1592,Independent,Midwest,Web Portal,11,2163.77,30,29,5,0.333,0,81.0,1
INV-209767,C1238,National Account,Midwest,EDI,2,9997.39,60,201,32,0.198,0,,0
INV-209768,C1809,Regional,West,Sales Rep,2,4167.82,30,62,8,0.198,0,,0
INV-209769,C1469,National Account,Midwest,Web Portal,3,17359.65,45,100,22,0.259,0,,0
INV-209770,C1026,National Account,Midwest,Phone,11,11732.08,45,48,19,0.287,0,,0
INV-209771,C1814,Regional,Northeast,Web Portal,4,2953.48,30,7,13,0.305,1,,0
INV-209772,C1705,Independent,Northeast,EDI,4,3390.38,30,10,11,0.154,0,,0
INV-209773,C1386,National Account,South,Sales Rep,2,18716.85,60,111,19,0.035,0,,0
INV-209774,C1807,National Account,West,Sales Rep,9,4962.39,45,170,20,0.178,0,,0
INV-209775,C1568,National Account,South,Sales Rep,7,4574.36,45,79,22,0.234,0,,0
INV-209776,C1827,National Account,Midwest,Web Portal,4,3392.41,60,73,21,0.0,0,,0
INV-209777,C1234,Independent,Midwest,Sales Rep,4,1548.08,30,10,14,0.563,0,,0
INV-209778,C1273,Regional,Midwest,Web Portal,8,2229.63,45,21,10,0.007,0,,0
INV-209779,C1770,Regional,South,EDI,9,3235.63,45,13,11,0.01,0,,0
INV-209780,C1107,Independent,South,Web Portal,10,949.66,30,18,18,0.106,0,,0
INV-209781,C1540,National Account,West,Web Portal,9,4440.91,30,73,26,0.035,0,,0
INV-209782,C1827,National Account,South,Web Portal,6,14666.53,45,73,22,0.0,0,,0
INV-209783,C1790,National Account,Midwest,Sales Rep,1,8807.77,45,87,30,0.007,0,,0
INV-209784,C1710,National Account,South,Sales Rep,5,18399.68,45,54,22,0.0,0,,0
INV-209785,C1849,Regional,Midwest,Sales Rep,12,2926.79,30,34,12,0.157,0,,0
INV-209786,C1463,National Account,Midwest,Phone,12,2778.85,45,90,19,0.109,0,,0
INV-209787,C1389,Independent,Northeast,EDI,5,3977.34,45,13,13,0.138,0,,0
INV-209788,C1253,Regional,Midwest,Sales Rep,3,2338.24,60,48,14,0.216,0,,0
INV-209789,C1085,Independent,West,Phone,11,2668.52,30,6,10,0.001,0,,0
INV-209790,C1050,Independent,South,Sales Rep,3,11225.96,30,10,10,0.217,0,,0
INV-209791,C1005,National Account,Northeast,Web Portal,6,14040.42,30,34,22,0.0,0,,0
INV-209792,C1402,National Account,Northeast,EDI,2,6122.95,45,66,22,0.137,0,,0
INV-209793,C1367,Independent,West,Sales Rep,4,5325.71,30,9,10,0.059,0,,0
INV-209794,C1025,Regional,West,Web Portal,11,6863.34,30,14,7,0.208,0,52.0,1
INV-209795,C1239,Regional,Northeast,Web Portal,3,6373.55,30,63,13,0.299,0,,0
INV-209796,C1145,National Account,Midwest,Web Portal,2,6645.51,30,5,23,0.12,0,,0
INV-209797,C1559,National Account,South,EDI,10,11768.6,60,11,19,0.151,0,,0
INV-209798,C1564,National Account,Midwest,EDI,6,17245.81,45,113,24,0.193,0,84.0,0
INV-209799,C1104,Independent,South,EDI,11,1379.02,30,19,12,0.153,0,,0
INV-209800,C1261,Regional,Northeast,EDI,10,2757.86,30,33,8,0.07,0,,0
INV-209801,C1535,National Account,Northeast,EDI,3,2951.06,60,55,27,0.056,1,,0
INV-209802,C1689,National Account,Midwest,Web Portal,2,6495.6,30,41,18,0.015,0,,0
INV-209803,C1411,National Account,Northeast,Sales Rep,10,5556.33,30,70,29,0.0,0,,0
INV-209804,C1254,Independent,Midwest,EDI,7,1760.18,30,19,10,0.165,0,,0
INV-209805,C1020,Independent,Northeast,EDI,5,2229.85,30,2,9,0.06,0,,0
INV-209806,C1461,Independent,Midwest,Sales Rep,10,3883.93,30,6,14,0.196,0,,0
INV-209807,C1509,Independent,West,Web Portal,10,2744.09,45,20,7,0.081,0,70.0,0
INV-209808,C1475,Independent,South,Web Portal,1,5021.86,30,20,10,0.157,0,,0
INV-209809,C1167,Regional,South,Phone,3,4622.53,45,29,9,0.0,0,,0
INV-209810,C1251,Independent,West,Phone,5,603.1,30,30,6,0.117,0,,0
INV-209811,C1559,National Account,Midwest,Phone,11,42514.97,30,11,19,0.09,0,,0
INV-209812,C1045,National Account,Midwest,EDI,4,9234.13,30,120,16,0.0,0,,0
INV-209813,C1005,National Account,South,Sales Rep,5,53418.85,30,34,21,0.06,0,,0
INV-209814,C1672,Regional,South,EDI,5,5095.76,60,30,8,0.0,0,,0
INV-209815,C1535,National Account,Northeast,Web Portal,12,13357.67,60,55,18,0.094,0,,0
INV-209816,C1602,Independent,Northeast,Web Portal,11,330.75,45,32,11,0.308,0,,0
INV-209817,C1375,National Account,South,Web Portal,1,12395.72,60,39,25,0.099,0,,0
INV-209818,C1342,Regional,West,Sales Rep,3,3647.36,30,37,5,0.275,0,,0
INV-209819,C1329,Independent,South,EDI,2,654.73,30,8,9,0.004,0,,0
INV-209820,C1553,Independent,Midwest,Web Portal,9,2151.88,30,84,12,0.176,0,,0
INV-209821,C1040,National Account,West,Phone,1,9903.15,30,82,20,0.068,0,,0
INV-209822,C1734,Independent,South,Web Portal,1,3874.94,45,95,8,0.048,1,99.0,1
INV-209823,C1257,Regional,South,Phone,7,2184.88,45,35,7,0.022,0,,0
INV-209824,C1594,National Account,South,Sales Rep,1,3811.16,60,75,29,0.0,0,,0
INV-209825,C1574,Independent,Northeast,Web Portal,7,277.8,45,76,13,0.261,0,,0
INV-209826,C1280,Independent,South,Sales Rep,1,1431.0,30,10,7,0.123,0,,0
INV-209827,C1448,Independent,South,Sales Rep,5,5984.23,30,4,4,0.07,0,,0
INV-209828,C1177,Regional,South,EDI,6,3808.01,30,85,14,0.217,0,,0
INV-209829,C1797,Regional,Northeast,EDI,3,7531.62,45,60,5,0.322,0,,0
INV-209830,C1446,National Account,Midwest,Web Portal,6,12331.0,60,78,23,0.133,0,,0
INV-209831,C1654,Independent,South,Sales Rep,12,1045.77,45,11,6,0.089,0,,0
INV-209832,C1749,Independent,Northeast,Phone,2,11883.78,45,28,4,0.0,0,,0
INV-209833,C1464,Independent,Northeast,Web Portal,6,9415.81,30,11,17,0.221,0,,0
INV-209834,C1448,Independent,Northeast,Phone,8,1952.15,30,4,8,0.174,0,,0
INV-209835,C1072,Regional,Northeast,Web Portal,11,6186.93,60,23,11,0.273,0,,0
INV-209836,C1178,National Account,Midwest,Sales Rep,3,38795.72,45,58,20,0.082,0,,0
INV-209837,C1006,Regional,Northeast,EDI,2,4266.57,45,23,6,0.0,0,,0
INV-209838,C1545,National Account,Midwest,Sales Rep,9,16225.79,45,183,22,0.007,0,,0
INV-209839,C1783,Regional,South,EDI,6,8004.77,30,26,10,0.434,0,,0
INV-209840,C1253,Regional,West,Phone,4,5011.68,30,48,3,0.173,0,,0
INV-209841,C1524,National Account,West,Phone,3,4172.69,45,36,29,0.048,0,,0
INV-209842,C1231,National Account,South,EDI,5,35475.02,45,35,22,0.01,0,,0
INV-209843,C1787,National Account,South,Sales Rep,9,6849.27,45,103,22,0.039,0,,0
INV-209844,C1773,Independent,South,Web Portal,10,5353.64,30,18,9,0.428,0,,0
INV-209845,C1502,Independent,Midwest,Phone,7,767.92,30,35,11,0.111,0,,0
INV-209846,C1320,Independent,West,EDI,3,604.41,30,30,6,0.031,0,,0
INV-209847,C1012,Independent,South,Phone,8,1149.13,30,7,8,0.022,0,,0
INV-209848,C1460,Independent,South,Phone,11,3140.07,45,19,20,0.091,0,,0
INV-209849,C1834,Regional,Midwest,EDI,9,8597.57,45,101,9,0.047,0,,0
INV-209850,C1631,Regional,South,Web Portal,7,6283.6,60,8,6,0.387,0,104.0,1
INV-209851,C1144,Regional,Midwest,Phone,7,1578.71,45,31,13,0.086,0,,0
INV-209852,C1510,Regional,South,Web Portal,5,2493.88,30,32,9,0.063,1,,0
INV-209853,C1105,Independent,Midwest,Web Portal,7,4177.94,30,7,10,0.118,0,,0
INV-209854,C1848,Independent,Northeast,Sales Rep,1,652.32,30,26,6,0.173,0,,0
INV-209855,C1675,National Account,West,EDI,5,7105.37,60,120,18,0.07,0,,0
INV-209856,C1129,Independent,Midwest,EDI,4,3366.49,30,20,11,0.016,0,,0
INV-209857,C1226,Regional,Midwest,EDI,5,3716.69,45,108,10,0.0,0,,0
INV-209858,C1790,National Account,Midwest,Web Portal,6,10857.99,60,87,27,0.079,0,,0
INV-209859,C1547,Regional,Midwest,Sales Rep,12,10214.84,45,9,12,0.18,0,,0
INV-209860,C1747,Regional,South,Sales Rep,11,435.91,45,49,9,0.032,0,,0
INV-209861,C1312,National Account,South,EDI,4,10427.96,60,104,22,0.148,0,,0
INV-209862,C1106,National Account,South,Sales Rep,6,14444.37,60,46,16,0.12,0,,0
INV-209863,C1469,National Account,Midwest,Sales Rep,5,19269.35,60,100,17,0.0,0,,0
INV-209864,C1070,Independent,West,Web Portal,3,2726.32,30,13,16,0.133,0,,0
INV-209865,C1037,Regional,South,Sales Rep,7,15453.29,45,75,13,0.086,0,,0
INV-209866,C1557,Regional,South,Web Portal,11,11665.62,30,14,12,0.055,0,,0
INV-209867,C1152,Independent,South,EDI,6,1293.21,45,9,17,0.214,0,,0
INV-209868,C1410,Independent,South,EDI,10,1994.74,30,13,12,0.017,0,,0
INV-209869,C1070,Independent,West,Phone,2,2345.84,30,13,8,0.153,1,,1
INV-209870,C1758,Regional,West,Phone,12,662.8,60,30,11,0.094,0,,0
INV-209871,C1750,National Account,West,Web Portal,5,4482.22,45,108,22,0.0,0,,0
INV-209872,C1405,Independent,South,Web Portal,12,3865.42,45,14,14,0.194,0,,0
INV-209873,C1062,Regional,South,Sales Rep,3,3508.34,60,43,10,0.121,0,,0
INV-209874,C1802,Regional,Northeast,Web Portal,8,1308.41,45,102,14,0.099,0,,0
INV-209875,C1259,National Account,West,Web Portal,4,5204.89,45,71,27,0.011,0,,0
INV-209876,C1486,Independent,Midwest,Web Portal,3,2893.12,30,14,12,0.037,0,,0
INV-209877,C1770,Regional,West,Web Portal,8,1279.45,45,13,8,0.107,0,,0
INV-209878,C1836,Regional,Midwest,Phone,6,8054.8,30,10,10,0.136,0,,0
INV-209879,C1438,Independent,South,Web Portal,2,1134.45,30,22,9,0.088,0,,0
INV-209880,C1847,National Account,South,Sales Rep,2,32484.79,30,10,24,0.029,1,,0
INV-209881,C1189,National Account,South,Sales Rep,8,2335.1,45,90,20,0.045,0,,0
INV-209882,C1434,Regional,Northeast,Phone,12,2594.31,45,114,8,0.018,0,,0
INV-209883,C1186,National Account,Midwest,Phone,3,6970.06,60,69,23,0.086,0,,0
INV-209884,C1095,Independent,Northeast,EDI,7,4444.55,30,15,9,0.053,0,,0
INV-209885,C1438,Independent,Midwest,EDI,10,1673.17,30,22,9,0.126,0,,0
INV-209886,C1312,National Account,West,Web Portal,1,8377.31,45,104,27,0.062,0,,0
INV-209887,C1666,Regional,Midwest,Web Portal,4,1715.91,45,103,15,0.278,1,,0
INV-209888,C1036,Independent,South,EDI,3,3310.96,30,28,9,0.079,0,,0
INV-209889,C1386,National Account,Midwest,Web Portal,5,3254.81,30,111,20,0.0,0,,0
INV-209890,C1531,Regional,Northeast,Sales Rep,4,1203.42,45,22,9,0.053,0,,0
INV-209891,C1137,Regional,South,Web Portal,2,484.5,45,51,8,0.056,0,,0
INV-209892,C1397,National Account,South,Sales Rep,5,5371.49,60,54,23,0.0,0,,0
INV-209893,C1237,National Account,West,Sales Rep,11,1505.21,45,55,19,0.122,0,,0
INV-209894,C1407,Regional,Northeast,Phone,8,4678.82,45,25,8,0.013,0,,0
INV-209895,C1115,National Account,Midwest,EDI,6,6090.82,45,48,19,0.286,0,,0
INV-209896,C1603,National Account,West,EDI,9,1751.94,60,122,30,0.018,0,,0
INV-209897,C1682,Independent,Midwest,Phone,11,3148.49,45,13,11,0.031,0,,0
INV-209898,C1166,Regional,West,Web Portal,11,1112.01,45,20,12,0.146,0,,0
INV-209899,C1038,National Account,Midwest,EDI,6,10379.87,45,81,15,0.03,0,,0
INV-209900,C1480,Independent,Midwest,Phone,8,7726.89,45,16,6,0.147,0,,0
INV-209901,C1387,Regional,South,Web Portal,5,2739.35,60,55,10,0.037,0,,0
INV-209902,C1030,Regional,South,Sales Rep,9,1705.49,30,15,13,0.153,0,,0
INV-209903,C1173,Independent,Midwest,EDI,10,825.65,30,15,8,0.08,1,,0
INV-209904,C1334,National Account,Midwest,Web Portal,9,7073.04,45,103,24,0.031,0,,0
INV-209905,C1592,Independent,Northeast,EDI,8,1209.72,30,29,11,0.02,0,,0
INV-209906,C1808,Independent,Midwest,Web Portal,9,5120.01,30,24,10,0.23,0,,0
INV-209907,C1641,Regional,South,Sales Rep,6,4413.29,45,35,8,0.089,0,,0
INV-209908,C1162,Independent,West,Phone,4,1356.4,30,5,4,0.189,0,,0
INV-209909,C1230,Independent,West,EDI,9,2925.77,45,13,8,0.113,0,,0
INV-209910,C1170,National Account,West,Phone,9,9608.28,30,47,18,0.008,0,,0
INV-209911,C1021,Independent,Northeast,Phone,2,1659.54,30,22,13,0.273,0,73.0,1
INV-209912,C1839,Independent,Midwest,Phone,2,1017.44,30,25,13,0.162,0,,0
INV-209913,C1838,Regional,Midwest,Web Portal,11,32078.8,30,14,8,0.183,0,,0
INV-209914,C1081,Independent,Midwest,Web Portal,6,4321.96,30,12,10,0.198,0,57.0,1
INV-209915,C1456,Regional,West,Sales Rep,8,2235.84,30,11,10,0.171,1,63.0,1
INV-209916,C1179,Regional,South,EDI,10,9694.57,45,25,8,0.309,0,,0
INV-209917,C1016,Independent,Northeast,Sales Rep,4,3034.86,30,15,10,0.146,0,55.0,1
INV-209918,C1411,National Account,South,Sales Rep,6,6470.29,60,70,29,0.0,1,,0
INV-209919,C1256,National Account,South,Sales Rep,10,7854.45,45,9,18,0.037,0,,0
INV-209920,C1475,Independent,Northeast,EDI,8,4961.08,30,20,10,0.295,0,,0
INV-209921,C1280,Independent,Midwest,Sales Rep,7,1272.2,60,10,6,0.199,0,,0
INV-209922,C1734,Independent,South,Phone,6,648.63,45,95,13,0.062,0,80.0,0
INV-209923,C1605,Regional,South,Phone,8,2176.67,60,43,12,0.134,1,,0
INV-209924,C1411,National Account,Midwest,Web Portal,6,28641.41,60,70,21,0.0,0,96.0,1
INV-209925,C1671,National Account,Northeast,EDI,9,17723.4,45,231,19,0.0,0,,0
INV-209926,C1103,National Account,Northeast,Web Portal,11,6575.97,30,80,24,0.0,0,,0
INV-209927,C1503,Regional,South,Sales Rep,10,3802.91,45,42,13,0.099,0,,0
INV-209928,C1728,National Account,Midwest,Sales Rep,10,5092.1,60,121,27,0.069,0,,0
INV-209929,C1237,National Account,Midwest,Web Portal,4,13153.36,60,55,17,0.301,0,,0
INV-209930,C1377,Regional,Midwest,Phone,5,2178.75,45,22,13,0.0,0,,0
INV-209931,C1459,Regional,West,Web Portal,4,4732.85,45,24,9,0.172,0,,0
INV-209932,C1107,Independent,Northeast,EDI,4,8403.24,30,18,10,0.188,0,,0
INV-209933,C1559,National Account,Northeast,EDI,3,8545.51,30,11,18,0.075,0,74.0,0
INV-209934,C1754,Regional,Midwest,Sales Rep,12,6698.57,45,30,3,0.343,0,,0
INV-209935,C1308,Regional,Northeast,Web Portal,7,3263.43,30,18,14,0.11,0,,0
INV-209936,C1050,Independent,South,Sales Rep,3,2389.17,45,10,9,0.189,0,86.0,1
INV-209937,C1474,Regional,South,EDI,1,2246.1,60,25,11,0.223,0,,0
INV-209938,C1694,National Account,Midwest,Web Portal,9,18882.72,45,85,27,0.0,0,,0
INV-209939,C1113,Regional,Midwest,Phone,7,8279.77,45,26,10,0.146,0,,0
INV-209940,C1297,National Account,Midwest,EDI,4,17241.19,45,77,22,0.136,0,,0
INV-209941,C1140,Independent,South,Phone,3,1451.82,60,3,7,0.029,0,,0
INV-209942,C1055,Regional,Northeast,EDI,4,2698.0,30,42,9,0.294,0,,0
INV-209943,C1021,Independent,South,Web Portal,5,1389.55,45,22,5,0.15,0,,0
INV-209944,C1045,National Account,Midwest,EDI,9,8469.57,60,120,23,0.018,0,,0
INV-209945,C1678,Independent,West,Web Portal,7,7626.81,30,31,9,0.162,0,,0
INV-209946,C1803,National Account,West,EDI,4,7302.84,60,32,20,0.0,0,,0
INV-209947,C1048,Regional,South,Sales Rep,4,13534.03,45,61,8,0.199,0,,0
INV-209948,C1580,Regional,Midwest,Sales Rep,1,1661.8,45,20,8,0.053,1,,0
INV-209949,C1070,Independent,West,EDI,7,3599.04,30,13,12,0.318,1,,0
INV-209950,C1730,Regional,Midwest,Sales Rep,4,2307.27,30,26,10,0.137,0,,0
INV-209951,C1175,Regional,West,EDI,5,3557.44,45,50,14,0.0,0,,0
INV-209952,C1005,National Account,South,EDI,7,8084.93,45,34,21,0.06,0,,0
INV-209953,C1338,Independent,Midwest,Sales Rep,6,2268.73,30,30,12,0.317,0,72.0,1
INV-209954,C1667,Regional,South,EDI,12,7549.71,45,37,12,0.289,0,,0
INV-209955,C1675,National Account,Northeast,Phone,7,11749.18,45,120,31,0.249,0,,0
INV-209956,C1603,National Account,Midwest,Phone,2,2197.29,30,122,17,0.069,0,,0
INV-209957,C1115,National Account,Midwest,Web Portal,7,33277.36,45,48,24,0.0,0,,0
INV-209958,C1170,National Account,Midwest,Web Portal,9,5685.47,45,47,23,0.073,0,,0
INV-209959,C1517,Regional,Northeast,EDI,10,4800.07,60,38,12,0.02,0,,0
INV-209960,C1777,Regional,South,Web Portal,2,6947.08,45,49,5,0.13,0,,0
INV-209961,C1849,Regional,West,Sales Rep,10,1217.73,45,34,18,0.109,0,,0
INV-209962,C1699,National Account,South,Sales Rep,4,5622.53,60,49,21,0.059,0,,0
INV-209963,C1079,Regional,Midwest,Sales Rep,2,1016.92,30,147,10,0.229,0,,0
INV-209964,C1699,National Account,Northeast,Web Portal,7,7957.63,45,49,21,0.116,0,,0
INV-209965,C1816,National Account,Northeast,EDI,3,9101.26,60,25,26,0.151,1,95.0,1
INV-209966,C1019,National Account,South,Web Portal,2,4700.32,45,43,18,0.156,0,,0
INV-209967,C1033,Independent,Midwest,Sales Rep,10,251.68,30,24,15,0.195,0,,0
INV-209968,C1798,Regional,Northeast,Sales Rep,1,4947.42,60,90,9,0.134,0,,0
INV-209969,C1568,National Account,Midwest,Phone,9,3577.89,30,79,20,0.059,0,,0
INV-209970,C1441,Regional,West,Sales Rep,3,5289.03,30,38,13,0.097,0,,0
INV-209971,C1489,National Account,Northeast,Phone,4,8534.1,45,13,24,0.128,0,,0
INV-209972,C1278,Regional,Northeast,Web Portal,9,6074.3,60,33,10,0.011,0,,0
INV-209973,C1379,Independent,West,Web Portal,5,1588.49,30,23,10,0.0,0,,0
INV-209974,C1364,Regional,South,Phone,7,7481.0,60,11,13,0.25,1,106.0,1
INV-209975,C1256,National Account,Northeast,EDI,8,36449.96,60,9,20,0.164,0,,0
INV-209976,C1336,National Account,West,Sales Rep,6,5300.78,45,5,19,0.185,1,,0
INV-209977,C1146,National Account,South,Web Portal,2,8687.12,45,38,22,0.201,0,,0
INV-209978,C1279,Independent,Northeast,Phone,8,892.63,45,17,12,0.208,0,,0
INV-209979,C1394,National Account,South,Sales Rep,10,108465.68,30,93,24,0.0,0,,0
INV-209980,C1234,Independent,Midwest,Web Portal,6,652.4,45,10,17,0.186,0,,1
INV-209981,C1391,Independent,Northeast,Web Portal,5,3337.6,30,25,12,0.217,0,,0
INV-209982,C1115,National Account,Midwest,EDI,4,5854.16,30,48,25,0.466,0,,0
INV-209983,C1132,Independent,Midwest,Web Portal,10,815.16,45,7,2,0.124,0,,0
INV-209984,C1594,National Account,South,Web Portal,4,7249.83,60,75,17,0.304,1,,0
INV-209985,C1332,National Account,Northeast,Phone,7,17787.79,60,14,22,0.255,0,,0
INV-209986,C1489,National Account,Midwest,Phone,9,12527.05,45,13,33,0.03,0,,0
INV-209987,C1588,Regional,South,Web Portal,12,11713.27,30,13,13,0.085,0,,0
INV-209988,C1427,National Account,Midwest,EDI,2,3228.4,45,71,23,0.0,0,,0
INV-209989,C1739,Independent,Northeast,Web Portal,5,5852.17,30,28,8,0.024,1,,0
INV-209990,C1469,National Account,Northeast,EDI,5,7447.68,30,100,26,0.0,0,,0
INV-209991,C1011,Independent,Midwest,Web Portal,9,4753.38,30,15,11,0.164,0,,0
INV-209992,C1623,Regional,West,Phone,8,5038.32,30,33,8,0.013,0,,0
INV-209993,C1010,Regional,South,Sales Rep,3,1313.97,45,5,8,0.345,0,,0
INV-209994,C1526,National Account,South,EDI,5,8655.7,60,14,27,0.134,0,,0
INV-209995,C1659,National Account,South,Web Portal,6,3676.84,45,99,12,0.0,0,,0
INV-209996,C1456,Regional,Midwest,Sales Rep,7,4172.52,30,11,16,0.12,0,,0
INV-209997,C1768,National Account,West,Web Portal,5,40846.73,45,109,37,0.001,0,,0
INV-209998,C1123,Independent,Northeast,Sales Rep,8,2368.3,30,26,5,0.275,0,,0
INV-209999,C1004,National Account,South,EDI,6,9653.85,60,140,21,0.106,0,,0
INV-210000,C1747,Regional,South,Web Portal,5,13038.01,30,49,15,0.201,0,48.0,1
INV-210001,C1735,Independent,Midwest,EDI,11,3518.01,30,11,11,0.449,0,64.0,1
INV-210002,C1103,National Account,Midwest,EDI,3,29278.78,45,80,23,0.238,0,,0
INV-210003,C1026,National Account,Northeast,Sales Rep,10,7611.84,60,48,29,0.026,0,,0
INV-210004,C1683,Independent,South,EDI,2,9493.04,30,31,8,0.063,0,,0
INV-210005,C1787,National Account,Midwest,Phone,6,20877.54,60,103,32,0.0,0,,0
INV-210006,C1701,National Account,Northeast,Web Portal,5,10152.13,45,61,26,0.266,0,,0
INV-210007,C1385,Regional,South,EDI,7,2443.47,60,52,8,0.061,0,,0
INV-210008,C1831,Regional,South,Sales Rep,1,14206.88,45,39,14,0.162,0,,0
INV-210009,C1393,Regional,Midwest,Web Portal,5,2281.22,45,29,6,0.263,0,,0
INV-210010,C1382,Regional,West,EDI,9,785.52,30,25,9,0.181,0,56.0,0
INV-210011,C1115,National Account,Northeast,EDI,2,2735.07,60,48,20,0.042,0,,0
INV-210012,C1661,National Account,Northeast,Web Portal,11,3051.08,30,170,16,0.042,0,,0
INV-210013,C1353,National Account,Midwest,Sales Rep,5,19808.67,45,24,30,0.252,0,,0
INV-210014,C1103,National Account,Midwest,Sales Rep,4,10643.89,60,80,18,0.0,0,,0
INV-210015,C1404,Independent,West,Sales Rep,12,4884.53,30,30,6,0.097,0,,0
INV-210016,C1087,Independent,South,Web Portal,1,6921.09,30,13,14,0.032,0,,0
INV-210017,C1497,National Account,South,Web Portal,9,2160.65,60,137,29,0.0,0,,0
INV-210018,C1262,Regional,Midwest,Phone,11,9405.67,30,48,14,0.203,1,,0
INV-210019,C1632,Regional,Midwest,Sales Rep,1,9667.69,30,48,11,0.182,0,,0
INV-210020,C1698,National Account,West,EDI,5,9350.84,60,49,23,0.0,0,,0
INV-210021,C1385,Regional,Northeast,Phone,3,5296.71,45,52,14,0.176,0,,0
INV-210022,C1145,National Account,South,Sales Rep,7,2582.42,60,5,28,0.0,0,,0
INV-210023,C1752,Regional,Midwest,EDI,7,3072.57,30,22,9,0.154,0,,0
INV-210024,C1352,National Account,South,EDI,9,4527.32,60,35,21,0.177,0,,0
INV-210025,C1469,National Account,South,EDI,5,4294.63,60,100,23,0.094,0,,0
INV-210026,C1847,National Account,West,Sales Rep,1,6270.55,45,10,26,0.231,0,,0
INV-210027,C1119,Regional,South,EDI,10,3294.51,30,28,8,0.006,0,,0
INV-210028,C1328,National Account,South,EDI,11,11554.76,30,81,29,0.113,0,,0
INV-210029,C1225,Independent,Northeast,EDI,6,3308.54,30,5,9,0.463,0,,0
INV-210030,C1326,Independent,Midwest,Web Portal,10,5031.26,30,10,7,0.381,0,,0
INV-210031,C1146,National Account,Northeast,Web Portal,2,6127.14,60,38,23,0.103,0,,0
INV-210032,C1422,Independent,Midwest,Phone,10,413.45,30,20,11,0.159,0,,0
INV-210033,C1073,Regional,Midwest,Web Portal,3,680.93,45,13,16,0.213,0,,0
INV-210034,C1602,Independent,Northeast,Sales Rep,11,489.69,30,32,8,0.463,0,,0
INV-210035,C1639,Regional,South,Sales Rep,3,1896.77,45,12,8,0.02,0,,0
INV-210036,C1591,Independent,South,EDI,2,1162.55,45,8,13,0.373,0,,0
INV-210037,C1327,Regional,Northeast,Phone,5,5759.98,45,79,12,0.073,0,,0
INV-210038,C1209,Independent,South,Sales Rep,3,3398.13,30,5,9,0.304,0,,0
INV-210039,C1710,National Account,Midwest,Web Portal,1,814.3,60,54,20,0.148,0,,0
INV-210040,C1575,Independent,South,Phone,10,997.73,30,51,12,0.393,0,,0
INV-210041,C1620,Regional,South,Web Portal,12,10714.21,30,30,14,0.189,0,,0
INV-210042,C1496,Regional,Midwest,EDI,4,2550.24,45,49,5,0.087,0,,0
INV-210043,C1564,National Account,South,EDI,5,6372.16,45,113,20,0.242,0,,0
INV-210044,C1823,National Account,South,EDI,11,2442.21,45,138,18,0.0,0,,0
INV-210045,C1292,Regional,South,Web Portal,4,3610.1,45,29,12,0.03,0,93.0,1
INV-210046,C1234,Independent,South,Web Portal,1,2236.63,45,10,10,0.26,0,,0
INV-210047,C1101,National Account,Northeast,Sales Rep,5,2526.89,30,152,18,0.073,1,,0
INV-210048,C1059,Independent,Northeast,Web Portal,11,307.22,30,27,15,0.075,0,,0
INV-210049,C1064,Regional,Northeast,Web Portal,12,36779.72,30,54,8,0.049,0,,0
INV-210050,C1411,National Account,West,EDI,5,15671.67,60,70,26,0.043,0,,0
INV-210051,C1072,Regional,West,EDI,2,3074.31,30,23,11,0.192,0,,0
INV-210052,C1035,Regional,Northeast,EDI,12,18414.77,45,18,5,0.111,0,,0
INV-210053,C1225,Independent,South,EDI,2,387.89,45,5,20,0.046,0,,0
INV-210054,C1599,Regional,Northeast,Web Portal,3,2086.04,30,69,7,0.143,0,,0
INV-210055,C1283,Regional,Northeast,Sales Rep,3,1157.41,30,5,10,0.243,0,,0
INV-210056,C1170,National Account,Northeast,EDI,1,14913.28,45,47,23,0.042,0,,0
INV-210057,C1811,Regional,South,Phone,11,3566.51,30,7,15,0.149,0,,0
INV-210058,C1539,Regional,Midwest,Phone,3,7342.07,45,36,7,0.134,0,,0
INV-210059,C1708,Regional,South,Sales Rep,4,1596.18,45,59,11,0.201,0,,0
INV-210060,C1827,National Account,Northeast,Sales Rep,7,16741.24,45,73,27,0.048,0,,0
INV-210061,C1816,National Account,South,Phone,4,35945.0,60,25,25,0.179,0,,0
INV-210062,C1120,National Account,South,Web Portal,10,8672.69,45,62,22,0.131,0,,0
INV-210063,C1389,Independent,Northeast,Web Portal,6,2796.24,30,13,8,0.006,0,,0
INV-210064,C1557,Regional,West,Sales Rep,4,1220.6,45,14,9,0.062,0,,0
INV-210065,C1689,National Account,Northeast,EDI,6,5467.41,45,41,16,0.097,0,,0
INV-210066,C1764,Independent,Northeast,Sales Rep,9,8327.83,30,11,16,0.113,0,,0
INV-210067,C1263,Independent,Northeast,Phone,10,10732.2,45,84,7,0.079,0,,0
INV-210068,C1279,Independent,Northeast,Sales Rep,7,1296.18,30,17,8,0.123,0,,1
INV-210069,C1524,National Account,Northeast,Sales Rep,1,9978.84,60,36,21,0.03,0,99.0,1
INV-210070,C1614,National Account,Midwest,Web Portal,11,10531.49,30,27,16,0.152,1,,0
INV-210071,C1218,National Account,South,Sales Rep,12,8205.26,30,43,22,0.135,0,,0
INV-210072,C1062,Regional,Northeast,Web Portal,3,7857.68,60,43,14,0.0,0,,0
INV-210073,C1131,Regional,South,Phone,2,8027.76,30,56,12,0.078,0,,0
INV-210074,C1747,Regional,South,Sales Rep,8,2187.4,45,49,13,0.149,0,,0
INV-210075,C1322,Independent,Midwest,Sales Rep,10,6026.86,45,39,10,0.351,0,,0
INV-210076,C1242,Regional,Northeast,Web Portal,12,27970.73,45,33,11,0.13,0,,0
INV-210077,C1659,National Account,Northeast,Web Portal,10,16276.57,60,99,27,0.0,0,,0
INV-210078,C1522,National Account,Midwest,Sales Rep,12,42910.1,45,5,31,0.047,0,,0
INV-210079,C1301,National Account,South,Phone,11,3436.96,45,199,26,0.0,0,,0
INV-210080,C1303,Independent,South,Sales Rep,11,423.19,30,2,19,0.006,0,,0
INV-210081,C1181,Regional,Midwest,EDI,12,3843.58,45,58,14,0.229,0,,0
INV-210082,C1027,Regional,South,Web Portal,3,5814.37,45,38,8,0.131,0,,0
INV-210083,C1306,National Account,Northeast,Web Portal,11,5518.62,60,20,19,0.0,0,,0
INV-210084,C1741,National Account,South,Sales Rep,1,7262.76,60,93,21,0.0,0,,0
INV-210085,C1255,National Account,Midwest,Phone,4,45541.53,60,86,29,0.0,0,,0
INV-210086,C1444,Independent,Northeast,Web Portal,1,3682.43,45,57,7,0.269,0,,0
INV-210087,C1303,Independent,Northeast,Sales Rep,5,7790.76,30,2,15,0.219,0,,0
INV-210088,C1803,National Account,Midwest,Sales Rep,10,14388.62,45,32,25,0.0,0,,0
INV-210089,C1118,Regional,Midwest,Sales Rep,3,2637.33,45,8,6,0.281,0,,0
INV-210090,C1111,National Account,Midwest,EDI,5,10936.79,60,93,17,0.018,0,,0
INV-210091,C1564,National Account,Midwest,Phone,8,4873.51,60,113,22,0.077,1,,0
INV-210092,C1588,Regional,Midwest,Sales Rep,3,1243.81,45,13,7,0.054,0,,0
INV-210093,C1460,Independent,West,Sales Rep,10,303.22,30,19,10,0.275,0,,0
INV-210094,C1336,National Account,South,Web Portal,5,29593.08,60,5,17,0.101,0,,0
INV-210095,C1695,Regional,Northeast,EDI,3,7548.94,30,72,6,0.0,0,,0
INV-210096,C1703,Regional,Northeast,Web Portal,12,3316.21,45,49,7,0.234,0,,0
INV-210097,C1298,Independent,Northeast,Phone,7,844.36,30,23,15,0.149,0,,0
INV-210098,C1701,National Account,South,Phone,2,6943.28,60,61,30,0.045,0,,0
INV-210099,C1278,Regional,Northeast,Sales Rep,8,6385.4,30,33,5,0.077,0,,0
INV-210100,C1017,Independent,South,Sales Rep,9,2954.24,30,15,9,0.213,0,,0
INV-210101,C1469,National Account,West,Web Portal,11,2774.81,45,100,17,0.076,0,,0
INV-210102,C1605,Regional,Northeast,Sales Rep,4,4209.46,45,43,12,0.151,0,,0
INV-210103,C1426,Regional,Midwest,Sales Rep,2,4963.88,60,24,15,0.244,0,,0
INV-210104,C1530,Independent,Midwest,Sales Rep,3,647.99,30,10,11,0.281,0,,0
INV-210105,C1336,National Account,Midwest,Web Portal,4,34815.97,45,5,24,0.052,1,89.0,1
INV-210106,C1204,Independent,South,Phone,8,1291.38,30,2,7,0.196,0,,0
INV-210107,C1301,National Account,South,EDI,6,8836.78,30,199,13,0.0,0,,0
INV-210108,C1627,Regional,Midwest,Sales Rep,3,3155.98,60,29,9,0.167,0,,0
INV-210109,C1709,National Account,South,Sales Rep,7,19516.7,45,45,21,0.0,0,,0
INV-210110,C1175,Regional,Midwest,EDI,8,4745.4,45,50,7,0.017,0,,0
INV-210111,C1620,Regional,Midwest,Phone,5,12105.27,30,30,7,0.158,0,,0
INV-210112,C1468,Independent,Midwest,Web Portal,5,2166.6,30,11,13,0.164,0,,0
INV-210113,C1152,Independent,South,EDI,8,1686.23,30,9,7,0.054,0,,0
INV-210114,C1827,National Account,Northeast,Sales Rep,11,9279.53,60,73,22,0.009,0,,0
INV-210115,C1187,Independent,Midwest,Web Portal,11,4613.1,30,24,12,0.156,0,,0
INV-210116,C1680,Independent,South,Phone,8,3591.61,30,16,16,0.211,0,,0
INV-210117,C1710,National Account,South,Web Portal,2,16126.2,60,54,33,0.354,0,,0
INV-210118,C1413,Independent,South,Sales Rep,7,2457.63,30,5,11,0.163,0,,0
INV-210119,C1456,Regional,South,Sales Rep,12,1445.44,45,11,7,0.19,0,,0
INV-210120,C1545,National Account,Midwest,Phone,12,1736.66,45,183,17,0.0,0,,0
INV-210121,C1437,National Account,West,Sales Rep,4,8641.24,60,20,31,0.09,0,,0
INV-210122,C1545,National Account,West,Phone,3,4791.86,60,183,23,0.108,0,,0
INV-210123,C1573,National Account,Midwest,Web Portal,10,12707.8,30,63,14,0.202,0,,0
INV-210124,C1573,National Account,South,Sales Rep,9,2907.6,45,63,22,0.052,0,,0
INV-210125,C1217,National Account,Midwest,EDI,6,1489.01,60,134,10,0.111,0,,0
INV-210126,C1395,Regional,South,Web Portal,5,258.87,60,49,12,0.067,0,,0
INV-210127,C1526,National Account,Midwest,Sales Rep,8,3763.56,45,14,27,0.164,0,,0
INV-210128,C1231,National Account,Northeast,Sales Rep,7,37835.15,45,35,22,0.072,0,,0
INV-210129,C1078,Regional,Northeast,Sales Rep,7,8080.72,45,20,11,0.0,0,,0
INV-210130,C1675,National Account,Northeast,Web Portal,5,24009.77,60,120,24,0.109,0,,0
INV-210131,C1733,Regional,South,EDI,3,3650.06,30,16,11,0.094,0,,0
INV-210132,C1048,Regional,Northeast,Web Portal,11,7044.24,45,61,9,0.262,0,,0
INV-210133,C1407,Regional,South,Web Portal,4,2498.22,30,25,9,0.0,0,,0
INV-210134,C1668,Independent,South,Sales Rep,9,651.09,30,30,13,0.0,0,,0
INV-210135,C1309,Independent,Midwest,Phone,4,1130.6,30,6,15,0.337,0,,0
INV-210136,C1119,Regional,Midwest,Sales Rep,5,2460.43,30,28,11,0.0,0,,0
INV-210137,C1452,Regional,Northeast,Web Portal,10,3481.25,30,103,9,0.039,1,,0
INV-210138,C1037,Regional,West,Web Portal,9,4311.19,30,75,11,0.104,0,,0
INV-210139,C1131,Regional,Midwest,Web Portal,1,2826.29,60,56,8,0.024,0,,0
INV-210140,C1402,National Account,South,Web Portal,6,23726.35,30,66,24,0.092,0,,0
INV-210141,C1583,National Account,Midwest,Web Portal,8,4399.68,60,103,16,0.0,0,,0
INV-210142,C1347,Regional,Midwest,Sales Rep,7,899.95,45,85,13,0.134,0,,0
INV-210143,C1399,Independent,West,Web Portal,1,1172.61,45,26,12,0.377,0,,0
INV-210144,C1198,Independent,Midwest,Sales Rep,10,346.61,30,15,6,0.25,0,,0
INV-210145,C1831,Regional,Midwest,EDI,9,11059.46,30,39,9,0.15,0,,0
INV-210146,C1711,Regional,Northeast,EDI,3,977.6,30,13,7,0.39,0,,0
INV-210147,C1084,National Account,Northeast,Phone,7,5407.79,45,258,28,0.0,0,,0
INV-210148,C1195,Regional,West,EDI,3,10170.56,45,56,13,0.0,0,,0
INV-210149,C1237,National Account,Northeast,Sales Rep,10,9988.38,30,55,18,0.046,0,,0
INV-210150,C1047,Independent,Northeast,EDI,11,2179.33,30,2,5,0.11,0,,0
INV-210151,C1615,Independent,South,Web Portal,1,524.73,45,15,5,0.202,0,,0
INV-210152,C1260,National Account,Midwest,Web Portal,1,13688.37,45,11,16,0.224,0,,0
INV-210153,C1220,National Account,South,Phone,4,41332.83,45,29,23,0.134,0,82.0,1
INV-210154,C1031,Regional,Midwest,Sales Rep,11,2148.2,30,34,9,0.058,0,,0
INV-210155,C1526,National Account,Northeast,EDI,7,6307.73,45,14,21,0.111,0,,0
INV-210156,C1150,National Account,Midwest,Web Portal,1,20241.59,60,35,23,0.0,0,78.0,1
INV-210157,C1236,National Account,Northeast,Phone,12,8582.89,45,36,17,0.0,0,,0
INV-210158,C1297,National Account,South,EDI,11,18088.12,30,77,23,0.0,0,,0
INV-210159,C1756,Regional,South,Phone,11,4901.88,45,81,8,0.0,0,,0
INV-210160,C1541,Independent,South,Sales Rep,11,6514.15,30,23,8,0.06,0,,0
INV-210161,C1157,National Account,Northeast,EDI,6,1108.64,60,138,23,0.05,0,,0
INV-210162,C1790,National Account,South,Web Portal,1,15552.74,45,87,20,0.236,0,,0
INV-210163,C1622,Regional,Midwest,Web Portal,12,1768.83,45,43,7,0.133,0,,0
INV-210164,C1336,National Account,South,Web Portal,10,2204.68,45,5,21,0.06,0,,0
INV-210165,C1437,National Account,Midwest,Phone,10,14217.42,60,20,27,0.493,0,97.0,1
INV-210166,C1122,Regional,Midwest,Sales Rep,9,3731.21,30,18,10,0.091,0,,0
INV-210167,C1595,Regional,Northeast,Web Portal,10,9817.76,45,17,11,0.0,0,,0
INV-210168,C1622,Regional,Midwest,Web Portal,3,6512.75,60,43,9,0.005,0,,0
INV-210169,C1444,Independent,Midwest,Sales Rep,3,6749.05,30,57,15,0.056,0,,0
INV-210170,C1145,National Account,Northeast,Sales Rep,4,12422.26,45,5,25,0.0,0,,0
INV-210171,C1281,Independent,West,Phone,5,2887.22,60,21,9,0.171,1,,0
INV-210172,C1120,National Account,Midwest,EDI,6,2701.54,30,62,31,0.224,0,,0
INV-210173,C1043,Regional,South,Sales Rep,11,12610.84,60,85,11,0.018,0,,0
INV-210174,C1610,Regional,South,Phone,10,1271.92,45,22,10,0.024,0,,0
INV-210175,C1336,National Account,South,EDI,5,5442.27,60,5,20,0.295,0,,0
INV-210176,C1626,Independent,West,Web Portal,2,11814.02,45,7,12,0.139,0,,0
INV-210177,C1566,National Account,South,Sales Rep,5,6309.69,30,58,29,0.007,0,,0
INV-210178,C1836,Regional,Northeast,EDI,12,11797.0,30,10,10,0.103,0,,0
INV-210179,C1451,Regional,Northeast,Web Portal,6,4263.5,45,128,7,0.303,0,,0
INV-210180,C1249,Regional,Midwest,Sales Rep,9,3656.62,45,46,10,0.0,0,,0
INV-210181,C1050,Independent,Northeast,Sales Rep,10,1276.83,30,10,9,0.116,0,,0
INV-210182,C1413,Independent,West,Phone,3,4108.8,30,5,11,0.082,0,50.0,1
INV-210183,C1306,National Account,Northeast,Phone,4,2499.91,60,20,16,0.0,0,,0
INV-210184,C1794,National Account,Midwest,Web Portal,8,3430.79,45,50,23,0.09,0,,0
INV-210185,C1023,National Account,Northeast,EDI,6,16356.96,30,33,20,0.122,0,,0
INV-210186,C1342,Regional,Midwest,Sales Rep,10,5264.36,30,37,4,0.136,0,,0
INV-210187,C1622,Regional,Northeast,Web Portal,10,1499.78,45,43,8,0.159,0,,0
INV-210188,C1398,National Account,Midwest,Phone,10,24762.55,45,161,24,0.008,0,,0
INV-210189,C1691,Independent,Midwest,Phone,12,3688.84,30,8,11,0.033,0,,0
INV-210190,C1564,National Account,South,EDI,3,105271.89,60,113,28,0.148,0,83.0,1
INV-210191,C1292,Regional,Northeast,Web Portal,6,1375.55,30,29,7,0.081,0,,0
INV-210192,C1777,Regional,South,EDI,11,6265.15,45,49,11,0.266,0,,0
INV-210193,C1319,Regional,West,Web Portal,11,1005.29,30,43,10,0.475,0,,0
INV-210194,C1511,Regional,Midwest,Web Portal,8,3973.42,30,40,15,0.189,0,,0
INV-210195,C1301,National Account,Northeast,Phone,11,11901.67,60,199,15,0.019,0,,0
INV-210196,C1445,Regional,West,Sales Rep,11,1105.5,30,20,3,0.0,0,,0
INV-210197,C1120,National Account,Midwest,Phone,4,38975.9,45,62,22,0.23,0,68.0,1
INV-210198,C1065,Regional,West,EDI,7,2285.08,45,35,9,0.112,0,,0
INV-210199,C1411,National Account,South,Phone,11,15915.45,45,70,21,0.0,0,,0
INV-210200,C1471,National Account,Northeast,EDI,8,6545.32,45,137,25,0.004,0,,0
INV-210201,C1496,Regional,West,EDI,3,9495.32,45,49,11,0.0,0,,0
INV-210202,C1497,National Account,Northeast,Sales Rep,11,9517.28,45,137,25,0.095,0,65.0,1
INV-210203,C1460,Independent,West,Sales Rep,9,741.68,30,19,10,0.317,0,,0
INV-210204,C1711,Regional,Midwest,Sales Rep,11,8893.31,30,13,15,0.254,0,,0
INV-210205,C1515,Regional,South,Web Portal,9,8292.81,45,55,14,0.127,0,,0
INV-210206,C1389,Independent,West,Sales Rep,1,4829.33,45,13,10,0.0,0,,0
INV-210207,C1170,National Account,Midwest,Web Portal,4,11831.64,30,47,30,0.066,0,,0
INV-210208,C1225,Independent,West,Sales Rep,3,493.41,30,5,8,0.047,0,,0
INV-210209,C1794,National Account,Northeast,Sales Rep,11,14953.67,45,50,25,0.0,0,,0
INV-210210,C1375,National Account,South,Sales Rep,1,39967.92,45,39,23,0.329,0,85.0,1
INV-210211,C1486,Independent,Midwest,EDI,2,1567.76,60,14,11,0.076,1,,0
INV-210212,C1781,Regional,South,EDI,3,1209.17,30,23,12,0.334,0,,0
INV-210213,C1620,Regional,Northeast,Web Portal,10,3825.54,45,30,6,0.06,0,,0
INV-210214,C1010,Regional,South,Web Portal,6,932.79,60,5,13,0.192,0,,0
INV-210215,C1671,National Account,West,Web Portal,7,5921.48,60,231,22,0.0,0,,0
INV-210216,C1698,National Account,Midwest,Phone,10,16256.06,60,49,23,0.0,0,,0
INV-210217,C1508,Regional,Northeast,Web Portal,1,1694.41,30,34,8,0.093,0,,0
INV-210218,C1581,Independent,South,Sales Rep,2,1905.95,45,4,12,0.031,0,,0
INV-210219,C1818,National Account,Midwest,Sales Rep,7,19896.56,45,113,30,0.055,0,,0
INV-210220,C1297,National Account,Midwest,Web Portal,1,2381.41,60,77,22,0.0,0,,0
INV-210221,C1499,Independent,Northeast,EDI,3,1648.92,30,25,12,0.085,0,,0
INV-210222,C1370,Regional,West,EDI,1,3947.2,60,68,10,0.377,1,,0
INV-210223,C1481,Regional,Midwest,EDI,11,13412.81,45,11,12,0.019,0,,0
INV-210224,C1601,National Account,Midwest,Web Portal,10,8955.76,45,17,21,0.0,0,,0
INV-210225,C1726,Independent,Northeast,EDI,12,1030.45,45,21,10,0.347,0,,0
INV-210226,C1457,Regional,Midwest,Web Portal,11,7160.7,30,10,15,0.173,0,,0
INV-210227,C1467,Regional,South,Sales Rep,11,8124.28,30,18,11,0.209,0,,0
INV-210228,C1002,Regional,West,Web Portal,6,1192.49,45,56,8,0.168,0,,0
INV-210229,C1620,Regional,Midwest,Web Portal,12,1065.17,45,30,8,0.027,0,,0
INV-210230,C1279,Independent,Midwest,Sales Rep,5,10222.66,30,17,8,0.359,0,,0
INV-210231,C1569,Independent,West,Phone,11,4500.55,30,9,12,0.092,1,,0
INV-210232,C1188,Regional,South,Web Portal,4,1722.43,60,46,11,0.098,1,,0
INV-210233,C1449,National Account,Midwest,Sales Rep,4,11780.02,60,192,20,0.0,0,,0
INV-210234,C1478,Regional,Northeast,Sales Rep,1,2226.89,60,21,16,0.166,0,,0
INV-210235,C1048,Regional,Northeast,Sales Rep,11,1360.61,30,61,7,0.217,0,,0
INV-210236,C1771,Independent,Midwest,EDI,2,2869.06,45,43,11,0.0,0,,0
INV-210237,C1001,Regional,South,Web Portal,9,13915.07,30,30,5,0.145,0,,0
INV-210238,C1437,National Account,South,EDI,12,826.23,60,20,22,0.128,0,,0
INV-210239,C1202,National Account,West,EDI,6,5523.52,60,98,20,0.0,0,,0
INV-210240,C1274,National Account,Midwest,Sales Rep,5,14291.51,45,33,20,0.248,0,,0
INV-210241,C1758,Regional,South,Sales Rep,1,2297.9,30,30,7,0.248,0,,0
INV-210242,C1171,Independent,Northeast,Sales Rep,12,4034.27,30,30,19,0.079,0,,0
INV-210243,C1021,Independent,Northeast,Sales Rep,1,1164.28,30,22,13,0.136,0,,0
INV-210244,C1301,National Account,South,Web Portal,9,12856.49,45,199,14,0.042,0,,0
INV-210245,C1119,Regional,West,Sales Rep,7,868.85,30,28,4,0.0,0,,0
INV-210246,C1845,Independent,South,Sales Rep,1,4933.64,30,4,5,0.295,0,83.0,1
INV-210247,C1206,Regional,South,Sales Rep,2,2366.35,45,35,8,0.003,0,,0
INV-210248,C1492,National Account,Northeast,Sales Rep,8,46808.49,30,102,21,0.094,0,,0
INV-210249,C1231,National Account,South,Sales Rep,11,69677.73,30,35,25,0.069,0,,0
INV-210250,C1606,National Account,South,EDI,2,8889.05,45,195,29,0.026,0,,0
INV-210251,C1828,Independent,West,Sales Rep,3,1099.28,30,18,16,0.049,0,,0
INV-210252,C1579,Regional,South,Phone,3,854.11,45,21,8,0.305,0,83.0,1
INV-210253,C1621,Independent,West,EDI,2,1491.66,45,9,14,0.216,1,,0
INV-210254,C1818,National Account,South,Sales Rep,9,6770.27,30,113,25,0.0,1,,0
INV-210255,C1182,Regional,West,EDI,11,5557.79,45,16,8,0.074,0,87.0,1
INV-210256,C1698,National Account,Northeast,EDI,1,17028.72,45,49,29,0.0,0,,0
INV-210257,C1003,Regional,South,Sales Rep,9,9261.87,45,30,16,0.031,0,,0
INV-210258,C1398,National Account,Midwest,EDI,8,11809.43,45,161,30,0.009,0,,0
INV-210259,C1643,Independent,Northeast,Sales Rep,7,1138.55,30,26,12,0.176,0,,0
INV-210260,C1135,Regional,West,Web Portal,6,668.84,30,86,9,0.068,0,,0
INV-210261,C1427,National Account,Midwest,Sales Rep,1,4024.09,60,71,29,0.0,0,,0
INV-210262,C1313,Independent,West,Web Portal,11,5477.74,30,17,9,0.06,0,,0
INV-210263,C1237,National Account,West,Sales Rep,4,18052.85,45,55,30,0.009,0,,0
INV-210264,C1797,Regional,Midwest,EDI,10,1189.78,30,60,5,0.253,0,,0
INV-210265,C1709,National Account,Midwest,EDI,3,15069.34,60,45,26,0.013,0,,0
INV-210266,C1159,Independent,Midwest,EDI,3,2679.14,30,16,6,0.147,0,,0
INV-210267,C1034,Regional,Midwest,Web Portal,3,8817.81,45,52,12,0.263,0,,0
INV-210268,C1429,Independent,South,Sales Rep,8,1153.82,30,15,12,0.098,0,,0
INV-210269,C1601,National Account,South,EDI,10,9679.36,45,17,24,0.0,0,,0
INV-210270,C1487,Regional,South,Web Portal,7,2472.47,45,74,9,0.114,0,,0
INV-210271,C1258,Independent,Midwest,Phone,7,1827.79,45,13,6,0.186,0,,0
INV-210272,C1583,National Account,Midwest,EDI,9,6216.97,60,103,17,0.316,0,,0
INV-210273,C1732,National Account,Northeast,Web Portal,11,20401.37,60,112,26,0.0,0,,0
INV-210274,C1274,National Account,South,Sales Rep,5,6125.1,45,33,18,0.234,0,,0
INV-210275,C1614,National Account,South,Sales Rep,7,1871.88,45,27,27,0.096,0,,0
INV-210276,C1297,National Account,Northeast,Web Portal,4,7400.72,30,77,22,0.143,0,,0
INV-210277,C1091,National Account,Midwest,Sales Rep,8,6528.62,30,111,22,0.064,0,,0
INV-210278,C1219,Independent,Northeast,Web Portal,9,1051.23,45,20,13,0.194,0,,0
INV-210279,C1809,Regional,South,Web Portal,1,1414.01,30,62,8,0.159,0,,0
INV-210280,C1236,National Account,South,Web Portal,5,38027.84,45,36,19,0.0,0,,0
INV-210281,C1044,Independent,South,Phone,11,2638.0,30,10,12,0.0,0,,0
INV-210282,C1830,Regional,South,Phone,6,2291.12,60,21,6,0.113,0,,0
INV-210283,C1425,Independent,Northeast,Phone,6,1331.53,30,20,8,0.151,0,,0
INV-210284,C1274,National Account,West,Sales Rep,3,16654.49,45,33,21,0.079,0,,0
INV-210285,C1348,Regional,Northeast,Web Portal,8,6262.27,30,84,3,0.141,0,,0
INV-210286,C1696,Independent,Midwest,Sales Rep,6,2650.84,30,25,10,0.113,0,,0
INV-210287,C1507,National Account,Midwest,EDI,12,15552.75,60,37,22,0.246,0,,0
INV-210288,C1167,Regional,Midwest,Sales Rep,7,3137.51,30,29,13,0.0,0,,0
INV-210289,C1487,Regional,Midwest,Sales Rep,12,1175.69,30,74,10,0.352,0,,0
INV-210290,C1747,Regional,West,EDI,1,6551.02,45,49,14,0.254,0,,0
INV-210291,C1184,Regional,West,Phone,7,8860.49,30,31,11,0.211,0,,0
INV-210292,C1470,Independent,South,Web Portal,10,1761.35,45,40,14,0.039,0,,0
INV-210293,C1456,Regional,Midwest,Phone,11,2040.67,45,11,6,0.133,0,,0
INV-210294,C1659,National Account,Northeast,Web Portal,8,21379.04,60,99,26,0.0,0,,0
INV-210295,C1106,National Account,West,Sales Rep,9,10619.94,60,46,23,0.116,0,,0
INV-210296,C1137,Regional,Northeast,Phone,4,3767.5,45,51,11,0.172,0,,0
INV-210297,C1093,Independent,South,Web Portal,5,280.46,30,42,12,0.108,0,,0
INV-210298,C1648,Regional,Midwest,Phone,5,3843.85,30,39,21,0.115,0,,0
INV-210299,C1445,Regional,Northeast,EDI,2,7258.16,30,20,8,0.043,0,69.0,1
INV-210300,C1063,Independent,Midwest,Web Portal,8,2399.46,30,28,16,0.136,0,,0
INV-210301,C1310,National Account,Northeast,Web Portal,7,1688.38,30,161,31,0.106,0,,0
INV-210302,C1787,National Account,South,Sales Rep,4,10793.7,60,103,20,0.037,0,84.0,1
INV-210303,C1838,Regional,South,Web Portal,9,1929.81,45,14,8,0.276,0,,0
INV-210304,C1170,National Account,South,Phone,3,21655.4,45,47,21,0.066,0,,0
INV-210305,C1550,Regional,West,Phone,3,5231.82,45,55,6,0.076,0,,0
INV-210306,C1326,Independent,Midwest,Phone,8,5549.44,30,10,8,0.153,0,,0
INV-210307,C1737,Regional,South,EDI,8,13561.64,45,28,12,0.156,0,,0
INV-210308,C1237,National Account,West,Web Portal,2,13895.58,45,55,19,0.092,0,,0
INV-210309,C1361,Independent,Northeast,Sales Rep,10,1538.45,30,26,11,0.179,1,49.0,1
INV-210310,C1023,National Account,West,Web Portal,8,26372.91,45,33,20,0.073,0,,0
INV-210311,C1682,Independent,West,Sales Rep,8,1036.64,30,13,16,0.076,0,,0
INV-210312,C1791,Regional,South,EDI,5,7634.17,30,143,11,0.084,0,,0
INV-210313,C1202,National Account,Midwest,Sales Rep,7,14239.14,45,98,17,0.173,0,,0
INV-210314,C1131,Regional,Northeast,Sales Rep,6,2260.12,45,56,8,0.287,0,,0
INV-210315,C1124,Independent,South,Web Portal,3,1225.86,45,11,11,0.166,0,,0
INV-210316,C1393,Regional,Northeast,EDI,10,3942.06,30,29,5,0.73,0,55.0,1
INV-210317,C1252,National Account,Midwest,EDI,8,6596.32,60,90,18,0.184,0,,0
INV-210318,C1775,Regional,West,EDI,4,8453.51,30,10,13,0.194,0,59.0,1
INV-210319,C1169,Regional,Northeast,Sales Rep,11,5984.96,30,15,10,0.092,0,,0
INV-210320,C1198,Independent,South,Phone,8,948.65,30,15,12,0.215,0,,0
INV-210321,C1768,National Account,Northeast,Sales Rep,5,33460.47,60,109,23,0.032,0,,0
INV-210322,C1346,Regional,South,Web Portal,9,9711.47,30,52,13,0.136,0,,0
INV-210323,C1257,Regional,West,Web Portal,5,5707.9,30,35,10,0.084,0,,0
INV-210324,C1265,Regional,Midwest,Web Portal,12,3377.62,30,9,8,0.264,0,,0
INV-210325,C1312,National Account,West,EDI,9,13877.18,60,104,20,0.249,0,,0
INV-210326,C1194,Regional,Northeast,Phone,6,1953.82,30,51,9,0.128,0,,0
INV-210327,C1710,National Account,South,EDI,10,36679.39,30,54,29,0.0,0,,0
INV-210328,C1250,Regional,South,Web Portal,10,1848.3,30,101,18,0.052,1,,0
INV-210329,C1666,Regional,Midwest,Sales Rep,4,6283.1,30,103,8,0.045,0,,0
INV-210330,C1418,Independent,Northeast,Phone,9,1662.66,60,14,9,0.005,0,,0
INV-210331,C1014,Independent,Midwest,Web Portal,12,1220.68,30,22,12,0.0,0,,0
INV-210332,C1679,Regional,Northeast,Web Portal,12,3524.85,45,135,10,0.632,0,,0
INV-210333,C1422,Independent,West,Phone,3,1604.19,30,20,6,0.163,0,60.0,0
INV-210334,C1038,National Account,West,Web Portal,12,38919.61,60,81,19,0.0,0,,0
INV-210335,C1088,Independent,South,Web Portal,5,3371.56,30,21,9,0.266,0,83.0,1
INV-210336,C1422,Independent,South,Sales Rep,6,7942.81,30,20,8,0.153,1,,0
INV-210337,C1324,Regional,West,Sales Rep,10,8917.19,45,5,8,0.146,0,,0
INV-210338,C1601,National Account,West,EDI,8,19215.25,45,17,23,0.0,0,,0
INV-210339,C1807,National Account,South,Sales Rep,7,5930.33,45,170,17,0.087,1,,0
INV-210340,C1292,Regional,Midwest,EDI,5,2495.85,30,29,4,0.125,0,,0
INV-210341,C1179,Regional,South,Phone,7,2366.36,45,25,7,0.32,0,,0
INV-210342,C1218,National Account,Northeast,EDI,11,8096.08,60,43,24,0.006,0,,0
INV-210343,C1240,Regional,South,Sales Rep,4,4917.2,45,64,14,0.167,0,,0
INV-210344,C1193,Regional,Midwest,Web Portal,8,2101.08,30,26,12,0.275,0,,0
INV-210345,C1768,National Account,South,EDI,7,3857.19,30,109,22,0.114,0,,0
INV-210346,C1004,National Account,South,Sales Rep,6,4090.97,60,140,18,0.447,0,,0
INV-210347,C1226,Regional,Midwest,EDI,4,7589.42,45,108,9,0.209,0,,0
INV-210348,C1452,Regional,West,Web Portal,6,2713.9,45,103,8,0.101,0,,0
INV-210349,C1745,Regional,Midwest,Phone,10,810.87,30,73,10,0.3,0,,0
INV-210350,C1097,National Account,Northeast,Phone,12,6834.55,60,32,20,0.0,0,,0
INV-210351,C1323,Independent,Northeast,Web Portal,5,667.35,30,24,14,0.051,0,,0
INV-210352,C1411,National Account,Midwest,Sales Rep,3,3232.62,60,70,25,0.0,0,,0
INV-210353,C1664,Regional,West,EDI,11,3852.02,30,60,14,0.378,0,,0
INV-210354,C1422,Independent,Midwest,EDI,2,1244.59,45,20,11,0.087,0,,0
INV-210355,C1357,Independent,South,Web Portal,9,1088.01,30,4,11,0.151,0,,0
INV-210356,C1728,National Account,Northeast,Phone,4,13297.63,45,121,30,0.0,0,,0
INV-210357,C1728,National Account,Midwest,EDI,1,36109.03,60,121,27,0.25,0,,0
INV-210358,C1407,Regional,Midwest,Web Portal,9,2591.24,45,25,6,0.189,0,,0
INV-210359,C1653,Regional,West,Sales Rep,11,6408.97,60,8,17,0.09,0,99.0,1
INV-210360,C1258,Independent,Midwest,Sales Rep,3,3291.09,30,13,16,0.146,0,,0
INV-210361,C1587,National Account,South,Sales Rep,10,33586.75,45,24,21,0.196,0,,0
INV-210362,C1437,National Account,West,Web Portal,1,4995.03,45,20,28,0.142,0,,0
INV-210363,C1458,Regional,Northeast,Web Portal,12,2657.81,45,28,14,0.0,0,,0
INV-210364,C1692,National Account,South,Sales Rep,9,28231.82,60,42,15,0.019,0,,0
INV-210365,C1700,Independent,Midwest,EDI,5,6873.77,30,59,7,0.061,0,,0
INV-210366,C1658,Independent,Northeast,Phone,11,1014.45,30,7,7,0.194,0,,0
INV-210367,C1136,Independent,Midwest,Phone,7,2379.92,30,2,5,0.136,0,,0
INV-210368,C1501,Independent,South,Phone,2,5169.3,30,31,14,0.129,0,,0
INV-210369,C1442,National Account,Midwest,Sales Rep,5,32410.28,45,45,22,0.05,0,,0
INV-210370,C1402,National Account,South,EDI,4,10354.99,30,66,26,0.057,0,,0
INV-210371,C1002,Regional,Midwest,Phone,8,2342.29,30,56,5,0.042,0,,0
INV-210372,C1659,National Account,South,Web Portal,7,13759.62,60,99,15,0.0,0,,0
INV-210373,C1592,Independent,Northeast,EDI,7,4079.04,30,29,10,0.063,0,,0
INV-210374,C1132,Independent,Midwest,EDI,5,1437.55,30,7,11,0.33,0,,0
INV-210375,C1790,National Account,Midwest,EDI,3,5785.07,45,87,25,0.049,0,,0
INV-210376,C1441,Regional,South,EDI,2,3774.97,45,38,7,0.097,0,,0
INV-210377,C1509,Independent,West,Sales Rep,7,1211.12,30,20,13,0.119,0,,0
INV-210378,C1694,National Account,Northeast,Web Portal,4,2850.71,45,85,16,0.0,0,,0
INV-210379,C1676,Independent,Northeast,Web Portal,4,2077.05,45,14,9,0.146,0,,0
INV-210380,C1332,National Account,Northeast,Sales Rep,11,34192.62,60,14,25,0.013,0,,0
INV-210381,C1189,National Account,South,Web Portal,1,3854.24,45,90,19,0.16,0,,0
INV-210382,C1675,National Account,Midwest,Phone,9,18321.45,45,120,38,0.295,1,,0
INV-210383,C1698,National Account,West,Phone,6,9295.81,45,49,17,0.022,0,,0
INV-210384,C1777,Regional,West,Phone,10,2918.7,60,49,8,0.133,0,,0
INV-210385,C1543,Regional,South,Web Portal,2,3395.6,30,19,14,0.182,0,,0
INV-210386,C1290,Regional,Northeast,EDI,11,3852.11,60,69,7,0.067,0,,0
INV-210387,C1448,Independent,South,Web Portal,5,1507.01,30,4,12,0.118,0,,0
INV-210388,C1463,National Account,West,Phone,3,3760.93,45,90,26,0.15,0,,0
INV-210389,C1416,Independent,South,Sales Rep,8,3183.26,30,7,8,0.107,0,,0
INV-210390,C1525,Regional,South,Sales Rep,10,7658.86,30,56,15,0.216,0,58.0,0
INV-210391,C1349,Regional,Midwest,Sales Rep,12,10447.94,30,42,11,0.025,0,,0
INV-210392,C1033,Independent,South,Sales Rep,8,1136.29,45,24,9,0.094,1,,0
INV-210393,C1543,Regional,West,Web Portal,9,20165.12,60,19,10,0.165,0,,0
INV-210394,C1402,National Account,South,Phone,11,3523.04,60,66,23,0.082,0,90.0,1
INV-210395,C1098,Regional,West,Web Portal,4,1083.55,30,24,10,0.0,0,,0
INV-210396,C1047,Independent,West,Sales Rep,6,8494.02,30,2,12,0.078,0,,0
INV-210397,C1520,Regional,Midwest,Phone,6,1150.43,60,23,5,0.066,0,,0
INV-210398,C1566,National Account,West,Web Portal,7,13950.93,30,58,20,0.091,0,,0
INV-210399,C1195,Regional,Northeast,EDI,6,3496.29,45,56,12,0.0,0,,0
INV-210400,C1701,National Account,Midwest,EDI,1,15575.15,60,61,29,0.074,0,,0
INV-210401,C1732,National Account,South,Phone,7,3231.5,45,112,31,0.0,0,,0
INV-210402,C1195,Regional,South,Web Portal,1,1064.38,45,56,8,0.052,0,,0
INV-210403,C1650,Regional,Midwest,Phone,1,5962.7,45,76,11,0.0,0,,0
INV-210404,C1620,Regional,Midwest,Sales Rep,10,6908.4,45,30,12,0.08,0,,0
INV-210405,C1471,National Account,Northeast,EDI,5,25554.2,60,137,27,0.096,1,,0
INV-210406,C1527,Independent,South,EDI,4,1922.62,30,13,8,0.192,0,,0
INV-210407,C1706,Regional,South,EDI,6,837.17,30,17,3,0.079,0,,0
INV-210408,C1065,Regional,Midwest,Sales Rep,7,435.39,30,35,12,0.041,0,,0
INV-210409,C1689,National Account,South,Sales Rep,2,17120.73,60,41,18,0.347,0,,0
INV-210410,C1238,National Account,South,Sales Rep,1,11357.51,60,201,28,0.032,0,,0
INV-210411,C1385,Regional,West,Sales Rep,3,24584.62,45,52,13,0.01,0,,0
INV-210412,C1713,Independent,South,Sales Rep,1,1637.7,45,13,12,0.317,0,,0
INV-210413,C1115,National Account,Midwest,Sales Rep,11,19424.15,45,48,24,0.026,1,,0
INV-210414,C1252,National Account,Northeast,EDI,7,9454.35,45,90,24,0.206,0,,0
INV-210415,C1402,National Account,Midwest,EDI,7,3838.62,60,66,24,0.205,0,,0
INV-210416,C1319,Regional,South,Web Portal,11,8551.6,45,43,5,0.082,0,,0
INV-210417,C1370,Regional,South,Web Portal,6,3103.46,30,68,6,0.252,0,,0
INV-210418,C1343,Regional,Midwest,EDI,2,4536.16,45,38,10,0.236,0,,0
INV-210419,C1565,National Account,South,Sales Rep,8,23021.3,45,28,23,0.0,0,,0
INV-210420,C1371,Regional,West,Sales Rep,7,6037.49,60,19,11,0.211,0,,0
INV-210421,C1147,Regional,Northeast,Web Portal,11,7067.48,45,30,13,0.038,0,,0
INV-210422,C1100,Regional,Northeast,EDI,8,2216.07,45,31,18,0.008,0,,0
INV-210423,C1540,National Account,Midwest,Web Portal,6,23264.76,60,73,17,0.0,0,,0
INV-210424,C1733,Regional,West,Phone,6,7008.06,30,16,6,0.084,0,,0
INV-210425,C1449,National Account,South,Phone,10,4361.3,60,192,22,0.095,1,,0
INV-210426,C1353,National Account,Northeast,EDI,10,14454.25,60,24,24,0.123,0,87.0,0
INV-210427,C1163,National Account,Northeast,Phone,4,5428.76,30,48,23,0.0,0,,0
INV-210428,C1507,National Account,Midwest,Sales Rep,9,8063.0,30,37,21,0.114,0,,1
INV-210429,C1649,Independent,West,Sales Rep,11,2699.65,45,29,8,0.115,1,,0
INV-210430,C1352,National Account,Midwest,Sales Rep,4,22115.45,60,35,23,0.229,0,,0
INV-210431,C1533,Independent,Northeast,Sales Rep,1,3095.2,30,9,12,0.307,0,,0
INV-210432,C1827,National Account,South,EDI,8,10852.95,60,73,25,0.0,0,,0
INV-210433,C1722,Regional,Midwest,Web Portal,11,2017.21,45,30,10,0.48,0,,0
INV-210434,C1121,National Account,Northeast,Sales Rep,2,3210.01,60,46,30,0.039,0,,0
INV-210435,C1146,National Account,South,Sales Rep,6,4794.41,60,38,24,0.303,0,,0
INV-210436,C1649,Independent,Midwest,Phone,12,145.17,30,29,4,0.002,0,,0
INV-210437,C1266,Regional,South,Sales Rep,7,2909.48,30,22,14,0.28,0,,0
INV-210438,C1427,National Account,Midwest,Sales Rep,9,11051.1,45,71,17,0.0,0,,0
INV-210439,C1217,National Account,West,Web Portal,2,11986.39,60,134,26,0.0,0,,0
INV-210440,C1463,National Account,Midwest,EDI,4,14864.67,60,90,34,0.227,0,84.0,1
INV-210441,C1590,Independent,South,Web Portal,2,1572.4,45,19,5,0.0,0,,0
INV-210442,C1122,Regional,South,EDI,2,2101.58,60,18,13,0.0,0,,0
INV-210443,C1549,Independent,Midwest,Sales Rep,10,2710.94,30,63,6,0.446,0,,0
INV-210444,C1037,Regional,West,Phone,1,12394.76,45,75,13,0.103,0,,0
INV-210445,C1524,National Account,South,Phone,2,30678.23,45,36,12,0.038,0,,0
INV-210446,C1470,Independent,South,EDI,1,2150.22,45,40,5,0.255,0,,0
INV-210447,C1670,Regional,South,Web Portal,11,5827.74,45,89,13,0.12,0,,0
INV-210448,C1847,National Account,Midwest,Web Portal,11,3680.27,30,10,20,0.046,0,,0
INV-210449,C1684,Regional,Midwest,Sales Rep,8,4198.27,45,107,15,0.063,0,,0
INV-210450,C1472,Regional,South,Sales Rep,6,5962.25,45,66,9,0.125,0,65.0,1
INV-210451,C1402,National Account,South,Web Portal,5,24748.27,60,66,24,0.252,0,84.0,1
INV-210452,C1218,National Account,Midwest,Web Portal,9,55263.59,60,43,28,0.006,0,,0
INV-210453,C1163,National Account,Northeast,EDI,6,6900.92,60,48,27,0.02,0,,0
INV-210454,C1243,Regional,Northeast,Web Portal,8,10015.7,30,20,17,0.106,0,,0
INV-210455,C1150,National Account,West,Web Portal,1,6832.6,30,35,21,0.0,0,,0
INV-210456,C1675,National Account,South,Sales Rep,1,12062.38,45,120,22,0.038,0,,0
INV-210457,C1419,National Account,West,Phone,8,5713.89,60,31,24,0.229,0,,0
INV-210458,C1420,Independent,South,Sales Rep,11,5387.98,45,2,8,0.309,0,,0
INV-210459,C1427,National Account,South,Web Portal,11,7303.22,60,71,27,0.108,0,,0
INV-210460,C1018,Regional,South,Sales Rep,4,11293.42,60,69,8,0.272,0,,0
INV-210461,C1612,National Account,West,EDI,12,3639.35,30,56,32,0.034,0,,0
INV-210462,C1442,National Account,Midwest,Sales Rep,6,28180.11,60,45,18,0.0,0,,0
INV-210463,C1646,Independent,Midwest,Sales Rep,8,2632.56,30,51,10,0.241,0,,0
INV-210464,C1173,Independent,Midwest,Sales Rep,2,422.02,30,15,11,0.402,0,,0
INV-210465,C1176,Independent,South,Sales Rep,5,5680.04,30,13,16,0.424,0,,0
INV-210466,C1751,National Account,West,EDI,10,3564.54,60,60,21,0.0,0,104.0,0
INV-210467,C1718,Independent,Midwest,Sales Rep,7,21170.51,30,5,9,0.042,0,,0
INV-210468,C1794,National Account,Northeast,Web Portal,9,5348.16,45,50,29,0.026,0,,0
INV-210469,C1167,Regional,Northeast,Web Portal,5,1356.84,45,29,11,0.03,0,,0
INV-210470,C1322,Independent,Northeast,Web Portal,10,53086.98,30,39,11,0.278,0,,0
INV-210471,C1828,Independent,West,Web Portal,6,304.87,30,18,9,0.362,0,,0
INV-210472,C1533,Independent,West,Phone,5,1690.19,60,9,7,0.061,0,,1
INV-210473,C1559,National Account,South,Sales Rep,6,6424.07,45,11,27,0.048,0,,0
INV-210474,C1698,National Account,Midwest,Sales Rep,7,39053.28,60,49,23,0.0,0,,0
INV-210475,C1249,Regional,Midwest,Phone,7,3345.94,60,46,5,0.012,0,,0
INV-210476,C1566,National Account,South,Web Portal,10,8117.0,45,58,26,0.103,0,,0
INV-210477,C1497,National Account,Northeast,Web Portal,11,7593.09,45,137,33,0.0,0,,0
INV-210478,C1761,Regional,West,Phone,1,1643.26,45,50,12,0.05,0,,0
INV-210479,C1061,Regional,Midwest,Web Portal,12,2995.47,30,30,9,0.074,0,,0
INV-210480,C1148,Regional,South,Phone,12,11298.9,60,18,11,0.071,0,,0
INV-210481,C1353,National Account,Midwest,Sales Rep,10,3091.09,60,24,14,0.109,0,,0
INV-210482,C1201,Independent,Midwest,Phone,1,8945.14,30,51,12,0.252,0,,0
INV-210483,C1469,National Account,Midwest,Web Portal,12,13862.66,30,100,25,0.0,0,,0
INV-210484,C1287,Regional,Northeast,Web Portal,6,1569.02,60,72,8,0.178,0,,0
INV-210485,C1217,National Account,West,Phone,7,6412.14,45,134,19,0.0,0,,0
INV-210486,C1175,Regional,Northeast,Sales Rep,7,690.47,30,50,13,0.0,0,,0
INV-210487,C1648,Regional,West,Sales Rep,11,2538.75,30,39,15,0.047,0,,0
INV-210488,C1291,Independent,Northeast,Sales Rep,8,1568.59,30,47,10,0.365,0,,0
INV-210489,C1468,Independent,West,Web Portal,10,2256.18,30,11,16,0.0,0,,0
INV-210490,C1468,Independent,Northeast,Phone,3,3122.91,30,11,9,0.016,0,,0
INV-210491,C1481,Regional,West,EDI,2,9942.1,45,11,8,0.025,0,,0
INV-210492,C1541,Independent,West,Sales Rep,3,3789.83,45,23,12,0.137,0,,0
INV-210493,C1449,National Account,Northeast,Sales Rep,6,11033.24,45,192,19,0.0,0,,0
INV-210494,C1317,Independent,South,EDI,1,1044.22,30,92,12,0.1,0,,0
INV-210495,C1675,National Account,South,Sales Rep,1,5141.42,60,120,20,0.197,1,,0
INV-210496,C1312,National Account,West,Phone,2,17407.33,60,104,30,0.0,0,,0
INV-210497,C1698,National Account,Midwest,Sales Rep,12,11601.41,30,49,25,0.027,0,,0
INV-210498,C1459,Regional,Northeast,Web Portal,5,5234.81,45,24,8,0.147,1,88.0,1
INV-210499,C1507,National Account,West,EDI,9,15013.08,60,37,20,0.32,0,109.0,1
INV-210500,C1155,Regional,West,Phone,9,4072.61,60,98,8,0.0,0,,0
INV-210501,C1492,National Account,Midwest,Sales Rep,1,5181.37,45,102,12,0.394,0,,0
INV-210502,C1684,Regional,Midwest,Web Portal,9,1441.59,60,107,11,0.012,0,,0
INV-210503,C1306,National Account,Northeast,Phone,12,5055.53,45,20,18,0.0,0,,0
INV-210504,C1643,Independent,South,Sales Rep,1,1712.1,30,26,5,0.269,0,,0
INV-210505,C1836,Regional,Midwest,Phone,1,25711.85,45,10,13,0.198,0,,0
INV-210506,C1487,Regional,South,Sales Rep,12,2335.46,30,74,9,0.024,0,,0
INV-210507,C1587,National Account,Northeast,Phone,12,19202.12,45,24,26,0.249,0,,0
INV-210508,C1746,Regional,South,EDI,3,2943.14,60,65,8,0.17,0,,0
INV-210509,C1190,Independent,Midwest,Sales Rep,1,3147.8,45,17,13,0.083,0,74.0,1
INV-210510,C1206,Regional,Northeast,Phone,1,4079.95,45,35,12,0.023,0,,0
INV-210511,C1527,Independent,Northeast,Sales Rep,11,4453.35,45,13,11,0.202,0,,0
INV-210512,C1598,Independent,South,Sales Rep,7,682.7,30,12,17,0.016,0,,0
INV-210513,C1045,National Account,Midwest,EDI,12,2688.05,60,120,21,0.0,0,,0
INV-210514,C1756,Regional,South,Sales Rep,11,2347.07,60,81,10,0.0,0,,0
INV-210515,C1351,Independent,Midwest,Phone,6,2100.4,30,23,9,0.203,0,,0
INV-210516,C1026,National Account,South,EDI,1,4877.74,60,48,26,0.329,0,,0
INV-210517,C1023,National Account,West,EDI,12,18509.27,60,33,26,0.035,0,,0
INV-210518,C1065,Regional,Northeast,Phone,6,6313.42,45,35,11,0.0,0,,0
INV-210519,C1398,National Account,West,Web Portal,10,5209.85,45,161,20,0.0,0,,0
INV-210520,C1427,National Account,Midwest,Sales Rep,5,1065.62,60,71,16,0.125,0,,0
INV-210521,C1270,Independent,South,Web Portal,12,3034.94,45,62,11,0.094,0,,0
INV-210522,C1443,Regional,Northeast,Sales Rep,1,6231.86,30,54,12,0.159,0,59.0,1
INV-210523,C1037,Regional,Midwest,Sales Rep,6,10073.16,45,75,9,0.082,0,,0
INV-210524,C1237,National Account,West,Sales Rep,3,2197.64,60,55,23,0.1,0,,0
INV-210525,C1430,Regional,Midwest,Phone,3,3813.01,30,34,14,0.094,0,,0
INV-210526,C1768,National Account,Northeast,EDI,2,5430.17,45,109,27,0.0,0,82.0,0
INV-210527,C1741,National Account,South,Web Portal,3,10275.15,60,93,28,0.046,0,,0
INV-210528,C1666,Regional,Northeast,Sales Rep,1,5110.79,60,103,8,0.102,0,,0
INV-210529,C1540,National Account,Northeast,Sales Rep,1,88362.92,60,73,17,0.105,0,89.0,1
INV-210530,C1086,Independent,Midwest,Phone,10,3021.07,30,23,4,0.39,0,,0
INV-210531,C1594,National Account,West,Web Portal,2,18001.94,45,75,17,0.0,0,,0
INV-210532,C1386,National Account,Midwest,Web Portal,1,6182.1,45,111,22,0.0,0,,0
INV-210533,C1333,Regional,Northeast,Sales Rep,12,736.96,30,19,15,0.142,0,61.0,1
INV-210534,C1683,Independent,South,Sales Rep,4,1311.12,30,31,17,0.179,0,,0
INV-210535,C1432,Regional,South,Sales Rep,8,12069.33,30,17,10,0.033,0,,0
INV-210536,C1319,Regional,Midwest,Web Portal,1,5650.62,45,43,9,0.419,0,,0
INV-210537,C1741,National Account,Midwest,Phone,9,6305.72,60,93,23,0.0,0,,0
INV-210538,C1428,National Account,Northeast,EDI,11,14021.09,60,19,25,0.165,0,,0
INV-210539,C1229,Regional,Midwest,Web Portal,7,2921.34,60,63,16,0.0,0,,0
INV-210540,C1091,National Account,South,Sales Rep,5,9505.69,60,111,19,0.186,0,,0
INV-210541,C1467,Regional,West,EDI,7,3225.56,60,18,9,0.069,0,,0
INV-210542,C1503,Regional,Northeast,Sales Rep,7,2912.58,45,42,7,0.074,0,,0
INV-210543,C1526,National Account,West,Web Portal,3,5946.53,60,14,20,0.209,0,,0
INV-210544,C1523,Independent,Midwest,Sales Rep,7,1407.29,30,34,10,0.047,0,,0
INV-210545,C1380,Independent,South,EDI,9,2197.49,30,31,10,0.232,0,,0
INV-210546,C1451,Regional,Midwest,Web Portal,1,1843.07,30,128,14,0.153,0,,0
INV-210547,C1312,National Account,Northeast,Web Portal,6,36613.16,60,104,20,0.041,0,,0
INV-210548,C1701,National Account,South,Sales Rep,1,46310.44,60,61,12,0.07,0,,0
INV-210549,C1220,National Account,South,Web Portal,8,16171.38,45,29,19,0.209,0,,0
INV-210550,C1256,National Account,Northeast,Web Portal,5,7394.58,60,9,22,0.258,0,113.0,1
INV-210551,C1518,Independent,Midwest,Phone,7,326.06,30,67,14,0.093,1,,0
INV-210552,C1179,Regional,West,Sales Rep,3,1483.77,30,25,7,0.224,0,,0
INV-210553,C1672,Regional,Northeast,EDI,9,2976.27,45,30,11,0.094,1,,0
INV-210554,C1755,Independent,South,Web Portal,10,3490.96,45,16,9,0.203,0,,0
INV-210555,C1393,Regional,Midwest,Phone,12,2796.73,30,29,8,0.142,0,,0
INV-210556,C1492,National Account,Northeast,Sales Rep,8,9716.94,45,102,24,0.227,0,,0
INV-210557,C1783,Regional,Northeast,EDI,9,1322.49,30,26,7,0.089,0,,0
INV-210558,C1782,Independent,Midwest,Web Portal,10,1182.36,30,10,9,0.059,0,,0
INV-210559,C1292,Regional,Northeast,Sales Rep,11,6002.49,30,29,14,0.391,0,,0
INV-210560,C1088,Independent,Northeast,Web Portal,1,3349.71,30,21,4,0.301,0,,0
INV-210561,C1717,Independent,Northeast,Phone,6,4472.49,45,10,7,0.163,0,,0
INV-210562,C1299,National Account,Midwest,Sales Rep,3,11703.39,45,31,17,0.074,0,,0
INV-210563,C1789,Independent,Midwest,Phone,3,2161.61,45,27,14,0.059,0,,0
INV-210564,C1543,Regional,West,Sales Rep,2,3402.51,45,19,8,0.059,0,,0
INV-210565,C1722,Regional,South,Web Portal,5,2843.9,30,30,12,0.484,0,,0
INV-210566,C1492,National Account,Northeast,EDI,12,4746.9,30,102,21,0.171,0,,0
INV-210567,C1583,National Account,Midwest,Phone,8,4224.53,45,103,24,0.107,0,,0
INV-210568,C1296,Independent,West,Web Portal,5,914.2,30,32,10,0.157,0,,0
INV-210569,C1354,Independent,Midwest,Phone,5,7758.16,45,44,7,0.104,0,,0
INV-210570,C1405,Independent,Northeast,Sales Rep,7,577.27,45,14,8,0.159,0,,0
INV-210571,C1545,National Account,Northeast,Phone,4,7348.22,30,183,18,0.0,0,,0
INV-210572,C1145,National Account,West,EDI,10,2401.66,45,5,16,0.087,0,,0
INV-210573,C1382,Regional,West,Sales Rep,4,1791.49,45,25,10,0.159,0,,0
INV-210574,C1145,National Account,Northeast,Phone,9,22977.11,45,5,24,0.138,0,,0
INV-210575,C1195,Regional,South,Web Portal,7,5245.48,45,56,15,0.079,0,,0
INV-210576,C1817,Independent,West,EDI,8,384.66,30,30,10,0.0,0,,0
INV-210577,C1545,National Account,Midwest,Sales Rep,5,4996.25,60,183,30,0.032,0,,0
INV-210578,C1520,Regional,South,Web Portal,1,8537.42,30,23,8,0.152,0,,0
INV-210579,C1303,Independent,South,Sales Rep,3,3993.92,30,2,9,0.0,1,57.0,1
INV-210580,C1416,Independent,Midwest,Web Portal,2,1238.29,30,7,15,0.091,0,,0
INV-210581,C1408,Regional,Northeast,Phone,1,3750.27,30,34,10,0.231,0,,0
INV-210582,C1221,Independent,Midwest,Web Portal,1,810.92,30,15,10,0.568,0,,0
INV-210583,C1683,Independent,West,Web Portal,4,5217.44,30,31,11,0.193,0,,0
INV-210584,C1536,National Account,Midwest,EDI,1,3479.72,45,177,19,0.099,0,,0
INV-210585,C1583,National Account,Midwest,Phone,6,2933.41,30,103,26,0.005,0,,0
INV-210586,C1571,Independent,South,Web Portal,5,1912.18,30,12,12,0.388,0,,0
INV-210587,C1197,Independent,West,EDI,9,845.7,30,10,12,0.113,0,,0
INV-210588,C1616,Independent,Midwest,Web Portal,11,2678.99,30,16,8,0.206,0,,0
INV-210589,C1047,Independent,Northeast,Web Portal,12,3124.58,30,2,8,0.137,0,,0
INV-210590,C1397,National Account,South,Sales Rep,12,17490.29,60,54,23,0.001,0,,0
INV-210591,C1652,Regional,West,Sales Rep,12,2144.08,60,80,13,0.0,0,,0
INV-210592,C1526,National Account,South,Sales Rep,12,25748.84,60,14,21,0.11,0,,0
INV-210593,C1302,Independent,West,Web Portal,4,1564.11,30,30,12,0.048,0,,0
INV-210594,C1514,Independent,Midwest,Phone,8,3082.11,45,15,17,0.283,0,90.0,1
INV-210595,C1573,National Account,Northeast,Sales Rep,5,26846.1,30,63,24,0.355,0,,0
INV-210596,C1372,Regional,Northeast,Web Portal,10,1712.98,45,60,6,0.085,0,,0
INV-210597,C1610,Regional,Midwest,Phone,5,3157.82,30,22,8,0.01,0,,0
INV-210598,C1802,Regional,Midwest,Phone,6,8560.23,45,102,8,0.119,0,,0
INV-210599,C1061,Regional,Midwest,Sales Rep,7,407.62,45,30,12,0.112,0,,0
INV-210600,C1262,Regional,West,Phone,6,677.78,30,48,12,0.267,0,,0
INV-210601,C1847,National Account,South,Sales Rep,9,2792.4,60,10,20,0.013,0,,0
INV-210602,C1069,National Account,Midwest,Web Portal,5,11888.97,30,16,26,0.115,0,,0
INV-210603,C1694,National Account,Northeast,Sales Rep,8,18910.1,60,85,21,0.001,0,,0
INV-210604,C1200,Independent,Midwest,EDI,12,3233.72,45,13,10,0.217,0,,0
INV-210605,C1368,Independent,Northeast,EDI,3,885.72,30,27,9,0.194,0,,0
INV-210606,C1093,Independent,West,Web Portal,12,6599.93,30,42,11,0.185,0,,0
INV-210607,C1567,Independent,West,Web Portal,2,4733.56,30,35,16,0.199,0,,0
INV-210608,C1712,National Account,Northeast,Sales Rep,12,2811.84,30,66,31,0.0,0,54.0,0
INV-210609,C1101,National Account,South,Web Portal,2,13147.88,60,152,32,0.077,0,,0
INV-210610,C1275,Regional,Midwest,EDI,12,3032.34,45,45,11,0.018,0,,0
INV-210611,C1594,National Account,South,Sales Rep,6,6474.57,45,75,20,0.0,0,,0
INV-210612,C1639,Regional,South,Web Portal,9,4318.39,45,12,3,0.269,0,73.0,1
INV-210613,C1184,Regional,West,Sales Rep,9,4906.39,30,31,15,0.339,0,,0
INV-210614,C1010,Regional,South,Sales Rep,4,3429.71,45,5,11,0.347,0,,0
INV-210615,C1528,Independent,Midwest,Web Portal,11,8217.68,45,19,15,0.126,0,,0
INV-210616,C1148,Regional,Northeast,Web Portal,4,9333.63,60,18,16,0.15,0,,0
INV-210617,C1607,Regional,West,Phone,7,7656.76,45,51,7,0.159,0,,0
INV-210618,C1445,Regional,West,Web Portal,7,3295.68,45,20,10,0.13,0,,0
INV-210619,C1634,Regional,South,Phone,1,2844.05,45,93,8,0.292,0,,0
INV-210620,C1836,Regional,West,Phone,10,8014.99,45,10,6,0.088,0,,0
INV-210621,C1745,Regional,Northeast,Phone,3,2153.58,30,73,9,0.068,0,48.0,1
INV-210622,C1787,National Account,West,EDI,1,3833.95,60,103,16,0.196,0,,0
INV-210623,C1382,Regional,West,EDI,8,4685.83,30,25,8,0.37,0,,0
INV-210624,C1659,National Account,West,Web Portal,11,3674.16,45,99,24,0.0,0,,0
INV-210625,C1536,National Account,South,EDI,8,7389.23,30,177,32,0.035,0,,0
INV-210626,C1080,Independent,Midwest,Sales Rep,7,1795.07,45,32,10,0.459,0,,0
INV-210627,C1076,Independent,Midwest,Web Portal,11,605.87,45,39,11,0.165,1,70.0,1
INV-210628,C1075,Independent,Midwest,EDI,2,1911.19,30,29,9,0.093,0,,0
INV-210629,C1226,Regional,South,Web Portal,5,1651.74,30,108,9,0.224,0,,0
INV-210630,C1766,Independent,South,EDI,12,2012.21,30,28,9,0.222,0,,0
INV-210631,C1250,Regional,South,EDI,5,3870.2,60,101,12,0.12,0,,0
INV-210632,C1179,Regional,Midwest,Phone,3,5217.15,45,25,13,0.144,0,,0
INV-210633,C1343,Regional,South,Web Portal,6,13542.76,45,38,10,0.238,0,,0
INV-210634,C1321,Independent,South,Sales Rep,8,3792.2,30,6,11,0.025,1,,0
INV-210635,C1568,National Account,Midwest,EDI,7,3068.34,45,79,20,0.097,0,,0
INV-210636,C1184,Regional,Midwest,Sales Rep,7,10446.3,30,31,11,0.233,0,,0
INV-210637,C1256,National Account,Midwest,Web Portal,5,18012.27,30,9,17,0.18,0,,0
INV-210638,C1238,National Account,West,Sales Rep,12,10714.78,60,201,23,0.231,0,,0
INV-210639,C1477,National Account,Midwest,Sales Rep,10,11769.1,60,173,20,0.112,1,,0
INV-210640,C1275,Regional,West,Sales Rep,7,10900.82,30,45,7,0.093,0,,0
INV-210641,C1201,Independent,West,Sales Rep,2,2474.3,45,51,8,0.119,0,,0
INV-210642,C1660,Independent,Northeast,Web Portal,10,1943.46,45,11,8,0.204,0,,0
INV-210643,C1452,Regional,West,Web Portal,1,5634.6,30,103,13,0.097,0,,0
INV-210644,C1734,Independent,Midwest,Sales Rep,5,1322.26,45,95,13,0.012,0,,0
INV-210645,C1823,National Account,West,Web Portal,12,4020.11,45,138,13,0.045,1,,0
INV-210646,C1181,Regional,Midwest,EDI,10,4969.44,45,58,9,0.123,0,,0
INV-210647,C1257,Regional,Midwest,EDI,7,926.87,30,35,11,0.031,0,,0
INV-210648,C1626,Independent,Midwest,Sales Rep,9,2229.19,45,7,7,0.112,0,,0
INV-210649,C1827,National Account,Midwest,Sales Rep,7,26555.61,60,73,24,0.068,0,,0
INV-210650,C1489,National Account,South,Web Portal,10,3554.78,45,13,20,0.066,0,,0
INV-210651,C1661,National Account,Midwest,Phone,11,7261.58,45,170,29,0.017,0,,0
INV-210652,C1019,National Account,South,EDI,12,13043.86,60,43,23,0.096,1,86.0,1
INV-210653,C1653,Regional,Midwest,Web Portal,11,4266.74,60,8,7,0.165,0,,0
INV-210654,C1585,Regional,West,Phone,8,1380.34,30,86,11,0.011,0,,0
INV-210655,C1188,Regional,Midwest,Sales Rep,5,2930.07,60,46,13,0.304,0,,0
INV-210656,C1641,Regional,Northeast,Web Portal,7,2718.26,30,35,12,0.0,0,,0
INV-210657,C1446,National Account,Northeast,Sales Rep,2,4927.68,30,78,23,0.202,0,,0
INV-210658,C1644,Regional,South,Web Portal,9,1452.55,30,46,19,0.201,0,,0
INV-210659,C1712,National Account,West,Web Portal,1,3909.21,30,66,22,0.073,0,,0
INV-210660,C1573,National Account,Midwest,Web Portal,7,19660.07,45,63,17,0.0,0,,0
INV-210661,C1229,Regional,West,EDI,11,9933.84,30,63,9,0.277,0,,0
INV-210662,C1364,Regional,Northeast,EDI,3,7519.54,30,11,15,0.247,0,,0
INV-210663,C1671,National Account,Midwest,EDI,8,6730.06,60,231,18,0.0,0,,0
INV-210664,C1000,Independent,Midwest,Web Portal,1,2914.75,30,20,9,0.241,0,,0
INV-210665,C1846,Independent,West,Phone,12,643.93,60,23,10,0.139,0,,0
INV-210666,C1443,Regional,Northeast,Sales Rep,7,2340.5,30,54,11,0.398,0,,0
INV-210667,C1025,Regional,West,EDI,4,3721.98,30,14,12,0.091,0,,0
INV-210668,C1842,Regional,Northeast,Sales Rep,2,2421.05,30,33,8,0.329,0,,0
INV-210669,C1134,National Account,Midwest,Sales Rep,3,6474.86,45,43,21,0.183,0,,0
INV-210670,C1336,National Account,Midwest,EDI,10,3819.74,60,5,27,0.133,0,,0
INV-210671,C1781,Regional,South,Sales Rep,3,11811.82,45,23,12,0.18,0,,0
INV-210672,C1016,Independent,Midwest,Web Portal,10,1033.47,30,15,6,0.111,0,,0
INV-210673,C1811,Regional,West,Sales Rep,9,3605.6,45,7,9,0.169,0,,0
INV-210674,C1400,National Account,South,Web Portal,9,3166.55,45,89,26,0.0,0,,0
INV-210675,C1560,Regional,West,Web Portal,4,7769.14,30,125,8,0.129,0,,0
INV-210676,C1549,Independent,South,Sales Rep,11,929.26,45,63,5,0.048,0,,0
INV-210677,C1477,National Account,West,Web Portal,9,1787.59,60,173,22,0.076,0,,0
INV-210678,C1596,Regional,South,Web Portal,4,980.59,30,17,5,0.09,0,70.0,1
INV-210679,C1297,National Account,Midwest,EDI,10,6754.13,60,77,31,0.0,0,,0
INV-210680,C1106,National Account,West,Sales Rep,8,777.46,45,46,22,0.104,0,,0
INV-210681,C1827,National Account,Midwest,Sales Rep,4,5708.53,30,73,26,0.0,0,,0
INV-210682,C1349,Regional,Northeast,Sales Rep,9,5547.31,45,42,15,0.047,0,,0
INV-210683,C1344,Independent,Northeast,Sales Rep,1,1875.89,45,5,9,0.092,1,,0
INV-210684,C1566,National Account,Northeast,EDI,8,26865.46,60,58,23,0.221,0,,0
INV-210685,C1160,Regional,Northeast,Web Portal,4,2776.45,30,18,13,0.112,0,,0
INV-210686,C1247,Independent,South,Sales Rep,11,1668.45,30,11,9,0.167,0,,0
INV-210687,C1835,Regional,South,EDI,2,874.08,30,74,12,0.007,0,,0
INV-210688,C1754,Regional,Northeast,Sales Rep,2,2647.08,45,30,5,0.297,0,,0
INV-210689,C1188,Regional,South,Phone,11,1173.09,45,46,6,0.066,0,,0
INV-210690,C1388,Regional,South,EDI,10,7652.83,45,35,8,0.081,0,,0
INV-210691,C1552,National Account,Midwest,EDI,3,6672.71,60,18,19,0.09,0,,0
INV-210692,C1103,National Account,South,Web Portal,7,17257.06,45,80,25,0.0,0,,0
INV-210693,C1295,Independent,South,Sales Rep,8,4636.27,30,31,12,0.092,0,,0
INV-210694,C1455,Independent,West,Sales Rep,12,1214.67,30,9,7,0.151,0,,0
INV-210695,C1589,Independent,Midwest,Web Portal,12,2973.81,30,16,4,0.255,0,,0
INV-210696,C1397,National Account,South,Web Portal,5,18404.9,45,54,23,0.0,0,,0
INV-210697,C1348,Regional,Midwest,EDI,9,20069.27,45,84,11,0.0,0,,0
INV-210698,C1842,Regional,South,Web Portal,3,48559.75,30,33,11,0.007,0,,0
INV-210699,C1596,Regional,Midwest,EDI,6,5754.53,30,17,17,0.065,0,,0
INV-210700,C1823,National Account,Northeast,Web Portal,10,8664.28,45,138,21,0.123,0,,0
INV-210701,C1519,Independent,South,Web Portal,2,8103.06,30,11,9,0.127,0,,0
INV-210702,C1606,National Account,Northeast,Web Portal,5,11023.67,30,195,13,0.051,0,,0
INV-210703,C1489,National Account,South,Sales Rep,3,42051.61,60,13,27,0.003,0,,0
INV-210704,C1211,Regional,South,Web Portal,4,4084.84,45,61,17,0.108,0,,0
INV-210705,C1084,National Account,Midwest,Web Portal,7,22850.24,60,258,21,0.0,0,,0
INV-210706,C1331,Independent,West,EDI,1,1382.15,30,14,8,0.107,0,,0
INV-210707,C1411,National Account,Midwest,Phone,3,8804.51,45,70,24,0.301,0,,0
INV-210708,C1401,Regional,West,Sales Rep,8,3181.72,45,21,6,0.0,0,,0
INV-210709,C1065,Regional,Midwest,Web Portal,5,3202.7,30,35,10,0.017,1,,0
INV-210710,C1106,National Account,South,EDI,5,4773.3,45,46,31,0.026,0,,0
INV-210711,C1511,Regional,South,Sales Rep,9,9108.13,45,40,4,0.055,0,,0
INV-210712,C1763,Regional,Midwest,EDI,1,11838.25,60,53,7,0.231,0,100.0,1
INV-210713,C1728,National Account,South,Web Portal,11,10606.76,60,121,16,0.248,0,109.0,1
INV-210714,C1641,Regional,South,EDI,7,1307.89,30,35,9,0.055,0,,0
INV-210715,C1733,Regional,Midwest,EDI,2,3345.06,45,16,11,0.145,0,,0
INV-210716,C1066,Regional,Midwest,Sales Rep,6,4345.77,45,38,13,0.069,0,,0
INV-210717,C1149,Regional,South,Sales Rep,2,2061.99,60,20,11,0.0,0,,0
INV-210718,C1331,Independent,Northeast,Web Portal,5,6962.34,30,14,14,0.077,0,,0
INV-210719,C1721,Regional,South,Phone,10,4159.43,45,39,14,0.0,0,,0
INV-210720,C1188,Regional,Midwest,EDI,1,1846.48,60,46,16,0.102,0,,0
INV-210721,C1481,Regional,Midwest,Sales Rep,6,7205.91,30,11,9,0.027,0,,0
INV-210722,C1493,Regional,Midwest,Sales Rep,9,2796.68,30,33,7,0.071,0,,0
INV-210723,C1614,National Account,South,EDI,7,10499.24,60,27,17,0.099,0,,0
INV-210724,C1669,Independent,Midwest,EDI,11,4173.44,45,4,10,0.142,0,,0
INV-210725,C1099,Independent,South,Sales Rep,10,1165.45,30,22,10,0.391,0,,0
INV-210726,C1217,National Account,Midwest,Phone,9,8900.09,60,134,26,0.0,0,,0
INV-210727,C1103,National Account,Midwest,Phone,3,6408.44,60,80,17,0.033,0,,0
INV-210728,C1654,Independent,South,Web Portal,8,3583.61,30,11,8,0.028,0,,0
INV-210729,C1745,Regional,Northeast,EDI,11,5572.73,30,73,5,0.084,0,,0
INV-210730,C1675,National Account,West,EDI,12,16218.24,45,120,18,0.014,0,,0
INV-210731,C1224,Regional,Midwest,Sales Rep,7,2589.96,45,47,13,0.161,0,,0
INV-210732,C1583,National Account,South,Sales Rep,9,4677.4,60,103,30,0.0,0,,0
INV-210733,C1097,National Account,Northeast,Sales Rep,1,26301.2,30,32,22,0.0,0,,0
INV-210734,C1714,Regional,West,Phone,10,16576.34,45,39,8,0.088,0,,0
INV-210735,C1123,Independent,Midwest,Web Portal,3,1385.5,30,26,9,0.062,0,,0
INV-210736,C1483,Independent,Midwest,Web Portal,11,3985.24,30,16,14,0.096,0,59.0,1
INV-210737,C1414,Independent,South,Sales Rep,7,936.66,30,6,4,0.255,0,,0
INV-210738,C1397,National Account,Midwest,Web Portal,1,4155.53,45,54,20,0.0,0,,0
INV-210739,C1505,National Account,West,Sales Rep,10,8506.9,30,68,15,0.229,0,,0
INV-210740,C1169,Regional,South,Sales Rep,6,3662.43,30,15,13,0.129,0,,0
INV-210741,C1019,National Account,West,Phone,1,8029.65,60,43,23,0.102,0,,0
INV-210742,C1266,Regional,Midwest,EDI,12,8211.04,30,22,9,0.138,0,,0
INV-210743,C1677,Independent,South,Sales Rep,7,2548.69,30,21,12,0.029,0,69.0,0
INV-210744,C1559,National Account,South,EDI,5,17839.03,30,11,18,0.0,0,,0
INV-210745,C1349,Regional,Northeast,EDI,9,4978.98,30,42,13,0.202,0,,0
INV-210746,C1768,National Account,Northeast,Sales Rep,5,9213.37,30,109,21,0.061,0,,0
INV-210747,C1255,National Account,South,Phone,1,17003.71,45,86,26,0.0,0,,0
INV-210748,C1749,Independent,Northeast,EDI,6,2725.67,30,28,15,0.033,0,,0
INV-210749,C1430,Regional,South,Phone,10,568.38,30,34,7,0.182,0,,0
INV-210750,C1272,Regional,Midwest,Sales Rep,2,4089.18,45,41,12,0.109,0,,0
INV-210751,C1614,National Account,West,EDI,5,6344.95,45,27,25,0.0,0,,0
INV-210752,C1152,Independent,West,EDI,8,1343.28,60,9,10,0.089,0,,0
INV-210753,C1614,National Account,Midwest,Web Portal,10,10343.58,60,27,19,0.063,0,95.0,1
INV-210754,C1131,Regional,Midwest,Web Portal,4,6176.09,30,56,6,0.075,0,,0
INV-210755,C1463,National Account,Midwest,Sales Rep,2,9909.56,45,90,27,0.019,0,,0
INV-210756,C1449,National Account,Midwest,Web Portal,12,3171.17,60,192,21,0.127,0,,0
INV-210757,C1604,Independent,Northeast,Phone,3,2786.71,30,20,12,0.161,0,,0
INV-210758,C1557,Regional,Midwest,EDI,5,3634.72,45,14,11,0.491,0,,0
INV-210759,C1572,Regional,South,EDI,4,3198.17,60,15,8,0.34,0,,0
INV-210760,C1556,Independent,Midwest,Web Portal,8,10044.1,30,23,11,0.12,1,68.0,1
INV-210761,C1741,National Account,West,Phone,1,23855.27,60,93,18,0.0,0,,0
INV-210762,C1188,Regional,South,Web Portal,9,11854.02,45,46,14,0.04,0,,0
INV-210763,C1511,Regional,South,Sales Rep,6,2445.97,45,40,10,0.194,0,,0
INV-210764,C1397,National Account,West,Web Portal,11,1837.8,45,54,28,0.0,0,,0
INV-210765,C1636,Regional,South,EDI,3,1572.43,30,73,5,0.0,0,,0
INV-210766,C1265,Regional,South,Web Portal,1,2715.28,45,9,12,0.088,0,,0
INV-210767,C1106,National Account,West,EDI,3,6769.04,30,46,16,0.121,0,,0
INV-210768,C1305,Independent,Midwest,Web Portal,4,981.82,30,36,12,0.092,0,,0
INV-210769,C1361,Independent,West,Sales Rep,8,1330.42,30,26,10,0.119,0,,0
INV-210770,C1122,Regional,South,Phone,6,2729.5,60,18,9,0.18,0,,0
INV-210771,C1264,Independent,Midwest,Web Portal,6,3053.49,45,20,11,0.181,0,,0
INV-210772,C1709,National Account,Midwest,Phone,9,8627.2,30,45,16,0.087,0,,0
INV-210773,C1483,Independent,South,Phone,4,2568.55,30,16,16,0.219,0,,0
INV-210774,C1162,Independent,West,Web Portal,12,1494.51,30,5,11,0.02,0,,0
INV-210775,C1659,National Account,Northeast,Phone,10,27500.8,60,99,18,0.0,0,,0
INV-210776,C1816,National Account,Midwest,Sales Rep,10,2673.34,60,25,22,0.52,0,,0
INV-210777,C1533,Independent,West,EDI,5,3224.82,30,9,10,0.186,0,,0
INV-210778,C1427,National Account,Northeast,EDI,8,15906.49,45,71,25,0.0,0,,0
INV-210779,C1184,Regional,Northeast,Phone,11,3323.74,30,31,8,0.146,0,,0
INV-210780,C1441,Regional,South,Phone,8,14459.96,60,38,13,0.163,0,,0
INV-210781,C1363,Independent,West,EDI,4,902.28,45,6,9,0.28,0,,0
INV-210782,C1115,National Account,West,Sales Rep,9,1143.26,30,48,27,0.0,0,,0
INV-210783,C1341,Independent,Northeast,Sales Rep,10,4087.53,30,53,12,0.02,0,,0
INV-210784,C1450,Independent,Midwest,Web Portal,5,970.05,30,16,9,0.094,0,,0
INV-210785,C1803,National Account,South,Phone,4,28809.94,45,32,19,0.007,0,,0
INV-210786,C1332,National Account,Midwest,Phone,8,1882.51,60,14,22,0.019,0,,0
INV-210787,C1761,Regional,Midwest,Sales Rep,11,10018.12,30,50,9,0.0,0,,0
INV-210788,C1220,National Account,West,EDI,10,10468.96,60,29,20,0.296,0,86.0,0
INV-210789,C1089,Independent,Northeast,Sales Rep,10,2027.58,30,6,8,0.111,1,,0
INV-210790,C1689,National Account,South,Sales Rep,1,31009.65,60,41,18,0.037,0,,0
INV-210791,C1460,Independent,Northeast,Sales Rep,6,213.06,30,19,5,0.045,0,,0
INV-210792,C1413,Independent,South,Web Portal,5,861.01,30,5,11,0.329,0,,0
INV-210793,C1151,Independent,Midwest,EDI,6,2232.83,30,28,8,0.206,0,,0
INV-210794,C1057,Independent,West,Phone,1,5354.51,30,25,11,0.355,0,,0
INV-210795,C1784,Independent,South,Sales Rep,2,1415.31,30,2,13,0.395,0,76.0,1
INV-210796,C1621,Independent,Midwest,Sales Rep,2,3132.6,45,9,8,0.144,0,,0
INV-210797,C1022,Independent,Northeast,EDI,9,1071.21,30,6,8,0.156,0,,0
INV-210798,C1575,Independent,South,Web Portal,2,790.57,45,51,9,0.219,1,,0
INV-210799,C1244,Independent,Northeast,Web Portal,7,3138.53,45,18,7,0.028,0,,0
INV-210800,C1386,National Account,South,Phone,2,3232.77,45,111,22,0.156,1,,0
INV-210801,C1419,National Account,Midwest,Web Portal,6,29650.63,60,31,21,0.229,0,,0
INV-210802,C1601,National Account,Midwest,Phone,2,14108.58,45,17,16,0.0,0,97.0,1
INV-210803,C1252,National Account,Midwest,Sales Rep,5,10817.22,45,90,24,0.34,0,,0
INV-210804,C1659,National Account,Midwest,Sales Rep,2,9045.25,60,99,33,0.0,0,,0
INV-210805,C1545,National Account,Midwest,EDI,4,22363.86,60,183,25,0.047,0,,0
INV-210806,C1777,Regional,South,EDI,8,12303.68,30,49,8,0.325,0,,0
INV-210807,C1728,National Account,Midwest,EDI,12,27933.62,60,121,21,0.0,0,,0
INV-210808,C1227,Regional,South,Web Portal,2,3966.06,30,34,7,0.065,0,,0
INV-210809,C1454,Regional,Midwest,Web Portal,5,1232.59,30,71,7,0.352,0,61.0,1
INV-210810,C1555,Regional,Northeast,Sales Rep,10,2164.81,45,41,14,0.152,0,,0
INV-210811,C1706,Regional,Northeast,EDI,4,1769.33,30,17,10,0.12,0,,0
INV-210812,C1733,Regional,South,EDI,3,6719.7,30,16,13,0.048,0,,0
INV-210813,C1364,Regional,Midwest,Sales Rep,5,1480.07,30,11,7,0.378,0,,0
INV-210814,C1529,Regional,Northeast,EDI,5,1156.23,30,20,11,0.322,0,,0
INV-210815,C1228,National Account,South,Phone,5,2428.73,60,12,23,0.08,0,,0
INV-210816,C1803,National Account,South,Web Portal,12,7444.91,45,32,24,0.0,0,,0
INV-210817,C1299,National Account,Northeast,Web Portal,12,9908.76,30,31,24,0.15,0,,0
INV-210818,C1766,Independent,South,EDI,4,1481.89,30,28,7,0.213,0,,0
INV-210819,C1558,Independent,Midwest,Web Portal,3,1424.94,45,43,9,0.054,0,,0
INV-210820,C1170,National Account,South,Sales Rep,2,5784.95,45,47,27,0.302,0,,0
INV-210821,C1489,National Account,West,Web Portal,10,11303.67,30,13,21,0.013,0,,0
INV-210822,C1111,National Account,Midwest,Web Portal,10,1630.86,60,93,25,0.249,0,,0
INV-210823,C1563,Independent,South,Sales Rep,5,579.85,45,17,9,0.0,0,,0
INV-210824,C1553,Independent,Northeast,EDI,7,1952.47,45,84,9,0.265,0,,0
INV-210825,C1078,Regional,South,EDI,12,1262.51,45,20,14,0.0,1,,0
INV-210826,C1235,Regional,Midwest,EDI,2,1093.35,60,31,10,0.192,0,,0
INV-210827,C1697,Regional,Northeast,EDI,9,1144.34,45,85,12,0.052,0,,0
INV-210828,C1582,Independent,Northeast,EDI,8,3517.47,60,24,10,0.134,0,,0
INV-210829,C1750,National Account,Northeast,Web Portal,8,8882.24,60,108,19,0.0,0,,0
INV-210830,C1093,Independent,Midwest,Sales Rep,3,3993.95,45,42,8,0.287,0,,0
INV-210831,C1469,National Account,South,Sales Rep,1,3784.1,30,100,25,0.0,0,,0
INV-210832,C1564,National Account,West,EDI,9,9091.72,60,113,17,0.097,0,,0
INV-210833,C1349,Regional,West,EDI,6,6611.77,45,42,8,0.017,0,,0
INV-210834,C1689,National Account,Midwest,Sales Rep,11,11956.03,45,41,23,0.01,0,,0
INV-210835,C1293,Regional,Midwest,Phone,9,10041.72,45,8,18,0.212,0,70.0,1
INV-210836,C1292,Regional,South,Sales Rep,3,3146.87,30,29,8,0.093,0,,0
INV-210837,C1517,Regional,South,Sales Rep,2,1423.63,45,38,11,0.169,0,,0
INV-210838,C1480,Independent,South,EDI,7,1568.4,30,16,15,0.163,0,,0
INV-210839,C1076,Independent,Midwest,Web Portal,10,848.04,30,39,7,0.139,0,,0
INV-210840,C1200,Independent,West,Web Portal,6,7133.89,30,13,10,0.255,0,,0
INV-210841,C1157,National Account,Midwest,Web Portal,2,7008.2,45,138,30,0.296,0,,0
INV-210842,C1236,National Account,West,EDI,2,2733.7,60,36,28,0.0,0,,0
INV-210843,C1827,National Account,West,EDI,5,10624.3,30,73,26,0.181,0,,0
INV-210844,C1145,National Account,Northeast,Phone,3,4665.0,45,5,26,0.0,0,,0
INV-210845,C1307,Regional,Northeast,Phone,9,2019.04,45,119,8,0.0,1,,0
INV-210846,C1427,National Account,South,EDI,2,13313.64,45,71,29,0.033,0,,0
INV-210847,C1764,Independent,West,Sales Rep,11,1225.63,30,11,8,0.229,1,,0
INV-210848,C1299,National Account,South,Sales Rep,12,3220.08,45,31,24,0.0,0,,0
INV-210849,C1035,Regional,West,Sales Rep,4,9061.81,45,18,15,0.286,0,,0
INV-210850,C1479,Regional,West,EDI,12,3677.82,45,72,10,0.007,0,,0
INV-210851,C1493,Regional,West,EDI,7,7298.74,30,33,17,0.256,0,,0
INV-210852,C1543,Regional,West,Sales Rep,3,581.45,60,19,7,0.115,0,,0
INV-210853,C1791,Regional,Midwest,Phone,4,2389.41,45,143,17,0.006,0,,0
INV-210854,C1151,Independent,South,Sales Rep,9,1902.33,30,28,7,0.002,0,,0
INV-210855,C1672,Regional,Midwest,Phone,11,3742.51,30,30,12,0.078,0,,0
INV-210856,C1751,National Account,West,Sales Rep,6,13296.84,60,60,21,0.145,0,,0
INV-210857,C1559,National Account,Northeast,EDI,8,7746.72,45,11,25,0.015,0,,0
INV-210858,C1164,Regional,Northeast,Sales Rep,10,5136.73,30,19,10,0.07,0,,0
INV-210859,C1428,National Account,West,Web Portal,7,10035.21,45,19,28,0.0,1,,0
INV-210860,C1275,Regional,West,Sales Rep,2,6557.11,45,45,12,0.113,0,,0
INV-210861,C1573,National Account,Midwest,Sales Rep,5,15035.04,45,63,28,0.074,0,66.0,1
INV-210862,C1295,Independent,South,Sales Rep,2,185.24,30,31,14,0.0,1,,0
INV-210863,C1393,Regional,South,Sales Rep,2,4928.04,45,29,8,0.104,0,,0
INV-210864,C1254,Independent,South,Web Portal,10,1004.94,30,19,11,0.158,0,,0
INV-210865,C1497,National Account,Midwest,EDI,10,4020.62,60,137,26,0.275,0,,0
INV-210866,C1663,Independent,West,Sales Rep,11,3019.85,30,16,19,0.268,1,83.0,1
INV-210867,C1454,Regional,Midwest,Web Portal,8,3503.81,45,71,16,0.262,0,,0
INV-210868,C1537,Independent,Northeast,Web Portal,7,2260.69,30,11,13,0.325,0,,0
INV-210869,C1248,National Account,South,Web Portal,1,14137.61,60,47,24,0.368,0,,0
INV-210870,C1694,National Account,West,EDI,6,17805.02,60,85,25,0.005,0,,0
INV-210871,C1052,Independent,Midwest,EDI,12,719.4,30,15,15,0.245,0,,0
INV-210872,C1333,Regional,Midwest,Web Portal,6,1315.15,30,19,10,0.098,0,,0
INV-210873,C1781,Regional,Northeast,Sales Rep,12,1652.37,30,23,13,0.249,0,,0
INV-210874,C1840,Regional,Midwest,Sales Rep,12,6966.16,30,38,12,0.0,0,,0
INV-210875,C1064,Regional,West,EDI,10,3048.9,30,54,12,0.158,0,,0
INV-210876,C1286,Regional,West,Web Portal,6,1028.99,45,11,16,0.392,0,,0
INV-210877,C1051,Regional,West,Sales Rep,12,13118.6,30,2,6,0.023,0,72.0,0
INV-210878,C1200,Independent,Northeast,Phone,5,1573.33,30,13,6,0.16,0,,0
INV-210879,C1555,Regional,Midwest,EDI,7,859.07,60,41,11,0.292,0,,0
INV-210880,C1185,Independent,Northeast,EDI,2,1259.33,45,20,9,0.04,0,,0
INV-210881,C1310,National Account,South,Web Portal,11,10425.71,60,161,29,0.047,0,,0
INV-210882,C1490,Independent,Midwest,Sales Rep,7,2159.92,30,20,10,0.13,0,,0
INV-210883,C1803,National Account,Midwest,Web Portal,1,19263.62,45,32,20,0.259,0,,0
INV-210884,C1315,Regional,Midwest,EDI,2,1193.72,30,38,11,0.069,0,,0
INV-210885,C1000,Independent,South,Web Portal,4,1256.59,60,20,14,0.089,0,,0
INV-210886,C1397,National Account,Midwest,EDI,10,9431.19,30,54,17,0.0,0,,0
INV-210887,C1712,National Account,West,EDI,9,6224.44,60,66,21,0.042,0,,0
INV-210888,C1529,Regional,Midwest,Web Portal,3,5362.89,45,20,10,0.365,0,,0
INV-210889,C1419,National Account,South,Web Portal,8,7906.8,60,31,26,0.065,0,,0
INV-210890,C1077,Regional,West,Phone,6,1927.29,30,39,12,0.023,0,,0
INV-210891,C1557,Regional,South,Sales Rep,12,5152.88,45,14,11,0.117,0,,0
INV-210892,C1402,National Account,South,Phone,12,10087.8,30,66,28,0.12,0,,0
INV-210893,C1512,Regional,Northeast,Web Portal,11,15235.83,45,47,11,0.117,0,,0
INV-210894,C1746,Regional,Northeast,Sales Rep,4,12672.82,30,65,6,0.379,0,,0
INV-210895,C1262,Regional,South,EDI,5,3916.61,30,48,11,0.075,0,,0
INV-210896,C1258,Independent,Northeast,Web Portal,7,785.34,30,13,10,0.021,0,,0
INV-210897,C1614,National Account,West,Sales Rep,9,8539.03,30,27,22,0.158,0,,0
INV-210898,C1792,Independent,Midwest,Sales Rep,6,387.45,45,21,6,0.106,0,,0
INV-210899,C1681,Regional,Midwest,EDI,11,3391.13,45,43,14,0.612,0,,0
INV-210900,C1146,National Account,Midwest,Web Portal,8,10735.09,45,38,29,0.485,0,,0
INV-210901,C1111,National Account,Midwest,EDI,2,30705.94,60,93,25,0.244,0,,0
INV-210902,C1689,National Account,West,EDI,10,6018.72,60,41,26,0.046,0,,0
INV-210903,C1321,Independent,South,EDI,9,610.48,30,6,7,0.14,0,,0
INV-210904,C1127,Regional,Midwest,Web Portal,12,1003.49,45,19,14,0.078,0,,0
INV-210905,C1040,National Account,West,Sales Rep,5,7229.07,60,82,33,0.069,0,,0
INV-210906,C1636,Regional,Northeast,Web Portal,9,5878.8,30,73,8,0.0,0,,0
INV-210907,C1352,National Account,Northeast,Web Portal,7,33621.62,60,35,23,0.4,0,,0
INV-210908,C1639,Regional,South,Sales Rep,8,9003.83,45,12,11,0.018,0,76.0,1
INV-210909,C1798,Regional,Midwest,Sales Rep,7,24425.96,60,90,10,0.115,0,,0
INV-210910,C1011,Independent,South,Sales Rep,11,3443.9,30,15,10,0.499,0,53.0,1
INV-210911,C1394,National Account,Midwest,Web Portal,1,32799.72,45,93,28,0.0,0,,0
INV-210912,C1482,Regional,West,Sales Rep,2,6298.43,30,68,10,0.222,0,,0
INV-210913,C1820,Regional,West,Web Portal,2,8424.37,30,58,12,0.26,0,48.0,1
INV-210914,C1778,Regional,West,Sales Rep,7,4274.58,45,54,8,0.201,0,,0
INV-210915,C1140,Independent,Midwest,Web Portal,11,428.58,45,3,10,0.108,0,,0
INV-210916,C1748,Regional,South,Sales Rep,5,760.09,30,120,14,0.0,0,,0
INV-210917,C1002,Regional,Northeast,Web Portal,6,2467.76,30,56,13,0.057,0,,0
INV-210918,C1080,Independent,West,Web Portal,12,6755.73,45,32,7,0.108,0,,0
INV-210919,C1520,Regional,Northeast,EDI,12,2853.59,30,23,16,0.071,0,,0
INV-210920,C1550,Regional,Northeast,Sales Rep,2,3870.82,60,55,7,0.041,0,,0
INV-210921,C1602,Independent,Midwest,Web Portal,12,3350.01,30,32,12,0.161,0,,0
INV-210922,C1726,Independent,West,Web Portal,12,1577.99,30,21,3,0.202,0,,0
INV-210923,C1568,National Account,Northeast,Sales Rep,11,2829.31,60,79,22,0.032,0,,0
INV-210924,C1007,Regional,South,EDI,1,493.06,30,72,12,0.154,0,,0
INV-210925,C1780,Regional,South,Sales Rep,3,3946.66,30,54,10,0.14,0,,0
INV-210926,C1533,Independent,Midwest,Phone,5,3619.9,45,9,8,0.36,0,99.0,1
INV-210927,C1401,Regional,South,Phone,3,4695.6,30,21,10,0.09,0,,0
INV-210928,C1300,Independent,Midwest,Web Portal,12,2549.8,30,21,7,0.23,0,,0
INV-210929,C1658,Independent,South,EDI,11,7564.21,30,7,8,0.119,0,,0
INV-210930,C1723,Independent,South,Sales Rep,11,1524.73,30,8,9,0.002,0,,0
INV-210931,C1348,Regional,South,Web Portal,1,2122.75,30,84,9,0.141,0,,0
INV-210932,C1166,Regional,Northeast,Sales Rep,8,2162.86,30,20,15,0.196,0,,0
INV-210933,C1660,Independent,West,Phone,10,1681.17,30,11,10,0.002,0,74.0,0
INV-210934,C1465,Regional,Northeast,EDI,5,5918.32,60,4,9,0.227,0,,0
INV-210935,C1815,Independent,Midwest,Sales Rep,9,3317.53,30,17,17,0.303,0,,0
INV-210936,C1776,Regional,Northeast,Phone,7,5247.8,30,13,7,0.354,0,,0
INV-210937,C1313,Independent,South,EDI,1,3126.21,45,17,9,0.076,0,,0
INV-210938,C1218,National Account,Midwest,Phone,4,19604.58,60,43,33,0.0,0,,0
INV-210939,C1147,Regional,Midwest,Sales Rep,5,3442.29,30,30,15,0.039,0,,0
INV-210940,C1387,Regional,South,EDI,6,4286.13,45,55,6,0.189,0,,0
INV-210941,C1762,National Account,South,EDI,3,19095.25,60,36,19,0.035,0,,0
INV-210942,C1497,National Account,Midwest,Sales Rep,7,9537.4,30,137,20,0.0,0,,0
INV-210943,C1719,Independent,Northeast,Web Portal,4,1558.49,30,33,10,0.317,0,,0
INV-210944,C1595,Regional,South,Sales Rep,9,1448.97,30,17,9,0.057,0,,0
INV-210945,C1373,Independent,Northeast,Web Portal,4,990.11,45,9,11,0.297,0,,0
INV-210946,C1481,Regional,West,Phone,8,11043.24,45,11,6,0.148,0,,1
INV-210947,C1386,National Account,West,Sales Rep,9,10011.11,30,111,15,0.269,0,,0
INV-210948,C1737,Regional,South,Sales Rep,7,3234.47,45,28,12,0.324,0,,0
INV-210949,C1252,National Account,Midwest,Sales Rep,12,7717.89,30,90,23,0.29,0,,0
INV-210950,C1504,Independent,West,Sales Rep,3,2794.67,45,17,8,0.002,0,,0
INV-210951,C1493,Regional,South,Phone,2,6782.85,30,33,11,0.407,0,,0
INV-210952,C1262,Regional,Northeast,Sales Rep,10,3330.38,45,48,15,0.126,0,,0
INV-210953,C1471,National Account,South,EDI,12,17742.66,45,137,17,0.133,0,,0
INV-210954,C1580,Regional,Northeast,Web Portal,4,2057.47,30,20,10,0.04,1,,0
INV-210955,C1677,Independent,Northeast,Phone,7,11410.35,30,21,9,0.108,0,,0
INV-210956,C1236,National Account,South,Web Portal,5,14908.77,60,36,20,0.0,0,,0
INV-210957,C1242,Regional,Northeast,EDI,3,2029.53,30,33,13,0.139,0,,0
INV-210958,C1466,Independent,Midwest,EDI,1,1066.07,30,15,7,0.189,0,,0
INV-210959,C1374,Regional,West,Phone,10,386.36,30,17,10,0.218,0,,0
INV-210960,C1075,Independent,South,Phone,3,364.57,30,29,9,0.263,0,,0
INV-210961,C1033,Independent,Northeast,Web Portal,2,10465.7,30,24,13,0.201,0,,0
INV-210962,C1041,Regional,Midwest,Sales Rep,12,5366.42,45,20,8,0.041,0,,0
INV-210963,C1375,National Account,South,Phone,7,9361.62,60,39,24,0.114,1,,0
INV-210964,C1823,National Account,Midwest,EDI,10,26423.7,30,138,20,0.037,0,,0
INV-210965,C1424,Independent,West,Web Portal,12,5414.92,30,18,9,0.029,0,79.0,1
INV-210966,C1402,National Account,South,Web Portal,10,72282.73,30,66,23,0.074,0,,0
INV-210967,C1677,Independent,Midwest,Web Portal,2,6951.75,60,21,4,0.195,0,,0
INV-210968,C1363,Independent,Northeast,Phone,4,5838.11,30,6,9,0.159,0,,0
INV-210969,C1673,Independent,Midwest,Sales Rep,5,806.69,30,28,11,0.221,0,,0
INV-210970,C1381,Regional,Midwest,Sales Rep,12,1859.32,45,92,12,0.0,0,,0
INV-210971,C1701,National Account,Midwest,EDI,1,8366.25,30,61,30,0.264,0,,0
INV-210972,C1133,Independent,South,Phone,6,5107.37,30,22,9,0.198,0,,0
INV-210973,C1535,National Account,Midwest,Sales Rep,10,31320.7,45,55,21,0.0,0,,0
INV-210974,C1149,Regional,Midwest,Phone,7,1935.42,30,20,10,0.044,0,,0
INV-210975,C1442,National Account,Midwest,Web Portal,8,40359.55,60,45,25,0.008,0,,0
INV-210976,C1838,Regional,West,EDI,3,9512.36,60,14,12,0.152,1,101.0,1
INV-210977,C1301,National Account,Midwest,Sales Rep,11,14411.46,45,199,19,0.179,0,,0
INV-210978,C1664,Regional,South,Sales Rep,10,1487.03,30,60,17,0.294,0,,0
INV-210979,C1042,Regional,South,Sales Rep,4,9172.51,60,21,9,0.102,0,,0
INV-210980,C1306,National Account,Northeast,Sales Rep,9,66091.44,30,20,23,0.102,0,,0
INV-210981,C1259,National Account,Midwest,Web Portal,11,2426.88,60,71,31,0.0,0,,0
INV-210982,C1642,Regional,Midwest,Web Portal,11,1245.55,60,47,13,0.043,0,,0
INV-210983,C1467,Regional,Midwest,Sales Rep,12,12637.06,30,18,8,0.027,0,,0
INV-210984,C1351,Independent,Midwest,EDI,1,3550.23,30,23,13,0.147,0,,0
INV-210985,C1589,Independent,West,EDI,9,13110.51,45,16,8,0.143,0,,0
INV-210986,C1827,National Account,South,Sales Rep,6,21254.83,45,73,21,0.13,0,,0
INV-210987,C1038,National Account,South,Sales Rep,2,13156.47,45,81,20,0.079,0,,0
INV-210988,C1054,Regional,West,Web Portal,8,5708.1,45,80,8,0.037,0,,0
INV-210989,C1401,Regional,Midwest,Sales Rep,6,3888.89,60,21,7,0.134,0,,0
INV-210990,C1231,National Account,West,Web Portal,10,19691.44,60,35,17,0.02,0,,0
INV-210991,C1737,Regional,South,EDI,6,7138.33,30,28,8,0.16,0,,0
INV-210992,C1497,National Account,West,EDI,9,9009.71,30,137,20,0.099,0,,0
INV-210993,C1398,National Account,South,Phone,12,17453.05,45,161,24,0.0,0,,0
INV-210994,C1297,National Account,South,Sales Rep,5,1600.25,45,77,20,0.058,0,,0
INV-210995,C1768,National Account,South,Sales Rep,9,17040.61,45,109,23,0.14,0,,0
INV-210996,C1342,Regional,South,Web Portal,3,864.82,45,37,5,0.267,0,,0
INV-210997,C1588,Regional,South,Web Portal,3,3308.85,45,13,5,0.088,0,,0
INV-210998,C1039,Independent,South,Web Portal,12,827.35,45,20,15,0.089,0,,0
INV-210999,C1074,Regional,West,Web Portal,10,6054.4,30,26,12,0.35,0,69.0,1
INV-211000,C1240,Regional,South,Sales Rep,10,2769.56,45,64,12,0.164,0,,0
INV-211001,C1139,Independent,Northeast,Sales Rep,3,1815.4,30,24,10,0.149,0,,0
INV-211002,C1257,Regional,Midwest,Phone,8,4092.75,45,35,8,0.163,0,,0
INV-211003,C1386,National Account,Midwest,Sales Rep,12,3884.43,45,111,28,0.18,0,,0
INV-211004,C1671,National Account,Northeast,Phone,3,7857.67,45,231,17,0.0,0,,0
INV-211005,C1497,National Account,West,Sales Rep,10,6142.62,60,137,22,0.0,0,,0
INV-211006,C1601,National Account,South,Sales Rep,2,9263.02,45,17,24,0.0,0,70.0,0
INV-211007,C1586,Independent,Northeast,Phone,9,1179.56,30,7,6,0.219,0,,0
INV-211008,C1369,Regional,South,Sales Rep,9,3628.62,30,43,10,0.137,0,,0
INV-211009,C1716,Independent,Midwest,Phone,8,2781.2,30,7,4,0.113,0,,0
INV-211010,C1345,Independent,South,Phone,2,4039.75,60,47,9,0.184,0,,0
INV-211011,C1025,Regional,West,Sales Rep,1,1576.85,30,14,9,0.364,0,,0
INV-211012,C1479,Regional,Midwest,Sales Rep,4,3881.76,45,72,16,0.0,0,,0
INV-211013,C1489,National Account,South,EDI,7,45568.44,60,13,23,0.361,0,,0
INV-211014,C1205,Independent,South,Phone,8,1954.53,60,26,9,0.167,0,,0
INV-211015,C1306,National Account,Northeast,Phone,9,10035.74,60,20,19,0.0,0,,0
INV-211016,C1776,Regional,Midwest,Sales Rep,5,1592.87,45,13,10,0.334,0,95.0,1
INV-211017,C1259,National Account,Midwest,Sales Rep,7,12060.8,60,71,25,0.047,0,,0
INV-211018,C1790,National Account,Midwest,Web Portal,4,7022.54,60,87,25,0.0,0,,0
INV-211019,C1428,National Account,Midwest,Phone,2,10017.52,45,19,25,0.034,0,85.0,1
INV-211020,C1706,Regional,South,Sales Rep,10,8278.77,30,17,14,0.226,0,,0
INV-211021,C1437,National Account,Northeast,EDI,10,6008.02,60,20,27,0.177,0,,0
INV-211022,C1578,Independent,West,Phone,1,6926.79,30,24,17,0.171,0,,0
INV-211023,C1301,National Account,Northeast,Sales Rep,5,3113.21,45,199,23,0.084,0,,0
INV-211024,C1120,National Account,Northeast,Phone,1,5957.36,60,62,22,0.397,0,,0
INV-211025,C1575,Independent,Midwest,Phone,3,724.99,45,51,13,0.191,0,,0
INV-211026,C1718,Independent,Midwest,Phone,1,963.52,30,5,17,0.103,0,,0
INV-211027,C1449,National Account,South,Sales Rep,2,16624.42,60,192,18,0.085,0,,0
INV-211028,C1215,Regional,South,Web Portal,12,2424.59,45,33,7,0.335,0,,0
INV-211029,C1527,Independent,Northeast,Phone,4,1826.14,30,13,13,0.117,0,,0
INV-211030,C1766,Independent,Midwest,Web Portal,6,967.14,30,28,13,0.037,0,,0
INV-211031,C1489,National Account,West,Phone,5,17692.1,60,13,32,0.228,0,82.0,1
INV-211032,C1516,Independent,Northeast,EDI,2,594.18,45,14,3,0.084,0,64.0,1
INV-211033,C1069,National Account,Midwest,EDI,11,6010.33,60,16,24,0.089,0,,0
INV-211034,C1336,National Account,West,Sales Rep,8,7936.71,30,5,21,0.269,0,,0
INV-211035,C1181,Regional,West,EDI,6,3044.88,45,58,10,0.156,0,,0
INV-211036,C1442,National Account,South,EDI,2,6635.38,60,45,18,0.166,0,,0
INV-211037,C1148,Regional,Northeast,EDI,7,3768.56,30,18,9,0.153,0,,0
INV-211038,C1559,National Account,West,Sales Rep,4,3600.21,45,11,18,0.337,0,,0
INV-211039,C1776,Regional,South,Sales Rep,12,2261.88,45,13,10,0.098,0,,0
INV-211040,C1387,Regional,West,Web Portal,8,28959.46,30,55,12,0.149,0,,0
INV-211041,C1602,Independent,Northeast,Phone,10,1513.07,45,32,10,0.158,0,,0
INV-211042,C1398,National Account,South,Web Portal,9,21130.36,60,161,15,0.021,0,,0
INV-211043,C1091,National Account,Midwest,Web Portal,3,7925.84,60,111,31,0.001,0,,0
INV-211044,C1087,Independent,Midwest,EDI,1,5135.07,45,13,10,0.057,0,,0
INV-211045,C1211,Regional,Midwest,Sales Rep,6,5223.56,30,61,8,0.716,0,64.0,1
INV-211046,C1463,National Account,West,Web Portal,10,12774.34,60,90,31,0.049,0,,0
INV-211047,C1216,Regional,Northeast,Sales Rep,4,7482.22,30,23,15,0.053,0,,0
INV-211048,C1469,National Account,South,EDI,6,5236.66,30,100,20,0.0,0,,0
INV-211049,C1572,Regional,Midwest,Phone,12,3546.29,30,15,9,0.157,0,,0
INV-211050,C1526,National Account,South,Sales Rep,8,14648.49,60,14,24,0.084,0,,0
INV-211051,C1684,Regional,Northeast,Web Portal,1,4213.84,30,107,8,0.113,0,,0
INV-211052,C1549,Independent,West,Phone,1,6497.52,30,63,9,0.011,0,,0
INV-211053,C1011,Independent,Northeast,Sales Rep,11,4081.9,30,15,10,0.241,0,,0
INV-211054,C1105,Independent,West,EDI,5,2184.73,30,7,5,0.306,0,,0
INV-211055,C1288,Regional,South,Sales Rep,12,6298.24,30,39,8,0.185,0,76.0,1
INV-211056,C1602,Independent,Northeast,Phone,9,9890.91,30,32,15,0.2,0,,0
INV-211057,C1056,Independent,South,EDI,3,2133.63,45,16,11,0.216,0,,0
INV-211058,C1548,Independent,South,Web Portal,7,1482.92,30,27,11,0.195,0,,0
INV-211059,C1847,National Account,West,Sales Rep,6,3169.53,60,10,25,0.284,0,,0
INV-211060,C1407,Regional,West,EDI,5,2207.07,30,25,10,0.067,1,,0
INV-211061,C1787,National Account,Midwest,Web Portal,2,22094.87,45,103,26,0.146,0,,0
INV-211062,C1630,Independent,Midwest,Web Portal,9,5987.88,30,5,8,0.0,0,,0
INV-211063,C1437,National Account,Midwest,Sales Rep,5,9583.08,45,20,32,0.114,0,,0
INV-211064,C1066,Regional,West,Web Portal,11,1828.76,45,38,6,0.185,0,,0
INV-211065,C1545,National Account,Midwest,Sales Rep,1,3592.6,60,183,22,0.054,0,,0
INV-211066,C1512,Regional,Midwest,Sales Rep,4,11089.34,45,47,14,0.159,0,,0
INV-211067,C1186,National Account,South,Web Portal,12,12235.96,45,69,27,0.085,0,,0
INV-211068,C1111,National Account,Midwest,Phone,5,17720.97,45,93,27,0.074,0,,0
INV-211069,C1217,National Account,South,EDI,7,1894.62,45,134,20,0.152,0,,0
INV-211070,C1213,Regional,South,Sales Rep,5,10890.2,60,79,10,0.243,0,,0
INV-211071,C1005,National Account,Midwest,Web Portal,9,3101.54,45,34,17,0.0,0,,0
INV-211072,C1427,National Account,South,Sales Rep,12,64028.44,60,71,27,0.0,0,110.0,1
INV-211073,C1228,National Account,South,EDI,5,5448.83,60,12,28,0.15,0,,0
INV-211074,C1354,Independent,Midwest,EDI,9,1479.36,30,44,6,0.056,0,,0
INV-211075,C1299,National Account,Northeast,Sales Rep,4,4933.21,45,31,28,0.131,0,,0
INV-211076,C1256,National Account,West,Web Portal,4,3689.02,60,9,30,0.449,0,,0
INV-211077,C1234,Independent,Midwest,EDI,9,4371.33,30,10,10,0.205,0,,0
INV-211078,C1078,Regional,West,EDI,10,10193.78,45,20,13,0.0,0,,0
INV-211079,C1787,National Account,South,EDI,6,15630.7,45,103,22,0.011,0,,0
INV-211080,C1595,Regional,South,Sales Rep,1,1373.31,30,17,14,0.026,0,,0
INV-211081,C1393,Regional,South,Sales Rep,2,1226.86,30,29,11,0.274,0,,0
INV-211082,C1121,National Account,Northeast,Sales Rep,9,3679.89,60,46,23,0.3,0,,0
INV-211083,C1005,National Account,South,EDI,2,5149.38,45,34,14,0.042,0,,0
INV-211084,C1434,Regional,South,EDI,9,2794.54,45,114,11,0.038,0,,0
INV-211085,C1552,National Account,Midwest,Sales Rep,8,4445.1,60,18,18,0.063,0,,0
INV-211086,C1442,National Account,Midwest,Web Portal,8,17493.75,30,45,25,0.247,0,70.0,1
INV-211087,C1308,Regional,West,Phone,8,18844.7,30,18,5,0.014,0,,0
INV-211088,C1602,Independent,Midwest,Sales Rep,7,517.8,30,32,9,0.179,0,48.0,1
INV-211089,C1821,Regional,South,Sales Rep,11,24335.13,60,11,7,0.107,0,,0
INV-211090,C1421,Regional,Midwest,Web Portal,5,8274.52,45,29,10,0.023,0,,0
INV-211091,C1062,Regional,Midwest,EDI,12,1974.31,45,43,9,0.253,0,,0
INV-211092,C1218,National Account,Northeast,Phone,12,30109.83,60,43,30,0.116,0,,0
INV-211093,C1236,National Account,West,Sales Rep,12,11550.81,60,36,20,0.0,0,,0
INV-211094,C1661,National Account,Northeast,Web Portal,1,5497.69,60,170,19,0.101,0,,0
INV-211095,C1400,National Account,South,EDI,7,9048.03,45,89,20,0.002,0,,0
INV-211096,C1040,National Account,Northeast,EDI,1,10696.23,60,82,23,0.063,0,,0
INV-211097,C1535,National Account,Northeast,Sales Rep,1,12244.34,45,55,24,0.172,1,,0
INV-211098,C1799,Regional,Midwest,Sales Rep,3,6214.33,30,38,11,0.019,0,,0
INV-211099,C1592,Independent,Midwest,EDI,9,901.97,30,29,10,0.165,0,,0
INV-211100,C1700,Independent,South,Phone,7,385.76,30,59,9,0.058,0,,0
INV-211101,C1821,Regional,South,Web Portal,1,5192.57,30,11,10,0.216,0,,0
INV-211102,C1439,Independent,Northeast,Sales Rep,10,681.58,45,37,9,0.381,0,94.0,1
INV-211103,C1121,National Account,West,EDI,5,21645.26,45,46,23,0.161,0,,0
INV-211104,C1402,National Account,West,Web Portal,11,6737.09,60,66,17,0.21,0,104.0,0
INV-211105,C1196,National Account,West,Phone,4,23017.1,60,28,25,0.21,0,,0
INV-211106,C1543,Regional,South,Web Portal,7,3054.88,60,19,15,0.103,0,,0
INV-211107,C1644,Regional,South,Phone,2,3727.67,45,46,11,0.403,0,75.0,1
INV-211108,C1081,Independent,Northeast,Phone,2,2305.64,45,12,11,0.223,0,,0
INV-211109,C1497,National Account,South,Phone,2,37559.78,60,137,25,0.0,0,88.0,1
INV-211110,C1147,Regional,South,EDI,11,3648.69,30,30,7,0.04,0,,0
INV-211111,C1315,Regional,Midwest,Sales Rep,11,3619.02,45,38,5,0.168,0,,0
INV-211112,C1694,National Account,West,Sales Rep,7,44447.39,45,85,17,0.096,0,,0
INV-211113,C1848,Independent,Midwest,EDI,3,980.31,45,26,11,0.337,0,,0
INV-211114,C1829,Independent,South,Sales Rep,12,3369.46,45,28,10,0.139,0,97.0,1
INV-211115,C1385,Regional,South,Phone,1,5152.6,30,52,9,0.0,1,,0
INV-211116,C1827,National Account,Northeast,Phone,5,20549.31,60,73,18,0.012,0,,0
INV-211117,C1834,Regional,Northeast,EDI,5,4133.27,30,101,14,0.311,0,,0
INV-211118,C1232,Independent,South,Sales Rep,4,3725.38,30,4,16,0.0,0,,0
INV-211119,C1539,Regional,West,Web Portal,1,1092.99,45,36,9,0.19,1,,0
INV-211120,C1307,Regional,Northeast,Sales Rep,1,10168.13,45,119,10,0.0,0,,0
INV-211121,C1239,Regional,Northeast,EDI,5,4377.9,30,63,11,0.32,1,50.0,1
INV-211122,C1709,National Account,South,Phone,4,4266.06,60,45,18,0.097,0,,0
INV-211123,C1272,Regional,Midwest,Sales Rep,8,2157.85,30,41,7,0.095,0,,0
INV-211124,C1275,Regional,South,Web Portal,9,24237.32,30,45,8,0.018,0,,0
INV-211125,C1689,National Account,South,Sales Rep,3,2865.53,45,41,21,0.302,0,,0
INV-211126,C1124,Independent,Midwest,Web Portal,4,17903.04,30,11,13,0.149,1,58.0,1
INV-211127,C1605,Regional,South,Web Portal,10,5185.11,45,43,10,0.156,0,,0
INV-211128,C1105,Independent,Midwest,Sales Rep,10,1263.83,45,7,10,0.131,0,,0
INV-211129,C1746,Regional,West,Phone,4,3807.71,45,65,6,0.226,0,81.0,1
INV-211130,C1040,National Account,West,EDI,3,7149.67,45,82,21,0.001,0,,0
INV-211131,C1026,National Account,South,Web Portal,6,8478.17,60,48,34,0.081,0,,0
INV-211132,C1512,Regional,West,EDI,2,2733.06,45,47,7,0.389,0,,0
INV-211133,C1659,National Account,West,EDI,4,4394.24,45,99,24,0.308,0,,0
INV-211134,C1120,National Account,South,EDI,4,14742.35,45,62,25,0.226,0,,0
INV-211135,C1818,National Account,Midwest,Web Portal,1,15156.06,60,113,23,0.0,0,,0
INV-211136,C1677,Independent,South,Web Portal,5,2658.27,30,21,8,0.022,0,,0
INV-211137,C1207,Independent,Northeast,Phone,2,1199.66,45,16,7,0.13,0,,0
INV-211138,C1213,Regional,Midwest,EDI,12,1914.36,30,79,12,0.27,0,,0
INV-211139,C1523,Independent,South,Web Portal,12,1008.37,60,34,12,0.334,0,,0
INV-211140,C1721,Regional,South,Phone,3,5008.34,60,39,7,0.0,0,,0
INV-211141,C1587,National Account,Midwest,Web Portal,6,19954.9,30,24,25,0.243,0,,0
INV-211142,C1739,Independent,West,Web Portal,11,806.82,45,28,12,0.109,0,,0
INV-211143,C1118,Regional,Midwest,Sales Rep,6,1936.14,45,8,6,0.093,0,,0
INV-211144,C1489,National Account,South,Web Portal,2,39998.26,60,13,21,0.146,0,,0
INV-211145,C1177,Regional,South,Sales Rep,11,2273.83,60,85,13,0.102,0,,0
INV-211146,C1764,Independent,Northeast,Phone,6,543.3,60,11,11,0.114,0,,0
INV-211147,C1689,National Account,Midwest,Sales Rep,7,30653.62,30,41,25,0.119,0,,0
INV-211148,C1744,Independent,Midwest,Phone,1,1054.59,30,39,11,0.056,0,,0
INV-211149,C1510,Regional,South,Sales Rep,7,8159.36,45,32,5,0.058,0,,0
INV-211150,C1596,Regional,West,EDI,1,10611.46,30,17,6,0.372,0,,0
INV-211151,C1612,National Account,Midwest,Sales Rep,1,5972.77,60,56,25,0.0,0,,0
INV-211152,C1656,Regional,South,EDI,6,2406.29,45,84,11,0.0,0,,0
INV-211153,C1544,Independent,Midwest,Sales Rep,11,3895.72,45,7,13,0.185,0,,0
INV-211154,C1520,Regional,Midwest,Web Portal,6,5162.93,60,23,11,0.085,0,105.0,1
INV-211155,C1794,National Account,South,EDI,10,12600.2,45,50,20,0.0,0,,0
INV-211156,C1155,Regional,Midwest,EDI,10,1100.01,30,98,10,0.0,0,,0
INV-211157,C1334,National Account,South,EDI,1,7568.46,60,103,21,0.324,0,,0
INV-211158,C1127,Regional,Northeast,EDI,11,3229.66,30,19,8,0.111,0,,0
INV-211159,C1803,National Account,Northeast,Web Portal,9,18577.19,60,32,21,0.0,0,,0
INV-211160,C1603,National Account,South,EDI,12,28067.96,30,122,32,0.086,0,,0
INV-211161,C1738,Independent,Northeast,Sales Rep,3,4808.1,30,10,11,0.318,0,70.0,1
INV-211162,C1695,Regional,South,EDI,2,10536.75,45,72,10,0.099,0,,0
INV-211163,C1670,Regional,Midwest,Sales Rep,8,2077.21,45,89,13,0.0,0,,0
INV-211164,C1241,Regional,Midwest,Sales Rep,3,3117.96,45,10,8,0.222,0,,0
INV-211165,C1164,Regional,Northeast,Sales Rep,6,1516.83,45,19,8,0.287,0,,0
INV-211166,C1734,Independent,Northeast,Sales Rep,1,4259.85,30,95,13,0.272,0,,0
INV-211167,C1448,Independent,South,EDI,7,6210.85,45,4,10,0.106,0,65.0,1
INV-211168,C1727,Regional,Northeast,Sales Rep,11,4026.19,60,37,11,0.114,0,,0
INV-211169,C1299,National Account,Northeast,Sales Rep,9,39053.78,45,31,21,0.051,0,,0
INV-211170,C1111,National Account,Northeast,EDI,1,7202.04,45,93,14,0.299,0,,0
INV-211171,C1564,National Account,Midwest,Sales Rep,9,12302.14,45,113,14,0.128,0,,0
INV-211172,C1573,National Account,West,EDI,9,3092.86,30,63,27,0.034,0,,0
INV-211173,C1289,Independent,Midwest,EDI,11,3048.95,30,42,9,0.392,0,,0
INV-211174,C1262,Regional,Northeast,EDI,1,12919.42,30,48,9,0.178,0,,0
INV-211175,C1827,National Account,Midwest,Phone,10,28599.37,60,73,23,0.03,0,,0
INV-211176,C1425,Independent,Northeast,Web Portal,11,1723.22,30,20,6,0.091,0,,0
INV-211177,C1019,National Account,Midwest,Phone,1,6423.03,30,43,17,0.0,1,,0
INV-211178,C1402,National Account,Northeast,Sales Rep,1,4476.04,45,66,24,0.183,0,,0
INV-211179,C1437,National Account,South,Sales Rep,11,15193.97,45,20,25,0.385,0,,0
INV-211180,C1601,National Account,Northeast,EDI,12,14946.14,60,17,15,0.15,0,,0
INV-211181,C1478,Regional,Midwest,Phone,1,10247.35,45,21,5,0.196,0,,0
INV-211182,C1148,Regional,Midwest,EDI,10,2421.94,30,18,15,0.116,0,,0
INV-211183,C1221,Independent,Northeast,EDI,5,451.05,45,15,10,0.412,0,,0
INV-211184,C1517,Regional,Midwest,Phone,9,11330.8,45,38,7,0.033,0,,0
INV-211185,C1775,Regional,Midwest,EDI,4,2575.73,60,10,8,0.036,0,,0
INV-211186,C1001,Regional,Midwest,EDI,4,2122.27,30,30,10,0.136,0,,0
INV-211187,C1438,Independent,Northeast,Web Portal,1,1107.13,60,22,6,0.238,0,,1
INV-211188,C1135,Regional,South,Sales Rep,7,2346.91,30,86,13,0.24,0,,0
INV-211189,C1097,National Account,West,Phone,4,9546.15,45,32,20,0.043,0,,0
INV-211190,C1719,Independent,Northeast,EDI,5,996.98,45,33,14,0.183,0,,0
INV-211191,C1397,National Account,Midwest,Phone,6,16531.81,60,54,21,0.0,0,,0
INV-211192,C1603,National Account,Northeast,Sales Rep,4,40967.31,60,122,29,0.126,0,78.0,1
INV-211193,C1031,Regional,Midwest,Sales Rep,8,6519.32,45,34,11,0.205,0,,0
INV-211194,C1688,Regional,Northeast,Web Portal,6,4338.58,60,133,7,0.195,0,,0
INV-211195,C1189,National Account,West,Sales Rep,9,11429.0,30,90,22,0.125,0,,0
INV-211196,C1443,Regional,South,Sales Rep,5,561.9,30,54,7,0.206,0,,0
INV-211197,C1560,Regional,Northeast,Sales Rep,12,1666.18,45,125,9,0.246,0,,0
INV-211198,C1643,Independent,West,Web Portal,4,339.67,45,26,13,0.105,0,,0
INV-211199,C1370,Regional,Northeast,Phone,1,3074.36,60,68,10,0.136,0,,0
INV-211200,C1634,Regional,South,Sales Rep,12,10334.0,30,93,14,0.099,0,,0
INV-211201,C1611,Independent,Northeast,Sales Rep,11,8578.08,30,14,13,0.095,0,56.0,1
INV-211202,C1219,Independent,Northeast,EDI,4,1017.61,45,20,13,0.389,0,,0
INV-211203,C1835,Regional,Northeast,EDI,4,5560.35,30,74,11,0.059,0,,0
INV-211204,C1533,Independent,Northeast,Sales Rep,4,4315.64,30,9,15,0.387,0,53.0,0
INV-211205,C1274,National Account,Midwest,Web Portal,6,7996.19,60,33,27,0.087,0,,0
INV-211206,C1001,Regional,Midwest,Sales Rep,12,8947.7,45,30,10,0.101,0,,0
INV-211207,C1712,National Account,Midwest,EDI,2,27363.49,60,66,16,0.289,0,,0
INV-211208,C1370,Regional,West,EDI,3,772.8,45,68,7,0.066,0,,0
INV-211209,C1238,National Account,Northeast,Web Portal,6,9762.51,60,201,24,0.108,0,,0
INV-211210,C1594,National Account,Midwest,Phone,11,6248.95,60,75,16,0.0,0,,0
INV-211211,C1710,National Account,Northeast,EDI,2,5019.08,45,54,16,0.009,0,,0
INV-211212,C1236,National Account,South,EDI,3,5122.57,30,36,21,0.483,0,,0
INV-211213,C1061,Regional,South,Web Portal,8,7188.64,45,30,15,0.064,0,,0
INV-211214,C1397,National Account,Midwest,Sales Rep,11,9791.93,60,54,25,0.0,0,,0
INV-211215,C1508,Regional,Northeast,Web Portal,7,3230.1,30,34,6,0.278,0,,0
INV-211216,C1012,Independent,South,Web Portal,9,8104.68,30,7,9,0.094,0,50.0,1
INV-211217,C1299,National Account,West,Sales Rep,2,13262.34,30,31,28,0.037,0,,0
INV-211218,C1097,National Account,Midwest,Sales Rep,6,29731.34,60,32,27,0.0,0,,0
INV-211219,C1477,National Account,West,Web Portal,5,6137.28,45,173,23,0.0,0,,0
INV-211220,C1817,Independent,Midwest,Phone,4,3067.4,30,30,5,0.0,0,,0
INV-211221,C1312,National Account,Northeast,EDI,10,4179.08,60,104,20,0.0,0,,0
INV-211222,C1025,Regional,Midwest,Phone,12,5317.65,30,14,9,0.018,0,,0
INV-211223,C1334,National Account,Midwest,Web Portal,8,8217.55,45,103,25,0.201,0,,0
INV-211224,C1587,National Account,Northeast,Sales Rep,4,17948.4,45,24,19,0.124,0,,0
INV-211225,C1071,Regional,Midwest,Web Portal,3,2573.73,30,48,15,0.131,0,,0
INV-211226,C1319,Regional,South,Web Portal,1,3060.92,30,43,9,0.11,0,,0
INV-211227,C1487,Regional,West,Web Portal,9,1015.39,30,74,15,0.137,0,,0
INV-211228,C1178,National Account,South,EDI,6,4045.21,45,58,24,0.014,0,,0
INV-211229,C1066,Regional,Northeast,EDI,8,7341.89,30,38,5,0.163,0,,0
INV-211230,C1569,Independent,West,Sales Rep,1,3260.01,30,9,6,0.174,0,,0
INV-211231,C1040,National Account,Northeast,EDI,10,3833.17,45,82,26,0.193,1,,0
INV-211232,C1352,National Account,Northeast,Sales Rep,12,9535.86,30,35,19,0.054,0,,0
INV-211233,C1170,National Account,Midwest,Sales Rep,4,8149.26,45,47,38,0.187,0,,0
INV-211234,C1157,National Account,Midwest,Phone,7,49080.19,60,138,25,0.024,0,,0
INV-211235,C1399,Independent,South,Sales Rep,11,1152.16,45,26,11,0.352,0,,0
INV-211236,C1123,Independent,West,Phone,1,2817.76,45,26,10,0.198,0,,0
INV-211237,C1060,Regional,West,Sales Rep,12,5747.79,45,32,5,0.052,0,,0
INV-211238,C1622,Regional,West,Sales Rep,6,3426.36,60,43,10,0.0,0,,0
INV-211239,C1120,National Account,South,Web Portal,8,30983.35,45,62,33,0.134,0,75.0,1
INV-211240,C1157,National Account,Northeast,EDI,7,44279.82,30,138,31,0.096,0,,0
INV-211241,C1576,Regional,West,Web Portal,2,5186.23,30,18,15,0.251,0,,0
INV-211242,C1236,National Account,Northeast,Sales Rep,2,14473.6,45,36,16,0.198,0,,0
INV-211243,C1720,Independent,Midwest,EDI,5,1961.91,45,31,8,0.28,0,,0
INV-211244,C1265,Regional,Northeast,Phone,1,3028.02,60,9,12,0.281,0,,0
INV-211245,C1365,Independent,Northeast,EDI,11,2160.63,30,78,7,0.041,0,,0
INV-211246,C1077,Regional,Northeast,Sales Rep,10,5260.62,30,39,8,0.0,0,,0
INV-211247,C1798,Regional,West,Phone,7,1426.74,45,90,6,0.616,0,,0
INV-211248,C1053,Regional,South,Sales Rep,8,8726.17,45,25,11,0.054,0,,0
INV-211249,C1428,National Account,Midwest,Sales Rep,9,18337.92,45,19,18,0.157,0,,0
INV-211250,C1613,Regional,Northeast,Sales Rep,4,434.42,60,35,10,0.419,0,,0
INV-211251,C1411,National Account,South,Web Portal,7,3577.92,45,70,27,0.209,0,,0
INV-211252,C1400,National Account,Midwest,Phone,5,19733.76,45,89,24,0.0,1,,0
INV-211253,C1778,Regional,West,EDI,7,4027.44,30,54,11,0.102,0,,0
INV-211254,C1592,Independent,Northeast,Web Portal,9,1646.82,30,29,11,0.091,0,,0
INV-211255,C1199,Independent,West,Web Portal,5,7618.2,30,9,10,0.113,0,48.0,1
INV-211256,C1750,National Account,Midwest,Web Portal,1,4707.25,60,108,26,0.0,0,,0
INV-211257,C1809,Regional,Midwest,Web Portal,6,7290.95,60,62,10,0.041,0,,0
INV-211258,C1595,Regional,Midwest,Phone,5,4031.66,45,17,5,0.0,0,,0
INV-211259,C1266,Regional,South,EDI,4,2152.21,30,22,11,0.1,0,,0
INV-211260,C1069,National Account,Midwest,Web Portal,7,24976.01,30,16,23,0.131,0,,0
INV-211261,C1296,Independent,South,Sales Rep,12,2202.84,30,32,10,0.078,0,,0
INV-211262,C1593,Regional,Midwest,Phone,1,5386.44,30,128,12,0.347,0,,0
INV-211263,C1825,Independent,Midwest,Phone,9,1936.99,30,16,16,0.184,0,,0
INV-211264,C1595,Regional,Northeast,Phone,7,1128.8,45,17,7,0.0,0,,0
INV-211265,C1267,Independent,South,Sales Rep,7,1290.43,30,33,6,0.047,0,,0
INV-211266,C1332,National Account,South,Sales Rep,4,2966.89,30,14,21,0.0,0,,0
INV-211267,C1218,National Account,West,EDI,5,8245.41,45,43,19,0.228,0,,0
INV-211268,C1730,Regional,Northeast,Sales Rep,3,1459.5,45,26,5,0.011,0,,0
INV-211269,C1069,National Account,Northeast,EDI,12,6101.59,30,16,27,0.242,0,,0
INV-211270,C1703,Regional,Midwest,EDI,6,1686.25,45,49,8,0.118,0,,0
INV-211271,C1553,Independent,Northeast,EDI,12,3306.81,45,84,15,0.096,0,,0
INV-211272,C1384,Independent,West,Sales Rep,6,9958.41,30,25,11,0.028,0,,0
INV-211273,C1728,National Account,Northeast,Sales Rep,10,6992.32,60,121,24,0.039,0,,0
INV-211274,C1137,Regional,South,Sales Rep,2,5888.58,45,51,7,0.277,0,,0
INV-211275,C1127,Regional,South,Sales Rep,8,8607.46,60,19,7,0.175,0,,0
INV-211276,C1108,Independent,Midwest,Sales Rep,5,2919.84,30,65,11,0.344,0,,0
INV-211277,C1180,Independent,South,Sales Rep,7,4473.9,30,21,13,0.09,0,,0
INV-211278,C1294,Independent,Midwest,EDI,9,2313.1,30,40,10,0.123,0,50.0,1
INV-211279,C1112,Independent,Midwest,Web Portal,9,1175.84,30,24,4,0.202,0,,0
INV-211280,C1601,National Account,West,Web Portal,4,12863.46,60,17,24,0.0,0,,0
INV-211281,C1373,Independent,West,Web Portal,11,1275.97,60,9,8,0.256,0,,0
INV-211282,C1329,Independent,Northeast,Sales Rep,7,1199.27,45,8,8,0.07,0,,0
INV-211283,C1609,Independent,Northeast,Phone,2,4054.69,30,8,12,0.0,0,,0
INV-211284,C1052,Independent,West,Sales Rep,12,1506.35,60,15,12,0.349,0,,0
INV-211285,C1336,National Account,Midwest,Sales Rep,3,9763.87,30,5,16,0.053,0,,0
INV-211286,C1331,Independent,Midwest,Web Portal,6,2306.03,45,14,15,0.297,0,,0
INV-211287,C1430,Regional,Northeast,Web Portal,10,1307.33,30,34,14,0.139,0,,0
INV-211288,C1721,Regional,Midwest,Phone,6,938.09,45,39,12,0.022,0,,0
INV-211289,C1333,Regional,South,Phone,4,3778.66,30,19,9,0.165,0,75.0,1
INV-211290,C1159,Independent,Midwest,Phone,8,1711.83,45,16,14,0.169,1,,0
INV-211291,C1449,National Account,Midwest,Web Portal,5,27262.63,60,192,23,0.0,0,,0
INV-211292,C1426,Regional,Midwest,EDI,2,2939.75,30,24,5,0.297,0,,0
INV-211293,C1115,National Account,Midwest,Sales Rep,3,5515.14,45,48,26,0.207,0,,0
INV-211294,C1507,National Account,West,EDI,12,2662.43,60,37,25,0.133,0,,0
INV-211295,C1411,National Account,Northeast,Sales Rep,2,6992.25,45,70,24,0.249,0,,0
INV-211296,C1623,Regional,West,Web Portal,10,1163.76,45,33,13,0.24,0,79.0,1
INV-211297,C1301,National Account,South,EDI,2,28078.78,60,199,19,0.027,0,,0
INV-211298,C1397,National Account,South,EDI,11,2807.95,60,54,21,0.087,0,,0
INV-211299,C1548,Independent,Northeast,Web Portal,4,3512.37,30,27,14,0.135,0,,0
INV-211300,C1612,National Account,Midwest,Sales Rep,12,8190.04,45,56,27,0.007,0,,0
INV-211301,C1634,Regional,Northeast,Sales Rep,2,5363.85,30,93,10,0.015,0,,0
INV-211302,C1195,Regional,Northeast,Web Portal,3,2346.84,30,56,6,0.027,0,,0
INV-211303,C1762,National Account,Northeast,EDI,10,37010.86,60,36,17,0.088,0,,0
INV-211304,C1431,Regional,Midwest,Phone,11,2988.87,60,41,22,0.108,0,,0
INV-211305,C1325,Regional,South,EDI,8,1601.02,30,59,7,0.11,0,,0
INV-211306,C1668,Independent,Northeast,Phone,5,1168.82,30,30,13,0.0,0,,0
INV-211307,C1306,National Account,West,Sales Rep,11,21253.98,60,20,18,0.117,0,,0
INV-211308,C1686,Independent,Midwest,Web Portal,2,2231.73,30,2,5,0.236,0,,0
INV-211309,C1790,National Account,Midwest,EDI,1,10564.28,45,87,30,0.41,0,,0
INV-211310,C1741,National Account,South,Web Portal,9,5448.6,30,93,22,0.0,0,,0
INV-211311,C1069,National Account,West,Sales Rep,11,8253.49,45,16,22,0.066,0,,0
INV-211312,C1114,Independent,Midwest,EDI,4,1476.65,30,10,11,0.373,0,,0
INV-211313,C1445,Regional,Northeast,Web Portal,1,3708.89,30,20,10,0.0,0,,0
INV-211314,C1802,Regional,Midwest,Web Portal,8,2358.85,30,102,16,0.137,0,,0
INV-211315,C1579,Regional,Midwest,Sales Rep,1,9675.98,60,21,12,0.338,0,,0
INV-211316,C1594,National Account,Northeast,EDI,2,15433.19,45,75,16,0.062,0,,0
INV-211317,C1310,National Account,South,Web Portal,12,16724.49,45,161,29,0.0,0,,0
INV-211318,C1466,Independent,Midwest,Web Portal,5,1838.92,60,15,11,0.3,0,98.0,1
INV-211319,C1695,Regional,Northeast,Web Portal,5,4051.09,30,72,10,0.114,0,,0
INV-211320,C1449,National Account,South,Sales Rep,8,4184.62,60,192,26,0.137,0,,0
INV-211321,C1023,National Account,South,Web Portal,12,11232.12,45,33,21,0.018,0,,0
INV-211322,C1568,National Account,Midwest,Sales Rep,12,10798.36,45,79,29,0.131,0,,0
INV-211323,C1039,Independent,Midwest,Sales Rep,4,1987.55,60,20,13,0.108,0,,0
INV-211324,C1807,National Account,Northeast,Web Portal,6,11936.67,45,170,19,0.0,0,,0
INV-211325,C1641,Regional,South,Sales Rep,9,10700.07,30,35,13,0.105,0,,0
INV-211326,C1728,National Account,Midwest,Web Portal,3,7187.74,45,121,27,0.002,0,,0
INV-211327,C1352,National Account,West,Phone,11,1719.29,60,35,20,0.262,0,,0
INV-211328,C1591,Independent,Midwest,Web Portal,4,12901.17,30,8,20,0.101,0,,0
INV-211329,C1709,National Account,Northeast,Sales Rep,9,9486.85,60,45,23,0.006,0,,0
INV-211330,C1757,Independent,South,EDI,6,4587.25,30,14,9,0.0,0,,0
INV-211331,C1757,Independent,Midwest,EDI,4,1794.62,45,14,9,0.059,0,,0
INV-211332,C1127,Regional,South,Sales Rep,11,1330.95,30,19,5,0.118,1,,0
INV-211333,C1150,National Account,Midwest,EDI,4,8168.08,30,35,23,0.0,0,,0
INV-211334,C1507,National Account,South,Sales Rep,1,6544.2,30,37,19,0.0,0,,0
INV-211335,C1794,National Account,South,Phone,2,11597.69,45,50,23,0.0,0,,0
INV-211336,C1197,Independent,Midwest,EDI,11,3771.35,30,10,9,0.356,0,,0
INV-211337,C1831,Regional,Midwest,Sales Rep,3,9443.21,45,39,8,0.078,0,96.0,1
INV-211338,C1040,National Account,Northeast,Web Portal,2,7280.22,45,82,28,0.053,0,,0
INV-211339,C1122,Regional,South,EDI,11,1156.72,60,18,10,0.03,0,,0
INV-211340,C1477,National Account,Midwest,Phone,7,19359.9,45,173,15,0.154,0,87.0,0
INV-211341,C1394,National Account,South,Sales Rep,12,7604.56,60,93,25,0.18,0,,0
INV-211342,C1745,Regional,West,Phone,4,6395.04,45,73,7,0.185,0,,0
INV-211343,C1435,Regional,West,Sales Rep,5,4467.6,45,15,8,0.157,0,87.0,1
INV-211344,C1402,National Account,West,Web Portal,10,3873.92,45,66,21,0.319,0,,0
INV-211345,C1347,Regional,Northeast,Phone,4,7199.67,30,85,12,0.189,0,74.0,1
INV-211346,C1428,National Account,Midwest,EDI,11,3955.01,60,19,26,0.0,0,,0
INV-211347,C1653,Regional,Northeast,EDI,7,43636.58,30,8,11,0.016,0,,0
INV-211348,C1017,Independent,South,Web Portal,7,2680.17,30,15,9,0.006,0,,0
INV-211349,C1427,National Account,Midwest,EDI,1,20439.97,60,71,24,0.178,0,,0
INV-211350,C1037,Regional,West,Phone,12,1551.71,45,75,15,0.104,0,,0
INV-211351,C1170,National Account,South,Phone,2,5506.76,60,47,20,0.068,0,,0
INV-211352,C1118,Regional,West,Sales Rep,8,4549.37,45,8,9,0.198,0,,0
INV-211353,C1150,National Account,Northeast,EDI,11,8587.06,45,35,30,0.0,0,,0
INV-211354,C1685,Independent,Midwest,Phone,3,4568.7,30,16,12,0.333,0,54.0,1
INV-211355,C1110,Independent,Northeast,Sales Rep,9,2220.53,30,17,12,0.0,0,,0
INV-211356,C1092,Independent,Midwest,Sales Rep,12,280.98,30,57,9,0.295,0,,0
INV-211357,C1111,National Account,West,Web Portal,12,20714.13,45,93,32,0.025,0,,0
INV-211358,C1832,Independent,South,Web Portal,5,1936.71,45,14,7,0.47,0,,0
INV-211359,C1753,Independent,Midwest,Sales Rep,6,3158.57,45,34,11,0.055,0,,0
INV-211360,C1512,Regional,Midwest,Sales Rep,10,3618.88,45,47,10,0.033,0,,0
INV-211361,C1390,Independent,West,Sales Rep,7,11626.28,30,18,11,0.254,0,,0
INV-211362,C1101,National Account,Northeast,Web Portal,10,3534.95,30,152,32,0.0,0,,0
INV-211363,C1297,National Account,Northeast,Web Portal,7,26154.91,45,77,18,0.0,0,,0
INV-211364,C1024,Regional,Northeast,Sales Rep,12,4251.13,45,141,11,0.171,0,,0
INV-211365,C1610,Regional,South,Web Portal,11,1509.32,30,22,7,0.058,0,,0
INV-211366,C1394,National Account,West,Sales Rep,7,8793.05,60,93,29,0.185,0,,0
INV-211367,C1308,Regional,Midwest,Phone,9,3665.52,45,18,9,0.009,0,,0
INV-211368,C1153,Regional,West,EDI,10,1954.75,30,80,11,0.125,0,,0
INV-211369,C1566,National Account,West,Sales Rep,11,14590.85,45,58,29,0.218,0,,0
INV-211370,C1787,National Account,Midwest,Sales Rep,5,9294.86,60,103,20,0.016,0,,0
INV-211371,C1575,Independent,Northeast,Phone,3,2291.56,30,51,11,0.213,0,,0
INV-211372,C1144,Regional,Northeast,Web Portal,12,556.75,45,31,7,0.217,0,,0
INV-211373,C1816,National Account,South,Phone,1,17955.23,60,25,19,0.172,0,,0
INV-211374,C1411,National Account,South,EDI,7,12766.34,45,70,17,0.0,0,,0
INV-211375,C1306,National Account,Northeast,EDI,10,12615.45,60,20,17,0.0,1,89.0,1
INV-211376,C1084,National Account,Northeast,Sales Rep,5,15482.19,60,258,24,0.0,0,,0
INV-211377,C1546,Regional,Midwest,Web Portal,1,15367.64,30,72,9,0.203,0,,0
INV-211378,C1648,Regional,Northeast,Phone,6,888.61,45,39,7,0.083,0,93.0,1
INV-211379,C1478,Regional,Midwest,Phone,11,11320.32,30,21,13,0.069,0,,0
INV-211380,C1422,Independent,South,Web Portal,6,1696.54,30,20,9,0.099,0,,0
INV-211381,C1445,Regional,Midwest,EDI,11,6362.89,30,20,10,0.0,0,,1
INV-211382,C1164,Regional,Midwest,Web Portal,4,3002.85,30,19,10,0.048,0,,0
INV-211383,C1671,National Account,Midwest,EDI,8,1207.68,60,231,31,0.0,0,,0
INV-211384,C1750,National Account,Midwest,Sales Rep,4,14635.53,60,108,22,0.104,0,,0
INV-211385,C1021,Independent,West,Phone,9,1832.7,30,22,13,0.244,0,,0
INV-211386,C1428,National Account,South,Sales Rep,1,3586.58,45,19,32,0.0,0,,0
INV-211387,C1468,Independent,South,Web Portal,8,2957.24,45,11,8,0.033,0,,0
INV-211388,C1394,National Account,South,Web Portal,4,4561.18,45,93,20,0.194,0,,0
INV-211389,C1659,National Account,Midwest,Sales Rep,2,77130.93,60,99,25,0.0,0,,0
INV-211390,C1121,National Account,Midwest,Sales Rep,1,5794.1,60,46,17,0.0,0,,0
INV-211391,C1791,Regional,Northeast,EDI,12,3574.6,45,143,7,0.049,1,,0
INV-211392,C1566,National Account,Midwest,Web Portal,9,5310.73,30,58,24,0.0,0,,0
INV-211393,C1614,National Account,Midwest,Sales Rep,8,13632.31,60,27,23,0.017,0,,0
INV-211394,C1751,National Account,South,Sales Rep,12,6969.96,45,60,21,0.022,0,,0
INV-211395,C1181,Regional,South,Phone,6,5185.56,30,58,15,0.03,0,,0
INV-211396,C1101,National Account,Northeast,Web Portal,1,6970.2,45,152,19,0.0,0,,0
INV-211397,C1819,Regional,Midwest,Phone,10,8724.69,45,69,12,0.237,0,,0
INV-211398,C1583,National Account,Northeast,Phone,8,6881.63,45,103,24,0.0,0,,0
INV-211399,C1045,National Account,South,Web Portal,2,2403.94,60,120,18,0.0,0,,0
INV-211400,C1328,National Account,Midwest,Web Portal,7,10461.86,30,81,30,0.037,0,,0
INV-211401,C1397,National Account,Midwest,EDI,8,6325.79,60,54,19,0.126,0,,0
INV-211402,C1043,Regional,South,Sales Rep,6,2469.1,30,85,6,0.153,0,,0
INV-211403,C1186,National Account,Northeast,Sales Rep,12,33470.3,45,69,22,0.028,0,,0
INV-211404,C1232,Independent,Midwest,Sales Rep,3,2361.73,30,4,15,0.103,1,71.0,1
INV-211405,C1512,Regional,Midwest,Web Portal,6,2474.14,45,47,14,0.055,0,,0
INV-211406,C1430,Regional,Midwest,EDI,6,2977.76,30,34,3,0.042,0,,0
INV-211407,C1565,National Account,South,Sales Rep,4,2981.16,60,28,28,0.0,0,79.0,1
INV-211408,C1842,Regional,Northeast,Web Portal,11,3166.39,60,33,9,0.063,0,,0
INV-211409,C1732,National Account,South,Web Portal,7,3199.96,30,112,25,0.0,0,,0
INV-211410,C1573,National Account,Midwest,Phone,5,8410.06,60,63,33,0.057,0,,0
INV-211411,C1566,National Account,Northeast,Phone,2,13131.2,30,58,28,0.046,0,,0
INV-211412,C1361,Independent,Northeast,Sales Rep,12,5480.49,30,26,8,0.251,0,,0
INV-211413,C1612,National Account,Midwest,EDI,9,40509.25,45,56,21,0.056,0,,0
INV-211414,C1353,National Account,South,Phone,8,9122.78,30,24,21,0.136,1,,0
INV-211415,C1312,National Account,Midwest,Web Portal,12,16846.77,60,104,17,0.052,0,,0
INV-211416,C1414,Independent,South,EDI,12,2249.22,45,6,6,0.531,0,,0
INV-211417,C1004,National Account,Northeast,Sales Rep,2,2657.05,30,140,25,0.144,0,,0
INV-211418,C1202,National Account,South,EDI,10,14890.06,30,98,25,0.0,0,,0
INV-211419,C1697,Regional,Northeast,EDI,9,2881.07,45,85,9,0.0,0,,0
INV-211420,C1427,National Account,West,EDI,8,7695.36,30,71,22,0.096,0,,0
INV-211421,C1743,Independent,Northeast,Sales Rep,10,3611.74,30,8,9,0.057,0,,0
INV-211422,C1288,Regional,West,Sales Rep,6,4633.25,45,39,7,0.004,0,,0
INV-211423,C1406,Independent,West,EDI,7,1957.23,60,13,14,0.259,0,,0
INV-211424,C1202,National Account,West,Phone,6,18878.34,60,98,19,0.0,0,,0
INV-211425,C1603,National Account,Northeast,Sales Rep,7,33539.93,45,122,31,0.092,0,,0
INV-211426,C1770,Regional,Midwest,EDI,5,5748.35,45,13,7,0.141,0,,0
INV-211427,C1482,Regional,Midwest,EDI,11,1683.77,45,68,13,0.239,0,,0
INV-211428,C1729,Regional,South,EDI,11,2626.57,30,9,4,0.055,0,,0
INV-211429,C1761,Regional,Midwest,Web Portal,6,5527.71,45,50,8,0.009,0,,0
INV-211430,C1417,Regional,West,Phone,10,5199.43,45,4,10,0.047,0,,0
INV-211431,C1154,Regional,West,Sales Rep,10,6807.09,45,5,12,0.0,0,,0
INV-211432,C1728,National Account,Midwest,Sales Rep,11,26971.7,45,121,16,0.032,0,,0
INV-211433,C1001,Regional,West,Phone,4,3504.31,30,30,11,0.113,0,,0
INV-211434,C1363,Independent,South,Web Portal,8,5542.3,30,6,12,0.252,0,,0
INV-211435,C1727,Regional,Northeast,Web Portal,9,2522.53,30,37,14,0.32,0,,0
INV-211436,C1427,National Account,Northeast,Phone,10,1588.57,60,71,16,0.0,0,,0
INV-211437,C1520,Regional,South,Web Portal,8,6159.4,45,23,15,0.084,0,,0
INV-211438,C1716,Independent,South,EDI,12,764.47,30,7,12,0.096,0,,0
INV-211439,C1274,National Account,Northeast,EDI,4,2165.9,60,33,30,0.161,0,,0
INV-211440,C1254,Independent,Midwest,Web Portal,11,12487.38,30,19,9,0.301,0,,0
INV-211441,C1150,National Account,West,Sales Rep,3,21497.33,60,35,18,0.0,0,,0
INV-211442,C1044,Independent,South,EDI,10,1631.31,30,10,9,0.234,0,,0
INV-211443,C1766,Independent,West,Web Portal,11,8270.7,30,28,5,0.018,0,,0
INV-211444,C1627,Regional,South,EDI,9,3047.92,60,29,8,0.367,0,,0
INV-211445,C1839,Independent,Midwest,Web Portal,1,2370.09,30,25,12,0.209,0,,0
INV-211446,C1148,Regional,Midwest,EDI,5,8482.88,45,18,9,0.135,0,,0
INV-211447,C1260,National Account,Northeast,Sales Rep,12,16361.65,60,11,23,0.62,0,,0
INV-211448,C1833,Independent,Northeast,Phone,7,1789.29,30,44,7,0.101,0,,0
INV-211449,C1652,Regional,Midwest,Phone,6,1994.98,30,80,11,0.136,0,,0
INV-211450,C1559,National Account,Midwest,EDI,3,13247.11,60,11,18,0.0,0,,0
INV-211451,C1115,National Account,Northeast,Web Portal,7,9697.23,45,48,27,0.023,0,,0
INV-211452,C1044,Independent,West,Web Portal,10,902.95,30,10,7,0.059,0,,0
INV-211453,C1350,Independent,South,Phone,5,3394.91,30,32,18,0.152,0,,0
INV-211454,C1489,National Account,South,EDI,11,18482.5,30,13,16,0.141,0,,0
INV-211455,C1130,Independent,Northeast,Web Portal,10,1286.74,30,5,5,0.118,0,,0
INV-211456,C1483,Independent,Northeast,Sales Rep,5,10984.33,30,16,7,0.187,0,,0
INV-211457,C1226,Regional,South,Phone,8,2492.16,45,108,9,0.069,0,,0
INV-211458,C1390,Independent,Northeast,Web Portal,12,3525.44,30,18,10,0.094,0,,0
INV-211459,C1625,Regional,South,Phone,7,18755.98,45,70,7,0.02,0,,0
INV-211460,C1291,Independent,Midwest,Phone,10,600.43,45,47,13,0.31,1,,0
INV-211461,C1163,National Account,Northeast,EDI,6,6369.89,60,48,19,0.0,0,,0
INV-211462,C1178,National Account,South,Sales Rep,7,6266.82,45,58,31,0.216,0,,0
INV-211463,C1281,Independent,Midwest,Phone,1,631.06,45,21,14,0.104,0,,0
INV-211464,C1615,Independent,Northeast,EDI,2,1084.95,60,15,9,0.181,0,,0
INV-211465,C1188,Regional,Midwest,Sales Rep,8,4990.25,30,46,14,0.14,0,,0
INV-211466,C1647,Regional,South,EDI,4,2878.92,45,24,8,0.165,1,,0
INV-211467,C1299,National Account,South,Sales Rep,6,12756.97,45,31,24,0.0,0,,0
INV-211468,C1193,Regional,South,Phone,7,6905.92,45,26,13,0.021,0,,0
INV-211469,C1503,Regional,Northeast,EDI,10,6975.55,30,42,4,0.331,1,,0
INV-211470,C1560,Regional,South,Web Portal,2,6880.15,30,125,12,0.126,0,,0
INV-211471,C1102,Independent,Northeast,Web Portal,4,1699.94,30,20,12,0.177,0,,0
INV-211472,C1840,Regional,South,EDI,12,3892.61,45,38,9,0.273,0,,0
INV-211473,C1328,National Account,Midwest,EDI,7,14126.57,60,81,23,0.083,0,,0
INV-211474,C1672,Regional,South,Phone,7,4260.88,45,30,8,0.156,0,,0
INV-211475,C1119,Regional,Northeast,Phone,1,2532.7,45,28,9,0.109,0,,0
INV-211476,C1741,National Account,Northeast,Phone,5,8992.79,45,93,16,0.149,0,,0
INV-211477,C1026,National Account,Northeast,Sales Rep,2,8325.15,45,48,30,0.256,0,,0
INV-211478,C1091,National Account,South,EDI,8,18315.46,60,111,21,0.061,0,,0
INV-211479,C1393,Regional,Midwest,Sales Rep,11,3126.65,45,29,14,0.343,0,,0
INV-211480,C1146,National Account,South,Phone,12,41836.47,45,38,13,0.098,0,,0
INV-211481,C1355,Independent,Northeast,Web Portal,7,2146.91,45,24,14,0.0,0,,0
INV-211482,C1774,Independent,West,Sales Rep,9,2746.89,30,13,14,0.002,0,,0
INV-211483,C1437,National Account,Midwest,Sales Rep,1,16127.65,60,20,22,0.269,0,,0
INV-211484,C1386,National Account,Midwest,Web Portal,8,2910.91,30,111,26,0.0,0,,0
INV-211485,C1649,Independent,West,Sales Rep,9,4555.23,30,29,9,0.163,0,,0
INV-211486,C1111,National Account,South,EDI,6,12492.72,60,93,17,0.043,0,,0
INV-211487,C1339,Independent,South,EDI,12,9765.68,30,5,9,0.1,0,,0
INV-211488,C1231,National Account,Midwest,EDI,9,1906.3,60,35,26,0.212,0,,0
INV-211489,C1823,National Account,Midwest,Web Portal,8,7171.19,60,138,31,0.053,1,,0
INV-211490,C1386,National Account,Northeast,Web Portal,8,32102.28,30,111,21,0.0,0,,0
INV-211491,C1129,Independent,West,Phone,10,1006.06,30,20,7,0.112,0,,0
INV-211492,C1357,Independent,Northeast,EDI,5,5257.09,30,4,11,0.221,0,,0
INV-211493,C1472,Regional,Midwest,Sales Rep,5,1875.6,60,66,10,0.053,1,,0
INV-211494,C1170,National Account,West,Phone,1,20055.51,45,47,17,0.021,0,,0
INV-211495,C1048,Regional,Northeast,Web Portal,10,3256.39,30,61,8,0.174,0,,0
INV-211496,C1595,Regional,South,Sales Rep,9,9510.79,30,17,15,0.204,0,,0
INV-211497,C1507,National Account,Midwest,Web Portal,8,3373.99,30,37,22,0.085,0,,0
INV-211498,C1008,Independent,Midwest,Phone,11,12327.06,30,21,10,0.096,0,,0
INV-211499,C1796,Independent,West,Phone,7,779.41,30,24,13,0.219,0,,0
INV-211500,C1195,Regional,Northeast,Sales Rep,12,2292.95,30,56,8,0.312,0,,0
INV-211501,C1183,Regional,Northeast,Sales Rep,3,9023.95,60,61,8,0.0,0,,0
INV-211502,C1239,Regional,Midwest,Sales Rep,2,2122.87,45,63,4,0.048,1,,0
INV-211503,C1189,National Account,South,EDI,7,16013.0,45,90,14,0.092,0,,0
INV-211504,C1426,Regional,Midwest,Sales Rep,6,8559.52,30,24,8,0.118,0,68.0,1
INV-211505,C1736,Independent,Midwest,Sales Rep,12,3612.43,45,13,15,0.24,0,,0
INV-211506,C1727,Regional,South,EDI,7,17772.98,30,37,11,0.246,0,,0
INV-211507,C1471,National Account,Northeast,Phone,1,10945.61,60,137,30,0.064,0,,0
INV-211508,C1068,Regional,West,Sales Rep,9,3307.43,45,55,10,0.059,0,,0
INV-211509,C1157,National Account,South,Sales Rep,10,12520.75,45,138,26,0.197,0,,0
INV-211510,C1437,National Account,Northeast,Sales Rep,9,627.4,60,20,31,0.187,0,,0
INV-211511,C1060,Regional,South,Sales Rep,5,286.69,45,32,12,0.091,0,,0
INV-211512,C1711,Regional,Midwest,Phone,3,8935.5,30,13,14,0.323,0,,0
INV-211513,C1193,Regional,South,Sales Rep,9,7790.97,30,26,9,0.004,0,,0
INV-211514,C1297,National Account,Northeast,Phone,4,15990.15,45,77,20,0.317,0,,0
INV-211515,C1227,Regional,West,EDI,5,1549.65,45,34,9,0.23,0,,0
INV-211516,C1634,Regional,Midwest,Sales Rep,8,3424.16,30,93,13,0.081,1,,0
INV-211517,C1603,National Account,Midwest,EDI,6,10839.69,60,122,24,0.0,0,,0
INV-211518,C1838,Regional,Northeast,Sales Rep,6,3322.69,45,14,11,0.32,0,,0
INV-211519,C1709,National Account,Northeast,Web Portal,4,3275.1,60,45,28,0.153,0,,0
INV-211520,C1326,Independent,West,Sales Rep,11,1296.75,45,10,9,0.23,0,,0
INV-211521,C1686,Independent,West,Web Portal,6,3569.54,30,2,10,0.079,0,,0
INV-211522,C1694,National Account,West,Web Portal,12,27757.71,45,85,23,0.0,0,,0
INV-211523,C1735,Independent,West,EDI,7,2008.75,45,11,5,0.132,0,,0
INV-211524,C1603,National Account,South,Sales Rep,1,13099.12,60,122,20,0.031,0,,0
INV-211525,C1103,National Account,South,EDI,10,14167.43,45,80,26,0.0,0,,0
INV-211526,C1169,Regional,South,Web Portal,3,36790.03,45,15,9,0.192,0,,0
INV-211527,C1844,Independent,Northeast,Web Portal,8,2127.94,45,31,9,0.102,0,,0
INV-211528,C1357,Independent,Northeast,Sales Rep,5,1949.45,30,4,15,0.174,0,,0
INV-211529,C1169,Regional,Midwest,Web Portal,3,10522.34,45,15,7,0.187,0,88.0,1
INV-211530,C1631,Regional,Northeast,Web Portal,7,5031.07,30,8,11,0.091,0,,0
INV-211531,C1327,Regional,Midwest,EDI,1,799.07,30,79,5,0.268,0,,0
INV-211532,C1397,National Account,Midwest,Web Portal,9,26971.41,30,54,18,0.0,0,,0
INV-211533,C1579,Regional,South,Sales Rep,6,1905.74,60,21,12,0.274,0,,0
INV-211534,C1130,Independent,West,Web Portal,4,1006.23,30,5,6,0.447,0,,0
INV-211535,C1348,Regional,Northeast,Sales Rep,9,4990.94,30,84,7,0.0,0,,0
INV-211536,C1701,National Account,West,EDI,12,12701.4,45,61,19,0.152,0,,0
INV-211537,C1397,National Account,Midwest,Sales Rep,2,17920.03,45,54,28,0.027,0,,0
INV-211538,C1475,Independent,Midwest,EDI,12,693.32,45,20,5,0.077,0,,0
INV-211539,C1513,Independent,South,Web Portal,7,165.44,30,58,15,0.123,0,,0
INV-211540,C1806,Independent,South,EDI,8,573.97,45,14,8,0.313,0,,0
INV-211541,C1497,National Account,Northeast,EDI,10,9194.05,45,137,28,0.0,0,,0
INV-211542,C1118,Regional,Midwest,Phone,11,4119.83,30,8,9,0.199,0,,0
INV-211543,C1163,National Account,Northeast,Sales Rep,2,1361.49,60,48,19,0.0,0,,0
INV-211544,C1185,Independent,South,Phone,6,4009.86,30,20,8,0.0,0,,0
INV-211545,C1115,National Account,South,Web Portal,6,1897.28,30,48,34,0.0,0,,0
INV-211546,C1093,Independent,South,EDI,5,4779.9,30,42,14,0.277,0,,0
INV-211547,C1241,Regional,Midwest,Phone,12,4209.84,30,10,8,0.086,0,,0
INV-211548,C1118,Regional,Midwest,Phone,9,1059.31,30,8,12,0.273,0,,0
INV-211549,C1456,Regional,Northeast,Phone,5,15523.02,45,11,8,0.081,0,,0
INV-211550,C1787,National Account,South,Web Portal,9,8440.41,60,103,12,0.043,0,,0
INV-211551,C1352,National Account,Midwest,Phone,9,7417.15,30,35,27,0.078,0,,0
INV-211552,C1700,Independent,Midwest,Web Portal,7,2314.97,45,59,11,0.165,1,86.0,1
INV-211553,C1576,Regional,Northeast,Sales Rep,12,805.28,30,18,7,0.193,0,,0
INV-211554,C1492,National Account,South,Web Portal,2,4214.45,30,102,24,0.066,0,,0
INV-211555,C1823,National Account,Midwest,Sales Rep,8,1808.46,30,138,21,0.0,0,,0
INV-211556,C1681,Regional,Northeast,Sales Rep,5,4899.38,30,43,11,0.187,0,,0
INV-211557,C1286,Regional,West,Sales Rep,8,13121.41,30,11,14,0.369,0,74.0,1
INV-211558,C1641,Regional,South,EDI,3,869.57,45,35,8,0.036,0,,0
INV-211559,C1219,Independent,South,Sales Rep,1,4376.12,30,20,16,0.42,0,52.0,1
INV-211560,C1510,Regional,South,Phone,7,26071.43,60,32,11,0.308,0,,0
INV-211561,C1555,Regional,West,Sales Rep,1,5028.57,45,41,7,0.272,0,,0
INV-211562,C1346,Regional,Northeast,EDI,2,7611.11,45,52,8,0.031,0,,0
INV-211563,C1677,Independent,Midwest,Web Portal,11,1413.99,30,21,8,0.02,0,,0
INV-211564,C1732,National Account,West,Phone,4,14355.4,45,112,22,0.0,0,,0
INV-211565,C1218,National Account,West,Web Portal,5,21143.49,45,43,23,0.0,0,,0
INV-211566,C1540,National Account,Northeast,Phone,6,16109.1,60,73,24,0.0,0,,0
INV-211567,C1262,Regional,Northeast,Web Portal,6,2245.96,30,48,5,0.344,0,,0
INV-211568,C1579,Regional,Midwest,Sales Rep,7,1635.87,45,21,6,0.124,0,73.0,0
INV-211569,C1158,Regional,Northeast,Web Portal,11,3381.61,45,33,6,0.075,0,,0
INV-211570,C1608,Independent,Midwest,Phone,3,1711.16,30,17,7,0.0,0,,0
INV-211571,C1689,National Account,Midwest,Sales Rep,12,18708.42,45,41,26,0.093,0,,0
INV-211572,C1286,Regional,Midwest,Sales Rep,11,12520.57,45,11,7,0.243,0,90.0,1
INV-211573,C1614,National Account,South,Phone,11,4404.32,45,27,21,0.048,0,,0
INV-211574,C1587,National Account,Midwest,Sales Rep,9,1670.38,45,24,25,0.094,0,,0
INV-211575,C1463,National Account,South,Sales Rep,5,13461.54,60,90,25,0.057,0,,0
INV-211576,C1728,National Account,Northeast,Web Portal,11,7882.45,45,121,24,0.225,0,,0
INV-211577,C1259,National Account,Northeast,EDI,3,6448.29,60,71,25,0.0,0,,0
INV-211578,C1222,Regional,West,Web Portal,2,5410.01,45,42,9,0.291,0,,1
INV-211579,C1760,Regional,Midwest,Phone,8,485.36,45,55,8,0.0,0,,0
INV-211580,C1332,National Account,West,EDI,1,29539.96,60,14,20,0.179,0,,0
INV-211581,C1319,Regional,Northeast,Sales Rep,8,11212.03,45,43,15,0.125,0,,0
INV-211582,C1496,Regional,Midwest,Sales Rep,8,3069.52,30,49,10,0.159,0,,0
INV-211583,C1790,National Account,West,Web Portal,2,5851.69,60,87,19,0.0,0,,0
INV-211584,C1036,Independent,Midwest,Sales Rep,1,2259.85,30,28,12,0.023,0,,0
INV-211585,C1356,Independent,South,Sales Rep,6,2243.18,30,10,7,0.031,0,,0
INV-211586,C1310,National Account,South,EDI,12,16797.13,60,161,21,0.084,1,,0
INV-211587,C1595,Regional,Midwest,Web Portal,3,1196.07,30,17,15,0.112,0,,0
INV-211588,C1560,Regional,Midwest,Sales Rep,4,21870.86,30,125,8,0.079,0,,0
INV-211589,C1777,Regional,West,Web Portal,12,1055.11,30,49,11,0.322,0,,0
INV-211590,C1280,Independent,Midwest,EDI,1,749.56,30,10,12,0.239,0,,0
INV-211591,C1782,Independent,Northeast,Phone,8,2021.96,45,10,11,0.031,0,,0
INV-211592,C1804,Independent,West,EDI,6,3862.12,30,31,13,0.093,0,,0
INV-211593,C1584,Regional,South,Sales Rep,2,5049.73,60,27,14,0.09,0,,0
INV-211594,C1520,Regional,South,Phone,10,13089.0,30,23,11,0.124,0,,0
INV-211595,C1718,Independent,South,Web Portal,3,1143.82,30,5,15,0.006,0,57.0,0
INV-211596,C1126,Independent,Midwest,EDI,11,413.16,45,24,13,0.077,0,,0
INV-211597,C1496,Regional,South,Sales Rep,6,1524.15,60,49,10,0.198,0,,0
INV-211598,C1620,Regional,Midwest,Phone,7,4253.27,45,30,11,0.159,0,,0
INV-211599,C1497,National Account,South,Sales Rep,6,4363.62,30,137,21,0.182,0,,0
INV-211600,C1156,Independent,South,Sales Rep,7,172.88,45,29,6,0.063,1,,0
INV-211601,C1412,Independent,Northeast,Web Portal,11,1698.72,45,40,10,0.038,0,,0
INV-211602,C1054,Regional,South,Sales Rep,8,1964.2,45,80,14,0.267,0,,0
INV-211603,C1633,Independent,Midwest,EDI,2,3582.49,30,31,21,0.067,0,,0
INV-211604,C1058,Independent,South,Web Portal,7,475.12,45,36,9,0.121,0,,0
INV-211605,C1629,Regional,Midwest,Web Portal,8,3642.04,30,15,11,0.031,0,,0
INV-211606,C1487,Regional,Midwest,EDI,5,2915.02,45,74,4,0.168,0,,0
INV-211607,C1541,Independent,West,Phone,5,3904.93,45,23,10,0.142,0,,0
INV-211608,C1587,National Account,Midwest,EDI,12,67270.01,60,24,28,0.178,0,,0
INV-211609,C1531,Regional,Midwest,Sales Rep,4,8241.8,45,22,7,0.01,0,,0
INV-211610,C1667,Regional,Northeast,EDI,7,3213.94,60,37,13,0.313,0,,0
INV-211611,C1186,National Account,Midwest,EDI,10,31198.23,60,69,26,0.023,0,,0
INV-211612,C1411,National Account,South,Sales Rep,9,9916.84,60,70,30,0.145,0,,0
INV-211613,C1734,Independent,Midwest,Sales Rep,11,3193.66,45,95,8,0.175,0,,0
INV-211614,C1616,Independent,South,EDI,12,777.65,30,16,6,0.358,0,67.0,1
INV-211615,C1451,Regional,West,Sales Rep,5,3465.43,30,128,10,0.221,0,,0
INV-211616,C1745,Regional,Northeast,Phone,6,4191.14,30,73,9,0.071,1,,0
INV-211617,C1541,Independent,South,Phone,1,1021.48,45,23,8,0.073,0,,0
INV-211618,C1805,Regional,Midwest,Sales Rep,8,734.39,30,158,5,0.287,0,,0
INV-211619,C1038,National Account,Midwest,Phone,5,2044.67,60,81,28,0.406,0,113.0,1
INV-211620,C1080,Independent,Midwest,Sales Rep,10,1195.06,30,32,11,0.133,0,,0
INV-211621,C1236,National Account,Northeast,EDI,11,6061.32,60,36,26,0.0,0,,0
INV-211622,C1231,National Account,West,Web Portal,12,13206.77,45,35,19,0.177,0,,0
INV-211623,C1514,Independent,South,Sales Rep,5,748.57,30,15,7,0.207,0,,0
INV-211624,C1616,Independent,Midwest,EDI,10,4720.94,30,16,9,0.158,0,,0
INV-211625,C1449,National Account,South,Phone,8,3960.47,45,192,24,0.139,0,85.0,0
INV-211626,C1228,National Account,Midwest,Sales Rep,10,30572.57,60,12,17,0.058,0,,0
INV-211627,C1728,National Account,Northeast,Sales Rep,11,6064.94,30,121,22,0.036,0,,0
INV-211628,C1641,Regional,Midwest,Web Portal,8,3308.95,30,35,11,0.068,1,,1
INV-211629,C1651,Regional,Midwest,Sales Rep,7,587.48,45,33,14,0.07,0,,0
INV-211630,C1479,Regional,Northeast,Phone,12,5219.0,30,72,5,0.0,0,,0
INV-211631,C1748,Regional,West,Web Portal,5,1686.52,60,120,12,0.0,0,,0
INV-211632,C1426,Regional,South,Sales Rep,1,2475.75,45,24,13,0.231,0,,0
INV-211633,C1218,National Account,West,Web Portal,10,8465.57,30,43,21,0.112,0,,0
INV-211634,C1081,Independent,Northeast,Sales Rep,8,2041.17,30,12,11,0.213,0,,0
INV-211635,C1254,Independent,Midwest,EDI,2,1503.1,30,19,13,0.2,0,,0
INV-211636,C1703,Regional,Midwest,EDI,10,5931.14,30,49,11,0.09,0,,0
INV-211637,C1092,Independent,Northeast,Sales Rep,4,8299.44,45,57,11,0.148,0,,0
INV-211638,C1261,Regional,South,Phone,8,7784.12,60,33,11,0.113,0,78.0,1
INV-211639,C1505,National Account,South,Phone,10,73743.63,45,68,21,0.14,0,,0
INV-211640,C1634,Regional,Midwest,Web Portal,8,9567.3,45,93,14,0.171,0,,0
INV-211641,C1523,Independent,Northeast,Web Portal,1,418.94,30,34,10,0.055,0,,0
INV-211642,C1118,Regional,West,Sales Rep,11,7976.41,30,8,13,0.096,0,,0
INV-211643,C1062,Regional,Midwest,Sales Rep,7,10481.86,45,43,8,0.0,0,,0
INV-211644,C1109,Independent,West,Sales Rep,11,4021.26,45,23,9,0.366,0,,0
INV-211645,C1670,Regional,Midwest,Web Portal,2,1182.68,45,89,20,0.013,0,,0
INV-211646,C1344,Independent,South,Web Portal,10,3260.76,45,5,10,0.099,0,,0
INV-211647,C1248,National Account,Midwest,EDI,11,2883.68,30,47,20,0.002,0,,0
INV-211648,C1602,Independent,Midwest,Sales Rep,8,368.64,30,32,9,0.234,0,,0
INV-211649,C1441,Regional,South,Sales Rep,7,2558.7,45,38,10,0.171,0,,0
INV-211650,C1296,Independent,Midwest,EDI,10,4724.14,45,32,11,0.295,0,,0
INV-211651,C1285,Independent,Northeast,Web Portal,12,1285.44,30,15,13,0.122,0,57.0,1
INV-211652,C1427,National Account,South,Web Portal,7,34639.94,45,71,21,0.0,0,,0
INV-211653,C1202,National Account,Midwest,Web Portal,10,2754.67,60,98,19,0.0,0,,0
INV-211654,C1746,Regional,South,Web Portal,5,6249.12,30,65,11,0.095,0,,0
INV-211655,C1818,National Account,Midwest,Web Portal,1,12061.6,30,113,25,0.021,0,,0
INV-211656,C1709,National Account,Midwest,Sales Rep,2,3747.27,60,45,24,0.0,0,,0
INV-211657,C1434,Regional,Midwest,Web Portal,1,1061.34,30,114,10,0.379,0,,0
INV-211658,C1728,National Account,Midwest,Sales Rep,8,2125.27,60,121,19,0.005,0,,0
INV-211659,C1069,National Account,South,EDI,3,15928.04,45,16,29,0.078,0,,0
INV-211660,C1343,Regional,Midwest,EDI,3,3286.36,45,38,12,0.057,0,,0
INV-211661,C1407,Regional,Midwest,Web Portal,9,3862.54,30,25,10,0.007,0,,0
INV-211662,C1536,National Account,South,Sales Rep,5,22454.61,60,177,29,0.085,0,,0
INV-211663,C1471,National Account,Midwest,Web Portal,9,2847.46,45,137,24,0.285,0,,0
INV-211664,C1270,Independent,West,Sales Rep,1,6403.59,45,62,10,0.153,1,,0
INV-211665,C1156,Independent,Midwest,EDI,11,437.76,30,29,6,0.339,1,,0
INV-211666,C1263,Independent,Northeast,Sales Rep,8,4595.2,30,84,5,0.168,0,,0
INV-211667,C1728,National Account,South,Phone,4,30329.92,30,121,34,0.295,0,,0
INV-211668,C1131,Regional,Northeast,EDI,6,6546.29,30,56,8,0.06,0,,0
INV-211669,C1260,National Account,South,Phone,12,21056.64,60,11,22,0.259,0,,0
INV-211670,C1157,National Account,West,Sales Rep,7,13282.81,60,138,33,0.243,0,,0
INV-211671,C1135,Regional,Midwest,Sales Rep,7,3148.01,60,86,14,0.117,0,,0
INV-211672,C1306,National Account,West,Web Portal,5,4840.3,45,20,26,0.0,0,,0
INV-211673,C1192,Regional,Midwest,Sales Rep,12,8246.21,30,39,9,0.015,0,,0
INV-211674,C1166,Regional,Midwest,Web Portal,8,4062.44,45,20,14,0.202,0,,0
INV-211675,C1427,National Account,Northeast,Sales Rep,5,1872.62,45,71,31,0.023,0,,0
INV-211676,C1684,Regional,South,Phone,2,3610.32,45,107,8,0.087,0,,0
INV-211677,C1644,Regional,Northeast,Sales Rep,3,6510.02,45,46,8,0.187,0,,0
INV-211678,C1207,Independent,South,Web Portal,11,3343.42,30,16,15,0.198,0,,0
INV-211679,C1426,Regional,Midwest,Phone,11,2669.7,30,24,14,0.402,0,79.0,1
INV-211680,C1762,National Account,South,Sales Rep,1,2616.93,45,36,22,0.256,0,,0
INV-211681,C1701,National Account,West,Sales Rep,1,4717.99,60,61,34,0.345,0,,0
INV-211682,C1606,National Account,South,Sales Rep,9,21235.65,60,195,24,0.144,0,,0
INV-211683,C1176,Independent,South,Web Portal,5,4242.73,45,13,10,0.183,0,,0
INV-211684,C1473,Independent,Midwest,Phone,9,3056.83,30,17,8,0.137,0,,0
INV-211685,C1734,Independent,West,Phone,1,296.11,45,95,12,0.274,1,,0
INV-211686,C1624,Regional,South,EDI,4,3109.6,45,25,12,0.039,0,,0
INV-211687,C1760,Regional,Northeast,Web Portal,12,831.75,45,55,9,0.073,0,,0
INV-211688,C1101,National Account,Northeast,Phone,10,54195.28,60,152,20,0.011,0,,0
INV-211689,C1083,Independent,South,Sales Rep,4,2933.97,45,23,6,0.252,0,,0
INV-211690,C1103,National Account,Midwest,Sales Rep,12,4668.37,60,80,26,0.442,0,,0
INV-211691,C1812,Independent,South,Phone,4,4258.65,30,29,11,0.0,0,,0
INV-211692,C1811,Regional,West,EDI,11,9095.51,30,7,7,0.231,0,,0
INV-211693,C1464,Independent,South,EDI,3,8986.68,45,11,12,0.214,0,,0
INV-211694,C1709,National Account,Northeast,Sales Rep,7,14959.19,45,45,22,0.043,0,,0
INV-211695,C1777,Regional,South,EDI,12,5023.76,45,49,20,0.077,0,,0
INV-211696,C1484,Independent,South,Sales Rep,8,1449.84,45,44,14,0.21,0,,0
INV-211697,C1218,National Account,South,Phone,4,8406.02,60,43,26,0.076,1,,0
INV-211698,C1790,National Account,Midwest,Web Portal,1,3218.36,45,87,29,0.0,0,,0
INV-211699,C1028,Regional,West,Web Portal,9,1404.38,45,86,11,0.305,0,,0
INV-211700,C1032,Regional,Midwest,Sales Rep,10,7590.86,60,41,8,0.154,0,,0
INV-211701,C1523,Independent,South,EDI,9,587.32,30,34,12,0.059,0,,0
INV-211702,C1453,Regional,South,Sales Rep,11,1125.17,30,50,9,0.169,0,,0
INV-211703,C1694,National Account,South,Web Portal,10,6192.67,60,85,20,0.0,0,,0
INV-211704,C1010,Regional,West,Sales Rep,5,1348.56,30,5,8,0.12,0,,0
INV-211705,C1392,Independent,Midwest,Sales Rep,10,684.97,60,14,10,0.182,0,,0
INV-211706,C1111,National Account,Midwest,EDI,9,6347.72,45,93,27,0.07,0,,0
INV-211707,C1251,Independent,Northeast,Phone,7,951.22,30,30,14,0.187,0,,0
INV-211708,C1202,National Account,South,Web Portal,10,9498.72,60,98,22,0.0,0,,0
INV-211709,C1361,Independent,Midwest,Sales Rep,2,3960.49,30,26,6,0.419,0,,0
INV-211710,C1454,Regional,South,EDI,5,3934.59,45,71,11,0.231,0,,0
INV-211711,C1370,Regional,Midwest,EDI,2,3687.76,30,68,11,0.356,0,,0
INV-211712,C1802,Regional,West,Sales Rep,11,2875.37,45,102,10,0.154,0,,0
INV-211713,C1385,Regional,Northeast,Web Portal,3,4676.54,30,52,9,0.057,0,,0
INV-211714,C1642,Regional,Midwest,Phone,2,19445.73,45,47,12,0.073,0,,0
INV-211715,C1755,Independent,South,EDI,10,2295.27,30,16,10,0.172,0,,0
INV-211716,C1256,National Account,Midwest,Phone,11,47326.35,30,9,29,0.146,1,79.0,1
INV-211717,C1005,National Account,West,Web Portal,6,5304.4,60,34,21,0.184,0,,0
INV-211718,C1092,Independent,Midwest,Phone,11,1929.22,30,57,10,0.162,0,49.0,1
INV-211719,C1787,National Account,South,Web Portal,5,2042.73,60,103,24,0.136,0,,0
INV-211720,C1419,National Account,South,Sales Rep,7,2537.48,45,31,24,0.152,0,,0
INV-211721,C1816,National Account,Midwest,Sales Rep,2,3907.76,45,25,28,0.083,0,,0
INV-211722,C1006,Regional,Midwest,Phone,4,2962.79,30,23,9,0.0,0,,0
INV-211723,C1349,Regional,Midwest,Web Portal,6,5742.53,45,42,7,0.234,0,,0
INV-211724,C1721,Regional,Northeast,Web Portal,8,787.44,45,39,10,0.0,0,,0
INV-211725,C1412,Independent,Northeast,Phone,1,2496.16,45,40,12,0.12,0,,0
INV-211726,C1297,National Account,Midwest,Sales Rep,2,19136.38,45,77,31,0.163,0,,0
INV-211727,C1256,National Account,Midwest,EDI,4,13257.63,60,9,26,0.282,0,,0
INV-211728,C1001,Regional,Northeast,Phone,2,16483.23,45,30,10,0.118,0,,0
INV-211729,C1260,National Account,South,Sales Rep,7,7866.23,45,11,30,0.164,0,,0
INV-211730,C1454,Regional,Midwest,Phone,7,3269.47,30,71,7,0.239,0,48.0,1
INV-211731,C1613,Regional,Midwest,EDI,11,1914.16,45,35,11,0.109,0,,0
INV-211732,C1559,National Account,South,EDI,6,28682.28,45,11,16,0.0,0,,0
INV-211733,C1077,Regional,Northeast,Sales Rep,9,2381.22,30,39,17,0.051,0,,0
INV-211734,C1194,Regional,South,Sales Rep,10,2729.59,30,51,15,0.103,0,,0
INV-211735,C1027,Regional,West,Web Portal,9,4890.82,45,38,7,0.12,0,,0
INV-211736,C1511,Regional,West,Phone,1,7948.35,60,40,13,0.017,0,,0
INV-211737,C1113,Regional,Northeast,Sales Rep,4,2668.75,45,26,16,0.133,0,,0
INV-211738,C1540,National Account,West,Sales Rep,8,5394.95,45,73,25,0.134,0,,0
INV-211739,C1090,Independent,Midwest,EDI,9,1674.4,30,36,13,0.167,0,,0
INV-211740,C1640,Independent,Midwest,EDI,6,2536.46,45,14,7,0.344,0,78.0,1
INV-211741,C1746,Regional,Northeast,Web Portal,3,1092.75,45,65,8,0.138,0,,0
INV-211742,C1350,Independent,Northeast,EDI,1,1599.2,30,32,10,0.027,0,,0
INV-211743,C1659,National Account,South,EDI,10,9898.09,60,99,23,0.17,0,,0
INV-211744,C1436,Independent,West,Web Portal,4,12649.16,30,39,9,0.072,0,,0
INV-211745,C1542,Regional,Midwest,Sales Rep,12,4394.7,45,43,7,0.138,0,,0
INV-211746,C1270,Independent,South,Web Portal,6,1976.95,45,62,8,0.118,0,,0
INV-211747,C1736,Independent,West,EDI,5,717.76,30,13,8,0.063,0,,0
INV-211748,C1427,National Account,South,EDI,6,10350.6,60,71,22,0.0,0,,0
INV-211749,C1683,Independent,South,Sales Rep,10,3291.1,45,31,11,0.202,0,,0
INV-211750,C1818,National Account,West,EDI,5,3937.16,60,113,20,0.036,0,,0
INV-211751,C1785,Regional,South,Web Portal,8,5231.06,45,32,11,0.148,0,,0
INV-211752,C1697,Regional,West,Web Portal,11,4207.24,30,85,13,0.251,0,,0
INV-211753,C1576,Regional,Northeast,Sales Rep,10,1541.06,30,18,10,0.111,0,,0
INV-211754,C1057,Independent,Northeast,Sales Rep,3,2823.09,60,25,12,0.261,0,,0
INV-211755,C1218,National Account,Northeast,Web Portal,2,22253.02,45,43,19,0.12,0,,0
INV-211756,C1443,Regional,Midwest,Sales Rep,7,2860.95,60,54,11,0.057,0,,0
INV-211757,C1494,Independent,Midwest,EDI,6,2394.09,30,29,9,0.128,0,,0
INV-211758,C1055,Regional,Northeast,Web Portal,9,11124.42,30,42,12,0.215,0,,0
INV-211759,C1215,Regional,West,Sales Rep,8,5722.75,45,33,11,0.171,0,,0
INV-211760,C1552,National Account,Northeast,Phone,4,4101.23,60,18,24,0.092,1,,0
INV-211761,C1070,Independent,Northeast,Phone,9,2014.5,30,13,12,0.27,0,,0
INV-211762,C1702,Independent,Midwest,EDI,9,2235.45,45,5,8,0.144,0,,0
INV-211763,C1704,Independent,West,Web Portal,8,9465.56,30,11,13,0.061,0,,0
INV-211764,C1306,National Account,Northeast,Web Portal,8,40918.49,60,20,20,0.056,0,,0
INV-211765,C1507,National Account,Midwest,EDI,8,9220.62,60,37,24,0.0,0,,0
INV-211766,C1284,Independent,West,Web Portal,12,5525.78,30,23,12,0.096,0,,0
INV-211767,C1297,National Account,Midwest,Web Portal,2,1847.06,60,77,28,0.0,0,,0
INV-211768,C1681,Regional,Midwest,Phone,1,3350.03,30,43,19,0.082,0,,0
INV-211769,C1794,National Account,West,Web Portal,7,1258.83,45,50,22,0.015,0,,0
INV-211770,C1716,Independent,Midwest,Sales Rep,8,1312.29,30,7,7,0.022,0,,0
INV-211771,C1594,National Account,Northeast,EDI,1,4525.55,60,75,23,0.0,1,,0
INV-211772,C1209,Independent,South,EDI,9,965.75,30,5,9,0.064,0,,0
INV-211773,C1309,Independent,South,Web Portal,5,3540.88,30,6,9,0.487,0,,0
INV-211774,C1400,National Account,West,Phone,9,6073.6,45,89,29,0.0,0,,0
INV-211775,C1170,National Account,Midwest,Phone,3,6150.96,60,47,23,0.054,0,,0
INV-211776,C1598,Independent,Midwest,Sales Rep,5,3703.75,45,12,9,0.285,0,,0
INV-211777,C1547,Regional,West,Sales Rep,4,5033.09,30,9,12,0.064,0,,0
INV-211778,C1287,Regional,Northeast,Sales Rep,5,1828.57,30,72,25,0.068,0,,0
INV-211779,C1332,National Account,Midwest,Phone,4,5866.05,45,14,20,0.11,0,,0
INV-211780,C1427,National Account,Northeast,Sales Rep,12,4578.06,45,71,17,0.043,0,,0
INV-211781,C1540,National Account,South,Sales Rep,10,1325.34,60,73,22,0.054,0,,0
INV-211782,C1414,Independent,Northeast,Sales Rep,1,881.92,45,6,12,0.353,0,,0
INV-211783,C1292,Regional,Midwest,Phone,10,9000.11,30,29,14,0.285,0,,0
INV-211784,C1043,Regional,Midwest,EDI,7,10891.71,45,85,4,0.082,0,,0
INV-211785,C1805,Regional,West,EDI,12,1959.56,45,158,11,0.252,0,,0
INV-211786,C1256,National Account,Midwest,EDI,7,32644.1,60,9,18,0.014,0,,0
INV-211787,C1416,Independent,Midwest,Sales Rep,12,931.42,60,7,9,0.219,0,,0
INV-211788,C1285,Independent,Midwest,Sales Rep,1,2394.51,30,15,12,0.184,0,67.0,0
INV-211789,C1407,Regional,Northeast,Web Portal,5,1466.84,60,25,12,0.0,0,,0
INV-211790,C1218,National Account,South,Web Portal,10,4574.09,45,43,27,0.236,0,,0
INV-211791,C1374,Regional,South,Web Portal,5,7510.9,30,17,8,0.186,0,,0
INV-211792,C1353,National Account,West,Web Portal,6,5013.78,45,24,30,0.1,0,,0
INV-211793,C1493,Regional,Northeast,Sales Rep,11,6471.13,30,33,12,0.171,0,68.0,1
INV-211794,C1427,National Account,Midwest,Phone,4,8685.56,30,71,28,0.0,0,,0
INV-211795,C1687,Regional,Midwest,Web Portal,7,447.61,60,57,14,0.094,0,,0
INV-211796,C1048,Regional,South,Sales Rep,6,11029.43,45,61,10,0.004,0,,0
INV-211797,C1563,Independent,Midwest,Sales Rep,4,5071.86,60,17,10,0.035,0,,0
INV-211798,C1778,Regional,Northeast,Phone,1,3216.55,45,54,12,0.313,0,,0
INV-211799,C1573,National Account,West,Web Portal,2,3572.32,30,63,22,0.033,0,,0
INV-211800,C1790,National Account,Northeast,Phone,12,6134.72,60,87,19,0.081,0,,0
INV-211801,C1210,Regional,Midwest,Phone,8,386.7,30,20,8,0.115,0,,0
INV-211802,C1121,National Account,Midwest,Sales Rep,8,6728.9,45,46,17,0.27,0,,0
INV-211803,C1657,Regional,South,Sales Rep,6,638.65,60,36,9,0.013,0,,0
INV-211804,C1555,Regional,West,Sales Rep,12,2338.71,60,41,10,0.032,0,,0
INV-211805,C1613,Regional,Midwest,Phone,2,3652.32,30,35,6,0.195,0,,0
INV-211806,C1299,National Account,Midwest,Phone,2,20328.92,30,31,26,0.003,0,,0
INV-211807,C1692,National Account,South,Phone,5,5273.15,60,42,22,0.066,1,81.0,1
INV-211808,C1297,National Account,West,Web Portal,11,8824.82,60,77,23,0.0,0,,0
INV-211809,C1750,National Account,South,Web Portal,6,3491.89,45,108,21,0.037,0,,0
INV-211810,C1434,Regional,South,Web Portal,7,3872.77,30,114,9,0.0,0,,0
INV-211811,C1079,Regional,Northeast,Phone,8,3643.86,45,147,11,0.212,0,,0
INV-211812,C1715,Independent,South,Phone,4,733.97,30,52,5,0.193,1,75.0,1
INV-211813,C1840,Regional,South,EDI,4,11416.77,45,38,7,0.0,0,,0
INV-211814,C1805,Regional,Midwest,Web Portal,11,1849.59,60,158,10,0.21,0,,0
INV-211815,C1386,National Account,South,Sales Rep,2,8529.14,30,111,18,0.227,0,,0
INV-211816,C1840,Regional,West,Web Portal,6,968.44,45,38,8,0.0,0,,0
INV-211817,C1733,Regional,Midwest,Sales Rep,3,3783.53,30,16,8,0.51,0,,0
INV-211818,C1045,National Account,West,Sales Rep,4,39888.75,45,120,18,0.025,0,,0
INV-211819,C1094,Independent,Northeast,EDI,11,750.25,45,28,10,0.252,1,,0
INV-211820,C1202,National Account,Midwest,Sales Rep,3,4184.73,60,98,32,0.0,0,,0
INV-211821,C1545,National Account,West,EDI,11,10987.18,45,183,24,0.119,0,,0
INV-211822,C1357,Independent,Midwest,Web Portal,8,3650.83,30,4,7,0.066,0,,0
INV-211823,C1763,Regional,Northeast,Web Portal,7,1710.18,45,53,14,0.134,0,,0
INV-211824,C1644,Regional,Midwest,EDI,9,1598.39,30,46,12,0.436,0,,0
INV-211825,C1690,Independent,South,Phone,11,1121.37,45,14,6,0.14,0,,0
INV-211826,C1838,Regional,Midwest,EDI,11,5268.96,45,14,11,0.171,1,72.0,1
INV-211827,C1601,National Account,Northeast,Sales Rep,2,7533.19,45,17,26,0.012,0,,0
INV-211828,C1473,Independent,Northeast,EDI,11,2321.68,60,17,8,0.096,0,,0
INV-211829,C1235,Regional,West,EDI,7,11772.51,30,31,14,0.023,0,,0
INV-211830,C1791,Regional,West,Phone,8,5970.67,30,143,9,0.223,0,,0
INV-211831,C1742,Regional,West,Sales Rep,7,1751.43,30,19,10,0.038,0,,0
INV-211832,C1436,Independent,South,Web Portal,2,1027.25,30,39,4,0.127,0,,0
INV-211833,C1507,National Account,Northeast,EDI,8,12382.58,30,37,25,0.0,0,,0
INV-211834,C1635,Independent,South,Phone,1,4978.72,45,11,18,0.097,0,,0
INV-211835,C1048,Regional,West,Web Portal,4,591.24,60,61,11,0.024,0,,0
INV-211836,C1790,National Account,South,Sales Rep,10,25490.6,60,87,18,0.0,0,,0
INV-211837,C1516,Independent,South,Sales Rep,5,3689.8,30,14,18,0.263,0,,0
INV-211838,C1713,Independent,West,EDI,3,4228.38,30,13,11,0.129,0,,0
INV-211839,C1592,Independent,Northeast,Web Portal,6,3019.97,30,29,7,0.215,0,,0
INV-211840,C1057,Independent,South,Sales Rep,2,2541.31,45,25,11,0.125,0,,0
INV-211841,C1036,Independent,West,Phone,4,1400.07,30,28,3,0.0,0,,0
INV-211842,C1849,Regional,Midwest,Sales Rep,9,5698.39,30,34,14,0.17,0,,0
INV-211843,C1667,Regional,South,Sales Rep,12,3628.94,45,37,20,0.273,0,,0
INV-211844,C1684,Regional,Midwest,EDI,1,5299.78,30,107,9,0.077,0,,0
INV-211845,C1692,National Account,Midwest,Web Portal,9,29439.86,30,42,22,0.308,0,,0
INV-211846,C1236,National Account,Midwest,Sales Rep,2,4905.85,30,36,26,0.0,0,,0
INV-211847,C1220,National Account,Midwest,Phone,4,8904.38,60,29,27,0.0,0,,0
INV-211848,C1845,Independent,Midwest,Web Portal,12,8011.48,45,4,8,0.287,0,,0
INV-211849,C1487,Regional,Midwest,Web Portal,5,6736.49,30,74,16,0.194,0,,0
INV-211850,C1336,National Account,Midwest,Web Portal,6,7611.79,60,5,26,0.076,0,,0
INV-211851,C1220,National Account,Midwest,EDI,5,6549.38,45,29,19,0.188,0,,0
INV-211852,C1400,National Account,Midwest,Web Portal,3,5598.95,30,89,19,0.171,0,,0
INV-211853,C1101,National Account,West,Web Portal,9,10311.25,45,152,27,0.0,0,,0
INV-211854,C1149,Regional,Midwest,Web Portal,6,9736.59,30,20,14,0.015,1,55.0,0
INV-211855,C1189,National Account,Midwest,Web Portal,3,5552.72,45,90,23,0.008,0,,0
INV-211856,C1590,Independent,South,Phone,8,1990.47,30,19,10,0.075,0,,0
INV-211857,C1690,Independent,South,EDI,4,691.66,30,14,7,0.0,1,,0
INV-211858,C1700,Independent,South,Sales Rep,2,1658.92,30,59,10,0.155,0,83.0,1
INV-211859,C1453,Regional,Midwest,Web Portal,5,3681.96,45,50,7,0.0,0,,0
INV-211860,C1763,Regional,Midwest,Sales Rep,10,920.73,30,53,5,0.088,0,,0
INV-211861,C1146,National Account,Midwest,EDI,9,14768.92,30,38,24,0.412,0,,0
INV-211862,C1493,Regional,Northeast,Web Portal,9,3286.03,60,33,13,0.182,0,94.0,1
INV-211863,C1469,National Account,West,Web Portal,11,3649.78,60,100,20,0.01,0,,0
INV-211864,C1543,Regional,West,Web Portal,10,2888.05,30,19,9,0.245,0,,0
INV-211865,C1695,Regional,Midwest,EDI,8,5262.39,45,72,9,0.0,0,,0
INV-211866,C1281,Independent,Midwest,Web Portal,5,1024.4,30,21,14,0.162,0,,0
INV-211867,C1375,National Account,Northeast,Phone,12,3011.02,45,39,19,0.0,0,,0
INV-211868,C1117,Regional,South,Web Portal,6,2362.49,30,19,6,0.0,0,,0
INV-211869,C1150,National Account,West,Phone,3,10327.6,30,35,26,0.0,0,,0
INV-211870,C1041,Regional,South,Phone,2,729.85,30,20,11,0.07,0,,0
INV-211871,C1776,Regional,Midwest,Web Portal,11,3295.84,45,13,7,0.119,0,,0
INV-211872,C1526,National Account,Northeast,Web Portal,7,2364.96,45,14,29,0.032,0,,0
INV-211873,C1818,National Account,South,Phone,8,41845.35,60,113,9,0.216,0,,0
INV-211874,C1274,National Account,Midwest,Web Portal,1,8240.29,45,33,25,0.168,0,,0
INV-211875,C1818,National Account,West,Web Portal,2,31796.33,45,113,20,0.031,0,,0
INV-211876,C1712,National Account,West,EDI,3,6923.6,60,66,20,0.0,0,,0
INV-211877,C1692,National Account,Northeast,Sales Rep,10,23354.12,45,42,20,0.0,0,,0
INV-211878,C1532,Regional,South,Phone,1,3096.97,45,19,9,0.158,0,,0
INV-211879,C1397,National Account,Midwest,EDI,8,20522.05,30,54,19,0.521,0,,0
INV-211880,C1709,National Account,Northeast,Sales Rep,12,8249.3,60,45,15,0.109,0,,0
INV-211881,C1217,National Account,Northeast,Web Portal,1,18264.65,30,134,26,0.0,0,,0
INV-211882,C1761,Regional,Northeast,Phone,4,8230.28,45,50,12,0.0,0,,0
INV-211883,C1645,Independent,South,Web Portal,5,1489.02,60,5,13,0.15,0,,0
INV-211884,C1415,Independent,South,Sales Rep,12,1212.42,30,10,13,0.052,0,,0
INV-211885,C1651,Regional,West,Web Portal,11,2608.72,45,33,7,0.314,0,,0
INV-211886,C1489,National Account,Midwest,Phone,9,20232.99,30,13,30,0.275,0,,0
INV-211887,C1045,National Account,West,Phone,11,1887.0,45,120,28,0.01,0,,0
INV-211888,C1302,Independent,Northeast,Sales Rep,3,9060.56,30,30,13,0.078,0,,0
INV-211889,C1561,Regional,Northeast,EDI,1,17386.85,60,148,13,0.0,0,98.0,1
INV-211890,C1073,Regional,Northeast,Web Portal,3,6570.59,45,13,8,0.174,0,,0
INV-211891,C1768,National Account,South,Phone,3,4802.76,45,109,25,0.0,0,,0
INV-211892,C1796,Independent,Midwest,EDI,4,3916.29,45,24,3,0.297,0,,0
INV-211893,C1751,National Account,South,Web Portal,9,11678.91,45,60,25,0.034,0,,0
INV-211894,C1329,Independent,South,Web Portal,1,2865.69,30,8,12,0.164,0,65.0,0
INV-211895,C1421,Regional,South,Web Portal,8,14357.56,30,29,9,0.034,0,,0
INV-211896,C1139,Independent,Midwest,Web Portal,11,211.41,30,24,9,0.333,0,,0
INV-211897,C1442,National Account,South,EDI,8,54855.86,30,45,19,0.223,0,,0
INV-211898,C1402,National Account,Northeast,Sales Rep,4,4466.9,30,66,22,0.135,0,,0
INV-211899,C1265,Regional,Midwest,EDI,5,5307.56,45,9,9,0.323,1,,0
INV-211900,C1379,Independent,South,Sales Rep,10,1883.24,30,23,9,0.248,0,,0
INV-211901,C1587,National Account,South,Web Portal,9,11911.31,60,24,25,0.137,0,,0
INV-211902,C1259,National Account,Midwest,Web Portal,12,9204.81,45,71,24,0.0,0,,0
INV-211903,C1459,Regional,South,EDI,12,7555.56,30,24,7,0.181,0,,0
INV-211904,C1245,Regional,Midwest,Sales Rep,4,2853.29,45,20,14,0.152,0,,0
INV-211905,C1790,National Account,West,Web Portal,5,12634.8,45,87,25,0.212,0,,0
INV-211906,C1434,Regional,Northeast,Web Portal,11,8330.25,45,114,16,0.087,0,,0
INV-211907,C1147,Regional,Northeast,EDI,1,9092.55,30,30,11,0.133,0,,0
INV-211908,C1732,National Account,Midwest,EDI,4,23908.9,60,112,28,0.0,0,,0
INV-211909,C1261,Regional,South,Sales Rep,7,1326.59,30,33,10,0.226,0,,0
INV-211910,C1811,Regional,South,Sales Rep,3,1557.24,45,7,6,0.295,0,,0
INV-211911,C1133,Independent,South,EDI,2,7051.68,45,22,12,0.057,0,,0
INV-211912,C1803,National Account,South,EDI,10,1633.94,60,32,18,0.094,0,,0
INV-211913,C1048,Regional,West,Sales Rep,9,9366.57,45,61,10,0.019,0,,0
INV-211914,C1594,National Account,West,Web Portal,12,3791.54,60,75,23,0.011,0,,0
INV-211915,C1513,Independent,Midwest,Web Portal,8,1294.55,45,58,5,0.0,0,,0
INV-211916,C1684,Regional,South,EDI,11,7115.57,30,107,11,0.331,0,,0
INV-211917,C1748,Regional,Midwest,EDI,1,7868.01,60,120,8,0.079,0,,0
INV-211918,C1840,Regional,Northeast,Web Portal,5,4840.44,45,38,10,0.0,0,,0
INV-211919,C1635,Independent,Northeast,Web Portal,7,313.23,30,11,16,0.072,0,,0
INV-211920,C1748,Regional,Northeast,EDI,9,21647.36,45,120,13,0.124,0,,0
INV-211921,C1471,National Account,Midwest,Web Portal,11,8608.83,30,137,23,0.038,0,,0
INV-211922,C1696,Independent,West,Web Portal,2,6518.52,45,25,5,0.103,0,,0
INV-211923,C1394,National Account,Midwest,Web Portal,9,8221.2,30,93,28,0.0,0,,0
INV-211924,C1827,National Account,Northeast,EDI,9,6017.27,45,73,21,0.003,0,,0
INV-211925,C1664,Regional,Northeast,Phone,2,2958.44,60,60,7,0.071,0,,0
INV-211926,C1054,Regional,South,EDI,2,6279.16,45,80,11,0.296,0,,0
INV-211927,C1449,National Account,Northeast,EDI,12,41628.19,45,192,20,0.008,0,,0
INV-211928,C1594,National Account,West,Phone,5,10110.62,45,75,24,0.064,0,,0
INV-211929,C1675,National Account,Midwest,Web Portal,12,11720.14,60,120,20,0.057,0,,0
INV-211930,C1042,Regional,Northeast,Web Portal,7,3274.49,45,21,10,0.055,0,,0
INV-211931,C1421,Regional,Midwest,EDI,8,1395.82,45,29,9,0.06,0,,0
INV-211932,C1257,Regional,South,EDI,7,1921.01,45,35,9,0.059,0,,0
INV-211933,C1512,Regional,Northeast,Phone,2,1227.1,30,47,17,0.076,0,,0
INV-211934,C1488,Regional,Midwest,EDI,7,40621.39,45,79,10,0.115,1,93.0,1
INV-211935,C1009,Regional,Northeast,EDI,11,3329.97,45,32,11,0.101,0,,0
INV-211936,C1286,Regional,South,Sales Rep,10,6002.85,30,11,12,0.407,0,,0
INV-211937,C1517,Regional,Northeast,EDI,11,2709.2,45,38,7,0.059,0,,0
INV-211938,C1248,National Account,Midwest,Sales Rep,9,26331.9,60,47,27,0.058,0,,0
INV-211939,C1141,Regional,South,Sales Rep,3,3556.57,30,18,8,0.054,0,,0
INV-211940,C1077,Regional,Midwest,Sales Rep,10,4069.45,30,39,10,0.049,0,,0
INV-211941,C1255,National Account,West,Sales Rep,4,3811.19,60,86,22,0.0,0,,0
INV-211942,C1633,Independent,Midwest,EDI,11,1090.31,30,31,10,0.426,0,,0
INV-211943,C1638,Independent,South,Web Portal,4,2020.64,30,32,9,0.176,0,,0
INV-211944,C1570,Independent,Midwest,Sales Rep,5,4443.89,30,9,14,0.14,0,,0
INV-211945,C1188,Regional,Midwest,EDI,4,765.72,45,46,11,0.164,0,,0
INV-211946,C1790,National Account,Northeast,Sales Rep,3,4090.33,60,87,25,0.139,0,,0
INV-211947,C1226,Regional,South,Sales Rep,7,1601.53,30,108,10,0.031,0,,0
INV-211948,C1008,Independent,West,Sales Rep,7,970.27,30,21,8,0.184,0,69.0,0
INV-211949,C1275,Regional,South,Sales Rep,1,8104.03,45,45,11,0.176,0,,0
INV-211950,C1565,National Account,Midwest,Sales Rep,2,8206.61,30,28,25,0.0,0,73.0,1
INV-211951,C1376,Independent,Midwest,Sales Rep,11,9852.03,30,4,18,0.11,0,,0
INV-211952,C1646,Independent,West,Phone,7,2353.9,30,51,9,0.05,0,,0
INV-211953,C1144,Regional,Northeast,Sales Rep,12,5448.79,45,31,13,0.05,0,,0
INV-211954,C1741,National Account,Northeast,Web Portal,11,8518.45,60,93,25,0.0,0,,0
INV-211955,C1720,Independent,West,EDI,7,927.75,30,31,14,0.123,0,,0
INV-211956,C1155,Regional,Midwest,Web Portal,3,1724.88,30,98,12,0.0,0,,0
INV-211957,C1319,Regional,Midwest,Web Portal,9,3379.31,45,43,9,0.041,0,,0
INV-211958,C1544,Independent,Northeast,Sales Rep,1,999.27,30,7,9,0.166,0,,0
INV-211959,C1505,National Account,South,Phone,11,2691.11,60,68,16,0.16,0,,0
INV-211960,C1588,Regional,West,EDI,8,5465.71,30,13,8,0.03,1,,0
INV-211961,C1463,National Account,Midwest,Web Portal,5,5857.42,30,90,25,0.05,0,78.0,1
INV-211962,C1084,National Account,Midwest,Sales Rep,2,20371.14,45,258,28,0.112,0,,0
INV-211963,C1307,Regional,West,EDI,10,1813.59,45,119,9,0.056,0,,0
INV-211964,C1588,Regional,Midwest,Sales Rep,8,4285.43,45,13,11,0.308,0,,0
INV-211965,C1434,Regional,Northeast,Web Portal,12,13085.02,60,114,11,0.051,0,,0
INV-211966,C1568,National Account,Midwest,Sales Rep,8,11510.48,60,79,22,0.271,0,,0
INV-211967,C1786,Independent,South,Phone,3,9603.93,45,22,11,0.132,1,79.0,1
INV-211968,C1348,Regional,South,Sales Rep,11,4533.35,45,84,7,0.078,0,,0
INV-211969,C1623,Regional,Northeast,Phone,10,2219.61,45,33,8,0.229,0,,0
INV-211970,C1632,Regional,West,Phone,11,1503.84,60,48,8,0.07,0,,0
INV-211971,C1202,National Account,Midwest,Phone,8,6507.22,60,98,34,0.0,0,,0
INV-211972,C1603,National Account,Northeast,Sales Rep,10,43303.46,30,122,15,0.038,0,,0
INV-211973,C1138,Independent,West,Sales Rep,10,610.52,30,28,3,0.208,0,,0
INV-211974,C1573,National Account,Northeast,Sales Rep,8,15282.87,60,63,31,0.462,0,,0
INV-211975,C1324,Regional,West,Phone,6,8436.87,45,5,4,0.044,0,,0
INV-211976,C1397,National Account,South,Phone,11,8046.29,45,54,26,0.191,0,,0
INV-211977,C1444,Independent,South,Phone,5,6244.7,45,57,6,0.239,0,,0
INV-211978,C1536,National Account,Midwest,Web Portal,5,3136.64,60,177,21,0.065,0,,0
INV-211979,C1405,Independent,Northeast,Sales Rep,6,922.13,30,14,9,0.443,0,,0
INV-211980,C1433,Independent,Midwest,Phone,12,1683.74,30,32,8,0.173,0,,0
INV-211981,C1698,National Account,Northeast,EDI,6,4377.74,60,49,21,0.0,0,,0
INV-211982,C1596,Regional,Midwest,Sales Rep,9,10970.31,45,17,17,0.25,0,,0
INV-211983,C1189,National Account,Northeast,EDI,2,2779.76,60,90,19,0.175,0,,0
INV-211984,C1449,National Account,South,Sales Rep,1,5406.94,60,192,21,0.0,0,,0
INV-211985,C1662,Independent,West,Sales Rep,10,12126.77,30,39,9,0.094,1,,0
INV-211986,C1048,Regional,South,Web Portal,8,4616.05,60,61,8,0.214,0,,0
INV-211987,C1300,Independent,South,EDI,5,4456.55,30,21,8,0.106,0,62.0,0
INV-211988,C1245,Regional,West,Web Portal,8,25662.34,45,20,14,0.165,0,,0
INV-211989,C1248,National Account,Northeast,Web Portal,1,26026.88,60,47,25,0.0,0,,0
INV-211990,C1816,National Account,South,Web Portal,3,11168.7,30,25,23,0.162,1,,0
INV-211991,C1345,Independent,West,Sales Rep,3,10088.03,45,47,9,0.13,0,,0
INV-211992,C1200,Independent,Northeast,Web Portal,4,4385.73,30,13,8,0.352,0,,0
INV-211993,C1272,Regional,Midwest,Web Portal,9,2421.77,30,41,8,0.415,0,,0
INV-211994,C1334,National Account,Midwest,Sales Rep,9,6871.52,60,103,26,0.059,0,,0
INV-211995,C1728,National Account,Midwest,Phone,12,5050.41,45,121,28,0.0,0,,0
INV-211996,C1419,National Account,South,Phone,8,12172.52,45,31,32,0.26,0,,0
INV-211997,C1075,Independent,Northeast,EDI,8,10310.26,30,29,9,0.021,0,,0
INV-211998,C1538,Regional,Northeast,Web Portal,11,1091.37,30,76,11,0.356,0,,0
INV-211999,C1728,National Account,Midwest,Sales Rep,1,18027.59,45,121,24,0.061,0,,0
