invoice_id,line_no,sku,quantity,unit_price,line_total
MC-100000,1,ST-01,35,80.46,2816.1
MC-100001,1,FN-11,30,35.14,1054.2
MC-100001,2,PL-31,34,48.81,1659.54
MC-100002,1,ST-01,19,768.04,14592.76
MC-100002,2,PL-31,6,454.52,2727.12
MC-100002,3,WR-14,34,873.47,29697.98
MC-100002,4,TL-09,34,597.96,20330.64
MC-100003,1,ST-02,9,258.88,2329.92
MC-100003,2,ST-02,15,180.97,2714.55
MC-100004,1,ST-02,11,72.82,801.02
MC-100004,2,PL-30,25,45.76,1144.0
MC-100005,1,CS-77,19,47.89,909.91
MC-100005,2,ST-01,12,33.94,407.28
MC-100005,3,BR-22,3,35.65,106.95
MC-100005,4,PL-30,37,49.0,1813.0
MC-100006,1,BR-22,23,282.29,6492.67
MC-100006,2,PL-30,13,143.73,1868.49
MC-100006,3,BR-22,11,168.89,1857.79
MC-100007,1,PL-30,38,67.13,2550.94
MC-100008,1,ST-02,3,654.08,1962.24
MC-100008,2,PL-30,12,719.53,8634.36
MC-100008,3,BR-22,23,509.6,11720.8
MC-100009,1,TL-09,20,111.6,2232.0
MC-100009,2,TL-09,34,62.59,2128.06
MC-100010,1,TL-09,39,421.83,16451.37
MC-100010,2,ST-02,26,409.65,10650.9
MC-100011,1,TL-09,13,238.81,3104.53
MC-100012,1,ST-01,9,113.02,1017.18
MC-100012,2,CS-77,35,67.19,2351.65
MC-100012,3,ST-02,27,51.98,1403.46
MC-100013,1,FN-11,22,107.49,2364.78
MC-100014,1,FN-11,35,879.14,30769.9
MC-100014,2,PL-30,21,1089.54,22880.34
MC-100015,1,WR-14,25,884.08,22102.0
MC-100015,2,TL-09,8,1319.0,10552.0
MC-100015,3,PL-30,6,728.44,4370.64
MC-100016,1,ST-02,26,830.26,21586.76
MC-100016,2,ST-02,20,985.54,19710.8
MC-100017,1,FN-11,25,865.79,21644.75
MC-100017,2,FN-11,24,1325.76,31818.24
MC-100017,3,ST-02,15,794.83,11922.45
MC-100018,1,WR-14,35,187.56,6564.6
MC-100018,2,ST-02,29,254.77,7388.33
MC-100018,3,CS-77,11,138.94,1528.34
MC-100019,1,PL-30,8,2012.81,16102.48
MC-100020,1,ST-01,9,1190.82,10717.38
MC-100021,1,BR-22,12,289.16,3469.92
MC-100021,2,TL-09,3,216.1,648.3
MC-100022,1,CS-77,18,409.02,7362.36
MC-100022,2,ST-01,26,259.31,6742.06
MC-100023,1,WR-14,27,866.65,23399.55
MC-100023,2,FN-11,38,593.25,22543.5
MC-100024,1,ST-01,4,241.35,965.4
MC-100024,2,PL-31,17,219.45,3730.65
MC-100024,3,PL-31,34,183.76,6247.84
MC-100025,1,TL-09,27,1577.02,42579.54
MC-100025,2,CS-77,12,1292.83,15513.96
MC-100025,3,WR-14,18,1529.48,27530.64
MC-100025,4,PL-30,25,1393.55,34838.75
MC-100026,1,PL-31,5,73.81,369.05
MC-100026,2,FN-11,20,73.28,1465.6
MC-100027,1,FN-11,23,65.31,1502.13
MC-100027,2,ST-01,38,54.23,2060.74
MC-100027,3,ST-01,31,42.56,1319.36
MC-100027,4,WR-14,7,74.66,522.62
MC-100028,1,PL-31,18,1409.29,25367.22
MC-100028,2,PL-31,16,835.92,13374.72
MC-100029,1,ST-01,18,405.34,7296.12
MC-100029,2,ST-01,8,345.73,2765.84
MC-100029,3,TL-09,11,197.87,2176.57
MC-100030,1,BR-22,19,1399.94,26598.86
MC-100030,2,PL-31,6,1305.8,7834.8
MC-100030,3,ST-01,22,1515.0,33330.0
MC-100030,4,CS-77,23,1759.05,40458.15
MC-100031,1,BR-22,18,723.79,13028.22
MC-100032,1,WR-14,29,1259.84,36535.36
MC-100032,2,TL-09,3,1335.68,4007.04
MC-100033,1,BR-22,14,50.37,705.18
MC-100033,2,BR-22,29,68.86,1996.94
MC-100034,1,PL-30,33,1421.9,46922.7
MC-100035,1,WR-14,23,60.1,1382.3
MC-100035,2,BR-22,27,46.93,1267.11
MC-100036,1,TL-09,24,1262.5,30300.0
MC-100036,2,ST-01,1,1050.9,1050.9
MC-100036,3,PL-30,32,709.95,22718.4
MC-100036,4,PL-30,2,620.12,1240.24
MC-100037,1,CS-77,37,715.56,26475.72
MC-100037,2,BR-22,24,815.31,19567.44
MC-100038,1,ST-02,38,296.61,11271.18
MC-100038,2,CS-77,16,206.04,3296.64
MC-100039,1,FN-11,39,351.48,13707.72
MC-100040,1,CS-77,36,76.14,2741.04
MC-100040,2,CS-77,36,67.31,2423.16
MC-100040,3,BR-22,6,97.62,585.72
MC-100040,4,WR-14,37,114.86,4249.82
MC-100041,1,PL-30,3,1115.16,3345.48
MC-100041,2,TL-09,20,1547.08,30941.6
MC-100041,3,ST-02,15,1503.85,22557.75
MC-100042,1,TL-09,22,1221.78,26879.16
MC-100043,1,PL-31,19,534.17,10149.23
MC-100044,1,ST-01,15,100.21,1503.15
MC-100045,1,WR-14,5,51.04,255.2
MC-100045,2,ST-02,15,69.58,1043.7
MC-100045,3,PL-31,20,65.62,1312.4
MC-100045,4,WR-14,20,65.89,1317.8
MC-100046,1,PL-30,21,699.65,14692.65
MC-100046,2,TL-09,24,647.37,15536.88
MC-100046,3,WR-14,15,421.11,6316.65
MC-100047,1,CS-77,34,945.33,32141.22
MC-100047,2,FN-11,5,1393.14,6965.7
MC-100048,1,ST-01,10,248.79,2487.9
MC-100048,2,FN-11,37,265.2,9812.4
MC-100048,3,TL-09,4,155.51,622.04
MC-100048,4,CS-77,37,284.69,10533.53
MC-100049,1,PL-31,38,112.03,4257.14
MC-100049,2,FN-11,31,59.62,1848.22
MC-100050,1,ST-01,8,643.52,5148.16
MC-100051,1,CS-77,12,351.21,4214.52
MC-100051,2,ST-01,39,312.1,12171.9
MC-100051,3,TL-09,37,326.63,12085.31
MC-100051,4,TL-09,15,248.88,3733.2
MC-100052,1,BR-22,18,629.64,11333.52
MC-100053,1,WR-14,13,870.78,11320.14
MC-100053,2,PL-31,30,1028.0,30840.0
MC-100054,1,CS-77,9,39.12,352.08
MC-100054,2,FN-11,14,72.22,1011.08
MC-100054,3,PL-31,24,61.1,1466.4
MC-100055,1,CS-77,29,253.35,7347.15
MC-100056,1,PL-30,15,1452.92,21793.8
MC-100056,2,PL-31,23,986.55,22690.65
MC-100057,1,TL-09,33,751.05,24784.65
MC-100057,2,PL-30,36,925.37,33313.32
MC-100058,1,BR-22,38,452.83,17207.54
MC-100059,1,WR-14,34,281.62,9575.08
MC-100059,2,CS-77,5,277.72,1388.6
MC-100059,3,PL-30,1,211.38,211.38
MC-100060,1,WR-14,29,1440.27,41767.83
MC-100061,1,ST-02,7,384.0,2688.0
MC-100061,2,CS-77,11,651.45,7165.95
MC-100061,3,ST-02,33,740.58,24439.14
MC-100061,4,TL-09,22,413.44,9095.68
MC-100062,1,BR-22,37,267.5,9897.5
MC-100062,2,TL-09,29,378.32,10971.28
MC-100062,3,ST-01,38,249.83,9493.54
MC-100063,1,PL-31,23,228.16,5247.68
MC-100063,2,TL-09,31,284.24,8811.44
MC-100063,3,TL-09,2,171.01,342.02
MC-100064,1,WR-14,31,412.4,12784.4
MC-100064,2,ST-01,18,525.46,9458.28
MC-100064,3,ST-01,35,508.13,17784.55
MC-100064,4,TL-09,25,679.14,16978.5
MC-100065,1,CS-77,13,75.12,976.56
MC-100065,2,PL-30,1,86.36,86.36
MC-100065,3,BR-22,27,110.78,2991.06
MC-100065,4,FN-11,11,106.28,1169.08
MC-100066,1,ST-02,30,48.85,1465.5
MC-100067,1,FN-11,31,1604.17,49729.27
MC-100067,2,ST-02,28,1634.19,45757.32
MC-100067,3,TL-09,35,1836.53,64278.55
MC-100067,4,WR-14,24,1879.86,45116.64
MC-100068,1,ST-01,6,1272.63,7635.78
MC-100068,2,PL-31,23,1447.61,33295.03
MC-100068,3,TL-09,37,989.4,36607.8
MC-100068,4,BR-22,19,1577.36,29969.84
MC-100069,1,BR-22,39,367.89,14347.71
MC-100070,1,FN-11,15,446.88,6703.2
MC-100070,2,PL-31,13,231.57,3010.41
MC-100071,1,CS-77,5,54.74,273.7
MC-100071,2,PL-31,25,42.96,1074.0
MC-100072,1,ST-02,26,477.99,12427.74
MC-100072,2,TL-09,32,634.02,20288.64
MC-100072,3,BR-22,8,681.96,5455.68
MC-100073,1,ST-01,21,1621.8,34057.8
MC-100073,2,TL-09,21,882.21,18526.41
MC-100073,3,ST-02,18,788.05,14184.9
MC-100073,4,ST-01,26,1501.33,39034.58
MC-100074,1,BR-22,31,716.01,22196.31
MC-100074,2,PL-30,16,1307.13,20914.08
MC-100074,3,TL-09,15,607.49,9112.35
MC-100075,1,FN-11,8,58.85,470.8
MC-100075,2,ST-01,28,42.01,1176.28
MC-100075,3,ST-01,23,65.61,1509.03
MC-100075,4,PL-30,1,55.8,55.8
MC-100076,1,WR-14,6,1099.01,6594.06
MC-100076,2,CS-77,5,1209.28,6046.4
MC-100077,1,WR-14,19,1270.99,24148.81
MC-100078,1,PL-30,35,287.05,10046.75
MC-100078,2,TL-09,24,323.21,7757.04
MC-100078,3,ST-02,26,282.33,7340.58
MC-100078,4,CS-77,17,328.57,5585.69
MC-100079,1,CS-77,23,799.41,18386.43
MC-100079,2,CS-77,17,808.2,13739.4
MC-100080,1,FN-11,29,142.56,4134.24
MC-100080,2,FN-11,13,135.2,1757.6
MC-100080,3,TL-09,20,246.3,4926.0
MC-100080,4,WR-14,27,162.04,4375.08
MC-100081,1,PL-31,10,91.75,917.5
MC-100082,1,WR-14,5,155.01,775.05
MC-100082,2,FN-11,17,219.86,3737.62
MC-100082,3,PL-30,33,215.56,7113.48
MC-100083,1,PL-30,13,1302.55,16933.15
MC-100083,2,TL-09,33,1080.29,35649.57
MC-100084,1,PL-30,35,210.96,7383.6
MC-100084,2,TL-09,2,207.85,415.7
MC-100084,3,CS-77,23,152.39,3504.97
MC-100084,4,PL-30,31,207.31,6426.61
MC-100085,1,CS-77,26,133.56,3472.56
MC-100085,2,PL-30,32,199.8,6393.6
MC-100085,3,FN-11,22,189.63,4171.86
MC-100085,4,TL-09,4,144.21,576.84
MC-100086,1,WR-14,21,75.46,1584.66
MC-100086,2,ST-02,35,67.36,2357.6
MC-100086,3,BR-22,26,39.2,1019.2
MC-100086,4,PL-31,29,45.19,1310.51
MC-100087,1,BR-22,21,66.81,1403.01
MC-100087,2,ST-01,5,71.72,358.6
MC-100087,3,ST-01,31,102.48,3176.88
MC-100088,1,TL-09,9,1305.47,11749.23
MC-100088,2,PL-31,25,618.57,15464.25
MC-100089,1,CS-77,34,779.49,26502.66
MC-100090,1,ST-01,33,92.28,3045.24
MC-100091,1,FN-11,9,247.85,2230.65
MC-100091,2,TL-09,30,178.36,5350.8
MC-100091,3,TL-09,7,239.11,1673.77
MC-100091,4,WR-14,37,182.61,6756.57
MC-100092,1,ST-01,9,75.11,675.99
MC-100092,2,ST-02,26,53.05,1379.3
MC-100092,3,PL-31,5,110.36,551.8
MC-100093,1,ST-02,9,1999.39,17994.51
MC-100093,2,FN-11,35,1174.5,41107.5
MC-100093,3,CS-77,21,1543.1,32405.1
MC-100093,4,CS-77,34,1268.02,43112.68
MC-100094,1,TL-09,6,73.99,443.94
MC-100095,1,CS-77,9,607.89,5471.01
MC-100095,2,BR-22,37,791.57,29288.09
MC-100096,1,ST-02,1,478.54,478.54
MC-100096,2,ST-02,28,639.97,17919.16
MC-100096,3,PL-31,12,495.49,5945.88
MC-100097,1,BR-22,23,176.88,4068.24
MC-100098,1,CS-77,32,1200.65,38420.8
MC-100098,2,BR-22,11,723.27,7955.97
MC-100099,1,CS-77,11,100.11,1101.21
MC-100099,2,TL-09,21,101.39,2129.19
MC-100099,3,ST-02,34,66.16,2249.44
MC-100099,4,PL-30,16,56.59,905.44
MC-100100,1,PL-30,13,257.66,3349.58
MC-100100,2,CS-77,15,171.26,2568.9
MC-100100,3,ST-02,18,175.29,3155.22
MC-100100,4,ST-01,5,260.56,1302.8
MC-100101,1,FN-11,6,1627.08,9762.48
MC-100101,2,WR-14,34,1479.15,50291.1
MC-100101,3,PL-30,36,1549.73,55790.28
MC-100101,4,CS-77,25,1238.62,30965.5
MC-100102,1,WR-14,27,1472.02,39744.54
MC-100102,2,TL-09,37,1201.31,44448.47
MC-100102,3,CS-77,33,1487.31,49081.23
MC-100102,4,ST-01,36,2024.1,72867.6
MC-100103,1,ST-02,5,41.51,207.55
MC-100103,2,PL-30,20,73.75,1475.0
MC-100104,1,BR-22,6,57.69,346.14
MC-100104,2,ST-02,37,61.48,2274.76
MC-100104,3,TL-09,4,43.15,172.6
MC-100104,4,TL-09,30,70.32,2109.6
MC-100105,1,CS-77,8,102.57,820.56
MC-100106,1,ST-01,20,66.39,1327.8
MC-100106,2,CS-77,14,48.74,682.36
MC-100107,1,FN-11,5,203.94,1019.7
MC-100108,1,FN-11,8,962.15,7697.2
MC-100108,2,WR-14,18,1062.46,19124.28
MC-100108,3,ST-01,33,899.22,29674.26
MC-100109,1,WR-14,5,1607.68,8038.4
MC-100109,2,ST-01,31,1016.83,31521.73
MC-100109,3,ST-01,12,770.88,9250.56
MC-100110,1,WR-14,9,854.59,7691.31
MC-100110,2,WR-14,27,655.23,17691.21
MC-100111,1,BR-22,25,443.57,11089.25
MC-100112,1,WR-14,39,753.02,29367.78
MC-100112,2,CS-77,4,704.24,2816.96
MC-100113,1,CS-77,13,432.52,5622.76
MC-100113,2,PL-30,17,262.55,4463.35
MC-100114,1,PL-31,34,550.36,18712.24
MC-100115,1,PL-31,28,46.41,1299.48
MC-100115,2,TL-09,27,49.99,1349.73
MC-100115,3,ST-01,28,64.25,1799.0
MC-100116,1,FN-11,17,1124.64,19118.88
MC-100116,2,FN-11,18,606.13,10910.34
MC-100117,1,FN-11,29,547.72,15883.88
MC-100117,2,WR-14,3,638.09,1914.27
MC-100117,3,PL-31,1,540.52,540.52
MC-100117,4,BR-22,1,774.46,774.46
MC-100118,1,WR-14,21,261.7,5495.7
MC-100118,2,FN-11,28,208.31,5832.68
MC-100119,1,PL-31,10,699.41,6994.1
MC-100120,1,ST-01,27,742.73,20053.71
MC-100121,1,WR-14,39,524.46,20453.94
MC-100121,2,BR-22,6,807.61,4845.66
MC-100121,3,TL-09,9,603.67,5433.03
MC-100122,1,PL-31,26,831.32,21614.32
MC-100123,1,PL-31,27,1982.86,53537.22
MC-100123,2,FN-11,15,985.83,14787.45
MC-100123,3,PL-30,15,1610.05,24150.75
MC-100123,4,ST-02,15,1131.23,16968.45
MC-100124,1,FN-11,32,41.37,1323.84
MC-100125,1,FN-11,14,802.35,11232.9
MC-100125,2,WR-14,11,1260.82,13869.02
MC-100126,1,FN-11,2,117.9,235.8
MC-100126,2,PL-31,30,70.93,2127.9
MC-100126,3,PL-31,3,95.15,285.45
MC-100127,1,PL-30,39,1608.41,62727.99
MC-100128,1,BR-22,18,98.75,1777.5
MC-100128,2,ST-02,3,76.32,228.96
MC-100128,3,FN-11,30,118.18,3545.4
MC-100128,4,PL-31,10,105.43,1054.3
MC-100129,1,TL-09,26,1221.76,31765.76
MC-100129,2,FN-11,12,825.69,9908.28
MC-100129,3,ST-02,34,1509.69,51329.46
MC-100129,4,CS-77,23,876.11,20150.53
MC-100130,1,ST-01,25,146.77,3669.25
MC-100131,1,ST-02,5,300.55,1502.75
MC-100131,2,FN-11,22,353.17,7769.74
MC-100131,3,PL-30,2,432.85,865.7
MC-100132,1,BR-22,17,686.64,11672.88
MC-100132,2,TL-09,36,409.68,14748.48
MC-100132,3,WR-14,29,682.24,19784.96
MC-100133,1,PL-30,31,1259.44,39042.64
MC-100133,2,WR-14,7,1112.25,7785.75
MC-100133,3,BR-22,11,1205.1,13256.1
MC-100133,4,WR-14,21,885.79,18601.59
MC-100134,1,ST-01,8,305.55,2444.4
MC-100134,2,ST-01,13,447.4,5816.2
MC-100135,1,BR-22,14,188.53,2639.42
MC-100135,2,FN-11,7,134.45,941.15
MC-100136,1,PL-30,2,62.31,124.62
MC-100137,1,BR-22,2,50.61,101.22
MC-100137,2,CS-77,16,54.41,870.56
MC-100137,3,ST-01,30,68.83,2064.9
MC-100138,1,TL-09,34,1182.23,40195.82
MC-100139,1,BR-22,14,247.52,3465.28
MC-100139,2,ST-02,34,231.59,7874.06
MC-100140,1,ST-01,22,1154.82,25406.04
MC-100140,2,BR-22,11,1095.91,12055.01
MC-100140,3,WR-14,20,1555.55,31111.0
MC-100140,4,TL-09,17,777.68,13220.56
MC-100141,1,WR-14,28,1704.04,47713.12
MC-100142,1,CS-77,17,133.19,2264.23
MC-100143,1,ST-01,35,37.55,1314.25
MC-100143,2,TL-09,22,41.02,902.44
MC-100143,3,WR-14,8,59.99,479.92
MC-100143,4,PL-30,30,61.12,1833.6
MC-100144,1,PL-31,25,1426.72,35668.0
MC-100145,1,PL-31,15,760.82,11412.3
MC-100145,2,BR-22,32,1321.36,42283.52
MC-100146,1,PL-31,32,61.24,1959.68
MC-100146,2,PL-30,22,74.54,1639.88
MC-100146,3,TL-09,29,49.31,1429.99
MC-100146,4,PL-30,24,52.51,1260.24
MC-100147,1,TL-09,24,265.21,6365.04
MC-100147,2,CS-77,3,207.83,623.49
MC-100147,3,BR-22,31,215.41,6677.71
MC-100147,4,BR-22,10,217.8,2178.0
MC-100148,1,ST-01,23,260.37,5988.51
MC-100149,1,PL-30,38,413.01,15694.38
MC-100149,2,FN-11,23,323.54,7441.42
MC-100150,1,CS-77,14,51.19,716.66
MC-100150,2,PL-30,9,73.96,665.64
MC-100150,3,WR-14,2,65.24,130.48
MC-100150,4,PL-31,4,56.56,226.24
MC-100151,1,CS-77,4,635.68,2542.72
MC-100152,1,WR-14,21,782.38,16429.98
MC-100153,1,PL-30,29,890.42,25822.18
MC-100153,2,BR-22,27,724.88,19571.76
MC-100153,3,WR-14,38,1331.64,50602.32
MC-100154,1,PL-30,17,825.15,14027.55
MC-100154,2,ST-02,17,947.15,16101.55
MC-100154,3,FN-11,27,796.65,21509.55
MC-100154,4,PL-31,34,981.78,33380.52
MC-100155,1,ST-02,20,916.11,18322.2
MC-100155,2,PL-31,18,1081.05,19458.9
MC-100155,3,PL-31,4,1285.93,5143.72
MC-100155,4,PL-31,15,996.42,14946.3
MC-100156,1,PL-30,36,1238.16,44573.76
MC-100156,2,ST-02,21,1343.22,28207.62
MC-100156,3,BR-22,16,1240.16,19842.56
MC-100156,4,ST-02,11,1136.53,12501.83
MC-100157,1,PL-30,2,204.44,408.88
MC-100157,2,ST-01,23,129.41,2976.43
MC-100157,3,FN-11,39,236.69,9230.91
MC-100157,4,CS-77,1,245.43,245.43
MC-100158,1,BR-22,3,559.52,1678.56
MC-100158,2,TL-09,33,618.07,20396.31
MC-100158,3,ST-02,14,504.1,7057.4
MC-100159,1,WR-14,22,434.21,9552.62
MC-100159,2,FN-11,30,367.98,11039.4
MC-100159,3,CS-77,34,234.65,7978.1
MC-100159,4,CS-77,37,301.36,11150.32
MC-100160,1,ST-02,35,555.87,19455.45
MC-100160,2,PL-30,30,582.37,17471.1
MC-100160,3,ST-02,28,784.15,21956.2
MC-100161,1,TL-09,29,171.0,4959.0
MC-100161,2,PL-31,31,166.16,5150.96
MC-100161,3,ST-01,17,169.62,2883.54
MC-100162,1,PL-30,34,102.13,3472.42
MC-100162,2,FN-11,4,118.69,474.76
MC-100162,3,BR-22,31,85.58,2652.98
MC-100162,4,BR-22,6,97.37,584.22
MC-100163,1,PL-30,37,664.14,24573.18
MC-100163,2,ST-02,9,502.71,4524.39
MC-100164,1,FN-11,7,1156.29,8094.03
MC-100165,1,BR-22,25,254.27,6356.75
MC-100166,1,WR-14,23,299.11,6879.53
MC-100166,2,CS-77,32,307.7,9846.4
MC-100166,3,ST-02,13,207.49,2697.37
MC-100166,4,FN-11,38,401.87,15271.06
MC-100167,1,PL-31,35,593.61,20776.35
MC-100167,2,ST-01,16,821.52,13144.32
MC-100168,1,CS-77,9,210.75,1896.75
MC-100168,2,PL-30,36,174.36,6276.96
MC-100169,1,WR-14,14,290.41,4065.74
MC-100169,2,ST-01,18,373.91,6730.38
MC-100169,3,PL-30,13,415.33,5399.29
MC-100170,1,CS-77,20,600.58,12011.6
MC-100170,2,PL-30,7,536.38,3754.66
MC-100171,1,BR-22,5,246.18,1230.9
MC-100171,2,PL-30,22,264.35,5815.7
MC-100172,1,CS-77,22,1076.69,23687.18
MC-100173,1,WR-14,6,638.93,3833.58
MC-100173,2,ST-02,24,999.21,23981.04
MC-100173,3,BR-22,5,611.5,3057.5
MC-100174,1,PL-31,24,267.01,6408.24
MC-100174,2,PL-31,17,200.18,3403.06
MC-100175,1,ST-01,33,1444.3,47661.9
MC-100175,2,FN-11,30,2020.15,60604.5
MC-100175,3,WR-14,36,1835.22,66067.92
MC-100175,4,ST-01,20,1359.77,27195.4
MC-100176,1,FN-11,38,1515.71,57596.98
MC-100176,2,TL-09,18,2017.09,36307.62
MC-100176,3,PL-30,12,1477.61,17731.32
MC-100177,1,BR-22,1,812.82,812.82
MC-100178,1,PL-30,33,59.52,1964.16
MC-100179,1,TL-09,3,414.37,1243.11
MC-100179,2,TL-09,37,317.44,11745.28
MC-100180,1,CS-77,11,1018.44,11202.84
MC-100180,2,WR-14,28,1694.94,47458.32
MC-100181,1,TL-09,25,1442.83,36070.75
MC-100181,2,PL-30,10,1417.2,14172.0
MC-100181,3,PL-30,1,1617.15,1617.15
MC-100181,4,PL-31,7,1250.31,8752.17
MC-100182,1,PL-30,14,109.09,1527.26
MC-100182,2,PL-30,29,78.51,2276.79
MC-100182,3,ST-01,15,58.11,871.65
MC-100183,1,TL-09,13,64.69,840.97
MC-100183,2,WR-14,5,56.25,281.25
MC-100183,3,PL-31,37,79.71,2949.27
MC-100183,4,PL-31,21,95.29,2001.09
MC-100184,1,ST-01,8,49.02,392.16
MC-100184,2,ST-01,26,47.66,1239.16
MC-100184,3,CS-77,35,41.08,1437.8
MC-100184,4,ST-01,32,69.3,2217.6
MC-100185,1,PL-30,13,1119.99,14559.87
MC-100186,1,TL-09,25,162.36,4059.0
MC-100187,1,PL-30,4,1288.49,5153.96
MC-100187,2,PL-30,34,830.38,28232.92
MC-100187,3,ST-01,1,1318.5,1318.5
MC-100188,1,CS-77,21,800.91,16819.11
MC-100188,2,TL-09,14,692.69,9697.66
MC-100188,3,WR-14,21,404.47,8493.87
MC-100189,1,CS-77,20,1116.69,22333.8
MC-100189,2,FN-11,37,1264.64,46791.68
MC-100189,3,PL-31,27,906.56,24477.12
MC-100190,1,TL-09,30,35.59,1067.7
MC-100190,2,PL-31,1,33.46,33.46
MC-100191,1,TL-09,4,87.61,350.44
MC-100192,1,BR-22,32,244.23,7815.36
MC-100192,2,PL-31,16,235.52,3768.32
MC-100192,3,TL-09,39,441.25,17208.75
MC-100192,4,ST-02,37,224.81,8317.97
MC-100193,1,PL-30,22,75.83,1668.26
MC-100193,2,PL-30,29,76.69,2224.01
MC-100194,1,ST-02,9,780.85,7027.65
MC-100194,2,BR-22,15,597.75,8966.25
MC-100194,3,TL-09,23,1257.79,28929.17
MC-100195,1,PL-31,18,975.25,17554.5
MC-100195,2,ST-02,11,1562.45,17186.95
MC-100195,3,ST-01,36,1580.64,56903.04
MC-100195,4,WR-14,3,1629.76,4889.28
MC-100196,1,PL-30,25,414.73,10368.25
MC-100196,2,PL-31,21,428.45,8997.45
MC-100196,3,PL-31,26,229.33,5962.58
MC-100197,1,ST-01,12,1528.71,18344.52
MC-100197,2,PL-31,30,1066.76,32002.8
MC-100198,1,FN-11,11,136.25,1498.75
MC-100198,2,FN-11,37,205.9,7618.3
MC-100198,3,CS-77,24,235.57,5653.68
MC-100199,1,TL-09,15,1538.1,23071.5
MC-100199,2,ST-01,9,1820.66,16385.94
MC-100199,3,BR-22,7,1741.99,12193.93
MC-100199,4,CS-77,26,1943.21,50523.46
MC-100200,1,FN-11,10,276.61,2766.1
MC-100200,2,PL-31,15,225.84,3387.6
MC-100200,3,PL-31,24,233.75,5610.0
MC-100200,4,BR-22,2,169.1,338.2
MC-100201,1,PL-31,17,1947.22,33102.74
MC-100202,1,PL-30,20,715.93,14318.6
MC-100202,2,TL-09,12,818.89,9826.68
MC-100202,3,FN-11,31,741.83,22996.73
MC-100203,1,TL-09,38,691.11,26262.18
MC-100204,1,PL-30,36,1388.41,49982.76
MC-100204,2,PL-31,13,1431.41,18608.33
MC-100205,1,ST-02,15,171.8,2577.0
MC-100205,2,PL-31,30,291.8,8754.0
MC-100206,1,PL-31,22,1178.06,25917.32
MC-100206,2,TL-09,2,1458.99,2917.98
MC-100207,1,PL-31,11,114.36,1257.96
MC-100207,2,PL-30,27,59.03,1593.81
MC-100207,3,BR-22,25,112.52,2813.0
MC-100207,4,PL-30,20,60.24,1204.8
MC-100208,1,CS-77,17,586.89,9977.13
MC-100208,2,CS-77,12,936.92,11243.04
MC-100208,3,WR-14,21,714.67,15008.07
MC-100208,4,FN-11,38,779.05,29603.9
MC-100209,1,PL-31,4,1923.68,7694.72
MC-100209,2,WR-14,22,1424.46,31338.12
MC-100209,3,WR-14,36,1599.19,57570.84
MC-100210,1,BR-22,30,304.72,9141.6
MC-100210,2,ST-02,37,261.37,9670.69
MC-100211,1,PL-31,19,1004.49,19085.31
MC-100211,2,BR-22,31,1295.69,40166.39
MC-100212,1,CS-77,14,743.44,10408.16
MC-100212,2,ST-01,30,1051.94,31558.2
MC-100213,1,FN-11,32,1436.53,45968.96
MC-100213,2,CS-77,29,922.73,26759.17
MC-100214,1,PL-31,35,997.81,34923.35
MC-100214,2,TL-09,22,1419.16,31221.52
MC-100214,3,TL-09,13,1044.24,13575.12
MC-100214,4,ST-02,12,1344.78,16137.36
MC-100215,1,PL-30,36,237.28,8542.08
MC-100215,2,CS-77,8,220.59,1764.72
MC-100215,3,PL-31,17,197.26,3353.42
MC-100215,4,PL-30,30,288.67,8660.1
MC-100216,1,FN-11,30,259.6,7788.0
MC-100217,1,ST-01,24,745.94,17902.56
MC-100217,2,ST-02,34,430.78,14646.52
MC-100217,3,PL-30,4,624.88,2499.52
MC-100217,4,ST-01,34,830.49,28236.66
MC-100218,1,BR-22,12,385.92,4631.04
MC-100218,2,PL-30,22,430.21,9464.62
MC-100219,1,PL-31,12,215.73,2588.76
MC-100219,2,TL-09,29,306.44,8886.76
MC-100219,3,WR-14,39,293.12,11431.68
MC-100220,1,WR-14,16,516.89,8270.24
MC-100221,1,CS-77,1,1336.14,1336.14
MC-100222,1,FN-11,18,1448.81,26078.58
MC-100222,2,WR-14,25,1240.4,31010.0
MC-100222,3,CS-77,3,1555.44,4666.32
MC-100223,1,PL-31,8,779.59,6236.72
MC-100223,2,ST-02,1,643.74,643.74
MC-100224,1,TL-09,20,1058.46,21169.2
MC-100224,2,PL-31,31,1760.94,54589.14
MC-100224,3,ST-02,37,1557.11,57613.07
MC-100224,4,TL-09,19,1979.14,37603.66
MC-100225,1,PL-30,28,1262.96,35362.88
MC-100225,2,CS-77,35,999.08,34967.8
MC-100226,1,BR-22,2,103.61,207.22
MC-100227,1,ST-02,14,106.52,1491.28
MC-100227,2,BR-22,16,110.07,1761.12
MC-100228,1,CS-77,5,349.95,1749.75
MC-100229,1,WR-14,22,375.72,8265.84
MC-100230,1,PL-30,12,1284.19,15410.28
MC-100230,2,FN-11,20,737.27,14745.4
MC-100230,3,WR-14,36,1186.01,42696.36
MC-100231,1,CS-77,23,979.57,22530.11
MC-100231,2,PL-31,36,1161.99,41831.64
MC-100231,3,FN-11,37,981.24,36305.88
MC-100231,4,FN-11,11,764.88,8413.68
MC-100232,1,ST-01,39,168.33,6564.87
MC-100232,2,BR-22,18,240.14,4322.52
MC-100232,3,BR-22,6,127.95,767.7
MC-100232,4,TL-09,21,214.75,4509.75
MC-100233,1,CS-77,24,1147.19,27532.56
MC-100233,2,ST-01,11,804.11,8845.21
MC-100233,3,WR-14,39,594.78,23196.42
MC-100234,1,TL-09,23,50.06,1151.38
MC-100234,2,WR-14,6,74.95,449.7
MC-100234,3,PL-30,19,35.64,677.16
MC-100234,4,FN-11,37,66.92,2476.04
MC-100235,1,BR-22,34,450.48,15316.32
MC-100235,2,FN-11,5,468.16,2340.8
MC-100236,1,WR-14,16,50.29,804.64
MC-100236,2,BR-22,14,56.89,796.46
MC-100236,3,BR-22,19,58.54,1112.26
MC-100236,4,CS-77,20,59.25,1185.0
MC-100237,1,CS-77,4,51.27,205.08
MC-100237,2,BR-22,17,61.36,1043.12
MC-100238,1,ST-01,39,266.94,10410.66
MC-100238,2,TL-09,19,148.4,2819.6
MC-100238,3,PL-30,22,149.9,3297.8
MC-100239,1,FN-11,14,253.38,3547.32
MC-100239,2,WR-14,21,262.99,5522.79
MC-100239,3,PL-30,25,190.02,4750.5
MC-100239,4,PL-31,7,235.86,1651.02
MC-100240,1,ST-02,6,926.35,5558.1
MC-100241,1,PL-30,15,604.95,9074.25
MC-100241,2,CS-77,30,396.8,11904.0
MC-100241,3,ST-02,22,512.88,11283.36
MC-100241,4,CS-77,14,607.61,8506.54
MC-100242,1,ST-01,4,930.75,3723.0
MC-100243,1,PL-31,23,1301.55,29935.65
MC-100243,2,PL-30,15,1567.25,23508.75
MC-100244,1,WR-14,24,1295.22,31085.28
MC-100244,2,ST-02,23,950.54,21862.42
MC-100244,3,FN-11,5,1968.8,9844.0
MC-100245,1,PL-31,36,1599.76,57591.36
MC-100245,2,TL-09,33,1363.53,44996.49
MC-100246,1,ST-01,7,453.56,3174.92
MC-100247,1,ST-01,30,291.02,8730.6
MC-100247,2,ST-01,24,171.78,4122.72
MC-100247,3,BR-22,18,263.93,4750.74
MC-100248,1,PL-30,17,462.17,7856.89
MC-100248,2,PL-30,5,719.13,3595.65
MC-100248,3,PL-30,35,811.51,28402.85
MC-100248,4,WR-14,12,493.33,5919.96
MC-100249,1,TL-09,34,834.18,28362.12
MC-100249,2,BR-22,22,560.48,12330.56
MC-100249,3,CS-77,15,610.29,9154.35
MC-100249,4,PL-31,24,583.21,13997.04
MC-100250,1,TL-09,11,49.34,542.74
MC-100250,2,ST-01,19,34.24,650.56
MC-100250,3,WR-14,24,61.55,1477.2
MC-100250,4,BR-22,33,69.12,2280.96
MC-100251,1,ST-01,17,686.0,11662.0
MC-100252,1,ST-02,18,280.5,5049.0
MC-100253,1,PL-31,3,1250.0,3750.0
MC-100254,1,ST-02,15,174.65,2619.75
MC-100255,1,PL-31,4,730.46,2921.84
MC-100255,2,FN-11,29,873.44,25329.76
MC-100255,3,ST-02,3,1480.56,4441.68
MC-100255,4,BR-22,13,977.96,12713.48
MC-100256,1,PL-31,10,67.59,675.9
MC-100257,1,TL-09,33,211.33,6973.89
MC-100257,2,PL-31,27,267.82,7231.14
MC-100258,1,ST-02,14,54.74,766.36
MC-100259,1,PL-31,5,1985.19,9925.95
MC-100259,2,CS-77,38,986.59,37490.42
MC-100260,1,PL-31,4,730.87,2923.48
MC-100261,1,PL-30,36,1918.08,69050.88
MC-100261,2,ST-01,35,1985.26,69484.1
MC-100261,3,ST-02,4,884.7,3538.8
MC-100262,1,ST-01,25,108.62,2715.5
MC-100262,2,PL-31,6,84.89,509.34
MC-100262,3,PL-30,3,56.35,169.05
MC-100263,1,ST-02,26,393.16,10222.16
MC-100263,2,PL-30,16,312.73,5003.68
MC-100263,3,ST-01,3,354.22,1062.66
MC-100263,4,CS-77,12,254.8,3057.6
MC-100264,1,PL-31,9,643.36,5790.24
MC-100264,2,WR-14,36,699.51,25182.36
MC-100264,3,WR-14,10,868.56,8685.6
MC-100264,4,ST-02,33,902.25,29774.25
MC-100265,1,WR-14,28,1193.54,33419.12
MC-100266,1,BR-22,15,986.72,14800.8
MC-100266,2,TL-09,30,812.8,24384.0
MC-100266,3,FN-11,36,797.06,28694.16
MC-100266,4,TL-09,10,930.54,9305.4
MC-100267,1,TL-09,11,53.34,586.74
MC-100267,2,ST-01,10,82.32,823.2
MC-100267,3,PL-30,32,117.86,3771.52
MC-100268,1,FN-11,9,40.31,362.79
MC-100268,2,BR-22,17,76.24,1296.08
MC-100268,3,TL-09,22,48.09,1057.98
MC-100269,1,CS-77,1,185.67,185.67
MC-100269,2,FN-11,14,248.08,3473.12
MC-100269,3,TL-09,37,190.12,7034.44
MC-100269,4,PL-31,31,197.78,6131.18
MC-100270,1,BR-22,19,837.84,15918.96
MC-100270,2,FN-11,26,824.91,21447.66
MC-100270,3,ST-01,35,860.08,30102.8
MC-100270,4,ST-02,3,617.24,1851.72
MC-100271,1,WR-14,4,42.95,171.8
MC-100272,1,BR-22,31,776.72,24078.32
MC-100272,2,FN-11,8,635.6,5084.8
MC-100272,3,ST-01,25,484.43,12110.75
MC-100272,4,BR-22,38,694.45,26389.1
MC-100273,1,PL-31,9,291.2,2620.8
MC-100273,2,PL-30,36,383.46,13804.56
MC-100273,3,CS-77,4,219.92,879.68
MC-100274,1,ST-02,15,797.73,11965.95
MC-100274,2,WR-14,7,1312.41,9186.87
MC-100274,3,PL-30,11,1204.85,13253.35
MC-100275,1,ST-01,29,323.1,9369.9
MC-100275,2,BR-22,28,363.14,10167.92
MC-100276,1,PL-31,21,75.81,1592.01
MC-100276,2,PL-31,34,81.8,2781.2
MC-100276,3,PL-30,31,61.07,1893.17
MC-100277,1,WR-14,34,593.64,20183.76
MC-100277,2,PL-31,2,537.6,1075.2
MC-100278,1,TL-09,31,65.52,2031.12
MC-100278,2,WR-14,30,101.32,3039.6
MC-100279,1,PL-31,7,61.02,427.14
MC-100279,2,PL-31,6,56.39,338.34
MC-100280,1,PL-30,19,798.55,15172.45
MC-100280,2,FN-11,9,1048.78,9439.02
MC-100280,3,PL-31,13,856.25,11131.25
MC-100280,4,WR-14,13,1001.95,13025.35
MC-100281,1,PL-31,15,1706.02,25590.3
MC-100281,2,FN-11,1,1577.37,1577.37
MC-100281,3,PL-31,2,1878.15,3756.3
MC-100282,1,WR-14,25,1398.77,34969.25
MC-100282,2,WR-14,24,1231.63,29559.12
MC-100283,1,CS-77,6,178.33,1069.98
MC-100283,2,TL-09,3,128.13,384.39
MC-100283,3,BR-22,37,156.16,5777.92
MC-100284,1,ST-02,9,700.57,6305.13
MC-100284,2,ST-01,28,432.58,12112.24
MC-100285,1,TL-09,30,70.94,2128.2
MC-100285,2,BR-22,4,57.43,229.72
MC-100285,3,CS-77,26,61.82,1607.32
MC-100286,1,CS-77,30,318.6,9558.0
MC-100286,2,ST-01,5,244.43,1222.15
MC-100286,3,BR-22,18,375.76,6763.68
MC-100286,4,PL-30,6,243.35,1460.1
MC-100287,1,ST-01,10,185.03,1850.3
MC-100287,2,PL-31,31,220.4,6832.4
MC-100287,3,CS-77,17,167.4,2845.8
MC-100287,4,BR-22,28,134.43,3764.04
MC-100288,1,FN-11,5,1417.11,7085.55
MC-100289,1,CS-77,14,1271.76,17804.64
MC-100290,1,TL-09,21,1200.82,25217.22
MC-100290,2,PL-30,39,1802.26,70288.14
MC-100290,3,FN-11,17,1635.18,27798.06
MC-100291,1,TL-09,21,1853.17,38916.57
MC-100291,2,WR-14,35,1322.23,46278.05
MC-100291,3,TL-09,20,962.22,19244.4
MC-100291,4,WR-14,27,1757.11,47441.97
MC-100292,1,PL-31,35,983.57,34424.95
MC-100292,2,PL-30,16,1313.98,21023.68
MC-100292,3,FN-11,15,1225.72,18385.8
MC-100293,1,WR-14,37,1415.37,52368.69
MC-100293,2,TL-09,17,981.97,16693.49
MC-100293,3,ST-02,2,1923.94,3847.88
MC-100293,4,PL-31,20,1789.62,35792.4
MC-100294,1,ST-01,19,1337.06,25404.14
MC-100294,2,ST-01,1,1021.09,1021.09
MC-100294,3,PL-30,37,1300.54,48119.98
MC-100294,4,PL-31,21,1624.04,34104.84
MC-100295,1,BR-22,10,336.57,3365.7
MC-100296,1,CS-77,22,889.78,19575.16
MC-100296,2,ST-02,9,1133.09,10197.81
MC-100296,3,CS-77,36,1557.23,56060.28
MC-100297,1,ST-01,39,274.41,10701.99
MC-100297,2,TL-09,37,152.44,5640.28
MC-100297,3,FN-11,34,151.68,5157.12
MC-100297,4,PL-30,23,236.0,5428.0
MC-100298,1,ST-01,19,76.43,1452.17
MC-100298,2,CS-77,8,62.08,496.64
MC-100298,3,ST-01,33,74.01,2442.33
MC-100299,1,CS-77,37,70.14,2595.18
MC-100299,2,BR-22,5,118.41,592.05
MC-100299,3,BR-22,37,112.47,4161.39
MC-100299,4,PL-31,20,62.16,1243.2
MC-100300,1,BR-22,16,1225.93,19614.88
MC-100301,1,TL-09,14,203.05,2842.7
MC-100302,1,WR-14,31,1596.83,49501.73
MC-100302,2,FN-11,9,955.28,8597.52
MC-100302,3,WR-14,10,754.37,7543.7
MC-100302,4,PL-30,1,1310.32,1310.32
MC-100303,1,PL-31,11,1617.15,17788.65
MC-100303,2,CS-77,31,1821.75,56474.25
MC-100303,3,PL-31,13,1131.27,14706.51
MC-100303,4,TL-09,12,1678.41,20140.92
MC-100304,1,ST-01,30,99.33,2979.9
MC-100304,2,WR-14,19,89.22,1695.18
MC-100304,3,ST-01,16,103.69,1659.04
MC-100304,4,WR-14,4,93.22,372.88
MC-100305,1,ST-01,31,872.86,27058.66
MC-100305,2,ST-01,4,540.56,2162.24
MC-100305,3,TL-09,31,667.67,20697.77
MC-100305,4,ST-02,10,654.68,6546.8
MC-100306,1,FN-11,28,117.34,3285.52
MC-100306,2,CS-77,39,67.91,2648.49
MC-100306,3,ST-02,21,88.37,1855.77
MC-100306,4,ST-02,25,118.75,2968.75
MC-100307,1,ST-01,16,1096.1,17537.6
MC-100307,2,PL-31,6,658.01,3948.06
MC-100308,1,FN-11,28,225.38,6310.64
MC-100308,2,FN-11,29,252.57,7324.53
MC-100309,1,ST-01,35,908.4,31794.0
MC-100309,2,BR-22,13,1954.62,25410.06
MC-100310,1,FN-11,24,1452.09,34850.16
MC-100310,2,FN-11,34,1223.96,41614.64
MC-100310,3,ST-01,31,915.56,28382.36
MC-100310,4,ST-02,23,1178.74,27111.02
MC-100311,1,WR-14,19,53.38,1014.22
MC-100312,1,CS-77,8,114.07,912.56
MC-100313,1,ST-01,39,266.37,10388.43
MC-100313,2,PL-31,39,138.3,5393.7
MC-100313,3,PL-30,10,133.31,1333.1
MC-100313,4,BR-22,3,292.86,878.58
MC-100314,1,ST-01,29,1919.68,55670.72
MC-100314,2,ST-02,28,1029.09,28814.52
MC-100314,3,PL-30,6,1367.25,8203.5
MC-100315,1,CS-77,2,903.92,1807.84
MC-100315,2,TL-09,27,1449.6,39139.2
MC-100315,3,TL-09,6,1541.07,9246.42
MC-100315,4,BR-22,17,1105.69,18796.73
MC-100316,1,TL-09,13,783.0,10179.0
MC-100317,1,BR-22,35,1490.27,52159.45
MC-100317,2,WR-14,35,1576.17,55165.95
MC-100317,3,FN-11,2,1467.26,2934.52
MC-100318,1,PL-31,9,39.33,353.97
MC-100319,1,ST-01,10,967.03,9670.3
MC-100320,1,ST-01,24,825.63,19815.12
MC-100321,1,BR-22,25,55.63,1390.75
MC-100321,2,CS-77,36,72.23,2600.28
MC-100321,3,BR-22,8,44.61,356.88
MC-100321,4,PL-31,25,74.84,1871.0
MC-100322,1,CS-77,35,996.21,34867.35
MC-100323,1,PL-30,33,68.76,2269.08
MC-100324,1,FN-11,20,92.95,1859.0
MC-100324,2,CS-77,10,55.36,553.6
MC-100325,1,FN-11,21,128.95,2707.95
MC-100326,1,PL-30,4,562.59,2250.36
MC-100326,2,ST-01,33,613.15,20233.95
MC-100326,3,TL-09,24,529.88,12717.12
MC-100326,4,ST-01,25,830.7,20767.5
MC-100327,1,FN-11,30,445.47,13364.1
MC-100327,2,PL-31,37,192.63,7127.31
MC-100327,3,FN-11,29,305.27,8852.83
MC-100327,4,CS-77,31,332.9,10319.9
MC-100328,1,CS-77,27,73.7,1989.9
MC-100328,2,CS-77,3,56.72,170.16
MC-100329,1,ST-02,5,1470.05,7350.25
MC-100329,2,BR-22,33,1550.62,51170.46
MC-100330,1,BR-22,1,1134.88,1134.88
MC-100330,2,ST-01,24,639.86,15356.64
MC-100331,1,FN-11,13,1020.92,13271.96
MC-100332,1,WR-14,37,598.54,22145.98
MC-100332,2,BR-22,2,806.51,1613.02
MC-100333,1,WR-14,23,1463.91,33669.93
MC-100333,2,WR-14,28,1398.51,39158.28
MC-100333,3,FN-11,17,1118.04,19006.68
MC-100333,4,BR-22,7,987.32,6911.24
MC-100334,1,ST-02,11,305.41,3359.51
MC-100334,2,WR-14,5,349.32,1746.6
MC-100334,3,TL-09,17,235.89,4010.13
MC-100334,4,FN-11,18,305.36,5496.48
MC-100335,1,FN-11,9,305.87,2752.83
MC-100335,2,ST-01,31,390.13,12094.03
MC-100336,1,FN-11,7,1008.79,7061.53
MC-100337,1,ST-02,13,1059.6,13774.8
MC-100337,2,ST-02,19,1078.19,20485.61
MC-100337,3,WR-14,33,1539.04,50788.32
MC-100337,4,BR-22,30,1341.42,40242.6
MC-100338,1,TL-09,19,257.71,4896.49
MC-100338,2,FN-11,13,248.65,3232.45
MC-100338,3,PL-30,37,260.59,9641.83
MC-100339,1,PL-30,24,1336.65,32079.6
MC-100339,2,PL-31,12,1573.32,18879.84
MC-100339,3,TL-09,28,1581.5,44282.0
MC-100339,4,ST-01,37,1733.92,64155.04
MC-100340,1,CS-77,32,817.7,26166.4
MC-100340,2,WR-14,1,1140.49,1140.49
MC-100340,3,ST-01,1,1288.81,1288.81
MC-100340,4,CS-77,14,806.55,11291.7
MC-100341,1,ST-02,19,1456.82,27679.58
MC-100341,2,ST-01,36,1546.13,55660.68
MC-100342,1,PL-30,32,128.8,4121.6
MC-100342,2,ST-01,15,267.76,4016.4
MC-100342,3,TL-09,8,191.42,1531.36
MC-100343,1,CS-77,18,1046.22,18831.96
MC-100343,2,FN-11,7,1243.84,8706.88
MC-100344,1,TL-09,10,280.76,2807.6
MC-100344,2,ST-01,30,155.55,4666.5
MC-100344,3,TL-09,3,248.75,746.25
MC-100345,1,FN-11,38,270.14,10265.32
MC-100345,2,WR-14,5,319.94,1599.7
MC-100345,3,TL-09,8,232.88,1863.04
MC-100345,4,TL-09,27,395.95,10690.65
MC-100346,1,PL-30,21,263.0,5523.0
MC-100346,2,PL-31,19,170.34,3236.46
MC-100347,1,CS-77,24,1650.24,39605.76
MC-100347,2,WR-14,18,1224.23,22036.14
MC-100348,1,BR-22,9,426.33,3836.97
MC-100348,2,FN-11,14,386.56,5411.84
MC-100349,1,ST-01,10,147.68,1476.8
MC-100349,2,FN-11,37,128.74,4763.38
MC-100349,3,FN-11,23,238.91,5494.93
MC-100350,1,PL-31,25,692.94,17323.5
MC-100351,1,FN-11,36,1185.28,42670.08
MC-100352,1,BR-22,21,172.59,3624.39
MC-100352,2,ST-02,13,292.3,3799.9
MC-100352,3,TL-09,24,174.75,4194.0
MC-100353,1,PL-31,28,109.78,3073.84
MC-100353,2,ST-02,5,93.24,466.2
MC-100353,3,PL-30,15,76.65,1149.75
MC-100354,1,FN-11,19,110.24,2094.56
MC-100354,2,WR-14,17,107.74,1831.58
MC-100354,3,FN-11,28,112.68,3155.04
MC-100355,1,TL-09,12,518.44,6221.28
MC-100356,1,ST-01,36,72.04,2593.44
MC-100356,2,PL-31,39,68.87,2685.93
MC-100356,3,FN-11,19,54.59,1037.21
MC-100357,1,PL-30,4,508.56,2034.24
MC-100357,2,PL-30,10,741.15,7411.5
MC-100358,1,PL-30,9,284.29,2558.61
MC-100359,1,TL-09,1,281.75,281.75
MC-100359,2,ST-01,13,152.33,1980.29
MC-100359,3,CS-77,28,193.21,5409.88
MC-100360,1,PL-30,32,290.21,9286.72
MC-100360,2,CS-77,19,270.05,5130.95
MC-100360,3,PL-30,34,251.53,8552.02
MC-100361,1,ST-02,7,207.82,1454.74
MC-100361,2,PL-30,24,197.45,4738.8
MC-100362,1,WR-14,21,67.87,1425.27
MC-100362,2,ST-02,19,90.29,1715.51
MC-100362,3,PL-30,2,75.07,150.14
MC-100363,1,ST-01,15,413.22,6198.3
MC-100364,1,ST-01,13,49.92,648.96
MC-100365,1,BR-22,33,787.28,25980.24
MC-100366,1,WR-14,26,757.78,19702.28
MC-100366,2,ST-01,3,666.2,1998.6
MC-100366,3,ST-01,17,831.33,14132.61
MC-100366,4,CS-77,8,702.49,5619.92
MC-100367,1,FN-11,31,42.58,1319.98
MC-100367,2,ST-02,14,67.97,951.58
MC-100367,3,ST-01,30,33.57,1007.1
MC-100367,4,FN-11,10,33.01,330.1
MC-100368,1,FN-11,10,55.34,553.4
MC-100368,2,CS-77,37,59.77,2211.49
MC-100368,3,PL-30,19,37.97,721.43
MC-100368,4,FN-11,13,61.58,800.54
MC-100369,1,BR-22,2,253.67,507.34
MC-100369,2,PL-30,22,281.6,6195.2
MC-100370,1,FN-11,31,42.76,1325.56
MC-100371,1,WR-14,31,948.79,29412.49
MC-100371,2,ST-01,3,1287.94,3863.82
MC-100372,1,ST-01,25,271.96,6799.0
MC-100372,2,BR-22,38,242.76,9224.88
MC-100373,1,TL-09,12,762.57,9150.84
MC-100373,2,ST-02,9,888.92,8000.28
MC-100374,1,BR-22,25,809.19,20229.75
MC-100374,2,WR-14,11,1291.87,14210.57
MC-100374,3,CS-77,32,1204.54,38545.28
MC-100374,4,BR-22,37,799.42,29578.54
MC-100375,1,ST-01,39,431.04,16810.56
MC-100375,2,ST-02,11,426.86,4695.46
MC-100375,3,PL-30,17,425.07,7226.19
MC-100376,1,BR-22,11,106.71,1173.81
MC-100377,1,CS-77,3,127.25,381.75
MC-100378,1,ST-02,15,103.38,1550.7
MC-100378,2,TL-09,32,108.5,3472.0
MC-100379,1,PL-31,19,246.25,4678.75
MC-100379,2,BR-22,29,370.56,10746.24
MC-100380,1,BR-22,37,378.54,14005.98
MC-100380,2,PL-30,35,278.63,9752.05
MC-100380,3,FN-11,18,417.22,7509.96
MC-100381,1,TL-09,27,270.97,7316.19
MC-100381,2,FN-11,28,308.87,8648.36
MC-100381,3,PL-30,6,254.41,1526.46
MC-100382,1,PL-31,10,757.09,7570.9
MC-100383,1,ST-02,9,1130.65,10175.85
MC-100384,1,WR-14,7,147.63,1033.41
MC-100384,2,TL-09,39,179.42,6997.38
MC-100385,1,FN-11,3,254.59,763.77
MC-100385,2,CS-77,14,395.45,5536.3
MC-100386,1,ST-01,8,58.63,469.04
MC-100387,1,PL-31,14,1157.26,16201.64
MC-100387,2,PL-31,8,1193.85,9550.8
MC-100387,3,WR-14,29,1243.21,36053.09
MC-100388,1,PL-31,10,129.85,1298.5
MC-100388,2,PL-30,31,293.14,9087.34
MC-100388,3,ST-02,4,270.82,1083.28
MC-100388,4,PL-30,4,229.31,917.24
MC-100389,1,FN-11,23,84.03,1932.69
MC-100389,2,PL-30,3,56.14,168.42
MC-100389,3,FN-11,22,90.54,1991.88
MC-100390,1,WR-14,25,221.83,5545.75
MC-100390,2,TL-09,26,172.34,4480.84
MC-100391,1,PL-31,12,286.91,3442.92
MC-100391,2,PL-30,22,187.36,4121.92
MC-100391,3,ST-01,32,203.01,6496.32
MC-100392,1,FN-11,15,98.62,1479.3
MC-100393,1,ST-02,6,44.97,269.82
MC-100393,2,CS-77,25,64.44,1611.0
MC-100393,3,WR-14,30,67.86,2035.8
MC-100393,4,CS-77,5,41.29,206.45
MC-100394,1,PL-30,34,35.56,1209.04
MC-100395,1,WR-14,29,51.88,1504.52
MC-100395,2,BR-22,26,61.87,1608.62
MC-100396,1,TL-09,18,267.09,4807.62
MC-100396,2,BR-22,21,312.3,6558.3
MC-100397,1,ST-02,18,274.79,4946.22
MC-100397,2,CS-77,33,384.94,12703.02
MC-100397,3,ST-02,33,333.86,11017.38
MC-100397,4,PL-30,32,402.96,12894.72
MC-100398,1,TL-09,11,1651.63,18167.93
MC-100398,2,ST-01,33,1107.33,36541.89
MC-100398,3,PL-30,16,1012.41,16198.56
MC-100398,4,FN-11,34,828.24,28160.16
MC-100399,1,ST-02,9,1378.24,12404.16
MC-100399,2,PL-30,37,1210.45,44786.65
MC-100399,3,PL-30,26,1069.42,27804.92
MC-100400,1,PL-30,21,64.42,1352.82
MC-100401,1,FN-11,18,585.55,10539.9
MC-100402,1,WR-14,31,408.16,12652.96
MC-100402,2,ST-02,36,872.41,31406.76
MC-100402,3,WR-14,34,823.23,27989.82
MC-100403,1,WR-14,15,799.72,11995.8
MC-100403,2,WR-14,24,1335.39,32049.36
MC-100404,1,CS-77,28,1254.62,35129.36
MC-100405,1,TL-09,1,97.47,97.47
MC-100405,2,ST-02,15,70.21,1053.15
MC-100405,3,FN-11,16,101.41,1622.56
MC-100406,1,WR-14,9,692.44,6231.96
MC-100406,2,CS-77,36,791.3,28486.8
MC-100406,3,TL-09,25,753.45,18836.25
MC-100407,1,WR-14,34,52.59,1788.06
MC-100407,2,BR-22,4,40.09,160.36
MC-100408,1,ST-01,9,1168.39,10515.51
MC-100408,2,WR-14,16,1822.41,29158.56
MC-100408,3,BR-22,17,1119.34,19028.78
MC-100409,1,PL-30,29,715.17,20739.93
MC-100409,2,ST-02,39,794.17,30972.63
MC-100409,3,CS-77,38,765.59,29092.42
MC-100410,1,WR-14,19,849.85,16147.15
MC-100410,2,WR-14,20,993.21,19864.2
MC-100410,3,PL-31,35,1529.94,53547.9
MC-100410,4,PL-31,39,1369.72,53419.08
MC-100411,1,WR-14,17,199.44,3390.48
MC-100411,2,TL-09,10,240.38,2403.8
MC-100411,3,PL-30,35,250.34,8761.9
MC-100412,1,FN-11,11,78.04,858.44
MC-100413,1,TL-09,37,237.4,8783.8
MC-100413,2,PL-31,34,309.44,10520.96
MC-100414,1,ST-01,17,733.44,12468.48
MC-100414,2,BR-22,6,1156.96,6941.76
MC-100415,1,PL-31,24,1423.52,34164.48
MC-100416,1,ST-01,30,980.79,29423.7
MC-100417,1,FN-11,16,275.18,4402.88
MC-100417,2,PL-31,7,225.86,1581.02
MC-100418,1,WR-14,34,721.66,24536.44
MC-100419,1,FN-11,22,416.29,9158.38
MC-100420,1,TL-09,7,387.9,2715.3
MC-100421,1,FN-11,25,226.09,5652.25
MC-100421,2,ST-02,11,182.2,2004.2
MC-100422,1,PL-30,37,107.47,3976.39
MC-100422,2,BR-22,20,110.05,2201.0
MC-100423,1,CS-77,29,71.33,2068.57
MC-100423,2,WR-14,28,61.52,1722.56
MC-100423,3,CS-77,6,53.06,318.36
MC-100423,4,ST-01,10,90.39,903.9
MC-100424,1,ST-02,19,58.46,1110.74
MC-100424,2,ST-02,21,58.72,1233.12
MC-100425,1,CS-77,7,727.23,5090.61
MC-100425,2,BR-22,20,583.9,11678.0
MC-100425,3,PL-31,22,441.27,9707.94
MC-100426,1,FN-11,36,36.17,1302.12
MC-100426,2,WR-14,29,76.09,2206.61
MC-100426,3,WR-14,27,60.68,1638.36
MC-100426,4,ST-01,8,72.27,578.16
MC-100427,1,FN-11,32,148.89,4764.48
MC-100428,1,TL-09,26,67.72,1760.72
MC-100428,2,BR-22,7,74.79,523.53
MC-100428,3,ST-02,5,80.7,403.5
MC-100429,1,ST-02,39,573.47,22365.33
MC-100429,2,PL-30,13,851.79,11073.27
MC-100430,1,FN-11,20,363.26,7265.2
MC-100431,1,ST-02,30,209.87,6296.1
MC-100431,2,ST-02,15,144.24,2163.6
MC-100431,3,BR-22,7,186.86,1308.02
MC-100432,1,BR-22,16,264.24,4227.84
MC-100432,2,ST-02,5,273.07,1365.35
MC-100432,3,PL-31,10,143.84,1438.4
MC-100433,1,CS-77,3,1204.23,3612.69
MC-100433,2,PL-30,39,1594.12,62170.68
MC-100434,1,ST-02,39,1607.62,62697.18
MC-100434,2,BR-22,6,2028.57,12171.42
MC-100434,3,PL-31,6,1561.82,9370.92
MC-100434,4,ST-02,28,1977.65,55374.2
MC-100435,1,PL-30,37,357.99,13245.63
MC-100436,1,PL-30,39,1102.38,42992.82
MC-100436,2,WR-14,34,1183.63,40243.42
MC-100437,1,FN-11,18,109.02,1962.36
MC-100438,1,BR-22,38,171.16,6504.08
MC-100438,2,FN-11,19,226.43,4302.17
MC-100438,3,ST-02,7,235.92,1651.44
MC-100438,4,PL-31,31,261.66,8111.46
MC-100439,1,WR-14,24,1162.51,27900.24
MC-100439,2,FN-11,33,1157.18,38186.94
MC-100439,3,FN-11,8,891.08,7128.64
MC-100440,1,CS-77,39,274.11,10690.29
MC-100440,2,PL-31,36,384.3,13834.8
MC-100441,1,BR-22,25,213.89,5347.25
MC-100441,2,BR-22,19,127.48,2422.12
MC-100442,1,PL-30,18,272.06,4897.08
MC-100442,2,PL-31,6,295.94,1775.64
MC-100443,1,FN-11,11,1677.97,18457.67
MC-100444,1,PL-31,37,897.62,33211.94
MC-100445,1,WR-14,9,591.51,5323.59
MC-100445,2,CS-77,33,467.51,15427.83
MC-100445,3,PL-30,16,670.94,10735.04
MC-100446,1,FN-11,36,1747.84,62922.24
MC-100447,1,CS-77,14,730.51,10227.14
MC-100447,2,ST-02,1,736.34,736.34
MC-100447,3,FN-11,4,1141.33,4565.32
MC-100447,4,BR-22,25,1060.9,26522.5
MC-100448,1,ST-02,7,70.2,491.4
MC-100449,1,WR-14,8,1024.42,8195.36
MC-100449,2,PL-31,12,1453.11,17437.32
MC-100450,1,PL-30,23,1017.93,23412.39
MC-100450,2,FN-11,35,987.09,34548.15
MC-100450,3,FN-11,30,1121.61,33648.3
MC-100451,1,FN-11,4,340.9,1363.6
MC-100451,2,TL-09,31,202.42,6275.02
MC-100452,1,TL-09,32,141.26,4520.32
MC-100452,2,TL-09,37,291.64,10790.68
MC-100452,3,ST-01,11,252.97,2782.67
MC-100453,1,WR-14,31,59.86,1855.66
MC-100453,2,PL-30,22,64.98,1429.56
MC-100453,3,BR-22,16,55.87,893.92
MC-100453,4,PL-31,18,60.49,1088.82
MC-100454,1,FN-11,35,57.31,2005.85
MC-100455,1,PL-30,9,1206.24,10856.16
MC-100456,1,BR-22,10,964.1,9641.0
MC-100457,1,BR-22,20,736.26,14725.2
MC-100457,2,ST-02,32,990.44,31694.08
MC-100457,3,WR-14,21,1004.93,21103.53
MC-100457,4,WR-14,21,1506.72,31641.12
MC-100458,1,FN-11,20,1347.81,26956.2
MC-100458,2,PL-31,2,1204.61,2409.22
MC-100458,3,ST-01,12,1829.57,21954.84
MC-100458,4,TL-09,8,994.8,7958.4
MC-100459,1,PL-30,2,493.74,987.48
MC-100460,1,BR-22,6,968.47,5810.82
MC-100460,2,PL-30,31,1222.32,37891.92
MC-100460,3,ST-02,16,849.06,13584.96
MC-100461,1,WR-14,34,129.52,4403.68
MC-100461,2,ST-02,35,221.59,7755.65
MC-100461,3,CS-77,33,181.91,6003.03
MC-100462,1,BR-22,23,1206.03,27738.69
MC-100462,2,PL-31,35,921.53,32253.55
MC-100462,3,PL-31,6,1744.73,10468.38
MC-100462,4,PL-30,27,1004.74,27127.98
MC-100463,1,PL-31,37,895.05,33116.85
MC-100464,1,PL-31,36,41.09,1479.24
MC-100465,1,PL-30,29,984.03,28536.87
MC-100465,2,PL-30,21,584.0,12264.0
MC-100465,3,PL-31,7,926.91,6488.37
MC-100466,1,ST-01,25,103.3,2582.5
MC-100466,2,BR-22,1,85.75,85.75
MC-100467,1,WR-14,4,1494.37,5977.48
MC-100467,2,PL-31,6,1098.82,6592.92
MC-100468,1,BR-22,21,85.67,1799.07
MC-100468,2,ST-02,5,51.65,258.25
MC-100468,3,PL-31,14,77.6,1086.4
MC-100468,4,ST-02,38,71.68,2723.84
MC-100469,1,ST-01,28,492.49,13789.72
MC-100469,2,FN-11,23,592.94,13637.62
MC-100469,3,WR-14,8,605.62,4844.96
MC-100469,4,PL-31,9,414.22,3727.98
MC-100470,1,PL-30,28,1325.45,37112.6
MC-100470,2,PL-31,29,733.52,21272.08
MC-100470,3,PL-30,29,1275.78,36997.62
MC-100470,4,ST-01,28,1025.97,28727.16
MC-100471,1,TL-09,25,57.41,1435.25
MC-100471,2,BR-22,7,113.34,793.38
MC-100471,3,BR-22,25,78.05,1951.25
MC-100471,4,ST-02,5,74.91,374.55
MC-100472,1,ST-02,37,89.22,3301.14
MC-100472,2,TL-09,31,65.66,2035.46
MC-100473,1,FN-11,18,980.14,17642.52
MC-100474,1,PL-31,34,1646.46,55979.64
MC-100474,2,CS-77,17,1008.92,17151.64
MC-100475,1,BR-22,5,974.53,4872.65
MC-100475,2,ST-01,6,626.57,3759.42
MC-100475,3,FN-11,38,1256.16,47734.08
MC-100476,1,FN-11,29,46.66,1353.14
MC-100476,2,FN-11,23,54.16,1245.68
MC-100476,3,ST-01,21,60.3,1266.3
MC-100476,4,FN-11,29,68.46,1985.34
MC-100477,1,WR-14,12,233.95,2807.4
MC-100478,1,WR-14,17,114.96,1954.32
MC-100479,1,FN-11,2,58.51,117.02
MC-100479,2,PL-31,25,109.57,2739.25
MC-100479,3,CS-77,31,67.97,2107.07
MC-100480,1,ST-01,33,630.9,20819.7
MC-100481,1,PL-30,27,1307.89,35313.03
MC-100481,2,WR-14,30,1028.57,30857.1
MC-100481,3,PL-31,27,1135.67,30663.09
MC-100482,1,ST-02,34,254.49,8652.66
MC-100482,2,ST-02,18,250.89,4516.02
MC-100483,1,ST-02,23,976.14,22451.22
MC-100484,1,BR-22,37,74.91,2771.67
MC-100484,2,TL-09,26,75.89,1973.14
MC-100484,3,PL-30,19,91.14,1731.66
MC-100485,1,ST-01,22,1218.26,26801.72
MC-100486,1,ST-01,12,261.45,3137.4
MC-100486,2,BR-22,22,278.94,6136.68
MC-100487,1,ST-01,34,758.13,25776.42
MC-100487,2,PL-31,9,1088.98,9800.82
MC-100488,1,CS-77,25,275.7,6892.5
MC-100489,1,FN-11,19,88.83,1687.77
MC-100489,2,TL-09,33,111.11,3666.63
MC-100490,1,WR-14,2,773.34,1546.68
MC-100490,2,WR-14,14,625.72,8760.08
MC-100491,1,FN-11,21,955.68,20069.28
MC-100492,1,TL-09,38,62.45,2373.1
MC-100493,1,WR-14,3,108.24,324.72
MC-100494,1,BR-22,27,1515.84,40927.68
MC-100494,2,BR-22,37,909.66,33657.42
MC-100495,1,ST-01,28,63.48,1777.44
MC-100496,1,BR-22,30,63.94,1918.2
MC-100496,2,BR-22,10,57.05,570.5
MC-100497,1,FN-11,11,981.11,10792.21
MC-100497,2,PL-31,32,760.41,24333.12
MC-100498,1,ST-02,17,387.85,6593.45
MC-100499,1,ST-02,7,624.38,4370.66
MC-100499,2,ST-01,14,656.86,9196.04
MC-100499,3,ST-01,31,569.38,17650.78
MC-100500,1,CS-77,23,1603.61,36883.03
MC-100500,2,TL-09,32,938.0,30016.0
MC-100500,3,CS-77,6,1541.67,9250.02
MC-100501,1,TL-09,18,197.45,3554.1
MC-100501,2,BR-22,5,159.23,796.15
MC-100501,3,TL-09,27,132.32,3572.64
MC-100502,1,PL-30,21,1117.71,23471.91
MC-100503,1,FN-11,30,1519.96,45598.8
MC-100503,2,ST-01,24,899.43,21586.32
MC-100504,1,FN-11,16,417.9,6686.4
MC-100504,2,ST-01,11,280.69,3087.59
MC-100504,3,PL-31,38,392.75,14924.5
MC-100505,1,WR-14,23,700.5,16111.5
MC-100505,2,WR-14,29,894.42,25938.18
MC-100506,1,FN-11,17,65.91,1120.47
MC-100507,1,WR-14,23,236.79,5446.17
MC-100508,1,BR-22,15,66.94,1004.1
MC-100509,1,ST-01,27,226.95,6127.65
MC-100509,2,ST-02,15,192.3,2884.5
MC-100509,3,PL-30,22,134.57,2960.54
MC-100509,4,PL-31,14,139.08,1947.12
MC-100510,1,PL-31,21,1055.34,22162.14
MC-100511,1,PL-30,6,185.11,1110.66
MC-100511,2,CS-77,21,165.91,3484.11
MC-100512,1,WR-14,39,792.48,30906.72
MC-100513,1,PL-30,23,702.89,16166.47
MC-100513,2,ST-02,21,1350.83,28367.43
MC-100513,3,FN-11,27,932.91,25188.57
MC-100513,4,ST-02,25,728.41,18210.25
MC-100514,1,TL-09,21,471.02,9891.42
MC-100514,2,FN-11,20,481.72,9634.4
MC-100514,3,WR-14,37,878.29,32496.73
MC-100515,1,ST-01,23,58.25,1339.75
MC-100515,2,CS-77,3,70.08,210.24
MC-100515,3,PL-30,10,75.01,750.1
MC-100515,4,PL-30,27,51.21,1382.67
MC-100516,1,PL-31,31,69.43,2152.33
MC-100517,1,ST-02,34,729.17,24791.78
MC-100517,2,BR-22,18,563.27,10138.86
MC-100517,3,FN-11,28,471.52,13202.56
MC-100518,1,PL-31,10,1131.15,11311.5
MC-100519,1,WR-14,39,60.53,2360.67
MC-100519,2,ST-01,29,55.64,1613.56
MC-100519,3,WR-14,23,69.19,1591.37
MC-100519,4,ST-02,14,76.6,1072.4
MC-100520,1,TL-09,19,294.74,5600.06
MC-100521,1,BR-22,22,55.96,1231.12
MC-100521,2,PL-30,2,86.35,172.7
MC-100521,3,TL-09,29,110.47,3203.63
MC-100521,4,ST-02,24,115.24,2765.76
MC-100522,1,CS-77,10,780.81,7808.1
MC-100522,2,ST-02,33,386.89,12767.37
MC-100522,3,BR-22,37,697.8,25818.6
MC-100523,1,ST-01,9,96.36,867.24
MC-100524,1,WR-14,23,68.36,1572.28
MC-100524,2,TL-09,20,64.43,1288.6
MC-100524,3,ST-02,8,41.07,328.56
MC-100525,1,TL-09,10,824.67,8246.7
MC-100526,1,BR-22,29,1247.1,36165.9
MC-100526,2,PL-31,36,1067.95,38446.2
MC-100526,3,PL-30,16,973.5,15576.0
MC-100526,4,PL-31,26,1093.13,28421.38
MC-100527,1,ST-01,21,33.18,696.78
MC-100527,2,FN-11,23,65.03,1495.69
MC-100527,3,BR-22,21,47.1,989.1
MC-100527,4,BR-22,26,74.02,1924.52
MC-100528,1,ST-02,38,709.75,26970.5
MC-100528,2,CS-77,7,972.85,6809.95
MC-100528,3,PL-31,8,975.79,7806.32
MC-100529,1,PL-31,9,760.73,6846.57
MC-100529,2,BR-22,14,391.01,5474.14
MC-100529,3,BR-22,33,424.38,14004.54
MC-100530,1,PL-30,31,444.29,13772.99
MC-100530,2,TL-09,7,320.84,2245.88
MC-100530,3,CS-77,21,230.44,4839.24
MC-100531,1,BR-22,32,70.97,2271.04
MC-100531,2,CS-77,16,48.25,772.0
MC-100532,1,PL-30,15,1579.98,23699.7
MC-100532,2,BR-22,14,816.47,11430.58
MC-100532,3,FN-11,39,1480.18,57727.02
MC-100533,1,ST-02,36,969.83,34913.88
MC-100534,1,CS-77,6,1297.42,7784.52
MC-100535,1,ST-02,30,1187.86,35635.8
MC-100535,2,FN-11,21,654.75,13749.75
MC-100536,1,TL-09,30,60.96,1828.8
MC-100537,1,ST-01,6,416.37,2498.22
MC-100538,1,ST-01,6,91.39,548.34
MC-100538,2,BR-22,3,82.09,246.27
MC-100538,3,CS-77,37,54.49,2016.13
MC-100539,1,PL-30,17,65.52,1113.84
MC-100539,2,BR-22,1,58.25,58.25
MC-100539,3,ST-02,9,64.91,584.19
MC-100540,1,FN-11,29,394.93,11452.97
MC-100540,2,PL-31,11,264.22,2906.42
MC-100540,3,TL-09,35,207.16,7250.6
MC-100540,4,TL-09,7,195.84,1370.88
MC-100541,1,ST-02,33,411.27,13571.91
MC-100541,2,PL-31,3,353.88,1061.64
MC-100541,3,BR-22,15,428.22,6423.3
MC-100542,1,ST-01,13,917.55,11928.15
MC-100543,1,PL-31,39,68.22,2660.58
MC-100543,2,WR-14,22,36.72,807.84
MC-100543,3,BR-22,7,42.21,295.47
MC-100543,4,ST-01,30,61.92,1857.6
MC-100544,1,BR-22,23,379.19,8721.37
MC-100544,2,BR-22,22,207.01,4554.22
MC-100545,1,TL-09,32,848.07,27138.24
MC-100545,2,WR-14,23,1455.12,33467.76
MC-100546,1,CS-77,26,887.57,23076.82
MC-100547,1,FN-11,10,673.59,6735.9
MC-100547,2,CS-77,31,892.2,27658.2
MC-100547,3,FN-11,19,602.86,11454.34
MC-100548,1,TL-09,39,317.57,12385.23
MC-100548,2,TL-09,32,277.31,8873.92
MC-100549,1,PL-30,13,153.03,1989.39
MC-100549,2,ST-02,27,199.35,5382.45
MC-100549,3,WR-14,12,243.21,2918.52
MC-100550,1,ST-01,3,1831.82,5495.46
MC-100550,2,PL-31,8,1453.73,11629.84
MC-100550,3,FN-11,31,2019.66,62609.46
MC-100551,1,CS-77,15,384.52,5767.8
MC-100552,1,TL-09,36,68.21,2455.56
MC-100553,1,CS-77,19,932.42,17715.98
MC-100553,2,ST-01,36,883.0,31788.0
MC-100553,3,TL-09,6,736.83,4420.98
MC-100554,1,WR-14,34,722.11,24551.74
MC-100555,1,PL-30,21,168.39,3536.19
MC-100556,1,ST-01,10,945.35,9453.5
MC-100556,2,BR-22,25,1253.49,31337.25
MC-100557,1,BR-22,10,1819.25,18192.5
MC-100557,2,TL-09,30,880.68,26420.4
MC-100557,3,FN-11,26,941.3,24473.8
MC-100557,4,ST-01,17,1554.13,26420.21
MC-100558,1,PL-30,38,1441.49,54776.62
MC-100558,2,ST-01,7,1266.83,8867.81
MC-100558,3,BR-22,17,1719.88,29237.96
MC-100558,4,PL-30,36,1030.82,37109.52
MC-100559,1,PL-31,23,97.75,2248.25
MC-100559,2,PL-30,19,76.43,1452.17
MC-100559,3,TL-09,36,60.19,2166.84
MC-100559,4,PL-30,15,94.22,1413.3
MC-100560,1,BR-22,36,233.42,8403.12
MC-100560,2,FN-11,12,135.09,1621.08
MC-100560,3,ST-01,10,223.35,2233.5
MC-100560,4,ST-01,9,257.62,2318.58
MC-100561,1,CS-77,8,371.86,2974.88
MC-100561,2,FN-11,1,380.3,380.3
MC-100561,3,BR-22,2,241.19,482.38
MC-100561,4,BR-22,39,329.23,12839.97
MC-100562,1,TL-09,15,1520.94,22814.1
MC-100562,2,BR-22,3,1221.35,3664.05
MC-100563,1,TL-09,12,241.17,2894.04
MC-100563,2,TL-09,21,283.54,5954.34
MC-100563,3,PL-31,30,258.6,7758.0
MC-100563,4,ST-01,6,147.78,886.68
MC-100564,1,WR-14,23,66.89,1538.47
MC-100564,2,TL-09,5,73.72,368.6
MC-100564,3,PL-30,4,64.14,256.56
MC-100564,4,CS-77,25,76.24,1906.0
MC-100565,1,PL-30,8,258.49,2067.92
MC-100565,2,CS-77,15,231.77,3476.55
MC-100566,1,ST-01,5,1631.78,8158.9
MC-100566,2,ST-02,8,1664.66,13317.28
MC-100566,3,ST-02,39,1631.41,63624.99
MC-100566,4,WR-14,23,1852.45,42606.35
MC-100567,1,ST-02,10,197.65,1976.5
MC-100567,2,WR-14,36,216.96,7810.56
MC-100567,3,WR-14,13,151.61,1970.93
MC-100567,4,ST-01,1,212.07,212.07
MC-100568,1,CS-77,32,63.86,2043.52
MC-100568,2,CS-77,34,66.93,2275.62
MC-100568,3,ST-02,24,45.63,1095.12
MC-100569,1,WR-14,27,69.85,1885.95
MC-100569,2,TL-09,29,65.4,1896.6
MC-100570,1,TL-09,35,205.72,7200.2
MC-100570,2,ST-02,29,292.25,8475.25
MC-100570,3,ST-01,14,386.16,5406.24
MC-100570,4,PL-31,1,342.19,342.19
MC-100571,1,TL-09,17,317.68,5400.56
MC-100571,2,PL-31,27,395.73,10684.71
MC-100571,3,PL-31,20,353.85,7077.0
MC-100572,1,WR-14,11,679.21,7471.31
MC-100572,2,CS-77,6,818.3,4909.8
MC-100572,3,PL-30,19,818.6,15553.4
MC-100573,1,PL-30,27,630.87,17033.49
MC-100573,2,PL-30,8,654.15,5233.2
MC-100573,3,BR-22,4,812.49,3249.96
MC-100574,1,BR-22,6,760.37,4562.22
MC-100575,1,PL-31,18,892.8,16070.4
MC-100576,1,FN-11,21,74.52,1564.92
MC-100577,1,WR-14,28,1139.89,31916.92
MC-100577,2,ST-01,35,657.58,23015.3
MC-100578,1,PL-30,2,1571.01,3142.02
MC-100578,2,BR-22,15,789.89,11848.35
MC-100578,3,PL-31,3,1621.61,4864.83
MC-100579,1,FN-11,29,1055.41,30606.89
MC-100579,2,PL-31,5,1000.89,5004.45
MC-100579,3,FN-11,34,1083.67,36844.78
MC-100580,1,PL-31,25,211.12,5278.0
MC-100580,2,ST-01,22,226.69,4987.18
MC-100580,3,FN-11,3,313.91,941.73
MC-100581,1,FN-11,16,250.33,4005.28
MC-100581,2,BR-22,27,260.97,7046.19
MC-100581,3,WR-14,36,344.52,12402.72
MC-100582,1,WR-14,33,925.24,30532.92
MC-100582,2,TL-09,31,1553.56,48160.36
MC-100582,3,FN-11,8,1123.04,8984.32
MC-100583,1,ST-01,25,215.01,5375.25
MC-100583,2,FN-11,25,135.72,3393.0
MC-100584,1,ST-02,38,1213.62,46117.56
MC-100585,1,FN-11,20,1019.27,20385.4
MC-100585,2,FN-11,33,719.24,23734.92
MC-100585,3,PL-30,23,723.82,16647.86
MC-100586,1,WR-14,3,765.13,2295.39
MC-100586,2,WR-14,39,823.63,32121.57
MC-100586,3,PL-30,35,814.15,28495.25
MC-100586,4,PL-31,29,484.03,14036.87
MC-100587,1,FN-11,24,413.84,9932.16
MC-100588,1,WR-14,15,489.55,7343.25
MC-100588,2,PL-31,17,441.54,7506.18
MC-100588,3,ST-02,21,452.78,9508.38
MC-100588,4,PL-30,8,587.58,4700.64
MC-100589,1,BR-22,6,602.54,3615.24
MC-100589,2,FN-11,13,716.61,9315.93
MC-100590,1,TL-09,27,1478.64,39923.28
MC-100591,1,BR-22,19,64.81,1231.39
MC-100591,2,PL-30,23,38.93,895.39
MC-100591,3,BR-22,14,57.82,809.48
MC-100591,4,ST-01,15,74.56,1118.4
MC-100592,1,FN-11,29,572.62,16605.98
MC-100592,2,ST-01,11,506.45,5570.95
MC-100593,1,WR-14,32,336.51,10768.32
MC-100593,2,ST-01,36,211.1,7599.6
MC-100593,3,PL-31,13,294.54,3829.02
MC-100594,1,TL-09,6,154.63,927.78
MC-100594,2,TL-09,12,131.39,1576.68
MC-100594,3,FN-11,19,188.47,3580.93
MC-100595,1,BR-22,30,39.19,1175.7
MC-100595,2,FN-11,18,57.11,1027.98
MC-100596,1,WR-14,22,263.85,5804.7
MC-100596,2,CS-77,23,200.58,4613.34
MC-100596,3,BR-22,26,442.9,11515.4
MC-100596,4,FN-11,9,207.73,1869.57
MC-100597,1,WR-14,14,387.72,5428.08
MC-100597,2,CS-77,36,559.24,20132.64
MC-100598,1,ST-01,23,1222.19,28110.37
MC-100598,2,WR-14,21,1248.76,26223.96
MC-100598,3,PL-30,39,715.56,27906.84
MC-100598,4,PL-30,37,1086.6,40204.2
MC-100599,1,PL-30,35,43.49,1522.15
MC-100599,2,FN-11,33,67.39,2223.87
MC-100600,1,PL-30,36,1373.98,49463.28
MC-100600,2,PL-30,14,1734.0,24276.0
MC-100601,1,ST-01,3,195.6,586.8
MC-100601,2,TL-09,37,444.09,16431.33
MC-100601,3,PL-31,30,329.12,9873.6
MC-100601,4,WR-14,14,236.34,3308.76
MC-100602,1,TL-09,23,380.71,8756.33
MC-100602,2,PL-31,15,373.94,5609.1
MC-100602,3,BR-22,10,293.74,2937.4
MC-100602,4,PL-30,25,326.37,8159.25
MC-100603,1,ST-01,14,446.41,6249.74
MC-100603,2,ST-01,7,396.86,2778.02
MC-100603,3,WR-14,28,435.13,12183.64
MC-100603,4,TL-09,24,323.43,7762.32
MC-100604,1,ST-02,6,65.53,393.18
MC-100604,2,ST-02,33,39.73,1311.09
MC-100604,3,TL-09,39,70.4,2745.6
MC-100605,1,BR-22,27,47.12,1272.24
MC-100605,2,BR-22,25,74.0,1850.0
MC-100606,1,ST-02,2,85.81,171.62
MC-100606,2,ST-01,10,113.21,1132.1
MC-100607,1,BR-22,33,284.0,9372.0
MC-100607,2,BR-22,23,177.44,4081.12
MC-100607,3,ST-01,34,239.45,8141.3
MC-100608,1,FN-11,30,219.16,6574.8
MC-100608,2,FN-11,35,173.18,6061.3
MC-100608,3,TL-09,35,238.15,8335.25
MC-100609,1,FN-11,33,729.89,24086.37
MC-100609,2,CS-77,5,443.83,2219.15
MC-100610,1,ST-02,28,127.82,3578.96
MC-100611,1,PL-31,36,752.42,27087.12
MC-100611,2,ST-01,2,706.02,1412.04
MC-100611,3,PL-31,34,752.35,25579.9
MC-100612,1,TL-09,4,1390.44,5561.76
MC-100613,1,BR-22,29,260.06,7541.74
MC-100613,2,ST-02,9,182.91,1646.19
MC-100613,3,ST-02,5,170.16,850.8
MC-100613,4,ST-01,17,283.31,4816.27
MC-100614,1,FN-11,2,95.23,190.46
MC-100614,2,ST-01,13,85.67,1113.71
MC-100614,3,ST-01,37,109.5,4051.5
MC-100614,4,FN-11,22,94.91,2088.02
MC-100615,1,TL-09,31,333.47,10337.57
MC-100616,1,ST-01,23,231.22,5318.06
MC-100616,2,CS-77,31,323.26,10021.06
MC-100616,3,CS-77,26,427.77,11122.02
MC-100617,1,CS-77,14,1131.52,15841.28
MC-100617,2,BR-22,6,835.12,5010.72
MC-100617,3,BR-22,3,1036.14,3108.42
MC-100617,4,ST-01,3,1368.41,4105.23
MC-100618,1,FN-11,10,259.1,2591.0
MC-100618,2,ST-02,3,399.55,1198.65
MC-100618,3,WR-14,38,289.57,11003.66
MC-100619,1,BR-22,13,1265.08,16446.04
MC-100619,2,FN-11,15,1227.67,18415.05
MC-100619,3,FN-11,26,927.17,24106.42
MC-100619,4,BR-22,8,1251.52,10012.16
MC-100620,1,PL-31,4,1808.5,7234.0
MC-100621,1,ST-02,20,1183.13,23662.6
MC-100621,2,ST-01,4,1716.57,6866.28
MC-100622,1,PL-30,29,553.22,16043.38
MC-100623,1,PL-30,18,628.48,11312.64
MC-100624,1,PL-30,32,1847.95,59134.4
MC-100624,2,PL-31,34,1203.76,40927.84
MC-100625,1,TL-09,1,910.73,910.73
MC-100625,2,TL-09,18,585.44,10537.92
MC-100625,3,WR-14,17,1142.22,19417.74
MC-100626,1,ST-02,27,1024.63,27665.01
MC-100626,2,ST-02,2,1519.54,3039.08
MC-100627,1,FN-11,35,40.73,1425.55
MC-100627,2,WR-14,32,64.0,2048.0
MC-100627,3,CS-77,8,37.6,300.8
MC-100627,4,FN-11,37,50.55,1870.35
MC-100628,1,FN-11,24,986.25,23670.0
MC-100629,1,PL-31,16,48.43,774.88
MC-100629,2,TL-09,38,47.98,1823.24
MC-100629,3,TL-09,28,37.48,1049.44
MC-100630,1,ST-01,5,211.96,1059.8
MC-100631,1,ST-02,10,1319.33,13193.3
MC-100631,2,WR-14,7,1585.69,11099.83
MC-100631,3,BR-22,13,1500.46,19505.98
MC-100631,4,ST-02,13,901.92,11724.96
MC-100632,1,FN-11,36,288.16,10373.76
MC-100633,1,ST-02,30,370.58,11117.4
MC-100633,2,PL-31,35,317.21,11102.35
MC-100634,1,TL-09,2,34.87,69.74
MC-100634,2,BR-22,11,50.69,557.59
MC-100635,1,BR-22,25,35.52,888.0
MC-100635,2,CS-77,24,67.85,1628.4
MC-100635,3,CS-77,39,60.71,2367.69
MC-100636,1,PL-31,29,626.58,18170.82
MC-100636,2,PL-30,39,889.21,34679.19
MC-100636,3,WR-14,7,821.68,5751.76
MC-100637,1,PL-31,15,486.59,7298.85
MC-100637,2,CS-77,36,877.01,31572.36
MC-100638,1,TL-09,32,84.33,2698.56
MC-100639,1,TL-09,30,1451.22,43536.6
MC-100639,2,PL-31,21,1099.72,23094.12
MC-100640,1,BR-22,14,467.67,6547.38
MC-100641,1,FN-11,4,385.64,1542.56
MC-100641,2,ST-02,13,615.48,8001.24
MC-100641,3,WR-14,15,887.55,13313.25
MC-100641,4,ST-01,24,891.91,21405.84
MC-100642,1,PL-31,1,835.55,835.55
MC-100642,2,WR-14,13,865.31,11249.03
MC-100642,3,PL-31,19,393.32,7473.08
MC-100642,4,FN-11,20,455.59,9111.8
MC-100643,1,TL-09,33,602.6,19885.8
MC-100643,2,ST-01,34,759.23,25813.82
MC-100643,3,ST-02,21,595.82,12512.22
MC-100643,4,PL-30,16,820.18,13122.88
MC-100644,1,BR-22,38,849.9,32296.2
MC-100645,1,ST-02,14,842.28,11791.92
MC-100646,1,ST-02,34,880.76,29945.84
MC-100646,2,ST-01,3,413.18,1239.54
MC-100646,3,TL-09,23,709.49,16318.27
MC-100647,1,ST-01,19,70.52,1339.88
MC-100647,2,ST-01,24,46.62,1118.88
MC-100647,3,PL-30,21,61.09,1282.89
MC-100647,4,WR-14,8,40.57,324.56
MC-100648,1,WR-14,8,72.73,581.84
MC-100649,1,ST-01,20,1332.91,26658.2
MC-100650,1,ST-01,35,410.27,14359.45
MC-100650,2,ST-01,9,319.71,2877.39
MC-100651,1,BR-22,22,932.93,20524.46
MC-100651,2,BR-22,32,1337.31,42793.92
MC-100651,3,WR-14,29,1342.22,38924.38
MC-100652,1,BR-22,29,47.08,1365.32
MC-100652,2,FN-11,11,46.35,509.85
MC-100653,1,CS-77,29,1187.26,34430.54
MC-100654,1,PL-31,31,739.92,22937.52
MC-100654,2,ST-02,33,385.72,12728.76
MC-100654,3,PL-30,26,589.51,15327.26
MC-100655,1,CS-77,3,404.39,1213.17
MC-100655,2,FN-11,10,234.21,2342.1
MC-100655,3,CS-77,2,315.64,631.28
MC-100656,1,BR-22,20,333.38,6667.6
MC-100656,2,PL-31,38,250.72,9527.36
MC-100656,3,CS-77,9,215.41,1938.69
MC-100656,4,ST-02,38,267.66,10171.08
MC-100657,1,FN-11,30,62.85,1885.5
MC-100657,2,BR-22,5,72.33,361.65
MC-100657,3,PL-30,12,62.91,754.92
MC-100657,4,ST-01,14,46.35,648.9
MC-100658,1,ST-02,18,66.88,1203.84
MC-100659,1,CS-77,19,284.17,5399.23
MC-100659,2,ST-02,15,163.59,2453.85
MC-100659,3,ST-02,30,270.61,8118.3
MC-100660,1,ST-02,16,36.64,586.24
MC-100660,2,PL-31,2,63.32,126.64
MC-100660,3,ST-02,29,35.05,1016.45
MC-100661,1,ST-01,16,104.11,1665.76
MC-100662,1,WR-14,1,79.97,79.97
MC-100663,1,ST-01,33,1095.4,36148.2
MC-100663,2,WR-14,32,1245.28,39848.96
MC-100663,3,BR-22,11,1190.87,13099.57
MC-100664,1,PL-30,26,1028.82,26749.32
MC-100664,2,ST-01,16,957.92,15326.72
MC-100664,3,TL-09,11,1333.8,14671.8
MC-100664,4,BR-22,13,1990.7,25879.1
MC-100665,1,TL-09,6,1571.38,9428.28
MC-100666,1,PL-31,22,219.23,4823.06
MC-100667,1,PL-31,25,284.7,7117.5
MC-100667,2,CS-77,24,307.36,7376.64
MC-100667,3,WR-14,7,306.1,2142.7
MC-100668,1,WR-14,35,1631.79,57112.65
MC-100668,2,PL-30,34,1486.73,50548.82
MC-100669,1,PL-31,7,1027.16,7190.12
MC-100669,2,TL-09,2,1326.0,2652.0
MC-100669,3,CS-77,30,2016.59,60497.7
MC-100669,4,ST-01,32,1928.38,61708.16
MC-100670,1,ST-01,5,1236.76,6183.8
MC-100671,1,ST-01,6,638.37,3830.22
MC-100671,2,WR-14,33,851.07,28085.31
MC-100671,3,TL-09,10,687.57,6875.7
MC-100671,4,PL-31,19,813.13,15449.47
MC-100672,1,PL-31,26,599.1,15576.6
MC-100672,2,BR-22,17,597.57,10158.69
MC-100673,1,WR-14,20,43.38,867.6
MC-100674,1,BR-22,15,794.99,11924.85
MC-100674,2,TL-09,22,1263.96,27807.12
MC-100675,1,CS-77,21,1127.11,23669.31
MC-100675,2,ST-01,37,1107.82,40989.34
MC-100675,3,PL-30,27,1029.93,27808.11
MC-100676,1,TL-09,21,803.87,16881.27
MC-100676,2,PL-31,15,1422.61,21339.15
MC-100676,3,TL-09,20,913.75,18275.0
MC-100677,1,FN-11,24,1137.92,27310.08
MC-100677,2,WR-14,38,915.13,34774.94
MC-100678,1,ST-02,2,340.52,681.04
MC-100678,2,BR-22,5,359.04,1795.2
MC-100678,3,ST-02,31,370.0,11470.0
MC-100679,1,CS-77,2,719.41,1438.82
MC-100680,1,FN-11,22,82.16,1807.52
MC-100680,2,PL-30,5,82.54,412.7
MC-100681,1,ST-01,32,1102.49,35279.68
MC-100681,2,WR-14,28,766.66,21466.48
MC-100682,1,ST-02,2,94.28,188.56
MC-100682,2,PL-31,31,67.13,2081.03
MC-100682,3,FN-11,20,73.4,1468.0
MC-100683,1,PL-31,30,790.71,23721.3
MC-100683,2,ST-02,17,1515.64,25765.88
MC-100683,3,WR-14,21,920.65,19333.65
MC-100683,4,BR-22,28,1364.21,38197.88
MC-100684,1,BR-22,13,1306.37,16982.81
MC-100684,2,PL-30,33,1288.72,42527.76
MC-100684,3,TL-09,32,951.99,30463.68
MC-100685,1,PL-30,13,717.33,9325.29
MC-100686,1,ST-01,37,817.89,30261.93
MC-100687,1,FN-11,33,223.58,7378.14
MC-100687,2,ST-02,27,211.28,5704.56
MC-100687,3,TL-09,6,196.23,1177.38
MC-100688,1,BR-22,31,893.66,27703.46
MC-100689,1,TL-09,11,226.55,2492.05
MC-100690,1,BR-22,38,1309.43,49758.34
MC-100690,2,ST-01,14,1201.1,16815.4
MC-100690,3,ST-02,5,790.34,3951.7
MC-100691,1,CS-77,9,61.68,555.12
MC-100691,2,ST-02,13,63.59,826.67
MC-100691,3,BR-22,9,75.17,676.53
MC-100692,1,ST-02,39,37.16,1449.24
MC-100692,2,TL-09,2,45.5,91.0
MC-100692,3,ST-02,30,51.76,1552.8
MC-100692,4,BR-22,29,35.25,1022.25
MC-100693,1,BR-22,30,1480.45,44413.5
MC-100694,1,PL-31,31,1524.95,47273.45
MC-100694,2,ST-01,23,1422.86,32725.78
MC-100695,1,PL-31,36,520.79,18748.44
MC-100695,2,FN-11,32,434.85,13915.2
MC-100695,3,ST-01,22,458.32,10083.04
MC-100696,1,TL-09,33,1246.12,41121.96
MC-100696,2,FN-11,18,1186.38,21354.84
MC-100697,1,PL-31,13,843.83,10969.79
MC-100697,2,CS-77,15,752.82,11292.3
MC-100697,3,PL-30,28,643.22,18010.16
MC-100697,4,BR-22,22,396.23,8717.06
MC-100698,1,TL-09,33,60.76,2005.08
MC-100698,2,CS-77,36,45.76,1647.36
MC-100698,3,WR-14,9,47.74,429.66
MC-100698,4,WR-14,11,61.6,677.6
MC-100699,1,PL-30,18,839.39,15109.02
MC-100699,2,CS-77,26,706.79,18376.54
MC-100700,1,TL-09,25,53.21,1330.25
MC-100700,2,ST-02,32,38.0,1216.0
MC-100700,3,WR-14,22,50.97,1121.34
MC-100700,4,FN-11,24,73.78,1770.72
MC-100701,1,WR-14,6,269.96,1619.76
MC-100701,2,WR-14,36,398.89,14360.04
MC-100702,1,WR-14,39,690.64,26934.96
MC-100702,2,TL-09,8,696.86,5574.88
MC-100702,3,BR-22,5,387.59,1937.95
MC-100702,4,TL-09,38,856.56,32549.28
MC-100703,1,ST-01,10,1296.63,12966.3
MC-100703,2,BR-22,34,1190.12,40464.08
MC-100703,3,PL-31,16,1134.84,18157.44
MC-100703,4,CS-77,10,1063.83,10638.3
MC-100704,1,ST-02,13,405.69,5273.97
MC-100704,2,BR-22,16,718.77,11500.32
MC-100704,3,PL-30,18,573.61,10324.98
MC-100704,4,PL-30,39,645.08,25158.12
MC-100705,1,PL-30,24,1236.96,29687.04
MC-100705,2,TL-09,8,1017.96,8143.68
MC-100705,3,FN-11,34,1191.81,40521.54
MC-100706,1,FN-11,33,952.7,31439.1
MC-100707,1,ST-02,31,662.39,20534.09
MC-100707,2,ST-01,3,772.6,2317.8
MC-100708,1,PL-31,10,1429.04,14290.4
MC-100709,1,PL-31,13,1594.96,20734.48
MC-100709,2,PL-30,21,1747.04,36687.84
MC-100709,3,FN-11,7,1570.72,10995.04
MC-100710,1,ST-02,33,67.59,2230.47
MC-100710,2,TL-09,37,71.33,2639.21
MC-100710,3,TL-09,31,69.31,2148.61
MC-100710,4,FN-11,8,51.74,413.92
MC-100711,1,WR-14,19,52.38,995.22
MC-100711,2,PL-30,20,52.88,1057.6
MC-100711,3,CS-77,24,91.72,2201.28
MC-100712,1,BR-22,9,238.27,2144.43
MC-100712,2,WR-14,39,147.08,5736.12
MC-100712,3,WR-14,31,256.99,7966.69
MC-100713,1,PL-30,30,39.04,1171.2
MC-100714,1,CS-77,11,39.87,438.57
MC-100714,2,BR-22,2,73.89,147.78
MC-100714,3,FN-11,38,68.82,2615.16
MC-100715,1,TL-09,11,148.12,1629.32
MC-100716,1,WR-14,16,53.69,859.04
MC-100716,2,ST-02,12,72.73,872.76
MC-100716,3,WR-14,8,42.95,343.6
MC-100717,1,ST-02,30,1453.09,43592.7
MC-100717,2,PL-31,19,1636.55,31094.45
MC-100718,1,PL-30,23,1174.25,27007.75
MC-100719,1,PL-31,12,1017.72,12212.64
MC-100720,1,FN-11,30,646.98,19409.4
MC-100721,1,PL-30,18,1779.76,32035.68
MC-100722,1,PL-30,28,330.29,9248.12
MC-100723,1,WR-14,23,855.17,19668.91
MC-100723,2,TL-09,35,553.94,19387.9
MC-100724,1,PL-30,1,330.42,330.42
MC-100724,2,BR-22,6,205.46,1232.76
MC-100725,1,PL-30,16,948.81,15180.96
MC-100725,2,TL-09,7,896.86,6278.02
MC-100725,3,ST-02,35,1042.45,36485.75
MC-100726,1,TL-09,13,791.79,10293.27
MC-100726,2,PL-30,7,847.56,5932.92
MC-100726,3,PL-30,25,720.33,18008.25
MC-100727,1,TL-09,9,245.18,2206.62
MC-100727,2,PL-31,36,178.33,6419.88
MC-100727,3,WR-14,21,131.79,2767.59
MC-100728,1,BR-22,7,243.3,1703.1
MC-100728,2,ST-01,20,270.44,5408.8
MC-100728,3,BR-22,34,290.59,9880.06
MC-100729,1,CS-77,37,1021.87,37809.19
MC-100729,2,ST-01,11,808.1,8889.1
MC-100730,1,ST-02,31,271.66,8421.46
MC-100730,2,PL-31,37,265.17,9811.29
MC-100730,3,ST-02,12,234.99,2819.88
MC-100730,4,FN-11,28,164.32,4600.96
MC-100731,1,ST-02,9,1257.59,11318.31
MC-100731,2,WR-14,24,972.44,23338.56
MC-100731,3,FN-11,24,1563.99,37535.76
MC-100731,4,ST-01,37,1579.94,58457.78
MC-100732,1,PL-30,16,620.09,9921.44
MC-100733,1,PL-30,20,1624.54,32490.8
MC-100734,1,BR-22,21,453.12,9515.52
MC-100734,2,TL-09,31,852.01,26412.31
MC-100734,3,ST-02,15,471.95,7079.25
MC-100735,1,ST-02,24,877.28,21054.72
MC-100735,2,ST-01,12,1869.76,22437.12
MC-100735,3,ST-01,3,1512.29,4536.87
MC-100736,1,PL-30,26,167.22,4347.72
MC-100736,2,WR-14,10,144.15,1441.5
MC-100736,3,BR-22,12,288.63,3463.56
MC-100736,4,BR-22,11,277.88,3056.68
MC-100737,1,ST-02,25,1833.88,45847.0
MC-100737,2,BR-22,16,1631.43,26102.88
MC-100737,3,TL-09,23,1686.95,38799.85
MC-100738,1,WR-14,34,1064.03,36177.02
MC-100738,2,WR-14,33,849.8,28043.4
MC-100738,3,PL-30,18,854.62,15383.16
MC-100739,1,PL-31,22,208.5,4587.0
MC-100739,2,FN-11,16,199.0,3184.0
MC-100739,3,BR-22,34,248.96,8464.64
MC-100739,4,PL-31,22,147.16,3237.52
MC-100740,1,PL-30,37,1487.64,55042.68
MC-100740,2,FN-11,28,1504.68,42131.04
MC-100741,1,ST-02,4,1192.4,4769.6
MC-100742,1,WR-14,14,940.76,13170.64
MC-100743,1,ST-02,11,830.42,9134.62
MC-100743,2,WR-14,13,716.02,9308.26
MC-100743,3,FN-11,12,840.59,10087.08
MC-100743,4,BR-22,12,610.3,7323.6
MC-100744,1,ST-02,20,369.56,7391.2
MC-100744,2,PL-31,32,239.06,7649.92
MC-100745,1,PL-31,4,80.94,323.76
MC-100745,2,WR-14,17,100.46,1707.82
MC-100745,3,TL-09,29,98.97,2870.13
MC-100745,4,WR-14,1,98.33,98.33
MC-100746,1,BR-22,31,259.62,8048.22
MC-100746,2,ST-02,11,195.53,2150.83
MC-100746,3,CS-77,27,218.44,5897.88
MC-100746,4,ST-01,39,229.72,8959.08
MC-100747,1,BR-22,38,211.94,8053.72
MC-100747,2,FN-11,30,240.91,7227.3
MC-100747,3,FN-11,17,129.2,2196.4
MC-100747,4,ST-01,25,239.94,5998.5
MC-100748,1,ST-01,33,40.23,1327.59
MC-100749,1,CS-77,4,900.44,3601.76
MC-100749,2,ST-01,3,1653.99,4961.97
MC-100749,3,BR-22,36,1693.87,60979.32
MC-100749,4,CS-77,39,1895.34,73918.26
MC-100750,1,FN-11,5,892.49,4462.45
MC-100750,2,BR-22,7,1277.12,8939.84
MC-100750,3,TL-09,17,1253.21,21304.57
MC-100750,4,ST-02,25,1556.45,38911.25
MC-100751,1,BR-22,15,75.31,1129.65
MC-100752,1,PL-30,23,445.61,10249.03
MC-100752,2,ST-02,33,194.08,6404.64
MC-100752,3,CS-77,21,309.72,6504.12
MC-100753,1,PL-31,9,54.62,491.58
MC-100753,2,TL-09,2,112.0,224.0
MC-100754,1,CS-77,38,50.73,1927.74
MC-100754,2,TL-09,36,64.08,2306.88
MC-100754,3,PL-30,16,71.73,1147.68
MC-100755,1,WR-14,14,43.31,606.34
MC-100755,2,TL-09,7,66.65,466.55
MC-100756,1,ST-01,8,40.21,321.68
MC-100756,2,PL-31,28,45.77,1281.56
MC-100756,3,PL-31,28,45.28,1267.84
MC-100757,1,FN-11,5,1168.17,5840.85
MC-100757,2,TL-09,21,1207.36,25354.56
MC-100757,3,FN-11,30,1558.83,46764.9
MC-100758,1,PL-30,1,65.16,65.16
MC-100758,2,BR-22,29,59.52,1726.08
MC-100758,3,PL-31,25,69.93,1748.25
MC-100759,1,BR-22,39,797.09,31086.51
MC-100759,2,PL-31,19,1495.76,28419.44
MC-100760,1,ST-02,16,266.08,4257.28
MC-100760,2,BR-22,3,288.39,865.17
MC-100760,3,TL-09,12,364.14,4369.68
MC-100760,4,CS-77,11,378.75,4166.25
MC-100761,1,WR-14,29,61.36,1779.44
MC-100761,2,PL-31,11,63.37,697.07
MC-100761,3,ST-01,35,113.69,3979.15
MC-100761,4,CS-77,25,69.64,1741.0
MC-100762,1,CS-77,2,498.87,997.74
MC-100762,2,PL-31,34,707.82,24065.88
MC-100763,1,PL-30,38,670.87,25493.06
MC-100763,2,PL-31,19,795.93,15122.67
MC-100763,3,PL-31,9,391.66,3524.94
MC-100764,1,PL-31,18,711.65,12809.7
MC-100764,2,CS-77,23,500.65,11514.95
MC-100764,3,CS-77,5,881.44,4407.2
MC-100765,1,FN-11,34,197.52,6715.68
MC-100765,2,ST-02,6,199.21,1195.26
MC-100766,1,CS-77,22,775.71,17065.62
MC-100766,2,CS-77,36,817.04,29413.44
MC-100767,1,CS-77,32,193.83,6202.56
MC-100767,2,TL-09,28,193.79,5426.12
MC-100768,1,WR-14,34,576.76,19609.84
MC-100768,2,TL-09,33,539.82,17814.06
MC-100768,3,ST-02,7,441.29,3089.03
MC-100769,1,WR-14,30,412.69,12380.7
MC-100769,2,FN-11,39,442.64,17262.96
MC-100769,3,ST-01,14,434.39,6081.46
MC-100770,1,PL-30,27,617.93,16684.11
MC-100770,2,ST-01,21,733.97,15413.37
MC-100770,3,CS-77,8,405.78,3246.24
MC-100771,1,PL-31,16,961.34,15381.44
MC-100771,2,BR-22,14,1171.13,16395.82
MC-100771,3,WR-14,34,1337.3,45468.2
MC-100772,1,CS-77,33,99.3,3276.9
MC-100773,1,WR-14,38,191.7,7284.6
MC-100774,1,TL-09,29,1288.48,37365.92
MC-100774,2,PL-30,26,1147.89,29845.14
MC-100774,3,ST-02,7,1628.03,11396.21
MC-100774,4,ST-02,17,1927.91,32774.47
MC-100775,1,ST-02,19,887.0,16853.0
MC-100775,2,WR-14,14,690.86,9672.04
MC-100775,3,WR-14,22,742.97,16345.34
MC-100775,4,PL-31,13,788.62,10252.06
MC-100776,1,WR-14,22,69.35,1525.7
MC-100776,2,CS-77,15,63.57,953.55
MC-100777,1,CS-77,37,100.19,3707.03
MC-100777,2,ST-02,17,54.54,927.18
MC-100778,1,TL-09,37,513.06,18983.22
MC-100778,2,ST-01,32,724.49,23183.68
MC-100778,3,ST-01,33,506.35,16709.55
MC-100778,4,FN-11,5,661.06,3305.3
MC-100779,1,PL-31,27,1179.48,31845.96
MC-100780,1,ST-02,1,1152.47,1152.47
MC-100780,2,BR-22,6,1041.29,6247.74
MC-100780,3,ST-02,13,1468.66,19092.58
MC-100781,1,FN-11,34,1084.66,36878.44
MC-100781,2,PL-30,15,1537.73,23065.95
MC-100782,1,PL-31,27,474.94,12823.38
MC-100782,2,BR-22,14,384.61,5384.54
MC-100783,1,ST-01,31,893.59,27701.29
MC-100784,1,ST-01,15,922.18,13832.7
MC-100784,2,PL-30,9,1031.34,9282.06
MC-100784,3,CS-77,1,1590.11,1590.11
MC-100784,4,PL-30,29,880.28,25528.12
MC-100785,1,WR-14,12,384.51,4614.12
MC-100785,2,CS-77,13,237.98,3093.74
MC-100786,1,WR-14,17,100.18,1703.06
MC-100787,1,FN-11,10,76.05,760.5
MC-100787,2,PL-30,2,87.81,175.62
MC-100788,1,WR-14,15,244.92,3673.8
MC-100788,2,TL-09,16,149.49,2391.84
MC-100788,3,FN-11,24,143.16,3435.84
MC-100788,4,PL-31,30,261.26,7837.8
MC-100789,1,BR-22,2,148.57,297.14
MC-100790,1,WR-14,7,886.93,6208.51
MC-100790,2,PL-31,26,564.52,14677.52
MC-100790,3,CS-77,11,821.15,9032.65
MC-100791,1,ST-01,7,443.27,3102.89
MC-100791,2,BR-22,2,384.69,769.38
MC-100791,3,PL-30,33,245.33,8095.89
MC-100791,4,WR-14,32,384.89,12316.48
MC-100792,1,BR-22,28,1526.6,42744.8
MC-100792,2,CS-77,35,1706.18,59716.3
MC-100793,1,WR-14,8,899.95,7199.6
MC-100793,2,PL-30,2,1310.24,2620.48
MC-100793,3,PL-30,16,769.12,12305.92
MC-100794,1,PL-31,17,645.33,10970.61
MC-100794,2,TL-09,35,785.11,27478.85
MC-100794,3,PL-31,24,529.18,12700.32
MC-100794,4,ST-02,2,835.11,1670.22
MC-100795,1,PL-31,6,990.12,5940.72
MC-100795,2,TL-09,39,1230.11,47974.29
MC-100795,3,WR-14,37,982.46,36351.02
MC-100796,1,WR-14,31,1022.98,31712.38
MC-100796,2,ST-01,35,1276.28,44669.8
MC-100796,3,ST-02,26,1279.31,33262.06
MC-100796,4,ST-01,25,1207.76,30194.0
MC-100797,1,TL-09,6,94.66,567.96
MC-100798,1,TL-09,29,1715.98,49763.42
MC-100799,1,WR-14,3,46.24,138.72
MC-100800,1,ST-01,22,70.29,1546.38
MC-100801,1,TL-09,31,52.99,1642.69
MC-100801,2,BR-22,22,58.94,1296.68
MC-100801,3,CS-77,38,63.67,2419.46
MC-100801,4,CS-77,4,55.08,220.32
MC-100802,1,PL-30,1,270.63,270.63
MC-100802,2,FN-11,12,324.55,3894.6
MC-100802,3,ST-01,20,234.5,4690.0
MC-100802,4,PL-30,13,434.5,5648.5
MC-100803,1,CS-77,30,636.52,19095.6
MC-100803,2,PL-31,23,779.04,17917.92
MC-100803,3,PL-30,31,669.69,20760.39
MC-100804,1,WR-14,8,835.75,6686.0
MC-100804,2,PL-30,3,518.61,1555.83
MC-100804,3,CS-77,19,873.23,16591.37
MC-100804,4,BR-22,2,499.21,998.42
MC-100805,1,ST-02,7,1185.52,8298.64
MC-100805,2,FN-11,17,977.15,16611.55
MC-100806,1,ST-02,9,732.7,6594.3
MC-100806,2,ST-02,39,990.46,38627.94
MC-100806,3,CS-77,35,1089.67,38138.45
MC-100807,1,WR-14,31,1325.53,41091.43
MC-100807,2,FN-11,28,1039.81,29114.68
MC-100807,3,ST-02,33,1157.34,38192.22
MC-100808,1,BR-22,27,1394.22,37643.94
MC-100808,2,FN-11,3,1233.05,3699.15
MC-100809,1,CS-77,14,797.8,11169.2
MC-100809,2,WR-14,8,817.28,6538.24
MC-100809,3,ST-02,5,772.76,3863.8
MC-100809,4,PL-30,15,442.05,6630.75
MC-100810,1,ST-01,38,232.42,8831.96
MC-100811,1,PL-30,11,100.17,1101.87
MC-100811,2,ST-02,19,82.41,1565.79
MC-100811,3,ST-01,6,63.94,383.64
MC-100812,1,WR-14,11,1466.17,16127.87
MC-100813,1,PL-31,3,1158.77,3476.31
MC-100813,2,FN-11,29,1046.27,30341.83
MC-100813,3,ST-02,6,1482.08,8892.48
MC-100814,1,ST-01,27,1464.26,39535.02
MC-100814,2,PL-30,36,835.83,30089.88
MC-100814,3,TL-09,37,1378.58,51007.46
MC-100815,1,PL-31,19,1318.1,25043.9
MC-100815,2,ST-01,32,1228.07,39298.24
MC-100815,3,PL-31,37,795.74,29442.38
MC-100815,4,TL-09,26,877.14,22805.64
MC-100816,1,TL-09,1,252.72,252.72
MC-100817,1,PL-31,10,281.06,2810.6
MC-100817,2,PL-30,15,233.21,3498.15
MC-100818,1,ST-01,2,797.97,1595.94
MC-100818,2,TL-09,19,482.13,9160.47
MC-100818,3,WR-14,29,823.73,23888.17
MC-100819,1,PL-30,35,115.42,4039.7
MC-100819,2,PL-31,31,60.57,1877.67
MC-100819,3,BR-22,35,111.33,3896.55
MC-100820,1,ST-02,32,999.29,31977.28
MC-100820,2,ST-02,34,990.38,33672.92
MC-100820,3,ST-01,12,1246.66,14959.92
MC-100821,1,BR-22,3,1336.39,4009.17
MC-100821,2,CS-77,38,670.92,25494.96
MC-100821,3,WR-14,39,1159.39,45216.21
MC-100822,1,BR-22,17,434.81,7391.77
MC-100822,2,WR-14,37,227.86,8430.82
MC-100823,1,PL-30,30,1212.62,36378.6
MC-100823,2,BR-22,6,1099.64,6597.84
MC-100824,1,FN-11,23,56.53,1300.19
MC-100825,1,PL-31,33,800.13,26404.29
MC-100825,2,CS-77,2,525.01,1050.02
MC-100826,1,CS-77,39,753.63,29391.57
MC-100826,2,PL-31,37,872.17,32270.29
MC-100827,1,ST-01,2,390.17,780.34
MC-100827,2,PL-31,30,422.1,12663.0
MC-100827,3,FN-11,35,411.93,14417.55
MC-100828,1,BR-22,21,603.06,12664.26
MC-100828,2,ST-02,29,704.7,20436.3
MC-100829,1,TL-09,18,358.47,6452.46
MC-100829,2,ST-01,10,421.73,4217.3
MC-100830,1,TL-09,4,753.35,3013.4
MC-100830,2,PL-30,27,1127.0,30429.0
MC-100831,1,FN-11,34,150.95,5132.3
MC-100831,2,CS-77,16,271.88,4350.08
MC-100831,3,ST-01,23,228.15,5247.45
MC-100832,1,PL-30,10,46.39,463.9
MC-100832,2,TL-09,28,33.0,924.0
MC-100832,3,ST-01,26,65.01,1690.26
MC-100832,4,FN-11,20,59.29,1185.8
MC-100833,1,FN-11,36,653.25,23517.0
MC-100834,1,ST-02,1,46.79,46.79
MC-100835,1,CS-77,1,868.59,868.59
MC-100835,2,PL-31,29,385.01,11165.29
MC-100836,1,PL-31,39,872.36,34022.04
MC-100836,2,PL-30,36,585.06,21062.16
MC-100836,3,BR-22,25,606.88,15172.0
MC-100837,1,WR-14,22,1183.79,26043.38
MC-100837,2,TL-09,4,831.09,3324.36
MC-100838,1,FN-11,36,282.0,10152.0
MC-100838,2,BR-22,22,402.1,8846.2
MC-100838,3,ST-01,20,197.78,3955.6
MC-100839,1,WR-14,35,835.97,29258.95
MC-100840,1,ST-02,6,411.09,2466.54
MC-100840,2,PL-30,10,401.76,4017.6
MC-100840,3,CS-77,25,262.9,6572.5
MC-100841,1,PL-31,8,236.87,1894.96
MC-100842,1,CS-77,30,1203.27,36098.1
MC-100842,2,ST-02,3,871.62,2614.86
MC-100842,3,PL-30,27,603.89,16305.03
MC-100842,4,ST-02,38,819.93,31157.34
MC-100843,1,FN-11,9,1001.96,9017.64
MC-100844,1,CS-77,22,85.3,1876.6
MC-100844,2,CS-77,5,92.72,463.6
MC-100844,3,PL-30,31,108.11,3351.41
MC-100844,4,TL-09,2,86.35,172.7
MC-100845,1,ST-02,16,1598.14,25570.24
MC-100846,1,TL-09,28,240.48,6733.44
MC-100847,1,ST-02,1,1347.42,1347.42
MC-100847,2,BR-22,25,593.06,14826.5
MC-100847,3,TL-09,37,639.2,23650.4
MC-100847,4,CS-77,17,1246.13,21184.21
MC-100848,1,BR-22,18,271.39,4885.02
MC-100848,2,PL-31,17,354.28,6022.76
MC-100849,1,BR-22,16,185.29,2964.64
MC-100849,2,ST-02,30,203.23,6096.9
MC-100850,1,WR-14,20,843.58,16871.6
MC-100851,1,TL-09,16,883.57,14137.12
MC-100851,2,TL-09,27,1161.73,31366.71
MC-100852,1,WR-14,8,231.23,1849.84
MC-100852,2,PL-31,15,268.69,4030.35
MC-100852,3,WR-14,3,311.39,934.17
MC-100852,4,BR-22,1,369.8,369.8
MC-100853,1,ST-02,32,997.16,31909.12
MC-100853,2,PL-30,12,914.07,10968.84
MC-100853,3,ST-01,15,693.98,10409.7
MC-100854,1,PL-31,27,721.25,19473.75
MC-100855,1,ST-01,27,69.61,1879.47
MC-100855,2,PL-31,23,67.34,1548.82
MC-100855,3,ST-02,3,56.99,170.97
MC-100855,4,CS-77,32,56.85,1819.2
MC-100856,1,PL-30,2,40.14,80.28
MC-100857,1,PL-30,36,316.84,11406.24
MC-100858,1,PL-30,27,1023.2,27626.4
MC-100858,2,ST-01,11,1274.54,14019.94
MC-100858,3,ST-01,10,1389.22,13892.2
MC-100859,1,ST-01,9,327.83,2950.47
MC-100859,2,CS-77,19,349.09,6632.71
MC-100860,1,BR-22,33,97.57,3219.81
MC-100860,2,CS-77,36,63.31,2279.16
MC-100861,1,PL-31,7,405.76,2840.32
MC-100862,1,CS-77,19,1352.74,25702.06
MC-100862,2,ST-01,6,1412.58,8475.48
MC-100862,3,FN-11,17,1900.49,32308.33
MC-100863,1,PL-31,39,616.16,24030.24
MC-100863,2,ST-01,7,846.77,5927.39
MC-100864,1,CS-77,3,1475.53,4426.59
MC-100864,2,ST-02,39,1775.06,69227.34
MC-100864,3,TL-09,3,1862.02,5586.06
MC-100864,4,TL-09,31,1257.88,38994.28
MC-100865,1,ST-02,20,617.45,12349.0
MC-100866,1,WR-14,39,239.52,9341.28
MC-100866,2,CS-77,24,227.89,5469.36
MC-100866,3,TL-09,20,205.62,4112.4
MC-100866,4,PL-30,25,215.81,5395.25
MC-100867,1,PL-31,15,58.09,871.35
MC-100867,2,CS-77,26,86.34,2244.84
MC-100868,1,FN-11,30,707.9,21237.0
MC-100868,2,BR-22,15,1251.47,18772.05
MC-100868,3,PL-31,13,1199.25,15590.25
MC-100868,4,PL-30,35,1011.09,35388.15
MC-100869,1,CS-77,12,1198.52,14382.24
MC-100869,2,PL-31,20,1199.38,23987.6
MC-100870,1,BR-22,18,839.12,15104.16
MC-100870,2,ST-02,19,1221.86,23215.34
MC-100870,3,BR-22,15,1345.05,20175.75
MC-100870,4,TL-09,36,1273.08,45830.88
MC-100871,1,WR-14,2,321.67,643.34
MC-100871,2,TL-09,15,192.05,2880.75
MC-100872,1,FN-11,4,874.74,3498.96
MC-100872,2,PL-31,25,1087.0,27175.0
MC-100872,3,BR-22,22,1196.45,26321.9
MC-100872,4,PL-31,31,953.93,29571.83
MC-100873,1,BR-22,13,1072.21,13938.73
MC-100873,2,WR-14,3,1104.66,3313.98
MC-100874,1,WR-14,35,396.7,13884.5
MC-100874,2,PL-31,24,750.69,18016.56
MC-100875,1,BR-22,9,1238.23,11144.07
MC-100875,2,TL-09,27,1183.34,31950.18
MC-100875,3,BR-22,12,1024.55,12294.6
MC-100875,4,ST-02,29,1510.67,43809.43
MC-100876,1,CS-77,25,1333.11,33327.75
MC-100876,2,TL-09,17,779.33,13248.61
MC-100877,1,PL-30,5,766.36,3831.8
MC-100878,1,FN-11,22,866.57,19064.54
MC-100878,2,PL-30,26,1194.92,31067.92
MC-100878,3,TL-09,20,1242.73,24854.6
MC-100879,1,WR-14,32,1323.37,42347.84
MC-100879,2,ST-02,7,1616.17,11313.19
MC-100879,3,TL-09,29,1927.02,55883.58
MC-100879,4,FN-11,20,1169.61,23392.2
MC-100880,1,PL-30,30,920.92,27627.6
MC-100880,2,ST-01,7,935.67,6549.69
MC-100881,1,TL-09,29,652.94,18935.26
MC-100881,2,PL-30,17,1320.12,22442.04
MC-100881,3,PL-30,9,980.95,8828.55
MC-100882,1,ST-01,38,1008.1,38307.8
MC-100882,2,CS-77,27,657.51,17752.77
MC-100882,3,PL-31,5,942.5,4712.5
MC-100882,4,WR-14,9,979.54,8815.86
MC-100883,1,ST-01,20,425.17,8503.4
MC-100884,1,PL-30,8,1356.03,10848.24
MC-100884,2,FN-11,17,1587.21,26982.57
MC-100884,3,ST-01,26,968.24,25174.24
MC-100884,4,ST-01,3,1409.45,4228.35
MC-100885,1,PL-30,32,279.0,8928.0
MC-100885,2,ST-01,32,365.5,11696.0
MC-100885,3,PL-30,30,380.13,11403.9
MC-100886,1,PL-31,12,1672.13,20065.56
MC-100886,2,FN-11,3,966.22,2898.66
MC-100886,3,ST-01,15,1175.51,17632.65
MC-100886,4,CS-77,4,1288.92,5155.68
MC-100887,1,FN-11,29,188.66,5471.14
MC-100888,1,PL-31,17,70.45,1197.65
MC-100888,2,PL-31,24,64.84,1556.16
MC-100888,3,ST-02,17,35.4,601.8
MC-100889,1,PL-31,13,293.73,3818.49
MC-100890,1,WR-14,20,232.63,4652.6
MC-100890,2,WR-14,16,344.46,5511.36
MC-100890,3,TL-09,18,396.44,7135.92
MC-100890,4,WR-14,9,268.23,2414.07
MC-100891,1,CS-77,10,111.09,1110.9
MC-100891,2,WR-14,24,115.68,2776.32
MC-100891,3,BR-22,34,93.44,3176.96
MC-100891,4,PL-31,27,62.09,1676.43
MC-100892,1,ST-01,4,975.81,3903.24
MC-100892,2,PL-31,26,1255.2,32635.2
MC-100893,1,TL-09,10,830.8,8308.0
MC-100893,2,TL-09,33,750.59,24769.47
MC-100894,1,WR-14,18,185.66,3341.88
MC-100894,2,BR-22,29,144.2,4181.8
MC-100894,3,BR-22,5,155.06,775.3
MC-100894,4,BR-22,26,212.01,5512.26
MC-100895,1,TL-09,13,1213.83,15779.79
MC-100896,1,WR-14,27,570.75,15410.25
MC-100896,2,CS-77,38,558.23,21212.74
MC-100897,1,CS-77,35,411.64,14407.4
MC-100898,1,ST-02,20,72.45,1449.0
MC-100899,1,CS-77,9,418.21,3763.89
MC-100899,2,FN-11,7,422.32,2956.24
MC-100900,1,PL-31,15,1008.27,15124.05
MC-100900,2,FN-11,13,1133.84,14739.92
MC-100900,3,PL-31,21,1000.35,21007.35
MC-100900,4,PL-31,20,1314.16,26283.2
MC-100901,1,ST-02,1,1737.09,1737.09
MC-100901,2,FN-11,17,1069.45,18180.65
MC-100901,3,PL-30,2,1396.3,2792.6
MC-100901,4,WR-14,14,1941.94,27187.16
MC-100902,1,ST-02,27,1238.37,33435.99
MC-100903,1,PL-31,17,89.26,1517.42
MC-100903,2,ST-02,3,88.5,265.5
MC-100903,3,TL-09,34,54.27,1845.18
MC-100904,1,ST-02,23,286.18,6582.14
MC-100904,2,PL-31,16,209.2,3347.2
MC-100905,1,PL-30,14,290.0,4060.0
MC-100905,2,FN-11,39,263.28,10267.92
MC-100905,3,ST-02,2,153.72,307.44
MC-100905,4,FN-11,32,164.83,5274.56
MC-100906,1,BR-22,12,798.51,9582.12
MC-100906,2,CS-77,34,879.71,29910.14
MC-100907,1,WR-14,11,721.89,7940.79
MC-100907,2,FN-11,39,433.43,16903.77
MC-100907,3,PL-31,23,457.68,10526.64
MC-100908,1,CS-77,23,276.44,6358.12
MC-100908,2,BR-22,10,280.17,2801.7
MC-100908,3,WR-14,4,399.56,1598.24
MC-100908,4,PL-30,1,351.18,351.18
MC-100909,1,ST-01,18,589.59,10612.62
MC-100909,2,ST-02,34,597.81,20325.54
MC-100909,3,ST-01,15,1307.94,19619.1
MC-100910,1,CS-77,8,63.47,507.76
MC-100910,2,FN-11,37,66.25,2451.25
MC-100911,1,CS-77,12,82.89,994.68
MC-100911,2,WR-14,31,64.76,2007.56
MC-100911,3,BR-22,24,113.52,2724.48
MC-100912,1,PL-30,28,911.39,25518.92
MC-100912,2,PL-30,21,1041.99,21881.79
MC-100912,3,ST-01,21,948.56,19919.76
MC-100912,4,ST-02,7,1413.27,9892.89
MC-100913,1,CS-77,8,107.48,859.84
MC-100913,2,TL-09,14,99.53,1393.42
MC-100913,3,BR-22,4,58.73,234.92
MC-100913,4,TL-09,12,76.01,912.12
MC-100914,1,BR-22,16,1335.9,21374.4
MC-100914,2,FN-11,39,1108.66,43237.74
MC-100914,3,BR-22,30,1091.86,32755.8
MC-100914,4,FN-11,26,1349.95,35098.7
MC-100915,1,TL-09,27,1315.13,35508.51
MC-100915,2,PL-30,37,1327.22,49107.14
MC-100915,3,ST-02,31,1272.29,39440.99
MC-100916,1,FN-11,9,347.1,3123.9
MC-100917,1,WR-14,7,76.08,532.56
MC-100918,1,ST-01,18,66.31,1193.58
MC-100918,2,CS-77,10,59.22,592.2
MC-100918,3,PL-31,22,54.31,1194.82
MC-100919,1,PL-30,21,1585.46,33294.66
MC-100920,1,BR-22,16,709.99,11359.84
MC-100920,2,TL-09,8,498.44,3987.52
MC-100920,3,TL-09,32,476.07,15234.24
MC-100920,4,PL-30,14,788.13,11033.82
MC-100921,1,BR-22,34,102.51,3485.34
MC-100921,2,TL-09,17,107.76,1831.92
MC-100921,3,WR-14,31,78.69,2439.39
MC-100921,4,BR-22,28,113.76,3185.28
MC-100922,1,CS-77,27,657.38,17749.26
MC-100922,2,PL-31,27,892.44,24095.88
MC-100923,1,FN-11,4,1921.92,7687.68
MC-100924,1,ST-01,7,1285.36,8997.52
MC-100924,2,PL-30,11,1266.24,13928.64
MC-100925,1,ST-02,16,856.28,13700.48
MC-100925,2,FN-11,35,633.65,22177.75
MC-100926,1,PL-30,12,239.45,2873.4
MC-100926,2,TL-09,6,237.9,1427.4
MC-100926,3,TL-09,4,134.07,536.28
MC-100927,1,PL-31,2,84.42,168.84
MC-100928,1,PL-31,15,603.9,9058.5
MC-100928,2,CS-77,23,773.2,17783.6
MC-100928,3,PL-30,18,571.3,10283.4
MC-100929,1,WR-14,30,1822.2,54666.0
MC-100930,1,BR-22,34,59.07,2008.38
MC-100930,2,TL-09,12,72.0,864.0
MC-100931,1,ST-01,37,531.14,19652.18
MC-100931,2,ST-01,10,502.34,5023.4
MC-100931,3,CS-77,37,504.19,18655.03
MC-100932,1,WR-14,11,802.4,8826.4
MC-100933,1,BR-22,13,702.63,9134.19
MC-100933,2,CS-77,24,794.52,19068.48
MC-100933,3,ST-01,26,710.56,18474.56
MC-100933,4,ST-02,20,889.41,17788.2
MC-100934,1,WR-14,32,104.34,3338.88
MC-100934,2,FN-11,29,92.05,2669.45
MC-100935,1,BR-22,32,642.62,20563.84
MC-100936,1,CS-77,35,92.38,3233.3
MC-100936,2,ST-02,20,102.01,2040.2
MC-100936,3,TL-09,33,98.65,3255.45
MC-100937,1,FN-11,29,1653.34,47946.86
MC-100938,1,ST-02,5,826.16,4130.8
MC-100938,2,BR-22,10,1043.99,10439.9
MC-100939,1,TL-09,15,629.08,9436.2
MC-100939,2,ST-01,24,1146.61,27518.64
MC-100940,1,ST-02,4,604.16,2416.64
MC-100940,2,TL-09,21,836.5,17566.5
MC-100940,3,PL-30,13,513.89,6680.57
MC-100941,1,BR-22,22,65.09,1431.98
MC-100941,2,ST-01,37,64.56,2388.72
MC-100941,3,BR-22,2,115.35,230.7
MC-100941,4,TL-09,15,108.71,1630.65
MC-100942,1,WR-14,14,81.6,1142.4
MC-100942,2,BR-22,5,90.11,450.55
MC-100942,3,WR-14,17,93.38,1587.46
MC-100943,1,FN-11,13,1143.46,14864.98
MC-100943,2,ST-02,34,884.45,30071.3
MC-100943,3,PL-30,24,1260.03,30240.72
MC-100943,4,ST-01,28,1331.19,37273.32
MC-100944,1,WR-14,23,51.61,1187.03
MC-100944,2,TL-09,11,117.56,1293.16
MC-100944,3,WR-14,36,94.73,3410.28
MC-100945,1,ST-02,10,89.26,892.6
MC-100946,1,WR-14,23,1216.24,27973.52
MC-100946,2,BR-22,17,1134.14,19280.38
MC-100947,1,TL-09,30,1300.5,39015.0
MC-100948,1,WR-14,15,1143.45,17151.75
MC-100949,1,WR-14,12,1632.09,19585.08
MC-100949,2,PL-31,3,890.07,2670.21
MC-100949,3,PL-31,34,972.18,33054.12
MC-100950,1,BR-22,35,668.89,23411.15
MC-100950,2,FN-11,31,539.7,16730.7
MC-100950,3,WR-14,5,750.86,3754.3
MC-100950,4,PL-30,12,793.57,9522.84
MC-100951,1,PL-30,3,86.37,259.11
MC-100951,2,CS-77,32,83.81,2681.92
MC-100951,3,TL-09,9,66.61,599.49
MC-100952,1,WR-14,37,1364.6,50490.2
MC-100952,2,ST-01,13,905.9,11776.7
MC-100952,3,PL-30,15,1123.24,16848.6
MC-100953,1,ST-02,24,1187.22,28493.28
MC-100953,2,BR-22,3,1282.8,3848.4
MC-100954,1,CS-77,21,424.51,8914.71
MC-100954,2,FN-11,1,199.67,199.67
MC-100954,3,FN-11,21,271.69,5705.49
MC-100955,1,FN-11,6,397.89,2387.34
MC-100955,2,PL-31,7,733.95,5137.65
MC-100956,1,TL-09,1,76.37,76.37
MC-100956,2,CS-77,15,40.13,601.95
MC-100956,3,WR-14,7,45.86,321.02
MC-100957,1,PL-31,3,41.12,123.36
MC-100957,2,BR-22,3,56.0,168.0
MC-100957,3,PL-30,7,48.85,341.95
MC-100957,4,CS-77,28,71.02,1988.56
MC-100958,1,ST-02,39,262.16,10224.24
MC-100958,2,WR-14,11,405.14,4456.54
MC-100958,3,PL-31,30,245.68,7370.4
MC-100958,4,FN-11,13,234.17,3044.21
MC-100959,1,WR-14,28,1240.1,34722.8
MC-100959,2,PL-31,36,602.96,21706.56
MC-100959,3,ST-01,5,1283.13,6415.65
MC-100960,1,BR-22,14,668.33,9356.62
MC-100961,1,CS-77,9,216.68,1950.12
MC-100961,2,CS-77,2,161.66,323.32
MC-100961,3,WR-14,30,136.91,4107.3
MC-100962,1,PL-30,33,73.2,2415.6
MC-100962,2,ST-01,18,62.0,1116.0
MC-100963,1,WR-14,29,1264.4,36667.6
MC-100964,1,FN-11,15,265.54,3983.1
MC-100964,2,PL-31,30,144.79,4343.7
MC-100964,3,TL-09,32,198.72,6359.04
MC-100964,4,BR-22,14,150.8,2111.2
MC-100965,1,PL-30,6,855.07,5130.42
MC-100965,2,FN-11,1,695.15,695.15
MC-100965,3,ST-02,7,819.67,5737.69
MC-100965,4,TL-09,2,427.04,854.08
MC-100966,1,BR-22,25,1482.02,37050.5
MC-100966,2,PL-31,4,1942.52,7770.08
MC-100966,3,FN-11,5,1651.3,8256.5
MC-100966,4,CS-77,36,1853.84,66738.24
MC-100967,1,ST-02,21,72.51,1522.71
MC-100967,2,PL-30,14,40.38,565.32
MC-100967,3,CS-77,35,38.54,1348.9
MC-100967,4,ST-02,31,72.06,2233.86
MC-100968,1,CS-77,4,226.9,907.6
MC-100969,1,WR-14,31,1863.72,57775.32
MC-100970,1,PL-31,1,390.5,390.5
MC-100970,2,PL-30,15,871.09,13066.35
MC-100970,3,FN-11,25,733.7,18342.5
MC-100970,4,CS-77,12,715.38,8584.56
MC-100971,1,CS-77,28,765.98,21447.44
MC-100971,2,WR-14,21,956.74,20091.54
MC-100971,3,ST-02,16,1317.76,21084.16
MC-100972,1,PL-31,17,1706.35,29007.95
MC-100972,2,TL-09,37,959.41,35498.17
MC-100972,3,WR-14,17,1564.82,26601.94
MC-100972,4,PL-31,10,1470.79,14707.9
MC-100973,1,ST-02,18,442.73,7969.14
MC-100974,1,TL-09,32,527.82,16890.24
MC-100975,1,WR-14,29,816.9,23690.1
MC-100975,2,PL-31,31,715.86,22191.66
MC-100975,3,ST-02,15,1108.37,16625.55
MC-100975,4,FN-11,39,709.33,27663.87
MC-100976,1,FN-11,30,731.67,21950.1
MC-100976,2,CS-77,8,1015.55,8124.4
MC-100976,3,ST-01,17,992.48,16872.16
MC-100976,4,TL-09,26,645.15,16773.9
MC-100977,1,ST-01,22,420.82,9258.04
MC-100977,2,CS-77,39,209.38,8165.82
MC-100977,3,WR-14,12,395.44,4745.28
MC-100978,1,WR-14,29,1763.44,51139.76
MC-100978,2,ST-02,19,1017.18,19326.42
MC-100979,1,WR-14,6,1310.41,7862.46
MC-100980,1,FN-11,17,852.07,14485.19
MC-100980,2,FN-11,35,1644.29,57550.15
MC-100980,3,ST-02,23,1523.0,35029.0
MC-100980,4,PL-30,28,1143.66,32022.48
MC-100981,1,BR-22,26,1823.21,47403.46
MC-100981,2,PL-30,9,1415.3,12737.7
MC-100981,3,PL-30,4,1328.17,5312.68
MC-100982,1,BR-22,17,1482.23,25197.91
MC-100983,1,WR-14,26,55.47,1442.22
MC-100983,2,ST-02,35,72.43,2535.05
MC-100983,3,TL-09,33,65.93,2175.69
MC-100984,1,PL-30,25,1825.61,45640.25
MC-100984,2,PL-31,31,1821.72,56473.32
MC-100985,1,CS-77,23,181.44,4173.12
MC-100985,2,PL-31,33,291.98,9635.34
MC-100985,3,PL-30,21,128.82,2705.22
MC-100986,1,WR-14,9,211.46,1903.14
MC-100986,2,TL-09,38,228.73,8691.74
MC-100986,3,FN-11,2,203.32,406.64
MC-100987,1,ST-02,33,1000.15,33004.95
MC-100987,2,ST-01,1,1054.51,1054.51
MC-100987,3,ST-01,22,1358.11,29878.42
MC-100987,4,FN-11,24,1035.4,24849.6
MC-100988,1,WR-14,1,537.34,537.34
MC-100988,2,ST-01,25,786.28,19657.0
MC-100988,3,WR-14,14,733.71,10271.94
MC-100988,4,PL-31,36,539.86,19434.96
MC-100989,1,CS-77,5,686.86,3434.3
MC-100989,2,FN-11,31,754.35,23384.85
MC-100989,3,PL-30,34,788.08,26794.72
MC-100990,1,WR-14,11,106.72,1173.92
MC-100990,2,TL-09,32,102.13,3268.16
MC-100990,3,ST-01,20,77.03,1540.6
MC-100991,1,PL-30,18,888.22,15987.96
MC-100991,2,WR-14,21,1320.58,27732.18
MC-100991,3,ST-02,38,1011.01,38418.38
MC-100992,1,WR-14,7,746.79,5227.53
MC-100993,1,BR-22,10,222.51,2225.1
MC-100993,2,PL-30,1,243.32,243.32
MC-100994,1,ST-01,36,127.09,4575.24
MC-100994,2,TL-09,15,175.95,2639.25
MC-100994,3,ST-02,29,259.27,7518.83
MC-100994,4,BR-22,1,181.07,181.07
MC-100995,1,BR-22,25,495.41,12385.25
MC-100995,2,BR-22,37,814.8,30147.6
MC-100995,3,ST-02,18,453.74,8167.32
MC-100995,4,PL-31,32,539.21,17254.72
MC-100996,1,BR-22,9,136.24,1226.16
MC-100997,1,TL-09,25,292.15,7303.75
MC-100997,2,PL-30,34,177.02,6018.68
MC-100997,3,ST-01,23,237.02,5451.46
MC-100997,4,PL-30,29,258.78,7504.62
MC-100998,1,BR-22,21,246.22,5170.62
MC-100998,2,TL-09,15,251.75,3776.25
MC-100998,3,PL-30,31,217.78,6751.18
MC-100998,4,ST-01,7,239.61,1677.27
MC-100999,1,ST-01,3,242.02,726.06
MC-101000,1,CS-77,25,1803.64,45091.0
MC-101000,2,PL-30,3,2009.46,6028.38
MC-101000,3,TL-09,37,1900.71,70326.27
MC-101000,4,PL-31,9,1254.57,11291.13
MC-101001,1,PL-31,26,269.51,7007.26
MC-101001,2,TL-09,15,258.48,3877.2
MC-101002,1,CS-77,24,1153.42,27682.08
MC-101002,2,PL-31,30,1522.95,45688.5
MC-101003,1,TL-09,6,446.94,2681.64
MC-101003,2,PL-30,22,324.82,7146.04
MC-101004,1,WR-14,7,57.34,401.38
MC-101004,2,WR-14,27,44.65,1205.55
MC-101005,1,ST-01,6,111.41,668.46
MC-101006,1,PL-31,15,262.92,3943.8
MC-101006,2,BR-22,10,347.71,3477.1
MC-101007,1,ST-01,26,1331.37,34615.62
MC-101007,2,ST-02,14,1079.95,15119.3
MC-101007,3,CS-77,36,1137.22,40939.92
MC-101007,4,BR-22,7,1136.53,7955.71
MC-101008,1,PL-30,35,261.62,9156.7
MC-101009,1,PL-31,23,1271.5,29244.5
MC-101010,1,PL-30,33,60.33,1990.89
MC-101010,2,ST-01,22,47.78,1051.16
MC-101011,1,TL-09,35,70.81,2478.35
MC-101011,2,ST-02,3,111.33,333.99
MC-101011,3,ST-01,30,113.32,3399.6
MC-101011,4,WR-14,8,90.18,721.44
MC-101012,1,BR-22,38,108.82,4135.16
MC-101012,2,BR-22,14,81.76,1144.64
MC-101012,3,PL-30,22,72.13,1586.86
MC-101013,1,CS-77,20,964.75,19295.0
MC-101014,1,BR-22,22,164.55,3620.1
MC-101014,2,PL-30,25,144.83,3620.75
MC-101014,3,BR-22,23,244.08,5613.84
MC-101014,4,TL-09,1,167.76,167.76
MC-101015,1,TL-09,3,276.98,830.94
MC-101016,1,ST-01,27,1553.04,41932.08
MC-101017,1,ST-01,35,275.77,9651.95
MC-101017,2,PL-30,34,173.95,5914.3
MC-101017,3,ST-01,15,160.44,2406.6
MC-101017,4,PL-31,25,275.45,6886.25
MC-101018,1,TL-09,14,443.72,6212.08
MC-101018,2,ST-02,5,368.99,1844.95
MC-101019,1,ST-02,39,820.21,31988.19
MC-101019,2,TL-09,31,1238.86,38404.66
MC-101020,1,FN-11,6,45.16,270.96
MC-101021,1,PL-31,28,748.58,20960.24
MC-101021,2,TL-09,24,748.3,17959.2
MC-101021,3,TL-09,29,740.17,21464.93
MC-101022,1,PL-30,29,332.32,9637.28
MC-101022,2,CS-77,23,409.88,9427.24
MC-101023,1,PL-30,2,228.54,457.08
MC-101024,1,PL-31,26,718.65,18684.9
MC-101024,2,WR-14,10,627.6,6276.0
MC-101025,1,TL-09,37,630.92,23344.04
MC-101025,2,CS-77,6,605.26,3631.56
MC-101026,1,BR-22,17,221.43,3764.31
MC-101026,2,ST-01,24,177.97,4271.28
MC-101026,3,FN-11,32,249.26,7976.32
MC-101027,1,FN-11,27,1530.06,41311.62
MC-101027,2,PL-30,34,743.83,25290.22
MC-101027,3,ST-01,9,1003.2,9028.8
MC-101027,4,ST-02,25,1391.75,34793.75
MC-101028,1,ST-01,14,53.9,754.6
MC-101028,2,WR-14,17,71.51,1215.67
MC-101028,3,WR-14,30,70.7,2121.0
MC-101029,1,PL-31,26,65.54,1704.04
MC-101029,2,CS-77,18,68.24,1228.32
MC-101029,3,TL-09,5,55.68,278.4
MC-101030,1,ST-02,3,732.27,2196.81
MC-101030,2,TL-09,31,748.03,23188.93
MC-101031,1,ST-01,7,674.41,4720.87
MC-101031,2,PL-30,23,454.69,10457.87
MC-101031,3,CS-77,9,512.39,4611.51
MC-101032,1,PL-31,12,271.45,3257.4
MC-101032,2,ST-02,3,254.93,764.79
MC-101032,3,WR-14,5,224.3,1121.5
MC-101032,4,PL-31,17,305.33,5190.61
MC-101033,1,ST-02,28,1662.14,46539.92
MC-101033,2,BR-22,20,1625.94,32518.8
MC-101033,3,WR-14,22,2000.09,44001.98
MC-101034,1,ST-02,2,83.61,167.22
MC-101034,2,BR-22,39,73.92,2882.88
MC-101035,1,TL-09,16,58.86,941.76
MC-101035,2,ST-02,8,64.4,515.2
MC-101035,3,PL-30,28,68.27,1911.56
MC-101035,4,ST-02,14,65.11,911.54
MC-101036,1,WR-14,35,256.37,8972.95
MC-101036,2,PL-30,23,191.07,4394.61
MC-101036,3,ST-01,35,147.46,5161.1
MC-101037,1,BR-22,36,632.68,22776.48
MC-101038,1,WR-14,6,242.55,1455.3
MC-101039,1,ST-02,38,50.31,1911.78
MC-101039,2,CS-77,33,37.68,1243.44
MC-101040,1,TL-09,21,601.29,12627.09
MC-101040,2,PL-31,20,734.27,14685.4
MC-101040,3,TL-09,18,683.37,12300.66
MC-101040,4,ST-01,14,889.73,12456.22
MC-101041,1,WR-14,9,1865.01,16785.09
MC-101041,2,FN-11,13,947.98,12323.74
MC-101041,3,ST-02,24,1911.75,45882.0
MC-101041,4,ST-02,4,1754.88,7019.52
MC-101042,1,BR-22,27,1536.15,41476.05
MC-101042,2,PL-30,34,869.61,29566.74
MC-101042,3,PL-31,11,1249.82,13748.02
MC-101042,4,ST-02,23,1209.08,27808.84
MC-101043,1,CS-77,4,722.65,2890.6
MC-101043,2,WR-14,23,1343.24,30894.52
MC-101044,1,PL-30,11,59.88,658.68
MC-101044,2,ST-01,2,51.74,103.48
MC-101044,3,ST-01,29,50.3,1458.7
MC-101044,4,ST-02,13,36.1,469.3
MC-101045,1,ST-02,38,290.84,11051.92
MC-101045,2,WR-14,12,274.45,3293.4
MC-101046,1,ST-02,8,851.12,6808.96
MC-101046,2,PL-30,5,841.62,4208.1
MC-101046,3,CS-77,9,865.73,7791.57
MC-101046,4,PL-31,22,520.12,11442.64
MC-101047,1,PL-30,6,951.37,5708.22
MC-101047,2,FN-11,30,1285.12,38553.6
MC-101047,3,PL-31,17,1310.9,22285.3
MC-101048,1,BR-22,27,1649.96,44548.92
MC-101048,2,CS-77,6,1260.85,7565.1
MC-101048,3,FN-11,16,1821.15,29138.4
MC-101048,4,WR-14,27,1675.5,45238.5
MC-101049,1,PL-31,6,211.98,1271.88
MC-101050,1,ST-02,8,1928.69,15429.52
MC-101050,2,BR-22,20,1513.36,30267.2
MC-101050,3,TL-09,29,1337.52,38788.08
MC-101050,4,TL-09,38,1643.36,62447.68
MC-101051,1,PL-30,21,1406.39,29534.19
MC-101052,1,PL-31,31,995.0,30845.0
MC-101052,2,BR-22,9,1192.5,10732.5
MC-101052,3,TL-09,17,1552.23,26387.91
MC-101053,1,CS-77,8,285.99,2287.92
MC-101053,2,FN-11,4,235.34,941.36
MC-101053,3,TL-09,15,333.72,5005.8
MC-101054,1,CS-77,29,761.52,22084.08
MC-101055,1,FN-11,21,91.41,1919.61
MC-101056,1,ST-01,28,247.62,6933.36
MC-101057,1,PL-31,23,826.06,18999.38
MC-101057,2,BR-22,29,869.31,25209.99
MC-101057,3,PL-30,27,672.64,18161.28
MC-101057,4,WR-14,17,635.57,10804.69
MC-101058,1,ST-01,38,38.8,1474.4
MC-101058,2,BR-22,26,46.98,1221.48
MC-101058,3,WR-14,2,47.99,95.98
MC-101058,4,FN-11,3,40.01,120.03
MC-101059,1,CS-77,16,474.69,7595.04
MC-101059,2,ST-01,26,814.0,21164.0
MC-101060,1,ST-02,38,127.12,4830.56
MC-101060,2,CS-77,12,250.41,3004.92
MC-101060,3,BR-22,22,193.04,4246.88
MC-101061,1,ST-01,1,776.45,776.45
MC-101061,2,BR-22,17,1119.45,19030.65
MC-101061,3,TL-09,3,1489.91,4469.73
MC-101062,1,FN-11,23,37.72,867.56
MC-101062,2,PL-31,22,70.28,1546.16
MC-101062,3,ST-02,25,38.35,958.75
MC-101062,4,FN-11,14,36.62,512.68
MC-101063,1,TL-09,23,1944.5,44723.5
MC-101063,2,PL-30,38,1049.56,39883.28
MC-101064,1,FN-11,2,295.38,590.76
MC-101064,2,FN-11,28,387.53,10850.84
MC-101064,3,WR-14,7,335.97,2351.79
MC-101064,4,PL-30,30,216.46,6493.8
MC-101065,1,WR-14,31,1948.57,60405.67
MC-101065,2,ST-02,6,1270.06,7620.36
MC-101065,3,BR-22,39,1631.51,63628.89
MC-101066,1,PL-31,6,48.43,290.58
MC-101066,2,ST-01,35,62.75,2196.25
MC-101066,3,FN-11,1,75.16,75.16
MC-101067,1,ST-02,3,1393.2,4179.6
MC-101067,2,TL-09,38,1249.55,47482.9
MC-101068,1,FN-11,25,289.23,7230.75
MC-101068,2,ST-01,24,176.24,4229.76
MC-101068,3,TL-09,4,245.35,981.4
MC-101068,4,CS-77,21,184.79,3880.59
MC-101069,1,PL-31,5,988.08,4940.4
MC-101069,2,BR-22,28,707.51,19810.28
MC-101069,3,ST-02,11,1117.33,12290.63
MC-101069,4,WR-14,13,1130.51,14696.63
MC-101070,1,TL-09,33,1146.08,37820.64
MC-101070,2,CS-77,36,708.57,25508.52
MC-101071,1,PL-31,30,1304.33,39129.9
MC-101071,2,CS-77,32,1232.79,39449.28
MC-101072,1,BR-22,16,953.85,15261.6
MC-101073,1,ST-01,28,1054.85,29535.8
MC-101073,2,ST-02,39,1346.95,52531.05
MC-101073,3,PL-31,6,1055.67,6334.02
MC-101073,4,TL-09,21,1460.63,30673.23
MC-101074,1,PL-30,38,242.04,9197.52
MC-101074,2,ST-01,30,244.01,7320.3
MC-101074,3,ST-01,33,233.38,7701.54
MC-101075,1,WR-14,22,320.23,7045.06
MC-101075,2,PL-30,15,317.61,4764.15
MC-101075,3,FN-11,31,443.26,13741.06
MC-101075,4,BR-22,15,273.21,4098.15
MC-101076,1,ST-02,16,256.63,4106.08
MC-101076,2,CS-77,5,238.31,1191.55
MC-101077,1,ST-02,15,231.83,3477.45
MC-101077,2,FN-11,6,288.58,1731.48
MC-101077,3,PL-31,13,281.25,3656.25
MC-101077,4,ST-02,37,327.78,12127.86
MC-101078,1,FN-11,10,230.28,2302.8
MC-101078,2,FN-11,36,207.21,7459.56
MC-101079,1,BR-22,10,87.08,870.8
MC-101079,2,FN-11,10,88.67,886.7
MC-101079,3,PL-30,24,112.07,2689.68
MC-101079,4,ST-01,31,112.75,3495.25
MC-101080,1,ST-01,15,1966.49,29497.35
MC-101080,2,TL-09,22,1979.63,43551.86
MC-101080,3,CS-77,17,1208.42,20543.14
MC-101081,1,PL-31,14,789.14,11047.96
MC-101081,2,TL-09,29,748.14,21696.06
MC-101082,1,TL-09,14,443.73,6212.22
MC-101082,2,ST-01,39,431.74,16837.86
MC-101082,3,CS-77,32,216.98,6943.36
MC-101082,4,CS-77,10,404.22,4042.2
MC-101083,1,PL-30,32,1258.65,40276.8
MC-101083,2,PL-30,10,1014.81,10148.1
MC-101084,1,TL-09,38,1450.47,55117.86
MC-101084,2,TL-09,3,1679.57,5038.71
MC-101084,3,FN-11,6,1287.79,7726.74
MC-101084,4,WR-14,1,1831.73,1831.73
MC-101085,1,ST-01,33,1410.81,46556.73
MC-101085,2,PL-31,34,1068.59,36332.06
MC-101086,1,TL-09,15,762.08,11431.2
MC-101087,1,PL-31,22,206.1,4534.2
MC-101088,1,TL-09,17,1303.27,22155.59
MC-101088,2,ST-01,5,1157.47,5787.35
MC-101088,3,WR-14,25,1150.39,28759.75
MC-101088,4,ST-02,5,1365.37,6826.85
MC-101089,1,CS-77,31,1354.83,41999.73
MC-101089,2,WR-14,33,776.17,25613.61
MC-101089,3,WR-14,39,1232.59,48071.01
MC-101089,4,FN-11,13,1315.07,17095.91
MC-101090,1,ST-02,36,1204.93,43377.48
MC-101090,2,ST-02,30,1011.32,30339.6
MC-101090,3,PL-31,33,654.2,21588.6
MC-101090,4,WR-14,22,1071.57,23574.54
MC-101091,1,FN-11,18,46.26,832.68
MC-101091,2,TL-09,32,44.08,1410.56
MC-101091,3,WR-14,35,40.19,1406.65
MC-101091,4,BR-22,29,66.15,1918.35
MC-101092,1,WR-14,30,1060.2,31806.0
MC-101092,2,BR-22,13,904.88,11763.44
MC-101092,3,ST-01,5,1329.94,6649.7
MC-101093,1,ST-02,8,92.36,738.88
MC-101093,2,TL-09,18,77.59,1396.62
MC-101093,3,PL-31,5,100.48,502.4
MC-101094,1,CS-77,13,352.59,4583.67
MC-101094,2,PL-31,2,291.3,582.6
MC-101094,3,PL-31,18,287.24,5170.32
MC-101095,1,CS-77,30,1032.33,30969.9
MC-101095,2,WR-14,9,1014.03,9126.27
MC-101095,3,ST-02,9,1241.69,11175.21
MC-101096,1,WR-14,23,203.96,4691.08
MC-101097,1,BR-22,12,208.11,2497.32
MC-101097,2,PL-31,1,231.62,231.62
MC-101098,1,WR-14,10,1118.84,11188.4
MC-101098,2,PL-30,9,869.66,7826.94
MC-101099,1,ST-01,12,1050.22,12602.64
MC-101099,2,PL-31,9,1267.58,11408.22
MC-101099,3,ST-01,1,833.05,833.05
MC-101099,4,TL-09,18,1134.71,20424.78
MC-101100,1,ST-02,19,1373.39,26094.41
MC-101101,1,FN-11,25,66.42,1660.5
MC-101101,2,WR-14,38,104.54,3972.52
MC-101102,1,ST-01,15,283.26,4248.9
MC-101102,2,PL-30,1,258.58,258.58
MC-101103,1,TL-09,7,75.87,531.09
MC-101104,1,ST-01,10,948.82,9488.2
MC-101104,2,PL-30,21,1230.64,25843.44
MC-101104,3,WR-14,39,645.92,25190.88
MC-101105,1,PL-31,30,584.45,17533.5
MC-101105,2,ST-01,30,844.66,25339.8
MC-101105,3,CS-77,6,524.47,3146.82
MC-101106,1,ST-02,27,96.13,2595.51
MC-101106,2,CS-77,38,75.32,2862.16
MC-101106,3,PL-30,37,51.93,1921.41
MC-101107,1,BR-22,2,137.22,274.44
MC-101107,2,BR-22,19,139.48,2650.12
MC-101108,1,ST-02,15,56.16,842.4
MC-101108,2,TL-09,10,76.72,767.2
MC-101108,3,TL-09,37,82.05,3035.85
MC-101108,4,ST-01,38,80.13,3044.94
MC-101109,1,WR-14,8,237.5,1900.0
MC-101109,2,ST-02,23,249.41,5736.43
MC-101110,1,ST-01,3,948.14,2844.42
MC-101110,2,ST-02,30,967.25,29017.5
MC-101111,1,PL-31,39,1804.08,70359.12
MC-101112,1,ST-01,25,851.44,21286.0
MC-101113,1,CS-77,32,1203.6,38515.2
MC-101113,2,ST-02,19,734.5,13955.5
MC-101113,3,PL-31,23,1193.34,27446.82
MC-101113,4,WR-14,11,1140.92,12550.12
MC-101114,1,ST-01,17,283.33,4816.61
MC-101114,2,ST-01,1,373.72,373.72
MC-101115,1,TL-09,5,373.09,1865.45
MC-101115,2,FN-11,13,392.22,5098.86
MC-101116,1,CS-77,15,424.43,6366.45
MC-101117,1,FN-11,2,920.07,1840.14
MC-101117,2,ST-02,8,1136.39,9091.12
MC-101118,1,PL-31,31,68.13,2112.03
MC-101118,2,WR-14,18,86.66,1559.88
MC-101118,3,PL-31,9,52.88,475.92
MC-101118,4,PL-30,1,63.51,63.51
MC-101119,1,WR-14,4,1125.27,4501.08
MC-101119,2,PL-30,6,1544.27,9265.62
MC-101119,3,FN-11,10,1310.98,13109.8
MC-101119,4,BR-22,32,1314.63,42068.16
MC-101120,1,ST-01,33,1524.62,50312.46
MC-101121,1,FN-11,34,1812.35,61619.9
MC-101121,2,ST-01,36,1688.82,60797.52
MC-101121,3,FN-11,25,1266.63,31665.75
MC-101121,4,TL-09,20,1843.38,36867.6
MC-101122,1,FN-11,6,260.56,1563.36
MC-101122,2,TL-09,19,223.58,4248.02
MC-101122,3,CS-77,37,257.31,9520.47
MC-101122,4,PL-31,26,138.43,3599.18
MC-101123,1,TL-09,12,89.34,1072.08
MC-101123,2,WR-14,30,107.65,3229.5
MC-101123,3,BR-22,34,53.26,1810.84
MC-101123,4,PL-31,31,107.29,3325.99
MC-101124,1,CS-77,37,1615.2,59762.4
MC-101125,1,PL-30,24,927.19,22252.56
MC-101125,2,CS-77,5,603.03,3015.15
MC-101125,3,PL-30,37,805.73,29812.01
MC-101125,4,BR-22,7,706.56,4945.92
MC-101126,1,WR-14,7,591.87,4143.09
MC-101127,1,TL-09,15,172.79,2591.85
MC-101128,1,ST-01,28,158.81,4446.68
MC-101128,2,ST-02,27,189.6,5119.2
MC-101128,3,CS-77,33,285.12,9408.96
MC-101129,1,CS-77,29,444.06,12877.74
MC-101130,1,FN-11,22,1257.66,27668.52
MC-101131,1,WR-14,16,146.46,2343.36
MC-101131,2,ST-01,34,219.79,7472.86
MC-101131,3,ST-01,1,229.29,229.29
MC-101132,1,FN-11,16,610.47,9767.52
MC-101132,2,FN-11,31,484.79,15028.49
MC-101133,1,BR-22,27,52.17,1408.59
MC-101133,2,WR-14,22,63.31,1392.82
MC-101133,3,WR-14,17,45.39,771.63
MC-101134,1,CS-77,26,211.44,5497.44
MC-101135,1,FN-11,6,113.83,682.98
MC-101136,1,TL-09,33,1142.39,37698.87
MC-101137,1,TL-09,36,1098.54,39547.44
MC-101137,2,ST-01,38,1691.24,64267.12
MC-101137,3,ST-01,9,1083.44,9750.96
MC-101138,1,PL-31,13,1195.38,15539.94
MC-101138,2,PL-30,34,1629.3,55396.2
MC-101139,1,FN-11,39,199.39,7776.21
MC-101139,2,BR-22,38,141.38,5372.44
MC-101139,3,FN-11,12,234.26,2811.12
MC-101139,4,TL-09,24,195.73,4697.52
MC-101140,1,ST-01,38,1264.96,48068.48
MC-101141,1,FN-11,9,1056.95,9512.55
MC-101141,2,FN-11,22,1499.33,32985.26
MC-101141,3,ST-02,27,1314.7,35496.9
MC-101141,4,ST-01,24,1513.59,36326.16
MC-101142,1,ST-02,33,1173.92,38739.36
MC-101142,2,PL-30,20,1293.06,25861.2
MC-101143,1,ST-02,13,775.98,10087.74
MC-101143,2,TL-09,27,459.56,12408.12
MC-101143,3,ST-01,33,716.08,23630.64
MC-101143,4,TL-09,16,816.42,13062.72
MC-101144,1,PL-31,15,1527.53,22912.95
MC-101144,2,FN-11,2,789.96,1579.92
MC-101145,1,ST-01,39,1504.67,58682.13
MC-101145,2,PL-31,25,1174.88,29372.0
MC-101146,1,BR-22,22,253.59,5578.98
MC-101146,2,TL-09,3,195.02,585.06
MC-101147,1,TL-09,29,1218.61,35339.69
MC-101148,1,WR-14,31,40.96,1269.76
MC-101148,2,PL-31,27,76.66,2069.82
MC-101148,3,BR-22,26,50.46,1311.96
MC-101148,4,BR-22,25,68.42,1710.5
MC-101149,1,ST-01,11,62.77,690.47
MC-101150,1,PL-31,5,329.02,1645.1
MC-101150,2,TL-09,15,239.37,3590.55
MC-101151,1,WR-14,34,74.7,2539.8
MC-101151,2,ST-02,25,52.29,1307.25
MC-101151,3,ST-02,30,57.84,1735.2
MC-101152,1,ST-02,2,256.95,513.9
MC-101152,2,PL-30,29,239.37,6941.73
MC-101153,1,PL-31,33,1442.66,47607.78
MC-101153,2,PL-31,26,1328.93,34552.18
MC-101153,3,PL-30,20,997.55,19951.0
MC-101154,1,TL-09,34,63.73,2166.82
MC-101155,1,ST-02,23,436.73,10044.79
MC-101155,2,PL-30,18,471.38,8484.84
MC-101156,1,CS-77,20,1122.98,22459.6
MC-101156,2,WR-14,32,809.46,25902.72
MC-101156,3,PL-31,22,770.9,16959.8
MC-101157,1,WR-14,7,106.47,745.29
MC-101158,1,ST-01,6,1741.14,10446.84
MC-101159,1,ST-02,19,356.28,6769.32
MC-101160,1,BR-22,15,1291.11,19366.65
MC-101160,2,ST-01,23,925.02,21275.46
MC-101161,1,WR-14,21,1121.4,23549.4
MC-101161,2,PL-30,30,1045.23,31356.9
MC-101162,1,WR-14,11,72.76,800.36
MC-101162,2,PL-30,6,68.41,410.46
MC-101162,3,BR-22,33,33.65,1110.45
MC-101163,1,ST-01,10,41.5,415.0
MC-101164,1,CS-77,15,1014.59,15218.85
MC-101164,2,WR-14,31,1678.76,52041.56
MC-101164,3,TL-09,6,1168.59,7011.54
MC-101164,4,CS-77,37,1989.16,73598.92
MC-101165,1,PL-31,25,160.24,4006.0
MC-101165,2,ST-02,37,245.78,9093.86
MC-101166,1,BR-22,26,279.07,7255.82
MC-101166,2,WR-14,33,214.17,7067.61
MC-101166,3,WR-14,32,218.31,6985.92
MC-101166,4,ST-01,13,248.99,3236.87
MC-101167,1,WR-14,15,36.65,549.75
MC-101167,2,WR-14,3,40.95,122.85
MC-101168,1,FN-11,14,1943.43,27208.02
MC-101168,2,FN-11,14,1839.2,25748.8
MC-101168,3,ST-02,6,1964.55,11787.3
MC-101169,1,ST-01,4,72.03,288.12
MC-101169,2,PL-30,8,63.82,510.56
MC-101170,1,TL-09,10,48.55,485.5
MC-101171,1,ST-01,21,814.4,17102.4
MC-101171,2,TL-09,1,756.33,756.33
MC-101172,1,ST-02,29,323.38,9378.02
MC-101172,2,TL-09,19,269.5,5120.5
MC-101172,3,BR-22,2,358.27,716.54
MC-101173,1,CS-77,18,253.45,4562.1
MC-101173,2,CS-77,22,372.48,8194.56
MC-101174,1,BR-22,26,140.72,3658.72
MC-101174,2,TL-09,36,255.29,9190.44
MC-101174,3,TL-09,13,157.24,2044.12
MC-101175,1,WR-14,10,385.38,3853.8
MC-101175,2,BR-22,27,301.42,8138.34
MC-101176,1,TL-09,15,1839.09,27586.35
MC-101176,2,ST-01,3,895.22,2685.66
MC-101177,1,ST-02,31,362.9,11249.9
MC-101177,2,CS-77,3,225.48,676.44
MC-101178,1,ST-01,13,57.7,750.1
MC-101178,2,PL-31,12,63.7,764.4
MC-101179,1,BR-22,13,275.98,3587.74
MC-101180,1,WR-14,12,244.06,2928.72
MC-101180,2,TL-09,25,213.24,5331.0
MC-101180,3,ST-02,31,206.98,6416.38
MC-101180,4,ST-02,23,158.85,3653.55
MC-101181,1,PL-31,19,705.18,13398.42
MC-101181,2,ST-02,2,528.45,1056.9
MC-101181,3,WR-14,10,806.51,8065.1
MC-101182,1,ST-02,18,61.67,1110.06
MC-101182,2,BR-22,19,63.96,1215.24
MC-101182,3,PL-31,29,54.31,1574.99
MC-101182,4,TL-09,4,43.02,172.08
MC-101183,1,WR-14,4,229.17,916.68
MC-101183,2,WR-14,16,164.29,2628.64
MC-101183,3,PL-30,37,144.0,5328.0
MC-101184,1,PL-30,34,695.26,23638.84
MC-101184,2,TL-09,10,679.57,6795.7
MC-101184,3,WR-14,21,384.1,8066.1
MC-101184,4,CS-77,8,727.58,5820.64
MC-101185,1,PL-30,39,790.95,30847.05
MC-101185,2,BR-22,39,586.68,22880.52
MC-101186,1,CS-77,31,304.55,9441.05
MC-101186,2,WR-14,15,273.8,4107.0
MC-101186,3,BR-22,26,221.52,5759.52
MC-101186,4,PL-30,39,323.06,12599.34
MC-101187,1,WR-14,31,156.63,4855.53
MC-101187,2,PL-30,11,211.28,2324.08
MC-101187,3,ST-02,28,198.71,5563.88
MC-101188,1,CS-77,21,381.42,8009.82
MC-101189,1,ST-02,33,246.33,8128.89
MC-101190,1,ST-01,14,1036.7,14513.8
MC-101190,2,FN-11,24,783.87,18812.88
MC-101190,3,PL-30,3,1331.01,3993.03
MC-101191,1,CS-77,17,1231.4,20933.8
MC-101191,2,PL-31,6,1018.79,6112.74
MC-101192,1,BR-22,15,1412.11,21181.65
MC-101192,2,CS-77,35,844.52,29558.2
MC-101193,1,WR-14,19,103.15,1959.85
MC-101193,2,TL-09,32,118.41,3789.12
MC-101193,3,PL-31,1,81.35,81.35
MC-101193,4,BR-22,27,66.66,1799.82
MC-101194,1,BR-22,19,88.54,1682.26
MC-101194,2,CS-77,25,76.47,1911.75
MC-101195,1,ST-02,26,88.25,2294.5
MC-101195,2,FN-11,26,103.0,2678.0
MC-101195,3,PL-30,33,70.08,2312.64
MC-101195,4,BR-22,15,51.64,774.6
MC-101196,1,ST-02,27,264.03,7128.81
MC-101197,1,BR-22,4,571.51,2286.04
MC-101197,2,BR-22,37,517.25,19138.25
MC-101197,3,WR-14,33,513.14,16933.62
MC-101197,4,PL-31,22,548.7,12071.4
MC-101198,1,PL-31,15,677.97,10169.55
MC-101198,2,WR-14,37,868.32,32127.84
MC-101198,3,WR-14,28,743.52,20818.56
MC-101199,1,PL-31,36,141.16,5081.76
MC-101199,2,WR-14,36,262.16,9437.76
MC-101199,3,WR-14,21,256.0,5376.0
MC-101199,4,PL-31,15,221.55,3323.25
MC-101200,1,BR-22,8,932.2,7457.6
MC-101200,2,ST-02,2,942.06,1884.12
MC-101201,1,CS-77,8,211.53,1692.24
MC-101202,1,BR-22,12,47.11,565.32
MC-101202,2,BR-22,14,46.73,654.22
MC-101202,3,ST-01,3,52.45,157.35
MC-101203,1,ST-02,26,832.45,21643.7
MC-101203,2,PL-31,19,619.89,11777.91
MC-101203,3,ST-01,14,725.69,10159.66
MC-101204,1,PL-31,26,72.72,1890.72
MC-101204,2,WR-14,31,47.01,1457.31
MC-101204,3,BR-22,14,35.03,490.42
MC-101204,4,TL-09,25,65.61,1640.25
MC-101205,1,BR-22,3,242.29,726.87
MC-101205,2,TL-09,37,244.26,9037.62
MC-101205,3,PL-30,2,218.2,436.4
MC-101205,4,WR-14,34,255.02,8670.68
MC-101206,1,TL-09,22,842.3,18530.6
MC-101206,2,WR-14,4,1111.13,4444.52
MC-101206,3,CS-77,11,1108.34,12191.74
MC-101207,1,FN-11,9,586.4,5277.6
MC-101207,2,ST-01,18,575.66,10361.88
MC-101207,3,ST-01,9,778.57,7007.13
MC-101208,1,FN-11,3,1408.68,4226.04
MC-101209,1,ST-01,17,967.48,16447.16
MC-101209,2,PL-30,5,943.29,4716.45
MC-101209,3,PL-31,4,846.78,3387.12
MC-101210,1,FN-11,19,95.8,1820.2
MC-101210,2,ST-01,24,55.66,1335.84
MC-101210,3,PL-30,4,91.68,366.72
MC-101210,4,FN-11,7,99.77,698.39
MC-101211,1,ST-02,28,937.4,26247.2
MC-101211,2,PL-31,33,1123.51,37075.83
MC-101211,3,TL-09,17,1022.07,17375.19
MC-101212,1,BR-22,28,854.04,23913.12
MC-101212,2,PL-31,13,542.62,7054.06
MC-101213,1,TL-09,2,434.44,868.88
MC-101213,2,TL-09,33,340.29,11229.57
MC-101213,3,TL-09,31,310.58,9627.98
MC-101213,4,PL-31,25,441.8,11045.0
MC-101214,1,ST-02,19,554.85,10542.15
MC-101214,2,PL-30,3,483.64,1450.92
MC-101215,1,PL-31,27,674.58,18213.66
MC-101215,2,FN-11,1,941.25,941.25
MC-101216,1,PL-31,38,173.31,6585.78
MC-101216,2,WR-14,13,276.74,3597.62
MC-101217,1,ST-02,25,92.48,2312.0
MC-101218,1,FN-11,12,791.94,9503.28
MC-101219,1,BR-22,12,80.02,960.24
MC-101220,1,ST-02,2,682.56,1365.12
MC-101221,1,PL-30,39,56.27,2194.53
MC-101221,2,TL-09,17,35.66,606.22
MC-101221,3,BR-22,23,46.11,1060.53
MC-101221,4,TL-09,21,52.72,1107.12
MC-101222,1,PL-31,31,1192.14,36956.34
MC-101222,2,FN-11,21,983.97,20663.37
MC-101222,3,PL-30,16,1308.5,20936.0
MC-101222,4,FN-11,21,1310.21,27514.41
MC-101223,1,FN-11,33,220.15,7264.95
MC-101223,2,PL-31,24,377.13,9051.12
MC-101223,3,CS-77,26,353.44,9189.44
MC-101224,1,ST-01,39,696.47,27162.33
MC-101224,2,CS-77,2,780.99,1561.98
MC-101224,3,PL-31,18,833.41,15001.38
MC-101225,1,ST-02,13,524.63,6820.19
MC-101225,2,FN-11,12,419.34,5032.08
MC-101225,3,ST-01,17,870.61,14800.37
MC-101225,4,WR-14,24,719.14,17259.36
MC-101226,1,CS-77,31,1197.51,37122.81
MC-101227,1,ST-02,22,1187.78,26131.16
MC-101227,2,CS-77,39,1141.02,44499.78
MC-101227,3,WR-14,14,1533.85,21473.9
MC-101227,4,TL-09,11,722.56,7948.16
MC-101228,1,PL-31,33,1213.23,40036.59
MC-101228,2,BR-22,29,890.62,25827.98
MC-101228,3,ST-01,16,800.57,12809.12
MC-101228,4,TL-09,36,1094.02,39384.72
MC-101229,1,WR-14,13,1217.36,15825.68
MC-101230,1,TL-09,4,1208.83,4835.32
MC-101230,2,ST-02,25,1288.51,32212.75
MC-101230,3,CS-77,16,1657.7,26523.2
MC-101230,4,BR-22,34,1060.85,36068.9
MC-101231,1,BR-22,29,186.83,5418.07
MC-101231,2,CS-77,6,244.81,1468.86
MC-101232,1,ST-01,3,631.99,1895.97
MC-101232,2,FN-11,30,861.76,25852.8
MC-101232,3,ST-02,6,404.34,2426.04
MC-101232,4,ST-02,25,514.31,12857.75
MC-101233,1,ST-01,39,577.21,22511.19
MC-101233,2,ST-02,28,678.55,18999.4
MC-101234,1,PL-31,27,198.67,5364.09
MC-101234,2,BR-22,14,247.11,3459.54
MC-101234,3,CS-77,8,372.36,2978.88
MC-101235,1,WR-14,35,70.16,2455.6
MC-101236,1,CS-77,22,410.82,9038.04
MC-101237,1,BR-22,22,484.5,10659.0
MC-101237,2,ST-01,13,419.5,5453.5
MC-101237,3,FN-11,5,448.45,2242.25
MC-101238,1,FN-11,8,150.99,1207.92
MC-101238,2,PL-31,26,280.98,7305.48
MC-101238,3,ST-01,5,160.51,802.55
MC-101239,1,CS-77,5,75.63,378.15
MC-101239,2,BR-22,28,108.05,3025.4
MC-101239,3,TL-09,19,70.22,1334.18
MC-101239,4,ST-01,11,74.71,821.81
MC-101240,1,PL-31,22,1332.07,29305.54
MC-101240,2,ST-01,21,836.9,17574.9
MC-101240,3,TL-09,30,615.95,18478.5
MC-101240,4,FN-11,4,1314.76,5259.04
MC-101241,1,CS-77,27,993.67,26829.09
MC-101242,1,BR-22,35,62.43,2185.05
MC-101242,2,BR-22,16,70.32,1125.12
MC-101242,3,WR-14,28,102.06,2857.68
MC-101242,4,ST-02,7,55.16,386.12
MC-101243,1,ST-02,36,623.38,22441.68
MC-101243,2,ST-02,20,759.91,15198.2
MC-101243,3,BR-22,2,615.73,1231.46
MC-101244,1,PL-30,18,90.34,1626.12
MC-101244,2,ST-01,19,81.68,1551.92
MC-101245,1,BR-22,12,215.62,2587.44
MC-101245,2,PL-31,16,300.9,4814.4
MC-101245,3,TL-09,30,301.09,9032.7
MC-101245,4,BR-22,25,272.99,6824.75
MC-101246,1,FN-11,14,1430.64,20028.96
MC-101246,2,BR-22,11,1283.25,14115.75
MC-101246,3,PL-31,39,1191.17,46455.63
MC-101247,1,ST-02,31,402.13,12466.03
MC-101247,2,ST-01,32,243.63,7796.16
MC-101247,3,ST-01,5,348.85,1744.25
MC-101248,1,BR-22,26,1486.94,38660.44
MC-101248,2,PL-31,15,1437.58,21563.7
MC-101249,1,TL-09,36,482.64,17375.04
MC-101249,2,ST-01,39,435.44,16982.16
MC-101250,1,WR-14,5,932.48,4662.4
MC-101251,1,CS-77,12,828.88,9946.56
MC-101252,1,TL-09,4,1877.68,7510.72
MC-101252,2,PL-31,37,1537.93,56903.41
MC-101253,1,PL-31,5,1076.32,5381.6
MC-101253,2,TL-09,39,1088.5,42451.5
MC-101253,3,PL-30,10,1124.36,11243.6
MC-101254,1,BR-22,28,65.66,1838.48
MC-101254,2,ST-01,22,104.79,2305.38
MC-101254,3,PL-31,38,59.07,2244.66
MC-101255,1,ST-01,33,96.85,3196.05
MC-101256,1,CS-77,17,956.88,16266.96
MC-101256,2,TL-09,31,1111.2,34447.2
MC-101257,1,PL-31,19,105.04,1995.76
MC-101257,2,CS-77,27,101.8,2748.6
MC-101257,3,WR-14,15,110.75,1661.25
MC-101258,1,PL-31,31,768.85,23834.35
MC-101258,2,ST-02,6,726.25,4357.5
MC-101258,3,BR-22,7,499.96,3499.72
MC-101259,1,CS-77,31,526.82,16331.42
MC-101260,1,PL-31,24,200.06,4801.44
MC-101260,2,FN-11,26,263.67,6855.42
MC-101260,3,FN-11,22,166.34,3659.48
MC-101260,4,ST-01,38,144.12,5476.56
MC-101261,1,BR-22,21,1941.76,40776.96
MC-101261,2,ST-01,14,1925.73,26960.22
MC-101261,3,PL-31,6,1038.2,6229.2
MC-101262,1,FN-11,11,1285.92,14145.12
MC-101262,2,ST-01,29,1201.54,34844.66
MC-101262,3,FN-11,8,1132.58,9060.64
MC-101262,4,BR-22,34,951.62,32355.08
MC-101263,1,TL-09,23,218.01,5014.23
MC-101263,2,ST-01,10,356.93,3569.3
MC-101263,3,FN-11,7,198.32,1388.24
MC-101264,1,FN-11,25,599.39,14984.75
MC-101265,1,ST-01,28,991.34,27757.52
MC-101265,2,ST-02,14,1433.31,20066.34
MC-101265,3,BR-22,31,942.04,29203.24
MC-101265,4,TL-09,19,1743.74,33131.06
MC-101266,1,PL-31,8,301.55,2412.4
MC-101266,2,FN-11,28,234.57,6567.96
MC-101267,1,TL-09,4,211.05,844.2
MC-101267,2,ST-02,5,434.52,2172.6
MC-101267,3,FN-11,13,343.12,4460.56
MC-101268,1,WR-14,34,237.67,8080.78
MC-101268,2,PL-30,28,265.44,7432.32
MC-101268,3,WR-14,23,208.36,4792.28
MC-101268,4,ST-02,37,330.79,12239.23
MC-101269,1,BR-22,26,965.44,25101.44
MC-101270,1,TL-09,20,94.82,1896.4
MC-101270,2,ST-01,14,56.26,787.64
MC-101271,1,PL-31,21,63.48,1333.08
MC-101272,1,WR-14,9,453.69,4083.21
MC-101272,2,CS-77,17,418.65,7117.05
MC-101272,3,BR-22,11,779.21,8571.31
MC-101273,1,TL-09,33,1561.37,51525.21
MC-101274,1,WR-14,36,252.73,9098.28
MC-101274,2,PL-30,5,221.6,1108.0
MC-101275,1,BR-22,5,59.92,299.6
MC-101276,1,BR-22,37,842.91,31187.67
MC-101276,2,FN-11,21,764.27,16049.67
MC-101277,1,WR-14,1,279.42,279.42
MC-101277,2,PL-31,9,397.92,3581.28
MC-101277,3,BR-22,26,197.58,5137.08
MC-101278,1,PL-31,4,630.18,2520.72
MC-101278,2,CS-77,14,610.39,8545.46
MC-101279,1,WR-14,8,231.66,1853.28
MC-101279,2,CS-77,13,240.01,3120.13
MC-101279,3,ST-02,36,239.31,8615.16
MC-101279,4,FN-11,2,192.51,385.02
MC-101280,1,PL-31,5,41.15,205.75
MC-101280,2,BR-22,5,73.72,368.6
MC-101281,1,PL-30,23,76.6,1761.8
MC-101281,2,ST-02,17,38.04,646.68
MC-101281,3,PL-30,32,43.87,1403.84
MC-101281,4,WR-14,34,45.63,1551.42
MC-101282,1,FN-11,36,1384.88,49855.68
MC-101283,1,CS-77,38,954.45,36269.1
MC-101283,2,CS-77,8,1649.77,13198.16
MC-101283,3,PL-30,25,1621.16,40529.0
MC-101284,1,FN-11,15,298.93,4483.95
MC-101284,2,FN-11,38,272.63,10359.94
MC-101284,3,CS-77,18,443.57,7984.26
MC-101284,4,WR-14,13,410.38,5334.94
MC-101285,1,PL-30,15,50.93,763.95
MC-101285,2,ST-01,34,56.19,1910.46
MC-101286,1,FN-11,30,438.12,13143.6
MC-101286,2,ST-02,19,234.77,4460.63
MC-101286,3,BR-22,32,286.86,9179.52
MC-101286,4,ST-01,39,432.4,16863.6
MC-101287,1,TL-09,2,394.14,788.28
MC-101288,1,BR-22,17,53.12,903.04
MC-101288,2,BR-22,38,77.89,2959.82
MC-101288,3,TL-09,24,84.9,2037.6
MC-101288,4,CS-77,15,67.66,1014.9
MC-101289,1,CS-77,8,580.65,4645.2
MC-101289,2,ST-01,2,465.34,930.68
MC-101289,3,FN-11,8,570.41,4563.28
MC-101290,1,BR-22,10,1599.27,15992.7
MC-101290,2,FN-11,21,876.05,18397.05
MC-101291,1,PL-31,35,49.76,1741.6
MC-101291,2,CS-77,24,50.76,1218.24
MC-101291,3,PL-31,5,46.61,233.05
MC-101292,1,WR-14,11,239.54,2634.94
MC-101292,2,ST-01,19,230.02,4370.38
MC-101292,3,TL-09,15,351.36,5270.4
MC-101292,4,FN-11,36,298.43,10743.48
MC-101293,1,BR-22,31,423.39,13125.09
MC-101293,2,PL-31,37,278.62,10308.94
MC-101293,3,WR-14,22,307.29,6760.38
MC-101293,4,ST-01,2,268.61,537.22
MC-101294,1,PL-30,14,1198.78,16782.92
MC-101294,2,BR-22,38,1370.15,52065.7
MC-101294,3,ST-02,14,1064.16,14898.24
MC-101295,1,BR-22,7,227.85,1594.95
MC-101295,2,TL-09,19,291.92,5546.48
MC-101296,1,PL-31,32,97.18,3109.76
MC-101296,2,WR-14,21,103.55,2174.55
MC-101296,3,PL-31,9,105.46,949.14
MC-101297,1,ST-02,14,290.37,4065.18
MC-101297,2,PL-30,22,296.5,6523.0
MC-101297,3,CS-77,33,398.28,13143.24
MC-101298,1,TL-09,16,522.68,8362.88
MC-101298,2,PL-30,4,633.15,2532.6
MC-101298,3,BR-22,15,750.43,11256.45
MC-101298,4,BR-22,33,524.78,17317.74
MC-101299,1,WR-14,33,233.29,7698.57
MC-101299,2,WR-14,9,193.67,1743.03
MC-101299,3,PL-31,29,190.73,5531.17
MC-101300,1,TL-09,27,879.3,23741.1
MC-101300,2,FN-11,35,1090.95,38183.25
MC-101300,3,CS-77,10,881.45,8814.5
MC-101300,4,ST-01,18,1116.26,20092.68
MC-101301,1,CS-77,26,1549.47,40286.22
MC-101302,1,TL-09,38,704.01,26752.38
MC-101302,2,TL-09,14,743.04,10402.56
MC-101302,3,CS-77,5,693.3,3466.5
MC-101302,4,BR-22,37,649.1,24016.7
MC-101303,1,BR-22,35,115.72,4050.2
MC-101303,2,ST-01,23,81.06,1864.38
MC-101304,1,CS-77,38,51.38,1952.44
MC-101305,1,CS-77,26,43.67,1135.42
MC-101305,2,ST-01,39,70.11,2734.29
MC-101305,3,PL-31,1,59.34,59.34
MC-101305,4,ST-02,35,36.96,1293.6
MC-101306,1,ST-01,19,256.65,4876.35
MC-101307,1,ST-01,11,312.04,3432.44
MC-101307,2,TL-09,1,432.71,432.71
MC-101307,3,TL-09,32,373.26,11944.32
MC-101308,1,PL-31,20,1013.9,20278.0
MC-101308,2,FN-11,9,1361.61,12254.49
MC-101309,1,FN-11,1,82.35,82.35
MC-101309,2,FN-11,25,116.29,2907.25
MC-101309,3,ST-01,7,83.51,584.57
MC-101310,1,PL-31,18,163.43,2941.74
MC-101310,2,TL-09,35,227.19,7951.65
MC-101310,3,TL-09,32,152.31,4873.92
MC-101311,1,BR-22,24,449.8,10795.2
MC-101311,2,BR-22,35,598.13,20934.55
MC-101311,3,FN-11,16,528.4,8454.4
MC-101312,1,TL-09,29,53.98,1565.42
MC-101312,2,TL-09,21,72.27,1517.67
MC-101312,3,FN-11,17,72.72,1236.24
MC-101312,4,ST-01,20,69.05,1381.0
MC-101313,1,PL-31,15,191.11,2866.65
MC-101313,2,CS-77,28,191.72,5368.16
MC-101313,3,PL-30,30,196.36,5890.8
MC-101314,1,ST-01,37,1079.17,39929.29
MC-101314,2,ST-02,14,1151.68,16123.52
MC-101315,1,PL-31,13,260.14,3381.82
MC-101316,1,PL-31,20,1256.07,25121.4
MC-101316,2,PL-31,17,1269.59,21583.03
MC-101316,3,ST-02,25,1631.37,40784.25
MC-101316,4,PL-30,28,1050.08,29402.24
MC-101317,1,ST-02,11,844.73,9292.03
MC-101317,2,TL-09,19,1427.1,27114.9
MC-101317,3,ST-01,26,870.38,22629.88
MC-101317,4,PL-30,21,1163.76,24438.96
MC-101318,1,TL-09,34,133.91,4552.94
MC-101318,2,ST-01,35,153.8,5383.0
MC-101318,3,PL-31,11,252.03,2772.33
MC-101318,4,FN-11,39,180.05,7021.95
MC-101319,1,ST-01,21,814.53,17105.13
MC-101319,2,ST-02,20,1625.87,32517.4
MC-101320,1,FN-11,17,655.36,11141.12
MC-101320,2,BR-22,12,1218.83,14625.96
MC-101320,3,WR-14,24,1207.78,28986.72
MC-101320,4,PL-30,30,1073.67,32210.1
MC-101321,1,ST-01,3,96.52,289.56
MC-101321,2,ST-01,15,51.48,772.2
MC-101321,3,TL-09,17,61.29,1041.93
MC-101322,1,BR-22,25,72.44,1811.0
MC-101323,1,ST-01,21,295.06,6196.26
MC-101323,2,BR-22,16,388.8,6220.8
MC-101323,3,BR-22,35,296.01,10360.35
MC-101324,1,BR-22,20,64.5,1290.0
MC-101324,2,ST-02,21,59.49,1249.29
MC-101325,1,ST-02,1,882.45,882.45
MC-101326,1,PL-31,6,60.95,365.7
MC-101327,1,PL-30,36,105.45,3796.2
MC-101327,2,PL-31,17,58.3,991.1
MC-101328,1,TL-09,34,681.6,23174.4
MC-101329,1,FN-11,18,259.02,4662.36
MC-101329,2,TL-09,20,223.58,4471.6
MC-101330,1,WR-14,24,771.76,18522.24
MC-101330,2,ST-02,2,728.49,1456.98
MC-101331,1,ST-01,39,1653.73,64495.47
MC-101331,2,BR-22,19,1686.17,32037.23
MC-101331,3,ST-01,32,1788.89,57244.48
MC-101331,4,TL-09,39,1839.32,71733.48
MC-101332,1,PL-31,20,64.29,1285.8
MC-101333,1,BR-22,25,1040.88,26022.0
MC-101333,2,FN-11,5,823.25,4116.25
MC-101334,1,FN-11,3,266.44,799.32
MC-101334,2,CS-77,12,141.24,1694.88
MC-101334,3,ST-02,24,190.51,4572.24
MC-101334,4,FN-11,19,194.05,3686.95
MC-101335,1,WR-14,20,1567.57,31351.4
MC-101335,2,CS-77,15,1306.43,19596.45
MC-101335,3,FN-11,19,1842.75,35012.25
MC-101336,1,TL-09,33,1814.87,59890.71
MC-101337,1,ST-02,18,644.56,11602.08
MC-101337,2,ST-02,16,992.6,15881.6
MC-101337,3,PL-30,29,732.99,21256.71
MC-101338,1,CS-77,29,62.15,1802.35
MC-101339,1,CS-77,24,302.84,7268.16
MC-101340,1,CS-77,38,43.3,1645.4
MC-101340,2,FN-11,22,37.28,820.16
MC-101340,3,TL-09,29,76.16,2208.64
MC-101341,1,ST-02,37,45.65,1689.05
MC-101342,1,ST-01,14,1348.5,18879.0
MC-101342,2,ST-02,39,779.5,30400.5
MC-101342,3,BR-22,3,1611.52,4834.56
MC-101342,4,FN-11,10,1271.17,12711.7
MC-101343,1,TL-09,10,60.39,603.9
MC-101343,2,ST-01,29,80.55,2335.95
MC-101343,3,WR-14,25,87.93,2198.25
MC-101344,1,ST-02,1,116.03,116.03
MC-101344,2,TL-09,4,92.31,369.24
MC-101344,3,WR-14,21,62.3,1308.3
MC-101344,4,PL-31,2,52.57,105.14
MC-101345,1,TL-09,14,1728.2,24194.8
MC-101345,2,ST-01,7,1840.27,12881.89
MC-101345,3,CS-77,23,2026.84,46617.32
MC-101346,1,CS-77,35,42.84,1499.4
MC-101346,2,ST-02,1,57.88,57.88
MC-101346,3,WR-14,36,71.09,2559.24
MC-101347,1,ST-01,21,810.79,17026.59
MC-101347,2,PL-30,1,1188.62,1188.62
MC-101347,3,PL-31,15,845.61,12684.15
MC-101347,4,PL-30,36,1273.48,45845.28
MC-101348,1,TL-09,4,144.43,577.72
MC-101349,1,PL-30,20,1361.89,27237.8
MC-101349,2,WR-14,15,1624.61,24369.15
MC-101349,3,FN-11,33,1373.0,45309.0
MC-101349,4,BR-22,22,1112.63,24477.86
MC-101350,1,FN-11,2,1598.87,3197.74
MC-101351,1,ST-02,2,393.28,786.56
MC-101351,2,ST-02,35,418.86,14660.1
MC-101351,3,FN-11,28,336.88,9432.64
MC-101352,1,TL-09,18,940.81,16934.58
MC-101353,1,ST-01,37,734.08,27160.96
MC-101353,2,TL-09,29,880.41,25531.89
MC-101353,3,PL-30,11,497.98,5477.78
MC-101354,1,BR-22,6,220.87,1325.22
MC-101354,2,FN-11,32,418.17,13381.44
MC-101354,3,FN-11,3,340.81,1022.43
MC-101355,1,ST-01,26,202.46,5263.96
MC-101355,2,FN-11,32,143.74,4599.68
MC-101355,3,FN-11,26,177.24,4608.24
MC-101355,4,ST-01,34,259.85,8834.9
MC-101356,1,ST-02,1,1134.61,1134.61
MC-101356,2,PL-31,38,1405.49,53408.62
MC-101356,3,ST-02,28,1480.24,41446.72
MC-101356,4,TL-09,32,930.58,29778.56
MC-101357,1,FN-11,34,387.07,13160.38
MC-101358,1,CS-77,36,735.89,26492.04
MC-101358,2,FN-11,29,805.94,23372.26
MC-101358,3,PL-31,31,808.29,25056.99
MC-101359,1,CS-77,34,72.2,2454.8
MC-101360,1,PL-30,2,96.4,192.8
MC-101360,2,BR-22,27,74.9,2022.3
MC-101360,3,ST-01,33,60.84,2007.72
MC-101361,1,ST-02,8,44.74,357.92
MC-101361,2,CS-77,21,41.11,863.31
MC-101362,1,TL-09,27,96.89,2616.03
MC-101363,1,BR-22,30,1260.96,37828.8
MC-101363,2,TL-09,25,1282.89,32072.25
MC-101364,1,ST-01,22,1220.51,26851.22
MC-101364,2,WR-14,24,1327.21,31853.04
MC-101364,3,TL-09,24,1501.38,36033.12
MC-101365,1,ST-02,8,290.7,2325.6
MC-101366,1,PL-30,9,1115.87,10042.83
MC-101366,2,BR-22,3,1327.52,3982.56
MC-101367,1,ST-01,1,63.03,63.03
MC-101368,1,PL-30,14,1702.2,23830.8
MC-101368,2,PL-31,8,1921.12,15368.96
MC-101369,1,ST-01,10,629.19,6291.9
MC-101370,1,CS-77,1,1340.11,1340.11
MC-101370,2,CS-77,2,1408.66,2817.32
MC-101370,3,PL-30,10,1925.0,19250.0
MC-101371,1,CS-77,39,415.48,16203.72
MC-101372,1,ST-01,8,42.59,340.72
MC-101372,2,WR-14,2,50.03,100.06
MC-101372,3,PL-30,33,69.83,2304.39
MC-101372,4,PL-30,1,60.99,60.99
MC-101373,1,ST-02,30,738.98,22169.4
MC-101373,2,FN-11,10,473.13,4731.3
MC-101373,3,PL-31,2,387.24,774.48
MC-101374,1,FN-11,2,76.02,152.04
MC-101374,2,BR-22,3,83.07,249.21
MC-101374,3,PL-31,11,116.52,1281.72
MC-101374,4,TL-09,26,72.63,1888.38
MC-101375,1,PL-31,19,58.49,1111.31
MC-101375,2,FN-11,25,74.35,1858.75
MC-101375,3,PL-30,31,36.45,1129.95
MC-101375,4,WR-14,29,46.51,1348.79
MC-101376,1,PL-30,9,52.8,475.2
MC-101376,2,CS-77,13,55.35,719.55
MC-101376,3,BR-22,38,118.74,4512.12
MC-101377,1,PL-30,16,820.73,13131.68
MC-101377,2,FN-11,3,1354.24,4062.72
MC-101378,1,FN-11,20,1214.53,24290.6
MC-101378,2,BR-22,1,1887.85,1887.85
MC-101379,1,PL-30,28,1893.23,53010.44
MC-101379,2,TL-09,32,1441.14,46116.48
MC-101380,1,PL-30,22,182.78,4021.16
MC-101380,2,CS-77,2,211.41,422.82
MC-101381,1,CS-77,16,536.06,8576.96
MC-101381,2,WR-14,19,657.59,12494.21
MC-101381,3,CS-77,5,429.4,2147.0
MC-101381,4,PL-30,30,481.64,14449.2
MC-101382,1,ST-01,36,530.24,19088.64
MC-101382,2,ST-01,31,484.94,15033.14
MC-101383,1,BR-22,21,156.26,3281.46
MC-101384,1,ST-02,17,1458.99,24802.83
MC-101385,1,TL-09,31,84.05,2605.55
MC-101385,2,TL-09,32,77.02,2464.64
MC-101386,1,CS-77,23,769.23,17692.29
MC-101386,2,BR-22,4,1154.54,4618.16
MC-101386,3,BR-22,18,1145.6,20620.8
MC-101387,1,BR-22,14,384.52,5383.28
MC-101387,2,BR-22,33,215.91,7125.03
MC-101387,3,BR-22,1,268.97,268.97
MC-101388,1,BR-22,21,1719.01,36099.21
MC-101389,1,WR-14,28,442.49,12389.72
MC-101390,1,FN-11,25,657.37,16434.25
MC-101390,2,CS-77,26,1078.93,28052.18
MC-101390,3,TL-09,2,769.31,1538.62
MC-101391,1,PL-30,37,235.85,8726.45
MC-101391,2,BR-22,5,240.31,1201.55
MC-101391,3,BR-22,14,211.09,2955.26
MC-101392,1,BR-22,1,70.05,70.05
MC-101392,2,ST-02,14,87.73,1228.22
MC-101392,3,FN-11,16,79.74,1275.84
MC-101392,4,CS-77,31,64.71,2006.01
MC-101393,1,PL-31,5,76.89,384.45
MC-101393,2,PL-31,21,63.68,1337.28
MC-101393,3,BR-22,9,89.37,804.33
MC-101394,1,ST-02,20,752.01,15040.2
MC-101394,2,WR-14,21,628.43,13197.03
MC-101395,1,ST-02,38,104.11,3956.18
MC-101396,1,TL-09,23,1756.63,40402.49
MC-101396,2,PL-31,28,1217.17,34080.76
MC-101396,3,BR-22,7,1928.56,13499.92
MC-101396,4,TL-09,15,1968.85,29532.75
MC-101397,1,ST-01,35,231.89,8116.15
MC-101397,2,CS-77,36,176.13,6340.68
MC-101397,3,TL-09,14,240.14,3361.96
MC-101397,4,BR-22,24,207.36,4976.64
MC-101398,1,WR-14,13,40.99,532.87
MC-101398,2,ST-01,19,39.06,742.14
MC-101399,1,FN-11,7,445.36,3117.52
MC-101399,2,ST-02,25,498.62,12465.5
MC-101399,3,BR-22,20,590.83,11816.6
MC-101400,1,TL-09,22,1621.45,35671.9
MC-101400,2,ST-02,7,832.38,5826.66
MC-101400,3,PL-31,37,1116.83,41322.71
MC-101401,1,WR-14,39,52.25,2037.75
MC-101401,2,CS-77,29,62.57,1814.53
MC-101401,3,PL-30,13,70.7,919.1
MC-101401,4,ST-01,39,33.67,1313.13
MC-101402,1,TL-09,33,1161.96,38344.68
MC-101402,2,FN-11,13,666.99,8670.87
MC-101403,1,ST-01,39,281.57,10981.23
MC-101403,2,BR-22,9,383.22,3448.98
MC-101404,1,FN-11,20,1471.24,29424.8
MC-101405,1,WR-14,14,73.96,1035.44
MC-101406,1,CS-77,8,63.89,511.12
MC-101406,2,ST-01,20,62.56,1251.2
MC-101406,3,PL-31,16,61.23,979.68
MC-101406,4,WR-14,18,56.39,1015.02
MC-101407,1,CS-77,37,689.42,25508.54
MC-101407,2,ST-01,6,972.79,5836.74
MC-101407,3,ST-01,27,1297.61,35035.47
MC-101408,1,WR-14,37,46.9,1735.3
MC-101408,2,WR-14,16,37.13,594.08
MC-101408,3,ST-01,23,43.12,991.76
MC-101408,4,WR-14,12,42.31,507.72
MC-101409,1,PL-30,30,881.52,26445.6
MC-101409,2,ST-02,14,667.43,9344.02
MC-101409,3,TL-09,17,1277.2,21712.4
MC-101409,4,FN-11,2,1160.22,2320.44
MC-101410,1,BR-22,35,1765.52,61793.2
MC-101410,2,CS-77,2,1091.03,2182.06
MC-101410,3,ST-01,35,1901.53,66553.55
MC-101410,4,FN-11,3,1800.48,5401.44
MC-101411,1,PL-30,10,112.79,1127.9
MC-101411,2,ST-02,6,57.0,342.0
MC-101412,1,WR-14,28,849.34,23781.52
MC-101412,2,TL-09,23,849.06,19528.38
MC-101412,3,PL-31,2,590.93,1181.86
MC-101412,4,CS-77,26,892.14,23195.64
MC-101413,1,PL-30,32,198.44,6350.08
MC-101413,2,TL-09,31,334.01,10354.31
MC-101413,3,ST-01,23,414.26,9527.98
MC-101413,4,FN-11,27,316.46,8544.42
MC-101414,1,WR-14,34,416.8,14171.2
MC-101414,2,CS-77,12,319.94,3839.28
MC-101415,1,BR-22,1,1316.14,1316.14
MC-101415,2,BR-22,8,1964.4,15715.2
MC-101415,3,ST-02,30,1999.46,59983.8
MC-101415,4,ST-01,11,1380.98,15190.78
MC-101416,1,BR-22,17,965.88,16419.96
MC-101416,2,ST-01,38,1293.04,49135.52
MC-101417,1,ST-02,38,415.66,15795.08
MC-101417,2,PL-31,22,197.55,4346.1
MC-101417,3,PL-30,19,352.05,6688.95
MC-101418,1,BR-22,17,151.71,2579.07
MC-101418,2,CS-77,23,161.85,3722.55
MC-101419,1,TL-09,1,1676.39,1676.39
MC-101419,2,TL-09,30,1322.78,39683.4
MC-101419,3,PL-30,29,1245.04,36106.16
MC-101420,1,ST-01,20,70.65,1413.0
MC-101420,2,BR-22,23,88.89,2044.47
MC-101420,3,ST-01,29,84.58,2452.82
MC-101420,4,CS-77,33,76.34,2519.22
MC-101421,1,WR-14,35,163.84,5734.4
MC-101421,2,CS-77,26,247.83,6443.58
MC-101421,3,CS-77,37,138.0,5106.0
MC-101422,1,TL-09,31,1272.4,39444.4
MC-101422,2,ST-02,6,1279.54,7677.24
MC-101422,3,ST-02,31,828.97,25698.07
MC-101423,1,ST-02,28,920.72,25780.16
MC-101423,2,WR-14,11,802.0,8822.0
MC-101423,3,PL-30,8,780.65,6245.2
MC-101423,4,BR-22,4,1137.23,4548.92
MC-101424,1,PL-30,12,724.99,8699.88
MC-101424,2,BR-22,9,1217.89,10961.01
MC-101424,3,TL-09,8,760.8,6086.4
MC-101424,4,TL-09,17,945.89,16080.13
MC-101425,1,BR-22,26,445.42,11580.92
MC-101426,1,PL-30,37,536.62,19854.94
MC-101426,2,PL-30,4,550.43,2201.72
MC-101426,3,PL-30,5,793.38,3966.9
MC-101427,1,CS-77,17,675.02,11475.34
MC-101427,2,ST-01,5,487.61,2438.05
MC-101427,3,PL-30,33,487.22,16078.26
MC-101427,4,ST-01,27,835.41,22556.07
MC-101428,1,PL-31,5,652.56,3262.8
MC-101428,2,BR-22,31,736.17,22821.27
MC-101428,3,BR-22,27,811.89,21921.03
MC-101429,1,WR-14,17,1484.94,25243.98
MC-101429,2,CS-77,22,1551.38,34130.36
MC-101429,3,PL-30,21,1912.28,40157.88
MC-101430,1,CS-77,31,175.96,5454.76
MC-101430,2,CS-77,1,192.55,192.55
MC-101430,3,FN-11,37,148.84,5507.08
MC-101431,1,BR-22,38,96.31,3659.78
MC-101431,2,PL-31,17,115.53,1964.01
MC-101431,3,BR-22,11,101.81,1119.91
MC-101432,1,FN-11,24,522.68,12544.32
MC-101433,1,ST-01,30,72.77,2183.1
MC-101433,2,PL-30,24,111.69,2680.56
MC-101433,3,WR-14,31,76.57,2373.67
MC-101433,4,FN-11,11,59.81,657.91
MC-101434,1,BR-22,5,129.49,647.45
MC-101434,2,TL-09,5,253.78,1268.9
MC-101434,3,BR-22,38,211.63,8041.94
MC-101434,4,BR-22,24,238.23,5717.52
MC-101435,1,CS-77,25,74.13,1853.25
MC-101435,2,BR-22,30,43.76,1312.8
MC-101436,1,PL-31,4,49.94,199.76
MC-101437,1,ST-01,1,846.99,846.99
MC-101437,2,CS-77,35,482.41,16884.35
MC-101437,3,WR-14,4,641.05,2564.2
MC-101437,4,PL-30,6,819.31,4915.86
MC-101438,1,WR-14,22,978.93,21536.46
MC-101438,2,CS-77,19,2005.89,38111.91
MC-101438,3,WR-14,31,872.44,27045.64
MC-101439,1,PL-30,37,87.26,3228.62
MC-101439,2,PL-30,38,56.69,2154.22
MC-101440,1,PL-30,1,768.17,768.17
MC-101441,1,CS-77,22,355.11,7812.42
MC-101441,2,ST-01,13,224.47,2918.11
MC-101441,3,PL-31,20,379.91,7598.2
MC-101442,1,PL-30,36,446.75,16083.0
MC-101443,1,PL-31,17,785.88,13359.96
MC-101443,2,BR-22,10,1233.45,12334.5
MC-101443,3,ST-02,33,1522.81,50252.73
MC-101443,4,FN-11,8,1410.08,11280.64
MC-101444,1,TL-09,17,1094.3,18603.1
MC-101445,1,PL-31,9,46.85,421.65
MC-101445,2,ST-01,31,41.52,1287.12
MC-101445,3,FN-11,9,58.94,530.46
MC-101445,4,TL-09,36,63.87,2299.32
MC-101446,1,PL-30,29,52.46,1521.34
MC-101446,2,WR-14,7,58.74,411.18
MC-101446,3,TL-09,18,110.19,1983.42
MC-101446,4,CS-77,34,106.31,3614.54
MC-101447,1,ST-02,5,88.25,441.25
MC-101448,1,ST-02,32,55.45,1774.4
MC-101448,2,PL-30,7,53.33,373.31
MC-101449,1,CS-77,34,980.66,33342.44
MC-101450,1,PL-30,16,1416.62,22665.92
MC-101450,2,PL-30,35,1113.08,38957.8
MC-101451,1,WR-14,3,998.5,2995.5
MC-101451,2,ST-01,11,1340.6,14746.6
MC-101451,3,FN-11,35,1097.54,38413.9
MC-101451,4,TL-09,27,1879.15,50737.05
MC-101452,1,CS-77,1,270.26,270.26
MC-101452,2,CS-77,19,259.63,4932.97
MC-101453,1,TL-09,16,831.99,13311.84
MC-101453,2,ST-02,13,811.06,10543.78
MC-101453,3,ST-01,23,711.26,16358.98
MC-101453,4,ST-01,33,817.33,26971.89
MC-101454,1,BR-22,38,1517.61,57669.18
MC-101455,1,BR-22,11,293.55,3229.05
MC-101455,2,WR-14,15,179.87,2698.05
MC-101455,3,FN-11,21,283.07,5944.47
MC-101455,4,FN-11,26,127.86,3324.36
MC-101456,1,PL-31,18,362.9,6532.2
MC-101456,2,WR-14,27,328.08,8858.16
MC-101456,3,TL-09,23,255.67,5880.41
MC-101456,4,BR-22,27,360.75,9740.25
MC-101457,1,ST-01,22,804.59,17700.98
MC-101457,2,PL-31,30,1224.65,36739.5
MC-101458,1,ST-02,16,221.52,3544.32
MC-101458,2,CS-77,19,325.06,6176.14
MC-101458,3,WR-14,15,312.11,4681.65
MC-101459,1,WR-14,37,265.8,9834.6
MC-101459,2,PL-31,26,135.45,3521.7
MC-101459,3,PL-31,30,220.22,6606.6
MC-101460,1,TL-09,21,101.53,2132.13
MC-101460,2,WR-14,2,63.39,126.78
MC-101460,3,WR-14,32,116.01,3712.32
MC-101461,1,ST-01,13,185.41,2410.33
MC-101461,2,ST-02,10,159.01,1590.1
MC-101461,3,ST-01,17,244.91,4163.47
MC-101461,4,WR-14,32,218.74,6999.68
MC-101462,1,ST-02,24,1289.34,30944.16
MC-101462,2,FN-11,31,973.73,30185.63
MC-101463,1,TL-09,12,68.65,823.8
MC-101464,1,TL-09,17,63.09,1072.53
MC-101464,2,FN-11,29,117.37,3403.73
MC-101464,3,WR-14,19,106.72,2027.68
MC-101464,4,FN-11,3,87.88,263.64
MC-101465,1,PL-31,19,1439.83,27356.77
MC-101465,2,WR-14,1,1328.53,1328.53
MC-101466,1,ST-02,23,309.2,7111.6
MC-101467,1,ST-02,28,302.84,8479.52
MC-101467,2,ST-01,22,202.01,4444.22
MC-101468,1,TL-09,5,680.45,3402.25
MC-101468,2,CS-77,19,958.47,18210.93
MC-101468,3,ST-02,15,1028.92,15433.8
MC-101469,1,ST-01,36,1379.47,49660.92
MC-101469,2,BR-22,13,1044.27,13575.51
MC-101470,1,PL-30,7,77.49,542.43
MC-101470,2,ST-01,12,63.66,763.92
MC-101470,3,ST-02,14,108.19,1514.66
MC-101470,4,WR-14,1,70.61,70.61
MC-101471,1,CS-77,28,1947.59,54532.52
MC-101471,2,ST-01,26,1101.26,28632.76
MC-101471,3,ST-02,21,1993.31,41859.51
MC-101472,1,ST-02,19,702.65,13350.35
MC-101472,2,TL-09,23,778.33,17901.59
MC-101472,3,ST-01,35,605.91,21206.85
MC-101473,1,BR-22,23,58.66,1349.18
MC-101474,1,BR-22,3,79.6,238.8
MC-101474,2,ST-02,35,74.04,2591.4
MC-101474,3,PL-31,3,77.67,233.01
MC-101475,1,ST-02,28,928.31,25992.68
MC-101475,2,FN-11,11,1394.26,15336.86
MC-101475,3,FN-11,4,1198.6,4794.4
MC-101476,1,WR-14,29,1140.29,33068.41
MC-101476,2,FN-11,38,908.18,34510.84
MC-101476,3,BR-22,17,977.88,16623.96
MC-101476,4,CS-77,32,974.9,31196.8
MC-101477,1,ST-02,6,719.55,4317.3
MC-101477,2,PL-31,20,1030.58,20611.6
MC-101478,1,PL-31,19,1227.96,23331.24
MC-101478,2,BR-22,17,653.32,11106.44
MC-101479,1,BR-22,31,378.15,11722.65
MC-101479,2,BR-22,15,269.41,4041.15
MC-101480,1,CS-77,9,771.57,6944.13
MC-101481,1,TL-09,5,84.31,421.55
MC-101481,2,TL-09,23,79.55,1829.65
MC-101481,3,WR-14,38,56.29,2139.02
MC-101482,1,ST-01,33,1917.17,63266.61
MC-101482,2,FN-11,23,2013.45,46309.35
MC-101482,3,ST-02,16,1449.7,23195.2
MC-101483,1,BR-22,20,241.97,4839.4
MC-101484,1,PL-31,16,1293.44,20695.04
MC-101484,2,ST-01,22,754.8,16605.6
MC-101484,3,BR-22,8,1276.18,10209.44
MC-101484,4,ST-02,21,1015.29,21321.09
MC-101485,1,WR-14,31,62.77,1945.87
MC-101485,2,FN-11,19,42.69,811.11
MC-101485,3,FN-11,36,73.83,2657.88
MC-101486,1,TL-09,25,885.56,22139.0
MC-101486,2,PL-31,17,1222.07,20775.19
MC-101486,3,CS-77,16,1450.05,23200.8
MC-101486,4,PL-31,30,828.18,24845.4
MC-101487,1,TL-09,9,151.05,1359.45
MC-101487,2,PL-31,22,173.41,3815.02
MC-101487,3,PL-31,38,163.95,6230.1
MC-101487,4,TL-09,30,206.34,6190.2
MC-101488,1,ST-01,10,1509.92,15099.2
MC-101489,1,TL-09,6,1955.5,11733.0
MC-101489,2,FN-11,22,1422.29,31290.38
MC-101489,3,PL-31,29,1274.26,36953.54
MC-101489,4,CS-77,8,1267.28,10138.24
MC-101490,1,TL-09,24,72.2,1732.8
MC-101490,2,CS-77,25,58.65,1466.25
MC-101490,3,PL-30,33,39.35,1298.55
MC-101491,1,PL-30,31,1084.74,33626.94
MC-101491,2,BR-22,21,768.28,16133.88
MC-101492,1,WR-14,28,763.28,21371.84
MC-101493,1,CS-77,39,34.15,1331.85
MC-101493,2,WR-14,15,34.59,518.85
MC-101493,3,TL-09,39,59.71,2328.69
MC-101494,1,PL-31,23,876.98,20170.54
MC-101495,1,CS-77,15,1673.36,25100.4
MC-101495,2,TL-09,36,1656.93,59649.48
MC-101495,3,ST-02,28,1524.47,42685.16
MC-101496,1,TL-09,29,765.97,22213.13
MC-101496,2,TL-09,16,884.34,14149.44
MC-101496,3,FN-11,10,386.1,3861.0
MC-101497,1,ST-02,26,76.71,1994.46
MC-101497,2,WR-14,21,69.74,1464.54
MC-101497,3,ST-02,11,63.85,702.35
MC-101498,1,ST-01,2,56.44,112.88
MC-101498,2,BR-22,31,40.87,1266.97
MC-101499,1,PL-30,10,92.44,924.4
MC-101500,1,FN-11,11,1260.07,13860.77
MC-101501,1,FN-11,22,1486.72,32707.84
MC-101501,2,ST-01,35,1641.25,57443.75
MC-101501,3,PL-31,3,1599.11,4797.33
MC-101502,1,ST-02,16,1551.72,24827.52
MC-101503,1,WR-14,4,53.55,214.2
MC-101503,2,ST-02,26,71.02,1846.52
MC-101503,3,PL-30,35,37.01,1295.35
MC-101503,4,FN-11,25,33.19,829.75
MC-101504,1,WR-14,24,942.37,22616.88
MC-101504,2,BR-22,33,1251.04,41284.32
MC-101505,1,WR-14,29,60.84,1764.36
MC-101506,1,ST-02,28,69.36,1942.08
MC-101506,2,BR-22,8,59.8,478.4
MC-101506,3,CS-77,24,53.91,1293.84
MC-101507,1,PL-30,31,60.92,1888.52
MC-101507,2,ST-02,3,63.44,190.32
MC-101508,1,PL-30,33,217.54,7178.82
MC-101508,2,ST-02,18,246.07,4429.26
MC-101509,1,TL-09,13,447.09,5812.17
MC-101509,2,CS-77,31,279.4,8661.4
MC-101509,3,ST-01,1,245.26,245.26
MC-101509,4,FN-11,6,329.87,1979.22
MC-101510,1,ST-01,3,613.01,1839.03
MC-101510,2,CS-77,23,443.69,10204.87
MC-101510,3,ST-02,15,601.97,9029.55
MC-101510,4,WR-14,18,406.17,7311.06
MC-101511,1,TL-09,27,150.67,4068.09
MC-101511,2,TL-09,32,281.88,9020.16
MC-101511,3,PL-30,34,161.13,5478.42
MC-101511,4,CS-77,28,243.48,6817.44
MC-101512,1,FN-11,11,288.32,3171.52
MC-101512,2,ST-01,23,372.45,8566.35
MC-101512,3,PL-30,34,317.37,10790.58
MC-101512,4,TL-09,26,307.31,7990.06
MC-101513,1,PL-31,1,1690.26,1690.26
MC-101513,2,PL-31,28,993.05,27805.4
MC-101513,3,ST-02,27,1258.61,33982.47
MC-101514,1,ST-01,36,105.9,3812.4
MC-101514,2,ST-01,22,61.89,1361.58
MC-101515,1,FN-11,7,77.41,541.87
MC-101516,1,BR-22,9,42.02,378.18
MC-101516,2,PL-30,26,48.04,1249.04
MC-101517,1,PL-30,11,36.23,398.53
MC-101517,2,PL-30,4,71.17,284.68
MC-101517,3,PL-30,2,65.21,130.42
MC-101518,1,CS-77,19,1260.96,23958.24
MC-101518,2,ST-01,26,1508.76,39227.76
MC-101519,1,ST-02,21,1380.91,28999.11
MC-101519,2,WR-14,38,1509.48,57360.24
MC-101519,3,BR-22,5,1164.3,5821.5
MC-101519,4,CS-77,5,977.3,4886.5
MC-101520,1,CS-77,28,240.24,6726.72
MC-101521,1,TL-09,24,190.73,4577.52
MC-101521,2,BR-22,22,186.98,4113.56
MC-101522,1,PL-31,28,253.78,7105.84
MC-101522,2,PL-31,29,260.56,7556.24
MC-101522,3,TL-09,3,260.47,781.41
MC-101523,1,ST-01,10,1217.26,12172.6
MC-101523,2,PL-30,27,1533.08,41393.16
MC-101524,1,TL-09,19,1098.9,20879.1
MC-101525,1,FN-11,11,903.13,9934.43
MC-101526,1,ST-02,27,285.01,7695.27
MC-101526,2,ST-01,27,243.24,6567.48
MC-101526,3,ST-01,37,197.65,7313.05
MC-101526,4,WR-14,17,201.1,3418.7
MC-101527,1,PL-31,14,54.8,767.2
MC-101527,2,PL-30,35,39.21,1372.35
MC-101527,3,BR-22,19,41.09,780.71
MC-101528,1,CS-77,33,208.49,6880.17
MC-101528,2,PL-31,6,247.91,1487.46
MC-101529,1,ST-02,22,1900.73,41816.06
MC-101529,2,PL-30,16,1899.25,30388.0
MC-101529,3,WR-14,8,1825.94,14607.52
MC-101530,1,ST-02,9,275.67,2481.03
MC-101531,1,ST-01,36,956.27,34425.72
MC-101531,2,ST-02,10,1208.5,12085.0
MC-101532,1,FN-11,18,1333.46,24002.28
MC-101532,2,PL-30,39,1424.31,55548.09
MC-101532,3,CS-77,27,1163.77,31421.79
MC-101533,1,CS-77,20,440.14,8802.8
MC-101534,1,ST-01,19,492.37,9355.03
MC-101534,2,PL-30,19,889.59,16902.21
MC-101534,3,PL-30,6,683.37,4100.22
MC-101535,1,FN-11,16,1166.79,18668.64
MC-101536,1,WR-14,7,1500.97,10506.79
MC-101536,2,BR-22,15,1725.27,25879.05
MC-101536,3,PL-30,13,995.37,12939.81
MC-101536,4,TL-09,25,1820.27,45506.75
MC-101537,1,FN-11,31,236.13,7320.03
MC-101537,2,WR-14,13,289.12,3758.56
MC-101538,1,BR-22,9,1548.1,13932.9
MC-101538,2,ST-01,23,1508.84,34703.32
MC-101539,1,TL-09,7,299.48,2096.36
MC-101539,2,PL-31,31,313.36,9714.16
MC-101540,1,ST-02,23,77.06,1772.38
MC-101541,1,PL-30,31,1441.53,44687.43
MC-101541,2,WR-14,4,1559.01,6236.04
MC-101541,3,WR-14,13,1765.6,22952.8
MC-101542,1,PL-31,8,638.57,5108.56
MC-101542,2,ST-02,32,698.19,22342.08
MC-101543,1,TL-09,3,1119.08,3357.24
MC-101543,2,FN-11,1,1740.24,1740.24
MC-101543,3,TL-09,37,962.21,35601.77
MC-101544,1,ST-02,25,546.05,13651.25
MC-101544,2,FN-11,1,787.95,787.95
MC-101545,1,ST-02,13,1241.43,16138.59
MC-101545,2,FN-11,14,1522.35,21312.9
MC-101545,3,TL-09,37,789.88,29225.56
MC-101545,4,BR-22,20,1513.79,30275.8
MC-101546,1,TL-09,33,34.54,1139.82
MC-101546,2,PL-30,39,57.85,2256.15
MC-101546,3,ST-01,27,72.33,1952.91
MC-101546,4,ST-02,10,72.52,725.2
MC-101547,1,TL-09,1,1229.95,1229.95
MC-101548,1,PL-31,29,477.48,13846.92
MC-101549,1,CS-77,38,64.16,2438.08
MC-101550,1,ST-02,24,56.59,1358.16
MC-101551,1,CS-77,7,1757.51,12302.57
MC-101552,1,PL-31,33,383.87,12667.71
MC-101553,1,BR-22,14,155.47,2176.58
MC-101553,2,BR-22,19,234.76,4460.44
MC-101553,3,PL-30,6,212.34,1274.04
MC-101554,1,WR-14,30,883.19,26495.7
MC-101554,2,ST-01,10,1189.52,11895.2
MC-101555,1,WR-14,1,399.83,399.83
MC-101555,2,PL-30,9,789.74,7107.66
MC-101556,1,TL-09,21,536.52,11266.92
MC-101557,1,CS-77,29,33.79,979.91
MC-101558,1,WR-14,32,117.84,3770.88
MC-101558,2,CS-77,33,106.73,3522.09
MC-101559,1,CS-77,17,43.9,746.3
MC-101559,2,ST-02,34,46.39,1577.26
MC-101559,3,ST-01,32,71.1,2275.2
MC-101560,1,BR-22,39,1189.86,46404.54
MC-101561,1,PL-31,36,903.77,32535.72
MC-101561,2,PL-30,34,897.11,30501.74
MC-101562,1,CS-77,25,1156.52,28913.0
MC-101562,2,CS-77,28,1111.38,31118.64
MC-101562,3,ST-01,11,803.93,8843.23
MC-101563,1,PL-31,23,138.05,3175.15
MC-101563,2,FN-11,14,187.79,2629.06
MC-101563,3,FN-11,30,282.83,8484.9
MC-101564,1,TL-09,28,489.2,13697.6
MC-101564,2,TL-09,37,491.44,18183.28
MC-101564,3,TL-09,8,551.7,4413.6
MC-101565,1,BR-22,5,69.42,347.1
MC-101565,2,WR-14,38,75.66,2875.08
MC-101566,1,WR-14,37,450.89,16682.93
MC-101566,2,CS-77,35,602.49,21087.15
MC-101566,3,TL-09,29,802.09,23260.61
MC-101567,1,BR-22,2,72.04,144.08
MC-101568,1,CS-77,20,265.58,5311.6
MC-101568,2,PL-30,22,293.52,6457.44
MC-101568,3,CS-77,14,167.18,2340.52
MC-101569,1,PL-31,3,196.01,588.03
MC-101569,2,PL-30,29,425.31,12333.99
MC-101569,3,TL-09,4,434.25,1737.0
MC-101570,1,ST-02,37,876.92,32446.04
MC-101570,2,ST-02,11,953.55,10489.05
MC-101570,3,CS-77,36,1042.48,37529.28
MC-101571,1,TL-09,23,82.26,1891.98
MC-101572,1,TL-09,9,71.56,644.04
MC-101572,2,FN-11,32,55.4,1772.8
MC-101573,1,BR-22,10,68.14,681.4
MC-101573,2,TL-09,1,85.39,85.39
MC-101573,3,BR-22,25,90.11,2252.75
MC-101574,1,TL-09,39,800.55,31221.45
MC-101575,1,CS-77,17,384.52,6536.84
MC-101576,1,WR-14,21,918.68,19292.28
MC-101576,2,ST-01,27,1481.89,40011.03
MC-101576,3,ST-02,37,1491.3,55178.1
MC-101576,4,ST-02,37,1554.77,57526.49
MC-101577,1,PL-31,36,51.74,1862.64
MC-101577,2,WR-14,1,57.0,57.0
MC-101578,1,PL-31,20,66.53,1330.6
MC-101578,2,WR-14,30,62.75,1882.5
MC-101578,3,WR-14,16,89.8,1436.8
MC-101579,1,ST-02,25,181.45,4536.25
MC-101579,2,ST-02,6,130.11,780.66
MC-101579,3,WR-14,37,163.46,6048.02
MC-101580,1,PL-30,35,400.5,14017.5
MC-101581,1,WR-14,29,1531.96,44426.84
MC-101582,1,CS-77,23,668.78,15381.94
MC-101583,1,ST-02,11,402.58,4428.38
MC-101583,2,CS-77,27,376.03,10152.81
MC-101583,3,WR-14,6,231.11,1386.66
MC-101584,1,ST-01,8,382.53,3060.24
MC-101584,2,TL-09,32,293.1,9379.2
MC-101584,3,PL-31,9,309.03,2781.27
MC-101584,4,FN-11,31,437.59,13565.29
MC-101585,1,WR-14,20,1363.23,27264.6
MC-101585,2,CS-77,12,831.85,9982.2
MC-101585,3,CS-77,36,1081.82,38945.52
MC-101586,1,TL-09,3,33.15,99.45
MC-101587,1,CS-77,33,52.79,1742.07
MC-101588,1,PL-31,13,792.38,10300.94
MC-101588,2,TL-09,14,844.32,11820.48
MC-101589,1,CS-77,13,543.07,7059.91
MC-101589,2,WR-14,13,444.55,5779.15
MC-101590,1,PL-30,34,1305.7,44393.8
MC-101590,2,PL-31,18,1124.05,20232.9
MC-101590,3,PL-31,4,1370.67,5482.68
MC-101590,4,TL-09,24,1491.87,35804.88
MC-101591,1,ST-02,15,729.02,10935.3
MC-101592,1,WR-14,19,47.02,893.38
MC-101593,1,CS-77,2,1267.8,2535.6
MC-101593,2,ST-02,28,752.64,21073.92
MC-101593,3,ST-01,2,1476.28,2952.56
MC-101593,4,FN-11,28,1328.42,37195.76
MC-101594,1,CS-77,11,851.99,9371.89
MC-101595,1,TL-09,22,1277.17,28097.74
MC-101595,2,ST-01,24,889.91,21357.84
MC-101596,1,PL-30,13,60.57,787.41
MC-101596,2,ST-02,27,93.56,2526.12
MC-101596,3,WR-14,15,78.76,1181.4
MC-101596,4,FN-11,6,55.0,330.0
MC-101597,1,TL-09,11,54.73,602.03
MC-101597,2,FN-11,32,115.67,3701.44
MC-101597,3,WR-14,38,117.42,4461.96
MC-101598,1,FN-11,22,1415.99,31151.78
MC-101598,2,BR-22,6,1151.74,6910.44
MC-101599,1,BR-22,10,516.75,5167.5
MC-101599,2,ST-02,4,681.8,2727.2
MC-101600,1,PL-30,11,293.08,3223.88
MC-101600,2,TL-09,17,260.4,4426.8
MC-101601,1,PL-31,12,100.66,1207.92
MC-101601,2,BR-22,33,69.84,2304.72
MC-101601,3,PL-31,31,61.72,1913.32
MC-101602,1,PL-30,12,401.86,4822.32
MC-101603,1,FN-11,25,689.87,17246.75
MC-101603,2,PL-31,26,980.27,25487.02
MC-101604,1,FN-11,13,944.76,12281.88
MC-101604,2,FN-11,21,1193.74,25068.54
MC-101604,3,FN-11,8,1387.2,11097.6
MC-101605,1,TL-09,32,250.98,8031.36
MC-101605,2,ST-01,31,282.6,8760.6
MC-101605,3,PL-31,5,271.02,1355.1
MC-101605,4,PL-30,7,254.83,1783.81
MC-101606,1,ST-02,3,1699.02,5097.06
MC-101607,1,FN-11,1,37.27,37.27
MC-101607,2,FN-11,3,75.63,226.89
MC-101607,3,PL-30,33,76.22,2515.26
MC-101607,4,PL-30,10,75.37,753.7
MC-101608,1,WR-14,37,983.14,36376.18
MC-101608,2,ST-01,31,1020.88,31647.28
MC-101608,3,CS-77,27,792.23,21390.21
MC-101609,1,PL-31,32,382.85,12251.2
MC-101609,2,ST-01,7,196.43,1375.01
MC-101610,1,PL-31,4,481.51,1926.04
MC-101610,2,PL-30,37,393.49,14559.13
MC-101611,1,ST-01,28,106.9,2993.2
MC-101611,2,BR-22,21,70.19,1473.99
MC-101611,3,PL-31,3,53.19,159.57
MC-101612,1,CS-77,17,92.97,1580.49
MC-101613,1,TL-09,6,66.09,396.54
MC-101613,2,FN-11,29,58.62,1699.98
MC-101614,1,FN-11,13,762.07,9906.91
MC-101614,2,TL-09,22,447.45,9843.9
MC-101614,3,CS-77,39,679.47,26499.33
MC-101615,1,FN-11,39,88.95,3469.05
MC-101615,2,ST-01,33,101.8,3359.4
MC-101615,3,WR-14,36,114.84,4134.24
MC-101616,1,ST-02,36,427.41,15386.76
MC-101616,2,PL-31,7,433.58,3035.06
MC-101616,3,BR-22,32,222.05,7105.6
MC-101616,4,CS-77,16,432.85,6925.6
MC-101617,1,TL-09,39,327.18,12760.02
MC-101618,1,ST-02,25,1663.89,41597.25
MC-101618,2,TL-09,7,958.11,6706.77
MC-101618,3,ST-01,29,1560.86,45264.94
MC-101618,4,ST-02,35,968.86,33910.1
MC-101619,1,FN-11,16,1089.86,17437.76
MC-101619,2,TL-09,36,1119.5,40302.0
MC-101620,1,CS-77,11,1486.49,16351.39
MC-101620,2,WR-14,1,1141.36,1141.36
MC-101621,1,TL-09,2,1246.26,2492.52
MC-101621,2,TL-09,36,594.03,21385.08
MC-101621,3,TL-09,38,711.98,27055.24
MC-101622,1,CS-77,14,1539.6,21554.4
MC-101622,2,BR-22,12,1163.51,13962.12
MC-101623,1,PL-30,33,47.62,1571.46
MC-101623,2,ST-01,33,65.44,2159.52
MC-101623,3,ST-02,33,57.15,1885.95
MC-101623,4,FN-11,35,36.28,1269.8
MC-101624,1,FN-11,30,94.64,2839.2
MC-101624,2,PL-31,1,81.92,81.92
MC-101624,3,ST-02,8,113.35,906.8
MC-101625,1,PL-31,32,525.76,16824.32
MC-101626,1,WR-14,4,884.12,3536.48
MC-101626,2,FN-11,35,818.52,28648.2
MC-101627,1,TL-09,26,301.96,7850.96
MC-101627,2,CS-77,14,389.05,5446.7
MC-101627,3,ST-02,37,299.8,11092.6
MC-101627,4,ST-02,13,281.95,3665.35
MC-101628,1,BR-22,24,1059.91,25437.84
MC-101629,1,PL-31,20,433.21,8664.2
MC-101629,2,FN-11,27,307.26,8296.02
MC-101629,3,FN-11,8,382.35,3058.8
MC-101630,1,ST-02,33,507.28,16740.24
MC-101630,2,PL-31,19,538.05,10222.95
MC-101631,1,WR-14,11,70.49,775.39
MC-101631,2,PL-31,8,51.11,408.88
MC-101631,3,CS-77,18,97.23,1750.14
MC-101631,4,ST-01,15,71.88,1078.2
MC-101632,1,CS-77,31,555.19,17210.89
MC-101632,2,ST-02,17,791.21,13450.57
MC-101633,1,WR-14,13,1298.98,16886.74
MC-101633,2,TL-09,1,1825.48,1825.48
MC-101633,3,ST-01,24,1562.83,37507.92
MC-101633,4,TL-09,13,1060.8,13790.4
MC-101634,1,TL-09,25,1097.13,27428.25
MC-101634,2,WR-14,1,1622.55,1622.55
MC-101634,3,WR-14,30,1675.65,50269.5
MC-101634,4,ST-01,3,901.25,2703.75
MC-101635,1,CS-77,4,134.78,539.12
MC-101635,2,TL-09,6,158.61,951.66
MC-101635,3,CS-77,39,203.57,7939.23
MC-101636,1,WR-14,20,1560.93,31218.6
MC-101637,1,FN-11,31,56.2,1742.2
MC-101637,2,BR-22,16,111.42,1782.72
MC-101637,3,CS-77,19,81.61,1550.59
MC-101638,1,TL-09,3,46.89,140.67
MC-101639,1,TL-09,36,64.13,2308.68
MC-101639,2,PL-31,11,40.4,444.4
MC-101639,3,PL-30,22,70.25,1545.5
MC-101640,1,BR-22,36,209.85,7554.6
MC-101640,2,CS-77,28,375.66,10518.48
MC-101640,3,PL-31,1,330.18,330.18
MC-101641,1,FN-11,15,1784.07,26761.05
MC-101641,2,ST-01,11,1570.99,17280.89
MC-101641,3,PL-31,18,1251.11,22519.98
MC-101642,1,FN-11,37,1018.97,37701.89
MC-101643,1,CS-77,17,833.32,14166.44
MC-101643,2,CS-77,14,1096.21,15346.94
MC-101643,3,FN-11,39,607.23,23681.97
MC-101643,4,WR-14,22,795.42,17499.24
MC-101644,1,WR-14,10,600.87,6008.7
MC-101644,2,WR-14,39,832.32,32460.48
MC-101644,3,TL-09,37,548.84,20307.08
MC-101645,1,FN-11,24,319.57,7669.68
MC-101645,2,PL-30,30,294.91,8847.3
MC-101645,3,TL-09,10,353.41,3534.1
MC-101645,4,WR-14,10,402.54,4025.4
MC-101646,1,CS-77,38,141.01,5358.38
MC-101646,2,PL-30,28,255.22,7146.16
MC-101646,3,ST-01,27,228.37,6165.99
MC-101646,4,BR-22,14,231.76,3244.64
MC-101647,1,CS-77,6,1048.67,6292.02
MC-101648,1,FN-11,32,1216.07,38914.24
MC-101648,2,PL-30,27,943.43,25472.61
MC-101648,3,TL-09,17,632.12,10746.04
MC-101648,4,WR-14,15,907.04,13605.6
MC-101649,1,WR-14,2,987.51,1975.02
MC-101649,2,BR-22,34,988.94,33623.96
MC-101649,3,FN-11,4,2015.53,8062.12
MC-101650,1,TL-09,7,784.21,5489.47
MC-101650,2,PL-30,27,491.39,13267.53
MC-101650,3,TL-09,23,589.88,13567.24
MC-101651,1,PL-31,23,419.69,9652.87
MC-101651,2,PL-30,29,206.88,5999.52
MC-101652,1,WR-14,30,1000.98,30029.4
MC-101653,1,ST-01,15,352.23,5283.45
MC-101654,1,ST-02,8,92.99,743.92
MC-101654,2,TL-09,33,110.39,3642.87
MC-101655,1,BR-22,25,59.27,1481.75
MC-101656,1,ST-02,33,808.11,26667.63
MC-101656,2,WR-14,32,391.1,12515.2
MC-101656,3,BR-22,28,762.76,21357.28
MC-101657,1,ST-02,5,878.04,4390.2
MC-101657,2,WR-14,19,627.56,11923.64
MC-101657,3,PL-30,14,888.91,12444.74
MC-101658,1,ST-01,36,1566.54,56395.44
MC-101658,2,ST-02,19,1486.87,28250.53
MC-101658,3,PL-31,6,1437.89,8627.34
MC-101658,4,PL-30,2,1192.28,2384.56
MC-101659,1,FN-11,33,71.18,2348.94
MC-101660,1,FN-11,28,358.95,10050.6
MC-101660,2,PL-31,31,334.63,10373.53
MC-101660,3,TL-09,24,376.74,9041.76
MC-101660,4,PL-30,16,417.16,6674.56
MC-101661,1,PL-31,29,81.93,2375.97
MC-101661,2,TL-09,5,79.86,399.3
MC-101661,3,PL-30,12,68.57,822.84
MC-101661,4,BR-22,12,97.68,1172.16
MC-101662,1,PL-30,18,1330.18,23943.24
MC-101663,1,FN-11,22,342.65,7538.3
MC-101663,2,TL-09,11,413.52,4548.72
MC-101664,1,PL-31,13,282.99,3678.87
MC-101664,2,ST-01,12,404.78,4857.36
MC-101664,3,PL-31,29,276.87,8029.23
MC-101665,1,ST-01,33,134.01,4422.33
MC-101665,2,BR-22,9,287.34,2586.06
MC-101665,3,WR-14,28,195.96,5486.88
MC-101666,1,ST-02,2,52.74,105.48
MC-101666,2,CS-77,23,41.67,958.41
MC-101667,1,BR-22,19,367.03,6973.57
MC-101668,1,FN-11,30,65.47,1964.1
MC-101668,2,BR-22,28,40.71,1139.88
MC-101669,1,PL-31,24,44.71,1073.04
MC-101669,2,CS-77,24,66.66,1599.84
MC-101670,1,PL-31,20,37.39,747.8
MC-101670,2,ST-02,16,45.35,725.6
MC-101671,1,TL-09,7,417.71,2923.97
MC-101671,2,TL-09,32,413.39,13228.48
MC-101671,3,ST-01,11,589.98,6489.78
MC-101672,1,PL-31,36,64.22,2311.92
MC-101672,2,TL-09,38,72.43,2752.34
MC-101672,3,ST-02,7,65.58,459.06
MC-101673,1,ST-01,2,35.82,71.64
MC-101673,2,FN-11,34,68.85,2340.9
MC-101673,3,ST-01,32,67.8,2169.6
MC-101674,1,CS-77,22,56.47,1242.34
MC-101674,2,ST-02,4,60.3,241.2
MC-101674,3,TL-09,5,43.2,216.0
MC-101675,1,BR-22,4,1225.63,4902.52
MC-101675,2,ST-01,31,1767.99,54807.69
MC-101675,3,CS-77,34,1977.73,67242.82
MC-101675,4,CS-77,20,1922.76,38455.2
MC-101676,1,FN-11,36,1441.15,51881.4
MC-101676,2,BR-22,23,824.19,18956.37
MC-101677,1,TL-09,14,889.31,12450.34
MC-101677,2,CS-77,5,402.59,2012.95
MC-101678,1,ST-01,11,732.05,8052.55
MC-101679,1,FN-11,10,73.91,739.1
MC-101679,2,CS-77,28,60.3,1688.4
MC-101679,3,CS-77,9,72.01,648.09
MC-101679,4,ST-01,28,73.76,2065.28
MC-101680,1,PL-31,29,77.84,2257.36
MC-101680,2,ST-01,12,79.52,954.24
MC-101681,1,ST-02,26,225.66,5867.16
MC-101681,2,TL-09,29,149.62,4338.98
MC-101682,1,FN-11,9,1362.3,12260.7
MC-101682,2,TL-09,12,1431.72,17180.64
MC-101683,1,FN-11,16,684.85,10957.6
MC-101684,1,BR-22,27,78.17,2110.59
MC-101685,1,ST-02,31,249.13,7723.03
MC-101685,2,BR-22,30,191.46,5743.8
MC-101685,3,WR-14,8,254.31,2034.48
MC-101685,4,CS-77,32,191.59,6130.88
MC-101686,1,ST-01,27,80.21,2165.67
MC-101686,2,ST-01,17,51.35,872.95
MC-101687,1,TL-09,18,258.57,4654.26
MC-101687,2,WR-14,5,207.75,1038.75
MC-101688,1,CS-77,7,883.5,6184.5
MC-101689,1,ST-02,14,325.34,4554.76
MC-101689,2,PL-30,24,391.3,9391.2
MC-101689,3,FN-11,38,343.65,13058.7
MC-101690,1,WR-14,1,1940.59,1940.59
MC-101691,1,PL-31,28,57.92,1621.76
MC-101691,2,ST-01,26,70.38,1829.88
MC-101691,3,WR-14,2,117.12,234.24
MC-101692,1,TL-09,15,244.14,3662.1
MC-101692,2,ST-02,16,260.62,4169.92
MC-101692,3,ST-01,7,159.89,1119.23
MC-101693,1,PL-30,10,320.1,3201.0
MC-101693,2,BR-22,30,236.7,7101.0
MC-101693,3,CS-77,13,232.99,3028.87
MC-101693,4,WR-14,20,193.03,3860.6
MC-101694,1,ST-02,24,398.4,9561.6
MC-101695,1,TL-09,28,147.74,4136.72
MC-101695,2,PL-30,39,248.73,9700.47
MC-101696,1,BR-22,22,60.52,1331.44
MC-101696,2,FN-11,31,37.81,1172.11
MC-101696,3,PL-31,6,37.47,224.82
MC-101696,4,WR-14,20,74.77,1495.4
MC-101697,1,ST-01,23,48.28,1110.44
MC-101697,2,WR-14,9,45.48,409.32
MC-101697,3,BR-22,35,44.1,1543.5
MC-101697,4,TL-09,5,42.71,213.55
MC-101698,1,PL-31,7,51.02,357.14
MC-101698,2,ST-01,2,59.58,119.16
MC-101698,3,CS-77,37,116.9,4325.3
MC-101699,1,ST-02,27,1117.97,30185.19
MC-101699,2,PL-31,6,1642.51,9855.06
MC-101699,3,ST-01,21,1123.3,23589.3
MC-101700,1,ST-02,5,56.26,281.3
MC-101700,2,ST-02,7,34.75,243.25
MC-101700,3,ST-01,32,72.77,2328.64
MC-101701,1,WR-14,19,175.78,3339.82
MC-101701,2,FN-11,3,147.24,441.72
MC-101701,3,PL-30,10,272.52,2725.2
MC-101701,4,PL-31,28,280.82,7862.96
MC-101702,1,ST-02,6,52.04,312.24
MC-101702,2,FN-11,30,43.93,1317.9
MC-101703,1,ST-01,15,590.2,8853.0
MC-101704,1,ST-02,16,239.21,3827.36
MC-101705,1,TL-09,31,962.91,29850.21
MC-101705,2,ST-01,35,684.09,23943.15
MC-101706,1,WR-14,25,1194.51,29862.75
MC-101707,1,PL-30,16,601.63,9626.08
MC-101707,2,BR-22,15,511.15,7667.25
MC-101707,3,PL-31,25,700.05,17501.25
MC-101708,1,PL-31,33,925.03,30525.99
MC-101709,1,WR-14,2,832.06,1664.12
MC-101710,1,CS-77,31,1289.47,39973.57
MC-101710,2,FN-11,28,989.29,27700.12
MC-101711,1,ST-01,36,1154.68,41568.48
MC-101712,1,ST-02,18,328.21,5907.78
MC-101712,2,ST-01,23,280.22,6445.06
MC-101713,1,PL-30,18,1581.66,28469.88
MC-101713,2,ST-01,27,1294.11,34940.97
MC-101713,3,ST-02,26,1468.97,38193.22
MC-101714,1,ST-01,31,33.35,1033.85
MC-101715,1,BR-22,8,67.23,537.84
MC-101715,2,PL-30,30,38.35,1150.5
MC-101715,3,CS-77,14,62.36,873.04
MC-101715,4,PL-30,12,70.27,843.24
MC-101716,1,CS-77,17,1215.49,20663.33
MC-101716,2,ST-02,11,1738.9,19127.9
MC-101716,3,ST-02,12,1468.29,17619.48
MC-101717,1,PL-31,29,938.78,27224.62
MC-101717,2,PL-31,19,1339.66,25453.54
MC-101717,3,BR-22,24,871.26,20910.24
MC-101718,1,CS-77,37,203.82,7541.34
MC-101719,1,PL-30,24,106.32,2551.68
MC-101719,2,WR-14,13,104.17,1354.21
MC-101719,3,CS-77,29,91.27,2646.83
MC-101720,1,CS-77,5,1877.04,9385.2
MC-101720,2,PL-30,24,1969.84,47276.16
MC-101720,3,ST-02,14,1765.22,24713.08
MC-101721,1,PL-30,13,149.91,1948.83
MC-101721,2,FN-11,13,258.85,3365.05
MC-101721,3,FN-11,29,165.59,4802.11
MC-101722,1,ST-02,23,92.88,2136.24
MC-101722,2,BR-22,21,109.84,2306.64
MC-101723,1,ST-02,15,66.48,997.2
MC-101723,2,ST-01,34,66.64,2265.76
MC-101723,3,ST-02,18,64.09,1153.62
MC-101723,4,CS-77,7,76.7,536.9
MC-101724,1,FN-11,17,226.5,3850.5
MC-101724,2,PL-31,9,229.42,2064.78
MC-101725,1,CS-77,1,94.47,94.47
MC-101725,2,PL-30,4,72.97,291.88
MC-101725,3,PL-30,29,106.06,3075.74
MC-101726,1,TL-09,7,907.53,6352.71
MC-101727,1,PL-30,3,150.57,451.71
MC-101727,2,WR-14,1,266.87,266.87
MC-101727,3,BR-22,30,280.23,8406.9
MC-101728,1,WR-14,20,72.94,1458.8
MC-101728,2,BR-22,24,68.63,1647.12
MC-101729,1,BR-22,34,53.22,1809.48
MC-101730,1,ST-02,27,1212.18,32728.86
MC-101730,2,BR-22,26,910.11,23662.86
MC-101731,1,FN-11,18,802.0,14436.0
MC-101731,2,ST-01,6,659.01,3954.06
MC-101731,3,CS-77,33,545.8,18011.4
MC-101732,1,TL-09,33,391.25,12911.25
MC-101732,2,CS-77,22,246.83,5430.26
MC-101733,1,ST-02,35,103.05,3606.75
MC-101733,2,CS-77,16,78.12,1249.92
MC-101734,1,CS-77,31,752.62,23331.22
MC-101734,2,CS-77,11,725.01,7975.11
MC-101734,3,ST-01,3,1013.3,3039.9
MC-101735,1,PL-30,1,283.0,283.0
MC-101736,1,BR-22,34,1510.47,51355.98
MC-101736,2,ST-01,1,1827.02,1827.02
MC-101736,3,ST-01,21,1999.16,41982.36
MC-101737,1,PL-31,18,63.51,1143.18
MC-101737,2,WR-14,9,86.77,780.93
MC-101737,3,PL-30,35,79.77,2791.95
MC-101738,1,WR-14,24,811.26,19470.24
MC-101738,2,TL-09,15,704.1,10561.5
MC-101739,1,FN-11,23,414.29,9528.67
MC-101740,1,ST-01,8,80.4,643.2
MC-101740,2,PL-30,18,77.4,1393.2
MC-101741,1,ST-02,3,1391.88,4175.64
MC-101741,2,ST-02,11,1791.43,19705.73
MC-101742,1,ST-01,11,256.54,2821.94
MC-101742,2,PL-30,29,208.92,6058.68
MC-101742,3,TL-09,16,350.44,5607.04
MC-101743,1,CS-77,16,1071.04,17136.64
MC-101743,2,ST-02,6,1472.9,8837.4
MC-101744,1,PL-31,37,1447.28,53549.36
MC-101744,2,ST-01,20,1328.22,26564.4
MC-101744,3,PL-30,32,1241.72,39735.04
MC-101744,4,ST-01,14,1032.86,14460.04
MC-101745,1,WR-14,13,35.62,463.06
MC-101745,2,PL-30,28,35.07,981.96
MC-101745,3,FN-11,5,52.3,261.5
MC-101746,1,BR-22,11,878.78,9666.58
MC-101746,2,FN-11,27,739.52,19967.04
MC-101747,1,BR-22,21,1567.23,32911.83
MC-101747,2,FN-11,10,1331.55,13315.5
MC-101747,3,ST-02,24,1278.25,30678.0
MC-101748,1,CS-77,30,764.29,22928.7
MC-101749,1,PL-30,27,292.01,7884.27
MC-101749,2,PL-30,39,285.88,11149.32
MC-101749,3,PL-30,3,243.24,729.72
MC-101750,1,ST-01,14,93.92,1314.88
MC-101750,2,ST-01,9,68.69,618.21
MC-101751,1,WR-14,12,75.78,909.36
MC-101751,2,BR-22,30,38.68,1160.4
MC-101751,3,ST-01,33,44.18,1457.94
MC-101752,1,PL-31,6,1017.04,6102.24
MC-101752,2,BR-22,22,1084.06,23849.32
MC-101752,3,PL-31,2,713.07,1426.14
MC-101753,1,ST-02,4,317.54,1270.16
MC-101753,2,ST-01,35,291.28,10194.8
MC-101753,3,ST-02,15,399.68,5995.2
MC-101754,1,TL-09,3,71.25,213.75
MC-101754,2,FN-11,1,67.79,67.79
MC-101754,3,FN-11,5,36.55,182.75
MC-101755,1,WR-14,15,270.2,4053.0
MC-101755,2,FN-11,21,214.08,4495.68
MC-101756,1,PL-30,15,807.21,12108.15
MC-101757,1,ST-01,23,38.37,882.51
MC-101757,2,ST-02,31,36.67,1136.77
MC-101757,3,ST-01,11,65.61,721.71
MC-101757,4,ST-02,20,49.34,986.8
MC-101758,1,ST-02,12,77.54,930.48
MC-101758,2,BR-22,30,53.43,1602.9
MC-101759,1,TL-09,14,1317.76,18448.64
MC-101759,2,FN-11,24,1270.04,30480.96
MC-101759,3,FN-11,26,1611.5,41899.0
MC-101760,1,WR-14,21,1417.17,29760.57
MC-101760,2,BR-22,24,1635.21,39245.04
MC-101760,3,WR-14,9,1311.08,11799.72
MC-101760,4,PL-30,10,827.43,8274.3
MC-101761,1,ST-01,37,1058.66,39170.42
MC-101762,1,PL-30,38,256.1,9731.8
MC-101763,1,FN-11,21,196.59,4128.39
MC-101763,2,ST-01,39,308.15,12017.85
MC-101763,3,PL-31,1,321.31,321.31
MC-101763,4,FN-11,38,391.03,14859.14
MC-101764,1,ST-01,10,1247.67,12476.7
MC-101764,2,BR-22,9,1089.77,9807.93
MC-101764,3,PL-30,12,1170.62,14047.44
MC-101765,1,WR-14,16,53.12,849.92
MC-101766,1,CS-77,2,1295.2,2590.4
MC-101766,2,ST-01,33,928.36,30635.88
MC-101766,3,TL-09,33,1524.5,50308.5
MC-101766,4,TL-09,11,1047.53,11522.83
MC-101767,1,FN-11,2,1582.74,3165.48
MC-101767,2,CS-77,6,1350.09,8100.54
MC-101768,1,PL-31,32,1236.65,39572.8
MC-101768,2,WR-14,7,736.28,5153.96
MC-101768,3,FN-11,16,977.75,15644.0
MC-101768,4,TL-09,4,1335.03,5340.12
MC-101769,1,PL-31,15,286.1,4291.5
MC-101769,2,PL-31,34,255.25,8678.5
MC-101769,3,ST-01,13,373.33,4853.29
MC-101770,1,ST-01,17,187.52,3187.84
MC-101771,1,CS-77,20,106.89,2137.8
MC-101771,2,TL-09,16,56.16,898.56
MC-101772,1,CS-77,10,1428.16,14281.6
MC-101772,2,ST-02,13,1156.28,15031.64
MC-101772,3,ST-02,32,835.13,26724.16
MC-101772,4,ST-02,1,1263.78,1263.78
MC-101773,1,ST-01,39,78.18,3049.02
MC-101773,2,TL-09,6,101.27,607.62
MC-101773,3,ST-02,36,78.82,2837.52
MC-101773,4,CS-77,12,103.62,1243.44
MC-101774,1,ST-01,23,1132.58,26049.34
MC-101775,1,TL-09,2,37.05,74.1
MC-101775,2,ST-02,18,73.66,1325.88
MC-101775,3,ST-01,5,56.58,282.9
MC-101776,1,PL-30,39,1426.38,55628.82
MC-101776,2,PL-31,15,1888.99,28334.85
MC-101777,1,WR-14,14,161.18,2256.52
MC-101777,2,PL-31,11,195.26,2147.86
MC-101778,1,CS-77,32,357.69,11446.08
MC-101778,2,FN-11,15,382.22,5733.3
MC-101779,1,PL-30,12,150.43,1805.16
MC-101780,1,FN-11,30,59.47,1784.1
MC-101780,2,FN-11,1,110.44,110.44
MC-101781,1,ST-02,11,72.91,802.01
MC-101781,2,FN-11,7,65.99,461.93
MC-101781,3,ST-02,39,53.43,2083.77
MC-101781,4,PL-31,38,78.6,2986.8
MC-101782,1,WR-14,8,106.63,853.04
MC-101782,2,FN-11,30,107.05,3211.5
MC-101782,3,BR-22,26,105.89,2753.14
MC-101782,4,ST-01,2,100.04,200.08
MC-101783,1,PL-30,21,249.33,5235.93
MC-101783,2,CS-77,16,255.45,4087.2
MC-101783,3,PL-31,4,414.38,1657.52
MC-101783,4,WR-14,1,417.24,417.24
MC-101784,1,FN-11,19,1259.69,23934.11
MC-101785,1,TL-09,9,80.06,720.54
MC-101785,2,BR-22,27,99.52,2687.04
MC-101786,1,TL-09,33,1102.42,36379.86
MC-101787,1,FN-11,39,875.51,34144.89
MC-101787,2,FN-11,7,1037.69,7263.83
MC-101787,3,TL-09,38,977.31,37137.78
MC-101787,4,PL-31,1,883.7,883.7
MC-101788,1,BR-22,34,1396.1,47467.4
MC-101789,1,CS-77,28,200.51,5614.28
MC-101789,2,FN-11,14,394.02,5516.28
MC-101790,1,CS-77,39,878.48,34260.72
MC-101790,2,BR-22,36,1254.32,45155.52
MC-101790,3,ST-02,23,1048.86,24123.78
MC-101791,1,BR-22,20,117.33,2346.6
MC-101792,1,CS-77,28,996.15,27892.2
MC-101793,1,ST-02,13,1082.73,14075.49
MC-101793,2,CS-77,27,887.49,23962.23
MC-101793,3,ST-02,27,998.76,26966.52
MC-101794,1,BR-22,31,1316.18,40801.58
MC-101794,2,FN-11,5,669.74,3348.7
MC-101794,3,FN-11,26,1040.62,27056.12
MC-101795,1,TL-09,39,211.57,8251.23
MC-101795,2,ST-01,27,390.28,10537.56
MC-101795,3,FN-11,29,286.85,8318.65
MC-101795,4,TL-09,14,358.8,5023.2
MC-101796,1,ST-01,31,62.64,1941.84
MC-101796,2,ST-02,18,89.18,1605.24
MC-101796,3,PL-30,39,106.85,4167.15
MC-101797,1,PL-30,34,243.06,8264.04
MC-101797,2,TL-09,2,272.87,545.74
MC-101797,3,BR-22,4,426.95,1707.8
MC-101798,1,PL-30,34,268.89,9142.26
MC-101799,1,FN-11,13,1435.96,18667.48
MC-101799,2,CS-77,23,769.09,17689.07
MC-101800,1,BR-22,24,1265.79,30378.96
MC-101801,1,ST-02,6,270.35,1622.1
MC-101801,2,FN-11,18,409.48,7370.64
MC-101801,3,PL-31,37,438.12,16210.44
MC-101802,1,FN-11,9,61.76,555.84
MC-101802,2,WR-14,4,52.08,208.32
MC-101802,3,TL-09,7,112.92,790.44
MC-101802,4,WR-14,18,69.98,1259.64
MC-101803,1,PL-31,12,46.35,556.2
MC-101803,2,TL-09,8,35.07,280.56
MC-101803,3,ST-01,13,35.13,456.69
MC-101803,4,FN-11,3,48.1,144.3
MC-101804,1,WR-14,27,143.07,3862.89
MC-101805,1,TL-09,3,291.2,873.6
MC-101806,1,CS-77,10,615.26,6152.6
MC-101807,1,FN-11,22,189.12,4160.64
MC-101807,2,WR-14,12,270.66,3247.92
MC-101807,3,BR-22,22,149.82,3296.04
MC-101807,4,CS-77,30,130.67,3920.1
MC-101808,1,TL-09,36,235.0,8460.0
MC-101808,2,BR-22,16,203.59,3257.44
MC-101808,3,BR-22,26,210.27,5467.02
MC-101808,4,WR-14,20,154.93,3098.6
MC-101809,1,PL-31,37,87.29,3229.73
MC-101810,1,TL-09,21,191.66,4024.86
MC-101810,2,TL-09,39,139.99,5459.61
MC-101810,3,WR-14,18,176.22,3171.96
MC-101811,1,PL-30,14,79.58,1114.12
MC-101812,1,CS-77,10,675.73,6757.3
MC-101812,2,CS-77,23,659.91,15177.93
MC-101813,1,TL-09,9,694.11,6246.99
MC-101814,1,PL-30,36,989.91,35636.76
MC-101815,1,BR-22,38,962.16,36562.08
MC-101815,2,ST-02,23,1456.39,33496.97
MC-101815,3,WR-14,16,885.09,14161.44
MC-101815,4,PL-31,9,1425.93,12833.37
MC-101816,1,PL-31,30,1215.58,36467.4
MC-101816,2,WR-14,26,1136.13,29539.38
MC-101816,3,PL-31,39,1800.22,70208.58
MC-101816,4,TL-09,12,1665.49,19985.88
MC-101817,1,PL-30,34,1129.74,38411.16
MC-101818,1,ST-02,30,444.53,13335.9
MC-101818,2,BR-22,19,656.17,12467.23
MC-101818,3,TL-09,3,491.53,1474.59
MC-101819,1,FN-11,11,547.67,6024.37
MC-101820,1,TL-09,8,176.21,1409.68
MC-101820,2,WR-14,14,227.42,3183.88
MC-101821,1,PL-31,27,60.8,1641.6
MC-101821,2,CS-77,18,33.26,598.68
MC-101821,3,ST-02,38,50.73,1927.74
MC-101821,4,FN-11,30,59.63,1788.9
MC-101822,1,WR-14,31,697.54,21623.74
MC-101822,2,PL-30,22,737.52,16225.44
MC-101822,3,WR-14,39,827.43,32269.77
MC-101822,4,ST-02,20,784.28,15685.6
MC-101823,1,FN-11,16,76.77,1228.32
MC-101823,2,FN-11,26,33.3,865.8
MC-101824,1,ST-01,7,1253.91,8777.37
MC-101824,2,ST-02,15,1032.21,15483.15
MC-101825,1,ST-02,37,1650.98,61086.26
MC-101825,2,ST-01,38,979.63,37225.94
MC-101825,3,WR-14,18,747.5,13455.0
MC-101825,4,PL-30,38,1204.41,45767.58
MC-101826,1,FN-11,6,264.64,1587.84
MC-101826,2,FN-11,21,220.02,4620.42
MC-101826,3,PL-30,26,229.07,5955.82
MC-101827,1,CS-77,19,800.26,15204.94
MC-101827,2,PL-30,36,778.67,28032.12
MC-101828,1,FN-11,16,55.96,895.36
MC-101828,2,PL-30,37,40.56,1500.72
MC-101829,1,ST-01,11,60.13,661.43
MC-101829,2,PL-31,28,56.64,1585.92
MC-101829,3,WR-14,20,57.87,1157.4
MC-101829,4,TL-09,21,49.08,1030.68
MC-101830,1,PL-30,3,106.81,320.43
MC-101830,2,CS-77,33,75.65,2496.45
MC-101830,3,CS-77,23,80.24,1845.52
MC-101830,4,FN-11,3,88.08,264.24
MC-101831,1,PL-30,35,224.35,7852.25
MC-101831,2,FN-11,1,174.43,174.43
MC-101832,1,FN-11,33,994.2,32808.6
MC-101832,2,TL-09,26,1170.6,30435.6
MC-101832,3,PL-31,27,1334.88,36041.76
MC-101833,1,ST-02,37,753.34,27873.58
MC-101833,2,CS-77,38,998.93,37959.34
MC-101833,3,FN-11,22,1375.44,30259.68
MC-101833,4,BR-22,2,824.12,1648.24
MC-101834,1,ST-01,16,410.78,6572.48
MC-101834,2,ST-02,23,703.51,16180.73
MC-101834,3,WR-14,17,408.14,6938.38
MC-101835,1,ST-01,2,172.56,345.12
MC-101835,2,PL-30,18,214.61,3862.98
MC-101836,1,PL-31,18,823.65,14825.7
MC-101836,2,BR-22,1,761.43,761.43
MC-101837,1,ST-01,18,96.57,1738.26
MC-101837,2,FN-11,12,89.13,1069.56
MC-101838,1,TL-09,7,109.8,768.6
MC-101838,2,FN-11,12,105.48,1265.76
MC-101838,3,BR-22,12,92.38,1108.56
MC-101839,1,FN-11,8,1259.88,10079.04
MC-101840,1,WR-14,32,1181.38,37804.16
MC-101840,2,ST-02,32,852.5,27280.0
MC-101840,3,TL-09,15,627.61,9414.15
MC-101840,4,CS-77,6,913.52,5481.12
MC-101841,1,BR-22,6,991.9,5951.4
MC-101841,2,CS-77,2,1239.34,2478.68
MC-101841,3,TL-09,15,866.47,12997.05
MC-101841,4,FN-11,22,1185.96,26091.12
MC-101842,1,WR-14,14,889.37,12451.18
MC-101843,1,TL-09,39,928.64,36216.96
MC-101843,2,TL-09,3,1398.49,4195.47
MC-101844,1,PL-30,12,253.81,3045.72
MC-101844,2,TL-09,8,144.64,1157.12
MC-101844,3,PL-30,18,224.66,4043.88
MC-101844,4,PL-30,22,136.64,3006.08
MC-101845,1,BR-22,17,1387.98,23595.66
MC-101845,2,BR-22,4,1228.95,4915.8
MC-101845,3,ST-02,7,1170.31,8192.17
MC-101846,1,BR-22,32,304.2,9734.4
MC-101846,2,WR-14,37,433.85,16052.45
MC-101847,1,ST-02,31,1545.44,47908.64
MC-101847,2,ST-01,18,1343.48,24182.64
MC-101847,3,BR-22,10,916.17,9161.7
MC-101848,1,PL-31,27,1294.6,34954.2
MC-101848,2,CS-77,10,976.21,9762.1
MC-101848,3,ST-01,10,662.23,6622.3
MC-101848,4,BR-22,25,836.07,20901.75
MC-101849,1,TL-09,19,736.39,13991.41
MC-101849,2,PL-30,25,1524.42,38110.5
MC-101850,1,ST-02,32,886.1,28355.2
MC-101850,2,ST-01,28,505.82,14162.96
MC-101851,1,PL-31,24,209.4,5025.6
MC-101851,2,PL-30,16,221.67,3546.72
MC-101851,3,TL-09,27,312.73,8443.71
MC-101852,1,ST-02,28,1321.19,36993.32
MC-101852,2,CS-77,39,1278.29,49853.31
MC-101852,3,FN-11,14,770.21,10782.94
MC-101853,1,FN-11,13,58.84,764.92
MC-101853,2,PL-31,28,44.2,1237.6
MC-101853,3,TL-09,27,45.2,1220.4
MC-101854,1,PL-31,5,714.73,3573.65
MC-101855,1,TL-09,24,1259.92,30238.08
MC-101855,2,BR-22,34,1616.38,54956.92
MC-101855,3,PL-31,16,790.26,12644.16
MC-101856,1,TL-09,33,68.14,2248.62
MC-101856,2,ST-02,39,86.76,3383.64
MC-101856,3,TL-09,12,112.97,1355.64
MC-101857,1,CS-77,14,699.39,9791.46
MC-101857,2,ST-02,16,713.2,11411.2
MC-101857,3,CS-77,18,1135.55,20439.9
MC-101857,4,ST-02,25,1086.78,27169.5
MC-101858,1,ST-02,31,164.25,5091.75
MC-101858,2,BR-22,36,259.01,9324.36
MC-101858,3,BR-22,32,266.13,8516.16
MC-101859,1,WR-14,18,991.26,17842.68
MC-101859,2,ST-01,17,1013.26,17225.42
MC-101859,3,CS-77,13,991.47,12889.11
MC-101859,4,CS-77,29,724.64,21014.56
MC-101860,1,CS-77,2,275.45,550.9
MC-101860,2,BR-22,14,380.02,5320.28
MC-101860,3,ST-02,3,271.4,814.2
MC-101861,1,PL-30,29,300.46,8713.34
MC-101862,1,WR-14,1,38.04,38.04
MC-101863,1,ST-02,17,326.6,5552.2
MC-101864,1,ST-01,24,73.9,1773.6
MC-101864,2,ST-01,12,39.65,475.8
MC-101865,1,CS-77,13,655.44,8520.72
MC-101865,2,ST-01,13,692.19,8998.47
MC-101866,1,FN-11,18,1626.34,29274.12
MC-101866,2,CS-77,23,1322.5,30417.5
MC-101866,3,ST-01,25,1459.88,36497.0
MC-101867,1,PL-30,9,492.06,4428.54
MC-101867,2,FN-11,38,704.18,26758.84
MC-101867,3,PL-31,7,834.31,5840.17
MC-101867,4,FN-11,37,539.79,19972.23
MC-101868,1,PL-30,26,35.95,934.7
MC-101868,2,CS-77,8,35.21,281.68
MC-101868,3,WR-14,34,56.35,1915.9
MC-101868,4,ST-01,33,46.64,1539.12
MC-101869,1,WR-14,39,84.56,3297.84
MC-101869,2,BR-22,32,107.07,3426.24
MC-101869,3,PL-31,11,115.01,1265.11
MC-101869,4,ST-01,18,85.12,1532.16
MC-101870,1,ST-01,34,55.37,1882.58
MC-101870,2,TL-09,6,66.98,401.88
MC-101870,3,FN-11,13,68.16,886.08
MC-101871,1,WR-14,3,70.03,210.09
MC-101872,1,PL-30,33,1274.4,42055.2
MC-101873,1,ST-01,35,412.44,14435.4
MC-101873,2,TL-09,2,821.27,1642.54
MC-101873,3,ST-02,4,691.97,2767.88
MC-101873,4,PL-31,30,764.72,22941.6
MC-101874,1,CS-77,5,1625.34,8126.7
MC-101874,2,FN-11,12,1415.51,16986.12
MC-101875,1,TL-09,8,35.77,286.16
MC-101876,1,ST-02,1,994.21,994.21
MC-101876,2,WR-14,13,1428.47,18570.11
MC-101877,1,BR-22,33,390.68,12892.44
MC-101878,1,ST-02,30,920.86,27625.8
MC-101878,2,BR-22,2,1651.09,3302.18
MC-101879,1,FN-11,14,257.0,3598.0
MC-101879,2,ST-02,14,142.23,1991.22
MC-101880,1,PL-31,34,1361.87,46303.58
MC-101880,2,BR-22,38,1229.94,46737.72
MC-101880,3,PL-30,33,1352.56,44634.48
MC-101880,4,CS-77,13,852.38,11080.94
MC-101881,1,CS-77,11,765.17,8416.87
MC-101881,2,PL-30,11,596.93,6566.23
MC-101881,3,ST-02,27,546.87,14765.49
MC-101882,1,TL-09,15,432.09,6481.35
MC-101882,2,PL-31,7,406.72,2847.04
MC-101882,3,WR-14,30,424.28,12728.4
MC-101883,1,WR-14,2,177.3,354.6
MC-101884,1,TL-09,21,223.16,4686.36
MC-101884,2,PL-31,9,288.23,2594.07
MC-101884,3,TL-09,24,200.05,4801.2
MC-101885,1,TL-09,29,1607.0,46603.0
MC-101885,2,PL-31,15,774.34,11615.1
MC-101886,1,BR-22,19,127.58,2424.02
MC-101886,2,PL-31,25,248.32,6208.0
MC-101886,3,TL-09,18,235.41,4237.38
MC-101886,4,BR-22,37,176.84,6543.08
MC-101887,1,CS-77,17,1089.79,18526.43
MC-101888,1,WR-14,27,589.29,15910.83
MC-101889,1,PL-31,15,1037.82,15567.3
MC-101889,2,TL-09,35,846.38,29623.3
MC-101890,1,PL-30,27,871.58,23532.66
MC-101890,2,FN-11,36,507.0,18252.0
MC-101891,1,BR-22,8,226.19,1809.52
MC-101891,2,ST-02,7,366.13,2562.91
MC-101892,1,PL-31,21,883.29,18549.09
MC-101892,2,ST-02,12,667.78,8013.36
MC-101892,3,ST-01,1,789.07,789.07
MC-101892,4,PL-30,18,889.62,16013.16
MC-101893,1,FN-11,27,1198.01,32346.27
MC-101893,2,WR-14,24,1344.75,32274.0
MC-101893,3,PL-31,7,1988.41,13918.87
MC-101894,1,PL-31,31,383.93,11901.83
MC-101895,1,CS-77,17,1101.05,18717.85
MC-101895,2,FN-11,21,1278.36,26845.56
MC-101895,3,PL-31,31,1296.6,40194.6
MC-101895,4,ST-01,15,858.86,12882.9
MC-101896,1,PL-31,23,63.9,1469.7
MC-101897,1,PL-31,38,66.82,2539.16
MC-101897,2,ST-01,4,67.02,268.08
MC-101897,3,FN-11,1,70.99,70.99
MC-101898,1,BR-22,5,1020.1,5100.5
MC-101898,2,ST-01,20,1882.65,37653.0
MC-101898,3,PL-31,8,1848.17,14785.36
MC-101899,1,WR-14,13,1341.13,17434.69
MC-101899,2,BR-22,27,1496.2,40397.4
MC-101900,1,ST-01,33,65.14,2149.62
MC-101900,2,WR-14,2,57.68,115.36
MC-101900,3,CS-77,26,86.86,2258.36
MC-101900,4,TL-09,23,85.75,1972.25
MC-101901,1,PL-30,11,592.77,6520.47
MC-101901,2,WR-14,32,835.62,26739.84
MC-101902,1,PL-31,19,56.43,1072.17
MC-101902,2,FN-11,36,85.93,3093.48
MC-101902,3,ST-02,36,114.71,4129.56
MC-101903,1,ST-02,30,52.43,1572.9
MC-101903,2,FN-11,12,57.61,691.32
MC-101904,1,PL-31,30,1318.3,39549.0
MC-101904,2,BR-22,34,659.53,22424.02
MC-101905,1,BR-22,32,195.07,6242.24
MC-101905,2,PL-31,35,293.85,10284.75
MC-101905,3,ST-02,9,205.19,1846.71
MC-101905,4,PL-31,33,183.89,6068.37
MC-101906,1,PL-31,39,111.87,4362.93
MC-101907,1,PL-31,2,1043.48,2086.96
MC-101908,1,PL-31,32,67.91,2173.12
MC-101908,2,CS-77,26,61.71,1604.46
MC-101908,3,TL-09,4,106.51,426.04
MC-101908,4,CS-77,22,115.1,2532.2
MC-101909,1,PL-31,33,950.12,31353.96
MC-101909,2,FN-11,39,1450.6,56573.4
MC-101909,3,BR-22,5,1432.63,7163.15
MC-101910,1,ST-01,12,1016.72,12200.64
MC-101910,2,CS-77,24,1218.81,29251.44
MC-101911,1,ST-01,17,766.58,13031.86
MC-101911,2,PL-30,17,990.76,16842.92
MC-101911,3,TL-09,35,1029.17,36020.95
MC-101912,1,PL-31,39,585.28,22825.92
MC-101912,2,PL-31,30,467.65,14029.5
MC-101913,1,FN-11,8,678.51,5428.08
MC-101913,2,PL-30,30,586.7,17601.0
MC-101913,3,ST-01,24,464.58,11149.92
MC-101913,4,PL-30,37,608.93,22530.41
MC-101914,1,FN-11,32,1099.66,35189.12
MC-101914,2,ST-02,15,902.31,13534.65
MC-101915,1,FN-11,1,150.51,150.51
MC-101915,2,WR-14,36,199.11,7167.96
MC-101916,1,CS-77,31,857.05,26568.55
MC-101916,2,ST-01,37,947.36,35052.32
MC-101916,3,CS-77,18,992.2,17859.6
MC-101916,4,PL-30,26,964.17,25068.42
MC-101917,1,TL-09,27,45.82,1237.14
MC-101917,2,FN-11,15,43.15,647.25
MC-101917,3,PL-30,16,62.21,995.36
MC-101918,1,BR-22,13,1603.91,20850.83
MC-101918,2,CS-77,10,1395.99,13959.9
MC-101918,3,PL-31,6,1045.59,6273.54
MC-101918,4,TL-09,27,1836.66,49589.82
MC-101919,1,TL-09,36,1009.24,36332.64
MC-101920,1,WR-14,11,243.04,2673.44
MC-101920,2,PL-31,22,428.84,9434.48
MC-101921,1,PL-31,13,350.0,4550.0
MC-101922,1,ST-01,24,1071.77,25722.48
MC-101922,2,TL-09,20,1303.28,26065.6
MC-101922,3,FN-11,33,1289.82,42564.06
MC-101923,1,ST-01,20,66.21,1324.2
MC-101924,1,WR-14,17,207.01,3519.17
MC-101925,1,ST-02,24,118.39,2841.36
MC-101925,2,WR-14,7,59.61,417.27
MC-101925,3,ST-01,29,54.8,1589.2
MC-101925,4,ST-01,10,66.21,662.1
MC-101926,1,ST-01,26,927.65,24118.9
MC-101926,2,CS-77,29,1478.21,42868.09
MC-101927,1,ST-01,36,35.46,1276.56
MC-101928,1,PL-31,29,77.72,2253.88
MC-101929,1,FN-11,23,685.53,15767.19
MC-101929,2,BR-22,12,464.09,5569.08
MC-101929,3,CS-77,2,549.39,1098.78
MC-101929,4,FN-11,13,666.04,8658.52
MC-101930,1,PL-31,12,372.15,4465.8
MC-101930,2,TL-09,27,207.42,5600.34
MC-101930,3,FN-11,9,324.41,2919.69
MC-101930,4,FN-11,30,315.41,9462.3
MC-101931,1,FN-11,38,206.22,7836.36
MC-101932,1,WR-14,39,831.19,32416.41
MC-101933,1,TL-09,16,349.09,5585.44
MC-101933,2,ST-01,25,386.89,9672.25
MC-101933,3,PL-31,19,357.45,6791.55
MC-101933,4,BR-22,13,242.83,3156.79
MC-101934,1,PL-30,35,54.95,1923.25
MC-101934,2,PL-30,17,49.89,848.13
MC-101935,1,WR-14,10,1066.23,10662.3
MC-101935,2,FN-11,28,1024.26,28679.28
MC-101936,1,CS-77,23,1097.7,25247.1
MC-101936,2,BR-22,5,819.85,4099.25
MC-101936,3,ST-01,7,793.41,5553.87
MC-101937,1,WR-14,15,55.13,826.95
MC-101938,1,WR-14,32,764.92,24477.44
MC-101938,2,TL-09,26,1266.95,32940.7
MC-101938,3,FN-11,33,928.46,30639.18
MC-101938,4,PL-31,25,1167.44,29186.0
MC-101939,1,PL-31,27,859.19,23198.13
MC-101939,2,WR-14,29,408.42,11844.18
MC-101939,3,ST-01,38,386.91,14702.58
MC-101939,4,WR-14,1,798.73,798.73
MC-101940,1,BR-22,32,170.37,5451.84
MC-101940,2,CS-77,33,184.63,6092.79
MC-101940,3,PL-30,1,169.99,169.99
MC-101940,4,FN-11,37,206.03,7623.11
MC-101941,1,WR-14,20,282.12,5642.4
MC-101941,2,CS-77,7,273.15,1912.05
MC-101942,1,PL-30,25,66.97,1674.25
MC-101943,1,WR-14,33,188.14,6208.62
MC-101944,1,PL-31,38,451.24,17147.12
MC-101944,2,ST-02,35,423.16,14810.6
MC-101944,3,BR-22,7,626.11,4382.77
MC-101945,1,TL-09,3,710.05,2130.15
MC-101946,1,FN-11,39,1399.9,54596.1
MC-101946,2,ST-02,37,1816.61,67214.57
MC-101946,3,BR-22,22,1159.54,25509.88
MC-101946,4,TL-09,25,876.15,21903.75
MC-101947,1,PL-31,4,1558.29,6233.16
MC-101948,1,TL-09,3,63.08,189.24
MC-101948,2,PL-30,18,47.68,858.24
MC-101948,3,PL-31,14,59.31,830.34
MC-101949,1,TL-09,6,1055.33,6331.98
MC-101949,2,FN-11,12,676.0,8112.0
MC-101949,3,TL-09,14,1146.51,16051.14
MC-101949,4,FN-11,9,1267.71,11409.39
MC-101950,1,BR-22,9,66.01,594.09
MC-101950,2,ST-01,9,44.49,400.41
MC-101951,1,CS-77,13,185.62,2413.06
MC-101951,2,ST-02,29,202.28,5866.12
MC-101951,3,FN-11,29,273.33,7926.57
MC-101952,1,TL-09,27,67.56,1824.12
MC-101952,2,CS-77,8,112.74,901.92
MC-101952,3,FN-11,7,101.62,711.34
MC-101952,4,FN-11,34,61.75,2099.5
MC-101953,1,TL-09,29,405.39,11756.31
MC-101953,2,FN-11,1,223.5,223.5
MC-101953,3,FN-11,35,277.54,9713.9
MC-101954,1,PL-31,3,36.51,109.53
MC-101955,1,ST-01,12,302.67,3632.04
MC-101955,2,PL-30,18,240.71,4332.78
MC-101955,3,TL-09,3,422.8,1268.4
MC-101955,4,ST-01,39,221.93,8655.27
MC-101956,1,TL-09,2,93.51,187.02
MC-101957,1,PL-31,27,37.33,1007.91
MC-101957,2,WR-14,22,44.67,982.74
MC-101957,3,FN-11,8,58.32,466.56
MC-101958,1,PL-31,12,1035.46,12425.52
MC-101958,2,FN-11,7,772.19,5405.33
MC-101958,3,PL-31,34,1345.51,45747.34
MC-101959,1,FN-11,35,438.18,15336.3
MC-101959,2,ST-02,8,324.5,2596.0
MC-101960,1,TL-09,28,222.89,6240.92
MC-101960,2,PL-31,17,193.4,3287.8
MC-101960,3,ST-01,6,291.29,1747.74
MC-101961,1,PL-30,3,248.91,746.73
MC-101961,2,TL-09,21,139.0,2919.0
MC-101961,3,BR-22,35,182.92,6402.2
MC-101962,1,FN-11,16,944.74,15115.84
MC-101963,1,FN-11,35,332.19,11626.65
MC-101963,2,WR-14,2,441.11,882.22
MC-101964,1,BR-22,14,1871.11,26195.54
MC-101965,1,ST-02,16,778.06,12448.96
MC-101965,2,TL-09,11,721.62,7937.82
MC-101965,3,BR-22,4,770.21,3080.84
MC-101966,1,WR-14,26,258.9,6731.4
MC-101966,2,WR-14,33,137.71,4544.43
MC-101966,3,PL-31,6,214.21,1285.26
MC-101966,4,TL-09,32,248.15,7940.8
MC-101967,1,BR-22,19,289.23,5495.37
MC-101967,2,WR-14,34,259.51,8823.34
MC-101967,3,WR-14,25,175.85,4396.25
MC-101968,1,ST-01,29,675.27,19582.83
MC-101968,2,PL-31,3,863.16,2589.48
MC-101968,3,BR-22,26,1042.13,27095.38
MC-101969,1,PL-30,17,574.92,9773.64
MC-101970,1,BR-22,9,828.75,7458.75
MC-101970,2,ST-01,38,817.19,31053.22
MC-101970,3,ST-01,30,1036.86,31105.8
MC-101970,4,ST-01,18,1000.41,18007.38
MC-101971,1,WR-14,9,1607.04,14463.36
MC-101971,2,WR-14,19,1852.09,35189.71
MC-101971,3,TL-09,34,1128.37,38364.58
MC-101971,4,WR-14,6,1902.99,11417.94
MC-101972,1,ST-02,5,1920.36,9601.8
MC-101972,2,ST-02,10,1256.57,12565.7
MC-101972,3,PL-30,14,906.77,12694.78
MC-101972,4,ST-02,28,1270.81,35582.68
MC-101973,1,ST-02,4,232.84,931.36
MC-101973,2,WR-14,30,344.94,10348.2
MC-101974,1,WR-14,6,948.06,5688.36
MC-101974,2,PL-30,4,1819.29,7277.16
MC-101974,3,ST-02,17,909.4,15459.8
MC-101975,1,BR-22,1,266.21,266.21
MC-101975,2,PL-31,33,257.43,8495.19
MC-101976,1,CS-77,13,52.81,686.53
MC-101976,2,ST-02,6,64.97,389.82
MC-101977,1,ST-01,17,1227.66,20870.22
MC-101978,1,TL-09,1,1382.29,1382.29
MC-101978,2,FN-11,5,1102.93,5514.65
MC-101978,3,ST-02,12,1363.68,16364.16
MC-101978,4,ST-01,3,955.95,2867.85
MC-101979,1,ST-01,30,1286.37,38591.1
MC-101979,2,ST-01,18,1382.62,24887.16
MC-101979,3,PL-30,6,1615.54,9693.24
MC-101980,1,CS-77,9,1844.17,16597.53
MC-101980,2,CS-77,2,1939.71,3879.42
MC-101980,3,CS-77,23,937.45,21561.35
MC-101981,1,BR-22,4,441.37,1765.48
MC-101981,2,WR-14,26,399.32,10382.32
MC-101981,3,WR-14,33,765.19,25251.27
MC-101982,1,PL-30,24,1227.96,29471.04
MC-101982,2,FN-11,23,761.85,17522.55
MC-101982,3,TL-09,25,1275.3,31882.5
MC-101983,1,CS-77,20,1289.07,25781.4
MC-101984,1,ST-01,4,386.15,1544.6
MC-101984,2,CS-77,15,656.72,9850.8
MC-101984,3,TL-09,34,471.43,16028.62
MC-101985,1,WR-14,36,767.88,27643.68
MC-101985,2,PL-31,11,1232.79,13560.69
MC-101985,3,ST-02,1,640.2,640.2
MC-101986,1,TL-09,14,859.25,12029.5
MC-101986,2,PL-31,26,1119.46,29105.96
MC-101987,1,FN-11,25,1915.09,47877.25
MC-101988,1,BR-22,13,66.08,859.04
MC-101988,2,FN-11,31,63.87,1979.97
MC-101988,3,FN-11,24,56.0,1344.0
MC-101988,4,FN-11,39,84.21,3284.19
MC-101989,1,TL-09,32,1969.33,63018.56
MC-101989,2,PL-31,38,911.95,34654.1
MC-101989,3,BR-22,7,1774.64,12422.48
MC-101990,1,FN-11,19,56.52,1073.88
MC-101990,2,TL-09,15,62.15,932.25
MC-101990,3,PL-30,29,42.76,1240.04
MC-101990,4,TL-09,3,51.13,153.39
MC-101991,1,ST-02,31,1420.92,44048.52
MC-101991,2,PL-31,20,1176.0,23520.0
MC-101991,3,ST-02,26,1645.37,42779.62
MC-101991,4,CS-77,18,1716.34,30894.12
MC-101992,1,TL-09,7,1304.97,9134.79
MC-101992,2,FN-11,36,747.19,26898.84
MC-101992,3,PL-30,37,1209.12,44737.44
MC-101993,1,FN-11,12,89.46,1073.52
MC-101994,1,ST-02,30,1008.94,30268.2
MC-101994,2,PL-30,5,1489.29,7446.45
MC-101994,3,PL-30,4,1334.57,5338.28
MC-101994,4,PL-31,11,1215.81,13373.91
MC-101995,1,CS-77,6,400.95,2405.7
MC-101995,2,ST-02,22,874.29,19234.38
MC-101995,3,FN-11,9,560.86,5047.74
MC-101995,4,BR-22,8,628.96,5031.68
MC-101996,1,CS-77,17,66.09,1123.53
MC-101996,2,TL-09,17,114.13,1940.21
MC-101997,1,CS-77,12,884.32,10611.84
MC-101997,2,ST-02,3,1024.69,3074.07
MC-101998,1,FN-11,5,980.23,4901.15
MC-101998,2,ST-01,12,1229.76,14757.12
MC-101998,3,PL-31,26,990.09,25742.34
MC-101999,1,ST-01,1,217.8,217.8
MC-101999,2,ST-01,10,398.46,3984.6
MC-101999,3,TL-09,2,254.83,509.66
MC-101999,4,TL-09,18,302.94,5452.92
MC-102000,1,WR-14,29,1472.58,42704.82
MC-102000,2,WR-14,13,1307.69,16999.97
MC-102001,1,FN-11,22,1168.42,25705.24
MC-102001,2,FN-11,20,801.28,16025.6
MC-102001,3,ST-02,7,815.48,5708.36
MC-102002,1,PL-30,15,64.16,962.4
MC-102002,2,BR-22,34,35.24,1198.16
MC-102002,3,FN-11,21,65.01,1365.21
MC-102003,1,CS-77,26,472.81,12293.06
MC-102003,2,WR-14,25,605.91,15147.75
MC-102003,3,TL-09,34,735.43,25004.62
MC-102003,4,TL-09,30,414.31,12429.3
MC-102004,1,CS-77,26,1502.42,39062.92
MC-102004,2,FN-11,18,960.22,17283.96
MC-102005,1,FN-11,1,1754.44,1754.44
MC-102006,1,ST-01,20,57.35,1147.0
MC-102006,2,ST-01,14,101.26,1417.64
MC-102006,3,BR-22,17,73.26,1245.42
MC-102006,4,BR-22,11,88.63,974.93
MC-102007,1,WR-14,39,963.74,37585.86
MC-102008,1,WR-14,8,62.42,499.36
MC-102008,2,WR-14,17,76.31,1297.27
MC-102008,3,WR-14,17,70.75,1202.75
MC-102008,4,PL-30,11,54.04,594.44
MC-102009,1,PL-31,38,68.46,2601.48
MC-102009,2,ST-02,29,46.68,1353.72
MC-102009,3,ST-01,28,69.13,1935.64
MC-102009,4,BR-22,21,60.86,1278.06
MC-102010,1,TL-09,33,759.26,25055.58
MC-102010,2,FN-11,19,397.15,7545.85
MC-102011,1,FN-11,19,61.53,1169.07
MC-102011,2,BR-22,23,67.2,1545.6
MC-102012,1,ST-02,36,625.05,22501.8
MC-102013,1,PL-30,38,1847.37,70200.06
MC-102013,2,FN-11,33,1846.11,60921.63
MC-102013,3,ST-01,2,1761.08,3522.16
MC-102014,1,FN-11,14,163.79,2293.06
MC-102014,2,CS-77,2,255.53,511.06
MC-102015,1,WR-14,3,1051.64,3154.92
MC-102016,1,FN-11,30,951.13,28533.9
MC-102016,2,PL-31,24,802.48,19259.52
MC-102016,3,FN-11,16,1342.64,21482.24
MC-102017,1,PL-31,33,1033.73,34113.09
MC-102017,2,ST-02,19,1741.38,33086.22
MC-102017,3,TL-09,10,1283.42,12834.2
MC-102017,4,BR-22,27,1576.32,42560.64
MC-102018,1,FN-11,8,288.9,2311.2
MC-102019,1,ST-01,2,72.35,144.7
MC-102019,2,ST-01,33,112.17,3701.61
MC-102020,1,BR-22,30,697.14,20914.2
MC-102021,1,CS-77,35,46.52,1628.2
MC-102021,2,ST-02,29,63.92,1853.68
MC-102021,3,WR-14,35,71.3,2495.5
MC-102021,4,TL-09,31,45.92,1423.52
MC-102022,1,ST-01,35,68.21,2387.35
MC-102023,1,BR-22,18,218.24,3928.32
MC-102024,1,PL-31,17,371.79,6320.43
MC-102024,2,WR-14,36,259.0,9324.0
MC-102025,1,ST-02,30,223.28,6698.4
MC-102026,1,TL-09,35,1357.47,47511.45
MC-102027,1,WR-14,28,214.24,5998.72
MC-102027,2,FN-11,24,322.6,7742.4
MC-102027,3,BR-22,29,223.51,6481.79
MC-102028,1,FN-11,21,289.92,6088.32
MC-102029,1,ST-02,32,51.51,1648.32
MC-102029,2,PL-30,9,53.96,485.64
MC-102030,1,CS-77,35,1581.04,55336.4
MC-102030,2,ST-02,4,1806.02,7224.08
MC-102031,1,PL-30,11,736.53,8101.83
MC-102032,1,TL-09,9,72.47,652.23
MC-102032,2,FN-11,10,48.51,485.1
MC-102033,1,BR-22,27,1201.11,32429.97
MC-102033,2,ST-01,39,1393.53,54347.67
MC-102033,3,ST-01,5,916.32,4581.6
MC-102034,1,CS-77,24,234.22,5621.28
MC-102034,2,ST-02,6,206.09,1236.54
MC-102035,1,PL-30,29,495.7,14375.3
MC-102036,1,CS-77,10,1397.69,13976.9
MC-102036,2,ST-02,16,907.39,14518.24
MC-102036,3,PL-30,24,1206.83,28963.92
MC-102037,1,ST-02,27,2006.21,54167.67
MC-102037,2,CS-77,7,1276.27,8933.89
MC-102038,1,PL-30,12,66.22,794.64
MC-102038,2,FN-11,31,37.05,1148.55
MC-102038,3,PL-30,10,63.84,638.4
MC-102038,4,WR-14,18,50.77,913.86
MC-102039,1,ST-02,26,48.42,1258.92
MC-102039,2,WR-14,4,55.41,221.64
MC-102039,3,BR-22,10,65.38,653.8
MC-102039,4,TL-09,35,44.32,1551.2
MC-102040,1,BR-22,14,275.4,3855.6
MC-102041,1,PL-30,15,958.39,14375.85
MC-102041,2,ST-02,12,1357.86,16294.32
MC-102042,1,FN-11,26,33.69,875.94
MC-102042,2,TL-09,26,52.84,1373.84
MC-102042,3,TL-09,9,50.79,457.11
MC-102043,1,ST-01,37,283.35,10483.95
MC-102043,2,ST-01,13,227.37,2955.81
MC-102043,3,ST-02,3,252.35,757.05
MC-102044,1,PL-30,2,595.91,1191.82
MC-102044,2,CS-77,36,770.77,27747.72
MC-102044,3,BR-22,7,881.65,6171.55
MC-102045,1,CS-77,18,74.42,1339.56
MC-102045,2,ST-02,16,76.95,1231.2
MC-102045,3,ST-01,23,45.6,1048.8
MC-102045,4,ST-02,14,45.34,634.76
MC-102046,1,PL-31,26,233.36,6067.36
MC-102046,2,BR-22,28,422.28,11823.84
MC-102047,1,TL-09,33,774.37,25554.21
MC-102047,2,FN-11,35,420.41,14714.35
MC-102047,3,ST-01,2,558.6,1117.2
MC-102047,4,TL-09,8,728.6,5828.8
MC-102048,1,ST-01,19,317.38,6030.22
MC-102048,2,ST-01,24,233.78,5610.72
MC-102048,3,TL-09,22,433.99,9547.78
MC-102048,4,TL-09,12,331.47,3977.64
MC-102049,1,WR-14,30,68.63,2058.9
MC-102050,1,FN-11,35,48.54,1698.9
MC-102051,1,PL-30,3,974.42,2923.26
MC-102051,2,ST-01,38,1545.03,58711.14
MC-102052,1,ST-02,8,183.46,1467.68
MC-102052,2,BR-22,4,276.69,1106.76
MC-102053,1,WR-14,3,93.77,281.31
MC-102054,1,FN-11,36,1034.65,37247.4
MC-102054,2,ST-02,10,1462.96,14629.6
MC-102054,3,TL-09,34,820.31,27890.54
MC-102055,1,TL-09,34,849.06,28868.04
MC-102055,2,PL-30,10,825.28,8252.8
MC-102056,1,TL-09,35,52.58,1840.3
MC-102056,2,PL-30,15,35.99,539.85
MC-102056,3,PL-30,20,64.56,1291.2
MC-102056,4,PL-31,30,62.36,1870.8
MC-102057,1,CS-77,25,59.08,1477.0
MC-102057,2,PL-31,26,65.96,1714.96
MC-102057,3,CS-77,7,70.99,496.93
MC-102058,1,ST-02,19,184.98,3514.62
MC-102058,2,TL-09,4,288.05,1152.2
MC-102058,3,PL-31,23,292.63,6730.49
MC-102058,4,ST-02,10,197.48,1974.8
MC-102059,1,PL-31,4,1908.83,7635.32
MC-102059,2,CS-77,33,904.02,29832.66
MC-102059,3,WR-14,21,901.91,18940.11
MC-102060,1,CS-77,34,37.56,1277.04
MC-102060,2,ST-02,14,63.16,884.24
MC-102060,3,CS-77,14,44.13,617.82
MC-102060,4,CS-77,7,43.9,307.3
MC-102061,1,PL-31,9,1109.28,9983.52
MC-102061,2,PL-31,23,1362.22,31331.06
MC-102061,3,WR-14,3,1460.18,4380.54
MC-102062,1,ST-02,35,253.09,8858.15
MC-102063,1,FN-11,10,92.76,927.6
MC-102063,2,ST-01,25,89.9,2247.5
MC-102064,1,PL-31,35,96.82,3388.7
MC-102065,1,ST-02,23,248.72,5720.56
MC-102065,2,BR-22,28,280.74,7860.72
MC-102066,1,TL-09,9,144.97,1304.73
MC-102066,2,WR-14,4,236.7,946.8
MC-102067,1,ST-01,8,1872.84,14982.72
MC-102067,2,BR-22,18,1646.24,29632.32
MC-102067,3,TL-09,2,963.06,1926.12
MC-102068,1,ST-02,29,380.72,11040.88
MC-102068,2,WR-14,19,227.5,4322.5
MC-102068,3,ST-02,37,224.46,8305.02
MC-102068,4,CS-77,4,405.74,1622.96
MC-102069,1,PL-31,25,720.07,18001.75
MC-102070,1,WR-14,30,712.71,21381.3
MC-102071,1,PL-31,11,288.79,3176.69
MC-102072,1,ST-01,11,59.11,650.21
MC-102072,2,PL-30,2,36.28,72.56
MC-102073,1,FN-11,28,1057.94,29622.32
MC-102073,2,CS-77,31,932.93,28920.83
MC-102073,3,PL-31,11,1098.07,12078.77
MC-102074,1,PL-30,17,603.77,10264.09
MC-102074,2,FN-11,24,639.12,15338.88
MC-102075,1,WR-14,6,502.91,3017.46
MC-102075,2,ST-01,34,710.67,24162.78
MC-102076,1,WR-14,30,63.94,1918.2
MC-102076,2,PL-30,16,59.67,954.72
MC-102076,3,CS-77,32,90.72,2903.04
MC-102077,1,WR-14,35,945.32,33086.2
MC-102078,1,CS-77,18,1038.24,18688.32
MC-102078,2,ST-02,24,676.37,16232.88
MC-102078,3,WR-14,31,1081.42,33524.02
MC-102078,4,ST-02,10,682.11,6821.1
MC-102079,1,ST-02,16,230.94,3695.04
MC-102079,2,ST-01,26,195.88,5092.88
MC-102079,3,ST-01,21,231.82,4868.22
MC-102080,1,FN-11,10,391.86,3918.6
MC-102080,2,CS-77,2,525.16,1050.32
MC-102080,3,PL-31,21,627.13,13169.73
MC-102081,1,ST-01,14,140.38,1965.32
MC-102081,2,WR-14,20,258.29,5165.8
MC-102081,3,ST-02,4,260.2,1040.8
MC-102081,4,CS-77,24,130.01,3120.24
MC-102082,1,BR-22,33,325.02,10725.66
MC-102082,2,WR-14,13,201.6,2620.8
MC-102082,3,ST-02,19,202.61,3849.59
MC-102082,4,FN-11,38,325.34,12362.92
MC-102083,1,ST-01,15,105.79,1586.85
MC-102083,2,FN-11,6,107.38,644.28
MC-102083,3,CS-77,22,104.09,2289.98
MC-102083,4,CS-77,30,81.46,2443.8
MC-102084,1,CS-77,14,69.85,977.9
MC-102084,2,ST-02,11,113.33,1246.63
MC-102084,3,ST-01,5,74.8,374.0
MC-102084,4,FN-11,20,84.74,1694.8
MC-102085,1,TL-09,24,52.96,1271.04
MC-102086,1,WR-14,22,69.07,1519.54
MC-102086,2,WR-14,26,34.6,899.6
MC-102086,3,FN-11,4,62.12,248.48
MC-102087,1,TL-09,1,706.26,706.26
MC-102087,2,FN-11,26,513.13,13341.38
MC-102087,3,CS-77,16,660.28,10564.48
MC-102087,4,BR-22,25,842.12,21053.0
MC-102088,1,PL-30,19,1235.56,23475.64
MC-102088,2,WR-14,34,810.21,27547.14
MC-102088,3,PL-31,22,896.7,19727.4
MC-102089,1,WR-14,12,214.4,2572.8
MC-102089,2,CS-77,3,176.13,528.39
MC-102089,3,BR-22,27,262.12,7077.24
MC-102090,1,PL-31,9,320.48,2884.32
MC-102090,2,CS-77,32,426.11,13635.52
MC-102091,1,FN-11,21,136.52,2866.92
MC-102091,2,PL-30,39,233.83,9119.37
MC-102091,3,ST-01,16,146.55,2344.8
MC-102091,4,TL-09,30,242.06,7261.8
MC-102092,1,TL-09,1,911.14,911.14
MC-102092,2,WR-14,21,1125.36,23632.56
MC-102092,3,BR-22,3,1353.76,4061.28
MC-102093,1,ST-02,29,228.77,6634.33
MC-102093,2,PL-31,28,164.2,4597.6
MC-102093,3,WR-14,17,240.17,4082.89
MC-102093,4,PL-31,21,246.71,5180.91
MC-102094,1,ST-01,30,1417.23,42516.9
MC-102094,2,PL-31,12,1444.86,17338.32
MC-102095,1,FN-11,21,803.15,16866.15
MC-102096,1,BR-22,3,69.61,208.83
MC-102096,2,WR-14,14,76.3,1068.2
MC-102097,1,FN-11,14,881.84,12345.76
MC-102097,2,BR-22,11,838.79,9226.69
MC-102097,3,CS-77,16,547.65,8762.4
MC-102097,4,CS-77,17,628.87,10690.79
MC-102098,1,CS-77,21,1078.1,22640.1
MC-102098,2,BR-22,1,1172.47,1172.47
MC-102098,3,PL-31,22,1482.01,32604.22
MC-102099,1,ST-01,4,491.09,1964.36
MC-102099,2,PL-30,37,862.57,31915.09
MC-102099,3,WR-14,32,669.34,21418.88
MC-102099,4,TL-09,30,415.28,12458.4
MC-102100,1,FN-11,37,61.37,2270.69
MC-102100,2,PL-31,21,86.18,1809.78
MC-102100,3,ST-02,2,78.64,157.28
MC-102100,4,FN-11,20,52.82,1056.4
MC-102101,1,ST-02,4,60.09,240.36
MC-102101,2,ST-02,27,35.88,968.76
MC-102102,1,PL-30,33,358.4,11827.2
MC-102102,2,WR-14,23,205.27,4721.21
MC-102102,3,CS-77,32,395.16,12645.12
MC-102102,4,CS-77,3,388.25,1164.75
MC-102103,1,BR-22,26,1736.1,45138.6
MC-102104,1,TL-09,19,176.6,3355.4
MC-102104,2,ST-02,5,173.5,867.5
MC-102104,3,BR-22,8,206.01,1648.08
MC-102105,1,ST-01,22,66.1,1454.2
MC-102105,2,ST-01,26,56.96,1480.96
MC-102105,3,ST-02,3,96.79,290.37
MC-102105,4,ST-01,28,63.04,1765.12
MC-102106,1,BR-22,7,2022.76,14159.32
MC-102107,1,WR-14,5,1131.47,5657.35
MC-102107,2,WR-14,31,964.85,29910.35
MC-102107,3,ST-02,14,801.33,11218.62
MC-102108,1,ST-02,28,72.39,2026.92
MC-102108,2,FN-11,1,76.5,76.5
MC-102108,3,ST-01,38,74.66,2837.08
MC-102108,4,CS-77,36,75.24,2708.64
MC-102109,1,WR-14,30,1129.29,33878.7
MC-102109,2,PL-31,11,1307.69,14384.59
MC-102109,3,TL-09,12,978.87,11746.44
MC-102110,1,WR-14,34,1798.4,61145.6
MC-102110,2,BR-22,26,1100.64,28616.64
MC-102111,1,WR-14,6,442.87,2657.22
MC-102112,1,WR-14,38,828.21,31471.98
MC-102112,2,FN-11,3,458.63,1375.89
MC-102112,3,WR-14,16,617.67,9882.72
MC-102112,4,PL-30,1,451.96,451.96
MC-102113,1,PL-30,28,1569.17,43936.76
MC-102113,2,ST-02,9,956.71,8610.39
MC-102113,3,WR-14,26,1646.39,42806.14
MC-102114,1,ST-02,25,1577.5,39437.5
MC-102114,2,WR-14,15,1647.24,24708.6
MC-102115,1,CS-77,34,1644.47,55911.98
MC-102115,2,ST-02,23,1322.36,30414.28
MC-102115,3,CS-77,21,1476.14,30998.94
MC-102116,1,BR-22,21,772.98,16232.58
MC-102116,2,CS-77,21,1151.21,24175.41
MC-102117,1,ST-02,7,222.79,1559.53
MC-102117,2,ST-01,12,372.43,4469.16
MC-102118,1,FN-11,11,749.61,8245.71
MC-102118,2,FN-11,15,387.37,5810.55
MC-102118,3,ST-02,5,570.06,2850.3
MC-102119,1,PL-31,17,238.35,4051.95
MC-102119,2,TL-09,10,187.5,1875.0
MC-102119,3,CS-77,13,222.59,2893.67
MC-102119,4,TL-09,16,204.92,3278.72
MC-102120,1,ST-01,36,82.88,2983.68
MC-102120,2,BR-22,5,114.1,570.5
MC-102121,1,PL-30,29,267.02,7743.58
MC-102121,2,TL-09,5,191.54,957.7
MC-102121,3,WR-14,6,235.73,1414.38
MC-102121,4,PL-31,36,290.13,10444.68
MC-102122,1,FN-11,21,1198.71,25172.91
MC-102122,2,CS-77,3,662.89,1988.67
MC-102122,3,BR-22,4,925.13,3700.52
MC-102122,4,BR-22,23,1193.33,27446.59
MC-102123,1,CS-77,7,290.84,2035.88
MC-102123,2,ST-02,37,222.77,8242.49
MC-102123,3,PL-31,13,218.66,2842.58
MC-102124,1,FN-11,12,241.82,2901.84
MC-102124,2,PL-30,32,204.7,6550.4
MC-102124,3,PL-30,16,276.04,4416.64
MC-102125,1,PL-31,15,845.15,12677.25
MC-102125,2,FN-11,12,827.78,9933.36
MC-102125,3,CS-77,10,731.54,7315.4
MC-102125,4,PL-30,33,458.45,15128.85
MC-102126,1,BR-22,20,73.63,1472.6
MC-102126,2,FN-11,1,50.53,50.53
MC-102126,3,FN-11,33,70.49,2326.17
MC-102127,1,TL-09,27,708.12,19119.24
MC-102128,1,BR-22,18,387.13,6968.34
MC-102128,2,ST-02,19,267.89,5089.91
MC-102128,3,FN-11,3,320.75,962.25
MC-102128,4,ST-02,36,243.77,8775.72
MC-102129,1,WR-14,36,59.04,2125.44
MC-102129,2,PL-31,37,39.49,1461.13
MC-102129,3,TL-09,29,76.71,2224.59
MC-102129,4,PL-31,8,66.03,528.24
MC-102130,1,PL-31,11,1808.71,19895.81
MC-102131,1,ST-01,30,1745.25,52357.5
MC-102131,2,PL-31,1,1448.36,1448.36
MC-102131,3,PL-31,12,1668.38,20020.56
MC-102131,4,TL-09,14,1723.1,24123.4
MC-102132,1,FN-11,15,698.95,10484.25
MC-102132,2,CS-77,36,400.43,14415.48
MC-102132,3,PL-30,23,421.48,9694.04
MC-102133,1,ST-01,15,1397.12,20956.8
MC-102133,2,CS-77,31,1647.87,51083.97
MC-102133,3,FN-11,8,1139.09,9112.72
MC-102134,1,WR-14,32,1219.42,39021.44
MC-102135,1,BR-22,1,612.22,612.22
MC-102135,2,ST-02,15,519.63,7794.45
MC-102135,3,PL-30,39,413.74,16135.86
MC-102135,4,CS-77,10,889.97,8899.7
MC-102136,1,TL-09,22,1382.99,30425.78
MC-102136,2,PL-30,17,1742.86,29628.62
MC-102136,3,BR-22,2,1362.39,2724.78
MC-102136,4,ST-02,9,1038.49,9346.41
MC-102137,1,PL-30,39,1047.14,40838.46
MC-102137,2,WR-14,6,1040.68,6244.08
MC-102138,1,FN-11,34,822.64,27969.76
MC-102138,2,ST-02,34,797.24,27106.16
MC-102138,3,PL-30,28,1317.82,36898.96
MC-102138,4,BR-22,8,615.86,4926.88
MC-102139,1,TL-09,36,34.28,1234.08
MC-102139,2,TL-09,10,65.91,659.1
MC-102139,3,WR-14,17,64.26,1092.42
MC-102139,4,TL-09,13,52.19,678.47
MC-102140,1,ST-02,29,54.75,1587.75
MC-102140,2,PL-31,7,111.82,782.74
MC-102140,3,TL-09,2,77.24,154.48
MC-102141,1,BR-22,9,358.6,3227.4
MC-102141,2,PL-31,8,388.58,3108.64
MC-102141,3,TL-09,12,268.29,3219.48
MC-102142,1,PL-30,36,64.73,2330.28
MC-102143,1,BR-22,29,56.91,1650.39
MC-102143,2,TL-09,22,40.38,888.36
MC-102143,3,ST-02,6,59.37,356.22
MC-102143,4,FN-11,21,74.3,1560.3
MC-102144,1,PL-30,29,647.15,18767.35
MC-102144,2,FN-11,2,1296.89,2593.78
MC-102144,3,WR-14,6,1325.26,7951.56
MC-102145,1,CS-77,14,604.83,8467.62
MC-102145,2,WR-14,27,834.31,22526.37
MC-102145,3,ST-01,20,1009.33,20186.6
MC-102146,1,ST-01,34,872.16,29653.44
MC-102146,2,PL-31,16,1385.8,22172.8
MC-102147,1,ST-01,13,95.87,1246.31
MC-102147,2,PL-31,31,70.52,2186.12
MC-102147,3,FN-11,18,88.48,1592.64
MC-102147,4,ST-02,36,81.63,2938.68
MC-102148,1,ST-01,8,271.74,2173.92
MC-102148,2,FN-11,3,242.16,726.48
MC-102149,1,ST-01,30,94.13,2823.9
MC-102149,2,ST-02,15,104.12,1561.8
MC-102150,1,ST-02,18,62.49,1124.82
MC-102151,1,ST-01,24,239.24,5741.76
MC-102151,2,ST-02,14,228.84,3203.76
MC-102152,1,PL-30,38,73.73,2801.74
MC-102152,2,BR-22,1,86.88,86.88
MC-102153,1,WR-14,3,143.92,431.76
MC-102153,2,PL-30,6,285.48,1712.88
MC-102153,3,BR-22,15,278.88,4183.2
MC-102154,1,PL-31,39,41.78,1629.42
MC-102154,2,CS-77,4,69.51,278.04
MC-102155,1,ST-01,29,47.95,1390.55
MC-102156,1,ST-01,31,70.84,2196.04
MC-102156,2,TL-09,27,96.03,2592.81
MC-102157,1,TL-09,39,887.79,34623.81
MC-102157,2,BR-22,5,942.96,4714.8
MC-102157,3,PL-30,18,660.33,11885.94
MC-102158,1,ST-01,12,92.76,1113.12
MC-102158,2,CS-77,7,109.15,764.05
MC-102159,1,FN-11,2,268.24,536.48
MC-102159,2,BR-22,27,415.13,11208.51
MC-102159,3,WR-14,33,325.83,10752.39
MC-102160,1,ST-02,35,1246.59,43630.65
MC-102160,2,PL-31,5,716.56,3582.8
MC-102160,3,ST-01,13,900.48,11706.24
MC-102161,1,CS-77,31,394.05,12215.55
MC-102161,2,FN-11,15,374.69,5620.35
MC-102161,3,ST-02,34,341.62,11615.08
MC-102161,4,FN-11,24,221.19,5308.56
MC-102162,1,TL-09,20,88.98,1779.6
MC-102162,2,BR-22,18,76.16,1370.88
MC-102162,3,BR-22,13,112.02,1456.26
MC-102162,4,CS-77,28,57.99,1623.72
MC-102163,1,PL-30,20,262.67,5253.4
MC-102163,2,PL-30,13,210.66,2738.58
MC-102164,1,ST-02,12,418.62,5023.44
MC-102165,1,PL-31,31,927.29,28745.99
MC-102165,2,CS-77,25,1541.68,38542.0
MC-102165,3,ST-01,39,1446.36,56408.04
MC-102165,4,FN-11,3,899.21,2697.63
MC-102166,1,ST-01,32,876.26,28040.32
MC-102166,2,CS-77,17,1137.34,19334.78
MC-102167,1,FN-11,13,245.61,3192.93
MC-102167,2,FN-11,19,166.09,3155.71
MC-102167,3,WR-14,10,293.9,2939.0
MC-102168,1,PL-30,13,1763.44,22924.72
MC-102168,2,FN-11,5,1328.03,6640.15
MC-102168,3,BR-22,1,1733.64,1733.64
MC-102169,1,ST-01,34,55.93,1901.62
MC-102170,1,PL-31,28,718.73,20124.44
MC-102170,2,FN-11,13,484.25,6295.25
MC-102170,3,ST-02,7,464.74,3253.18
MC-102170,4,FN-11,21,839.17,17622.57
MC-102171,1,BR-22,12,180.83,2169.96
MC-102171,2,WR-14,36,133.5,4806.0
MC-102171,3,BR-22,20,158.53,3170.6
MC-102171,4,PL-31,16,185.47,2967.52
MC-102172,1,WR-14,38,62.83,2387.54
MC-102173,1,PL-30,35,164.03,5741.05
MC-102173,2,ST-02,12,145.3,1743.6
MC-102173,3,PL-31,38,189.79,7212.02
MC-102173,4,ST-02,9,266.76,2400.84
MC-102174,1,CS-77,5,573.53,2867.65
MC-102174,2,ST-02,29,777.94,22560.26
MC-102175,1,ST-02,4,1436.64,5746.56
MC-102175,2,TL-09,6,1432.62,8595.72
MC-102175,3,FN-11,28,1026.67,28746.76
MC-102176,1,PL-31,23,260.05,5981.15
MC-102177,1,CS-77,33,1449.21,47823.93
MC-102177,2,PL-31,19,769.14,14613.66
MC-102177,3,CS-77,12,824.48,9893.76
MC-102178,1,ST-02,15,1059.5,15892.5
MC-102179,1,WR-14,13,891.72,11592.36
MC-102180,1,PL-30,37,195.72,7241.64
MC-102180,2,CS-77,9,403.57,3632.13
MC-102180,3,FN-11,37,205.0,7585.0
MC-102181,1,PL-31,25,926.76,23169.0
MC-102181,2,FN-11,36,1148.71,41353.56
MC-102181,3,ST-02,13,734.82,9552.66
MC-102181,4,ST-02,29,1037.56,30089.24
MC-102182,1,CS-77,31,744.98,23094.38
MC-102182,2,CS-77,13,666.54,8665.02
MC-102182,3,ST-02,28,525.31,14708.68
MC-102183,1,FN-11,17,283.3,4816.1
MC-102183,2,PL-31,12,164.06,1968.72
MC-102183,3,FN-11,3,211.05,633.15
MC-102184,1,PL-31,13,64.57,839.41
MC-102184,2,FN-11,39,38.72,1510.08
MC-102184,3,WR-14,27,54.2,1463.4
MC-102184,4,FN-11,22,55.65,1224.3
MC-102185,1,BR-22,9,765.22,6886.98
MC-102186,1,BR-22,34,56.15,1909.1
MC-102186,2,WR-14,19,50.63,961.97
MC-102187,1,ST-02,28,283.07,7925.96
MC-102187,2,PL-31,23,401.73,9239.79
MC-102188,1,TL-09,15,712.69,10690.35
MC-102189,1,BR-22,10,376.22,3762.2
MC-102190,1,WR-14,37,1600.07,59202.59
MC-102190,2,FN-11,3,1505.56,4516.68
MC-102190,3,CS-77,6,1781.45,10688.7
MC-102190,4,PL-30,27,2012.36,54333.72
MC-102191,1,BR-22,5,49.94,249.7
MC-102191,2,BR-22,1,37.39,37.39
MC-102191,3,BR-22,14,39.6,554.4
MC-102191,4,WR-14,6,40.31,241.86
MC-102192,1,PL-30,6,281.52,1689.12
MC-102192,2,BR-22,14,212.62,2976.68
MC-102193,1,BR-22,10,1517.42,15174.2
MC-102193,2,TL-09,26,1418.29,36875.54
MC-102193,3,FN-11,22,946.67,20826.74
MC-102194,1,BR-22,22,1095.98,24111.56
MC-102195,1,PL-30,4,1718.27,6873.08
MC-102195,2,ST-01,1,1479.36,1479.36
MC-102195,3,PL-31,8,1330.35,10642.8
MC-102196,1,CS-77,24,53.39,1281.36
MC-102197,1,WR-14,4,240.83,963.32
MC-102197,2,PL-31,29,252.1,7310.9
MC-102197,3,ST-02,39,267.05,10414.95
MC-102198,1,FN-11,16,729.49,11671.84
MC-102198,2,ST-01,19,402.67,7650.73
MC-102199,1,BR-22,12,1641.0,19692.0
MC-102199,2,BR-22,17,1570.64,26700.88
MC-102199,3,ST-01,36,1290.92,46473.12
MC-102199,4,WR-14,23,809.99,18629.77
MC-102200,1,ST-02,1,607.19,607.19
MC-102201,1,PL-30,14,231.7,3243.8
MC-102201,2,PL-30,22,438.77,9652.94
MC-102201,3,FN-11,26,280.24,7286.24
MC-102201,4,BR-22,16,332.37,5317.92
MC-102202,1,TL-09,10,76.92,769.2
MC-102202,2,ST-02,31,71.34,2211.54
MC-102202,3,PL-31,36,57.52,2070.72
MC-102202,4,WR-14,32,72.32,2314.24
MC-102203,1,WR-14,39,233.43,9103.77
MC-102203,2,TL-09,36,230.35,8292.6
MC-102203,3,TL-09,33,310.09,10232.97
MC-102203,4,PL-30,6,443.01,2658.06
MC-102204,1,ST-01,13,1139.13,14808.69
MC-102204,2,CS-77,7,1339.61,9377.27
MC-102205,1,ST-01,29,56.27,1631.83
MC-102206,1,ST-01,33,65.75,2169.75
MC-102206,2,CS-77,27,74.76,2018.52
MC-102206,3,PL-30,6,38.08,228.48
MC-102206,4,BR-22,11,35.14,386.54
MC-102207,1,ST-02,11,75.83,834.13
MC-102207,2,CS-77,36,49.46,1780.56
MC-102207,3,BR-22,11,62.68,689.48
MC-102207,4,FN-11,10,75.39,753.9
MC-102208,1,PL-30,12,72.11,865.32
MC-102208,2,TL-09,30,76.33,2289.9
MC-102208,3,CS-77,18,102.31,1841.58
MC-102208,4,CS-77,18,68.91,1240.38
MC-102209,1,CS-77,32,81.38,2604.16
MC-102209,2,PL-31,20,96.18,1923.6
MC-102209,3,CS-77,39,95.04,3706.56
MC-102209,4,WR-14,18,99.58,1792.44
MC-102210,1,BR-22,32,1268.1,40579.2
MC-102210,2,CS-77,25,1283.83,32095.75
MC-102210,3,ST-02,12,1241.3,14895.6
MC-102211,1,BR-22,5,348.87,1744.35
MC-102212,1,BR-22,23,72.69,1671.87
MC-102212,2,BR-22,3,38.68,116.04
MC-102212,3,CS-77,1,62.25,62.25
MC-102213,1,ST-02,23,361.96,8325.08
MC-102213,2,TL-09,9,358.05,3222.45
MC-102214,1,WR-14,26,1936.43,50347.18
MC-102214,2,CS-77,4,1261.85,5047.4
MC-102214,3,CS-77,22,1482.6,32617.2
MC-102215,1,CS-77,21,1250.48,26260.08
MC-102216,1,WR-14,12,65.37,784.44
MC-102217,1,WR-14,36,402.97,14506.92
MC-102217,2,ST-02,17,363.62,6181.54
MC-102217,3,ST-01,39,337.52,13163.28
MC-102218,1,TL-09,9,1160.11,10440.99
MC-102218,2,TL-09,18,1135.02,20430.36
MC-102219,1,ST-02,6,164.0,984.0
MC-102219,2,PL-30,4,289.32,1157.28
MC-102220,1,PL-30,12,1335.0,16020.0
MC-102220,2,WR-14,11,641.22,7053.42
MC-102220,3,ST-02,4,824.22,3296.88
MC-102221,1,PL-31,17,604.08,10269.36
MC-102222,1,FN-11,10,853.32,8533.2
MC-102222,2,ST-02,8,1144.33,9154.64
MC-102222,3,PL-30,4,1214.43,4857.72
MC-102223,1,WR-14,22,750.02,16500.44
MC-102223,2,ST-02,26,912.06,23713.56
MC-102223,3,PL-30,10,848.88,8488.8
MC-102224,1,CS-77,19,1197.58,22754.02
MC-102224,2,ST-01,27,1582.29,42721.83
MC-102224,3,BR-22,36,909.19,32730.84
MC-102224,4,CS-77,28,1740.16,48724.48
MC-102225,1,PL-31,25,75.07,1876.75
MC-102225,2,ST-01,34,52.68,1791.12
MC-102226,1,CS-77,37,183.55,6791.35
MC-102227,1,ST-01,29,1146.44,33246.76
MC-102227,2,ST-02,19,1497.13,28445.47
MC-102228,1,WR-14,8,806.75,6454.0
MC-102229,1,FN-11,25,234.27,5856.75
MC-102229,2,FN-11,20,269.5,5390.0
MC-102229,3,ST-01,26,139.1,3616.6
MC-102230,1,FN-11,3,1584.44,4753.32
MC-102230,2,FN-11,18,1454.7,26184.6
MC-102230,3,ST-01,7,1334.21,9339.47
MC-102230,4,TL-09,25,1314.78,32869.5
MC-102231,1,CS-77,31,1219.69,37810.39
MC-102232,1,CS-77,16,372.13,5954.08
MC-102233,1,ST-02,30,212.13,6363.9
MC-102233,2,ST-02,35,423.32,14816.2
MC-102233,3,TL-09,20,392.23,7844.6
MC-102233,4,BR-22,4,354.03,1416.12
MC-102234,1,PL-31,38,114.04,4333.52
MC-102234,2,WR-14,6,67.73,406.38
MC-102235,1,PL-30,35,243.85,8534.75
MC-102235,2,FN-11,7,237.62,1663.34
MC-102235,3,ST-02,17,232.58,3953.86
MC-102235,4,WR-14,31,143.66,4453.46
MC-102236,1,PL-31,1,723.51,723.51
MC-102236,2,PL-30,1,1221.3,1221.3
MC-102236,3,FN-11,27,1290.17,34834.59
MC-102236,4,TL-09,14,831.98,11647.72
MC-102237,1,CS-77,18,255.12,4592.16
MC-102237,2,ST-02,37,280.63,10383.31
MC-102237,3,PL-31,33,184.18,6077.94
MC-102237,4,WR-14,20,172.04,3440.8
MC-102238,1,FN-11,10,114.85,1148.5
MC-102239,1,CS-77,28,53.96,1510.88
MC-102239,2,TL-09,3,104.7,314.1
MC-102239,3,FN-11,17,53.18,904.06
MC-102240,1,ST-02,38,48.81,1854.78
MC-102240,2,ST-01,7,68.61,480.27
MC-102240,3,CS-77,11,35.75,393.25
MC-102240,4,FN-11,18,72.08,1297.44
MC-102241,1,FN-11,24,1121.06,26905.44
MC-102241,2,PL-30,30,1225.13,36753.9
MC-102241,3,TL-09,25,1009.82,25245.5
MC-102242,1,ST-01,16,422.04,6752.64
MC-102242,2,BR-22,35,295.12,10329.2
MC-102242,3,FN-11,32,423.81,13561.92
MC-102243,1,PL-30,31,34.48,1068.88
MC-102243,2,TL-09,9,38.78,349.02
MC-102243,3,TL-09,3,63.3,189.9
MC-102243,4,ST-01,24,59.2,1420.8
MC-102244,1,WR-14,14,96.05,1344.7
MC-102244,2,PL-31,16,60.55,968.8
MC-102244,3,ST-01,15,110.03,1650.45
MC-102244,4,ST-01,30,91.79,2753.7
MC-102245,1,ST-02,6,94.56,567.36
MC-102245,2,TL-09,2,93.11,186.22
MC-102245,3,BR-22,37,86.38,3196.06
MC-102245,4,PL-31,28,115.0,3220.0
MC-102246,1,PL-30,9,117.32,1055.88
MC-102246,2,WR-14,26,105.7,2748.2
MC-102247,1,CS-77,38,664.24,25241.12
MC-102247,2,ST-01,28,1117.26,31283.28
MC-102248,1,FN-11,21,275.99,5795.79
MC-102249,1,PL-31,4,81.83,327.32
MC-102249,2,PL-31,7,73.76,516.32
MC-102249,3,CS-77,6,63.44,380.64
MC-102250,1,CS-77,16,275.4,4406.4
MC-102250,2,BR-22,3,195.0,585.0
MC-102251,1,PL-30,2,232.35,464.7
MC-102251,2,BR-22,10,285.63,2856.3
MC-102252,1,WR-14,29,283.3,8215.7
MC-102252,2,PL-30,34,197.34,6709.56
MC-102252,3,WR-14,6,164.58,987.48
MC-102253,1,PL-30,16,1291.07,20657.12
MC-102253,2,ST-01,33,1312.79,43322.07
MC-102253,3,PL-31,26,1503.61,39093.86
MC-102253,4,ST-01,20,830.64,16612.8
MC-102254,1,CS-77,17,1634.21,27781.57
MC-102254,2,TL-09,37,1980.86,73291.82
MC-102254,3,PL-31,21,1662.17,34905.57
MC-102254,4,CS-77,34,1425.51,48467.34
MC-102255,1,FN-11,3,1119.36,3358.08
MC-102255,2,FN-11,20,1737.37,34747.4
MC-102256,1,ST-01,36,789.64,28427.04
MC-102256,2,WR-14,2,813.13,1626.26
MC-102256,3,CS-77,7,575.18,4026.26
MC-102257,1,PL-30,4,616.14,2464.56
MC-102257,2,ST-01,15,439.63,6594.45
MC-102258,1,PL-31,4,567.49,2269.96
MC-102258,2,TL-09,22,567.67,12488.74
MC-102259,1,PL-30,6,35.97,215.82
MC-102259,2,FN-11,15,38.65,579.75
MC-102259,3,CS-77,13,60.63,788.19
MC-102259,4,ST-02,2,35.93,71.86
MC-102260,1,PL-30,20,63.87,1277.4
MC-102260,2,ST-02,14,108.96,1525.44
MC-102261,1,ST-01,4,719.93,2879.72
MC-102261,2,PL-31,6,1633.79,9802.74
MC-102262,1,CS-77,23,240.03,5520.69
MC-102262,2,ST-01,19,212.88,4044.72
MC-102262,3,TL-09,23,221.05,5084.15
MC-102263,1,PL-30,31,1232.52,38208.12
MC-102263,2,PL-30,12,1245.79,14949.48
MC-102263,3,ST-01,12,1419.98,17039.76
MC-102263,4,CS-77,3,1253.41,3760.23
MC-102264,1,ST-01,21,1349.91,28348.11
MC-102264,2,CS-77,14,1357.8,19009.2
MC-102264,3,FN-11,10,1071.84,10718.4
MC-102265,1,TL-09,15,1339.96,20099.4
MC-102265,2,FN-11,13,1027.63,13359.19
MC-102266,1,PL-31,32,602.19,19270.08
MC-102266,2,TL-09,19,1164.53,22126.07
MC-102267,1,ST-02,2,965.14,1930.28
MC-102267,2,WR-14,34,1131.64,38475.76
MC-102268,1,PL-31,27,475.31,12833.37
MC-102269,1,TL-09,5,659.54,3297.7
MC-102269,2,PL-30,1,872.33,872.33
MC-102269,3,TL-09,4,864.99,3459.96
MC-102269,4,FN-11,25,995.18,24879.5
MC-102270,1,BR-22,25,54.81,1370.25
MC-102270,2,CS-77,7,52.27,365.89
MC-102270,3,CS-77,27,71.61,1933.47
MC-102271,1,FN-11,38,401.69,15264.22
MC-102272,1,CS-77,12,623.0,7476.0
MC-102273,1,TL-09,1,1281.53,1281.53
MC-102273,2,PL-31,31,845.83,26220.73
MC-102273,3,WR-14,24,1418.91,34053.84
MC-102274,1,TL-09,9,1460.06,13140.54
MC-102275,1,TL-09,14,241.26,3377.64
MC-102276,1,CS-77,11,900.38,9904.18
MC-102276,2,FN-11,11,789.16,8680.76
MC-102276,3,FN-11,21,1578.39,33146.19
MC-102276,4,ST-02,5,1305.21,6526.05
MC-102277,1,BR-22,5,586.37,2931.85
MC-102277,2,CS-77,22,554.91,12208.02
MC-102278,1,TL-09,29,99.83,2895.07
MC-102278,2,FN-11,12,103.36,1240.32
MC-102278,3,PL-30,23,72.35,1664.05
MC-102279,1,ST-01,37,1238.73,45833.01
MC-102279,2,BR-22,13,1566.44,20363.72
MC-102279,3,ST-01,32,1434.78,45912.96
MC-102279,4,BR-22,27,766.09,20684.43
MC-102280,1,PL-30,6,154.15,924.9
MC-102281,1,PL-30,7,894.94,6264.58
MC-102282,1,FN-11,28,659.6,18468.8
MC-102282,2,TL-09,38,674.33,25624.54
MC-102282,3,WR-14,11,623.49,6858.39
MC-102282,4,TL-09,21,1067.95,22426.95
MC-102283,1,TL-09,28,764.37,21402.36
MC-102284,1,PL-31,2,1031.14,2062.28
MC-102285,1,BR-22,14,295.25,4133.5
MC-102285,2,BR-22,18,371.38,6684.84
MC-102285,3,WR-14,33,317.88,10490.04
MC-102286,1,PL-30,29,1087.47,31536.63
MC-102286,2,WR-14,24,930.69,22336.56
MC-102287,1,ST-01,28,1694.01,47432.28
MC-102288,1,CS-77,6,1307.63,7845.78
MC-102288,2,PL-30,30,2028.34,60850.2
MC-102288,3,BR-22,32,1084.93,34717.76
MC-102289,1,ST-01,2,266.7,533.4
MC-102289,2,WR-14,3,447.21,1341.63
MC-102289,3,PL-30,27,353.1,9533.7
MC-102289,4,ST-01,13,293.75,3818.75
MC-102290,1,PL-30,14,1733.86,24274.04
MC-102290,2,BR-22,23,1314.23,30227.29
MC-102291,1,BR-22,16,169.23,2707.68
MC-102291,2,CS-77,39,292.22,11396.58
MC-102291,3,BR-22,6,277.13,1662.78
MC-102292,1,TL-09,24,264.65,6351.6
MC-102292,2,FN-11,1,131.47,131.47
MC-102293,1,FN-11,28,826.36,23138.08
MC-102293,2,CS-77,31,727.66,22557.46
MC-102293,3,PL-30,6,676.22,4057.32
MC-102293,4,CS-77,24,852.85,20468.4
MC-102294,1,TL-09,24,430.85,10340.4
MC-102294,2,PL-31,14,371.55,5201.7
MC-102295,1,CS-77,5,168.8,844.0
MC-102295,2,FN-11,22,290.58,6392.76
MC-102296,1,ST-02,24,277.89,6669.36
MC-102296,2,WR-14,18,440.8,7934.4
MC-102296,3,TL-09,36,358.03,12889.08
MC-102296,4,FN-11,32,196.08,6274.56
MC-102297,1,WR-14,19,1693.81,32182.39
MC-102297,2,ST-02,24,1798.59,43166.16
MC-102298,1,FN-11,35,277.78,9722.3
MC-102298,2,ST-01,2,229.32,458.64
MC-102298,3,FN-11,3,217.57,652.71
MC-102299,1,PL-30,3,37.41,112.23
MC-102300,1,BR-22,34,63.67,2164.78
MC-102300,2,PL-30,33,71.58,2362.14
MC-102300,3,FN-11,4,67.28,269.12
MC-102300,4,PL-30,6,39.82,238.92
MC-102301,1,ST-02,6,1339.49,8036.94
MC-102301,2,BR-22,38,905.59,34412.42
MC-102301,3,FN-11,3,949.07,2847.21
MC-102301,4,ST-01,29,1640.59,47577.11
MC-102302,1,ST-01,39,379.58,14803.62
MC-102303,1,ST-01,17,62.12,1056.04
MC-102303,2,BR-22,5,76.63,383.15
MC-102303,3,ST-02,10,49.03,490.3
MC-102303,4,CS-77,24,71.87,1724.88
MC-102304,1,ST-02,28,967.41,27087.48
MC-102304,2,FN-11,15,783.32,11749.8
MC-102305,1,ST-01,29,1535.45,44528.05
MC-102305,2,ST-02,24,961.73,23081.52
MC-102305,3,PL-31,22,1052.41,23153.02
MC-102306,1,FN-11,10,1523.04,15230.4
MC-102307,1,FN-11,35,712.07,24922.45
MC-102307,2,BR-22,38,398.38,15138.44
MC-102308,1,CS-77,14,1137.34,15922.76
MC-102308,2,PL-30,31,1070.53,33186.43
MC-102308,3,ST-01,15,1443.15,21647.25
MC-102309,1,FN-11,14,173.51,2429.14
MC-102309,2,FN-11,10,167.76,1677.6
MC-102309,3,ST-02,5,242.43,1212.15
MC-102310,1,CS-77,13,439.15,5708.95
MC-102310,2,BR-22,20,593.14,11862.8
MC-102311,1,FN-11,17,155.96,2651.32
MC-102311,2,TL-09,26,172.96,4496.96
MC-102311,3,PL-30,8,264.49,2115.92
MC-102312,1,TL-09,20,286.68,5733.6
MC-102312,2,ST-01,39,275.36,10739.04
MC-102312,3,PL-31,21,277.8,5833.8
MC-102312,4,CS-77,36,192.09,6915.24
MC-102313,1,ST-01,36,886.19,31902.84
MC-102314,1,ST-01,12,117.86,1414.32
MC-102315,1,WR-14,11,176.09,1936.99
MC-102315,2,ST-01,28,203.76,5705.28
MC-102315,3,ST-02,23,228.0,5244.0
MC-102315,4,PL-30,24,252.24,6053.76
MC-102316,1,ST-01,24,62.69,1504.56
MC-102317,1,PL-30,16,263.53,4216.48
MC-102317,2,FN-11,17,135.31,2300.27
MC-102317,3,CS-77,13,281.53,3659.89
MC-102318,1,TL-09,32,270.81,8665.92
MC-102318,2,FN-11,26,331.91,8629.66
MC-102318,3,ST-01,30,195.54,5866.2
MC-102318,4,TL-09,23,255.91,5885.93
MC-102319,1,ST-02,6,157.59,945.54
MC-102319,2,TL-09,7,253.52,1774.64
MC-102319,3,BR-22,29,229.76,6663.04
MC-102319,4,PL-30,14,219.19,3068.66
MC-102320,1,ST-01,36,181.17,6522.12
MC-102320,2,BR-22,37,231.39,8561.43
MC-102320,3,TL-09,6,127.45,764.7
MC-102320,4,TL-09,27,157.47,4251.69
MC-102321,1,WR-14,3,51.28,153.84
MC-102321,2,PL-31,24,58.89,1413.36
MC-102321,3,CS-77,3,42.02,126.06
MC-102321,4,PL-31,14,33.98,475.72
MC-102322,1,FN-11,25,63.2,1580.0
MC-102323,1,TL-09,5,57.41,287.05
MC-102323,2,CS-77,30,62.18,1865.4
MC-102323,3,FN-11,30,92.9,2787.0
MC-102323,4,ST-02,9,103.46,931.14
MC-102324,1,PL-30,28,276.98,7755.44
MC-102324,2,FN-11,30,323.22,9696.6
MC-102324,3,WR-14,14,229.01,3206.14
MC-102324,4,PL-31,28,297.28,8323.84
MC-102325,1,TL-09,36,109.3,3934.8
MC-102325,2,BR-22,25,70.52,1763.0
MC-102325,3,FN-11,5,73.7,368.5
MC-102325,4,PL-30,3,111.38,334.14
MC-102326,1,CS-77,31,409.69,12700.39
MC-102326,2,TL-09,33,239.94,7918.02
MC-102326,3,PL-30,14,203.12,2843.68
MC-102327,1,PL-31,3,112.21,336.63
MC-102327,2,ST-01,25,107.24,2681.0
MC-102328,1,BR-22,24,61.94,1486.56
MC-102328,2,FN-11,35,43.92,1537.2
MC-102328,3,WR-14,31,76.53,2372.43
MC-102329,1,TL-09,18,47.06,847.08
MC-102329,2,ST-02,35,50.13,1754.55
MC-102329,3,TL-09,27,41.27,1114.29
MC-102330,1,CS-77,26,1518.31,39476.06
MC-102330,2,FN-11,35,1652.22,57827.7
MC-102330,3,CS-77,7,1847.49,12932.43
MC-102331,1,WR-14,27,42.13,1137.51
MC-102331,2,CS-77,29,65.56,1901.24
MC-102331,3,FN-11,34,34.84,1184.56
MC-102331,4,TL-09,9,64.55,580.95
MC-102332,1,ST-01,23,136.41,3137.43
MC-102333,1,CS-77,24,193.54,4644.96
MC-102333,2,TL-09,36,351.26,12645.36
MC-102333,3,CS-77,25,412.56,10314.0
MC-102334,1,FN-11,21,1586.07,33307.47
MC-102334,2,BR-22,38,1650.08,62703.04
MC-102334,3,ST-01,16,1617.39,25878.24
MC-102334,4,BR-22,27,1553.56,41946.12
MC-102335,1,PL-30,16,77.61,1241.76
MC-102335,2,ST-01,8,107.6,860.8
MC-102335,3,PL-30,25,65.95,1648.75
MC-102336,1,TL-09,1,81.46,81.46
MC-102336,2,CS-77,12,72.98,875.76
MC-102336,3,CS-77,11,98.68,1085.48
MC-102336,4,CS-77,6,60.66,363.96
MC-102337,1,FN-11,11,88.54,973.94
MC-102337,2,CS-77,20,117.32,2346.4
MC-102337,3,ST-01,7,112.83,789.81
MC-102338,1,TL-09,19,1337.61,25414.59
MC-102338,2,PL-30,2,931.07,1862.14
MC-102338,3,PL-30,32,1328.01,42496.32
MC-102339,1,ST-01,34,92.51,3145.34
MC-102339,2,ST-01,8,85.87,686.96
MC-102339,3,TL-09,32,87.61,2803.52
MC-102340,1,BR-22,34,64.99,2209.66
MC-102340,2,PL-30,21,87.7,1841.7
MC-102340,3,BR-22,36,67.4,2426.4
MC-102340,4,WR-14,13,62.72,815.36
MC-102341,1,FN-11,21,728.75,15303.75
MC-102341,2,CS-77,14,782.12,10949.68
MC-102341,3,CS-77,37,609.42,22548.54
MC-102341,4,CS-77,1,1186.04,1186.04
MC-102342,1,PL-31,32,1953.95,62526.4
MC-102342,2,FN-11,28,1660.56,46495.68
MC-102343,1,WR-14,15,471.26,7068.9
MC-102344,1,CS-77,35,113.6,3976.0
MC-102344,2,BR-22,36,86.76,3123.36
MC-102345,1,WR-14,3,182.14,546.42
MC-102346,1,ST-01,21,264.61,5556.81
MC-102346,2,FN-11,29,384.57,11152.53
MC-102346,3,ST-01,14,192.99,2701.86
MC-102347,1,ST-02,21,868.42,18236.82
MC-102348,1,PL-30,7,901.43,6310.01
MC-102348,2,WR-14,38,1257.05,47767.9
MC-102349,1,WR-14,12,881.01,10572.12
MC-102350,1,FN-11,4,823.66,3294.64
MC-102350,2,ST-01,34,1190.51,40477.34
MC-102350,3,ST-02,2,1045.77,2091.54
MC-102350,4,BR-22,28,1181.2,33073.6
MC-102351,1,PL-30,3,65.38,196.14
MC-102351,2,ST-02,16,33.32,533.12
MC-102351,3,BR-22,22,74.39,1636.58
MC-102352,1,PL-30,27,1363.14,36804.78
MC-102352,2,WR-14,23,1380.88,31760.24
MC-102352,3,WR-14,19,1248.01,23712.19
MC-102353,1,TL-09,31,61.38,1902.78
MC-102353,2,PL-31,12,65.36,784.32
MC-102353,3,WR-14,14,48.12,673.68
MC-102354,1,TL-09,24,856.25,20550.0
MC-102354,2,CS-77,3,532.73,1598.19
MC-102355,1,PL-30,18,1222.27,22000.86
MC-102355,2,ST-01,39,1580.32,61632.48
MC-102355,3,TL-09,7,1061.09,7427.63
MC-102355,4,BR-22,6,769.42,4616.52
MC-102356,1,BR-22,6,226.21,1357.26
MC-102357,1,ST-01,15,557.48,8362.2
MC-102357,2,FN-11,12,581.8,6981.6
MC-102357,3,ST-01,17,717.61,12199.37
MC-102358,1,FN-11,25,677.04,16926.0
MC-102358,2,FN-11,12,645.07,7740.84
MC-102358,3,PL-31,38,772.06,29338.28
MC-102358,4,ST-01,28,815.5,22834.0
MC-102359,1,TL-09,35,138.26,4839.1
MC-102359,2,CS-77,23,246.93,5679.39
MC-102359,3,WR-14,28,185.43,5192.04
MC-102359,4,PL-31,15,138.55,2078.25
MC-102360,1,BR-22,5,1133.76,5668.8
MC-102360,2,ST-02,19,1108.09,21053.71
MC-102360,3,BR-22,29,1206.95,35001.55
MC-102361,1,CS-77,30,264.9,7947.0
MC-102361,2,WR-14,27,232.54,6278.58
MC-102362,1,TL-09,34,714.11,24279.74
MC-102362,2,PL-30,5,807.51,4037.55
MC-102362,3,PL-30,22,565.27,12435.94
MC-102362,4,WR-14,29,627.87,18208.23
MC-102363,1,FN-11,20,97.69,1953.8
MC-102363,2,ST-01,3,77.01,231.03
MC-102363,3,PL-30,35,94.1,3293.5
MC-102364,1,BR-22,19,1267.08,24074.52
MC-102364,2,PL-31,25,724.54,18113.5
MC-102365,1,TL-09,34,1770.52,60197.68
MC-102366,1,CS-77,8,67.98,543.84
MC-102366,2,PL-30,31,46.83,1451.73
MC-102366,3,PL-31,14,63.48,888.72
MC-102367,1,ST-01,34,171.02,5814.68
MC-102368,1,CS-77,32,130.25,4168.0
MC-102368,2,BR-22,35,143.58,5025.3
MC-102368,3,PL-31,36,279.08,10046.88
MC-102369,1,FN-11,3,67.26,201.78
MC-102370,1,PL-30,3,117.18,351.54
MC-102370,2,ST-02,24,107.59,2582.16
MC-102371,1,ST-01,15,985.01,14775.15
MC-102371,2,PL-31,2,1415.71,2831.42
MC-102372,1,BR-22,19,1734.53,32956.07
MC-102372,2,CS-77,23,1282.55,29498.65
MC-102372,3,PL-30,20,971.45,19429.0
MC-102373,1,BR-22,14,894.16,12518.24
MC-102373,2,TL-09,28,656.36,18378.08
MC-102373,3,TL-09,4,832.95,3331.8
MC-102373,4,BR-22,7,513.64,3595.48
MC-102374,1,TL-09,25,1157.26,28931.5
MC-102374,2,PL-30,20,600.01,12000.2
MC-102375,1,WR-14,31,305.86,9481.66
MC-102375,2,PL-31,16,348.65,5578.4
MC-102375,3,FN-11,2,421.46,842.92
MC-102375,4,ST-02,8,438.88,3511.04
MC-102376,1,TL-09,5,38.58,192.9
MC-102376,2,PL-31,6,52.41,314.46
MC-102377,1,PL-30,9,75.9,683.1
MC-102377,2,CS-77,28,53.92,1509.76
MC-102378,1,ST-02,25,1381.42,34535.5
MC-102379,1,CS-77,1,101.78,101.78
MC-102379,2,FN-11,29,81.93,2375.97
MC-102379,3,PL-31,7,98.96,692.72
MC-102380,1,WR-14,14,1097.55,15365.7
MC-102381,1,PL-31,27,554.83,14980.41
MC-102381,2,CS-77,7,501.92,3513.44
MC-102382,1,ST-02,27,67.35,1818.45
MC-102382,2,BR-22,30,46.76,1402.8
MC-102382,3,PL-30,26,60.69,1577.94
MC-102383,1,WR-14,32,303.12,9699.84
MC-102383,2,BR-22,1,352.27,352.27
MC-102384,1,WR-14,14,118.49,1658.86
MC-102384,2,ST-01,4,114.25,457.0
MC-102384,3,BR-22,30,65.71,1971.3
MC-102385,1,TL-09,39,186.34,7267.26
MC-102385,2,BR-22,16,167.93,2686.88
MC-102385,3,ST-02,26,127.9,3325.4
MC-102385,4,BR-22,36,288.34,10380.24
MC-102386,1,TL-09,35,1281.5,44852.5
MC-102386,2,ST-01,10,1154.29,11542.9
MC-102386,3,PL-30,10,1347.04,13470.4
MC-102387,1,ST-02,19,1182.35,22464.65
MC-102387,2,TL-09,11,1205.62,13261.82
MC-102388,1,TL-09,20,1557.89,31157.8
MC-102388,2,PL-30,32,1635.67,52341.44
MC-102388,3,ST-02,38,1433.32,54466.16
MC-102388,4,WR-14,28,1645.21,46065.88
MC-102389,1,BR-22,35,1027.32,35956.2
MC-102389,2,TL-09,26,1377.55,35816.3
MC-102389,3,TL-09,30,1196.04,35881.2
MC-102390,1,ST-01,30,1963.08,58892.4
MC-102390,2,ST-01,9,895.41,8058.69
MC-102390,3,ST-02,36,1691.13,60880.68
MC-102390,4,PL-31,7,2019.47,14136.29
MC-102391,1,ST-01,36,71.03,2557.08
MC-102391,2,ST-01,30,64.49,1934.7
MC-102392,1,BR-22,12,247.01,2964.12
MC-102393,1,WR-14,23,89.24,2052.52
MC-102394,1,WR-14,24,437.65,10503.6
MC-102394,2,CS-77,24,852.34,20456.16
MC-102394,3,TL-09,31,791.47,24535.57
MC-102394,4,TL-09,24,432.64,10383.36
MC-102395,1,CS-77,17,1438.65,24457.05
MC-102396,1,ST-01,14,1353.94,18955.16
MC-102397,1,PL-30,6,70.04,420.24
MC-102398,1,ST-02,34,1362.98,46341.32
MC-102398,2,ST-01,29,1081.93,31375.97
MC-102398,3,WR-14,38,1176.86,44720.68
MC-102399,1,PL-31,37,1054.17,39004.29
