line_id,order_date,vendor,part_class,quantity,unit_price,lead_time_days,contract_type,plant,line_total
L03201,2024-07-01,Alpha Fasteners Inc.,Formed Wire,202,1.94,28,Blanket release,North,391.88
L01395,2024-07-01,Britewire Ltd.,Formed Wire,8,3.91,39,Blanket release,North,31.28
L04463,2024-07-01,Alpha Fasteners Inc.,Formed Wire,240,2.07,10,Spot buy,South,496.8
L04449,2024-07-01,Britewire Ltd.,Fastener,133,2.0,17,Spot buy,South,266.0
L07586,2024-07-01,Britewire Ltd.,Fastener,42,1.65,30,Spot buy,North,69.3
L02302,2024-07-01,Perez Castings S.A.,Cast Housing,144,9.29,25,Blanket release,North,1337.76
L00689,2024-07-01,Rhein Polymer GmbH,Cast Housing,128,11.4,41,Blanket release,South,1459.2
L04405,2024-07-01,Alpha Fasteners Inc.,Fastener,22,1.55,35,Spot buy,North,34.1
L05998,2024-07-01,Alpha Fasteners Inc.,Fastener,47,2.13,19,Spot buy,North,100.11
L07072,2024-07-01,Alpha Fasteners Inc.,Formed Wire,21,4.46,10,Blanket release,South,93.66
L01972,2024-07-01,Kwan Precision Ltd.,Cast Housing,115,16.96,19,Spot buy,North,1950.4
L00096,2024-07-01,Alpha Fasteners Inc.,Formed Wire,131,2.29,28,Spot buy,South,299.99
L07171,2024-07-01,Britewire Ltd.,Formed Wire,82,2.82,24,Blanket release,North,231.24
L04323,2024-07-01,Alpha Fasteners Inc.,Fastener,12,2.5,34,Spot buy,South,30.0
L03760,2024-07-01,Britewire Ltd.,Formed Wire,105,2.72,7,Spot buy,North,285.6
L01966,2024-07-01,Britewire Ltd.,Formed Wire,285,2.73,6,Blanket release,North,778.05
L03769,2024-07-01,Britewire Ltd.,Formed Wire,39,3.3,12,Spot buy,North,128.7
L06356,2024-07-01,Meridian Tooling (internal),Cast Housing,206,6.44,14,Blanket release,North,1326.64
L04273,2024-07-01,Alpha Fasteners Inc.,Fastener,75,0.97,16,Blanket release,South,72.75
L06971,2024-07-01,Alpha Fasteners Inc.,Fastener,14,2.22,19,Blanket release,North,31.08
L04264,2024-07-01,Nordic Steel Co.,Cast Housing,218,8.04,28,Blanket release,South,1752.72
L03346,2024-07-01,Alpha Fasteners Inc.,Formed Wire,133,3.06,26,Spot buy,North,406.98
L02177,2024-07-01,Britewire Ltd.,Fastener,162,0.98,42,Spot buy,North,158.76
L05415,2024-07-01,Alpha Fasteners Inc.,Fastener,23,1.17,25,Spot buy,North,26.91
L04472,2024-07-01,Britewire Ltd.,Formed Wire,120,2.16,30,Blanket release,South,259.2
L06050,2024-07-01,Sato Industrial K.K.,Precision Assembly,44,43.7,31,Spot buy,South,1922.8
L01352,2024-07-01,Alpha Fasteners Inc.,Formed Wire,45,3.69,17,Blanket release,South,166.05
L06952,2024-07-01,Alpha Fasteners Inc.,Fastener,64,3.06,5,Spot buy,North,195.84
L02073,2024-07-01,Alpha Fasteners Inc.,Fastener,19,3.35,8,Spot buy,South,63.65
L02594,2024-07-01,Kwan Precision Ltd.,Cast Housing,286,11.72,11,Spot buy,North,3351.92
L04853,2024-07-01,Britewire Ltd.,Fastener,19,1.59,23,Blanket release,North,30.21
L01033,2024-07-01,Britewire Ltd.,Fastener,35,1.82,32,Spot buy,South,63.7
L01032,2024-07-01,Sato Industrial K.K.,Precision Assembly,137,42.55,31,Spot buy,South,5829.35
L02075,2024-07-01,Britewire Ltd.,Fastener,25,1.54,34,Blanket release,North,38.5
L04941,2024-07-01,Alpha Fasteners Inc.,Fastener,89,1.29,2,Spot buy,North,114.81
L02081,2024-07-01,Alpha Fasteners Inc.,Formed Wire,118,2.1,29,Spot buy,North,247.8
L01199,2024-07-01,Alpha Fasteners Inc.,Formed Wire,141,2.9,27,Blanket release,North,408.9
L06536,2024-07-01,Nordic Steel Co.,Formed Wire,52,4.71,21,Spot buy,North,244.92
L05858,2024-07-01,Nordic Steel Co.,Formed Wire,114,3.67,29,Blanket release,North,418.38
L05036,2024-07-01,Nordic Steel Co.,Cast Housing,295,8.07,17,Blanket release,South,2380.65
L00222,2024-07-01,Rhein Polymer GmbH,Cast Housing,58,12.87,21,Blanket release,North,746.46
L00229,2024-07-01,Alpha Fasteners Inc.,Formed Wire,192,2.46,10,Spot buy,South,472.32
L01293,2024-07-01,Kwan Precision Ltd.,Cast Housing,92,22.54,19,Spot buy,South,2073.68
L01294,2024-07-01,Alpha Fasteners Inc.,Fastener,34,1.99,10,Spot buy,South,67.66
L02008,2024-07-01,Britewire Ltd.,Fastener,43,3.3,19,Spot buy,South,141.9
L00149,2024-07-01,Britewire Ltd.,Fastener,21,1.92,15,Blanket release,South,40.32
L06426,2024-07-01,Britewire Ltd.,Fastener,67,1.61,4,Spot buy,North,107.87
L07360,2024-07-01,Britewire Ltd.,Formed Wire,176,3.61,13,Spot buy,South,635.36
L05208,2024-07-01,Alpha Fasteners Inc.,Fastener,18,1.49,41,Spot buy,South,26.82
L05216,2024-07-01,Rhein Polymer GmbH,Cast Housing,556,8.43,43,Blanket release,South,4687.08
L04550,2024-07-01,Britewire Ltd.,Fastener,36,1.67,18,Spot buy,North,60.12
L06404,2024-07-01,Perez Castings S.A.,Precision Assembly,306,33.2,27,Blanket release,South,10159.2
L04205,2024-07-01,Perez Castings S.A.,Cast Housing,158,10.09,15,Spot buy,South,1594.22
L00660,2024-07-01,Rhein Polymer GmbH,Cast Housing,623,13.62,9,Blanket release,South,8485.26
L03908,2024-07-01,Perez Castings S.A.,Precision Assembly,1272,24.15,32,Spot buy,North,30718.8
L02926,2024-07-01,Nordic Steel Co.,Formed Wire,589,2.3,9,Spot buy,South,1354.7
L04102,2024-07-01,Britewire Ltd.,Fastener,7,3.03,16,Spot buy,North,21.21
L01674,2024-07-01,Perez Castings S.A.,Precision Assembly,1011,31.61,27,Blanket release,South,31957.71
L02441,2024-07-01,Britewire Ltd.,Fastener,16,2.68,23,Spot buy,South,42.88
L04129,2024-07-01,Nordic Steel Co.,Cast Housing,851,9.46,15,Blanket release,North,8050.46
L03790,2024-07-01,Alpha Fasteners Inc.,Formed Wire,296,1.68,20,Blanket release,North,497.28
L03195,2024-07-01,Britewire Ltd.,Fastener,83,1.01,30,Blanket release,North,83.83
L00049,2024-07-01,Nordic Steel Co.,Cast Housing,355,11.14,30,Blanket release,South,3954.7
L01745,2024-07-01,Nordic Steel Co.,Cast Housing,1086,6.52,28,Blanket release,South,7080.72
L00477,2024-07-01,Britewire Ltd.,Fastener,74,1.83,15,Spot buy,South,135.42
L02804,2024-07-01,Nordic Steel Co.,Formed Wire,78,3.79,26,Spot buy,South,295.62
L02929,2024-07-01,Kwan Precision Ltd.,Cast Housing,139,13.93,23,Spot buy,North,1936.27
L06979,2024-07-01,Rhein Polymer GmbH,Cast Housing,136,10.52,7,Spot buy,South,1430.72
L04049,2024-07-01,Nordic Steel Co.,Cast Housing,900,6.82,6,Spot buy,South,6138.0
L00033,2024-07-01,Nordic Steel Co.,Cast Housing,326,11.79,23,Blanket release,North,3843.54
L06943,2024-07-01,Britewire Ltd.,Formed Wire,30,4.51,13,Spot buy,North,135.3
L01725,2024-07-01,Britewire Ltd.,Fastener,38,1.75,25,Blanket release,North,66.5
L00054,2024-07-01,Rhein Polymer GmbH,Precision Assembly,510,44.9,23,Blanket release,North,22899.0
L06273,2024-07-01,Nordic Steel Co.,Cast Housing,23,11.3,13,Spot buy,South,259.9
L04540,2024-07-02,Nordic Steel Co.,Formed Wire,116,3.26,38,Blanket release,North,378.16
L03993,2024-07-02,Rhein Polymer GmbH,Cast Housing,716,12.6,18,Spot buy,South,9021.6
L05315,2024-07-02,Britewire Ltd.,Fastener,64,2.4,14,Spot buy,South,153.6
L05146,2024-07-02,Sato Industrial K.K.,Precision Assembly,909,31.76,34,Blanket release,North,28869.84
L07146,2024-07-02,Kwan Precision Ltd.,Cast Housing,24,18.16,19,Spot buy,North,435.84
L04512,2024-07-02,Britewire Ltd.,Fastener,9,2.33,18,Blanket release,South,20.97
L02857,2024-07-02,Kwan Precision Ltd.,Cast Housing,209,12.1,27,Spot buy,North,2528.9
L00141,2024-07-02,Sato Industrial K.K.,Precision Assembly,183,45.98,27,Blanket release,North,8414.34
L07911,2024-07-02,Alpha Fasteners Inc.,Formed Wire,232,2.97,14,Blanket release,North,689.04
L05205,2024-07-02,Alpha Fasteners Inc.,Fastener,60,2.27,18,Blanket release,South,136.2
L07788,2024-07-02,Alpha Fasteners Inc.,Fastener,22,1.58,24,Blanket release,South,34.76
L03315,2024-07-02,Nordic Steel Co.,Formed Wire,124,1.97,23,Blanket release,South,244.28
L00786,2024-07-02,Alpha Fasteners Inc.,Formed Wire,69,3.07,34,Blanket release,South,211.83
L01741,2024-07-02,Rhein Polymer GmbH,Precision Assembly,220,35.23,20,Blanket release,North,7750.6
L05636,2024-07-02,Sato Industrial K.K.,Precision Assembly,825,60.9,27,Blanket release,South,50242.5
L05247,2024-07-02,Perez Castings S.A.,Precision Assembly,829,38.29,31,Spot buy,South,31742.41
L02540,2024-07-02,Kwan Precision Ltd.,Precision Assembly,515,37.23,41,Blanket release,South,19173.45
L06059,2024-07-02,Britewire Ltd.,Fastener,7,3.45,20,Blanket release,South,24.15
L02561,2024-07-02,Alpha Fasteners Inc.,Formed Wire,38,2.79,23,Spot buy,South,106.02
L01290,2024-07-02,Britewire Ltd.,Formed Wire,289,2.58,32,Spot buy,North,745.62
L04890,2024-07-02,Kwan Precision Ltd.,Cast Housing,33,10.59,2,Blanket release,North,349.47
L03642,2024-07-02,Rhein Polymer GmbH,Precision Assembly,866,44.13,31,Spot buy,South,38216.58
L04859,2024-07-02,Nordic Steel Co.,Cast Housing,192,9.35,12,Blanket release,North,1795.2
L05731,2024-07-02,Sato Industrial K.K.,Precision Assembly,830,37.16,38,Blanket release,North,30842.8
L07149,2024-07-02,Perez Castings S.A.,Precision Assembly,453,31.72,15,Spot buy,North,14369.16
L07679,2024-07-02,Alpha Fasteners Inc.,Fastener,71,1.6,30,Spot buy,South,113.6
L04822,2024-07-02,Alpha Fasteners Inc.,Fastener,103,1.8,18,Spot buy,South,185.4
L04794,2024-07-02,Nordic Steel Co.,Cast Housing,622,8.09,7,Spot buy,North,5031.98
L02078,2024-07-02,Nordic Steel Co.,Cast Housing,182,9.41,32,Spot buy,North,1712.62
L07098,2024-07-02,Perez Castings S.A.,Cast Housing,581,10.6,16,Spot buy,South,6158.6
L02033,2024-07-02,Britewire Ltd.,Fastener,32,2.51,22,Spot buy,South,80.32
L01770,2024-07-02,Rhein Polymer GmbH,Cast Housing,721,9.59,4,Blanket release,South,6914.39
L00987,2024-07-02,Rhein Polymer GmbH,Cast Housing,635,7.12,4,Blanket release,North,4521.2
L04747,2024-07-02,Alpha Fasteners Inc.,Formed Wire,335,2.47,37,Blanket release,North,827.45
L07097,2024-07-02,Nordic Steel Co.,Formed Wire,28,5.92,39,Spot buy,North,165.76
L00398,2024-07-02,Nordic Steel Co.,Cast Housing,529,5.24,13,Blanket release,North,2771.96
L02094,2024-07-02,Alpha Fasteners Inc.,Fastener,49,2.39,27,Spot buy,South,117.11
L05023,2024-07-02,Rhein Polymer GmbH,Precision Assembly,341,27.72,46,Blanket release,North,9452.52
L05029,2024-07-02,Alpha Fasteners Inc.,Formed Wire,15,3.9,17,Spot buy,North,58.5
L04677,2024-07-02,Sato Industrial K.K.,Precision Assembly,635,44.03,31,Spot buy,North,27959.05
L04650,2024-07-02,Britewire Ltd.,Fastener,131,1.05,17,Blanket release,South,137.55
L06573,2024-07-02,Britewire Ltd.,Formed Wire,109,3.22,30,Blanket release,North,350.98
L06616,2024-07-02,Perez Castings S.A.,Cast Housing,147,7.63,23,Spot buy,South,1121.61
L05926,2024-07-02,Britewire Ltd.,Formed Wire,139,3.48,22,Spot buy,South,483.72
L05673,2024-07-02,Perez Castings S.A.,Cast Housing,109,13.13,25,Spot buy,North,1431.17
L04487,2024-07-02,Britewire Ltd.,Fastener,97,0.73,34,Spot buy,South,70.81
L02788,2024-07-02,Alpha Fasteners Inc.,Formed Wire,183,2.17,34,Blanket release,North,397.11
L05970,2024-07-02,Rhein Polymer GmbH,Cast Housing,36,22.29,25,Blanket release,South,802.44
L00651,2024-07-02,Nordic Steel Co.,Formed Wire,94,3.24,35,Spot buy,North,304.56
L06983,2024-07-02,Perez Castings S.A.,Cast Housing,733,10.15,24,Spot buy,South,7439.95
L01503,2024-07-02,Kwan Precision Ltd.,Cast Housing,307,11.44,15,Spot buy,South,3512.08
L01964,2024-07-02,Kwan Precision Ltd.,Precision Assembly,147,28.75,18,Spot buy,North,4226.25
L02472,2024-07-02,Kwan Precision Ltd.,Precision Assembly,94,31.54,28,Blanket release,South,2964.76
L04143,2024-07-02,Rhein Polymer GmbH,Cast Housing,241,6.24,41,Blanket release,North,1503.84
L06355,2024-07-02,Nordic Steel Co.,Formed Wire,82,2.41,19,Blanket release,North,197.62
L01956,2024-07-02,Britewire Ltd.,Formed Wire,33,5.25,27,Blanket release,North,173.25
L05407,2024-07-02,Alpha Fasteners Inc.,Formed Wire,202,2.42,16,Blanket release,South,488.84
L02835,2024-07-02,Alpha Fasteners Inc.,Fastener,7,2.26,29,Spot buy,North,15.82
L06716,2024-07-02,Rhein Polymer GmbH,Cast Housing,383,10.96,13,Spot buy,South,4197.68
L06039,2024-07-02,Perez Castings S.A.,Precision Assembly,1682,29.6,23,Blanket release,South,49787.2
L01565,2024-07-02,Sato Industrial K.K.,Precision Assembly,236,50.76,36,Spot buy,North,11979.36
L06714,2024-07-02,Kwan Precision Ltd.,Precision Assembly,840,60.51,24,Spot buy,South,50828.4
L03501,2024-07-02,Alpha Fasteners Inc.,Formed Wire,7,5.58,23,Spot buy,North,39.06
L04227,2024-07-02,Nordic Steel Co.,Formed Wire,73,4.03,4,Blanket release,South,294.19
L01952,2024-07-02,Sato Industrial K.K.,Precision Assembly,157,73.18,49,Spot buy,North,11489.26
L01627,2024-07-02,Perez Castings S.A.,Cast Housing,295,12.88,25,Spot buy,South,3799.6
L03165,2024-07-02,Nordic Steel Co.,Cast Housing,379,5.36,15,Blanket release,South,2031.44
L05454,2024-07-02,Nordic Steel Co.,Formed Wire,42,3.24,6,Blanket release,South,136.08
L02191,2024-07-02,Rhein Polymer GmbH,Cast Housing,32,24.34,13,Spot buy,North,778.88
L07829,2024-07-02,Britewire Ltd.,Formed Wire,177,4.07,13,Spot buy,South,720.39
L05522,2024-07-02,Britewire Ltd.,Formed Wire,108,2.31,18,Blanket release,South,249.48
L00502,2024-07-02,Perez Castings S.A.,Cast Housing,22,8.75,33,Spot buy,North,192.5
L06058,2024-07-02,Britewire Ltd.,Formed Wire,200,1.98,36,Spot buy,South,396.0
L00653,2024-07-02,Britewire Ltd.,Formed Wire,58,3.38,12,Blanket release,South,196.04
L02170,2024-07-02,Perez Castings S.A.,Cast Housing,133,9.61,32,Spot buy,South,1278.13
L02507,2024-07-02,Alpha Fasteners Inc.,Fastener,25,2.58,21,Blanket release,South,64.5
L04086,2024-07-02,Alpha Fasteners Inc.,Formed Wire,37,1.91,17,Blanket release,North,70.67
L01392,2024-07-02,Britewire Ltd.,Formed Wire,268,1.84,28,Blanket release,South,493.12
L07069,2024-07-02,Kwan Precision Ltd.,Cast Housing,1560,11.06,31,Blanket release,South,17253.6
L02928,2024-07-02,Perez Castings S.A.,Precision Assembly,216,74.3,23,Spot buy,North,16048.8
L02460,2024-07-02,Alpha Fasteners Inc.,Fastener,73,2.02,24,Spot buy,North,147.46
L03530,2024-07-02,Nordic Steel Co.,Cast Housing,67,13.73,21,Spot buy,North,919.91
L00110,2024-07-02,Kwan Precision Ltd.,Cast Housing,668,8.96,8,Blanket release,South,5985.28
L05991,2024-07-02,Kwan Precision Ltd.,Precision Assembly,311,38.98,34,Blanket release,North,12122.78
L04416,2024-07-02,Nordic Steel Co.,Formed Wire,108,2.55,16,Blanket release,North,275.4
L02466,2024-07-02,Alpha Fasteners Inc.,Fastener,56,0.97,24,Spot buy,North,54.32
L00036,2024-07-02,Nordic Steel Co.,Cast Housing,108,18.64,18,Spot buy,South,2013.12
L06837,2024-07-02,Alpha Fasteners Inc.,Fastener,26,1.58,2,Blanket release,North,41.08
L00681,2024-07-02,Alpha Fasteners Inc.,Formed Wire,101,2.13,26,Blanket release,South,215.13
L04372,2024-07-02,Britewire Ltd.,Formed Wire,22,3.16,25,Blanket release,North,69.52
L01981,2024-07-02,Rhein Polymer GmbH,Cast Housing,475,8.67,30,Blanket release,South,4118.25
L04886,2024-07-02,Alpha Fasteners Inc.,Fastener,35,2.47,16,Blanket release,North,86.45
L01469,2024-07-02,Kwan Precision Ltd.,Cast Housing,36,16.42,16,Blanket release,North,591.12
L07498,2024-07-02,Rhein Polymer GmbH,Precision Assembly,935,34.72,25,Blanket release,North,32463.2
L05193,2024-07-03,Alpha Fasteners Inc.,Fastener,3,4.24,4,Spot buy,North,12.72
L03387,2024-07-03,Kwan Precision Ltd.,Cast Housing,209,16.7,32,Spot buy,North,3490.3
L00509,2024-07-03,Perez Castings S.A.,Cast Housing,802,12.26,19,Spot buy,North,9832.52
L05765,2024-07-03,Alpha Fasteners Inc.,Fastener,13,4.71,16,Spot buy,South,61.23
L03465,2024-07-03,Perez Castings S.A.,Cast Housing,167,10.02,13,Spot buy,South,1673.34
L00309,2024-07-03,Alpha Fasteners Inc.,Formed Wire,140,4.28,15,Blanket release,North,599.2
L06260,2024-07-03,Rhein Polymer GmbH,Cast Housing,39,11.08,25,Blanket release,South,432.12
L02197,2024-07-03,Kwan Precision Ltd.,Cast Housing,1663,6.71,9,Blanket release,South,11158.73
L07933,2024-07-03,Britewire Ltd.,Formed Wire,31,4.63,24,Blanket release,South,143.53
L00733,2024-07-03,Sato Industrial K.K.,Precision Assembly,462,33.54,46,Blanket release,North,15495.48
L07925,2024-07-03,Nordic Steel Co.,Formed Wire,77,3.67,11,Spot buy,North,282.59
L06242,2024-07-03,Britewire Ltd.,Formed Wire,74,3.26,15,Blanket release,North,241.24
L03608,2024-07-03,Perez Castings S.A.,Cast Housing,104,7.55,24,Blanket release,North,785.2
L05063,2024-07-03,Rhein Polymer GmbH,Cast Housing,237,6.24,19,Spot buy,North,1478.88
L07086,2024-07-03,Rhein Polymer GmbH,Cast Housing,361,6.75,25,Blanket release,South,2436.75
L07720,2024-07-03,Nordic Steel Co.,Cast Housing,179,8.15,21,Spot buy,South,1458.85
L00910,2024-07-03,Nordic Steel Co.,Cast Housing,76,11.07,13,Spot buy,North,841.32
L02668,2024-07-03,Sato Industrial K.K.,Precision Assembly,173,40.94,26,Blanket release,North,7082.62
L02876,2024-07-03,Alpha Fasteners Inc.,Fastener,75,1.56,27,Spot buy,North,117.0
L02924,2024-07-03,Perez Castings S.A.,Precision Assembly,900,38.19,37,Spot buy,South,34371.0
L00977,2024-07-03,Nordic Steel Co.,Formed Wire,24,1.73,29,Blanket release,South,41.52
L07186,2024-07-03,Nordic Steel Co.,Formed Wire,14,4.56,27,Spot buy,South,63.84
L05602,2024-07-03,Britewire Ltd.,Formed Wire,69,3.71,26,Spot buy,South,255.99
L00913,2024-07-03,Britewire Ltd.,Fastener,79,1.33,23,Spot buy,North,105.07
L02703,2024-07-03,Kwan Precision Ltd.,Cast Housing,98,12.14,25,Blanket release,South,1189.72
L05432,2024-07-03,Alpha Fasteners Inc.,Fastener,31,2.22,12,Spot buy,South,68.82
L03381,2024-07-03,Rhein Polymer GmbH,Precision Assembly,2198,27.09,20,Blanket release,South,59543.82
L04636,2024-07-03,Britewire Ltd.,Formed Wire,33,3.13,6,Spot buy,North,103.29
L02803,2024-07-03,Alpha Fasteners Inc.,Fastener,10,2.06,29,Blanket release,North,20.6
L01906,2024-07-03,Britewire Ltd.,Formed Wire,134,2.48,2,Blanket release,North,332.32
L01300,2024-07-03,Alpha Fasteners Inc.,Fastener,115,1.32,27,Spot buy,North,151.8
L07634,2024-07-03,Britewire Ltd.,Fastener,44,1.88,35,Spot buy,North,82.72
L04593,2024-07-03,Alpha Fasteners Inc.,Fastener,19,3.74,34,Spot buy,South,71.06
L02548,2024-07-03,Alpha Fasteners Inc.,Fastener,38,2.43,23,Spot buy,North,92.34
L01999,2024-07-03,Alpha Fasteners Inc.,Fastener,34,1.35,28,Spot buy,North,45.9
L00138,2024-07-03,Britewire Ltd.,Fastener,140,1.19,43,Spot buy,North,166.6
L06842,2024-07-03,Rhein Polymer GmbH,Cast Housing,41,14.79,26,Blanket release,North,606.39
L00038,2024-07-03,Alpha Fasteners Inc.,Formed Wire,267,2.37,36,Blanket release,South,632.79
L04084,2024-07-03,Britewire Ltd.,Fastener,30,2.44,21,Spot buy,North,73.2
L07413,2024-07-03,Alpha Fasteners Inc.,Fastener,220,1.48,2,Spot buy,North,325.6
L02855,2024-07-03,Alpha Fasteners Inc.,Fastener,9,2.54,19,Spot buy,North,22.86
L06183,2024-07-03,Nordic Steel Co.,Formed Wire,254,2.78,12,Blanket release,North,706.12
L02299,2024-07-03,Britewire Ltd.,Fastener,30,1.34,20,Spot buy,North,40.2
L04192,2024-07-03,Alpha Fasteners Inc.,Formed Wire,160,3.22,20,Spot buy,North,515.2
L06621,2024-07-03,Kwan Precision Ltd.,Precision Assembly,95,33.59,29,Blanket release,South,3191.05
L01057,2024-07-03,Alpha Fasteners Inc.,Fastener,105,1.26,26,Blanket release,North,132.3
L01419,2024-07-03,Alpha Fasteners Inc.,Fastener,66,1.21,36,Spot buy,North,79.86
L03235,2024-07-03,Perez Castings S.A.,Precision Assembly,107,35.82,31,Spot buy,North,3832.74
L04213,2024-07-03,Rhein Polymer GmbH,Cast Housing,374,7.84,26,Blanket release,North,2932.16
L01464,2024-07-03,Britewire Ltd.,Formed Wire,252,2.45,8,Blanket release,South,617.4
L07223,2024-07-03,Britewire Ltd.,Fastener,20,3.89,26,Spot buy,North,77.8
L07287,2024-07-03,Alpha Fasteners Inc.,Fastener,21,3.8,24,Spot buy,South,79.8
L00062,2024-07-03,Perez Castings S.A.,Precision Assembly,1015,32.17,38,Blanket release,North,32652.55
L02794,2024-07-03,Perez Castings S.A.,Cast Housing,121,9.01,20,Blanket release,South,1090.21
L04265,2024-07-03,Kwan Precision Ltd.,Precision Assembly,400,39.59,18,Blanket release,North,15836.0
L01574,2024-07-03,Kwan Precision Ltd.,Precision Assembly,323,42.26,42,Spot buy,North,13649.98
L01299,2024-07-03,Rhein Polymer GmbH,Cast Housing,387,16.44,4,Spot buy,North,6362.28
L04600,2024-07-03,Britewire Ltd.,Fastener,49,1.37,18,Spot buy,South,67.13
L01567,2024-07-03,Alpha Fasteners Inc.,Formed Wire,255,2.54,9,Blanket release,North,647.7
L06546,2024-07-03,Alpha Fasteners Inc.,Fastener,46,1.88,28,Blanket release,North,86.48
L03838,2024-07-03,Alpha Fasteners Inc.,Fastener,24,1.03,41,Blanket release,North,24.72
L03084,2024-07-03,Britewire Ltd.,Formed Wire,33,2.93,21,Blanket release,South,96.69
L07666,2024-07-03,Kwan Precision Ltd.,Precision Assembly,262,38.85,31,Blanket release,North,10178.7
L03062,2024-07-03,Alpha Fasteners Inc.,Fastener,27,2.67,15,Blanket release,North,72.09
L02020,2024-07-03,Alpha Fasteners Inc.,Formed Wire,80,2.0,21,Spot buy,North,160.0
L07450,2024-07-03,Britewire Ltd.,Fastener,10,3.28,13,Spot buy,South,32.8
L04702,2024-07-03,Britewire Ltd.,Fastener,47,1.1,23,Spot buy,North,51.7
L06806,2024-07-03,Alpha Fasteners Inc.,Formed Wire,111,3.29,9,Spot buy,North,365.19
L04873,2024-07-03,Britewire Ltd.,Fastener,201,1.26,22,Spot buy,North,253.26
L03951,2024-07-03,Britewire Ltd.,Fastener,8,2.65,17,Blanket release,North,21.2
L01858,2024-07-03,Nordic Steel Co.,Formed Wire,75,2.84,38,Blanket release,South,213.0
L03054,2024-07-03,Perez Castings S.A.,Precision Assembly,901,30.74,25,Blanket release,North,27696.74
L04875,2024-07-03,Perez Castings S.A.,Cast Housing,35,13.69,20,Spot buy,North,479.15
L01289,2024-07-03,Perez Castings S.A.,Cast Housing,150,12.56,18,Spot buy,North,1884.0
L03855,2024-07-03,Alpha Fasteners Inc.,Formed Wire,53,3.78,25,Blanket release,South,200.34
L07646,2024-07-03,Sato Industrial K.K.,Precision Assembly,2638,25.99,32,Spot buy,North,68561.62
L02888,2024-07-03,Perez Castings S.A.,Cast Housing,120,10.44,44,Spot buy,North,1252.8
L07642,2024-07-03,Alpha Fasteners Inc.,Formed Wire,90,5.0,17,Spot buy,North,450.0
L04610,2024-07-03,Britewire Ltd.,Fastener,20,2.23,18,Spot buy,South,44.6
L01603,2024-07-04,Kwan Precision Ltd.,Precision Assembly,744,26.36,30,Blanket release,South,19611.84
L03160,2024-07-04,Perez Castings S.A.,Cast Housing,291,11.67,17,Spot buy,South,3395.97
L02741,2024-07-04,Rhein Polymer GmbH,Cast Housing,42,24.51,23,Spot buy,South,1029.42
L03416,2024-07-04,Britewire Ltd.,Fastener,118,0.93,14,Spot buy,South,109.74
L02489,2024-07-04,Nordic Steel Co.,Formed Wire,58,4.1,19,Spot buy,South,237.8
L05473,2024-07-04,Alpha Fasteners Inc.,Fastener,266,1.43,14,Spot buy,North,380.38
L03299,2024-07-04,Alpha Fasteners Inc.,Formed Wire,258,3.39,25,Spot buy,South,874.62
L07012,2024-07-04,Alpha Fasteners Inc.,Formed Wire,33,2.74,22,Blanket release,North,90.42
L01575,2024-07-04,Perez Castings S.A.,Precision Assembly,122,32.2,3,Blanket release,North,3928.4
L05541,2024-07-04,Meridian Tooling (internal),Precision Assembly,813,22.21,34,Spot buy,North,18056.73
L01768,2024-07-04,Alpha Fasteners Inc.,Formed Wire,113,2.34,20,Blanket release,South,264.42
L00487,2024-07-04,Britewire Ltd.,Formed Wire,44,2.43,13,Spot buy,North,106.92
L01641,2024-07-04,Britewire Ltd.,Formed Wire,62,2.92,30,Blanket release,North,181.04
L03963,2024-07-04,Rhein Polymer GmbH,Precision Assembly,475,24.0,23,Blanket release,South,11400.0
L01740,2024-07-04,Sato Industrial K.K.,Precision Assembly,985,38.57,28,Spot buy,South,37991.45
L03816,2024-07-04,Britewire Ltd.,Fastener,17,0.93,18,Spot buy,North,15.81
L05431,2024-07-04,Britewire Ltd.,Fastener,5,5.82,26,Spot buy,North,29.1
L07018,2024-07-04,Nordic Steel Co.,Formed Wire,260,3.17,29,Blanket release,North,824.2
L05624,2024-07-04,Britewire Ltd.,Fastener,24,1.91,17,Spot buy,North,45.84
L01708,2024-07-04,Nordic Steel Co.,Formed Wire,119,3.07,2,Spot buy,North,365.33
L03924,2024-07-04,Alpha Fasteners Inc.,Fastener,11,1.9,42,Blanket release,South,20.9
L00448,2024-07-04,Alpha Fasteners Inc.,Formed Wire,52,2.2,7,Spot buy,North,114.4
L03906,2024-07-04,Alpha Fasteners Inc.,Fastener,50,2.19,17,Spot buy,South,109.5
L07458,2024-07-04,Rhein Polymer GmbH,Cast Housing,286,6.54,22,Blanket release,South,1870.44
L03803,2024-07-04,Nordic Steel Co.,Cast Housing,371,10.05,30,Spot buy,North,3728.55
L02427,2024-07-04,Britewire Ltd.,Fastener,57,1.28,16,Spot buy,North,72.96
L00481,2024-07-04,Kwan Precision Ltd.,Precision Assembly,920,45.04,18,Spot buy,North,41436.8
L01769,2024-07-04,Alpha Fasteners Inc.,Formed Wire,21,2.26,18,Blanket release,North,47.46
L02482,2024-07-04,Britewire Ltd.,Fastener,12,1.45,19,Spot buy,North,17.4
L06486,2024-07-04,Alpha Fasteners Inc.,Fastener,114,1.19,13,Spot buy,South,135.66
L05349,2024-07-04,Kwan Precision Ltd.,Cast Housing,168,13.01,23,Blanket release,North,2185.68
L04257,2024-07-04,Perez Castings S.A.,Cast Housing,79,13.41,11,Spot buy,North,1059.39
L00868,2024-07-04,Britewire Ltd.,Formed Wire,95,3.35,29,Blanket release,South,318.25
L02119,2024-07-04,Alpha Fasteners Inc.,Fastener,77,1.76,19,Spot buy,North,135.52
L06435,2024-07-04,Britewire Ltd.,Formed Wire,488,3.61,7,Spot buy,South,1761.68
L05071,2024-07-04,Kwan Precision Ltd.,Precision Assembly,27,54.49,29,Spot buy,North,1471.23
L04609,2024-07-04,Rhein Polymer GmbH,Precision Assembly,165,30.12,24,Blanket release,North,4969.8
L00917,2024-07-04,Sato Industrial K.K.,Precision Assembly,200,32.31,10,Blanket release,North,6462.0
L07654,2024-07-04,Perez Castings S.A.,Cast Housing,146,10.11,20,Blanket release,North,1476.06
L04999,2024-07-04,Alpha Fasteners Inc.,Fastener,41,1.74,26,Spot buy,North,71.34
L01215,2024-07-04,Britewire Ltd.,Fastener,70,1.62,24,Spot buy,North,113.4
L03629,2024-07-04,Alpha Fasteners Inc.,Fastener,112,0.81,6,Spot buy,North,90.72
L06862,2024-07-04,Alpha Fasteners Inc.,Formed Wire,33,3.14,22,Spot buy,North,103.62
L01171,2024-07-04,Rhein Polymer GmbH,Cast Housing,77,13.24,11,Spot buy,North,1019.48
L01167,2024-07-04,Britewire Ltd.,Formed Wire,35,3.83,27,Spot buy,South,134.05
L02582,2024-07-04,Britewire Ltd.,Fastener,21,2.01,14,Spot buy,North,42.21
L07051,2024-07-04,Perez Castings S.A.,Cast Housing,164,8.87,17,Blanket release,North,1454.68
L06871,2024-07-04,Nordic Steel Co.,Cast Housing,125,11.42,9,Spot buy,North,1427.5
L04839,2024-07-04,Kwan Precision Ltd.,Cast Housing,640,10.84,36,Spot buy,South,6937.6
L01081,2024-07-04,Nordic Steel Co.,Cast Housing,57,4.8,28,Blanket release,South,273.6
L03647,2024-07-04,Britewire Ltd.,Fastener,66,1.47,19,Blanket release,South,97.02
L02127,2024-07-04,Perez Castings S.A.,Cast Housing,117,8.26,35,Blanket release,South,966.42
L06421,2024-07-04,Britewire Ltd.,Formed Wire,143,2.75,20,Spot buy,North,393.25
L05165,2024-07-04,Nordic Steel Co.,Cast Housing,100,15.83,21,Blanket release,North,1583.0
L04567,2024-07-04,Perez Castings S.A.,Cast Housing,224,9.71,33,Spot buy,South,2175.04
L00636,2024-07-04,Perez Castings S.A.,Cast Housing,167,11.61,18,Blanket release,North,1938.87
L01540,2024-07-04,Alpha Fasteners Inc.,Formed Wire,303,1.76,25,Blanket release,North,533.28
L01522,2024-07-04,Britewire Ltd.,Fastener,13,1.72,22,Spot buy,North,22.36
L06831,2024-07-04,Rhein Polymer GmbH,Precision Assembly,228,40.07,24,Spot buy,South,9135.96
L07557,2024-07-04,Britewire Ltd.,Fastener,9,2.47,11,Spot buy,South,22.23
L01971,2024-07-04,Kwan Precision Ltd.,Cast Housing,351,12.73,25,Blanket release,North,4468.23
L05387,2024-07-04,Kwan Precision Ltd.,Cast Housing,80,16.24,21,Spot buy,South,1299.2
L06649,2024-07-04,Nordic Steel Co.,Formed Wire,59,5.75,25,Spot buy,North,339.25
L07040,2024-07-04,Rhein Polymer GmbH,Precision Assembly,1030,32.3,19,Blanket release,North,33269.0
L05422,2024-07-04,Britewire Ltd.,Fastener,4,10.79,10,Spot buy,North,43.16
L06375,2024-07-04,Perez Castings S.A.,Precision Assembly,1155,23.46,15,Spot buy,North,27096.3
L02656,2024-07-04,Alpha Fasteners Inc.,Fastener,17,4.57,23,Spot buy,South,77.69
L06615,2024-07-04,Sato Industrial K.K.,Precision Assembly,456,31.62,19,Spot buy,North,14418.72
L03106,2024-07-04,Rhein Polymer GmbH,Cast Housing,192,9.21,16,Spot buy,South,1768.32
L05288,2024-07-04,Perez Castings S.A.,Precision Assembly,238,36.58,27,Blanket release,South,8706.04
L02381,2024-07-04,Britewire Ltd.,Fastener,227,0.83,36,Blanket release,South,188.41
L07612,2024-07-04,Alpha Fasteners Inc.,Fastener,11,1.62,2,Spot buy,South,17.82
L00783,2024-07-04,Britewire Ltd.,Fastener,5,3.36,5,Spot buy,North,16.8
L01334,2024-07-04,Nordic Steel Co.,Cast Housing,156,7.98,17,Blanket release,South,1244.88
L02000,2024-07-04,Kwan Precision Ltd.,Cast Housing,191,8.92,11,Blanket release,North,1703.72
L00711,2024-07-04,Britewire Ltd.,Fastener,91,1.27,41,Blanket release,North,115.57
L00326,2024-07-04,Nordic Steel Co.,Formed Wire,133,3.77,28,Blanket release,South,501.41
L03269,2024-07-04,Perez Castings S.A.,Cast Housing,33,12.55,10,Blanket release,North,414.15
L02293,2024-07-04,Nordic Steel Co.,Cast Housing,2106,7.94,36,Spot buy,South,16721.64
L02314,2024-07-04,Rhein Polymer GmbH,Precision Assembly,2330,26.3,25,Blanket release,North,61279.0
L00217,2024-07-04,Alpha Fasteners Inc.,Fastener,40,1.87,32,Spot buy,North,74.8
L00093,2024-07-04,Kwan Precision Ltd.,Precision Assembly,327,31.95,38,Blanket release,North,10447.65
L00208,2024-07-04,Britewire Ltd.,Formed Wire,100,3.67,21,Spot buy,South,367.0
L06008,2024-07-04,Britewire Ltd.,Fastener,146,1.25,24,Spot buy,North,182.5
L00267,2024-07-04,Perez Castings S.A.,Precision Assembly,3570,42.27,26,Spot buy,North,150903.9
L02774,2024-07-04,Sato Industrial K.K.,Precision Assembly,513,40.55,41,Spot buy,North,20802.15
L06171,2024-07-04,Britewire Ltd.,Fastener,18,2.01,30,Spot buy,North,36.18
L00102,2024-07-04,Alpha Fasteners Inc.,Fastener,720,0.89,16,Spot buy,North,640.8
L05856,2024-07-04,Nordic Steel Co.,Formed Wire,328,1.47,10,Spot buy,North,482.16
L02767,2024-07-05,Nordic Steel Co.,Cast Housing,106,13.03,4,Spot buy,South,1381.18
L00920,2024-07-05,Kwan Precision Ltd.,Cast Housing,54,9.06,15,Blanket release,North,489.24
L05259,2024-07-05,Britewire Ltd.,Fastener,34,2.89,10,Spot buy,North,98.26
L00092,2024-07-05,Nordic Steel Co.,Cast Housing,43,12.78,29,Spot buy,South,549.54
L00010,2024-07-05,Alpha Fasteners Inc.,Formed Wire,94,2.26,28,Spot buy,South,212.44
L07806,2024-07-05,Nordic Steel Co.,Cast Housing,118,11.37,11,Blanket release,North,1341.66
L01899,2024-07-05,Nordic Steel Co.,Formed Wire,135,3.02,25,Blanket release,South,407.7
L06663,2024-07-05,Perez Castings S.A.,Cast Housing,201,16.54,23,Spot buy,North,3324.54
L00211,2024-07-05,Alpha Fasteners Inc.,Fastener,68,1.85,26,Blanket release,South,125.8
L07745,2024-07-05,Alpha Fasteners Inc.,Fastener,10,2.72,23,Blanket release,South,27.2
L00303,2024-07-05,Alpha Fasteners Inc.,Fastener,139,1.56,21,Spot buy,North,216.84
L00742,2024-07-05,Britewire Ltd.,Fastener,13,2.7,16,Spot buy,North,35.1
L04220,2024-07-05,Alpha Fasteners Inc.,Formed Wire,80,2.31,27,Blanket release,South,184.8
L06121,2024-07-05,Alpha Fasteners Inc.,Fastener,90,1.62,13,Spot buy,North,145.8
L05649,2024-07-05,Alpha Fasteners Inc.,Formed Wire,130,2.49,13,Blanket release,North,323.7
L02917,2024-07-05,Kwan Precision Ltd.,Cast Housing,481,6.58,2,Blanket release,North,3164.98
L07391,2024-07-05,Nordic Steel Co.,Cast Housing,352,10.79,17,Blanket release,North,3798.08
L07807,2024-07-05,Britewire Ltd.,Fastener,31,2.63,21,Spot buy,North,81.53
L07910,2024-07-05,Britewire Ltd.,Formed Wire,25,5.65,17,Blanket release,South,141.25
L00414,2024-07-05,Britewire Ltd.,Fastener,86,1.47,25,Blanket release,South,126.42
L00657,2024-07-05,Britewire Ltd.,Fastener,34,1.21,7,Spot buy,North,41.14
L06281,2024-07-05,Perez Castings S.A.,Precision Assembly,1896,49.68,12,Blanket release,North,94193.28
L02437,2024-07-05,Britewire Ltd.,Formed Wire,65,5.11,14,Spot buy,North,332.15
L00981,2024-07-05,Nordic Steel Co.,Cast Housing,180,9.35,6,Blanket release,South,1683.0
L07339,2024-07-05,Nordic Steel Co.,Cast Housing,150,8.89,40,Blanket release,North,1333.5
L07709,2024-07-05,Nordic Steel Co.,Formed Wire,147,2.82,18,Spot buy,South,414.54
L03028,2024-07-05,Alpha Fasteners Inc.,Formed Wire,11,4.33,23,Blanket release,North,47.63
L01957,2024-07-05,Nordic Steel Co.,Cast Housing,26,12.51,19,Blanket release,South,325.26
L04784,2024-07-05,Alpha Fasteners Inc.,Fastener,22,1.75,30,Spot buy,North,38.5
L06422,2024-07-05,Nordic Steel Co.,Formed Wire,73,3.85,28,Blanket release,South,281.05
L06144,2024-07-05,Britewire Ltd.,Fastener,115,0.7,20,Spot buy,South,80.5
L01537,2024-07-05,Britewire Ltd.,Fastener,97,0.71,13,Blanket release,South,68.87
L00285,2024-07-05,Alpha Fasteners Inc.,Fastener,88,1.38,15,Blanket release,North,121.44
L04907,2024-07-05,Britewire Ltd.,Fastener,8,1.86,31,Spot buy,North,14.88
L06478,2024-07-05,Britewire Ltd.,Fastener,19,1.36,31,Spot buy,North,25.84
L05489,2024-07-05,Alpha Fasteners Inc.,Formed Wire,32,2.63,26,Spot buy,North,84.16
L04016,2024-07-05,Alpha Fasteners Inc.,Fastener,7,5.25,26,Spot buy,South,36.75
L01549,2024-07-05,Nordic Steel Co.,Cast Housing,49,5.99,35,Spot buy,South,293.51
L00793,2024-07-05,Sato Industrial K.K.,Precision Assembly,1349,25.0,40,Blanket release,North,33725.0
L04008,2024-07-05,Alpha Fasteners Inc.,Formed Wire,29,5.42,22,Spot buy,North,157.18
L03123,2024-07-05,Alpha Fasteners Inc.,Fastener,36,1.67,28,Spot buy,South,60.12
L06139,2024-07-05,Alpha Fasteners Inc.,Formed Wire,71,1.94,15,Blanket release,South,137.74
L07660,2024-07-05,Britewire Ltd.,Fastener,19,2.25,24,Spot buy,South,42.75
L07848,2024-07-05,Nordic Steel Co.,Formed Wire,336,2.06,19,Spot buy,South,692.16
L04311,2024-07-05,Perez Castings S.A.,Cast Housing,14,14.31,30,Blanket release,North,200.34
L06078,2024-07-05,Alpha Fasteners Inc.,Formed Wire,49,2.72,16,Blanket release,North,133.28
L01666,2024-07-05,Perez Castings S.A.,Cast Housing,175,15.79,5,Spot buy,North,2763.25
L01128,2024-07-05,Perez Castings S.A.,Cast Housing,45,12.39,8,Blanket release,North,557.55
L01343,2024-07-05,Britewire Ltd.,Fastener,84,1.29,19,Spot buy,North,108.36
L01561,2024-07-05,Nordic Steel Co.,Formed Wire,70,6.01,21,Blanket release,North,420.7
L00281,2024-07-05,Alpha Fasteners Inc.,Formed Wire,57,4.92,14,Spot buy,North,280.44
L00617,2024-07-05,Alpha Fasteners Inc.,Fastener,30,2.58,4,Spot buy,North,77.4
L00108,2024-07-05,Perez Castings S.A.,Cast Housing,87,7.66,27,Spot buy,North,666.42
L06155,2024-07-05,Perez Castings S.A.,Cast Housing,248,15.33,11,Spot buy,North,3801.84
L03078,2024-07-05,Nordic Steel Co.,Formed Wire,136,2.7,26,Blanket release,North,367.2
L05246,2024-07-05,Alpha Fasteners Inc.,Fastener,223,1.13,8,Spot buy,South,251.99
L06358,2024-07-05,Alpha Fasteners Inc.,Fastener,17,1.59,2,Spot buy,North,27.03
L07162,2024-07-05,Kwan Precision Ltd.,Precision Assembly,550,50.41,55,Blanket release,North,27725.5
L05777,2024-07-05,Rhein Polymer GmbH,Cast Housing,192,13.1,36,Spot buy,South,2515.2
L06984,2024-07-05,Meridian Tooling (internal),Precision Assembly,461,17.58,31,Spot buy,South,8104.38
L03900,2024-07-05,Alpha Fasteners Inc.,Fastener,168,1.27,15,Spot buy,South,213.36
L04505,2024-07-05,Alpha Fasteners Inc.,Fastener,6,3.6,17,Spot buy,South,21.6
L00949,2024-07-05,Alpha Fasteners Inc.,Fastener,13,1.38,15,Spot buy,North,17.94
L06459,2024-07-05,Kwan Precision Ltd.,Cast Housing,434,11.7,28,Spot buy,South,5077.8
L02655,2024-07-05,Alpha Fasteners Inc.,Formed Wire,250,2.95,31,Spot buy,North,737.5
L02750,2024-07-05,Nordic Steel Co.,Cast Housing,113,16.37,24,Spot buy,South,1849.81
L03649,2024-07-05,Nordic Steel Co.,Cast Housing,309,7.75,5,Blanket release,North,2394.75
L00974,2024-07-05,Kwan Precision Ltd.,Precision Assembly,712,49.21,29,Blanket release,South,35037.52
L00369,2024-07-05,Britewire Ltd.,Fastener,130,1.13,34,Spot buy,South,146.9
L02664,2024-07-05,Alpha Fasteners Inc.,Fastener,149,1.72,27,Spot buy,North,256.28
L07259,2024-07-05,Perez Castings S.A.,Precision Assembly,626,39.18,31,Spot buy,South,24526.68
L02996,2024-07-05,Britewire Ltd.,Fastener,69,1.58,24,Blanket release,North,109.02
L00706,2024-07-05,Britewire Ltd.,Fastener,41,1.38,23,Spot buy,South,56.58
L01281,2024-07-05,Nordic Steel Co.,Cast Housing,365,9.77,20,Spot buy,South,3566.05
L04973,2024-07-05,Alpha Fasteners Inc.,Fastener,23,1.96,2,Spot buy,South,45.08
L04708,2024-07-05,Britewire Ltd.,Formed Wire,102,4.45,17,Blanket release,South,453.9
L01216,2024-07-05,Kwan Precision Ltd.,Cast Housing,89,14.41,20,Blanket release,South,1282.49
L01635,2024-07-05,Nordic Steel Co.,Formed Wire,32,4.06,23,Blanket release,South,129.92
L05863,2024-07-06,Kwan Precision Ltd.,Cast Housing,632,10.33,13,Blanket release,North,6528.56
L04793,2024-07-06,Britewire Ltd.,Fastener,17,1.81,13,Blanket release,North,30.77
L01044,2024-07-06,Alpha Fasteners Inc.,Fastener,24,1.12,48,Spot buy,South,26.88
L04116,2024-07-06,Nordic Steel Co.,Cast Housing,136,7.53,20,Blanket release,North,1024.08
L00342,2024-07-06,Britewire Ltd.,Fastener,35,1.87,16,Spot buy,South,65.45
L04118,2024-07-06,Britewire Ltd.,Formed Wire,47,3.02,25,Blanket release,South,141.94
L02966,2024-07-06,Nordic Steel Co.,Formed Wire,58,4.69,20,Spot buy,North,272.02
L06318,2024-07-06,Rhein Polymer GmbH,Precision Assembly,411,31.94,7,Blanket release,South,13127.34
L04675,2024-07-06,Nordic Steel Co.,Cast Housing,103,8.96,15,Blanket release,South,922.88
L00867,2024-07-06,Perez Castings S.A.,Cast Housing,428,9.27,21,Blanket release,North,3967.56
L06306,2024-07-06,Nordic Steel Co.,Formed Wire,16,5.11,15,Blanket release,South,81.76
L02457,2024-07-06,Alpha Fasteners Inc.,Formed Wire,124,1.8,15,Blanket release,North,223.2
L06744,2024-07-06,Perez Castings S.A.,Precision Assembly,3807,28.59,20,Blanket release,South,108842.13
L07816,2024-07-06,Rhein Polymer GmbH,Cast Housing,223,15.92,17,Spot buy,North,3550.16
L02748,2024-07-06,Alpha Fasteners Inc.,Fastener,30,1.56,17,Blanket release,South,46.8
L04548,2024-07-06,Rhein Polymer GmbH,Cast Housing,502,9.09,17,Spot buy,South,4563.18
L01028,2024-07-06,Rhein Polymer GmbH,Precision Assembly,240,32.33,38,Blanket release,North,7759.2
L02317,2024-07-06,Alpha Fasteners Inc.,Fastener,22,2.86,2,Blanket release,South,62.92
L00116,2024-07-06,Britewire Ltd.,Fastener,10,3.24,29,Spot buy,South,32.4
L07239,2024-07-06,Alpha Fasteners Inc.,Fastener,18,2.76,2,Spot buy,South,49.68
L04071,2024-07-06,Rhein Polymer GmbH,Precision Assembly,1017,36.96,44,Blanket release,North,37588.32
L00295,2024-07-06,Alpha Fasteners Inc.,Fastener,63,1.75,20,Spot buy,North,110.25
L00492,2024-07-06,Meridian Tooling (internal),Precision Assembly,89,17.01,16,Spot buy,North,1513.89
L06134,2024-07-06,Rhein Polymer GmbH,Cast Housing,152,15.09,23,Spot buy,North,2293.68
L07893,2024-07-06,Britewire Ltd.,Fastener,25,3.34,21,Blanket release,North,83.5
L03352,2024-07-06,Nordic Steel Co.,Formed Wire,80,4.55,28,Spot buy,North,364.0
L04646,2024-07-06,Rhein Polymer GmbH,Precision Assembly,303,30.43,45,Blanket release,South,9220.29
L03250,2024-07-06,Alpha Fasteners Inc.,Formed Wire,46,4.13,17,Spot buy,North,189.98
L03468,2024-07-06,Britewire Ltd.,Fastener,23,1.35,17,Blanket release,North,31.05
L06746,2024-07-06,Perez Castings S.A.,Cast Housing,52,25.77,16,Spot buy,North,1340.04
L01263,2024-07-06,Rhein Polymer GmbH,Cast Housing,380,10.81,36,Blanket release,South,4107.8
L00959,2024-07-06,Britewire Ltd.,Fastener,7,2.26,19,Spot buy,North,15.82
L05542,2024-07-06,Alpha Fasteners Inc.,Fastener,257,1.19,15,Blanket release,North,305.83
L01075,2024-07-06,Kwan Precision Ltd.,Precision Assembly,382,37.89,15,Spot buy,North,14473.98
L04287,2024-07-06,Alpha Fasteners Inc.,Formed Wire,18,6.92,26,Blanket release,North,124.56
L02199,2024-07-06,Alpha Fasteners Inc.,Fastener,56,1.36,13,Spot buy,North,76.16
L00162,2024-07-06,Britewire Ltd.,Fastener,91,1.33,13,Spot buy,North,121.03
L01873,2024-07-06,Kwan Precision Ltd.,Precision Assembly,240,37.44,29,Spot buy,North,8985.6
L05341,2024-07-06,Alpha Fasteners Inc.,Fastener,311,1.1,29,Spot buy,North,342.1
L00507,2024-07-06,Rhein Polymer GmbH,Precision Assembly,511,37.65,34,Blanket release,North,19239.15
L04785,2024-07-06,Rhein Polymer GmbH,Precision Assembly,53,46.07,45,Spot buy,South,2441.71
L07953,2024-07-06,Sato Industrial K.K.,Precision Assembly,216,47.58,30,Spot buy,North,10277.28
L05941,2024-07-06,Kwan Precision Ltd.,Precision Assembly,324,60.78,30,Blanket release,South,19692.72
L05137,2024-07-06,Sato Industrial K.K.,Precision Assembly,1573,45.65,31,Spot buy,North,71807.45
L01136,2024-07-06,Britewire Ltd.,Fastener,68,1.48,18,Spot buy,South,100.64
L05577,2024-07-06,Nordic Steel Co.,Formed Wire,227,2.9,17,Blanket release,North,658.3
L07649,2024-07-06,Kwan Precision Ltd.,Cast Housing,54,13.0,23,Spot buy,South,702.0
L04261,2024-07-06,Meridian Tooling (internal),Precision Assembly,636,16.17,29,Blanket release,North,10284.12
L00581,2024-07-06,Kwan Precision Ltd.,Cast Housing,725,6.76,23,Blanket release,North,4901.0
L00948,2024-07-06,Perez Castings S.A.,Cast Housing,65,9.28,21,Blanket release,South,603.2
L03966,2024-07-06,Nordic Steel Co.,Cast Housing,713,7.18,17,Blanket release,North,5119.34
L00130,2024-07-06,Meridian Tooling (internal),Precision Assembly,908,19.47,15,Blanket release,North,17678.76
L04701,2024-07-06,Alpha Fasteners Inc.,Fastener,39,1.92,25,Spot buy,North,74.88
L02764,2024-07-06,Britewire Ltd.,Formed Wire,145,4.03,18,Spot buy,South,584.35
L03674,2024-07-06,Nordic Steel Co.,Formed Wire,388,3.2,21,Spot buy,North,1241.6
L02235,2024-07-06,Nordic Steel Co.,Formed Wire,107,3.86,10,Spot buy,South,413.02
L02105,2024-07-06,Perez Castings S.A.,Cast Housing,294,7.18,35,Blanket release,South,2110.92
L03515,2024-07-06,Perez Castings S.A.,Precision Assembly,2452,30.57,5,Blanket release,North,74957.64
L00167,2024-07-06,Rhein Polymer GmbH,Precision Assembly,1129,31.84,25,Blanket release,South,35947.36
L05923,2024-07-06,Rhein Polymer GmbH,Cast Housing,140,12.28,24,Blanket release,North,1719.2
L03544,2024-07-06,Meridian Tooling (internal),Cast Housing,1274,4.97,18,Spot buy,South,6331.78
L00316,2024-07-06,Rhein Polymer GmbH,Cast Housing,58,14.12,24,Spot buy,North,818.96
L03883,2024-07-06,Alpha Fasteners Inc.,Fastener,135,1.13,10,Blanket release,North,152.55
L05769,2024-07-06,Kwan Precision Ltd.,Precision Assembly,358,33.4,20,Blanket release,South,11957.2
L04217,2024-07-06,Perez Castings S.A.,Precision Assembly,385,24.9,35,Blanket release,North,9586.5
L03395,2024-07-06,Perez Castings S.A.,Cast Housing,71,12.12,7,Spot buy,South,860.52
L02983,2024-07-06,Britewire Ltd.,Fastener,39,1.49,8,Spot buy,North,58.11
L04157,2024-07-06,Rhein Polymer GmbH,Precision Assembly,1009,44.44,23,Spot buy,North,44839.96
L00152,2024-07-06,Britewire Ltd.,Formed Wire,22,2.31,6,Blanket release,North,50.82
L03660,2024-07-06,Meridian Tooling (internal),Cast Housing,327,5.95,28,Blanket release,North,1945.65
L04621,2024-07-06,Britewire Ltd.,Fastener,19,2.3,17,Spot buy,South,43.7
L02439,2024-07-06,Alpha Fasteners Inc.,Fastener,10,3.07,24,Spot buy,North,30.7
L07949,2024-07-06,Britewire Ltd.,Fastener,82,1.04,30,Spot buy,North,85.28
L04719,2024-07-06,Kwan Precision Ltd.,Cast Housing,337,11.03,10,Blanket release,North,3717.11
L03081,2024-07-06,Kwan Precision Ltd.,Cast Housing,140,6.93,20,Blanket release,North,970.2
L06641,2024-07-06,Britewire Ltd.,Formed Wire,231,2.42,32,Blanket release,North,559.02
L00728,2024-07-06,Kwan Precision Ltd.,Cast Housing,80,13.27,6,Blanket release,North,1061.6
L02930,2024-07-06,Kwan Precision Ltd.,Cast Housing,117,10.2,29,Blanket release,North,1193.4
L03401,2024-07-06,Nordic Steel Co.,Formed Wire,132,1.35,28,Blanket release,North,178.2
L02892,2024-07-06,Rhein Polymer GmbH,Cast Housing,115,7.62,17,Blanket release,North,876.3
L05424,2024-07-06,Alpha Fasteners Inc.,Formed Wire,145,3.38,10,Blanket release,South,490.1
L05885,2024-07-06,Perez Castings S.A.,Cast Housing,209,9.85,37,Blanket release,North,2058.65
L02509,2024-07-06,Nordic Steel Co.,Formed Wire,299,2.53,45,Spot buy,North,756.47
L01991,2024-07-06,Britewire Ltd.,Formed Wire,62,3.56,27,Blanket release,North,220.72
L03370,2024-07-06,Alpha Fasteners Inc.,Formed Wire,606,3.08,36,Spot buy,South,1866.48
L06067,2024-07-06,Alpha Fasteners Inc.,Formed Wire,105,2.75,25,Spot buy,North,288.75
L02894,2024-07-06,Nordic Steel Co.,Cast Housing,60,7.79,10,Blanket release,South,467.4
L05365,2024-07-06,Nordic Steel Co.,Formed Wire,26,4.67,14,Blanket release,North,121.42
L06909,2024-07-06,Rhein Polymer GmbH,Precision Assembly,837,37.6,27,Blanket release,South,31471.2
L03504,2024-07-06,Britewire Ltd.,Fastener,66,2.7,32,Spot buy,North,178.2
L05717,2024-07-06,Britewire Ltd.,Fastener,111,1.88,16,Spot buy,North,208.68
L00741,2024-07-06,Britewire Ltd.,Fastener,58,1.62,27,Spot buy,North,93.96
L04368,2024-07-06,Perez Castings S.A.,Cast Housing,132,12.92,27,Blanket release,North,1705.44
L03019,2024-07-06,Kwan Precision Ltd.,Cast Housing,87,6.82,26,Blanket release,South,593.34
L07209,2024-07-07,Britewire Ltd.,Fastener,10,1.94,18,Spot buy,North,19.4
L03485,2024-07-07,Britewire Ltd.,Fastener,161,1.37,8,Spot buy,South,220.57
L03533,2024-07-07,Rhein Polymer GmbH,Cast Housing,210,6.2,16,Blanket release,South,1302.0
L02539,2024-07-07,Nordic Steel Co.,Formed Wire,373,2.69,9,Spot buy,South,1003.37
L02005,2024-07-07,Alpha Fasteners Inc.,Fastener,24,3.42,34,Spot buy,South,82.08
L03550,2024-07-07,Rhein Polymer GmbH,Cast Housing,3017,7.84,2,Spot buy,North,23653.28
L07525,2024-07-07,Rhein Polymer GmbH,Cast Housing,62,10.14,20,Spot buy,South,628.68
L04569,2024-07-07,Alpha Fasteners Inc.,Fastener,65,2.18,24,Spot buy,South,141.7
L03340,2024-07-07,Britewire Ltd.,Fastener,75,1.15,7,Spot buy,North,86.25
L00799,2024-07-07,Perez Castings S.A.,Cast Housing,256,9.04,22,Blanket release,North,2314.24
L06082,2024-07-07,Kwan Precision Ltd.,Precision Assembly,3716,36.19,43,Spot buy,North,134482.04
L01566,2024-07-07,Perez Castings S.A.,Precision Assembly,423,43.05,7,Blanket release,North,18210.15
L01593,2024-07-07,Kwan Precision Ltd.,Cast Housing,169,14.42,23,Spot buy,South,2436.98
L05819,2024-07-07,Perez Castings S.A.,Precision Assembly,668,21.11,44,Blanket release,North,14101.48
L02593,2024-07-07,Alpha Fasteners Inc.,Formed Wire,62,2.71,23,Blanket release,South,168.02
L02405,2024-07-07,Alpha Fasteners Inc.,Fastener,17,3.2,30,Spot buy,North,54.4
L05318,2024-07-07,Alpha Fasteners Inc.,Formed Wire,91,4.56,20,Spot buy,South,414.96
L04202,2024-07-07,Meridian Tooling (internal),Precision Assembly,399,18.63,21,Spot buy,South,7433.37
L06234,2024-07-07,Rhein Polymer GmbH,Cast Housing,299,11.58,12,Blanket release,North,3462.42
L06924,2024-07-07,Alpha Fasteners Inc.,Formed Wire,21,4.83,27,Spot buy,North,101.43
L03000,2024-07-07,Sato Industrial K.K.,Precision Assembly,6117,33.48,17,Blanket release,South,204797.16
L07528,2024-07-07,Kwan Precision Ltd.,Precision Assembly,2212,24.95,42,Blanket release,North,55189.4
L05982,2024-07-07,Perez Castings S.A.,Cast Housing,471,7.1,29,Blanket release,North,3344.1
L01094,2024-07-07,Kwan Precision Ltd.,Cast Housing,103,14.28,28,Spot buy,North,1470.84
L01398,2024-07-07,Britewire Ltd.,Fastener,7,6.21,30,Spot buy,South,43.47
L02979,2024-07-07,Alpha Fasteners Inc.,Fastener,41,2.74,2,Blanket release,South,112.34
L05203,2024-07-07,Alpha Fasteners Inc.,Formed Wire,89,2.96,35,Blanket release,North,263.44
L01578,2024-07-07,Perez Castings S.A.,Cast Housing,34,9.66,27,Blanket release,North,328.44
L05477,2024-07-07,Kwan Precision Ltd.,Precision Assembly,520,38.84,32,Spot buy,South,20196.8
L02995,2024-07-07,Alpha Fasteners Inc.,Fastener,73,2.26,20,Blanket release,South,164.98
L05200,2024-07-07,Alpha Fasteners Inc.,Fastener,87,1.17,29,Spot buy,North,101.79
L04497,2024-07-07,Britewire Ltd.,Formed Wire,75,5.04,21,Blanket release,South,378.0
L03804,2024-07-07,Alpha Fasteners Inc.,Formed Wire,17,4.77,22,Blanket release,North,81.09
L03668,2024-07-07,Britewire Ltd.,Fastener,42,1.49,22,Blanket release,North,62.58
L07227,2024-07-07,Perez Castings S.A.,Precision Assembly,917,29.23,37,Spot buy,North,26803.91
L06090,2024-07-07,Rhein Polymer GmbH,Cast Housing,286,8.82,8,Spot buy,North,2522.52
L02780,2024-07-07,Perez Castings S.A.,Precision Assembly,369,32.82,34,Blanket release,North,12110.58
L06687,2024-07-07,Britewire Ltd.,Fastener,49,1.13,44,Blanket release,North,55.37
L04937,2024-07-07,Perez Castings S.A.,Precision Assembly,607,24.46,26,Blanket release,South,14847.22
L01309,2024-07-07,Britewire Ltd.,Fastener,33,1.55,38,Spot buy,North,51.15
L03009,2024-07-07,Britewire Ltd.,Formed Wire,180,2.7,6,Blanket release,North,486.0
L07286,2024-07-07,Kwan Precision Ltd.,Cast Housing,293,8.7,10,Blanket release,North,2549.1
L06472,2024-07-07,Rhein Polymer GmbH,Precision Assembly,1775,34.97,23,Blanket release,South,62071.75
L06191,2024-07-07,Rhein Polymer GmbH,Cast Housing,344,9.78,5,Spot buy,North,3364.32
L03961,2024-07-07,Nordic Steel Co.,Formed Wire,54,5.71,27,Spot buy,South,308.34
L03960,2024-07-07,Kwan Precision Ltd.,Cast Housing,195,14.62,4,Spot buy,North,2850.9
L04746,2024-07-07,Britewire Ltd.,Fastener,33,1.58,25,Blanket release,North,52.14
L07357,2024-07-07,Kwan Precision Ltd.,Precision Assembly,753,48.3,26,Spot buy,South,36369.9
L06292,2024-07-07,Britewire Ltd.,Formed Wire,234,2.42,34,Blanket release,North,566.28
L06778,2024-07-07,Britewire Ltd.,Formed Wire,94,2.7,24,Spot buy,South,253.8
L00496,2024-07-07,Nordic Steel Co.,Cast Housing,437,9.95,22,Spot buy,South,4348.15
L03603,2024-07-07,Meridian Tooling (internal),Cast Housing,46,8.96,26,Spot buy,North,412.16
L03930,2024-07-07,Sato Industrial K.K.,Precision Assembly,897,51.07,23,Blanket release,North,45809.79
L06444,2024-07-07,Nordic Steel Co.,Formed Wire,102,3.77,29,Spot buy,South,384.54
L02024,2024-07-07,Britewire Ltd.,Fastener,96,1.61,18,Spot buy,South,154.56
L01822,2024-07-07,Perez Castings S.A.,Cast Housing,749,9.37,15,Blanket release,North,7018.13
L00412,2024-07-07,Kwan Precision Ltd.,Cast Housing,152,10.77,32,Spot buy,North,1637.04
L04713,2024-07-07,Sato Industrial K.K.,Precision Assembly,940,39.96,33,Blanket release,North,37562.4
L07205,2024-07-07,Alpha Fasteners Inc.,Fastener,78,1.16,19,Spot buy,North,90.48
L06973,2024-07-07,Nordic Steel Co.,Cast Housing,356,9.01,17,Blanket release,North,3207.56
L03867,2024-07-07,Britewire Ltd.,Fastener,14,1.67,15,Spot buy,North,23.38
L05005,2024-07-07,Rhein Polymer GmbH,Cast Housing,51,11.12,20,Blanket release,South,567.12
L05004,2024-07-07,Alpha Fasteners Inc.,Fastener,17,2.88,22,Blanket release,North,48.96
L04379,2024-07-07,Nordic Steel Co.,Formed Wire,183,3.45,26,Blanket release,North,631.35
L01197,2024-07-07,Alpha Fasteners Inc.,Formed Wire,342,2.62,16,Blanket release,North,896.04
L00497,2024-07-07,Alpha Fasteners Inc.,Fastener,87,2.23,12,Blanket release,South,194.01
L05332,2024-07-07,Nordic Steel Co.,Formed Wire,82,3.7,20,Blanket release,North,303.4
L03247,2024-07-07,Perez Castings S.A.,Precision Assembly,389,31.76,28,Spot buy,North,12354.64
L01014,2024-07-07,Rhein Polymer GmbH,Cast Housing,1290,4.74,23,Blanket release,South,6114.6
L05533,2024-07-07,Alpha Fasteners Inc.,Fastener,13,2.3,21,Spot buy,North,29.9
L06218,2024-07-07,Kwan Precision Ltd.,Cast Housing,119,15.3,17,Spot buy,North,1820.7
L04922,2024-07-07,Alpha Fasteners Inc.,Fastener,51,1.71,29,Spot buy,South,87.21
L01405,2024-07-07,Kwan Precision Ltd.,Cast Housing,91,14.47,30,Blanket release,South,1316.77
L00825,2024-07-07,Nordic Steel Co.,Formed Wire,278,3.71,24,Spot buy,South,1031.38
L02524,2024-07-07,Britewire Ltd.,Formed Wire,201,3.44,16,Spot buy,South,691.44
L03818,2024-07-07,Alpha Fasteners Inc.,Formed Wire,32,2.37,17,Spot buy,North,75.84
L01244,2024-07-08,Britewire Ltd.,Fastener,8,4.72,7,Spot buy,North,37.76
L03849,2024-07-08,Alpha Fasteners Inc.,Fastener,120,0.84,32,Spot buy,North,100.8
L00308,2024-07-08,Perez Castings S.A.,Cast Housing,237,13.9,20,Spot buy,South,3294.3
L06456,2024-07-08,Nordic Steel Co.,Cast Housing,173,13.4,31,Spot buy,North,2318.2
L00966,2024-07-08,Britewire Ltd.,Formed Wire,100,3.43,5,Spot buy,North,343.0
L03610,2024-07-08,Britewire Ltd.,Fastener,17,2.04,17,Spot buy,North,34.68
L02340,2024-07-08,Alpha Fasteners Inc.,Fastener,172,0.99,19,Spot buy,North,170.28
L04720,2024-07-08,Nordic Steel Co.,Formed Wire,66,4.52,32,Spot buy,North,298.32
L02874,2024-07-08,Nordic Steel Co.,Formed Wire,106,3.95,16,Spot buy,North,418.7
L07724,2024-07-08,Kwan Precision Ltd.,Cast Housing,71,12.03,21,Spot buy,South,854.13
L03922,2024-07-08,Sato Industrial K.K.,Precision Assembly,715,23.46,28,Blanket release,North,16773.9
L03265,2024-07-08,Alpha Fasteners Inc.,Fastener,179,1.4,14,Spot buy,North,250.6
L02566,2024-07-08,Kwan Precision Ltd.,Cast Housing,120,12.21,17,Blanket release,North,1465.2
L00151,2024-07-08,Alpha Fasteners Inc.,Fastener,63,1.05,13,Blanket release,North,66.15
L02332,2024-07-08,Alpha Fasteners Inc.,Fastener,142,1.29,8,Spot buy,North,183.18
L07809,2024-07-08,Alpha Fasteners Inc.,Fastener,82,1.46,31,Spot buy,South,119.72
L01520,2024-07-08,Nordic Steel Co.,Cast Housing,86,9.25,26,Blanket release,North,795.5
L07230,2024-07-08,Rhein Polymer GmbH,Precision Assembly,285,40.4,39,Blanket release,North,11514.0
L03822,2024-07-08,Alpha Fasteners Inc.,Fastener,45,1.9,11,Spot buy,South,85.5
L00063,2024-07-08,Britewire Ltd.,Fastener,30,1.71,28,Spot buy,South,51.3
L05070,2024-07-08,Perez Castings S.A.,Cast Housing,1103,6.7,38,Spot buy,North,7390.1
L04538,2024-07-08,Kwan Precision Ltd.,Cast Housing,235,6.7,25,Blanket release,North,1574.5
L00639,2024-07-08,Rhein Polymer GmbH,Precision Assembly,344,34.98,35,Blanket release,North,12033.12
L03693,2024-07-08,Alpha Fasteners Inc.,Fastener,45,2.25,22,Spot buy,North,101.25
L04840,2024-07-08,Nordic Steel Co.,Formed Wire,65,3.21,27,Spot buy,North,208.65
L06617,2024-07-08,Nordic Steel Co.,Formed Wire,188,2.41,26,Blanket release,North,453.08
L04843,2024-07-08,Alpha Fasteners Inc.,Fastener,26,3.85,12,Blanket release,North,100.1
L07692,2024-07-08,Britewire Ltd.,Formed Wire,196,3.25,2,Spot buy,South,637.0
L07794,2024-07-08,Britewire Ltd.,Formed Wire,367,1.81,29,Blanket release,North,664.27
L03845,2024-07-08,Nordic Steel Co.,Formed Wire,125,2.35,21,Blanket release,North,293.75
L07145,2024-07-08,Britewire Ltd.,Formed Wire,82,3.63,2,Spot buy,South,297.66
L00348,2024-07-08,Alpha Fasteners Inc.,Fastener,109,1.36,19,Spot buy,North,148.24
L07043,2024-07-08,Alpha Fasteners Inc.,Fastener,103,1.54,27,Spot buy,South,158.62
L06464,2024-07-08,Perez Castings S.A.,Precision Assembly,615,43.12,23,Blanket release,North,26518.8
L06612,2024-07-08,Nordic Steel Co.,Formed Wire,23,5.96,24,Blanket release,South,137.08
L06163,2024-07-08,Britewire Ltd.,Fastener,45,1.72,31,Spot buy,North,77.4
L07037,2024-07-08,Britewire Ltd.,Fastener,61,1.33,20,Spot buy,South,81.13
L04666,2024-07-08,Alpha Fasteners Inc.,Formed Wire,57,3.18,19,Spot buy,North,181.26
L04680,2024-07-08,Alpha Fasteners Inc.,Fastener,87,1.14,15,Spot buy,South,99.18
L01450,2024-07-08,Britewire Ltd.,Formed Wire,103,2.12,34,Blanket release,South,218.36
L05025,2024-07-08,Perez Castings S.A.,Cast Housing,53,9.27,41,Spot buy,South,491.31
L04684,2024-07-08,Perez Castings S.A.,Cast Housing,176,9.09,28,Blanket release,North,1599.84
L05310,2024-07-08,Britewire Ltd.,Fastener,44,2.13,2,Spot buy,North,93.72
L07570,2024-07-08,Britewire Ltd.,Fastener,53,2.62,27,Spot buy,South,138.86
L00128,2024-07-08,Kwan Precision Ltd.,Precision Assembly,892,32.07,21,Blanket release,North,28606.44
L02959,2024-07-08,Nordic Steel Co.,Cast Housing,201,9.45,28,Spot buy,South,1899.45
L06540,2024-07-08,Kwan Precision Ltd.,Cast Housing,80,12.97,28,Blanket release,North,1037.6
L06528,2024-07-08,Britewire Ltd.,Fastener,24,0.98,22,Spot buy,North,23.52
L06387,2024-07-08,Nordic Steel Co.,Formed Wire,114,3.47,44,Blanket release,South,395.58
L00922,2024-07-08,Perez Castings S.A.,Cast Housing,372,6.85,15,Spot buy,South,2548.2
L06572,2024-07-08,Alpha Fasteners Inc.,Fastener,4,3.43,22,Spot buy,North,13.72
L07457,2024-07-08,Alpha Fasteners Inc.,Fastener,32,1.33,10,Blanket release,South,42.56
L04252,2024-07-08,Britewire Ltd.,Fastener,66,2.06,30,Spot buy,North,135.96
L00037,2024-07-08,Britewire Ltd.,Fastener,34,1.27,12,Blanket release,North,43.18
L03063,2024-07-08,Meridian Tooling (internal),Cast Housing,73,8.46,17,Blanket release,North,617.58
L03002,2024-07-08,Britewire Ltd.,Fastener,44,1.72,33,Spot buy,North,75.68
L07183,2024-07-08,Rhein Polymer GmbH,Precision Assembly,175,52.46,25,Spot buy,South,9180.5
L07130,2024-07-08,Perez Castings S.A.,Precision Assembly,383,29.84,18,Blanket release,South,11428.72
L04419,2024-07-08,Nordic Steel Co.,Cast Housing,229,9.3,28,Blanket release,South,2129.7
L07509,2024-07-08,Nordic Steel Co.,Cast Housing,119,12.64,7,Blanket release,North,1504.16
L01179,2024-07-08,Britewire Ltd.,Fastener,26,1.57,5,Blanket release,North,40.82
L03667,2024-07-08,Perez Castings S.A.,Cast Housing,683,8.78,24,Blanket release,North,5996.74
L02218,2024-07-08,Perez Castings S.A.,Precision Assembly,2514,22.24,13,Spot buy,North,55911.36
L05983,2024-07-08,Britewire Ltd.,Formed Wire,40,2.83,23,Blanket release,North,113.2
L05224,2024-07-08,Britewire Ltd.,Fastener,30,2.29,28,Spot buy,South,68.7
L06437,2024-07-08,Kwan Precision Ltd.,Cast Housing,281,6.93,27,Spot buy,North,1947.33
L01555,2024-07-08,Nordic Steel Co.,Formed Wire,91,3.74,28,Spot buy,North,340.34
L05954,2024-07-08,Nordic Steel Co.,Formed Wire,31,4.88,31,Spot buy,North,151.28
L02963,2024-07-08,Britewire Ltd.,Formed Wire,27,3.36,20,Spot buy,South,90.72
L05834,2024-07-08,Nordic Steel Co.,Formed Wire,131,3.8,26,Blanket release,North,497.8
L02690,2024-07-08,Britewire Ltd.,Formed Wire,384,1.91,23,Spot buy,North,733.44
L04010,2024-07-08,Nordic Steel Co.,Cast Housing,263,10.28,32,Blanket release,South,2703.64
L02761,2024-07-08,Rhein Polymer GmbH,Cast Housing,134,11.2,36,Spot buy,South,1500.8
L05572,2024-07-08,Alpha Fasteners Inc.,Fastener,8,2.42,27,Spot buy,North,19.36
L06102,2024-07-08,Alpha Fasteners Inc.,Formed Wire,30,2.7,15,Blanket release,South,81.0
L03766,2024-07-08,Britewire Ltd.,Fastener,60,0.87,35,Spot buy,South,52.2
L01962,2024-07-08,Britewire Ltd.,Fastener,31,1.82,19,Spot buy,North,56.42
L04251,2024-07-08,Britewire Ltd.,Fastener,8,3.07,15,Spot buy,North,24.56
L06009,2024-07-08,Britewire Ltd.,Fastener,59,2.41,14,Spot buy,North,142.19
L02782,2024-07-08,Rhein Polymer GmbH,Cast Housing,500,8.04,17,Blanket release,North,4020.0
L06510,2024-07-08,Britewire Ltd.,Fastener,11,2.54,20,Spot buy,North,27.94
L03969,2024-07-08,Alpha Fasteners Inc.,Fastener,45,0.65,22,Blanket release,North,29.25
L07609,2024-07-08,Sato Industrial K.K.,Precision Assembly,318,29.73,36,Spot buy,North,9454.14
L01295,2024-07-08,Britewire Ltd.,Fastener,86,2.66,22,Spot buy,North,228.76
L01538,2024-07-08,Britewire Ltd.,Fastener,94,1.88,12,Spot buy,North,176.72
L06638,2024-07-08,Alpha Fasteners Inc.,Fastener,24,2.48,31,Spot buy,North,59.52
L06981,2024-07-08,Alpha Fasteners Inc.,Fastener,172,1.25,25,Spot buy,North,215.0
L06499,2024-07-08,Rhein Polymer GmbH,Cast Housing,225,13.98,19,Blanket release,South,3145.5
L03439,2024-07-08,Rhein Polymer GmbH,Cast Housing,192,15.41,20,Blanket release,South,2958.72
L07432,2024-07-08,Alpha Fasteners Inc.,Fastener,20,1.04,32,Spot buy,North,20.8
L00515,2024-07-08,Kwan Precision Ltd.,Cast Housing,187,12.28,16,Blanket release,North,2296.36
L06773,2024-07-08,Nordic Steel Co.,Cast Housing,1367,7.44,29,Spot buy,South,10170.48
L04744,2024-07-08,Britewire Ltd.,Formed Wire,270,1.83,23,Spot buy,North,494.1
L00463,2024-07-08,Alpha Fasteners Inc.,Fastener,5,3.4,6,Spot buy,South,17.0
L00620,2024-07-08,Nordic Steel Co.,Formed Wire,188,2.85,19,Blanket release,North,535.8
L05599,2024-07-08,Britewire Ltd.,Fastener,26,2.04,23,Spot buy,South,53.04
L04749,2024-07-08,Perez Castings S.A.,Precision Assembly,183,51.55,24,Blanket release,South,9433.65
L04366,2024-07-09,Perez Castings S.A.,Precision Assembly,1194,35.81,19,Spot buy,South,42757.14
L03755,2024-07-09,Nordic Steel Co.,Formed Wire,410,2.67,20,Blanket release,North,1094.7
L00912,2024-07-09,Sato Industrial K.K.,Precision Assembly,5606,29.79,23,Spot buy,North,167002.74
L05136,2024-07-09,Kwan Precision Ltd.,Precision Assembly,502,48.62,33,Spot buy,North,24407.24
L00797,2024-07-09,Nordic Steel Co.,Formed Wire,9,3.9,22,Blanket release,South,35.1
L03590,2024-07-09,Meridian Tooling (internal),Cast Housing,336,4.89,22,Spot buy,North,1643.04
L00798,2024-07-09,Rhein Polymer GmbH,Precision Assembly,639,23.89,25,Blanket release,South,15265.71
L06664,2024-07-09,Alpha Fasteners Inc.,Fastener,54,0.75,18,Spot buy,South,40.5
L07390,2024-07-09,Britewire Ltd.,Fastener,22,2.77,2,Spot buy,North,60.94
L06053,2024-07-09,Kwan Precision Ltd.,Cast Housing,220,14.17,9,Spot buy,South,3117.4
L05077,2024-07-09,Britewire Ltd.,Fastener,22,1.14,19,Spot buy,South,25.08
L04996,2024-07-09,Alpha Fasteners Inc.,Fastener,149,1.01,29,Spot buy,South,150.49
L01418,2024-07-09,Kwan Precision Ltd.,Precision Assembly,473,29.48,42,Blanket release,North,13944.04
L04303,2024-07-09,Britewire Ltd.,Fastener,142,1.06,24,Spot buy,North,150.52
L03115,2024-07-09,Rhein Polymer GmbH,Precision Assembly,1631,43.9,35,Spot buy,South,71600.9
L03555,2024-07-09,Alpha Fasteners Inc.,Formed Wire,159,2.36,22,Spot buy,South,375.24
L07110,2024-07-09,Alpha Fasteners Inc.,Fastener,9,1.45,22,Spot buy,South,13.05
L03641,2024-07-09,Britewire Ltd.,Formed Wire,839,2.06,20,Spot buy,South,1728.34
L05001,2024-07-09,Kwan Precision Ltd.,Precision Assembly,72,44.64,22,Blanket release,North,3214.08
L05178,2024-07-09,Alpha Fasteners Inc.,Fastener,62,1.18,12,Spot buy,North,73.16
L05826,2024-07-09,Rhein Polymer GmbH,Cast Housing,157,16.12,32,Spot buy,South,2530.84
L01461,2024-07-09,Rhein Polymer GmbH,Cast Housing,35,20.12,30,Blanket release,North,704.2
L05853,2024-07-09,Nordic Steel Co.,Formed Wire,254,2.94,12,Spot buy,South,746.76
L05062,2024-07-09,Britewire Ltd.,Fastener,29,1.18,3,Blanket release,South,34.22
L03125,2024-07-09,Britewire Ltd.,Fastener,46,1.07,28,Spot buy,North,49.22
L05164,2024-07-09,Perez Castings S.A.,Cast Housing,173,13.41,10,Blanket release,North,2319.93
L07956,2024-07-09,Alpha Fasteners Inc.,Fastener,42,1.47,10,Spot buy,North,61.74
L04290,2024-07-09,Britewire Ltd.,Fastener,106,1.69,23,Spot buy,North,179.14
L06684,2024-07-09,Rhein Polymer GmbH,Precision Assembly,601,29.74,28,Blanket release,South,17873.74
L00964,2024-07-09,Nordic Steel Co.,Cast Housing,21,23.22,16,Blanket release,South,487.62
L00704,2024-07-09,Britewire Ltd.,Formed Wire,270,2.51,12,Spot buy,North,677.7
L06588,2024-07-09,Britewire Ltd.,Formed Wire,605,1.94,43,Spot buy,North,1173.7
L01159,2024-07-09,Kwan Precision Ltd.,Precision Assembly,700,36.97,25,Spot buy,North,25879.0
L03469,2024-07-09,Alpha Fasteners Inc.,Fastener,71,2.02,21,Spot buy,South,143.42
L05529,2024-07-09,Britewire Ltd.,Fastener,60,1.69,17,Spot buy,South,101.4
L03813,2024-07-09,Rhein Polymer GmbH,Cast Housing,169,13.05,23,Spot buy,North,2205.45
L01692,2024-07-09,Nordic Steel Co.,Formed Wire,33,2.69,34,Blanket release,South,88.77
L00562,2024-07-09,Rhein Polymer GmbH,Cast Housing,377,11.12,22,Spot buy,North,4192.24
L04565,2024-07-09,Alpha Fasteners Inc.,Fastener,13,1.59,14,Spot buy,North,20.67
L00284,2024-07-09,Britewire Ltd.,Formed Wire,72,3.29,23,Spot buy,North,236.88
L02190,2024-07-09,Alpha Fasteners Inc.,Fastener,32,5.1,18,Spot buy,North,163.2
L07229,2024-07-09,Alpha Fasteners Inc.,Fastener,17,3.31,20,Spot buy,North,56.27
L00042,2024-07-09,Britewire Ltd.,Formed Wire,59,2.05,39,Blanket release,North,120.95
L01676,2024-07-09,Alpha Fasteners Inc.,Fastener,33,1.69,15,Spot buy,North,55.77
L00614,2024-07-09,Britewire Ltd.,Formed Wire,41,3.2,23,Spot buy,North,131.2
L03396,2024-07-09,Nordic Steel Co.,Formed Wire,17,3.18,19,Blanket release,North,54.06
L07674,2024-07-09,Nordic Steel Co.,Cast Housing,784,6.11,26,Blanket release,North,4790.24
L00278,2024-07-09,Perez Castings S.A.,Precision Assembly,153,26.33,37,Blanket release,South,4028.49
L07485,2024-07-09,Britewire Ltd.,Fastener,12,2.6,3,Blanket release,South,31.2
L02972,2024-07-09,Britewire Ltd.,Fastener,22,2.43,36,Blanket release,South,53.46
L01172,2024-07-09,Kwan Precision Ltd.,Cast Housing,61,20.51,23,Spot buy,North,1251.11
L01904,2024-07-09,Britewire Ltd.,Fastener,66,1.61,18,Blanket release,South,106.26
L03860,2024-07-09,Kwan Precision Ltd.,Cast Housing,393,8.84,32,Blanket release,South,3474.12
L01864,2024-07-09,Britewire Ltd.,Fastener,101,0.91,27,Spot buy,North,91.91
L01863,2024-07-09,Alpha Fasteners Inc.,Formed Wire,217,2.1,22,Blanket release,North,455.7
L00355,2024-07-09,Perez Castings S.A.,Cast Housing,433,7.71,20,Blanket release,South,3338.43
L05722,2024-07-09,Kwan Precision Ltd.,Cast Housing,589,10.33,19,Blanket release,South,6084.37
L02812,2024-07-09,Alpha Fasteners Inc.,Fastener,45,1.4,13,Blanket release,North,63.0
L01893,2024-07-09,Perez Castings S.A.,Cast Housing,121,9.28,26,Spot buy,North,1122.88
L04615,2024-07-09,Nordic Steel Co.,Formed Wire,18,7.97,2,Blanket release,North,143.46
L03895,2024-07-09,Alpha Fasteners Inc.,Formed Wire,66,3.44,13,Blanket release,North,227.04
L07948,2024-07-09,Rhein Polymer GmbH,Precision Assembly,412,37.69,43,Spot buy,South,15528.28
L03905,2024-07-09,Britewire Ltd.,Formed Wire,3,6.55,23,Blanket release,North,19.65
L03710,2024-07-09,Britewire Ltd.,Fastener,556,1.19,4,Spot buy,South,661.64
L01198,2024-07-09,Alpha Fasteners Inc.,Fastener,110,1.41,10,Spot buy,North,155.1
L07319,2024-07-09,Perez Castings S.A.,Cast Housing,62,10.48,22,Blanket release,South,649.76
L03828,2024-07-09,Britewire Ltd.,Fastener,21,1.43,21,Spot buy,South,30.03
L02444,2024-07-09,Britewire Ltd.,Fastener,19,1.71,21,Spot buy,North,32.49
L01802,2024-07-09,Nordic Steel Co.,Formed Wire,281,2.71,21,Spot buy,South,761.51
L06520,2024-07-09,Perez Castings S.A.,Precision Assembly,1275,32.76,33,Spot buy,South,41769.0
L04137,2024-07-09,Perez Castings S.A.,Cast Housing,261,14.09,8,Spot buy,South,3677.49
L07238,2024-07-09,Britewire Ltd.,Fastener,28,2.9,14,Spot buy,South,81.2
L04181,2024-07-09,Kwan Precision Ltd.,Cast Housing,167,9.33,25,Blanket release,North,1558.11
L00692,2024-07-09,Meridian Tooling (internal),Cast Housing,258,5.3,11,Blanket release,North,1367.4
L05390,2024-07-09,Alpha Fasteners Inc.,Formed Wire,65,4.61,24,Spot buy,South,299.65
L03730,2024-07-09,Alpha Fasteners Inc.,Fastener,105,1.12,13,Spot buy,North,117.6
L03527,2024-07-09,Rhein Polymer GmbH,Cast Housing,1045,8.77,15,Spot buy,North,9164.65
L07513,2024-07-09,Britewire Ltd.,Fastener,13,3.1,32,Spot buy,North,40.3
L05370,2024-07-09,Rhein Polymer GmbH,Cast Housing,898,11.23,13,Blanket release,North,10084.54
L00654,2024-07-09,Meridian Tooling (internal),Cast Housing,807,5.67,26,Spot buy,South,4575.69
L05065,2024-07-10,Alpha Fasteners Inc.,Formed Wire,223,2.66,37,Spot buy,North,593.18
L06446,2024-07-10,Meridian Tooling (internal),Precision Assembly,205,27.34,36,Spot buy,North,5604.7
L01819,2024-07-10,Nordic Steel Co.,Formed Wire,43,7.27,21,Blanket release,South,312.61
L00724,2024-07-10,Perez Castings S.A.,Cast Housing,348,16.42,18,Spot buy,North,5714.16
L01430,2024-07-10,Britewire Ltd.,Fastener,14,2.59,11,Spot buy,North,36.26
L02607,2024-07-10,Britewire Ltd.,Fastener,57,1.68,19,Spot buy,North,95.76
L02385,2024-07-10,Nordic Steel Co.,Formed Wire,26,4.15,24,Spot buy,North,107.9
L02456,2024-07-10,Sato Industrial K.K.,Precision Assembly,368,52.49,20,Spot buy,South,19316.32
L05528,2024-07-10,Britewire Ltd.,Fastener,131,1.8,20,Spot buy,North,235.8
L05154,2024-07-10,Nordic Steel Co.,Formed Wire,197,3.39,29,Blanket release,South,667.83
L02770,2024-07-10,Alpha Fasteners Inc.,Fastener,23,3.9,18,Spot buy,North,89.7
L04363,2024-07-10,Kwan Precision Ltd.,Precision Assembly,483,38.75,25,Blanket release,North,18716.25
L06930,2024-07-10,Perez Castings S.A.,Cast Housing,99,8.13,28,Blanket release,South,804.87
L05042,2024-07-10,Alpha Fasteners Inc.,Formed Wire,6,6.96,14,Blanket release,North,41.76
L07290,2024-07-10,Rhein Polymer GmbH,Cast Housing,291,8.57,30,Spot buy,South,2493.87
L06114,2024-07-10,Britewire Ltd.,Formed Wire,84,3.85,26,Spot buy,South,323.4
L06324,2024-07-10,Nordic Steel Co.,Formed Wire,274,2.96,35,Blanket release,North,811.04
L02650,2024-07-10,Kwan Precision Ltd.,Cast Housing,107,9.22,19,Blanket release,North,986.54
L05152,2024-07-10,Alpha Fasteners Inc.,Fastener,54,0.98,33,Spot buy,South,52.92
L04837,2024-07-10,Rhein Polymer GmbH,Cast Housing,73,14.23,17,Blanket release,South,1038.79
L07225,2024-07-10,Britewire Ltd.,Fastener,122,1.52,18,Spot buy,South,185.44
L00998,2024-07-10,Britewire Ltd.,Formed Wire,69,3.3,26,Blanket release,South,227.7
L07922,2024-07-10,Alpha Fasteners Inc.,Fastener,24,2.74,18,Blanket release,South,65.76
L05371,2024-07-10,Nordic Steel Co.,Formed Wire,192,2.61,9,Blanket release,North,501.12
L00882,2024-07-10,Kwan Precision Ltd.,Cast Housing,184,10.79,9,Spot buy,North,1985.36
L01494,2024-07-10,Britewire Ltd.,Fastener,7,4.96,38,Spot buy,North,34.72
L01792,2024-07-10,Nordic Steel Co.,Formed Wire,53,2.93,21,Spot buy,North,155.29
L05091,2024-07-10,Nordic Steel Co.,Cast Housing,133,21.5,32,Spot buy,North,2859.5
L06517,2024-07-10,Rhein Polymer GmbH,Cast Housing,5739,8.86,31,Spot buy,North,50847.54
L06912,2024-07-10,Alpha Fasteners Inc.,Fastener,64,1.53,24,Spot buy,South,97.92
L05128,2024-07-10,Alpha Fasteners Inc.,Fastener,17,2.8,28,Blanket release,South,47.6
L04441,2024-07-10,Alpha Fasteners Inc.,Fastener,150,0.72,34,Blanket release,North,108.0
L01750,2024-07-10,Nordic Steel Co.,Cast Housing,412,5.57,49,Blanket release,South,2294.84
L02365,2024-07-10,Alpha Fasteners Inc.,Fastener,38,1.3,25,Blanket release,North,49.4
L01351,2024-07-10,Britewire Ltd.,Fastener,16,2.81,15,Spot buy,South,44.96
L07661,2024-07-10,Alpha Fasteners Inc.,Fastener,77,1.32,33,Spot buy,South,101.64
L04011,2024-07-10,Britewire Ltd.,Fastener,8,4.47,20,Blanket release,South,35.76
L00024,2024-07-10,Alpha Fasteners Inc.,Fastener,6,4.77,27,Spot buy,South,28.62
L03186,2024-07-10,Nordic Steel Co.,Formed Wire,62,2.79,17,Blanket release,North,172.98
L06474,2024-07-10,Alpha Fasteners Inc.,Fastener,179,1.04,10,Blanket release,North,186.16
L07861,2024-07-10,Nordic Steel Co.,Formed Wire,160,3.06,27,Blanket release,North,489.6
L03638,2024-07-10,Meridian Tooling (internal),Precision Assembly,414,25.83,25,Spot buy,North,10693.62
L02721,2024-07-10,Britewire Ltd.,Fastener,55,1.32,21,Blanket release,North,72.6
L00177,2024-07-10,Britewire Ltd.,Formed Wire,38,3.43,35,Spot buy,North,130.34
L04501,2024-07-10,Nordic Steel Co.,Cast Housing,1507,7.35,30,Blanket release,North,11076.45
L04908,2024-07-10,Britewire Ltd.,Fastener,21,2.18,38,Spot buy,North,45.78
L02018,2024-07-10,Britewire Ltd.,Formed Wire,44,3.56,22,Spot buy,North,156.64
L07670,2024-07-10,Perez Castings S.A.,Cast Housing,91,16.7,16,Blanket release,North,1519.7
L03021,2024-07-10,Britewire Ltd.,Fastener,18,1.36,16,Blanket release,North,24.48
L03774,2024-07-10,Britewire Ltd.,Formed Wire,150,2.35,37,Spot buy,North,352.5
L05464,2024-07-10,Perez Castings S.A.,Cast Housing,255,9.31,20,Spot buy,South,2374.05
L07109,2024-07-10,Alpha Fasteners Inc.,Fastener,32,1.64,26,Spot buy,North,52.48
L01342,2024-07-10,Britewire Ltd.,Fastener,26,1.43,29,Spot buy,South,37.18
L02045,2024-07-10,Nordic Steel Co.,Formed Wire,121,3.26,39,Spot buy,South,394.46
L07049,2024-07-10,Perez Castings S.A.,Cast Housing,209,7.17,19,Blanket release,South,1498.53
L07224,2024-07-10,Perez Castings S.A.,Cast Housing,36,10.78,22,Blanket release,South,388.08
L06233,2024-07-10,Alpha Fasteners Inc.,Fastener,282,1.31,23,Spot buy,North,369.42
L03864,2024-07-10,Nordic Steel Co.,Formed Wire,78,4.51,15,Spot buy,North,351.78
L06132,2024-07-10,Alpha Fasteners Inc.,Formed Wire,41,4.48,19,Blanket release,South,183.68
L03622,2024-07-10,Perez Castings S.A.,Cast Housing,281,9.45,12,Spot buy,South,2655.45
L04384,2024-07-10,Britewire Ltd.,Formed Wire,56,3.83,21,Blanket release,North,214.48
L02753,2024-07-10,Nordic Steel Co.,Cast Housing,90,10.8,9,Blanket release,South,972.0
L01345,2024-07-10,Alpha Fasteners Inc.,Fastener,14,2.47,22,Spot buy,North,34.58
L01449,2024-07-10,Rhein Polymer GmbH,Precision Assembly,527,50.83,41,Spot buy,South,26787.41
L02775,2024-07-10,Britewire Ltd.,Fastener,7,1.76,28,Spot buy,North,12.32
L04131,2024-07-10,Britewire Ltd.,Fastener,32,3.02,18,Blanket release,North,96.64
L07984,2024-07-10,Britewire Ltd.,Fastener,29,2.21,2,Blanket release,North,64.09
L02409,2024-07-10,Kwan Precision Ltd.,Precision Assembly,315,38.13,31,Spot buy,North,12010.95
L00064,2024-07-10,Alpha Fasteners Inc.,Fastener,66,1.91,17,Spot buy,North,126.06
L06855,2024-07-10,Perez Castings S.A.,Cast Housing,240,7.4,27,Blanket release,North,1776.0
L06201,2024-07-10,Kwan Precision Ltd.,Precision Assembly,379,39.24,33,Blanket release,South,14871.96
L02116,2024-07-10,Britewire Ltd.,Fastener,45,2.26,23,Spot buy,North,101.7
L05888,2024-07-10,Britewire Ltd.,Formed Wire,86,2.27,34,Spot buy,North,195.22
L02961,2024-07-10,Nordic Steel Co.,Cast Housing,136,13.12,13,Blanket release,South,1784.32
L03842,2024-07-10,Rhein Polymer GmbH,Precision Assembly,301,27.54,39,Spot buy,North,8289.54
L06496,2024-07-10,Britewire Ltd.,Fastener,25,1.62,31,Spot buy,North,40.5
L04456,2024-07-10,Alpha Fasteners Inc.,Fastener,36,2.26,23,Spot buy,North,81.36
L05768,2024-07-10,Rhein Polymer GmbH,Cast Housing,111,11.46,18,Spot buy,South,1272.06
L03772,2024-07-10,Britewire Ltd.,Fastener,16,1.61,21,Spot buy,South,25.76
L03726,2024-07-10,Nordic Steel Co.,Cast Housing,108,10.26,32,Spot buy,North,1108.08
L05952,2024-07-10,Rhein Polymer GmbH,Precision Assembly,405,29.07,7,Blanket release,South,11773.35
L06691,2024-07-10,Kwan Precision Ltd.,Precision Assembly,2360,34.6,26,Blanket release,North,81656.0
L06331,2024-07-10,Britewire Ltd.,Fastener,11,1.82,27,Spot buy,South,20.02
L05093,2024-07-11,Britewire Ltd.,Formed Wire,258,2.37,33,Spot buy,North,611.46
L07652,2024-07-11,Nordic Steel Co.,Formed Wire,32,4.46,14,Blanket release,North,142.72
L07288,2024-07-11,Kwan Precision Ltd.,Cast Housing,1038,10.2,14,Blanket release,South,10587.6
L01489,2024-07-11,Alpha Fasteners Inc.,Fastener,69,2.25,18,Spot buy,North,155.25
L00452,2024-07-11,Kwan Precision Ltd.,Precision Assembly,316,59.27,18,Blanket release,South,18729.32
L02824,2024-07-11,Britewire Ltd.,Fastener,92,1.61,36,Spot buy,South,148.12
L05705,2024-07-11,Alpha Fasteners Inc.,Fastener,80,2.19,5,Spot buy,South,175.2
L07380,2024-07-11,Kwan Precision Ltd.,Cast Housing,129,8.99,27,Blanket release,South,1159.71
L01795,2024-07-11,Rhein Polymer GmbH,Cast Housing,645,8.65,11,Spot buy,South,5579.25
L03422,2024-07-11,Alpha Fasteners Inc.,Formed Wire,239,3.24,23,Spot buy,North,774.36
L01872,2024-07-11,Rhein Polymer GmbH,Cast Housing,293,10.82,32,Blanket release,North,3170.26
L03407,2024-07-11,Britewire Ltd.,Fastener,29,2.75,9,Blanket release,South,79.75
L03421,2024-07-11,Britewire Ltd.,Formed Wire,195,2.32,17,Spot buy,North,452.4
L05008,2024-07-11,Alpha Fasteners Inc.,Fastener,64,2.87,23,Spot buy,South,183.68
L06057,2024-07-11,Alpha Fasteners Inc.,Fastener,21,2.45,21,Spot buy,South,51.45
L04347,2024-07-11,Alpha Fasteners Inc.,Fastener,46,1.3,36,Spot buy,North,59.8
L07889,2024-07-11,Kwan Precision Ltd.,Cast Housing,100,10.82,9,Spot buy,South,1082.0
L00223,2024-07-11,Perez Castings S.A.,Cast Housing,207,8.08,28,Spot buy,South,1672.56
L03270,2024-07-11,Britewire Ltd.,Formed Wire,45,2.4,27,Spot buy,North,108.0
L00902,2024-07-11,Kwan Precision Ltd.,Cast Housing,1241,7.06,15,Spot buy,South,8761.46
L01475,2024-07-11,Britewire Ltd.,Formed Wire,189,4.53,22,Spot buy,North,856.17
L05733,2024-07-11,Alpha Fasteners Inc.,Fastener,24,3.44,11,Spot buy,South,82.56
L06795,2024-07-11,Perez Castings S.A.,Cast Housing,158,13.68,7,Spot buy,North,2161.44
L02269,2024-07-11,Perez Castings S.A.,Cast Housing,405,6.84,32,Spot buy,North,2770.2
L01951,2024-07-11,Alpha Fasteners Inc.,Fastener,65,1.0,14,Spot buy,North,65.0
L01831,2024-07-11,Rhein Polymer GmbH,Precision Assembly,920,27.87,25,Spot buy,North,25640.4
L07517,2024-07-11,Britewire Ltd.,Formed Wire,155,2.71,24,Spot buy,South,420.05
L00220,2024-07-11,Britewire Ltd.,Formed Wire,40,1.49,21,Blanket release,South,59.6
L07899,2024-07-11,Britewire Ltd.,Fastener,19,3.25,7,Spot buy,South,61.75
L00967,2024-07-11,Alpha Fasteners Inc.,Formed Wire,56,2.62,20,Spot buy,North,146.72
L07961,2024-07-11,Perez Castings S.A.,Precision Assembly,145,45.12,29,Spot buy,North,6542.4
L01193,2024-07-11,Sato Industrial K.K.,Precision Assembly,629,33.38,26,Blanket release,South,20996.02
L00254,2024-07-11,Britewire Ltd.,Fastener,27,3.56,23,Spot buy,North,96.12
L02083,2024-07-11,Britewire Ltd.,Formed Wire,7,5.76,34,Blanket release,South,40.32
L07180,2024-07-11,Alpha Fasteners Inc.,Fastener,39,1.19,2,Blanket release,North,46.41
L01703,2024-07-11,Meridian Tooling (internal),Precision Assembly,188,37.85,28,Spot buy,North,7115.8
L05213,2024-07-11,Kwan Precision Ltd.,Precision Assembly,679,36.2,32,Blanket release,North,24579.8
L00588,2024-07-11,Alpha Fasteners Inc.,Fastener,20,1.92,9,Blanket release,South,38.4
L07706,2024-07-11,Britewire Ltd.,Formed Wire,64,3.11,7,Spot buy,North,199.04
L00658,2024-07-11,Nordic Steel Co.,Cast Housing,44,13.81,20,Spot buy,South,607.64
L00659,2024-07-11,Meridian Tooling (internal),Precision Assembly,70,21.55,37,Blanket release,North,1508.5
L04879,2024-07-11,Kwan Precision Ltd.,Precision Assembly,3924,25.79,42,Blanket release,North,101199.96
L05469,2024-07-11,Britewire Ltd.,Formed Wire,139,4.24,19,Spot buy,North,589.36
L07824,2024-07-11,Sato Industrial K.K.,Precision Assembly,599,42.37,24,Spot buy,North,25379.63
L07825,2024-07-11,Kwan Precision Ltd.,Cast Housing,89,13.57,19,Spot buy,North,1207.73
L03669,2024-07-11,Britewire Ltd.,Fastener,32,0.98,12,Blanket release,North,31.36
L07763,2024-07-11,Alpha Fasteners Inc.,Formed Wire,15,6.6,18,Spot buy,South,99.0
L00129,2024-07-11,Alpha Fasteners Inc.,Formed Wire,36,4.64,12,Spot buy,North,167.04
L07090,2024-07-11,Kwan Precision Ltd.,Cast Housing,78,12.77,28,Spot buy,North,996.06
L07048,2024-07-11,Britewire Ltd.,Formed Wire,10,9.94,29,Spot buy,South,99.4
L02532,2024-07-11,Britewire Ltd.,Fastener,17,1.65,31,Spot buy,North,28.05
L01025,2024-07-11,Nordic Steel Co.,Formed Wire,70,3.64,21,Spot buy,North,254.8
L04549,2024-07-11,Alpha Fasteners Inc.,Fastener,24,2.12,15,Spot buy,North,50.88
L03794,2024-07-11,Britewire Ltd.,Fastener,15,2.92,30,Spot buy,South,43.8
L04141,2024-07-11,Britewire Ltd.,Fastener,26,2.28,40,Spot buy,South,59.28
L07302,2024-07-11,Britewire Ltd.,Fastener,4,4.72,34,Spot buy,North,18.88
L00762,2024-07-11,Britewire Ltd.,Formed Wire,58,1.78,28,Blanket release,South,103.24
L06963,2024-07-11,Nordic Steel Co.,Formed Wire,209,3.12,35,Spot buy,North,652.08
L04530,2024-07-11,Nordic Steel Co.,Cast Housing,770,9.17,22,Spot buy,North,7060.9
L03561,2024-07-11,Sato Industrial K.K.,Precision Assembly,560,52.92,25,Blanket release,South,29635.2
L06929,2024-07-11,Nordic Steel Co.,Formed Wire,22,4.5,24,Spot buy,North,99.0
L04476,2024-07-11,Perez Castings S.A.,Cast Housing,33,21.37,21,Spot buy,South,705.21
L04884,2024-07-11,Britewire Ltd.,Fastener,82,1.02,2,Spot buy,South,83.64
L05880,2024-07-11,Perez Castings S.A.,Precision Assembly,601,24.95,15,Spot buy,North,14994.95
L02649,2024-07-11,Rhein Polymer GmbH,Cast Housing,209,8.39,16,Blanket release,South,1753.51
L07703,2024-07-11,Perez Castings S.A.,Precision Assembly,1347,31.34,23,Blanket release,North,42214.98
L00613,2024-07-11,Britewire Ltd.,Formed Wire,59,5.83,35,Spot buy,South,343.97
L03171,2024-07-11,Kwan Precision Ltd.,Cast Housing,295,11.72,12,Blanket release,North,3457.4
L03666,2024-07-11,Alpha Fasteners Inc.,Fastener,8,2.18,32,Blanket release,North,17.44
L03307,2024-07-11,Nordic Steel Co.,Formed Wire,99,3.91,9,Blanket release,South,387.09
L04006,2024-07-11,Rhein Polymer GmbH,Precision Assembly,110,40.91,37,Blanket release,South,4500.1
L03466,2024-07-11,Rhein Polymer GmbH,Precision Assembly,1170,40.63,41,Blanket release,South,47537.1
L06866,2024-07-11,Perez Castings S.A.,Cast Housing,562,8.26,29,Spot buy,North,4642.12
L06753,2024-07-11,Nordic Steel Co.,Cast Housing,317,8.11,5,Blanket release,North,2570.87
L07055,2024-07-11,Meridian Tooling (internal),Cast Housing,980,3.81,21,Blanket release,North,3733.8
L05375,2024-07-11,Britewire Ltd.,Fastener,27,1.45,14,Blanket release,South,39.15
L04053,2024-07-11,Kwan Precision Ltd.,Cast Housing,408,9.41,12,Spot buy,North,3839.28
L03008,2024-07-11,Britewire Ltd.,Fastener,571,0.78,18,Spot buy,North,445.38
L07264,2024-07-11,Britewire Ltd.,Fastener,283,0.85,25,Spot buy,South,240.55
L00145,2024-07-11,Perez Castings S.A.,Cast Housing,317,14.11,24,Spot buy,North,4472.87
L01718,2024-07-11,Alpha Fasteners Inc.,Fastener,138,0.8,26,Blanket release,South,110.4
L02696,2024-07-11,Alpha Fasteners Inc.,Formed Wire,17,4.26,8,Blanket release,South,72.42
L02957,2024-07-11,Rhein Polymer GmbH,Cast Housing,646,6.59,28,Blanket release,South,4257.14
L05851,2024-07-11,Alpha Fasteners Inc.,Fastener,12,2.57,23,Spot buy,North,30.84
L00541,2024-07-11,Kwan Precision Ltd.,Precision Assembly,294,58.21,33,Spot buy,North,17113.74
L01495,2024-07-11,Kwan Precision Ltd.,Precision Assembly,482,45.9,29,Spot buy,North,22123.8
L01013,2024-07-11,Perez Castings S.A.,Precision Assembly,494,23.05,32,Blanket release,North,11386.7
L06686,2024-07-11,Rhein Polymer GmbH,Cast Housing,127,8.0,2,Spot buy,North,1016.0
L03183,2024-07-11,Kwan Precision Ltd.,Cast Housing,123,14.99,9,Blanket release,North,1843.77
L03598,2024-07-11,Rhein Polymer GmbH,Cast Housing,634,9.57,6,Blanket release,South,6067.38
L00207,2024-07-11,Rhein Polymer GmbH,Precision Assembly,1023,29.6,35,Spot buy,South,30280.8
L03697,2024-07-12,Britewire Ltd.,Fastener,26,2.52,23,Spot buy,North,65.52
L02554,2024-07-12,Alpha Fasteners Inc.,Formed Wire,29,5.2,4,Spot buy,South,150.8
L00209,2024-07-12,Britewire Ltd.,Fastener,108,1.4,10,Spot buy,South,151.2
L01065,2024-07-12,Sato Industrial K.K.,Precision Assembly,394,31.53,33,Spot buy,North,12422.82
L03679,2024-07-12,Alpha Fasteners Inc.,Fastener,25,2.46,38,Spot buy,South,61.5
L01058,2024-07-12,Rhein Polymer GmbH,Precision Assembly,717,36.25,37,Spot buy,North,25991.25
L06182,2024-07-12,Nordic Steel Co.,Formed Wire,19,2.46,16,Blanket release,South,46.74
L03681,2024-07-12,Nordic Steel Co.,Formed Wire,45,3.43,14,Blanket release,North,154.35
L04876,2024-07-12,Britewire Ltd.,Formed Wire,63,5.2,26,Blanket release,North,327.6
L00179,2024-07-12,Alpha Fasteners Inc.,Fastener,20,2.27,11,Spot buy,North,45.4
L02556,2024-07-12,Britewire Ltd.,Fastener,24,2.34,6,Blanket release,North,56.16
L03676,2024-07-12,Alpha Fasteners Inc.,Fastener,130,1.07,20,Blanket release,South,139.1
L03074,2024-07-12,Alpha Fasteners Inc.,Fastener,44,1.97,9,Spot buy,North,86.68
L02022,2024-07-12,Alpha Fasteners Inc.,Fastener,70,0.92,9,Blanket release,South,64.4
L06535,2024-07-12,Nordic Steel Co.,Formed Wire,77,2.88,24,Spot buy,North,221.76
L03042,2024-07-12,Alpha Fasteners Inc.,Fastener,3,1.4,38,Blanket release,North,4.2
L01153,2024-07-12,Britewire Ltd.,Formed Wire,76,1.88,20,Blanket release,North,142.88
L04721,2024-07-12,Britewire Ltd.,Formed Wire,129,2.8,37,Spot buy,North,361.2
L02088,2024-07-12,Britewire Ltd.,Fastener,19,2.63,15,Spot buy,North,49.97
L00325,2024-07-12,Alpha Fasteners Inc.,Fastener,100,1.25,7,Spot buy,North,125.0
L06190,2024-07-12,Rhein Polymer GmbH,Precision Assembly,100,38.08,14,Spot buy,South,3808.0
L03045,2024-07-12,Britewire Ltd.,Formed Wire,32,4.8,26,Spot buy,North,153.6
L04516,2024-07-12,Perez Castings S.A.,Cast Housing,545,7.6,14,Spot buy,North,4142.0
L05872,2024-07-12,Perez Castings S.A.,Cast Housing,19,11.89,24,Blanket release,North,225.91
L02060,2024-07-12,Kwan Precision Ltd.,Cast Housing,71,10.24,35,Blanket release,North,727.04
L07389,2024-07-12,Alpha Fasteners Inc.,Fastener,51,1.06,20,Spot buy,North,54.06
L06212,2024-07-12,Nordic Steel Co.,Formed Wire,117,5.27,5,Spot buy,North,616.59
L04508,2024-07-12,Sato Industrial K.K.,Precision Assembly,422,35.19,35,Spot buy,North,14850.18
L02406,2024-07-12,Britewire Ltd.,Formed Wire,170,3.14,16,Blanket release,North,533.8
L05760,2024-07-12,Britewire Ltd.,Fastener,12,2.47,32,Blanket release,North,29.64
L04979,2024-07-12,Rhein Polymer GmbH,Cast Housing,488,9.32,26,Spot buy,South,4548.16
L07835,2024-07-12,Britewire Ltd.,Fastener,6,4.18,27,Spot buy,South,25.08
L00031,2024-07-12,Alpha Fasteners Inc.,Fastener,20,2.31,9,Spot buy,North,46.2
L00568,2024-07-12,Britewire Ltd.,Formed Wire,147,1.71,15,Blanket release,South,251.37
L04089,2024-07-12,Britewire Ltd.,Formed Wire,54,3.14,3,Blanket release,South,169.56
L06327,2024-07-12,Britewire Ltd.,Fastener,25,1.73,21,Spot buy,North,43.25
L07079,2024-07-12,Nordic Steel Co.,Formed Wire,211,2.58,18,Blanket release,South,544.38
L07008,2024-07-12,Alpha Fasteners Inc.,Fastener,42,1.59,11,Spot buy,South,66.78
L03498,2024-07-12,Britewire Ltd.,Formed Wire,275,2.21,20,Spot buy,North,607.75
L05443,2024-07-12,Perez Castings S.A.,Cast Housing,1685,6.2,32,Spot buy,North,10447.0
L03499,2024-07-12,Nordic Steel Co.,Formed Wire,19,5.83,12,Blanket release,North,110.77
L02681,2024-07-12,Alpha Fasteners Inc.,Fastener,57,2.07,35,Blanket release,North,117.99
L07811,2024-07-12,Alpha Fasteners Inc.,Fastener,3,3.66,30,Spot buy,North,10.98
L07488,2024-07-12,Rhein Polymer GmbH,Cast Housing,269,9.1,22,Blanket release,North,2447.9
L03513,2024-07-12,Alpha Fasteners Inc.,Formed Wire,98,1.93,21,Blanket release,North,189.14
L04156,2024-07-12,Britewire Ltd.,Fastener,74,1.45,18,Spot buy,North,107.3
L02267,2024-07-12,Britewire Ltd.,Formed Wire,376,2.61,40,Spot buy,North,981.36
L00686,2024-07-12,Perez Castings S.A.,Precision Assembly,1266,22.54,48,Spot buy,South,28535.64
L01940,2024-07-12,Kwan Precision Ltd.,Cast Housing,921,9.65,21,Spot buy,South,8887.65
L00713,2024-07-12,Perez Castings S.A.,Cast Housing,841,9.2,33,Spot buy,South,7737.2
L05328,2024-07-12,Alpha Fasteners Inc.,Fastener,112,1.23,26,Spot buy,North,137.76
L05317,2024-07-12,Kwan Precision Ltd.,Precision Assembly,399,35.19,27,Spot buy,South,14040.81
L02488,2024-07-12,Alpha Fasteners Inc.,Fastener,34,2.02,29,Spot buy,North,68.68
L07526,2024-07-12,Alpha Fasteners Inc.,Formed Wire,442,1.96,12,Blanket release,North,866.32
L02831,2024-07-12,Alpha Fasteners Inc.,Fastener,29,3.33,22,Spot buy,North,96.57
L04231,2024-07-12,Britewire Ltd.,Formed Wire,702,2.7,22,Spot buy,South,1895.4
L07772,2024-07-12,Rhein Polymer GmbH,Precision Assembly,756,27.06,41,Blanket release,South,20457.36
L07902,2024-07-12,Alpha Fasteners Inc.,Fastener,42,3.09,15,Blanket release,South,129.78
L00074,2024-07-12,Sato Industrial K.K.,Precision Assembly,236,37.23,19,Blanket release,North,8786.28
L07234,2024-07-12,Sato Industrial K.K.,Precision Assembly,257,35.73,37,Spot buy,North,9182.61
L00510,2024-07-12,Rhein Polymer GmbH,Cast Housing,136,11.05,23,Blanket release,South,1502.8
L06251,2024-07-12,Alpha Fasteners Inc.,Formed Wire,75,3.46,28,Blanket release,South,259.5
L06945,2024-07-12,Britewire Ltd.,Formed Wire,14,5.86,27,Spot buy,South,82.04
L02751,2024-07-12,Alpha Fasteners Inc.,Formed Wire,34,2.78,6,Blanket release,North,94.52
L06133,2024-07-12,Britewire Ltd.,Fastener,97,1.34,14,Spot buy,North,129.98
L01862,2024-07-12,Nordic Steel Co.,Cast Housing,121,14.3,23,Blanket release,North,1730.3
L06130,2024-07-12,Kwan Precision Ltd.,Precision Assembly,658,27.94,45,Spot buy,North,18384.52
L02247,2024-07-12,Perez Castings S.A.,Cast Housing,608,7.76,11,Blanket release,South,4718.08
L03296,2024-07-12,Rhein Polymer GmbH,Precision Assembly,207,52.11,20,Spot buy,North,10786.77
L06789,2024-07-12,Nordic Steel Co.,Formed Wire,75,1.3,21,Blanket release,South,97.5
L02739,2024-07-12,Rhein Polymer GmbH,Precision Assembly,1586,32.87,25,Blanket release,South,52131.82
L07880,2024-07-12,Rhein Polymer GmbH,Cast Housing,21,14.63,22,Spot buy,North,307.23
L03419,2024-07-12,Britewire Ltd.,Formed Wire,14,5.05,19,Spot buy,North,70.7
L03821,2024-07-12,Alpha Fasteners Inc.,Fastener,136,1.1,25,Spot buy,North,149.6
L00009,2024-07-12,Alpha Fasteners Inc.,Fastener,61,1.74,27,Spot buy,North,106.14
L03917,2024-07-12,Britewire Ltd.,Fastener,72,1.48,11,Spot buy,North,106.56
L05652,2024-07-12,Alpha Fasteners Inc.,Fastener,199,1.04,25,Spot buy,North,206.96
L05642,2024-07-12,Britewire Ltd.,Fastener,16,1.8,16,Spot buy,North,28.8
L03942,2024-07-12,Perez Castings S.A.,Precision Assembly,326,24.09,35,Blanket release,South,7853.34
L02448,2024-07-12,Perez Castings S.A.,Cast Housing,27,11.71,19,Spot buy,South,316.17
L05609,2024-07-12,Alpha Fasteners Inc.,Fastener,32,1.98,2,Spot buy,North,63.36
L03321,2024-07-12,Alpha Fasteners Inc.,Fastener,37,2.04,7,Spot buy,North,75.48
L07439,2024-07-12,Britewire Ltd.,Fastener,39,1.03,24,Spot buy,South,40.17
L02708,2024-07-12,Britewire Ltd.,Formed Wire,220,3.58,25,Spot buy,South,787.6
L07852,2024-07-12,Perez Castings S.A.,Cast Housing,132,6.67,13,Blanket release,South,880.44
L05584,2024-07-12,Britewire Ltd.,Fastener,18,2.28,28,Spot buy,North,41.04
L06104,2024-07-12,Rhein Polymer GmbH,Precision Assembly,1150,33.19,19,Blanket release,North,38168.5
L02907,2024-07-12,Britewire Ltd.,Fastener,164,1.11,13,Spot buy,North,182.04
L06030,2024-07-12,Alpha Fasteners Inc.,Fastener,35,1.52,20,Spot buy,North,53.2
L06907,2024-07-12,Britewire Ltd.,Formed Wire,67,3.74,34,Blanket release,South,250.58
L00874,2024-07-12,Alpha Fasteners Inc.,Fastener,80,1.22,25,Spot buy,South,97.6
L01958,2024-07-12,Alpha Fasteners Inc.,Formed Wire,30,2.72,16,Blanket release,South,81.6
L04329,2024-07-12,Rhein Polymer GmbH,Precision Assembly,358,32.24,45,Spot buy,North,11541.92
L03015,2024-07-12,Alpha Fasteners Inc.,Fastener,35,1.13,24,Spot buy,North,39.55
L03140,2024-07-12,Britewire Ltd.,Formed Wire,88,2.91,28,Spot buy,South,256.08
L00095,2024-07-12,Sato Industrial K.K.,Precision Assembly,712,32.97,9,Spot buy,North,23474.64
L00894,2024-07-12,Britewire Ltd.,Fastener,33,1.37,12,Spot buy,North,45.21
L01516,2024-07-12,Alpha Fasteners Inc.,Fastener,15,2.17,34,Spot buy,South,32.55
L03612,2024-07-12,Nordic Steel Co.,Formed Wire,230,2.11,11,Blanket release,North,485.3
L06217,2024-07-12,Kwan Precision Ltd.,Cast Housing,389,14.07,25,Spot buy,South,5473.23
L05100,2024-07-12,Perez Castings S.A.,Precision Assembly,70,48.5,25,Spot buy,North,3395.0
L03013,2024-07-12,Rhein Polymer GmbH,Precision Assembly,72,59.39,24,Spot buy,North,4276.08
L03597,2024-07-12,Sato Industrial K.K.,Precision Assembly,2526,34.31,24,Blanket release,North,86667.06
L04380,2024-07-12,Alpha Fasteners Inc.,Fastener,201,1.06,20,Spot buy,North,213.06
L00876,2024-07-12,Alpha Fasteners Inc.,Fastener,40,1.53,30,Spot buy,North,61.2
L07435,2024-07-13,Meridian Tooling (internal),Cast Housing,209,6.04,18,Blanket release,South,1262.36
L00586,2024-07-13,Britewire Ltd.,Fastener,57,2.4,23,Spot buy,South,136.8
L05501,2024-07-13,Kwan Precision Ltd.,Cast Housing,773,12.55,12,Blanket release,North,9701.15
L03577,2024-07-13,Nordic Steel Co.,Formed Wire,368,3.92,18,Blanket release,South,1442.56
L05518,2024-07-13,Alpha Fasteners Inc.,Fastener,52,1.14,2,Blanket release,North,59.28
L05114,2024-07-13,Alpha Fasteners Inc.,Fastener,35,1.51,36,Spot buy,South,52.85
L06429,2024-07-13,Alpha Fasteners Inc.,Fastener,20,2.42,33,Spot buy,North,48.4
L05511,2024-07-13,Nordic Steel Co.,Formed Wire,27,7.45,20,Spot buy,South,201.15
L00587,2024-07-13,Sato Industrial K.K.,Precision Assembly,296,26.55,42,Spot buy,North,7858.8
L02295,2024-07-13,Perez Castings S.A.,Cast Housing,470,11.33,23,Blanket release,North,5325.1
L05470,2024-07-13,Alpha Fasteners Inc.,Fastener,26,1.09,7,Spot buy,South,28.34
L02122,2024-07-13,Perez Castings S.A.,Cast Housing,175,14.95,26,Spot buy,South,2616.25
L04120,2024-07-13,Kwan Precision Ltd.,Precision Assembly,168,51.48,47,Spot buy,South,8648.64
L02182,2024-07-13,Meridian Tooling (internal),Cast Housing,204,6.68,17,Blanket release,North,1362.72
L03380,2024-07-13,Britewire Ltd.,Fastener,391,0.93,35,Spot buy,North,363.63
L04127,2024-07-13,Alpha Fasteners Inc.,Fastener,83,1.64,11,Blanket release,North,136.12
L04541,2024-07-13,Alpha Fasteners Inc.,Formed Wire,262,3.48,2,Spot buy,South,911.76
L06727,2024-07-13,Britewire Ltd.,Fastener,33,1.66,13,Spot buy,South,54.78
L04144,2024-07-13,Britewire Ltd.,Fastener,146,1.23,9,Spot buy,South,179.58
L01415,2024-07-13,Alpha Fasteners Inc.,Fastener,45,1.62,22,Blanket release,South,72.9
L03733,2024-07-13,Britewire Ltd.,Fastener,74,1.72,38,Blanket release,South,127.28
L04161,2024-07-13,Rhein Polymer GmbH,Cast Housing,107,11.01,10,Blanket release,South,1178.07
L07252,2024-07-13,Alpha Fasteners Inc.,Formed Wire,51,3.38,22,Blanket release,North,172.38
L06816,2024-07-13,Nordic Steel Co.,Formed Wire,51,3.39,26,Blanket release,South,172.89
L00511,2024-07-13,Perez Castings S.A.,Precision Assembly,3309,27.68,33,Spot buy,South,91593.12
L07193,2024-07-13,Britewire Ltd.,Fastener,106,1.28,29,Spot buy,North,135.68
L01879,2024-07-13,Alpha Fasteners Inc.,Fastener,60,1.87,19,Spot buy,North,112.2
L01974,2024-07-13,Britewire Ltd.,Fastener,13,1.97,32,Spot buy,South,25.61
L06881,2024-07-13,Perez Castings S.A.,Cast Housing,57,9.3,25,Spot buy,North,530.1
L07644,2024-07-13,Nordic Steel Co.,Formed Wire,89,2.65,18,Blanket release,North,235.85
L02251,2024-07-13,Nordic Steel Co.,Cast Housing,94,17.23,7,Spot buy,South,1619.62
L05016,2024-07-13,Britewire Ltd.,Fastener,18,2.57,6,Spot buy,South,46.26
L00368,2024-07-13,Alpha Fasteners Inc.,Fastener,75,1.64,26,Spot buy,North,123.0
L07885,2024-07-13,Nordic Steel Co.,Formed Wire,38,4.21,15,Spot buy,North,159.98
L01844,2024-07-13,Britewire Ltd.,Fastener,31,1.85,36,Spot buy,South,57.35
L07569,2024-07-13,Nordic Steel Co.,Formed Wire,13,3.06,18,Spot buy,North,39.78
L01465,2024-07-13,Perez Castings S.A.,Cast Housing,628,8.19,16,Blanket release,South,5143.32
L05775,2024-07-13,Alpha Fasteners Inc.,Fastener,15,3.32,24,Spot buy,North,49.8
L07574,2024-07-13,Perez Castings S.A.,Cast Housing,115,11.01,26,Blanket release,South,1266.15
L02079,2024-07-13,Alpha Fasteners Inc.,Fastener,118,1.32,24,Spot buy,North,155.76
L01830,2024-07-13,Kwan Precision Ltd.,Cast Housing,243,9.67,26,Blanket release,South,2349.81
L05936,2024-07-13,Perez Castings S.A.,Precision Assembly,277,42.59,20,Spot buy,South,11797.43
L01817,2024-07-13,Kwan Precision Ltd.,Cast Housing,402,10.63,9,Blanket release,South,4273.26
L02723,2024-07-13,Britewire Ltd.,Formed Wire,93,2.47,14,Blanket release,North,229.71
L07128,2024-07-13,Nordic Steel Co.,Cast Housing,267,18.73,17,Spot buy,South,5000.91
L07015,2024-07-13,Alpha Fasteners Inc.,Fastener,10,1.88,23,Spot buy,South,18.8
L04346,2024-07-13,Alpha Fasteners Inc.,Fastener,19,2.1,9,Spot buy,South,39.9
L05784,2024-07-13,Kwan Precision Ltd.,Cast Housing,830,5.8,37,Blanket release,South,4814.0
L06291,2024-07-13,Alpha Fasteners Inc.,Formed Wire,37,5.14,33,Blanket release,South,190.18
L01301,2024-07-13,Kwan Precision Ltd.,Cast Housing,88,11.15,7,Spot buy,North,981.2
L06765,2024-07-13,Nordic Steel Co.,Formed Wire,70,4.29,22,Blanket release,South,300.3
L04334,2024-07-13,Britewire Ltd.,Formed Wire,28,4.45,13,Spot buy,North,124.6
L05377,2024-07-13,Britewire Ltd.,Fastener,102,1.66,27,Spot buy,South,169.32
L04949,2024-07-13,Britewire Ltd.,Fastener,31,3.4,28,Spot buy,South,105.4
L06280,2024-07-13,Britewire Ltd.,Formed Wire,37,8.44,9,Blanket release,North,312.28
L03214,2024-07-13,Alpha Fasteners Inc.,Fastener,42,2.29,22,Spot buy,South,96.18
L04142,2024-07-13,Nordic Steel Co.,Formed Wire,58,3.32,36,Spot buy,South,192.56
L04897,2024-07-13,Kwan Precision Ltd.,Precision Assembly,783,49.41,24,Blanket release,South,38688.03
L06400,2024-07-13,Perez Castings S.A.,Cast Housing,116,11.75,35,Spot buy,South,1363.0
L04206,2024-07-13,Meridian Tooling (internal),Cast Housing,232,2.28,29,Spot buy,North,528.96
L01596,2024-07-13,Rhein Polymer GmbH,Precision Assembly,388,33.03,40,Spot buy,North,12815.64
L00734,2024-07-13,Kwan Precision Ltd.,Precision Assembly,737,41.77,28,Spot buy,South,30784.49
L07771,2024-07-13,Rhein Polymer GmbH,Cast Housing,547,8.09,28,Blanket release,South,4425.23
L03656,2024-07-13,Perez Castings S.A.,Precision Assembly,1037,25.63,40,Spot buy,South,26578.31
L05356,2024-07-13,Nordic Steel Co.,Cast Housing,269,11.59,9,Spot buy,South,3117.71
L07797,2024-07-13,Nordic Steel Co.,Cast Housing,543,8.59,28,Blanket release,North,4664.37
L02144,2024-07-13,Alpha Fasteners Inc.,Fastener,123,0.97,26,Spot buy,North,119.31
L05847,2024-07-13,Britewire Ltd.,Fastener,68,1.43,30,Spot buy,North,97.24
L05308,2024-07-13,Alpha Fasteners Inc.,Fastener,20,4.0,13,Blanket release,North,80.0
L04450,2024-07-13,Sato Industrial K.K.,Precision Assembly,3696,36.0,24,Spot buy,South,133056.0
L06052,2024-07-13,Alpha Fasteners Inc.,Fastener,65,1.74,6,Spot buy,North,113.1
L07764,2024-07-13,Nordic Steel Co.,Formed Wire,210,2.66,30,Spot buy,South,558.6
L07125,2024-07-13,Alpha Fasteners Inc.,Fastener,144,1.79,29,Spot buy,South,257.76
L07539,2024-07-13,Alpha Fasteners Inc.,Fastener,37,1.61,22,Spot buy,South,59.57
L00256,2024-07-13,Britewire Ltd.,Formed Wire,74,4.98,23,Spot buy,North,368.52
L01027,2024-07-13,Nordic Steel Co.,Formed Wire,68,4.0,37,Blanket release,South,272.0
L07936,2024-07-13,Kwan Precision Ltd.,Cast Housing,259,15.44,14,Spot buy,South,3998.96
L01093,2024-07-13,Sato Industrial K.K.,Precision Assembly,2990,38.6,32,Blanket release,North,115414.0
L04870,2024-07-13,Perez Castings S.A.,Cast Housing,611,10.31,36,Blanket release,North,6299.41
L00675,2024-07-13,Alpha Fasteners Inc.,Fastener,38,2.38,21,Blanket release,North,90.44
L05309,2024-07-13,Alpha Fasteners Inc.,Fastener,242,0.9,21,Spot buy,North,217.8
L07863,2024-07-14,Kwan Precision Ltd.,Cast Housing,753,9.57,30,Blanket release,North,7206.21
L07026,2024-07-14,Kwan Precision Ltd.,Cast Housing,127,9.17,14,Blanket release,North,1164.59
L01810,2024-07-14,Kwan Precision Ltd.,Cast Housing,74,10.22,19,Blanket release,North,756.28
L00438,2024-07-14,Britewire Ltd.,Fastener,14,1.73,24,Spot buy,South,24.22
L02109,2024-07-14,Alpha Fasteners Inc.,Formed Wire,10,5.98,14,Blanket release,South,59.8
L05221,2024-07-14,Alpha Fasteners Inc.,Formed Wire,58,4.44,25,Blanket release,North,257.52
L03737,2024-07-14,Britewire Ltd.,Fastener,39,0.81,26,Spot buy,North,31.59
L06894,2024-07-14,Nordic Steel Co.,Formed Wire,105,5.96,3,Blanket release,North,625.8
L04599,2024-07-14,Britewire Ltd.,Formed Wire,14,10.14,11,Spot buy,South,141.96
L04598,2024-07-14,Kwan Precision Ltd.,Cast Housing,103,6.61,26,Spot buy,North,680.83
L03399,2024-07-14,Alpha Fasteners Inc.,Fastener,30,2.21,30,Spot buy,South,66.3
L02578,2024-07-14,Kwan Precision Ltd.,Cast Housing,199,15.18,12,Spot buy,North,3020.82
L05861,2024-07-14,Nordic Steel Co.,Formed Wire,133,3.02,18,Blanket release,South,401.66
L07472,2024-07-14,Rhein Polymer GmbH,Cast Housing,131,11.41,29,Blanket release,North,1494.71
L04480,2024-07-14,Britewire Ltd.,Formed Wire,250,2.72,25,Blanket release,North,680.0
L03974,2024-07-14,Nordic Steel Co.,Formed Wire,315,2.87,19,Blanket release,North,904.05
L05992,2024-07-14,Alpha Fasteners Inc.,Formed Wire,64,4.57,19,Spot buy,South,292.48
L01761,2024-07-14,Britewire Ltd.,Fastener,12,1.5,17,Spot buy,South,18.0
L02533,2024-07-14,Perez Castings S.A.,Cast Housing,232,15.89,14,Spot buy,South,3686.48
L05069,2024-07-14,Britewire Ltd.,Fastener,134,1.28,19,Spot buy,North,171.52
L05211,2024-07-14,Rhein Polymer GmbH,Cast Housing,825,7.43,19,Blanket release,North,6129.75
L03208,2024-07-14,Nordic Steel Co.,Cast Housing,229,7.26,20,Blanket release,North,1662.54
L02259,2024-07-14,Rhein Polymer GmbH,Cast Housing,230,11.55,12,Spot buy,North,2656.5
L02257,2024-07-14,Perez Castings S.A.,Precision Assembly,176,27.45,32,Blanket release,South,4831.2
L06249,2024-07-14,Britewire Ltd.,Fastener,20,1.64,25,Spot buy,North,32.8
L02013,2024-07-14,Perez Castings S.A.,Cast Housing,978,6.35,14,Blanket release,North,6210.3
L04635,2024-07-14,Britewire Ltd.,Fastener,25,3.72,28,Spot buy,South,93.0
L00337,2024-07-14,Britewire Ltd.,Fastener,18,2.18,31,Spot buy,South,39.24
L01459,2024-07-14,Alpha Fasteners Inc.,Fastener,32,2.41,17,Spot buy,South,77.12
L06220,2024-07-14,Alpha Fasteners Inc.,Fastener,79,1.81,16,Blanket release,South,142.99
L02250,2024-07-14,Alpha Fasteners Inc.,Formed Wire,88,3.65,30,Spot buy,South,321.2
L07643,2024-07-14,Kwan Precision Ltd.,Precision Assembly,1292,36.55,33,Blanket release,South,47222.6
L07038,2024-07-14,Britewire Ltd.,Formed Wire,89,2.04,23,Blanket release,North,181.56
L00807,2024-07-14,Kwan Precision Ltd.,Cast Housing,51,13.22,18,Blanket release,South,674.22
L05186,2024-07-14,Rhein Polymer GmbH,Cast Housing,70,13.43,16,Blanket release,North,940.1
L03749,2024-07-14,Alpha Fasteners Inc.,Fastener,32,2.23,39,Blanket release,South,71.36
L04625,2024-07-14,Perez Castings S.A.,Cast Housing,1022,5.68,17,Blanket release,North,5804.96
L03198,2024-07-14,Nordic Steel Co.,Cast Housing,64,14.47,37,Blanket release,North,926.08
L01888,2024-07-14,Nordic Steel Co.,Formed Wire,55,4.5,12,Spot buy,South,247.5
L05924,2024-07-14,Britewire Ltd.,Fastener,101,1.07,24,Blanket release,North,108.07
L06906,2024-07-14,Alpha Fasteners Inc.,Fastener,55,3.31,8,Spot buy,South,182.05
L00930,2024-07-14,Britewire Ltd.,Fastener,12,3.76,14,Spot buy,South,45.12
L07707,2024-07-14,Britewire Ltd.,Fastener,42,1.97,37,Blanket release,North,82.74
L05687,2024-07-14,Nordic Steel Co.,Formed Wire,38,2.12,14,Blanket release,North,80.56
L01221,2024-07-14,Nordic Steel Co.,Formed Wire,208,3.29,14,Spot buy,North,684.32
L01283,2024-07-14,Alpha Fasteners Inc.,Fastener,89,2.81,28,Spot buy,South,250.09
L07150,2024-07-14,Meridian Tooling (internal),Cast Housing,99,6.22,31,Spot buy,South,615.78
L04648,2024-07-14,Nordic Steel Co.,Formed Wire,35,6.63,18,Spot buy,North,232.05
L03897,2024-07-14,Rhein Polymer GmbH,Cast Housing,548,8.39,31,Blanket release,North,4597.72
L03040,2024-07-14,Meridian Tooling (internal),Precision Assembly,435,19.06,32,Blanket release,North,8291.1
L03560,2024-07-14,Britewire Ltd.,Formed Wire,17,1.98,31,Blanket release,North,33.66
L00406,2024-07-14,Alpha Fasteners Inc.,Formed Wire,146,2.3,22,Spot buy,North,335.8
L01569,2024-07-14,Alpha Fasteners Inc.,Fastener,37,1.73,22,Spot buy,North,64.01
L07366,2024-07-14,Nordic Steel Co.,Formed Wire,106,4.08,13,Blanket release,North,432.48
L02030,2024-07-14,Kwan Precision Ltd.,Cast Housing,153,11.92,14,Blanket release,South,1823.76
L07410,2024-07-14,Perez Castings S.A.,Cast Housing,70,21.36,22,Spot buy,South,1495.2
L02825,2024-07-14,Alpha Fasteners Inc.,Fastener,53,2.4,26,Blanket release,North,127.2
L03652,2024-07-14,Meridian Tooling (internal),Cast Housing,43,4.21,16,Blanket release,South,181.03
L01174,2024-07-14,Alpha Fasteners Inc.,Formed Wire,117,2.1,28,Blanket release,South,245.7
L01948,2024-07-14,Kwan Precision Ltd.,Precision Assembly,336,31.75,26,Blanket release,North,10668.0
L02471,2024-07-14,Nordic Steel Co.,Cast Housing,36,21.5,26,Spot buy,North,774.0
L06335,2024-07-14,Perez Castings S.A.,Cast Housing,300,9.33,25,Spot buy,North,2799.0
L01130,2024-07-14,Kwan Precision Ltd.,Precision Assembly,101,20.95,30,Blanket release,South,2115.95
L00602,2024-07-14,Perez Castings S.A.,Cast Housing,594,9.29,32,Spot buy,North,5518.26
L04189,2024-07-14,Perez Castings S.A.,Cast Housing,36,11.53,33,Spot buy,South,415.08
L03168,2024-07-14,Rhein Polymer GmbH,Cast Housing,259,7.48,3,Blanket release,South,1937.32
L04815,2024-07-14,Sato Industrial K.K.,Precision Assembly,230,26.95,55,Blanket release,South,6198.5
L00609,2024-07-14,Britewire Ltd.,Fastener,15,3.7,8,Blanket release,South,55.5
L01617,2024-07-14,Rhein Polymer GmbH,Cast Housing,518,10.57,2,Blanket release,South,5475.26
L06487,2024-07-14,Kwan Precision Ltd.,Cast Housing,821,7.84,28,Spot buy,South,6436.64
L00851,2024-07-14,Nordic Steel Co.,Cast Housing,405,5.98,5,Blanket release,South,2421.9
L07755,2024-07-14,Perez Castings S.A.,Precision Assembly,345,26.99,48,Blanket release,North,9311.55
L06720,2024-07-14,Alpha Fasteners Inc.,Fastener,10,2.88,13,Spot buy,South,28.8
L04387,2024-07-14,Britewire Ltd.,Fastener,6,3.47,16,Blanket release,South,20.82
L05148,2024-07-14,Britewire Ltd.,Fastener,46,1.62,18,Spot buy,North,74.52
L07342,2024-07-14,Alpha Fasteners Inc.,Fastener,5,3.2,38,Spot buy,South,16.0
L06680,2024-07-14,Britewire Ltd.,Fastener,447,0.76,21,Spot buy,North,339.72
L07395,2024-07-14,Britewire Ltd.,Fastener,111,1.39,46,Blanket release,North,154.29
L07340,2024-07-14,Britewire Ltd.,Formed Wire,600,1.89,24,Spot buy,South,1134.0
L00269,2024-07-14,Sato Industrial K.K.,Precision Assembly,2893,39.79,27,Spot buy,North,115112.47
L07024,2024-07-14,Alpha Fasteners Inc.,Formed Wire,41,4.02,13,Blanket release,North,164.82
L02480,2024-07-14,Nordic Steel Co.,Formed Wire,87,4.01,25,Blanket release,North,348.87
L07717,2024-07-14,Perez Castings S.A.,Precision Assembly,178,30.79,20,Spot buy,South,5480.62
L04493,2024-07-14,Britewire Ltd.,Fastener,29,1.8,11,Spot buy,North,52.2
L01024,2024-07-14,Kwan Precision Ltd.,Cast Housing,281,10.28,26,Spot buy,North,2888.68
L05514,2024-07-14,Kwan Precision Ltd.,Cast Housing,221,8.56,21,Blanket release,South,1891.76
L01688,2024-07-14,Alpha Fasteners Inc.,Fastener,47,1.84,10,Spot buy,North,86.48
L01156,2024-07-14,Nordic Steel Co.,Formed Wire,52,3.55,11,Blanket release,South,184.6
L05563,2024-07-14,Alpha Fasteners Inc.,Fastener,86,1.35,30,Blanket release,South,116.1
L00236,2024-07-14,Rhein Polymer GmbH,Precision Assembly,453,53.22,32,Spot buy,North,24108.66
L07383,2024-07-14,Britewire Ltd.,Fastener,389,1.32,22,Spot buy,South,513.48
L07999,2024-07-14,Alpha Fasteners Inc.,Fastener,34,2.42,23,Spot buy,North,82.28
L07277,2024-07-14,Britewire Ltd.,Fastener,37,1.33,24,Spot buy,South,49.21
L00836,2024-07-14,Nordic Steel Co.,Cast Housing,564,9.31,20,Blanket release,North,5250.84
L04795,2024-07-14,Nordic Steel Co.,Formed Wire,20,2.48,25,Spot buy,North,49.6
L06764,2024-07-14,Perez Castings S.A.,Cast Housing,157,8.27,17,Blanket release,North,1298.39
L07291,2024-07-14,Nordic Steel Co.,Formed Wire,60,3.41,17,Blanket release,South,204.6
L07635,2024-07-15,Britewire Ltd.,Fastener,107,1.72,38,Spot buy,North,184.04
L07602,2024-07-15,Alpha Fasteners Inc.,Fastener,43,2.17,5,Spot buy,North,93.31
L06075,2024-07-15,Nordic Steel Co.,Cast Housing,137,9.55,33,Spot buy,North,1308.35
L01313,2024-07-15,Perez Castings S.A.,Cast Housing,197,10.09,23,Spot buy,South,1987.73
L04017,2024-07-15,Kwan Precision Ltd.,Precision Assembly,953,33.61,38,Blanket release,South,32030.33
L04509,2024-07-15,Rhein Polymer GmbH,Cast Housing,1030,7.25,16,Spot buy,South,7467.5
L02312,2024-07-15,Nordic Steel Co.,Formed Wire,33,5.84,17,Blanket release,South,192.72
L01868,2024-07-15,Britewire Ltd.,Fastener,38,2.46,23,Spot buy,North,93.48
L04004,2024-07-15,Britewire Ltd.,Formed Wire,55,3.89,2,Blanket release,North,213.95
L07973,2024-07-15,Britewire Ltd.,Fastener,30,1.69,17,Spot buy,South,50.7
L05960,2024-07-15,Alpha Fasteners Inc.,Fastener,176,1.5,8,Blanket release,North,264.0
L07511,2024-07-15,Perez Castings S.A.,Cast Housing,705,5.92,20,Blanket release,South,4173.6
L07632,2024-07-15,Britewire Ltd.,Formed Wire,140,1.73,33,Spot buy,North,242.2
L07476,2024-07-15,Nordic Steel Co.,Cast Housing,88,10.89,19,Blanket release,North,958.32
L07477,2024-07-15,Perez Castings S.A.,Precision Assembly,145,41.44,25,Spot buy,South,6008.8
L04362,2024-07-15,Nordic Steel Co.,Formed Wire,19,2.57,32,Blanket release,South,48.83
L06017,2024-07-15,Nordic Steel Co.,Cast Housing,259,8.83,16,Blanket release,North,2286.97
L02423,2024-07-15,Alpha Fasteners Inc.,Formed Wire,18,2.15,19,Spot buy,South,38.7
L01411,2024-07-15,Britewire Ltd.,Fastener,12,3.22,22,Spot buy,South,38.64
L01827,2024-07-15,Britewire Ltd.,Formed Wire,15,2.55,28,Spot buy,North,38.25
L07496,2024-07-15,Britewire Ltd.,Formed Wire,194,2.89,30,Spot buy,North,560.66
L01554,2024-07-15,Alpha Fasteners Inc.,Fastener,28,2.47,22,Spot buy,North,69.16
L01291,2024-07-15,Britewire Ltd.,Fastener,58,1.58,29,Spot buy,South,91.64
L07560,2024-07-15,Britewire Ltd.,Fastener,13,1.92,29,Spot buy,South,24.96
L01396,2024-07-15,Britewire Ltd.,Fastener,61,1.47,17,Spot buy,North,89.67
L07534,2024-07-15,Kwan Precision Ltd.,Cast Housing,635,6.68,4,Spot buy,North,4241.8
L02845,2024-07-15,Britewire Ltd.,Fastener,40,1.98,35,Spot buy,South,79.2
L07232,2024-07-15,Britewire Ltd.,Fastener,9,1.44,14,Blanket release,North,12.96
L07433,2024-07-15,Alpha Fasteners Inc.,Formed Wire,135,2.85,21,Spot buy,North,384.75
L04241,2024-07-15,Nordic Steel Co.,Cast Housing,586,8.6,34,Spot buy,North,5039.6
L03155,2024-07-15,Nordic Steel Co.,Cast Housing,496,8.53,26,Blanket release,North,4230.88
L03950,2024-07-15,Alpha Fasteners Inc.,Fastener,42,1.07,25,Blanket release,North,44.94
L07611,2024-07-15,Britewire Ltd.,Fastener,106,1.51,15,Spot buy,South,160.06
L01277,2024-07-15,Meridian Tooling (internal),Cast Housing,1665,3.81,19,Blanket release,North,6343.65
L07203,2024-07-15,Britewire Ltd.,Fastener,306,0.94,29,Blanket release,South,287.64
L06700,2024-07-15,Britewire Ltd.,Formed Wire,92,3.56,22,Blanket release,South,327.52
L01720,2024-07-15,Perez Castings S.A.,Cast Housing,295,15.55,5,Spot buy,South,4587.25
L06707,2024-07-15,Britewire Ltd.,Formed Wire,239,1.67,27,Spot buy,North,399.13
L02811,2024-07-15,Britewire Ltd.,Fastener,29,2.44,31,Spot buy,South,70.76
L07303,2024-07-15,Kwan Precision Ltd.,Precision Assembly,426,28.78,20,Blanket release,North,12260.28
L00183,2024-07-15,Britewire Ltd.,Fastener,9,3.68,21,Spot buy,North,33.12
L01049,2024-07-15,Sato Industrial K.K.,Precision Assembly,110,65.39,22,Spot buy,North,7192.9
L00216,2024-07-15,Britewire Ltd.,Fastener,10,1.74,16,Blanket release,South,17.4
L00200,2024-07-15,Nordic Steel Co.,Cast Housing,90,9.01,3,Spot buy,South,810.9
L03451,2024-07-15,Alpha Fasteners Inc.,Fastener,64,1.77,17,Spot buy,North,113.28
L00362,2024-07-15,Rhein Polymer GmbH,Cast Housing,113,7.49,21,Blanket release,South,846.37
L05355,2024-07-15,Kwan Precision Ltd.,Precision Assembly,665,43.01,31,Spot buy,South,28601.65
L06944,2024-07-15,Rhein Polymer GmbH,Cast Housing,109,8.08,20,Spot buy,North,880.72
L07447,2024-07-15,Perez Castings S.A.,Cast Housing,400,7.89,31,Spot buy,North,3156.0
L05368,2024-07-15,Kwan Precision Ltd.,Precision Assembly,1444,29.3,22,Blanket release,North,42309.2
L02621,2024-07-15,Perez Castings S.A.,Cast Housing,418,7.28,28,Blanket release,North,3043.04
L00738,2024-07-15,Britewire Ltd.,Formed Wire,267,2.96,26,Blanket release,North,790.32
L07675,2024-07-15,Britewire Ltd.,Fastener,246,0.92,24,Spot buy,North,226.32
L06911,2024-07-15,Britewire Ltd.,Fastener,172,1.37,33,Spot buy,South,235.64
L05002,2024-07-15,Alpha Fasteners Inc.,Fastener,11,1.14,20,Spot buy,South,12.54
L06492,2024-07-15,Nordic Steel Co.,Formed Wire,199,3.23,2,Spot buy,South,642.77
L02659,2024-07-15,Alpha Fasteners Inc.,Fastener,6,3.57,5,Spot buy,North,21.42
L05461,2024-07-15,Britewire Ltd.,Fastener,41,1.6,4,Spot buy,North,65.6
L01015,2024-07-15,Britewire Ltd.,Fastener,47,1.94,23,Spot buy,South,91.18
L04921,2024-07-15,Alpha Fasteners Inc.,Formed Wire,296,3.23,21,Blanket release,South,956.08
L05695,2024-07-15,Nordic Steel Co.,Formed Wire,48,3.0,35,Spot buy,North,144.0
L05414,2024-07-15,Alpha Fasteners Inc.,Fastener,22,1.9,23,Spot buy,South,41.8
L01031,2024-07-15,Alpha Fasteners Inc.,Formed Wire,142,2.19,15,Blanket release,South,310.98
L02725,2024-07-15,Nordic Steel Co.,Cast Housing,481,9.8,15,Spot buy,North,4713.8
L03034,2024-07-15,Britewire Ltd.,Fastener,13,2.34,21,Spot buy,North,30.42
L05578,2024-07-15,Britewire Ltd.,Fastener,28,1.57,22,Spot buy,South,43.96
L00318,2024-07-15,Kwan Precision Ltd.,Cast Housing,46,12.23,11,Blanket release,South,562.58
L04950,2024-07-15,Perez Castings S.A.,Cast Housing,209,9.75,33,Spot buy,North,2037.75
L02347,2024-07-15,Perez Castings S.A.,Precision Assembly,790,36.08,27,Blanket release,South,28503.2
L00532,2024-07-15,Britewire Ltd.,Fastener,51,2.29,19,Blanket release,North,116.79
L02044,2024-07-15,Britewire Ltd.,Fastener,45,1.68,16,Spot buy,South,75.6
L00815,2024-07-15,Perez Castings S.A.,Precision Assembly,160,32.84,37,Blanket release,North,5254.4
L03630,2024-07-15,Britewire Ltd.,Fastener,74,1.31,32,Spot buy,North,96.94
L07374,2024-07-15,Nordic Steel Co.,Cast Housing,226,8.37,27,Blanket release,North,1891.62
L00427,2024-07-15,Perez Castings S.A.,Cast Housing,109,13.93,21,Blanket release,South,1518.37
L05295,2024-07-15,Perez Castings S.A.,Cast Housing,1660,7.83,12,Spot buy,North,12997.8
L00861,2024-07-15,Perez Castings S.A.,Precision Assembly,515,44.62,18,Blanket release,South,22979.3
L01087,2024-07-15,Alpha Fasteners Inc.,Fastener,74,0.94,24,Blanket release,North,69.56
L05185,2024-07-15,Alpha Fasteners Inc.,Formed Wire,43,3.37,31,Spot buy,South,144.91
L00819,2024-07-15,Nordic Steel Co.,Formed Wire,38,3.6,29,Blanket release,North,136.8
L05171,2024-07-15,Perez Castings S.A.,Precision Assembly,368,44.07,8,Spot buy,South,16217.76
L05595,2024-07-15,Britewire Ltd.,Fastener,21,1.81,16,Spot buy,South,38.01
L05163,2024-07-15,Nordic Steel Co.,Formed Wire,159,2.44,3,Blanket release,South,387.96
L06226,2024-07-15,Britewire Ltd.,Fastener,58,2.16,30,Spot buy,North,125.28
L05561,2024-07-15,Alpha Fasteners Inc.,Fastener,41,2.58,25,Spot buy,South,105.78
L02066,2024-07-15,Nordic Steel Co.,Formed Wire,72,2.47,33,Blanket release,South,177.84
L06974,2024-07-15,Perez Castings S.A.,Precision Assembly,321,51.08,22,Spot buy,North,16396.68
L05914,2024-07-15,Kwan Precision Ltd.,Precision Assembly,559,39.49,17,Blanket release,North,22074.91
L00773,2024-07-15,Perez Castings S.A.,Cast Housing,1293,7.72,30,Blanket release,North,9981.96
L00307,2024-07-15,Britewire Ltd.,Formed Wire,81,4.5,20,Spot buy,North,364.5
L07655,2024-07-15,Britewire Ltd.,Fastener,30,1.8,15,Blanket release,South,54.0
L05641,2024-07-15,Alpha Fasteners Inc.,Fastener,13,3.26,22,Blanket release,South,42.38
L02981,2024-07-15,Alpha Fasteners Inc.,Fastener,105,1.38,24,Spot buy,South,144.9
L01111,2024-07-15,Kwan Precision Ltd.,Cast Housing,352,12.92,19,Blanket release,South,4547.84
L03486,2024-07-15,Nordic Steel Co.,Formed Wire,64,2.87,23,Blanket release,South,183.68
L02692,2024-07-15,Britewire Ltd.,Fastener,40,1.05,28,Spot buy,South,42.0
L00225,2024-07-15,Rhein Polymer GmbH,Cast Housing,416,9.27,17,Blanket release,North,3856.32
L03467,2024-07-15,Britewire Ltd.,Fastener,165,1.25,25,Spot buy,North,206.25
L02769,2024-07-15,Rhein Polymer GmbH,Cast Housing,168,7.95,37,Blanket release,North,1335.6
L05896,2024-07-15,Britewire Ltd.,Fastener,19,2.7,28,Spot buy,North,51.3
L07872,2024-07-15,Nordic Steel Co.,Formed Wire,23,4.13,25,Spot buy,South,94.99
L07682,2024-07-15,Perez Castings S.A.,Precision Assembly,675,29.63,28,Spot buy,South,20000.25
L05248,2024-07-15,Kwan Precision Ltd.,Precision Assembly,227,40.57,45,Spot buy,South,9209.39
L04883,2024-07-15,Britewire Ltd.,Fastener,24,3.14,34,Spot buy,South,75.36
L01389,2024-07-16,Nordic Steel Co.,Cast Housing,59,19.61,30,Spot buy,South,1156.99
L01069,2024-07-16,Rhein Polymer GmbH,Cast Housing,1325,6.72,28,Blanket release,North,8904.0
L04878,2024-07-16,Alpha Fasteners Inc.,Fastener,156,0.91,16,Blanket release,North,141.96
L04030,2024-07-16,Alpha Fasteners Inc.,Fastener,32,2.34,28,Spot buy,North,74.88
L03317,2024-07-16,Britewire Ltd.,Fastener,55,1.36,19,Spot buy,North,74.8
L00416,2024-07-16,Britewire Ltd.,Fastener,9,3.02,24,Spot buy,South,27.18
L02724,2024-07-16,Alpha Fasteners Inc.,Formed Wire,44,2.65,14,Blanket release,North,116.6
L01074,2024-07-16,Alpha Fasteners Inc.,Fastener,248,0.89,27,Spot buy,North,220.72
L04885,2024-07-16,Sato Industrial K.K.,Precision Assembly,620,54.32,51,Blanket release,South,33678.4
L05663,2024-07-16,Alpha Fasteners Inc.,Formed Wire,483,1.8,29,Spot buy,North,869.4
L05792,2024-07-16,Kwan Precision Ltd.,Precision Assembly,536,43.3,36,Spot buy,South,23208.8
L07837,2024-07-16,Rhein Polymer GmbH,Precision Assembly,630,26.2,21,Blanket release,North,16506.0
L07705,2024-07-16,Nordic Steel Co.,Cast Housing,246,5.65,34,Blanket release,South,1389.9
L02366,2024-07-16,Britewire Ltd.,Fastener,88,1.16,15,Blanket release,North,102.08
L05611,2024-07-16,Perez Castings S.A.,Cast Housing,643,7.89,18,Spot buy,South,5073.27
L06669,2024-07-16,Nordic Steel Co.,Formed Wire,34,4.57,9,Spot buy,North,155.38
L03137,2024-07-16,Alpha Fasteners Inc.,Formed Wire,863,1.92,9,Blanket release,South,1656.96
L02628,2024-07-16,Britewire Ltd.,Fastener,14,1.95,24,Spot buy,North,27.3
L07551,2024-07-16,Perez Castings S.A.,Cast Housing,417,7.98,9,Spot buy,South,3327.66
L03990,2024-07-16,Alpha Fasteners Inc.,Fastener,247,1.33,21,Spot buy,South,328.51
L04226,2024-07-16,Kwan Precision Ltd.,Precision Assembly,1380,42.4,34,Spot buy,South,58512.0
L01760,2024-07-16,Alpha Fasteners Inc.,Fastener,50,1.19,16,Blanket release,North,59.5
L05594,2024-07-16,Perez Castings S.A.,Cast Housing,921,5.14,10,Blanket release,North,4733.94
L07190,2024-07-16,Rhein Polymer GmbH,Precision Assembly,1582,22.45,29,Blanket release,South,35515.9
L02634,2024-07-16,Rhein Polymer GmbH,Cast Housing,83,10.03,17,Blanket release,North,832.49
L03142,2024-07-16,Britewire Ltd.,Fastener,46,1.74,11,Spot buy,North,80.04
L01766,2024-07-16,Britewire Ltd.,Fastener,10,2.12,15,Spot buy,North,21.2
L03152,2024-07-16,Alpha Fasteners Inc.,Formed Wire,374,2.06,19,Blanket release,North,770.44
L04236,2024-07-16,Nordic Steel Co.,Cast Housing,104,11.99,17,Spot buy,South,1246.96
L00454,2024-07-16,Alpha Fasteners Inc.,Fastener,33,1.17,35,Spot buy,South,38.61
L05083,2024-07-16,Britewire Ltd.,Fastener,25,1.66,31,Spot buy,North,41.5
L05612,2024-07-16,Rhein Polymer GmbH,Cast Housing,256,8.02,28,Blanket release,North,2053.12
L04183,2024-07-16,Perez Castings S.A.,Cast Housing,329,8.28,22,Blanket release,North,2724.12
L04930,2024-07-16,Perez Castings S.A.,Precision Assembly,2191,24.94,31,Blanket release,South,54643.54
L00302,2024-07-16,Sato Industrial K.K.,Precision Assembly,267,45.47,28,Blanket release,North,12140.49
L07726,2024-07-16,Alpha Fasteners Inc.,Formed Wire,42,2.14,26,Blanket release,South,89.88
L07240,2024-07-16,Nordic Steel Co.,Cast Housing,248,11.68,20,Spot buy,South,2896.64
L03022,2024-07-16,Perez Castings S.A.,Cast Housing,350,6.43,24,Blanket release,North,2250.5
L03620,2024-07-16,Kwan Precision Ltd.,Cast Housing,99,10.11,40,Blanket release,South,1000.89
L02376,2024-07-16,Britewire Ltd.,Fastener,85,2.71,24,Spot buy,South,230.35
L06701,2024-07-16,Britewire Ltd.,Formed Wire,75,4.19,2,Spot buy,North,314.25
L06384,2024-07-16,Nordic Steel Co.,Cast Housing,735,11.18,33,Spot buy,North,8217.3
L03999,2024-07-16,Alpha Fasteners Inc.,Fastener,12,1.99,18,Spot buy,South,23.88
L03995,2024-07-16,Britewire Ltd.,Fastener,16,2.42,29,Spot buy,North,38.72
L06105,2024-07-16,Nordic Steel Co.,Formed Wire,155,3.69,15,Blanket release,North,571.95
L01581,2024-07-16,Rhein Polymer GmbH,Cast Housing,389,10.95,20,Blanket release,North,4259.55
L05270,2024-07-16,Nordic Steel Co.,Formed Wire,109,4.44,11,Spot buy,South,483.96
L03122,2024-07-16,Alpha Fasteners Inc.,Fastener,189,0.94,18,Spot buy,South,177.66
L04499,2024-07-16,Alpha Fasteners Inc.,Fastener,95,1.04,25,Blanket release,North,98.8
L07068,2024-07-16,Sato Industrial K.K.,Precision Assembly,627,52.81,26,Blanket release,North,33111.87
L01895,2024-07-16,Perez Castings S.A.,Precision Assembly,508,36.69,35,Spot buy,South,18638.52
L02255,2024-07-16,Britewire Ltd.,Fastener,24,2.51,9,Spot buy,North,60.24
L05950,2024-07-16,Nordic Steel Co.,Formed Wire,57,3.72,29,Blanket release,North,212.04
L05795,2024-07-16,Nordic Steel Co.,Formed Wire,32,4.61,24,Blanket release,North,147.52
L06347,2024-07-16,Nordic Steel Co.,Cast Housing,120,8.46,25,Blanket release,North,1015.2
L00182,2024-07-16,Nordic Steel Co.,Formed Wire,172,4.16,11,Blanket release,North,715.52
L05800,2024-07-16,Britewire Ltd.,Fastener,23,1.43,29,Spot buy,South,32.89
L01225,2024-07-16,Britewire Ltd.,Fastener,52,1.73,36,Spot buy,South,89.96
L03706,2024-07-16,Britewire Ltd.,Formed Wire,112,2.92,17,Blanket release,South,327.04
L01325,2024-07-16,Alpha Fasteners Inc.,Formed Wire,27,4.93,40,Blanket release,South,133.11
L03410,2024-07-16,Kwan Precision Ltd.,Cast Housing,513,13.42,19,Blanket release,South,6884.46
L04711,2024-07-16,Kwan Precision Ltd.,Cast Housing,88,13.02,20,Blanket release,North,1145.76
L02252,2024-07-16,Nordic Steel Co.,Cast Housing,723,12.22,16,Spot buy,South,8835.06
L01206,2024-07-16,Alpha Fasteners Inc.,Fastener,58,1.85,24,Spot buy,North,107.3
L03335,2024-07-16,Kwan Precision Ltd.,Cast Housing,111,11.45,21,Blanket release,South,1270.95
L05738,2024-07-16,Nordic Steel Co.,Formed Wire,67,4.85,23,Blanket release,North,324.95
L00321,2024-07-16,Rhein Polymer GmbH,Precision Assembly,1017,41.52,32,Spot buy,North,42225.84
L06334,2024-07-16,Britewire Ltd.,Fastener,64,1.89,26,Spot buy,South,120.96
L07434,2024-07-16,Britewire Ltd.,Fastener,26,2.07,14,Blanket release,South,53.82
L02007,2024-07-16,Nordic Steel Co.,Formed Wire,59,3.13,38,Blanket release,South,184.67
L03492,2024-07-16,Britewire Ltd.,Fastener,29,1.83,24,Spot buy,North,53.07
L02470,2024-07-16,Perez Castings S.A.,Cast Housing,349,9.35,19,Spot buy,South,3263.15
L01131,2024-07-16,Nordic Steel Co.,Formed Wire,101,3.21,31,Blanket release,North,324.21
L04076,2024-07-16,Britewire Ltd.,Fastener,11,2.35,23,Spot buy,North,25.85
L01889,2024-07-16,Alpha Fasteners Inc.,Fastener,48,1.68,24,Spot buy,South,80.64
L06261,2024-07-16,Britewire Ltd.,Fastener,21,1.39,24,Spot buy,North,29.19
L01648,2024-07-16,Rhein Polymer GmbH,Precision Assembly,812,29.17,37,Blanket release,South,23686.04
L05512,2024-07-16,Britewire Ltd.,Formed Wire,108,1.93,9,Spot buy,North,208.44
L04674,2024-07-16,Nordic Steel Co.,Formed Wire,59,4.43,28,Blanket release,North,261.37
L04510,2024-07-16,Perez Castings S.A.,Cast Housing,1627,7.22,32,Spot buy,North,11746.94
L05750,2024-07-16,Nordic Steel Co.,Formed Wire,98,2.6,25,Blanket release,South,254.8
L07690,2024-07-16,Britewire Ltd.,Formed Wire,106,1.38,19,Blanket release,South,146.28
L07196,2024-07-16,Alpha Fasteners Inc.,Fastener,31,1.02,9,Spot buy,North,31.62
L07231,2024-07-16,Britewire Ltd.,Fastener,61,1.88,30,Spot buy,South,114.68
L04506,2024-07-16,Nordic Steel Co.,Cast Housing,75,15.55,14,Spot buy,North,1166.25
L02793,2024-07-17,Alpha Fasteners Inc.,Fastener,118,1.35,24,Spot buy,South,159.3
L03135,2024-07-17,Kwan Precision Ltd.,Cast Housing,147,11.46,21,Blanket release,South,1684.62
L01201,2024-07-17,Alpha Fasteners Inc.,Fastener,86,2.4,12,Spot buy,South,206.4
L04740,2024-07-17,Nordic Steel Co.,Formed Wire,54,4.27,13,Spot buy,North,230.58
L05053,2024-07-17,Nordic Steel Co.,Cast Housing,574,6.66,35,Spot buy,South,3822.84
L07073,2024-07-17,Kwan Precision Ltd.,Cast Housing,483,10.22,26,Spot buy,North,4936.26
L06524,2024-07-17,Rhein Polymer GmbH,Cast Housing,313,15.65,37,Spot buy,North,4898.45
L01254,2024-07-17,Alpha Fasteners Inc.,Formed Wire,166,2.46,47,Spot buy,South,408.36
L07659,2024-07-17,Alpha Fasteners Inc.,Fastener,35,1.62,21,Spot buy,North,56.7
L05033,2024-07-17,Sato Industrial K.K.,Precision Assembly,355,20.06,50,Blanket release,North,7121.3
L00442,2024-07-17,Alpha Fasteners Inc.,Fastener,294,0.47,26,Blanket release,North,138.18
L05057,2024-07-17,Perez Castings S.A.,Cast Housing,1178,10.89,18,Blanket release,North,12828.42
L02755,2024-07-17,Britewire Ltd.,Formed Wire,177,2.96,19,Spot buy,North,523.92
L01253,2024-07-17,Nordic Steel Co.,Cast Housing,310,11.88,28,Spot buy,North,3682.8
L03020,2024-07-17,Britewire Ltd.,Fastener,39,0.97,25,Blanket release,South,37.83
L02555,2024-07-17,Rhein Polymer GmbH,Precision Assembly,979,35.97,24,Spot buy,South,35214.63
L04110,2024-07-17,Alpha Fasteners Inc.,Fastener,24,1.31,22,Spot buy,North,31.44
L00809,2024-07-17,Alpha Fasteners Inc.,Formed Wire,32,5.27,40,Blanket release,North,168.64
L04365,2024-07-17,Alpha Fasteners Inc.,Formed Wire,11,3.97,28,Blanket release,South,43.67
L03488,2024-07-17,Britewire Ltd.,Fastener,16,1.57,24,Spot buy,South,25.12
L01558,2024-07-17,Britewire Ltd.,Fastener,32,1.94,16,Spot buy,South,62.08
L04656,2024-07-17,Rhein Polymer GmbH,Cast Housing,24,12.67,22,Blanket release,North,304.08
L03445,2024-07-17,Nordic Steel Co.,Cast Housing,41,14.92,17,Spot buy,South,611.72
L07161,2024-07-17,Alpha Fasteners Inc.,Fastener,68,2.71,12,Spot buy,North,184.28
L07108,2024-07-17,Alpha Fasteners Inc.,Formed Wire,48,3.77,19,Spot buy,North,180.96
L02562,2024-07-17,Perez Castings S.A.,Cast Housing,343,11.39,24,Spot buy,South,3906.77
L07473,2024-07-17,Britewire Ltd.,Fastener,14,1.82,21,Blanket release,North,25.48
L01564,2024-07-17,Rhein Polymer GmbH,Precision Assembly,297,40.54,37,Spot buy,North,12040.38
L05833,2024-07-17,Perez Castings S.A.,Cast Housing,168,9.23,16,Blanket release,South,1550.64
L07891,2024-07-17,Britewire Ltd.,Fastener,10,2.93,20,Spot buy,North,29.3
L06323,2024-07-17,Alpha Fasteners Inc.,Fastener,47,2.23,18,Blanket release,South,104.81
L07352,2024-07-17,Rhein Polymer GmbH,Cast Housing,552,8.05,27,Spot buy,South,4443.6
L03085,2024-07-17,Sato Industrial K.K.,Precision Assembly,156,35.42,22,Blanket release,South,5525.52
L00770,2024-07-17,Alpha Fasteners Inc.,Formed Wire,43,4.49,15,Blanket release,South,193.07
L03087,2024-07-17,Alpha Fasteners Inc.,Formed Wire,80,3.24,30,Blanket release,North,259.2
L01959,2024-07-17,Britewire Ltd.,Formed Wire,48,3.82,18,Blanket release,South,183.36
L01242,2024-07-17,Kwan Precision Ltd.,Cast Housing,425,16.34,32,Spot buy,South,6944.5
L01787,2024-07-17,Alpha Fasteners Inc.,Formed Wire,304,3.12,19,Blanket release,South,948.48
L01905,2024-07-17,Alpha Fasteners Inc.,Fastener,13,1.32,23,Spot buy,South,17.16
L03771,2024-07-17,Nordic Steel Co.,Formed Wire,63,5.17,8,Spot buy,South,325.71
L06148,2024-07-17,Britewire Ltd.,Fastener,74,1.14,19,Spot buy,South,84.36
L06982,2024-07-17,Nordic Steel Co.,Formed Wire,29,6.65,8,Blanket release,North,192.85
L04665,2024-07-17,Kwan Precision Ltd.,Precision Assembly,171,33.18,13,Spot buy,North,5673.78
L02637,2024-07-17,Perez Castings S.A.,Cast Housing,1402,5.25,23,Spot buy,North,7360.5
L02335,2024-07-17,Alpha Fasteners Inc.,Fastener,6,3.61,23,Spot buy,South,21.66
L03853,2024-07-17,Nordic Steel Co.,Formed Wire,40,2.91,18,Spot buy,South,116.4
L00950,2024-07-17,Kwan Precision Ltd.,Precision Assembly,324,49.2,35,Spot buy,North,15940.8
L06055,2024-07-17,Nordic Steel Co.,Cast Housing,921,5.65,12,Blanket release,North,5203.65
L04945,2024-07-17,Rhein Polymer GmbH,Cast Housing,511,8.74,21,Blanket release,North,4466.14
L05985,2024-07-17,Alpha Fasteners Inc.,Fastener,41,1.75,27,Blanket release,South,71.75
L04998,2024-07-17,Kwan Precision Ltd.,Cast Housing,227,9.0,24,Spot buy,South,2043.0
L00274,2024-07-17,Perez Castings S.A.,Cast Housing,1001,8.32,20,Spot buy,North,8328.32
L00261,2024-07-17,Britewire Ltd.,Fastener,259,1.24,25,Blanket release,North,321.16
L01135,2024-07-17,Nordic Steel Co.,Cast Housing,437,7.58,11,Blanket release,North,3312.46
L05870,2024-07-17,Nordic Steel Co.,Cast Housing,224,8.18,18,Blanket release,North,1832.32
L03119,2024-07-17,Alpha Fasteners Inc.,Fastener,16,1.63,25,Spot buy,North,26.08
L06504,2024-07-17,Rhein Polymer GmbH,Precision Assembly,204,41.44,32,Spot buy,South,8453.76
L01346,2024-07-17,Perez Castings S.A.,Cast Housing,676,7.88,36,Spot buy,South,5326.88
L05397,2024-07-17,Kwan Precision Ltd.,Cast Housing,21,22.34,21,Spot buy,North,469.14
L04955,2024-07-17,Britewire Ltd.,Fastener,99,1.48,27,Blanket release,North,146.52
L06125,2024-07-17,Britewire Ltd.,Fastener,78,1.93,13,Spot buy,North,150.54
L01054,2024-07-17,Kwan Precision Ltd.,Cast Housing,237,11.3,21,Blanket release,North,2678.1
L06986,2024-07-17,Nordic Steel Co.,Cast Housing,735,6.8,33,Spot buy,South,4998.0
L07683,2024-07-17,Sato Industrial K.K.,Precision Assembly,1341,37.92,36,Blanket release,South,50850.72
L05804,2024-07-17,Britewire Ltd.,Fastener,7,2.82,27,Spot buy,North,19.74
L03781,2024-07-17,Alpha Fasteners Inc.,Fastener,75,1.28,27,Blanket release,North,96.0
L02397,2024-07-17,Perez Castings S.A.,Cast Housing,598,5.36,29,Blanket release,North,3205.28
L06064,2024-07-17,Alpha Fasteners Inc.,Fastener,26,2.47,19,Spot buy,North,64.22
L03902,2024-07-17,Perez Castings S.A.,Cast Housing,353,5.87,16,Blanket release,North,2072.11
L03650,2024-07-17,Kwan Precision Ltd.,Cast Housing,233,11.06,28,Blanket release,South,2576.98
L02918,2024-07-17,Britewire Ltd.,Fastener,31,1.31,6,Spot buy,North,40.61
L07803,2024-07-17,Britewire Ltd.,Fastener,17,1.46,20,Blanket release,North,24.82
L00185,2024-07-17,Britewire Ltd.,Fastener,258,1.5,24,Spot buy,North,387.0
L00432,2024-07-17,Kwan Precision Ltd.,Cast Housing,578,12.31,7,Blanket release,North,7115.18
L04072,2024-07-17,Britewire Ltd.,Formed Wire,129,2.99,23,Blanket release,North,385.71
L02954,2024-07-17,Britewire Ltd.,Fastener,59,1.49,32,Spot buy,North,87.91
L04115,2024-07-17,Britewire Ltd.,Fastener,4,3.87,33,Spot buy,North,15.48
L07428,2024-07-17,Nordic Steel Co.,Formed Wire,10,3.52,18,Spot buy,South,35.2
L04965,2024-07-17,Alpha Fasteners Inc.,Fastener,17,1.75,24,Spot buy,South,29.75
L02085,2024-07-17,Alpha Fasteners Inc.,Fastener,149,1.59,16,Spot buy,North,236.91
L00537,2024-07-17,Nordic Steel Co.,Formed Wire,14,2.84,21,Blanket release,North,39.76
L00105,2024-07-17,Britewire Ltd.,Formed Wire,75,5.39,15,Spot buy,North,404.25
L02654,2024-07-17,Perez Castings S.A.,Cast Housing,78,9.48,18,Blanket release,North,739.44
L01429,2024-07-17,Alpha Fasteners Inc.,Fastener,18,1.98,25,Blanket release,South,35.64
L07727,2024-07-17,Alpha Fasteners Inc.,Fastener,55,1.95,20,Spot buy,South,107.25
L03623,2024-07-17,Britewire Ltd.,Formed Wire,95,1.44,6,Spot buy,North,136.8
L03306,2024-07-17,Britewire Ltd.,Fastener,56,1.99,17,Blanket release,North,111.44
L02389,2024-07-17,Britewire Ltd.,Fastener,37,1.64,40,Spot buy,North,60.68
L05449,2024-07-17,Kwan Precision Ltd.,Cast Housing,98,10.84,18,Spot buy,North,1062.32
L00707,2024-07-18,Nordic Steel Co.,Formed Wire,20,3.02,18,Blanket release,South,60.4
L06407,2024-07-18,Nordic Steel Co.,Formed Wire,171,2.33,24,Blanket release,South,398.43
L00547,2024-07-18,Alpha Fasteners Inc.,Fastener,96,0.99,21,Spot buy,North,95.04
L02873,2024-07-18,Alpha Fasteners Inc.,Fastener,92,1.18,11,Spot buy,North,108.56
L02662,2024-07-18,Britewire Ltd.,Formed Wire,19,6.38,30,Spot buy,South,121.22
L07767,2024-07-18,Britewire Ltd.,Formed Wire,27,3.46,10,Blanket release,North,93.42
L06232,2024-07-18,Rhein Polymer GmbH,Precision Assembly,422,43.87,18,Blanket release,North,18513.14
L04197,2024-07-18,Alpha Fasteners Inc.,Fastener,61,1.82,25,Blanket release,North,111.02
L01544,2024-07-18,Alpha Fasteners Inc.,Fastener,32,2.2,27,Spot buy,North,70.4
L00240,2024-07-18,Alpha Fasteners Inc.,Fastener,32,3.21,17,Spot buy,North,102.72
L04255,2024-07-18,Alpha Fasteners Inc.,Fastener,48,2.68,2,Spot buy,South,128.64
L06359,2024-07-18,Nordic Steel Co.,Formed Wire,295,2.84,29,Blanket release,South,837.8
L05474,2024-07-18,Alpha Fasteners Inc.,Formed Wire,254,2.45,26,Blanket release,South,622.3
L02352,2024-07-18,Kwan Precision Ltd.,Precision Assembly,2876,26.13,43,Blanket release,North,75149.88
L01545,2024-07-18,Kwan Precision Ltd.,Precision Assembly,737,36.53,36,Blanket release,North,26922.61
L07833,2024-07-18,Kwan Precision Ltd.,Precision Assembly,585,39.44,23,Spot buy,North,23072.4
L02175,2024-07-18,Britewire Ltd.,Fastener,8,1.43,27,Spot buy,South,11.44
L05498,2024-07-18,Nordic Steel Co.,Formed Wire,47,3.3,18,Spot buy,South,155.1
L03776,2024-07-18,Rhein Polymer GmbH,Cast Housing,82,11.12,12,Blanket release,South,911.84
L05254,2024-07-18,Kwan Precision Ltd.,Precision Assembly,307,37.66,18,Spot buy,North,11561.62
L07812,2024-07-18,Alpha Fasteners Inc.,Fastener,76,1.36,13,Spot buy,North,103.36
L05546,2024-07-18,Britewire Ltd.,Fastener,20,1.1,25,Spot buy,South,22.0
L00486,2024-07-18,Britewire Ltd.,Fastener,61,1.83,7,Spot buy,South,111.63
L01613,2024-07-18,Nordic Steel Co.,Formed Wire,67,3.5,20,Spot buy,South,234.5
L06724,2024-07-18,Alpha Fasteners Inc.,Formed Wire,74,3.3,2,Spot buy,North,244.2
L03778,2024-07-18,Britewire Ltd.,Fastener,13,2.7,20,Spot buy,North,35.1
L02567,2024-07-18,Britewire Ltd.,Fastener,13,2.22,19,Blanket release,South,28.86
L06310,2024-07-18,Rhein Polymer GmbH,Cast Housing,217,10.77,17,Spot buy,North,2337.09
L05523,2024-07-18,Alpha Fasteners Inc.,Fastener,15,2.5,30,Spot buy,North,37.5
L07830,2024-07-18,Britewire Ltd.,Fastener,43,2.0,29,Spot buy,North,86.0
L06313,2024-07-18,Nordic Steel Co.,Formed Wire,39,2.91,36,Blanket release,North,113.49
L00293,2024-07-18,Meridian Tooling (internal),Cast Housing,292,6.06,30,Spot buy,North,1769.52
L03457,2024-07-18,Britewire Ltd.,Fastener,162,1.14,35,Spot buy,North,184.68
L00693,2024-07-18,Britewire Ltd.,Formed Wire,36,4.65,14,Spot buy,North,167.4
L05437,2024-07-18,Britewire Ltd.,Fastener,28,1.84,28,Blanket release,North,51.52
L03167,2024-07-18,Alpha Fasteners Inc.,Formed Wire,297,3.28,6,Spot buy,North,974.16
L00029,2024-07-18,Rhein Polymer GmbH,Precision Assembly,171,73.37,23,Spot buy,South,12546.27
L03463,2024-07-18,Nordic Steel Co.,Formed Wire,17,2.79,20,Blanket release,North,47.43
L04235,2024-07-18,Britewire Ltd.,Formed Wire,77,4.39,16,Blanket release,South,338.03
L05263,2024-07-18,Britewire Ltd.,Formed Wire,197,2.63,25,Spot buy,North,518.11
L04101,2024-07-18,Kwan Precision Ltd.,Cast Housing,798,8.06,29,Blanket release,South,6431.88
L05803,2024-07-18,Nordic Steel Co.,Cast Housing,92,15.06,4,Blanket release,North,1385.52
L06399,2024-07-18,Alpha Fasteners Inc.,Formed Wire,222,3.29,39,Blanket release,South,730.38
L05785,2024-07-18,Meridian Tooling (internal),Cast Housing,102,7.34,13,Spot buy,North,748.68
L03939,2024-07-18,Rhein Polymer GmbH,Precision Assembly,1458,28.29,37,Blanket release,North,41246.82
L00972,2024-07-18,Alpha Fasteners Inc.,Fastener,77,1.56,20,Spot buy,South,120.12
L03719,2024-07-18,Nordic Steel Co.,Cast Housing,337,8.98,9,Blanket release,North,3026.26
L06266,2024-07-18,Perez Castings S.A.,Precision Assembly,341,27.68,25,Spot buy,South,9438.88
L03070,2024-07-18,Sato Industrial K.K.,Precision Assembly,858,40.77,14,Blanket release,North,34980.66
L03879,2024-07-18,Britewire Ltd.,Formed Wire,19,3.64,12,Blanket release,North,69.16
L01319,2024-07-18,Perez Castings S.A.,Cast Housing,1392,7.65,22,Blanket release,South,10648.8
L07729,2024-07-18,Alpha Fasteners Inc.,Fastener,94,1.58,21,Spot buy,South,148.52
L01454,2024-07-18,Britewire Ltd.,Fastener,37,1.17,25,Spot buy,North,43.29
L00441,2024-07-18,Alpha Fasteners Inc.,Fastener,18,2.21,32,Blanket release,North,39.78
L01973,2024-07-18,Nordic Steel Co.,Formed Wire,294,2.55,22,Spot buy,North,749.7
L02298,2024-07-18,Rhein Polymer GmbH,Precision Assembly,274,34.3,30,Blanket release,North,9398.2
L07471,2024-07-18,Britewire Ltd.,Fastener,34,1.88,2,Spot buy,South,63.92
L02304,2024-07-18,Perez Castings S.A.,Cast Housing,312,6.98,27,Blanket release,North,2177.76
L06657,2024-07-18,Alpha Fasteners Inc.,Fastener,111,1.56,25,Spot buy,North,173.16
L03673,2024-07-18,Nordic Steel Co.,Formed Wire,259,2.26,2,Blanket release,North,585.34
L04778,2024-07-18,Rhein Polymer GmbH,Cast Housing,714,13.02,15,Spot buy,North,9296.28
L01438,2024-07-18,Alpha Fasteners Inc.,Fastener,35,1.39,33,Spot buy,North,48.65
L04960,2024-07-18,Britewire Ltd.,Fastener,17,2.51,18,Spot buy,North,42.67
L06618,2024-07-18,Meridian Tooling (internal),Cast Housing,64,8.49,23,Spot buy,North,543.36
L04857,2024-07-18,Nordic Steel Co.,Formed Wire,33,1.71,44,Blanket release,North,56.43
L02360,2024-07-18,Nordic Steel Co.,Cast Housing,103,8.06,12,Blanket release,North,830.18
L05891,2024-07-18,Nordic Steel Co.,Cast Housing,167,9.05,15,Blanket release,North,1511.35
L03741,2024-07-18,Alpha Fasteners Inc.,Fastener,29,1.53,6,Spot buy,North,44.37
L05670,2024-07-18,Rhein Polymer GmbH,Precision Assembly,2183,54.4,6,Spot buy,South,118755.2
L03433,2024-07-18,Britewire Ltd.,Formed Wire,83,2.8,24,Spot buy,North,232.4
L06627,2024-07-18,Alpha Fasteners Inc.,Formed Wire,45,2.72,18,Spot buy,North,122.4
L06939,2024-07-18,Sato Industrial K.K.,Precision Assembly,256,49.47,28,Blanket release,South,12664.32
L04520,2024-07-18,Britewire Ltd.,Formed Wire,83,3.86,20,Blanket release,South,320.38
L04819,2024-07-18,Alpha Fasteners Inc.,Fastener,21,1.81,40,Spot buy,North,38.01
L04939,2024-07-18,Alpha Fasteners Inc.,Fastener,47,1.27,35,Spot buy,North,59.69
L04947,2024-07-18,Britewire Ltd.,Formed Wire,131,3.8,25,Spot buy,South,497.8
L01132,2024-07-18,Britewire Ltd.,Fastener,71,1.51,19,Spot buy,South,107.21
L02428,2024-07-18,Kwan Precision Ltd.,Cast Housing,325,10.02,28,Spot buy,North,3256.5
L02245,2024-07-18,Sato Industrial K.K.,Precision Assembly,324,45.56,24,Blanket release,South,14761.44
L03134,2024-07-18,Kwan Precision Ltd.,Cast Housing,353,9.76,27,Blanket release,South,3445.28
L05907,2024-07-18,Alpha Fasteners Inc.,Fastener,28,1.4,24,Spot buy,North,39.2
L04488,2024-07-18,Nordic Steel Co.,Formed Wire,49,4.4,12,Spot buy,North,215.6
L01227,2024-07-18,Britewire Ltd.,Fastener,71,1.56,9,Spot buy,South,110.76
L05149,2024-07-18,Alpha Fasteners Inc.,Fastener,27,1.99,16,Spot buy,North,53.73
L02221,2024-07-18,Alpha Fasteners Inc.,Fastener,82,2.01,22,Blanket release,North,164.82
L05060,2024-07-18,Nordic Steel Co.,Formed Wire,16,2.38,16,Blanket release,North,38.08
L01220,2024-07-18,Alpha Fasteners Inc.,Formed Wire,70,3.13,17,Blanket release,North,219.1
L07089,2024-07-18,Britewire Ltd.,Fastener,59,1.95,29,Spot buy,North,115.05
L07860,2024-07-18,Nordic Steel Co.,Formed Wire,226,2.13,38,Blanket release,South,481.38
L02795,2024-07-18,Rhein Polymer GmbH,Cast Housing,117,8.85,12,Spot buy,South,1035.45
L06203,2024-07-18,Kwan Precision Ltd.,Precision Assembly,1111,50.36,29,Spot buy,North,55949.96
L01496,2024-07-18,Perez Castings S.A.,Cast Housing,264,8.43,10,Spot buy,North,2225.52
L03970,2024-07-18,Rhein Polymer GmbH,Precision Assembly,310,31.47,44,Spot buy,North,9755.7
L04629,2024-07-18,Perez Castings S.A.,Cast Housing,196,8.19,18,Spot buy,North,1605.24
L03442,2024-07-18,Perez Castings S.A.,Cast Housing,443,7.65,31,Blanket release,South,3388.95
L00834,2024-07-18,Perez Castings S.A.,Precision Assembly,419,33.44,24,Blanket release,South,14011.36
L06582,2024-07-18,Britewire Ltd.,Fastener,430,1.11,21,Spot buy,South,477.3
L01306,2024-07-18,Britewire Ltd.,Fastener,46,1.98,25,Spot buy,North,91.08
L01767,2024-07-18,Alpha Fasteners Inc.,Formed Wire,7,8.78,26,Blanket release,South,61.46
L06774,2024-07-18,Britewire Ltd.,Fastener,34,1.43,10,Spot buy,South,48.62
L02115,2024-07-18,Britewire Ltd.,Fastener,7,2.16,12,Spot buy,South,15.12
L07896,2024-07-18,Kwan Precision Ltd.,Cast Housing,132,14.84,12,Spot buy,North,1958.88
L07028,2024-07-18,Nordic Steel Co.,Formed Wire,117,3.37,27,Blanket release,North,394.29
L05168,2024-07-18,Alpha Fasteners Inc.,Fastener,54,1.66,13,Blanket release,South,89.64
L02059,2024-07-19,Alpha Fasteners Inc.,Fastener,11,2.27,2,Spot buy,North,24.97
L03333,2024-07-19,Alpha Fasteners Inc.,Fastener,102,1.73,29,Spot buy,South,176.46
L07946,2024-07-19,Alpha Fasteners Inc.,Formed Wire,30,3.4,27,Spot buy,North,102.0
L02948,2024-07-19,Kwan Precision Ltd.,Cast Housing,162,7.12,16,Blanket release,South,1153.44
L03105,2024-07-19,Kwan Precision Ltd.,Precision Assembly,249,29.78,22,Spot buy,North,7415.22
L05776,2024-07-19,Alpha Fasteners Inc.,Formed Wire,45,2.31,37,Blanket release,North,103.95
L03369,2024-07-19,Perez Castings S.A.,Cast Housing,1687,5.87,20,Spot buy,North,9902.69
L01701,2024-07-19,Alpha Fasteners Inc.,Fastener,14,2.99,17,Spot buy,South,41.86
L03331,2024-07-19,Rhein Polymer GmbH,Cast Housing,160,9.16,27,Blanket release,North,1465.6
L03090,2024-07-19,Rhein Polymer GmbH,Precision Assembly,407,42.21,25,Blanket release,North,17179.47
L02297,2024-07-19,Alpha Fasteners Inc.,Fastener,30,1.49,14,Spot buy,South,44.7
L03174,2024-07-19,Britewire Ltd.,Fastener,50,2.68,7,Spot buy,South,134.0
L03889,2024-07-19,Alpha Fasteners Inc.,Formed Wire,92,3.28,26,Spot buy,North,301.76
L03678,2024-07-19,Nordic Steel Co.,Formed Wire,6,5.3,14,Blanket release,South,31.8
L06079,2024-07-19,Rhein Polymer GmbH,Cast Housing,622,10.48,30,Spot buy,North,6518.56
L05911,2024-07-19,Sato Industrial K.K.,Precision Assembly,311,39.84,43,Spot buy,North,12390.24
L07337,2024-07-19,Nordic Steel Co.,Cast Housing,57,9.96,48,Spot buy,South,567.72
L06805,2024-07-19,Britewire Ltd.,Fastener,17,3.06,20,Spot buy,North,52.02
L00353,2024-07-19,Britewire Ltd.,Formed Wire,71,3.09,47,Spot buy,North,219.39
L07817,2024-07-19,Alpha Fasteners Inc.,Fastener,21,1.52,23,Spot buy,North,31.92
L06127,2024-07-19,Britewire Ltd.,Formed Wire,51,1.61,34,Blanket release,South,82.11
L00607,2024-07-19,Alpha Fasteners Inc.,Fastener,11,1.82,29,Blanket release,South,20.02
L03316,2024-07-19,Rhein Polymer GmbH,Precision Assembly,405,35.47,34,Blanket release,South,14365.35
L04571,2024-07-19,Perez Castings S.A.,Cast Housing,445,9.59,11,Blanket release,North,4267.55
L05490,2024-07-19,Perez Castings S.A.,Precision Assembly,305,28.76,16,Spot buy,South,8771.8
L01203,2024-07-19,Nordic Steel Co.,Formed Wire,86,5.14,30,Blanket release,South,442.04
L06539,2024-07-19,Britewire Ltd.,Fastener,123,1.58,31,Spot buy,North,194.34
L02206,2024-07-19,Alpha Fasteners Inc.,Fastener,36,1.86,27,Spot buy,South,66.96
L07665,2024-07-19,Britewire Ltd.,Fastener,21,3.99,28,Spot buy,South,83.79
L05506,2024-07-19,Nordic Steel Co.,Formed Wire,71,3.53,16,Blanket release,South,250.63
L06597,2024-07-19,Rhein Polymer GmbH,Precision Assembly,488,30.51,37,Blanket release,North,14888.88
L04083,2024-07-19,Alpha Fasteners Inc.,Formed Wire,57,4.45,8,Blanket release,North,253.65
L06711,2024-07-19,Alpha Fasteners Inc.,Fastener,47,1.48,22,Spot buy,South,69.56
L02776,2024-07-19,Alpha Fasteners Inc.,Fastener,59,2.54,11,Blanket release,South,149.86
L07003,2024-07-19,Nordic Steel Co.,Formed Wire,81,6.46,29,Spot buy,North,523.26
L07521,2024-07-19,Nordic Steel Co.,Cast Housing,416,6.03,15,Blanket release,North,2508.48
L05859,2024-07-19,Britewire Ltd.,Fastener,8,2.47,32,Spot buy,South,19.76
L07468,2024-07-19,Alpha Fasteners Inc.,Formed Wire,73,3.12,27,Blanket release,North,227.76
L00725,2024-07-19,Britewire Ltd.,Formed Wire,23,3.63,2,Spot buy,North,83.49
L04373,2024-07-19,Rhein Polymer GmbH,Cast Housing,127,13.6,21,Spot buy,North,1727.2
L01801,2024-07-19,Kwan Precision Ltd.,Precision Assembly,399,52.87,28,Spot buy,North,21095.13
L04165,2024-07-19,Rhein Polymer GmbH,Precision Assembly,3692,33.84,34,Blanket release,North,124937.28
L04357,2024-07-19,Britewire Ltd.,Fastener,96,1.53,2,Spot buy,North,146.88
L05603,2024-07-19,Britewire Ltd.,Fastener,115,1.1,20,Spot buy,North,126.5
L05141,2024-07-19,Alpha Fasteners Inc.,Fastener,13,2.26,14,Blanket release,North,29.38
L06165,2024-07-19,Alpha Fasteners Inc.,Formed Wire,141,2.22,29,Blanket release,South,313.02
L02362,2024-07-19,Alpha Fasteners Inc.,Fastener,61,2.74,11,Spot buy,South,167.14
L07900,2024-07-19,Perez Castings S.A.,Cast Housing,765,5.44,20,Blanket release,North,4161.6
L00251,2024-07-19,Britewire Ltd.,Formed Wire,31,2.49,16,Blanket release,North,77.19
L05287,2024-07-19,Nordic Steel Co.,Formed Wire,223,2.72,30,Blanket release,North,606.56
L01783,2024-07-19,Rhein Polymer GmbH,Cast Housing,204,6.73,19,Blanket release,North,1372.92
L02121,2024-07-19,Alpha Fasteners Inc.,Fastener,17,3.49,28,Spot buy,North,59.33
L00759,2024-07-19,Kwan Precision Ltd.,Precision Assembly,2348,22.75,21,Blanket release,North,53417.0
L02705,2024-07-19,Kwan Precision Ltd.,Cast Housing,292,7.36,24,Blanket release,North,2149.12
L05138,2024-07-19,Alpha Fasteners Inc.,Fastener,11,3.55,12,Spot buy,North,39.05
L03773,2024-07-19,Alpha Fasteners Inc.,Fastener,9,2.16,20,Spot buy,South,19.44
L02658,2024-07-19,Alpha Fasteners Inc.,Formed Wire,139,3.22,33,Spot buy,South,447.58
L01442,2024-07-19,Britewire Ltd.,Formed Wire,106,2.44,33,Spot buy,North,258.64
L06238,2024-07-19,Nordic Steel Co.,Formed Wire,44,3.03,28,Blanket release,South,133.32
L01939,2024-07-19,Rhein Polymer GmbH,Cast Housing,85,13.15,25,Blanket release,South,1117.75
L01046,2024-07-19,Alpha Fasteners Inc.,Formed Wire,224,2.59,21,Spot buy,South,580.16
L06896,2024-07-19,Alpha Fasteners Inc.,Fastener,146,2.14,24,Spot buy,South,312.44
L06477,2024-07-19,Nordic Steel Co.,Formed Wire,47,3.16,13,Blanket release,South,148.52
L03572,2024-07-19,Sato Industrial K.K.,Precision Assembly,640,42.09,26,Blanket release,North,26937.6
L07583,2024-07-19,Britewire Ltd.,Fastener,4,2.11,19,Spot buy,South,8.44
L03209,2024-07-19,Alpha Fasteners Inc.,Formed Wire,30,3.53,14,Spot buy,North,105.9
L06771,2024-07-19,Nordic Steel Co.,Formed Wire,77,3.17,32,Blanket release,North,244.09
L06223,2024-07-19,Nordic Steel Co.,Formed Wire,108,3.07,46,Blanket release,South,331.56
L02364,2024-07-19,Alpha Fasteners Inc.,Fastener,25,2.19,23,Spot buy,South,54.75
L06635,2024-07-19,Nordic Steel Co.,Formed Wire,385,3.07,12,Spot buy,North,1181.95
L07175,2024-07-19,Alpha Fasteners Inc.,Fastener,14,1.38,24,Spot buy,South,19.32
L07039,2024-07-19,Britewire Ltd.,Formed Wire,66,3.3,23,Blanket release,North,217.8
L00433,2024-07-19,Nordic Steel Co.,Formed Wire,124,3.39,18,Blanket release,South,420.36
L00435,2024-07-19,Britewire Ltd.,Fastener,59,0.91,27,Spot buy,North,53.69
L02997,2024-07-19,Britewire Ltd.,Formed Wire,386,2.25,21,Spot buy,North,868.5
L00259,2024-07-19,Rhein Polymer GmbH,Cast Housing,91,10.92,30,Blanket release,South,993.72
L02274,2024-07-19,Rhein Polymer GmbH,Precision Assembly,189,23.48,35,Spot buy,North,4437.72
L02219,2024-07-20,Britewire Ltd.,Fastener,3,6.84,20,Blanket release,North,20.52
L02711,2024-07-20,Britewire Ltd.,Fastener,21,2.46,11,Spot buy,South,51.66
L00286,2024-07-20,Britewire Ltd.,Fastener,92,1.37,17,Blanket release,South,126.04
L05763,2024-07-20,Alpha Fasteners Inc.,Formed Wire,39,3.41,12,Spot buy,South,132.99
L03409,2024-07-20,Alpha Fasteners Inc.,Formed Wire,117,3.26,30,Blanket release,South,381.42
L07275,2024-07-20,Alpha Fasteners Inc.,Fastener,131,1.95,18,Spot buy,North,255.45
L01714,2024-07-20,Britewire Ltd.,Fastener,67,1.84,6,Spot buy,North,123.28
L01791,2024-07-20,Sato Industrial K.K.,Precision Assembly,1479,40.74,17,Blanket release,North,60254.46
L03909,2024-07-20,Meridian Tooling (internal),Cast Housing,37,5.5,29,Spot buy,South,203.5
L06980,2024-07-20,Alpha Fasteners Inc.,Fastener,46,1.83,6,Spot buy,South,84.18
L03295,2024-07-20,Britewire Ltd.,Fastener,5,2.9,21,Spot buy,North,14.5
L05634,2024-07-20,Sato Industrial K.K.,Precision Assembly,121,41.4,18,Spot buy,South,5009.4
L00390,2024-07-20,Nordic Steel Co.,Cast Housing,250,9.61,18,Blanket release,North,2402.5
L05559,2024-07-20,Alpha Fasteners Inc.,Formed Wire,71,1.88,19,Blanket release,North,133.48
L07484,2024-07-20,Kwan Precision Ltd.,Precision Assembly,269,51.32,13,Spot buy,North,13805.08
L06308,2024-07-20,Britewire Ltd.,Formed Wire,58,1.86,2,Blanket release,North,107.88
L06256,2024-07-20,Alpha Fasteners Inc.,Fastener,71,1.51,21,Spot buy,South,107.21
L01915,2024-07-20,Nordic Steel Co.,Formed Wire,67,4.4,9,Spot buy,North,294.8
L03825,2024-07-20,Britewire Ltd.,Formed Wire,62,3.15,35,Spot buy,North,195.3
L06813,2024-07-20,Alpha Fasteners Inc.,Formed Wire,127,3.13,28,Blanket release,South,397.51
L02742,2024-07-20,Rhein Polymer GmbH,Cast Housing,26,25.07,26,Blanket release,North,651.82
L02458,2024-07-20,Alpha Fasteners Inc.,Formed Wire,23,1.9,18,Blanket release,North,43.7
L07491,2024-07-20,Nordic Steel Co.,Formed Wire,101,3.82,15,Spot buy,North,385.82
L02896,2024-07-20,Alpha Fasteners Inc.,Formed Wire,288,2.88,18,Blanket release,South,829.44
L03949,2024-07-20,Kwan Precision Ltd.,Cast Housing,155,7.61,28,Spot buy,South,1179.55
L05616,2024-07-20,Britewire Ltd.,Fastener,20,2.66,7,Spot buy,North,53.2
L05536,2024-07-20,Kwan Precision Ltd.,Precision Assembly,3381,33.68,27,Spot buy,North,113872.08
L03184,2024-07-20,Kwan Precision Ltd.,Cast Housing,27,24.13,26,Spot buy,North,651.51
L00187,2024-07-20,Rhein Polymer GmbH,Cast Housing,392,6.56,6,Blanket release,South,2571.52
L05294,2024-07-20,Nordic Steel Co.,Formed Wire,163,3.23,26,Spot buy,South,526.49
L01116,2024-07-20,Rhein Polymer GmbH,Precision Assembly,63,56.98,24,Spot buy,South,3589.74
L06703,2024-07-20,Rhein Polymer GmbH,Cast Housing,45,16.98,17,Spot buy,South,764.1
L01589,2024-07-20,Kwan Precision Ltd.,Precision Assembly,659,29.05,46,Blanket release,North,19143.95
L00749,2024-07-20,Rhein Polymer GmbH,Precision Assembly,556,56.33,23,Spot buy,South,31319.48
L06392,2024-07-20,Nordic Steel Co.,Cast Housing,223,10.68,14,Spot buy,North,2381.64
L04844,2024-07-20,Britewire Ltd.,Formed Wire,77,2.38,17,Blanket release,South,183.26
L05895,2024-07-20,Britewire Ltd.,Fastener,41,1.99,24,Spot buy,South,81.59
L02056,2024-07-20,Britewire Ltd.,Fastener,45,2.27,10,Spot buy,South,102.15
L06693,2024-07-20,Kwan Precision Ltd.,Cast Housing,139,15.32,16,Blanket release,North,2129.48
L02640,2024-07-20,Nordic Steel Co.,Formed Wire,51,3.29,14,Spot buy,South,167.79
L07761,2024-07-20,Alpha Fasteners Inc.,Fastener,81,1.95,25,Spot buy,South,157.95
L07354,2024-07-20,Nordic Steel Co.,Cast Housing,131,12.39,32,Spot buy,North,1623.09
L01532,2024-07-20,Britewire Ltd.,Formed Wire,130,3.43,28,Blanket release,South,445.9
L07067,2024-07-20,Britewire Ltd.,Fastener,13,1.54,25,Blanket release,South,20.02
L05844,2024-07-20,Britewire Ltd.,Fastener,4,3.52,46,Blanket release,South,14.08
L00194,2024-07-20,Britewire Ltd.,Fastener,102,1.58,29,Blanket release,North,161.16
L03351,2024-07-20,Perez Castings S.A.,Precision Assembly,282,35.29,28,Spot buy,North,9951.78
L04981,2024-07-20,Kwan Precision Ltd.,Precision Assembly,674,40.85,16,Blanket release,North,27532.9
L03026,2024-07-20,Kwan Precision Ltd.,Precision Assembly,563,34.63,27,Spot buy,South,19496.69
L07419,2024-07-20,Alpha Fasteners Inc.,Fastener,12,7.42,21,Blanket release,South,89.04
L01436,2024-07-20,Sato Industrial K.K.,Precision Assembly,244,30.15,33,Blanket release,North,7356.6
L07494,2024-07-20,Rhein Polymer GmbH,Cast Housing,37,12.16,13,Spot buy,South,449.92
L05079,2024-07-20,Britewire Ltd.,Fastener,5,1.9,19,Spot buy,South,9.5
L05821,2024-07-20,Britewire Ltd.,Fastener,94,1.1,31,Spot buy,South,103.4
L01018,2024-07-20,Kwan Precision Ltd.,Precision Assembly,895,25.69,37,Blanket release,South,22992.55
L04906,2024-07-20,Nordic Steel Co.,Formed Wire,4,2.04,23,Blanket release,North,8.16
L01037,2024-07-20,Perez Castings S.A.,Precision Assembly,1105,24.63,39,Blanket release,North,27216.15
L05979,2024-07-20,Perez Castings S.A.,Cast Housing,192,9.65,28,Blanket release,North,1852.8
L02853,2024-07-20,Perez Castings S.A.,Cast Housing,52,11.79,10,Spot buy,South,613.08
L06889,2024-07-20,Alpha Fasteners Inc.,Formed Wire,211,2.6,8,Blanket release,North,548.6
L04297,2024-07-20,Rhein Polymer GmbH,Cast Housing,337,10.11,20,Spot buy,North,3407.07
L02810,2024-07-20,Nordic Steel Co.,Cast Housing,628,8.44,6,Blanket release,South,5300.32
L04802,2024-07-20,Alpha Fasteners Inc.,Fastener,2,1.72,15,Spot buy,South,3.44
L04378,2024-07-20,Alpha Fasteners Inc.,Fastener,86,2.29,2,Spot buy,North,196.94
L05381,2024-07-20,Nordic Steel Co.,Cast Housing,245,8.58,10,Blanket release,South,2102.1
L04588,2024-07-20,Nordic Steel Co.,Formed Wire,69,4.09,27,Blanket release,South,282.21
L00625,2024-07-20,Meridian Tooling (internal),Cast Housing,345,5.62,18,Blanket release,North,1938.9
L02581,2024-07-20,Britewire Ltd.,Fastener,61,1.62,22,Spot buy,South,98.82
L05467,2024-07-20,Kwan Precision Ltd.,Cast Housing,101,9.88,15,Spot buy,North,997.88
L05797,2024-07-20,Britewire Ltd.,Fastener,18,4.46,16,Spot buy,South,80.28
L01190,2024-07-20,Britewire Ltd.,Fastener,49,1.48,30,Spot buy,North,72.52
L07943,2024-07-20,Perez Castings S.A.,Cast Housing,453,8.16,25,Blanket release,North,3696.48
L04172,2024-07-20,Nordic Steel Co.,Cast Housing,52,18.2,7,Blanket release,South,946.4
L04790,2024-07-20,Nordic Steel Co.,Formed Wire,315,3.5,22,Spot buy,South,1102.5
L04566,2024-07-20,Britewire Ltd.,Formed Wire,110,2.27,26,Spot buy,North,249.7
L04694,2024-07-20,Britewire Ltd.,Fastener,19,1.68,5,Blanket release,North,31.92
L04100,2024-07-20,Rhein Polymer GmbH,Cast Housing,187,12.18,22,Spot buy,South,2277.66
L03704,2024-07-20,Britewire Ltd.,Formed Wire,28,4.9,23,Blanket release,North,137.2
L06202,2024-07-20,Alpha Fasteners Inc.,Formed Wire,206,3.75,8,Spot buy,North,772.5
L06199,2024-07-20,Alpha Fasteners Inc.,Fastener,8,2.4,18,Blanket release,North,19.2
L05948,2024-07-20,Perez Castings S.A.,Cast Housing,459,9.42,24,Blanket release,North,4323.78
L05442,2024-07-20,Alpha Fasteners Inc.,Fastener,35,1.35,20,Spot buy,South,47.25
L04689,2024-07-21,Perez Castings S.A.,Precision Assembly,721,35.74,31,Blanket release,North,25768.54
L01998,2024-07-21,Sato Industrial K.K.,Precision Assembly,196,32.11,38,Blanket release,North,6293.56
L01870,2024-07-21,Nordic Steel Co.,Formed Wire,94,2.32,35,Spot buy,North,218.08
L03918,2024-07-21,Britewire Ltd.,Fastener,4,5.43,31,Spot buy,North,21.72
L02393,2024-07-21,Britewire Ltd.,Formed Wire,116,1.88,26,Spot buy,North,218.08
L01238,2024-07-21,Britewire Ltd.,Formed Wire,54,3.74,32,Blanket release,South,201.96
L02528,2024-07-21,Alpha Fasteners Inc.,Fastener,12,3.19,22,Blanket release,North,38.28
L02527,2024-07-21,Kwan Precision Ltd.,Cast Housing,419,9.1,12,Blanket release,North,3812.9
L02438,2024-07-21,Nordic Steel Co.,Cast Housing,109,13.08,23,Spot buy,North,1425.72
L01009,2024-07-21,Alpha Fasteners Inc.,Fastener,55,1.87,37,Spot buy,South,102.85
L04957,2024-07-21,Sato Industrial K.K.,Precision Assembly,272,57.46,28,Spot buy,North,15629.12
L06782,2024-07-21,Britewire Ltd.,Fastener,17,2.75,11,Spot buy,South,46.75
L05997,2024-07-21,Britewire Ltd.,Fastener,14,2.47,20,Spot buy,South,34.58
L04400,2024-07-21,Alpha Fasteners Inc.,Formed Wire,75,2.05,22,Blanket release,South,153.75
L05752,2024-07-21,Britewire Ltd.,Formed Wire,40,5.34,24,Spot buy,North,213.6
L03086,2024-07-21,Kwan Precision Ltd.,Precision Assembly,250,36.5,21,Spot buy,South,9125.0
L07866,2024-07-21,Rhein Polymer GmbH,Cast Housing,1810,7.01,20,Blanket release,North,12688.1
L04482,2024-07-21,Kwan Precision Ltd.,Cast Housing,112,18.88,28,Spot buy,South,2114.56
L06839,2024-07-21,Nordic Steel Co.,Cast Housing,99,8.99,19,Blanket release,North,890.01
L03888,2024-07-21,Britewire Ltd.,Fastener,363,0.91,36,Blanket release,North,330.33
L07399,2024-07-21,Kwan Precision Ltd.,Precision Assembly,317,54.99,8,Blanket release,North,17431.83
L00379,2024-07-21,Kwan Precision Ltd.,Precision Assembly,723,55.12,28,Spot buy,North,39851.76
L06595,2024-07-21,Alpha Fasteners Inc.,Fastener,9,2.78,21,Spot buy,South,25.02
L07147,2024-07-21,Britewire Ltd.,Fastener,142,1.04,20,Spot buy,North,147.68
L02048,2024-07-21,Kwan Precision Ltd.,Cast Housing,148,12.51,33,Blanket release,North,1851.48
L07955,2024-07-21,Perez Castings S.A.,Precision Assembly,4796,25.87,39,Blanket release,South,124072.52
L06497,2024-07-21,Alpha Fasteners Inc.,Formed Wire,18,5.47,32,Spot buy,North,98.46
L05627,2024-07-21,Britewire Ltd.,Formed Wire,20,5.52,11,Blanket release,South,110.4
L02550,2024-07-21,Alpha Fasteners Inc.,Fastener,14,2.51,25,Blanket release,North,35.14
L00169,2024-07-21,Alpha Fasteners Inc.,Formed Wire,68,2.64,23,Spot buy,North,179.52
L04775,2024-07-21,Perez Castings S.A.,Cast Housing,164,20.95,22,Spot buy,North,3435.8
L04590,2024-07-21,Britewire Ltd.,Fastener,15,2.78,29,Spot buy,North,41.7
L02580,2024-07-21,Britewire Ltd.,Fastener,11,2.25,21,Spot buy,South,24.75
L05890,2024-07-21,Perez Castings S.A.,Precision Assembly,870,26.15,30,Blanket release,South,22750.5
L05667,2024-07-21,Perez Castings S.A.,Precision Assembly,1175,33.1,21,Spot buy,South,38892.5
L04757,2024-07-21,Britewire Ltd.,Formed Wire,145,2.59,26,Blanket release,South,375.55
L02396,2024-07-21,Alpha Fasteners Inc.,Fastener,32,2.69,19,Spot buy,North,86.08
L03374,2024-07-21,Alpha Fasteners Inc.,Fastener,321,0.81,28,Spot buy,North,260.01
L03058,2024-07-21,Alpha Fasteners Inc.,Formed Wire,39,2.95,11,Blanket release,North,115.05
L07199,2024-07-21,Kwan Precision Ltd.,Precision Assembly,309,50.25,32,Spot buy,South,15527.25
L06196,2024-07-21,Britewire Ltd.,Fastener,8,2.38,20,Blanket release,South,19.04
L00310,2024-07-21,Alpha Fasteners Inc.,Fastener,225,0.87,19,Spot buy,South,195.75
L03811,2024-07-21,Nordic Steel Co.,Formed Wire,28,4.19,29,Blanket release,North,117.32
L02510,2024-07-21,Britewire Ltd.,Fastener,16,1.91,34,Spot buy,South,30.56
L00935,2024-07-21,Alpha Fasteners Inc.,Fastener,25,2.4,16,Blanket release,North,60.0
L01586,2024-07-21,Meridian Tooling (internal),Precision Assembly,267,25.26,23,Spot buy,South,6744.42
L05625,2024-07-21,Nordic Steel Co.,Formed Wire,296,3.39,6,Blanket release,South,1003.44
L05326,2024-07-21,Sato Industrial K.K.,Precision Assembly,450,48.63,10,Spot buy,South,21883.5
L01608,2024-07-21,Perez Castings S.A.,Precision Assembly,1063,29.14,47,Blanket release,North,30975.82
L00494,2024-07-21,Rhein Polymer GmbH,Cast Housing,54,6.32,23,Spot buy,North,341.28
L00495,2024-07-21,Britewire Ltd.,Formed Wire,51,3.47,22,Spot buy,South,176.97
L02765,2024-07-21,Britewire Ltd.,Fastener,147,1.28,10,Spot buy,North,188.16
L07844,2024-07-21,Britewire Ltd.,Formed Wire,6,1.63,20,Blanket release,South,9.78
L01943,2024-07-21,Rhein Polymer GmbH,Precision Assembly,814,27.4,19,Blanket release,North,22303.6
L05350,2024-07-21,Sato Industrial K.K.,Precision Assembly,549,55.68,26,Spot buy,South,30568.32
L03217,2024-07-21,Perez Castings S.A.,Precision Assembly,1647,35.59,37,Blanket release,North,58616.73
L05790,2024-07-21,Britewire Ltd.,Fastener,100,0.67,11,Spot buy,South,67.0
L06152,2024-07-21,Nordic Steel Co.,Formed Wire,11,5.0,15,Blanket release,North,55.0
L00066,2024-07-21,Alpha Fasteners Inc.,Fastener,173,1.88,17,Spot buy,South,325.24
L05567,2024-07-21,Britewire Ltd.,Fastener,10,3.05,19,Spot buy,North,30.5
L04159,2024-07-21,Nordic Steel Co.,Cast Housing,98,10.86,22,Blanket release,North,1064.28
L05401,2024-07-21,Perez Castings S.A.,Cast Housing,1032,6.05,38,Blanket release,North,6243.6
L00628,2024-07-21,Nordic Steel Co.,Formed Wire,98,2.88,26,Blanket release,South,282.24
L00524,2024-07-21,Britewire Ltd.,Fastener,117,1.99,24,Spot buy,North,232.83
L00627,2024-07-21,Alpha Fasteners Inc.,Fastener,14,1.0,6,Spot buy,North,14.0
L05793,2024-07-21,Britewire Ltd.,Fastener,9,2.95,13,Spot buy,North,26.55
L06822,2024-07-21,Alpha Fasteners Inc.,Fastener,13,2.25,17,Spot buy,South,29.25
L00610,2024-07-21,Perez Castings S.A.,Cast Housing,167,8.57,15,Spot buy,South,1431.19
L03172,2024-07-21,Britewire Ltd.,Formed Wire,14,3.12,32,Blanket release,South,43.68
L07078,2024-07-21,Nordic Steel Co.,Cast Housing,226,9.66,29,Blanket release,North,2183.16
L05509,2024-07-21,Britewire Ltd.,Fastener,4,1.94,21,Spot buy,South,7.76
L07280,2024-07-21,Alpha Fasteners Inc.,Formed Wire,44,3.17,42,Spot buy,South,139.48
L03176,2024-07-21,Sato Industrial K.K.,Precision Assembly,195,45.26,22,Blanket release,North,8825.7
L02168,2024-07-21,Britewire Ltd.,Formed Wire,261,2.58,14,Blanket release,North,673.38
L03001,2024-07-21,Britewire Ltd.,Fastener,59,1.38,36,Blanket release,North,81.42
L05824,2024-07-21,Alpha Fasteners Inc.,Formed Wire,106,3.17,6,Blanket release,South,336.02
L02643,2024-07-21,Sato Industrial K.K.,Precision Assembly,636,39.03,37,Blanket release,North,24823.08
L00097,2024-07-21,Alpha Fasteners Inc.,Fastener,294,1.56,27,Spot buy,North,458.64
L00925,2024-07-21,Alpha Fasteners Inc.,Fastener,57,1.26,35,Spot buy,South,71.82
L06447,2024-07-21,Nordic Steel Co.,Cast Housing,257,8.94,38,Blanket release,South,2297.58
L01480,2024-07-21,Alpha Fasteners Inc.,Fastener,18,1.49,32,Spot buy,South,26.82
L03014,2024-07-21,Alpha Fasteners Inc.,Fastener,112,1.12,7,Spot buy,South,125.44
L05617,2024-07-21,Britewire Ltd.,Formed Wire,24,2.47,37,Blanket release,South,59.28
L00895,2024-07-21,Alpha Fasteners Inc.,Fastener,22,2.27,28,Spot buy,North,49.94
L05090,2024-07-21,Alpha Fasteners Inc.,Formed Wire,14,10.06,12,Spot buy,North,140.84
L06888,2024-07-21,Britewire Ltd.,Formed Wire,231,3.01,21,Spot buy,South,695.31
L04328,2024-07-21,Nordic Steel Co.,Formed Wire,259,2.7,32,Blanket release,North,699.3
L00231,2024-07-21,Perez Castings S.A.,Cast Housing,26,8.89,26,Blanket release,North,231.14
L03011,2024-07-21,Nordic Steel Co.,Formed Wire,93,2.34,42,Spot buy,North,217.62
L05122,2024-07-21,Alpha Fasteners Inc.,Fastener,18,2.84,24,Spot buy,North,51.12
L00777,2024-07-21,Sato Industrial K.K.,Precision Assembly,389,40.08,37,Spot buy,South,15591.12
L03138,2024-07-21,Kwan Precision Ltd.,Cast Housing,80,19.25,32,Spot buy,North,1540.0
L03089,2024-07-21,Rhein Polymer GmbH,Cast Housing,38,20.01,26,Blanket release,North,760.38
L01505,2024-07-21,Britewire Ltd.,Fastener,76,1.24,14,Blanket release,South,94.24
L03562,2024-07-21,Britewire Ltd.,Fastener,14,1.97,25,Spot buy,North,27.58
L03228,2024-07-21,Britewire Ltd.,Formed Wire,241,1.71,19,Spot buy,South,412.11
L07184,2024-07-21,Britewire Ltd.,Fastener,19,1.95,32,Spot buy,North,37.05
L03139,2024-07-21,Alpha Fasteners Inc.,Formed Wire,123,4.01,17,Spot buy,North,493.23
L03576,2024-07-21,Alpha Fasteners Inc.,Formed Wire,21,4.18,22,Blanket release,North,87.78
L02124,2024-07-21,Britewire Ltd.,Fastener,31,1.89,22,Spot buy,North,58.59
L02503,2024-07-21,Rhein Polymer GmbH,Precision Assembly,206,40.22,28,Blanket release,South,8285.32
L03973,2024-07-21,Meridian Tooling (internal),Precision Assembly,982,13.98,21,Blanket release,North,13728.36
L07754,2024-07-21,Britewire Ltd.,Fastener,141,1.76,12,Blanket release,South,248.16
L03975,2024-07-21,Perez Castings S.A.,Cast Housing,52,11.69,12,Spot buy,North,607.88
L02367,2024-07-22,Britewire Ltd.,Formed Wire,45,2.01,9,Blanket release,North,90.45
L02106,2024-07-22,Sato Industrial K.K.,Precision Assembly,751,61.1,24,Spot buy,North,45886.1
L03658,2024-07-22,Britewire Ltd.,Fastener,177,1.09,13,Spot buy,North,192.93
L03547,2024-07-22,Kwan Precision Ltd.,Cast Housing,170,13.6,17,Blanket release,North,2312.0
L06860,2024-07-22,Britewire Ltd.,Fastener,21,2.43,14,Spot buy,South,51.03
L03212,2024-07-22,Alpha Fasteners Inc.,Formed Wire,245,1.94,10,Spot buy,South,475.3
L06969,2024-07-22,Perez Castings S.A.,Cast Housing,29,15.27,20,Spot buy,South,442.83
L03356,2024-07-22,Britewire Ltd.,Formed Wire,62,3.09,12,Blanket release,South,191.58
L02363,2024-07-22,Perez Castings S.A.,Cast Housing,133,7.56,34,Spot buy,South,1005.48
L02166,2024-07-22,Rhein Polymer GmbH,Precision Assembly,795,25.31,9,Spot buy,North,20121.45
L03824,2024-07-22,Nordic Steel Co.,Formed Wire,117,3.57,4,Blanket release,North,417.69
L03785,2024-07-22,Alpha Fasteners Inc.,Fastener,19,2.7,29,Spot buy,North,51.3
L03303,2024-07-22,Alpha Fasteners Inc.,Formed Wire,124,1.7,9,Blanket release,North,210.8
L03365,2024-07-22,Nordic Steel Co.,Cast Housing,1306,11.83,27,Spot buy,North,15449.98
L03786,2024-07-22,Perez Castings S.A.,Cast Housing,311,15.85,21,Spot buy,South,4929.35
L07270,2024-07-22,Sato Industrial K.K.,Precision Assembly,542,52.9,30,Spot buy,North,28671.8
L00457,2024-07-22,Alpha Fasteners Inc.,Fastener,38,1.33,19,Spot buy,North,50.54
L03850,2024-07-22,Rhein Polymer GmbH,Precision Assembly,2384,30.21,29,Blanket release,North,72020.64
L07748,2024-07-22,Nordic Steel Co.,Cast Housing,513,14.22,14,Spot buy,South,7294.86
L04198,2024-07-22,Britewire Ltd.,Fastener,32,3.27,17,Spot buy,South,104.64
L02746,2024-07-22,Britewire Ltd.,Formed Wire,21,5.31,30,Spot buy,North,111.51
L05444,2024-07-22,Britewire Ltd.,Fastener,12,3.12,35,Spot buy,South,37.44
L07638,2024-07-22,Perez Castings S.A.,Cast Housing,339,7.01,24,Spot buy,North,2376.39
L03094,2024-07-22,Britewire Ltd.,Fastener,64,2.26,29,Blanket release,South,144.64
L05425,2024-07-22,Britewire Ltd.,Fastener,15,1.44,14,Spot buy,North,21.6
L00632,2024-07-22,Alpha Fasteners Inc.,Fastener,7,9.17,39,Blanket release,South,64.19
L05757,2024-07-22,Britewire Ltd.,Formed Wire,33,5.4,31,Blanket release,South,178.2
L04171,2024-07-22,Britewire Ltd.,Fastener,24,1.29,34,Blanket release,North,30.96
L02974,2024-07-22,Nordic Steel Co.,Formed Wire,56,4.31,14,Spot buy,South,241.36
L07753,2024-07-22,Nordic Steel Co.,Formed Wire,69,2.77,35,Blanket release,South,191.13
L02478,2024-07-22,Alpha Fasteners Inc.,Formed Wire,8,4.88,37,Blanket release,South,39.04
L01067,2024-07-22,Alpha Fasteners Inc.,Formed Wire,136,3.31,19,Blanket release,North,450.16
L00984,2024-07-22,Britewire Ltd.,Formed Wire,16,7.91,23,Blanket release,North,126.56
L01232,2024-07-22,Britewire Ltd.,Formed Wire,40,3.03,21,Blanket release,South,121.2
L01214,2024-07-22,Alpha Fasteners Inc.,Formed Wire,108,2.57,21,Blanket release,North,277.56
L00652,2024-07-22,Alpha Fasteners Inc.,Fastener,8,1.63,11,Blanket release,North,13.04
L00892,2024-07-22,Kwan Precision Ltd.,Precision Assembly,122,40.73,31,Spot buy,North,4969.06
L04868,2024-07-22,Alpha Fasteners Inc.,Fastener,5,2.48,19,Blanket release,North,12.4
L02495,2024-07-22,Alpha Fasteners Inc.,Fastener,79,1.14,23,Spot buy,North,90.06
L00865,2024-07-22,Rhein Polymer GmbH,Cast Housing,363,9.74,24,Spot buy,South,3535.62
L02945,2024-07-22,Alpha Fasteners Inc.,Fastener,26,2.18,22,Blanket release,North,56.68
L02943,2024-07-22,Alpha Fasteners Inc.,Formed Wire,45,2.87,12,Blanket release,South,129.15
L05117,2024-07-22,Britewire Ltd.,Fastener,140,1.5,12,Spot buy,South,210.0
L04399,2024-07-22,Alpha Fasteners Inc.,Fastener,19,2.93,26,Spot buy,South,55.67
L05104,2024-07-22,Nordic Steel Co.,Cast Housing,403,9.05,28,Spot buy,North,3647.15
L05545,2024-07-22,Britewire Ltd.,Formed Wire,84,2.21,33,Blanket release,North,185.64
L01337,2024-07-22,Alpha Fasteners Inc.,Fastener,19,2.0,15,Spot buy,South,38.0
L02513,2024-07-22,Nordic Steel Co.,Formed Wire,79,3.34,13,Spot buy,South,263.86
L01019,2024-07-22,Alpha Fasteners Inc.,Formed Wire,146,2.3,24,Blanket release,North,335.8
L06321,2024-07-22,Britewire Ltd.,Fastener,19,2.14,26,Blanket release,North,40.66
L01485,2024-07-22,Nordic Steel Co.,Formed Wire,38,3.57,8,Spot buy,South,135.66
L00888,2024-07-22,Nordic Steel Co.,Cast Housing,357,15.11,21,Blanket release,South,5394.27
L07713,2024-07-22,Perez Castings S.A.,Cast Housing,178,8.93,25,Spot buy,South,1589.54
L04302,2024-07-22,Alpha Fasteners Inc.,Formed Wire,162,3.9,19,Spot buy,North,631.8
L04301,2024-07-22,Rhein Polymer GmbH,Precision Assembly,1442,43.06,29,Spot buy,North,62092.52
L07047,2024-07-22,Britewire Ltd.,Fastener,74,1.13,28,Blanket release,South,83.62
L01043,2024-07-22,Alpha Fasteners Inc.,Fastener,67,2.69,27,Spot buy,North,180.23
L04288,2024-07-22,Meridian Tooling (internal),Cast Housing,152,3.59,33,Blanket release,North,545.68
L00400,2024-07-22,Alpha Fasteners Inc.,Formed Wire,30,4.71,5,Blanket release,North,141.3
L04570,2024-07-22,Britewire Ltd.,Formed Wire,273,4.2,16,Spot buy,South,1146.6
L00230,2024-07-22,Perez Castings S.A.,Precision Assembly,1946,31.95,20,Spot buy,North,62174.7
L04972,2024-07-22,Perez Castings S.A.,Precision Assembly,715,27.42,33,Blanket release,South,19605.3
L06087,2024-07-22,Britewire Ltd.,Formed Wire,361,2.37,26,Spot buy,South,855.57
L07789,2024-07-22,Perez Castings S.A.,Precision Assembly,463,35.66,28,Blanket release,North,16510.58
L06460,2024-07-22,Perez Castings S.A.,Precision Assembly,106,46.24,23,Blanket release,South,4901.44
L00098,2024-07-22,Sato Industrial K.K.,Precision Assembly,908,54.58,36,Spot buy,South,49558.64
L03982,2024-07-22,Kwan Precision Ltd.,Cast Housing,27,9.0,31,Blanket release,South,243.0
L02847,2024-07-22,Perez Castings S.A.,Cast Housing,346,7.48,24,Blanket release,South,2588.08
L05972,2024-07-22,Alpha Fasteners Inc.,Fastener,18,2.91,41,Spot buy,South,52.38
L06180,2024-07-22,Nordic Steel Co.,Formed Wire,24,3.71,14,Blanket release,South,89.04
L00016,2024-07-22,Alpha Fasteners Inc.,Fastener,48,3.23,2,Blanket release,North,155.04
L04804,2024-07-22,Alpha Fasteners Inc.,Fastener,336,1.18,24,Spot buy,North,396.48
L02822,2024-07-22,Britewire Ltd.,Fastener,69,1.46,16,Spot buy,South,100.74
L07662,2024-07-22,Alpha Fasteners Inc.,Formed Wire,113,2.92,30,Blanket release,North,329.96
L01097,2024-07-22,Britewire Ltd.,Fastener,12,2.31,28,Spot buy,North,27.72
L01164,2024-07-22,Kwan Precision Ltd.,Cast Housing,212,15.2,22,Spot buy,North,3222.4
L04112,2024-07-22,Sato Industrial K.K.,Precision Assembly,114,38.41,40,Blanket release,North,4378.74
L01728,2024-07-22,Britewire Ltd.,Formed Wire,122,3.16,31,Spot buy,South,385.52
L03907,2024-07-22,Nordic Steel Co.,Formed Wire,120,3.85,17,Blanket release,South,462.0
L01833,2024-07-22,Alpha Fasteners Inc.,Fastener,21,2.59,30,Spot buy,North,54.39
L05902,2024-07-22,Britewire Ltd.,Fastener,38,3.15,14,Spot buy,North,119.7
L05021,2024-07-22,Britewire Ltd.,Fastener,21,2.99,43,Spot buy,South,62.79
L03898,2024-07-22,Alpha Fasteners Inc.,Fastener,3,2.93,36,Spot buy,North,8.79
L06741,2024-07-22,Kwan Precision Ltd.,Precision Assembly,49,67.97,28,Spot buy,South,3330.53
L04985,2024-07-22,Nordic Steel Co.,Cast Housing,275,5.69,40,Blanket release,North,1564.75
L07928,2024-07-22,Britewire Ltd.,Fastener,3,4.38,32,Spot buy,South,13.14
L03866,2024-07-22,Britewire Ltd.,Fastener,41,2.12,26,Spot buy,South,86.92
L01101,2024-07-22,Alpha Fasteners Inc.,Fastener,44,1.7,17,Spot buy,North,74.8
L01178,2024-07-22,Britewire Ltd.,Fastener,45,0.75,28,Spot buy,North,33.75
L06465,2024-07-22,Nordic Steel Co.,Formed Wire,62,2.36,28,Blanket release,North,146.32
L02772,2024-07-22,Alpha Fasteners Inc.,Formed Wire,116,4.53,22,Spot buy,South,525.48
L01170,2024-07-22,Britewire Ltd.,Fastener,28,1.59,14,Spot buy,North,44.52
L00822,2024-07-22,Alpha Fasteners Inc.,Fastener,7,5.85,18,Spot buy,North,40.95
L05520,2024-07-23,Nordic Steel Co.,Formed Wire,142,4.17,21,Spot buy,South,592.14
L00661,2024-07-23,Britewire Ltd.,Formed Wire,63,4.15,32,Spot buy,North,261.45
L04824,2024-07-23,Kwan Precision Ltd.,Cast Housing,88,20.23,20,Spot buy,South,1780.24
L07776,2024-07-23,Perez Castings S.A.,Precision Assembly,174,41.7,18,Spot buy,South,7255.8
L03478,2024-07-23,Britewire Ltd.,Fastener,34,1.04,17,Spot buy,North,35.36
L01348,2024-07-23,Rhein Polymer GmbH,Cast Housing,40,16.37,4,Blanket release,North,654.8
L05222,2024-07-23,Britewire Ltd.,Fastener,26,1.25,28,Blanket release,North,32.5
L03664,2024-07-23,Alpha Fasteners Inc.,Fastener,83,1.95,17,Blanket release,South,161.85
L04537,2024-07-23,Alpha Fasteners Inc.,Formed Wire,34,3.33,23,Spot buy,North,113.22
L02645,2024-07-23,Alpha Fasteners Inc.,Formed Wire,111,1.87,27,Blanket release,North,207.57
L01994,2024-07-23,Nordic Steel Co.,Formed Wire,16,4.11,18,Blanket release,South,65.76
L03585,2024-07-23,Alpha Fasteners Inc.,Fastener,14,1.87,6,Spot buy,North,26.18
L04560,2024-07-23,Alpha Fasteners Inc.,Fastener,67,2.13,8,Blanket release,South,142.71
L06863,2024-07-23,Meridian Tooling (internal),Cast Housing,947,5.08,31,Spot buy,North,4810.76
L01071,2024-07-23,Britewire Ltd.,Fastener,45,2.31,11,Spot buy,South,103.95
L01218,2024-07-23,Nordic Steel Co.,Cast Housing,156,8.9,31,Blanket release,North,1388.4
L07604,2024-07-23,Perez Castings S.A.,Cast Housing,473,10.48,33,Blanket release,North,4957.04
L04772,2024-07-23,Alpha Fasteners Inc.,Fastener,87,2.46,15,Blanket release,South,214.02
L04672,2024-07-23,Alpha Fasteners Inc.,Formed Wire,54,5.26,36,Blanket release,South,284.04
L01078,2024-07-23,Rhein Polymer GmbH,Cast Housing,509,9.72,21,Blanket release,North,4947.48
L02630,2024-07-23,Kwan Precision Ltd.,Cast Housing,174,11.84,32,Blanket release,North,2060.16
L01163,2024-07-23,Britewire Ltd.,Fastener,48,1.12,24,Spot buy,North,53.76
L04603,2024-07-23,Perez Castings S.A.,Cast Housing,417,5.66,29,Spot buy,North,2360.22
L07195,2024-07-23,Alpha Fasteners Inc.,Fastener,8,3.15,14,Spot buy,South,25.2
L05313,2024-07-23,Alpha Fasteners Inc.,Fastener,21,2.44,18,Spot buy,North,51.24
L07623,2024-07-23,Kwan Precision Ltd.,Cast Housing,302,17.32,31,Spot buy,South,5230.64
L02689,2024-07-23,Meridian Tooling (internal),Cast Housing,351,4.33,25,Blanket release,North,1519.83
L07827,2024-07-23,Alpha Fasteners Inc.,Fastener,4,1.8,10,Spot buy,South,7.2
L01127,2024-07-23,Nordic Steel Co.,Formed Wire,38,4.41,22,Spot buy,North,167.58
L07694,2024-07-23,Rhein Polymer GmbH,Cast Housing,187,9.43,21,Blanket release,South,1763.41
L03847,2024-07-23,Nordic Steel Co.,Formed Wire,51,3.69,28,Blanket release,South,188.19
L05560,2024-07-23,Kwan Precision Ltd.,Precision Assembly,645,39.83,9,Spot buy,North,25690.35
L04481,2024-07-23,Nordic Steel Co.,Formed Wire,399,1.9,28,Blanket release,South,758.1
L07299,2024-07-23,Alpha Fasteners Inc.,Formed Wire,30,4.36,25,Blanket release,North,130.8
L05043,2024-07-23,Rhein Polymer GmbH,Cast Housing,719,12.54,2,Blanket release,North,9016.26
L07267,2024-07-23,Britewire Ltd.,Formed Wire,40,2.87,26,Blanket release,North,114.8
L07297,2024-07-23,Perez Castings S.A.,Precision Assembly,165,26.68,30,Blanket release,North,4402.2
L06820,2024-07-23,Alpha Fasteners Inc.,Fastener,12,3.54,26,Spot buy,South,42.48
L07293,2024-07-23,Nordic Steel Co.,Formed Wire,60,4.85,10,Spot buy,North,291.0
L04093,2024-07-23,Alpha Fasteners Inc.,Fastener,39,1.1,10,Spot buy,North,42.9
L01702,2024-07-23,Britewire Ltd.,Fastener,26,2.88,25,Spot buy,South,74.88
L05917,2024-07-23,Sato Industrial K.K.,Precision Assembly,437,43.53,27,Spot buy,South,19022.61
L03367,2024-07-23,Nordic Steel Co.,Cast Housing,409,9.44,16,Spot buy,North,3860.96
L03633,2024-07-23,Kwan Precision Ltd.,Cast Housing,119,9.51,16,Blanket release,North,1131.69
L02620,2024-07-23,Alpha Fasteners Inc.,Fastener,24,1.44,21,Blanket release,North,34.56
L03358,2024-07-23,Kwan Precision Ltd.,Precision Assembly,725,37.83,29,Blanket release,South,27426.75
L06759,2024-07-23,Alpha Fasteners Inc.,Fastener,395,0.98,19,Spot buy,South,387.1
L02836,2024-07-23,Britewire Ltd.,Fastener,29,1.32,43,Spot buy,North,38.28
L03946,2024-07-23,Alpha Fasteners Inc.,Fastener,40,1.75,40,Spot buy,North,70.0
L06962,2024-07-23,Nordic Steel Co.,Formed Wire,68,4.32,28,Blanket release,North,293.76
L02313,2024-07-23,Alpha Fasteners Inc.,Fastener,45,1.35,34,Spot buy,North,60.75
L07977,2024-07-23,Perez Castings S.A.,Cast Housing,623,10.24,27,Spot buy,North,6379.52
L06882,2024-07-23,Nordic Steel Co.,Formed Wire,119,3.42,30,Blanket release,North,406.98
L03197,2024-07-23,Rhein Polymer GmbH,Cast Housing,66,10.98,31,Blanket release,South,724.68
L02429,2024-07-23,Britewire Ltd.,Fastener,38,0.86,9,Spot buy,North,32.68
L02435,2024-07-23,Rhein Polymer GmbH,Cast Housing,113,13.98,17,Spot buy,North,1579.74
L06798,2024-07-23,Perez Castings S.A.,Precision Assembly,119,37.37,22,Blanket release,South,4447.03
L03320,2024-07-23,Britewire Ltd.,Fastener,14,3.23,31,Spot buy,North,45.22
L02819,2024-07-23,Britewire Ltd.,Fastener,64,1.41,12,Spot buy,North,90.24
L00263,2024-07-23,Kwan Precision Ltd.,Cast Housing,943,8.32,36,Spot buy,North,7845.76
L06975,2024-07-23,Britewire Ltd.,Fastener,18,2.51,11,Spot buy,North,45.18
L03393,2024-07-23,Alpha Fasteners Inc.,Formed Wire,60,2.47,20,Blanket release,North,148.2
L00313,2024-07-23,Britewire Ltd.,Formed Wire,35,3.27,17,Spot buy,South,114.45
L05105,2024-07-23,Alpha Fasteners Inc.,Fastener,3,1.35,12,Spot buy,North,4.05
L07163,2024-07-23,Perez Castings S.A.,Cast Housing,3324,5.04,37,Blanket release,South,16752.96
L03132,2024-07-23,Kwan Precision Ltd.,Cast Housing,129,9.97,33,Spot buy,North,1286.13
L02514,2024-07-23,Perez Castings S.A.,Cast Housing,1184,7.07,11,Blanket release,North,8370.88
L03456,2024-07-23,Rhein Polymer GmbH,Precision Assembly,554,33.56,13,Blanket release,North,18592.24
L07422,2024-07-23,Kwan Precision Ltd.,Precision Assembly,798,45.97,35,Spot buy,South,36684.06
L01460,2024-07-23,Kwan Precision Ltd.,Cast Housing,541,12.44,21,Spot buy,North,6730.04
L04918,2024-07-23,Britewire Ltd.,Fastener,7,1.81,21,Spot buy,South,12.67
L06998,2024-07-23,Britewire Ltd.,Fastener,52,2.48,13,Spot buy,North,128.96
L06498,2024-07-23,Britewire Ltd.,Fastener,15,1.41,33,Spot buy,North,21.15
L00424,2024-07-23,Britewire Ltd.,Fastener,118,1.76,20,Spot buy,South,207.68
L00415,2024-07-23,Alpha Fasteners Inc.,Formed Wire,1407,2.48,17,Spot buy,North,3489.36
L03768,2024-07-23,Britewire Ltd.,Fastener,125,2.03,25,Spot buy,North,253.75
L05801,2024-07-23,Rhein Polymer GmbH,Cast Housing,1356,7.19,35,Blanket release,South,9749.64
L04295,2024-07-23,Rhein Polymer GmbH,Cast Housing,758,9.36,39,Spot buy,South,7094.88
L04946,2024-07-23,Rhein Polymer GmbH,Cast Housing,163,8.79,22,Blanket release,South,1432.77
L07226,2024-07-23,Alpha Fasteners Inc.,Formed Wire,546,3.01,26,Spot buy,South,1643.46
L04169,2024-07-23,Perez Castings S.A.,Cast Housing,635,10.39,28,Blanket release,South,6597.65
L00338,2024-07-23,Britewire Ltd.,Fastener,4,4.83,17,Spot buy,North,19.32
L00341,2024-07-23,Alpha Fasteners Inc.,Fastener,78,2.61,23,Spot buy,North,203.58
L05741,2024-07-23,Britewire Ltd.,Formed Wire,91,1.45,24,Blanket release,South,131.95
L05734,2024-07-23,Perez Castings S.A.,Cast Housing,595,12.37,24,Blanket release,North,7360.15
L03426,2024-07-23,Nordic Steel Co.,Cast Housing,71,20.72,21,Blanket release,North,1471.12
L01606,2024-07-23,Alpha Fasteners Inc.,Fastener,88,1.12,32,Spot buy,North,98.56
L01605,2024-07-23,Rhein Polymer GmbH,Precision Assembly,1560,29.14,34,Blanket release,South,45458.4
L01592,2024-07-23,Rhein Polymer GmbH,Precision Assembly,160,48.87,24,Spot buy,North,7819.2
L00988,2024-07-23,Nordic Steel Co.,Formed Wire,109,2.11,27,Spot buy,North,229.99
L07005,2024-07-23,Britewire Ltd.,Fastener,16,3.41,27,Spot buy,South,54.56
L00818,2024-07-23,Perez Castings S.A.,Precision Assembly,1147,32.92,31,Spot buy,South,37759.24
L07756,2024-07-24,Alpha Fasteners Inc.,Fastener,175,1.45,27,Spot buy,North,253.75
L06883,2024-07-24,Kwan Precision Ltd.,Cast Housing,281,6.97,28,Blanket release,North,1958.57
L00830,2024-07-24,Britewire Ltd.,Formed Wire,43,4.16,26,Blanket release,South,178.88
L05162,2024-07-24,Perez Castings S.A.,Cast Housing,2132,8.6,18,Blanket release,North,18335.2
L03474,2024-07-24,Britewire Ltd.,Formed Wire,54,3.13,16,Spot buy,South,169.02
L06416,2024-07-24,Alpha Fasteners Inc.,Fastener,17,2.76,6,Blanket release,South,46.92
L05596,2024-07-24,Alpha Fasteners Inc.,Formed Wire,178,2.95,24,Blanket release,North,525.1
L05600,2024-07-24,Nordic Steel Co.,Formed Wire,32,6.97,24,Spot buy,North,223.04
L03443,2024-07-24,Britewire Ltd.,Formed Wire,74,3.69,28,Blanket release,North,273.06
L05669,2024-07-24,Nordic Steel Co.,Formed Wire,67,5.55,16,Spot buy,North,371.85
L07876,2024-07-24,Alpha Fasteners Inc.,Formed Wire,9,6.33,24,Blanket release,North,56.97
L06270,2024-07-24,Britewire Ltd.,Fastener,33,1.49,25,Blanket release,North,49.17
L00363,2024-07-24,Nordic Steel Co.,Formed Wire,60,2.59,13,Blanket release,South,155.4
L00270,2024-07-24,Britewire Ltd.,Fastener,24,3.06,29,Spot buy,North,73.44
L00257,2024-07-24,Alpha Fasteners Inc.,Formed Wire,104,3.59,8,Blanket release,North,373.36
L07935,2024-07-24,Britewire Ltd.,Fastener,32,2.32,16,Spot buy,North,74.24
L00175,2024-07-24,Nordic Steel Co.,Cast Housing,102,9.19,7,Blanket release,South,937.38
L02784,2024-07-24,Perez Castings S.A.,Cast Housing,209,14.0,9,Blanket release,North,2926.0
L02786,2024-07-24,Alpha Fasteners Inc.,Fastener,22,1.88,17,Spot buy,South,41.36
L06006,2024-07-24,Britewire Ltd.,Fastener,21,2.24,17,Spot buy,North,47.04
L06151,2024-07-24,Alpha Fasteners Inc.,Fastener,43,1.68,29,Spot buy,North,72.24
L06106,2024-07-24,Nordic Steel Co.,Cast Housing,1361,8.25,27,Blanket release,North,11228.25
L06136,2024-07-24,Alpha Fasteners Inc.,Formed Wire,77,2.8,16,Spot buy,South,215.6
L07846,2024-07-24,Britewire Ltd.,Fastener,24,2.69,26,Blanket release,South,64.56
L00821,2024-07-24,Alpha Fasteners Inc.,Fastener,197,0.69,25,Blanket release,South,135.93
L05574,2024-07-24,Rhein Polymer GmbH,Precision Assembly,1206,35.76,19,Spot buy,North,43126.56
L03477,2024-07-24,Britewire Ltd.,Formed Wire,66,4.35,24,Blanket release,South,287.1
L06398,2024-07-24,Nordic Steel Co.,Cast Housing,575,9.87,16,Spot buy,North,5675.25
L05257,2024-07-24,Britewire Ltd.,Fastener,25,2.17,18,Spot buy,South,54.25
L05272,2024-07-24,Nordic Steel Co.,Formed Wire,97,5.22,18,Spot buy,North,506.34
L03279,2024-07-24,Britewire Ltd.,Fastener,18,1.94,18,Spot buy,North,34.92
L02653,2024-07-24,Britewire Ltd.,Fastener,61,4.79,8,Spot buy,North,292.19
L00712,2024-07-24,Rhein Polymer GmbH,Cast Housing,129,13.29,32,Blanket release,South,1714.41
L06376,2024-07-24,Kwan Precision Ltd.,Cast Housing,303,12.59,24,Blanket release,North,3814.77
L02163,2024-07-24,Alpha Fasteners Inc.,Formed Wire,125,2.43,27,Blanket release,North,303.75
L00655,2024-07-24,Alpha Fasteners Inc.,Fastener,29,1.24,20,Spot buy,South,35.96
L02980,2024-07-24,Alpha Fasteners Inc.,Fastener,14,1.73,9,Spot buy,North,24.22
L03517,2024-07-24,Rhein Polymer GmbH,Cast Housing,48,17.61,26,Spot buy,North,845.28
L00643,2024-07-24,Rhein Polymer GmbH,Cast Housing,330,8.3,16,Blanket release,North,2739.0
L06352,2024-07-24,Meridian Tooling (internal),Precision Assembly,896,20.84,24,Spot buy,South,18672.64
L02181,2024-07-24,Britewire Ltd.,Formed Wire,45,4.04,23,Spot buy,South,181.8
L02187,2024-07-24,Nordic Steel Co.,Formed Wire,79,2.75,22,Blanket release,North,217.25
L00595,2024-07-24,Britewire Ltd.,Fastener,27,1.62,21,Spot buy,North,43.74
L00584,2024-07-24,Perez Castings S.A.,Precision Assembly,88,38.21,39,Blanket release,South,3362.48
L07839,2024-07-24,Nordic Steel Co.,Cast Housing,157,14.0,29,Spot buy,North,2198.0
L00963,2024-07-24,Nordic Steel Co.,Cast Housing,342,6.76,13,Blanket release,South,2311.92
L06454,2024-07-24,Alpha Fasteners Inc.,Fastener,113,1.18,24,Spot buy,South,133.34
L02613,2024-07-24,Meridian Tooling (internal),Cast Housing,425,4.31,16,Blanket release,South,1831.75
L04052,2024-07-24,Britewire Ltd.,Fastener,401,1.21,30,Spot buy,South,485.21
L07489,2024-07-24,Britewire Ltd.,Fastener,71,2.0,4,Spot buy,South,142.0
L06988,2024-07-24,Rhein Polymer GmbH,Cast Housing,701,5.24,29,Spot buy,South,3673.24
L02459,2024-07-24,Alpha Fasteners Inc.,Fastener,13,2.89,22,Spot buy,South,37.57
L04268,2024-07-24,Nordic Steel Co.,Formed Wire,232,3.52,34,Blanket release,North,816.64
L06735,2024-07-24,Britewire Ltd.,Fastener,100,0.88,26,Blanket release,North,88.0
L04880,2024-07-24,Alpha Fasteners Inc.,Fastener,42,1.97,29,Blanket release,North,82.74
L01925,2024-07-24,Britewire Ltd.,Fastener,79,1.34,40,Spot buy,North,105.86
L01671,2024-07-24,Alpha Fasteners Inc.,Formed Wire,22,2.97,4,Blanket release,South,65.34
L01184,2024-07-24,Alpha Fasteners Inc.,Fastener,16,3.29,40,Spot buy,South,52.64
L04854,2024-07-24,Sato Industrial K.K.,Precision Assembly,2276,42.79,36,Spot buy,North,97390.04
L01095,2024-07-24,Perez Castings S.A.,Cast Housing,39,9.97,14,Spot buy,South,388.83
L06824,2024-07-24,Perez Castings S.A.,Precision Assembly,169,40.11,32,Spot buy,South,6778.59
L07549,2024-07-24,Perez Castings S.A.,Cast Housing,116,11.09,19,Spot buy,North,1286.44
L06825,2024-07-24,Perez Castings S.A.,Precision Assembly,97,32.65,26,Blanket release,North,3167.05
L01507,2024-07-24,Britewire Ltd.,Fastener,19,3.06,31,Spot buy,North,58.14
L02583,2024-07-24,Sato Industrial K.K.,Precision Assembly,760,41.63,16,Blanket release,North,31638.8
L04193,2024-07-24,Alpha Fasteners Inc.,Fastener,20,1.53,26,Blanket release,North,30.6
L01521,2024-07-24,Rhein Polymer GmbH,Cast Housing,392,9.82,24,Spot buy,North,3849.44
L03052,2024-07-24,Kwan Precision Ltd.,Cast Housing,127,12.98,4,Blanket release,North,1648.46
L07653,2024-07-24,Britewire Ltd.,Fastener,863,0.91,20,Blanket release,South,785.33
L03130,2024-07-24,Alpha Fasteners Inc.,Fastener,115,2.26,22,Spot buy,North,259.9
L01423,2024-07-24,Kwan Precision Ltd.,Cast Housing,34,18.49,28,Spot buy,North,628.66
L01330,2024-07-24,Britewire Ltd.,Formed Wire,153,2.4,13,Blanket release,North,367.2
L01866,2024-07-24,Alpha Fasteners Inc.,Fastener,11,2.93,23,Blanket release,North,32.23
L07046,2024-07-24,Britewire Ltd.,Formed Wire,137,2.75,20,Spot buy,North,376.75
L02089,2024-07-24,Nordic Steel Co.,Cast Housing,402,12.54,20,Spot buy,South,5041.08
L06791,2024-07-24,Perez Castings S.A.,Cast Housing,788,8.55,25,Spot buy,South,6737.4
L06841,2024-07-24,Alpha Fasteners Inc.,Formed Wire,167,2.84,3,Spot buy,South,474.28
L03695,2024-07-24,Meridian Tooling (internal),Cast Housing,342,4.23,18,Spot buy,South,1446.66
L01890,2024-07-24,Alpha Fasteners Inc.,Fastener,17,2.39,20,Spot buy,North,40.63
L03104,2024-07-24,Alpha Fasteners Inc.,Formed Wire,47,3.17,21,Spot buy,North,148.99
L03835,2024-07-24,Alpha Fasteners Inc.,Fastener,22,4.6,40,Spot buy,North,101.2
L07052,2024-07-24,Alpha Fasteners Inc.,Fastener,60,1.42,16,Blanket release,North,85.2
L04459,2024-07-24,Rhein Polymer GmbH,Cast Housing,554,12.91,16,Spot buy,North,7152.14
L03088,2024-07-24,Alpha Fasteners Inc.,Formed Wire,11,3.15,18,Blanket release,South,34.65
L03933,2024-07-24,Britewire Ltd.,Fastener,84,2.42,22,Spot buy,South,203.28
L02011,2024-07-24,Britewire Ltd.,Fastener,127,2.08,22,Spot buy,North,264.16
L03967,2024-07-24,Kwan Precision Ltd.,Cast Housing,112,14.1,24,Spot buy,South,1579.2
L04383,2024-07-25,Britewire Ltd.,Fastener,49,1.87,39,Spot buy,North,91.63
L00410,2024-07-25,Nordic Steel Co.,Formed Wire,417,2.23,17,Blanket release,North,929.91
L03289,2024-07-25,Perez Castings S.A.,Cast Housing,91,12.71,37,Spot buy,North,1156.61
L02927,2024-07-25,Britewire Ltd.,Fastener,22,1.81,19,Spot buy,North,39.82
L00428,2024-07-25,Rhein Polymer GmbH,Cast Housing,988,10.44,20,Blanket release,North,10314.72
L06322,2024-07-25,Kwan Precision Ltd.,Precision Assembly,174,37.89,33,Blanket release,South,6592.86
L00444,2024-07-25,Britewire Ltd.,Formed Wire,94,1.88,20,Blanket release,North,176.72
L05558,2024-07-25,Alpha Fasteners Inc.,Formed Wire,260,1.96,26,Blanket release,South,509.6
L04305,2024-07-25,Kwan Precision Ltd.,Cast Housing,187,11.68,7,Spot buy,South,2184.16
L06938,2024-07-25,Britewire Ltd.,Fastener,73,1.51,12,Spot buy,North,110.23
L05548,2024-07-25,Britewire Ltd.,Fastener,17,1.94,11,Spot buy,South,32.98
L00528,2024-07-25,Alpha Fasteners Inc.,Fastener,18,2.93,15,Spot buy,North,52.74
L07841,2024-07-25,Alpha Fasteners Inc.,Fastener,110,1.0,26,Blanket release,North,110.0
L01379,2024-07-25,Alpha Fasteners Inc.,Formed Wire,17,3.58,2,Blanket release,North,60.86
L00968,2024-07-25,Perez Castings S.A.,Cast Housing,414,13.56,22,Blanket release,North,5613.84
L02716,2024-07-25,Britewire Ltd.,Fastener,276,1.19,32,Spot buy,North,328.44
L01468,2024-07-25,Kwan Precision Ltd.,Cast Housing,929,13.64,24,Blanket release,North,12671.56
L04180,2024-07-25,Alpha Fasteners Inc.,Formed Wire,68,2.96,28,Blanket release,South,201.28
L07881,2024-07-25,Britewire Ltd.,Fastener,22,1.43,13,Spot buy,South,31.46
L04026,2024-07-25,Britewire Ltd.,Formed Wire,37,2.4,22,Blanket release,North,88.8
L04025,2024-07-25,Sato Industrial K.K.,Precision Assembly,632,41.92,22,Spot buy,North,26493.44
L03994,2024-07-25,Nordic Steel Co.,Formed Wire,78,3.6,18,Blanket release,South,280.8
L02840,2024-07-25,Kwan Precision Ltd.,Cast Housing,534,7.75,14,Blanket release,South,4138.5
L06035,2024-07-25,Alpha Fasteners Inc.,Formed Wire,114,2.57,32,Blanket release,North,292.98
L06046,2024-07-25,Britewire Ltd.,Fastener,162,0.86,33,Spot buy,North,139.32
L02859,2024-07-25,Alpha Fasteners Inc.,Fastener,23,2.66,4,Spot buy,North,61.18
L02443,2024-07-25,Perez Castings S.A.,Precision Assembly,97,47.18,27,Spot buy,South,4576.46
L06068,2024-07-25,Britewire Ltd.,Fastener,29,1.65,22,Spot buy,South,47.85
L06142,2024-07-25,Perez Castings S.A.,Cast Housing,65,8.02,21,Spot buy,North,521.3
L06140,2024-07-25,Nordic Steel Co.,Formed Wire,123,2.26,2,Blanket release,South,277.98
L07274,2024-07-25,Rhein Polymer GmbH,Cast Housing,323,11.32,21,Spot buy,North,3656.36
L02330,2024-07-25,Nordic Steel Co.,Formed Wire,156,2.62,17,Spot buy,North,408.72
L06804,2024-07-25,Alpha Fasteners Inc.,Fastener,86,1.17,13,Blanket release,South,100.62
L07980,2024-07-25,Britewire Ltd.,Formed Wire,117,2.24,20,Blanket release,North,262.08
L05909,2024-07-25,Perez Castings S.A.,Cast Housing,188,7.43,35,Spot buy,North,1396.84
L02420,2024-07-25,Alpha Fasteners Inc.,Formed Wire,462,2.79,15,Spot buy,South,1288.98
L04105,2024-07-25,Perez Castings S.A.,Cast Housing,15,12.94,30,Blanket release,South,194.1
L07882,2024-07-25,Britewire Ltd.,Formed Wire,8,6.27,28,Blanket release,North,50.16
L01553,2024-07-25,Alpha Fasteners Inc.,Formed Wire,252,1.64,33,Blanket release,North,413.28
L00372,2024-07-25,Rhein Polymer GmbH,Cast Housing,504,5.44,26,Blanket release,South,2741.76
L00347,2024-07-25,Alpha Fasteners Inc.,Formed Wire,86,2.53,9,Blanket release,North,217.58
L02749,2024-07-25,Alpha Fasteners Inc.,Formed Wire,17,6.28,17,Blanket release,North,106.76
L04182,2024-07-25,Britewire Ltd.,Formed Wire,30,4.31,22,Blanket release,South,129.3
L00565,2024-07-25,Alpha Fasteners Inc.,Formed Wire,34,3.63,13,Blanket release,South,123.42
L02262,2024-07-25,Britewire Ltd.,Formed Wire,57,2.21,14,Spot buy,North,125.97
L06236,2024-07-25,Nordic Steel Co.,Formed Wire,34,4.86,20,Spot buy,South,165.24
L07514,2024-07-25,Alpha Fasteners Inc.,Formed Wire,126,3.48,15,Blanket release,North,438.48
L05808,2024-07-25,Alpha Fasteners Inc.,Fastener,69,1.66,18,Spot buy,South,114.54
L04121,2024-07-25,Alpha Fasteners Inc.,Formed Wire,41,2.78,6,Spot buy,North,113.98
L01665,2024-07-25,Nordic Steel Co.,Formed Wire,230,2.48,22,Spot buy,North,570.4
L00248,2024-07-25,Britewire Ltd.,Formed Wire,31,2.86,2,Blanket release,North,88.66
L05827,2024-07-25,Rhein Polymer GmbH,Cast Housing,81,16.9,9,Spot buy,South,1368.9
L05672,2024-07-25,Perez Castings S.A.,Precision Assembly,475,23.45,49,Blanket release,South,11138.75
L07167,2024-07-25,Britewire Ltd.,Fastener,61,0.88,31,Blanket release,North,53.68
L04773,2024-07-25,Nordic Steel Co.,Formed Wire,229,2.38,25,Blanket release,South,545.02
L03246,2024-07-25,Alpha Fasteners Inc.,Formed Wire,190,1.81,25,Blanket release,North,343.9
L05298,2024-07-25,Britewire Ltd.,Fastener,4,3.08,29,Spot buy,South,12.32
L05296,2024-07-25,Rhein Polymer GmbH,Cast Housing,64,11.41,2,Blanket release,North,730.24
L06869,2024-07-25,Britewire Ltd.,Formed Wire,49,3.43,23,Spot buy,South,168.07
L00766,2024-07-25,Alpha Fasteners Inc.,Fastener,3,1.67,29,Blanket release,North,5.01
L04828,2024-07-25,Britewire Ltd.,Formed Wire,212,2.16,19,Spot buy,North,457.92
L05207,2024-07-25,Perez Castings S.A.,Precision Assembly,4185,33.08,36,Spot buy,North,138439.8
L06408,2024-07-25,Britewire Ltd.,Fastener,42,1.54,22,Spot buy,North,64.68
L06845,2024-07-25,Britewire Ltd.,Fastener,30,3.18,21,Spot buy,South,95.4
L00827,2024-07-25,Meridian Tooling (internal),Cast Housing,347,7.25,19,Spot buy,North,2515.75
L01060,2024-07-25,Britewire Ltd.,Fastener,206,1.4,21,Spot buy,South,288.4
L07402,2024-07-25,Rhein Polymer GmbH,Precision Assembly,147,42.47,30,Blanket release,North,6243.09
L06483,2024-07-25,Alpha Fasteners Inc.,Formed Wire,111,3.71,21,Spot buy,South,411.81
L03646,2024-07-25,Meridian Tooling (internal),Precision Assembly,897,18.56,39,Blanket release,South,16648.32
L07057,2024-07-25,Alpha Fasteners Inc.,Fastener,2,6.06,21,Spot buy,South,12.12
L06885,2024-07-25,Britewire Ltd.,Fastener,27,2.9,27,Spot buy,North,78.3
L03260,2024-07-25,Alpha Fasteners Inc.,Fastener,11,2.94,4,Spot buy,North,32.34
L04967,2024-07-25,Rhein Polymer GmbH,Cast Housing,521,7.2,30,Spot buy,South,3751.2
L00931,2024-07-25,Perez Castings S.A.,Precision Assembly,501,28.01,21,Blanket release,South,14033.01
L00978,2024-07-25,Kwan Precision Ltd.,Cast Housing,211,6.19,42,Spot buy,South,1306.09
L04969,2024-07-25,Rhein Polymer GmbH,Cast Housing,876,7.42,31,Blanket release,North,6499.92
L02617,2024-07-25,Alpha Fasteners Inc.,Formed Wire,39,4.62,26,Blanket release,North,180.18
L03631,2024-07-25,Britewire Ltd.,Fastener,26,3.11,19,Spot buy,South,80.86
L05129,2024-07-25,Rhein Polymer GmbH,Precision Assembly,1361,33.28,25,Spot buy,South,45294.08
L00678,2024-07-25,Alpha Fasteners Inc.,Fastener,13,1.44,26,Spot buy,South,18.72
L00810,2024-07-25,Britewire Ltd.,Fastener,12,1.7,8,Spot buy,South,20.4
L00665,2024-07-25,Sato Industrial K.K.,Precision Assembly,740,36.52,38,Blanket release,North,27024.8
L03521,2024-07-25,Sato Industrial K.K.,Precision Assembly,499,34.29,44,Spot buy,North,17110.71
L05421,2024-07-25,Rhein Polymer GmbH,Precision Assembly,356,38.34,30,Spot buy,North,13649.04
L07260,2024-07-25,Rhein Polymer GmbH,Cast Housing,465,8.1,11,Blanket release,North,3766.5
L06529,2024-07-25,Rhein Polymer GmbH,Cast Housing,113,9.6,27,Blanket release,South,1084.8
L01241,2024-07-25,Britewire Ltd.,Formed Wire,37,4.54,31,Spot buy,North,167.98
L01903,2024-07-26,Britewire Ltd.,Fastener,114,1.17,12,Spot buy,South,133.38
L03983,2024-07-26,Britewire Ltd.,Formed Wire,195,2.37,22,Blanket release,North,462.15
L02970,2024-07-26,Alpha Fasteners Inc.,Fastener,22,2.64,21,Spot buy,South,58.08
L01751,2024-07-26,Rhein Polymer GmbH,Cast Housing,191,10.86,18,Blanket release,South,2074.26
L05961,2024-07-26,Perez Castings S.A.,Precision Assembly,522,22.96,13,Blanket release,North,11985.12
L06185,2024-07-26,Alpha Fasteners Inc.,Fastener,15,1.31,27,Spot buy,North,19.65
L07364,2024-07-26,Britewire Ltd.,Fastener,18,1.47,25,Spot buy,North,26.46
L04029,2024-07-26,Britewire Ltd.,Formed Wire,407,2.13,26,Spot buy,North,866.91
L00150,2024-07-26,Alpha Fasteners Inc.,Fastener,65,1.44,21,Blanket release,North,93.6
L04037,2024-07-26,Alpha Fasteners Inc.,Formed Wire,19,5.55,10,Blanket release,South,105.45
L00878,2024-07-26,Britewire Ltd.,Fastener,13,1.23,23,Spot buy,North,15.99
L02778,2024-07-26,Alpha Fasteners Inc.,Fastener,68,1.55,18,Spot buy,North,105.4
L04523,2024-07-26,Nordic Steel Co.,Formed Wire,45,2.37,23,Spot buy,North,106.65
L02012,2024-07-26,Nordic Steel Co.,Formed Wire,250,3.74,31,Spot buy,South,935.0
L05903,2024-07-26,Perez Castings S.A.,Cast Housing,562,7.22,11,Spot buy,North,4057.64
L01704,2024-07-26,Kwan Precision Ltd.,Cast Housing,29,10.77,5,Blanket release,North,312.33
L06424,2024-07-26,Britewire Ltd.,Fastener,46,2.2,17,Spot buy,South,101.2
L05145,2024-07-26,Rhein Polymer GmbH,Cast Housing,543,9.39,38,Blanket release,North,5098.77
L07250,2024-07-26,Alpha Fasteners Inc.,Fastener,6,4.19,14,Spot buy,South,25.14
L01083,2024-07-26,Alpha Fasteners Inc.,Fastener,15,1.94,18,Blanket release,North,29.1
L00233,2024-07-26,Nordic Steel Co.,Formed Wire,207,2.77,42,Spot buy,South,573.39
L00094,2024-07-26,Nordic Steel Co.,Cast Housing,130,8.8,21,Blanket release,South,1144.0
L02424,2024-07-26,Alpha Fasteners Inc.,Fastener,26,1.5,19,Blanket release,South,39.0
L02704,2024-07-26,Britewire Ltd.,Fastener,124,0.67,20,Spot buy,North,83.08
L07691,2024-07-26,Nordic Steel Co.,Cast Housing,95,15.05,29,Spot buy,South,1429.75
L00004,2024-07-26,Alpha Fasteners Inc.,Fastener,25,2.6,22,Spot buy,North,65.0
L03716,2024-07-26,Britewire Ltd.,Fastener,20,1.46,21,Spot buy,North,29.2
L02337,2024-07-26,Britewire Ltd.,Formed Wire,22,4.53,17,Blanket release,North,99.66
L07732,2024-07-26,Britewire Ltd.,Fastener,7,3.02,19,Spot buy,South,21.14
L07831,2024-07-26,Alpha Fasteners Inc.,Fastener,42,1.44,27,Spot buy,South,60.48
L05463,2024-07-26,Meridian Tooling (internal),Cast Housing,134,3.83,19,Spot buy,South,513.22
L03268,2024-07-26,Britewire Ltd.,Formed Wire,4,6.9,18,Spot buy,North,27.6
L04968,2024-07-26,Perez Castings S.A.,Precision Assembly,292,32.73,30,Spot buy,North,9557.16
L03892,2024-07-26,Nordic Steel Co.,Cast Housing,211,8.68,16,Blanket release,South,1831.48
L01314,2024-07-26,Perez Castings S.A.,Cast Housing,541,11.04,23,Blanket release,South,5972.64
L03332,2024-07-26,Rhein Polymer GmbH,Precision Assembly,245,22.08,36,Blanket release,South,5409.6
L06093,2024-07-26,Rhein Polymer GmbH,Cast Housing,161,10.13,30,Blanket release,South,1630.93
L05028,2024-07-26,Nordic Steel Co.,Formed Wire,474,2.79,33,Spot buy,South,1322.46
L00041,2024-07-26,Britewire Ltd.,Fastener,91,1.38,21,Spot buy,South,125.58
L01336,2024-07-26,Britewire Ltd.,Formed Wire,35,3.36,12,Blanket release,South,117.6
L06790,2024-07-26,Britewire Ltd.,Formed Wire,1005,1.4,20,Spot buy,North,1407.0
L05526,2024-07-26,Britewire Ltd.,Fastener,23,2.41,32,Spot buy,North,55.43
L00909,2024-07-26,Perez Castings S.A.,Cast Housing,138,9.47,10,Blanket release,North,1306.86
L07739,2024-07-26,Alpha Fasteners Inc.,Fastener,87,1.32,24,Spot buy,North,114.84
L00893,2024-07-26,Meridian Tooling (internal),Precision Assembly,4029,19.3,23,Spot buy,South,77759.7
L05438,2024-07-26,Sato Industrial K.K.,Precision Assembly,171,39.5,37,Blanket release,North,6754.5
L03941,2024-07-26,Britewire Ltd.,Formed Wire,31,3.03,12,Blanket release,South,93.93
L00077,2024-07-26,Britewire Ltd.,Formed Wire,213,2.18,24,Spot buy,North,464.34
L00079,2024-07-26,Britewire Ltd.,Fastener,21,1.64,19,Spot buy,North,34.44
L06029,2024-07-26,Alpha Fasteners Inc.,Fastener,53,1.55,31,Spot buy,North,82.15
L06476,2024-07-26,Perez Castings S.A.,Precision Assembly,3101,30.84,2,Blanket release,North,95634.84
L02612,2024-07-26,Perez Castings S.A.,Cast Housing,61,12.22,53,Blanket release,South,745.42
L05579,2024-07-26,Alpha Fasteners Inc.,Fastener,12,2.27,14,Spot buy,North,27.24
L07781,2024-07-26,Sato Industrial K.K.,Precision Assembly,389,57.77,23,Blanket release,South,22472.53
L01600,2024-07-26,Britewire Ltd.,Fastener,15,1.41,16,Blanket release,South,21.15
L07025,2024-07-26,Meridian Tooling (internal),Cast Housing,123,6.47,20,Blanket release,South,795.81
L06369,2024-07-26,Britewire Ltd.,Fastener,5,3.78,28,Blanket release,North,18.9
L07219,2024-07-26,Perez Castings S.A.,Cast Housing,145,7.19,27,Blanket release,South,1042.55
L06315,2024-07-26,Alpha Fasteners Inc.,Fastener,56,2.48,24,Spot buy,South,138.88
L00377,2024-07-26,Britewire Ltd.,Formed Wire,170,3.73,11,Spot buy,South,634.1
L04806,2024-07-26,Alpha Fasteners Inc.,Fastener,95,1.72,32,Blanket release,South,163.4
L02646,2024-07-26,Nordic Steel Co.,Formed Wire,22,5.58,14,Spot buy,North,122.76
L03687,2024-07-26,Alpha Fasteners Inc.,Fastener,30,1.76,13,Spot buy,North,52.8
L06646,2024-07-26,Britewire Ltd.,Formed Wire,48,3.33,41,Spot buy,South,159.84
L05677,2024-07-26,Kwan Precision Ltd.,Cast Housing,78,12.02,10,Blanket release,South,937.56
L01140,2024-07-26,Perez Castings S.A.,Precision Assembly,254,62.86,31,Spot buy,North,15966.44
L01534,2024-07-26,Sato Industrial K.K.,Precision Assembly,2015,29.39,16,Spot buy,North,59220.85
L02368,2024-07-26,Nordic Steel Co.,Cast Housing,295,9.43,35,Blanket release,North,2781.85
L04731,2024-07-26,Sato Industrial K.K.,Precision Assembly,991,39.74,21,Blanket release,South,39382.34
L01143,2024-07-26,Nordic Steel Co.,Formed Wire,479,2.72,20,Blanket release,North,1302.88
L01511,2024-07-26,Britewire Ltd.,Formed Wire,216,1.94,17,Blanket release,North,419.04
L03227,2024-07-26,Kwan Precision Ltd.,Precision Assembly,1822,35.25,25,Spot buy,South,64225.5
L04789,2024-07-26,Alpha Fasteners Inc.,Fastener,24,1.98,31,Spot buy,North,47.52
L00431,2024-07-26,Britewire Ltd.,Fastener,39,1.81,16,Spot buy,North,70.59
L04246,2024-07-26,Perez Castings S.A.,Cast Housing,199,8.52,21,Spot buy,North,1695.48
L01122,2024-07-26,Alpha Fasteners Inc.,Fastener,39,2.19,29,Spot buy,North,85.41
L01173,2024-07-26,Kwan Precision Ltd.,Cast Housing,1151,10.36,20,Spot buy,North,11924.36
L04186,2024-07-26,Alpha Fasteners Inc.,Fastener,13,2.12,11,Spot buy,South,27.56
L00671,2024-07-26,Alpha Fasteners Inc.,Formed Wire,430,1.96,25,Blanket release,North,842.8
L01104,2024-07-26,Nordic Steel Co.,Cast Housing,357,10.04,23,Blanket release,South,3584.28
L03170,2024-07-26,Nordic Steel Co.,Formed Wire,76,6.26,34,Spot buy,South,475.76
L07680,2024-07-26,Britewire Ltd.,Fastener,65,1.23,25,Blanket release,North,79.95
L01932,2024-07-26,Nordic Steel Co.,Formed Wire,479,2.56,12,Spot buy,South,1226.24
L04152,2024-07-26,Britewire Ltd.,Formed Wire,72,2.89,20,Spot buy,North,208.08
L03663,2024-07-26,Alpha Fasteners Inc.,Fastener,16,2.64,13,Spot buy,South,42.24
L06899,2024-07-26,Alpha Fasteners Inc.,Formed Wire,101,2.29,19,Spot buy,South,231.29
L06715,2024-07-26,Kwan Precision Ltd.,Cast Housing,702,5.89,27,Blanket release,South,4134.78
L02399,2024-07-26,Alpha Fasteners Inc.,Formed Wire,313,2.35,44,Blanket release,South,735.55
L00279,2024-07-26,Kwan Precision Ltd.,Precision Assembly,157,36.65,30,Blanket release,South,5754.05
L07417,2024-07-26,Perez Castings S.A.,Cast Housing,179,9.88,11,Spot buy,North,1768.52
L02880,2024-07-26,Britewire Ltd.,Fastener,67,2.11,14,Blanket release,North,141.37
L02942,2024-07-26,Britewire Ltd.,Fastener,344,0.77,31,Spot buy,South,264.88
L03565,2024-07-26,Britewire Ltd.,Formed Wire,212,3.58,21,Blanket release,North,758.96
L00329,2024-07-26,Alpha Fasteners Inc.,Fastener,86,1.13,27,Spot buy,North,97.18
L07855,2024-07-26,Rhein Polymer GmbH,Precision Assembly,136,34.93,34,Blanket release,North,4750.48
L05402,2024-07-26,Perez Castings S.A.,Cast Housing,44,24.06,16,Spot buy,North,1058.64
L04364,2024-07-26,Britewire Ltd.,Fastener,131,1.2,22,Spot buy,South,157.2
L06559,2024-07-26,Rhein Polymer GmbH,Precision Assembly,186,32.32,15,Spot buy,North,6011.52
L07206,2024-07-27,Perez Castings S.A.,Precision Assembly,597,28.12,43,Spot buy,North,16787.64
L02989,2024-07-27,Rhein Polymer GmbH,Cast Housing,371,6.08,40,Blanket release,North,2255.68
L03200,2024-07-27,Britewire Ltd.,Fastener,47,1.5,24,Spot buy,North,70.5
L03274,2024-07-27,Nordic Steel Co.,Cast Housing,525,7.75,19,Blanket release,South,4068.75
L03277,2024-07-27,Rhein Polymer GmbH,Precision Assembly,708,47.18,26,Spot buy,South,33403.44
L07179,2024-07-27,Alpha Fasteners Inc.,Fastener,13,3.23,12,Spot buy,South,41.99
L02737,2024-07-27,Britewire Ltd.,Fastener,31,2.01,27,Spot buy,South,62.31
L03298,2024-07-27,Nordic Steel Co.,Cast Housing,268,10.82,26,Spot buy,North,2899.76
L02791,2024-07-27,Alpha Fasteners Inc.,Fastener,129,1.03,29,Spot buy,North,132.87
L07056,2024-07-27,Nordic Steel Co.,Formed Wire,115,3.24,17,Blanket release,South,372.6
L03223,2024-07-27,Perez Castings S.A.,Cast Housing,40,7.4,21,Blanket release,South,296.0
L07105,2024-07-27,Kwan Precision Ltd.,Cast Housing,961,6.65,24,Blanket release,North,6390.65
L02864,2024-07-27,Perez Castings S.A.,Cast Housing,158,9.37,19,Blanket release,North,1480.46
L02636,2024-07-27,Nordic Steel Co.,Cast Housing,50,17.64,13,Spot buy,South,882.0
L07158,2024-07-27,Britewire Ltd.,Formed Wire,69,2.81,19,Blanket release,North,193.89
L02870,2024-07-27,Nordic Steel Co.,Formed Wire,39,2.04,31,Blanket release,North,79.56
L07053,2024-07-27,Britewire Ltd.,Fastener,77,1.26,25,Spot buy,North,97.02
L03324,2024-07-27,Britewire Ltd.,Formed Wire,98,2.69,24,Blanket release,South,263.62
L01274,2024-07-27,Nordic Steel Co.,Cast Housing,274,7.27,31,Blanket release,South,1991.98
L04572,2024-07-27,Sato Industrial K.K.,Precision Assembly,887,33.73,21,Blanket release,South,29918.51
L04551,2024-07-27,Alpha Fasteners Inc.,Formed Wire,159,3.84,13,Spot buy,South,610.56
L04473,2024-07-27,Alpha Fasteners Inc.,Formed Wire,98,2.47,30,Spot buy,North,242.06
L04453,2024-07-27,Alpha Fasteners Inc.,Fastener,119,1.53,12,Spot buy,South,182.07
L06631,2024-07-27,Britewire Ltd.,Fastener,39,1.69,32,Spot buy,North,65.91
L01433,2024-07-27,Rhein Polymer GmbH,Precision Assembly,277,45.65,14,Spot buy,South,12645.05
L04342,2024-07-27,Britewire Ltd.,Fastener,46,1.39,18,Spot buy,North,63.94
L04330,2024-07-27,Perez Castings S.A.,Precision Assembly,2372,19.71,39,Spot buy,North,46752.12
L07542,2024-07-27,Alpha Fasteners Inc.,Fastener,51,1.03,26,Blanket release,South,52.53
L06690,2024-07-27,Perez Castings S.A.,Precision Assembly,200,32.33,32,Blanket release,South,6466.0
L06011,2024-07-27,Britewire Ltd.,Fastener,10,3.1,28,Spot buy,North,31.0
L07536,2024-07-27,Rhein Polymer GmbH,Precision Assembly,369,63.57,28,Spot buy,North,23457.33
L06025,2024-07-27,Britewire Ltd.,Fastener,11,3.79,23,Spot buy,South,41.69
L01629,2024-07-27,Perez Castings S.A.,Cast Housing,107,8.09,21,Blanket release,North,865.63
L04164,2024-07-27,Nordic Steel Co.,Formed Wire,224,2.56,15,Blanket release,South,573.44
L04063,2024-07-27,Alpha Fasteners Inc.,Fastener,38,1.39,38,Spot buy,North,52.82
L04060,2024-07-27,Alpha Fasteners Inc.,Fastener,17,3.42,10,Spot buy,North,58.14
L01713,2024-07-27,Britewire Ltd.,Fastener,518,0.75,34,Spot buy,South,388.5
L07490,2024-07-27,Alpha Fasteners Inc.,Formed Wire,103,2.36,3,Blanket release,North,243.08
L06043,2024-07-27,Sato Industrial K.K.,Precision Assembly,26,40.74,36,Blanket release,North,1059.24
L06768,2024-07-27,Perez Castings S.A.,Precision Assembly,993,35.94,43,Spot buy,South,35688.42
L03934,2024-07-27,Alpha Fasteners Inc.,Formed Wire,222,3.5,21,Blanket release,South,777.0
L03912,2024-07-27,Alpha Fasteners Inc.,Fastener,14,2.39,19,Spot buy,South,33.46
L06056,2024-07-27,Britewire Ltd.,Formed Wire,219,1.83,26,Blanket release,North,400.77
L03846,2024-07-27,Alpha Fasteners Inc.,Formed Wire,194,2.45,26,Blanket release,North,475.3
L06096,2024-07-27,Britewire Ltd.,Formed Wire,23,3.31,17,Spot buy,South,76.13
L00025,2024-07-27,Britewire Ltd.,Formed Wire,89,3.33,25,Blanket release,North,296.37
L03806,2024-07-27,Alpha Fasteners Inc.,Fastener,16,1.85,31,Spot buy,North,29.6
L04647,2024-07-27,Perez Castings S.A.,Cast Housing,198,11.05,17,Blanket release,South,2187.9
L06838,2024-07-27,Rhein Polymer GmbH,Precision Assembly,184,45.56,20,Blanket release,North,8383.04
L04649,2024-07-27,Rhein Polymer GmbH,Precision Assembly,1018,39.43,24,Blanket release,South,40139.74
L04777,2024-07-27,Alpha Fasteners Inc.,Fastener,376,1.29,17,Spot buy,North,485.04
L05825,2024-07-27,Alpha Fasteners Inc.,Formed Wire,106,2.29,20,Blanket release,South,242.74
L07901,2024-07-27,Alpha Fasteners Inc.,Fastener,14,1.55,34,Spot buy,South,21.7
L05743,2024-07-27,Alpha Fasteners Inc.,Fastener,34,1.52,27,Spot buy,North,51.68
L05630,2024-07-27,Nordic Steel Co.,Formed Wire,251,2.7,22,Spot buy,South,677.7
L05606,2024-07-27,Nordic Steel Co.,Cast Housing,37,15.45,2,Blanket release,South,571.65
L07845,2024-07-27,Britewire Ltd.,Fastener,33,1.74,18,Spot buy,North,57.42
L05538,2024-07-27,Perez Castings S.A.,Cast Housing,138,8.38,22,Blanket release,South,1156.44
L00571,2024-07-27,Britewire Ltd.,Formed Wire,40,3.77,26,Blanket release,North,150.8
L00598,2024-07-27,Alpha Fasteners Inc.,Fastener,78,1.41,21,Spot buy,South,109.98
L00618,2024-07-27,Meridian Tooling (internal),Cast Housing,529,4.73,21,Blanket release,South,2502.17
L07814,2024-07-27,Alpha Fasteners Inc.,Fastener,25,1.65,36,Spot buy,North,41.25
L05420,2024-07-27,Rhein Polymer GmbH,Cast Housing,1169,10.49,28,Blanket release,South,12262.81
L05396,2024-07-27,Perez Castings S.A.,Cast Housing,134,10.2,3,Blanket release,North,1366.8
L05344,2024-07-27,Rhein Polymer GmbH,Cast Housing,209,8.15,13,Blanket release,North,1703.35
L00700,2024-07-27,Nordic Steel Co.,Formed Wire,10,8.81,41,Blanket release,South,88.1
L00720,2024-07-27,Britewire Ltd.,Fastener,26,1.2,29,Blanket release,North,31.2
L05293,2024-07-27,Alpha Fasteners Inc.,Fastener,29,1.7,47,Spot buy,South,49.3
L07780,2024-07-27,Rhein Polymer GmbH,Cast Housing,633,11.99,31,Spot buy,North,7589.67
L00778,2024-07-27,Britewire Ltd.,Fastener,29,2.26,32,Spot buy,North,65.54
L00801,2024-07-27,Alpha Fasteners Inc.,Formed Wire,29,2.93,15,Blanket release,North,84.97
L00839,2024-07-27,Alpha Fasteners Inc.,Formed Wire,895,2.22,4,Spot buy,North,1986.9
L05150,2024-07-27,Meridian Tooling (internal),Cast Housing,281,6.97,15,Spot buy,North,1958.57
L00863,2024-07-27,Nordic Steel Co.,Cast Housing,95,10.23,20,Spot buy,South,971.85
L04983,2024-07-27,Perez Castings S.A.,Precision Assembly,195,41.13,31,Blanket release,South,8020.35
L04916,2024-07-27,Nordic Steel Co.,Cast Housing,495,8.15,24,Blanket release,North,4034.25
L04912,2024-07-27,Alpha Fasteners Inc.,Fastener,18,1.73,27,Spot buy,North,31.14
L04909,2024-07-27,Britewire Ltd.,Formed Wire,509,2.2,9,Blanket release,North,1119.8
L01040,2024-07-27,Britewire Ltd.,Fastener,46,0.87,30,Blanket release,North,40.02
L04867,2024-07-27,Alpha Fasteners Inc.,Formed Wire,66,3.24,17,Blanket release,North,213.84
L06514,2024-07-27,Perez Castings S.A.,Cast Housing,765,9.43,29,Spot buy,South,7213.95
L01987,2024-07-27,Rhein Polymer GmbH,Cast Housing,108,9.95,24,Spot buy,South,1074.6
L00227,2024-07-27,Britewire Ltd.,Fastener,110,2.23,39,Spot buy,North,245.3
L02276,2024-07-27,Rhein Polymer GmbH,Precision Assembly,1086,29.95,30,Spot buy,North,32525.7
L03438,2024-07-27,Nordic Steel Co.,Formed Wire,224,2.44,36,Blanket release,North,546.56
L02062,2024-07-27,Kwan Precision Ltd.,Cast Housing,1390,6.53,22,Blanket release,South,9076.7
L03450,2024-07-27,Perez Castings S.A.,Cast Housing,441,9.57,34,Spot buy,South,4220.37
L00013,2024-07-27,Britewire Ltd.,Formed Wire,75,2.27,25,Blanket release,North,170.25
L07345,2024-07-27,Nordic Steel Co.,Formed Wire,186,2.28,28,Blanket release,North,424.08
L07318,2024-07-27,Alpha Fasteners Inc.,Fastener,84,2.28,23,Spot buy,North,191.52
L03458,2024-07-27,Britewire Ltd.,Formed Wire,17,3.75,32,Blanket release,North,63.75
L03636,2024-07-27,Alpha Fasteners Inc.,Fastener,6,4.24,22,Spot buy,South,25.44
L02036,2024-07-27,Alpha Fasteners Inc.,Fastener,137,1.45,37,Spot buy,North,198.65
L02318,2024-07-27,Alpha Fasteners Inc.,Fastener,13,2.48,34,Blanket release,North,32.24
L02021,2024-07-27,Nordic Steel Co.,Formed Wire,200,3.11,28,Blanket release,South,622.0
L06708,2024-07-28,Meridian Tooling (internal),Precision Assembly,859,17.01,32,Spot buy,North,14611.59
L00858,2024-07-28,Alpha Fasteners Inc.,Formed Wire,81,2.66,12,Blanket release,North,215.46
L00848,2024-07-28,Britewire Ltd.,Fastener,12,3.24,18,Spot buy,South,38.88
L07752,2024-07-28,Kwan Precision Ltd.,Precision Assembly,241,37.64,19,Blanket release,North,9071.24
L02502,2024-07-28,Alpha Fasteners Inc.,Fastener,127,1.57,16,Spot buy,North,199.39
L02674,2024-07-28,Alpha Fasteners Inc.,Formed Wire,259,2.2,6,Blanket release,South,569.8
L03431,2024-07-28,Britewire Ltd.,Fastener,12,2.65,20,Spot buy,North,31.8
L00090,2024-07-28,Alpha Fasteners Inc.,Formed Wire,137,4.14,15,Spot buy,South,567.18
L01530,2024-07-28,Nordic Steel Co.,Cast Housing,55,9.15,18,Blanket release,South,503.25
L00824,2024-07-28,Nordic Steel Co.,Cast Housing,106,11.29,24,Blanket release,North,1196.74
L05342,2024-07-28,Britewire Ltd.,Formed Wire,121,2.66,23,Blanket release,North,321.86
L04230,2024-07-28,Alpha Fasteners Inc.,Formed Wire,7,5.63,16,Spot buy,South,39.41
L02999,2024-07-28,Alpha Fasteners Inc.,Fastener,111,1.34,6,Blanket release,South,148.74
L05931,2024-07-28,Rhein Polymer GmbH,Cast Housing,2133,6.05,24,Blanket release,South,12904.65
L00719,2024-07-28,Britewire Ltd.,Fastener,60,1.81,7,Blanket release,South,108.6
L03417,2024-07-28,Britewire Ltd.,Fastener,8,1.32,26,Spot buy,North,10.56
L00755,2024-07-28,Alpha Fasteners Inc.,Fastener,289,1.04,13,Blanket release,South,300.56
L03415,2024-07-28,Perez Castings S.A.,Cast Housing,64,16.52,16,Blanket release,North,1057.28
L05299,2024-07-28,Alpha Fasteners Inc.,Formed Wire,106,4.49,11,Spot buy,South,475.94
L01584,2024-07-28,Alpha Fasteners Inc.,Fastener,27,1.34,24,Blanket release,North,36.18
L06706,2024-07-28,Rhein Polymer GmbH,Precision Assembly,645,21.6,30,Blanket release,North,13932.0
L00100,2024-07-28,Alpha Fasteners Inc.,Fastener,27,1.6,21,Spot buy,South,43.2
L07407,2024-07-28,Nordic Steel Co.,Formed Wire,109,4.12,13,Spot buy,North,449.08
L07254,2024-07-28,Britewire Ltd.,Formed Wire,195,2.54,21,Blanket release,North,495.3
L06575,2024-07-28,Sato Industrial K.K.,Precision Assembly,533,45.6,29,Spot buy,South,24304.8
L07050,2024-07-28,Britewire Ltd.,Fastener,11,1.36,20,Spot buy,South,14.96
L03529,2024-07-28,Britewire Ltd.,Formed Wire,84,2.54,2,Spot buy,North,213.36
L03319,2024-07-28,Alpha Fasteners Inc.,Fastener,7,2.2,35,Spot buy,North,15.4
L07605,2024-07-28,Britewire Ltd.,Fastener,24,1.31,25,Spot buy,North,31.44
L03072,2024-07-28,Britewire Ltd.,Formed Wire,47,6.32,30,Spot buy,South,297.04
L04792,2024-07-28,Alpha Fasteners Inc.,Formed Wire,417,2.02,2,Spot buy,North,842.34
L07669,2024-07-28,Britewire Ltd.,Formed Wire,136,2.62,14,Blanket release,South,356.32
L01121,2024-07-28,Alpha Fasteners Inc.,Fastener,82,1.33,38,Spot buy,North,109.06
L03110,2024-07-28,Sato Industrial K.K.,Precision Assembly,2884,33.63,37,Spot buy,South,96988.92
L01376,2024-07-28,Nordic Steel Co.,Formed Wire,69,3.95,18,Spot buy,South,272.55
L05109,2024-07-28,Kwan Precision Ltd.,Precision Assembly,1537,37.27,48,Blanket release,North,57283.99
L01072,2024-07-28,Alpha Fasteners Inc.,Fastener,85,1.65,19,Spot buy,South,140.25
L07214,2024-07-28,Alpha Fasteners Inc.,Formed Wire,67,2.27,26,Blanket release,North,152.09
L07323,2024-07-28,Rhein Polymer GmbH,Precision Assembly,1479,31.43,34,Spot buy,North,46484.97
L07585,2024-07-28,Britewire Ltd.,Fastener,51,2.4,2,Spot buy,North,122.4
L01020,2024-07-28,Britewire Ltd.,Formed Wire,105,2.08,30,Blanket release,North,218.4
L04438,2024-07-28,Britewire Ltd.,Fastener,26,2.32,29,Blanket release,North,60.32
L04424,2024-07-28,Alpha Fasteners Inc.,Fastener,23,1.62,11,Spot buy,South,37.26
L04412,2024-07-28,Perez Castings S.A.,Precision Assembly,2445,46.55,17,Spot buy,North,113814.75
L07576,2024-07-28,Alpha Fasteners Inc.,Fastener,18,0.82,15,Spot buy,South,14.76
L06647,2024-07-28,Britewire Ltd.,Fastener,80,1.63,9,Spot buy,South,130.4
L02273,2024-07-28,Alpha Fasteners Inc.,Formed Wire,137,4.14,35,Spot buy,North,567.18
L00900,2024-07-28,Sato Industrial K.K.,Precision Assembly,953,42.43,14,Spot buy,North,40435.79
L03055,2024-07-28,Britewire Ltd.,Fastener,67,1.4,9,Blanket release,North,93.8
L05007,2024-07-28,Perez Castings S.A.,Cast Housing,174,14.18,27,Blanket release,South,2467.32
L04604,2024-07-28,Rhein Polymer GmbH,Cast Housing,311,11.2,27,Blanket release,South,3483.2
L06302,2024-07-28,Sato Industrial K.K.,Precision Assembly,1224,42.73,23,Blanket release,North,52301.52
L00306,2024-07-28,Sato Industrial K.K.,Precision Assembly,89,53.19,15,Spot buy,South,4733.91
L05662,2024-07-28,Kwan Precision Ltd.,Cast Housing,252,5.49,12,Blanket release,North,1383.48
L06814,2024-07-28,Kwan Precision Ltd.,Cast Housing,131,11.49,27,Blanket release,South,1505.19
L03639,2024-07-28,Perez Castings S.A.,Precision Assembly,1242,30.87,26,Blanket release,North,38340.54
L07847,2024-07-28,Perez Castings S.A.,Cast Housing,496,9.59,12,Spot buy,North,4756.64
L05656,2024-07-28,Alpha Fasteners Inc.,Fastener,183,1.01,27,Blanket release,South,184.83
L05739,2024-07-28,Sato Industrial K.K.,Precision Assembly,2798,30.35,24,Blanket release,North,84919.3
L02082,2024-07-28,Alpha Fasteners Inc.,Fastener,1792,0.55,20,Spot buy,North,985.6
L07854,2024-07-28,Britewire Ltd.,Formed Wire,56,3.87,32,Spot buy,South,216.72
L02939,2024-07-28,Alpha Fasteners Inc.,Formed Wire,31,6.23,2,Spot buy,North,193.13
L06301,2024-07-28,Britewire Ltd.,Fastener,33,2.74,36,Spot buy,South,90.42
L07859,2024-07-28,Kwan Precision Ltd.,Precision Assembly,2964,34.77,26,Spot buy,North,103058.28
L02343,2024-07-28,Alpha Fasteners Inc.,Formed Wire,88,3.7,17,Spot buy,North,325.6
L06298,2024-07-28,Britewire Ltd.,Fastener,152,1.47,16,Spot buy,South,223.44
L02889,2024-07-28,Rhein Polymer GmbH,Cast Housing,48,10.86,41,Blanket release,North,521.28
L06128,2024-07-28,Perez Castings S.A.,Cast Housing,370,10.66,25,Spot buy,North,3944.2
L01797,2024-07-28,Kwan Precision Ltd.,Precision Assembly,525,52.41,30,Spot buy,North,27515.25
L02421,2024-07-28,Alpha Fasteners Inc.,Formed Wire,130,3.38,18,Blanket release,South,439.4
L02455,2024-07-28,Alpha Fasteners Inc.,Formed Wire,88,4.93,11,Blanket release,South,433.84
L00543,2024-07-28,Alpha Fasteners Inc.,Formed Wire,53,4.3,20,Spot buy,South,227.9
L01696,2024-07-28,Alpha Fasteners Inc.,Fastener,8,1.96,30,Spot buy,North,15.68
L07877,2024-07-28,Britewire Ltd.,Fastener,182,0.93,15,Spot buy,North,169.26
L06211,2024-07-28,Nordic Steel Co.,Formed Wire,259,2.62,15,Blanket release,North,678.58
L03744,2024-07-28,Rhein Polymer GmbH,Cast Housing,75,14.29,31,Blanket release,South,1071.75
L03238,2024-07-28,Britewire Ltd.,Fastener,144,1.22,18,Blanket release,North,175.68
L06836,2024-07-28,Perez Castings S.A.,Cast Housing,231,16.3,20,Spot buy,South,3765.3
L03831,2024-07-28,Alpha Fasteners Inc.,Fastener,10,1.74,15,Spot buy,North,17.4
L00519,2024-07-28,Britewire Ltd.,Formed Wire,159,2.71,24,Blanket release,South,430.89
L05820,2024-07-28,Nordic Steel Co.,Cast Housing,124,6.92,27,Blanket release,South,858.08
L06799,2024-07-28,Nordic Steel Co.,Formed Wire,49,5.7,26,Spot buy,South,279.3
L04070,2024-07-28,Meridian Tooling (internal),Precision Assembly,1781,17.16,32,Blanket release,North,30561.96
L05814,2024-07-28,Alpha Fasteners Inc.,Fastener,93,1.13,27,Spot buy,North,105.09
L05482,2024-07-28,Alpha Fasteners Inc.,Fastener,155,1.42,14,Spot buy,South,220.1
L03614,2024-07-28,Alpha Fasteners Inc.,Fastener,20,2.49,23,Spot buy,South,49.8
L05724,2024-07-28,Alpha Fasteners Inc.,Fastener,10,3.44,17,Spot buy,North,34.4
L00294,2024-07-28,Sato Industrial K.K.,Precision Assembly,356,44.68,27,Spot buy,North,15906.08
L00419,2024-07-28,Britewire Ltd.,Fastener,15,2.17,30,Blanket release,North,32.55
L06479,2024-07-29,Britewire Ltd.,Formed Wire,46,3.26,21,Spot buy,South,149.96
L06259,2024-07-29,Britewire Ltd.,Fastener,74,1.8,28,Blanket release,North,133.2
L06264,2024-07-29,Britewire Ltd.,Formed Wire,60,4.37,20,Blanket release,North,262.2
L01059,2024-07-29,Britewire Ltd.,Formed Wire,29,2.7,10,Blanket release,North,78.3
L03388,2024-07-29,Sato Industrial K.K.,Precision Assembly,397,33.87,35,Spot buy,South,13446.39
L00331,2024-07-29,Rhein Polymer GmbH,Precision Assembly,247,35.7,41,Blanket release,South,8817.9
L05683,2024-07-29,Alpha Fasteners Inc.,Fastener,94,2.09,12,Spot buy,North,196.46
L04823,2024-07-29,Alpha Fasteners Inc.,Fastener,27,2.29,8,Spot buy,North,61.83
L00328,2024-07-29,Rhein Polymer GmbH,Cast Housing,54,12.87,31,Spot buy,South,694.98
L07904,2024-07-29,Perez Castings S.A.,Precision Assembly,710,30.5,25,Blanket release,South,21655.0
L04745,2024-07-29,Britewire Ltd.,Formed Wire,33,2.81,21,Blanket release,North,92.73
L06560,2024-07-29,Sato Industrial K.K.,Precision Assembly,914,35.82,24,Blanket release,North,32739.48
L02193,2024-07-29,Alpha Fasteners Inc.,Fastener,57,1.46,16,Spot buy,South,83.22
L04640,2024-07-29,Nordic Steel Co.,Formed Wire,46,5.21,18,Blanket release,North,239.66
L06581,2024-07-29,Kwan Precision Ltd.,Cast Housing,170,12.85,27,Spot buy,North,2184.5
L01276,2024-07-29,Alpha Fasteners Inc.,Fastener,5,1.89,27,Spot buy,North,9.45
L07283,2024-07-29,Nordic Steel Co.,Formed Wire,205,3.11,20,Spot buy,South,637.55
L03038,2024-07-29,Kwan Precision Ltd.,Cast Housing,59,13.9,17,Blanket release,North,820.1
L06193,2024-07-29,Perez Castings S.A.,Precision Assembly,844,51.61,19,Spot buy,South,43558.84
L05945,2024-07-29,Sato Industrial K.K.,Precision Assembly,1670,23.8,26,Blanket release,North,39746.0
L00168,2024-07-29,Britewire Ltd.,Fastener,16,1.47,20,Spot buy,North,23.52
L06953,2024-07-29,Rhein Polymer GmbH,Precision Assembly,148,50.86,24,Spot buy,North,7527.28
L05887,2024-07-29,Britewire Ltd.,Formed Wire,17,2.61,12,Blanket release,South,44.37
L00674,2024-07-29,Alpha Fasteners Inc.,Fastener,13,1.63,24,Spot buy,South,21.19
L05374,2024-07-29,Alpha Fasteners Inc.,Fastener,10,2.94,2,Blanket release,South,29.4
L05373,2024-07-29,Britewire Ltd.,Fastener,24,1.78,16,Spot buy,North,42.72
L05918,2024-07-29,Rhein Polymer GmbH,Cast Housing,64,18.05,8,Spot buy,South,1155.2
L00691,2024-07-29,Rhein Polymer GmbH,Cast Housing,216,11.28,20,Blanket release,South,2436.48
L00697,2024-07-29,Alpha Fasteners Inc.,Formed Wire,277,1.94,27,Blanket release,North,537.38
L02272,2024-07-29,Alpha Fasteners Inc.,Fastener,21,3.36,3,Spot buy,South,70.56
L00113,2024-07-29,Britewire Ltd.,Formed Wire,50,3.4,20,Blanket release,South,170.0
L05314,2024-07-29,Perez Castings S.A.,Cast Housing,151,9.09,14,Blanket release,South,1372.59
L06329,2024-07-29,Alpha Fasteners Inc.,Fastener,13,2.28,21,Spot buy,South,29.64
L02944,2024-07-29,Sato Industrial K.K.,Precision Assembly,255,69.4,22,Spot buy,North,17697.0
L00195,2024-07-29,Alpha Fasteners Inc.,Fastener,167,1.73,19,Blanket release,North,288.91
L00164,2024-07-29,Perez Castings S.A.,Precision Assembly,446,30.43,22,Blanket release,North,13571.78
L00803,2024-07-29,Nordic Steel Co.,Formed Wire,314,2.29,18,Spot buy,South,719.06
L05176,2024-07-29,Alpha Fasteners Inc.,Formed Wire,217,4.08,16,Blanket release,North,885.36
L05170,2024-07-29,Alpha Fasteners Inc.,Fastener,193,1.19,27,Spot buy,North,229.67
L02718,2024-07-29,Nordic Steel Co.,Cast Housing,124,9.65,25,Blanket release,North,1196.6
L05648,2024-07-29,Alpha Fasteners Inc.,Formed Wire,52,2.12,7,Blanket release,North,110.24
L05653,2024-07-29,Sato Industrial K.K.,Precision Assembly,708,48.89,33,Blanket release,North,34614.12
L05450,2024-07-29,Alpha Fasteners Inc.,Fastener,11,1.96,20,Spot buy,North,21.56
L00942,2024-07-29,Alpha Fasteners Inc.,Fastener,67,1.68,7,Spot buy,South,112.56
L02783,2024-07-29,Britewire Ltd.,Formed Wire,300,2.73,4,Blanket release,North,819.0
L05664,2024-07-29,Perez Castings S.A.,Cast Housing,29,9.74,32,Blanket release,South,282.46
L04977,2024-07-29,Britewire Ltd.,Fastener,41,1.1,11,Blanket release,North,45.1
L06467,2024-07-29,Britewire Ltd.,Fastener,47,1.91,26,Spot buy,South,89.77
L00401,2024-07-29,Kwan Precision Ltd.,Precision Assembly,126,34.37,30,Blanket release,North,4330.62
L00996,2024-07-29,Britewire Ltd.,Formed Wire,114,3.56,2,Spot buy,South,405.84
L07840,2024-07-29,Nordic Steel Co.,Formed Wire,359,3.31,6,Spot buy,South,1188.29
L00714,2024-07-29,Britewire Ltd.,Fastener,4,2.53,32,Blanket release,South,10.12
L01150,2024-07-29,Perez Castings S.A.,Precision Assembly,831,35.98,28,Spot buy,South,29899.38
L01508,2024-07-29,Kwan Precision Ltd.,Precision Assembly,497,40.16,28,Spot buy,North,19959.52
L01385,2024-07-29,Perez Castings S.A.,Cast Housing,503,8.36,42,Blanket release,South,4205.08
L03798,2024-07-29,Britewire Ltd.,Formed Wire,331,2.29,23,Blanket release,North,757.99
L04451,2024-07-29,Sato Industrial K.K.,Precision Assembly,100,42.67,21,Spot buy,South,4267.0
L02047,2024-07-29,Rhein Polymer GmbH,Precision Assembly,1459,44.51,25,Spot buy,North,64940.09
L03121,2024-07-29,Britewire Ltd.,Fastener,16,2.08,10,Spot buy,North,33.28
L03548,2024-07-29,Alpha Fasteners Inc.,Fastener,21,3.03,21,Spot buy,South,63.63
L03661,2024-07-29,Alpha Fasteners Inc.,Fastener,243,0.92,21,Spot buy,North,223.56
L01891,2024-07-29,Alpha Fasteners Inc.,Fastener,12,2.29,16,Spot buy,North,27.48
L01448,2024-07-29,Perez Castings S.A.,Cast Housing,109,10.82,19,Spot buy,North,1179.38
L01467,2024-07-29,Alpha Fasteners Inc.,Fastener,3,4.27,23,Spot buy,North,12.81
L04348,2024-07-29,Rhein Polymer GmbH,Precision Assembly,215,27.14,34,Blanket release,North,5835.1
L07443,2024-07-29,Alpha Fasteners Inc.,Fastener,28,2.08,7,Blanket release,South,58.24
L01512,2024-07-29,Nordic Steel Co.,Cast Housing,92,10.08,26,Blanket release,South,927.36
L03910,2024-07-29,Britewire Ltd.,Fastener,47,1.6,33,Spot buy,North,75.2
L01577,2024-07-29,Nordic Steel Co.,Formed Wire,9,7.78,23,Blanket release,South,70.02
L01623,2024-07-29,Kwan Precision Ltd.,Cast Housing,16,45.59,26,Spot buy,South,729.44
L03925,2024-07-29,Britewire Ltd.,Fastener,111,1.06,35,Blanket release,South,117.66
L01630,2024-07-29,Sato Industrial K.K.,Precision Assembly,47,62.78,29,Blanket release,South,2950.66
L05989,2024-07-29,Alpha Fasteners Inc.,Fastener,17,1.77,9,Spot buy,North,30.09
L06153,2024-07-29,Britewire Ltd.,Fastener,151,1.29,34,Spot buy,South,194.79
L06729,2024-07-29,Britewire Ltd.,Fastener,49,1.24,31,Blanket release,South,60.76
L07505,2024-07-29,Alpha Fasteners Inc.,Formed Wire,138,4.04,11,Spot buy,North,557.52
L06730,2024-07-29,Kwan Precision Ltd.,Cast Housing,174,6.48,16,Spot buy,South,1127.52
L06162,2024-07-29,Alpha Fasteners Inc.,Fastener,223,1.03,26,Blanket release,North,229.69
L01693,2024-07-29,Alpha Fasteners Inc.,Fastener,60,2.15,42,Spot buy,North,129.0
L03191,2024-07-29,Britewire Ltd.,Fastener,70,1.52,21,Spot buy,South,106.4
L03179,2024-07-29,Britewire Ltd.,Formed Wire,88,3.16,24,Blanket release,North,278.08
L04068,2024-07-29,Rhein Polymer GmbH,Precision Assembly,111,42.01,36,Blanket release,North,4663.11
L04035,2024-07-29,Britewire Ltd.,Formed Wire,16,4.06,17,Spot buy,North,64.96
L03109,2024-07-29,Perez Castings S.A.,Cast Housing,97,11.15,15,Blanket release,South,1081.55
L04513,2024-07-29,Alpha Fasteners Inc.,Fastener,54,2.63,13,Spot buy,North,142.02
L03987,2024-07-29,Britewire Ltd.,Formed Wire,185,2.49,23,Blanket release,South,460.65
L06609,2024-07-29,Kwan Precision Ltd.,Cast Housing,155,9.42,18,Spot buy,South,1460.1
L03283,2024-07-29,Perez Castings S.A.,Cast Housing,44,5.65,32,Blanket release,North,248.6
L02541,2024-07-29,Sato Industrial K.K.,Precision Assembly,177,49.55,28,Blanket release,North,8770.35
L06832,2024-07-29,Nordic Steel Co.,Formed Wire,152,2.95,33,Blanket release,North,448.4
L03762,2024-07-29,Alpha Fasteners Inc.,Formed Wire,52,4.31,20,Spot buy,South,224.12
L03764,2024-07-30,Rhein Polymer GmbH,Precision Assembly,2602,31.49,9,Blanket release,North,81936.98
L04123,2024-07-30,Nordic Steel Co.,Formed Wire,105,4.83,20,Blanket release,South,507.15
L07795,2024-07-30,Nordic Steel Co.,Cast Housing,47,9.78,20,Spot buy,North,459.66
L01816,2024-07-30,Perez Castings S.A.,Cast Housing,131,7.24,30,Spot buy,North,948.44
L04663,2024-07-30,Nordic Steel Co.,Formed Wire,604,2.56,11,Blanket release,South,1546.24
L00451,2024-07-30,Perez Castings S.A.,Precision Assembly,210,36.66,16,Spot buy,North,7698.6
L01954,2024-07-30,Nordic Steel Co.,Cast Housing,44,13.09,27,Blanket release,South,575.96
L05623,2024-07-30,Britewire Ltd.,Formed Wire,20,3.21,16,Blanket release,South,64.2
L03273,2024-07-30,Perez Castings S.A.,Cast Housing,305,7.32,21,Spot buy,North,2232.6
L01941,2024-07-30,Nordic Steel Co.,Formed Wire,97,4.55,6,Spot buy,North,441.35
L06557,2024-07-30,Britewire Ltd.,Fastener,32,1.1,13,Spot buy,North,35.2
L04685,2024-07-30,Rhein Polymer GmbH,Precision Assembly,965,26.01,26,Spot buy,North,25099.65
L05631,2024-07-30,Nordic Steel Co.,Formed Wire,179,3.22,33,Blanket release,North,576.38
L05316,2024-07-30,Nordic Steel Co.,Cast Housing,144,16.09,21,Blanket release,South,2316.96
L06285,2024-07-30,Perez Castings S.A.,Cast Housing,284,11.4,36,Spot buy,North,3237.6
L05306,2024-07-30,Britewire Ltd.,Fastener,11,2.36,15,Blanket release,North,25.96
L06698,2024-07-30,Britewire Ltd.,Fastener,29,1.38,16,Spot buy,North,40.02
L05268,2024-07-30,Alpha Fasteners Inc.,Fastener,6,2.26,26,Spot buy,North,13.56
L03164,2024-07-30,Perez Castings S.A.,Cast Housing,69,15.39,16,Spot buy,South,1061.91
L06378,2024-07-30,Rhein Polymer GmbH,Precision Assembly,517,41.34,40,Spot buy,South,21372.78
L07858,2024-07-30,Britewire Ltd.,Fastener,30,1.88,26,Blanket release,North,56.4
L07469,2024-07-30,Alpha Fasteners Inc.,Fastener,37,1.26,22,Spot buy,North,46.62
L07313,2024-07-30,Rhein Polymer GmbH,Cast Housing,169,13.69,22,Spot buy,North,2313.61
L03376,2024-07-30,Alpha Fasteners Inc.,Fastener,36,2.47,23,Spot buy,South,88.92
L04614,2024-07-30,Britewire Ltd.,Fastener,15,1.28,19,Spot buy,North,19.2
L05568,2024-07-30,Nordic Steel Co.,Cast Housing,777,12.01,22,Spot buy,South,9331.77
L04054,2024-07-30,Rhein Polymer GmbH,Precision Assembly,1035,35.06,49,Blanket release,North,36287.1
L02345,2024-07-30,Britewire Ltd.,Fastener,43,3.05,14,Spot buy,North,131.15
L00485,2024-07-30,Alpha Fasteners Inc.,Fastener,67,1.42,29,Spot buy,North,95.14
L02086,2024-07-30,Britewire Ltd.,Formed Wire,28,4.58,10,Spot buy,North,128.24
L05516,2024-07-30,Alpha Fasteners Inc.,Formed Wire,77,3.15,27,Blanket release,North,242.55
L01779,2024-07-30,Britewire Ltd.,Formed Wire,46,2.81,37,Blanket release,South,129.26
L00574,2024-07-30,Nordic Steel Co.,Formed Wire,66,3.44,28,Blanket release,North,227.04
L06107,2024-07-30,Rhein Polymer GmbH,Cast Housing,349,12.28,36,Spot buy,South,4285.72
L03248,2024-07-30,Alpha Fasteners Inc.,Fastener,139,1.1,13,Spot buy,South,152.9
L07168,2024-07-30,Alpha Fasteners Inc.,Formed Wire,88,2.76,34,Spot buy,North,242.88
L03953,2024-07-30,Perez Castings S.A.,Cast Housing,65,14.78,22,Spot buy,North,960.7
L05822,2024-07-30,Sato Industrial K.K.,Precision Assembly,2715,31.76,29,Spot buy,North,86228.4
L00247,2024-07-30,Nordic Steel Co.,Cast Housing,479,9.54,27,Spot buy,South,4569.66
L05597,2024-07-30,Britewire Ltd.,Fastener,43,0.83,23,Blanket release,North,35.69
L01681,2024-07-30,Kwan Precision Ltd.,Cast Housing,591,7.19,22,Spot buy,North,4249.29
L00634,2024-07-30,Alpha Fasteners Inc.,Fastener,28,1.43,16,Spot buy,North,40.04
L07810,2024-07-30,Alpha Fasteners Inc.,Formed Wire,318,2.21,26,Blanket release,South,702.78
L00647,2024-07-30,Kwan Precision Ltd.,Cast Housing,11,14.27,29,Spot buy,South,156.97
L02192,2024-07-30,Nordic Steel Co.,Formed Wire,21,5.91,13,Blanket release,North,124.11
L05233,2024-07-30,Alpha Fasteners Inc.,Formed Wire,172,3.44,14,Blanket release,South,591.68
L01573,2024-07-30,Perez Castings S.A.,Cast Housing,99,8.06,19,Spot buy,South,797.94
L01563,2024-07-30,Rhein Polymer GmbH,Cast Housing,126,8.52,15,Spot buy,North,1073.52
L04356,2024-07-30,Alpha Fasteners Inc.,Fastener,121,1.56,11,Spot buy,North,188.76
L05767,2024-07-30,Rhein Polymer GmbH,Precision Assembly,381,42.58,22,Spot buy,North,16222.98
L06406,2024-07-30,Britewire Ltd.,Formed Wire,32,5.39,29,Spot buy,North,172.48
L04390,2024-07-30,Rhein Polymer GmbH,Cast Housing,576,6.51,38,Blanket release,North,3749.76
L04758,2024-07-30,Alpha Fasteners Inc.,Fastener,13,1.56,21,Spot buy,North,20.28
L03779,2024-07-30,Britewire Ltd.,Fastener,37,3.39,18,Spot buy,North,125.43
L03552,2024-07-30,Nordic Steel Co.,Formed Wire,23,3.0,28,Blanket release,South,69.0
L04413,2024-07-30,Britewire Ltd.,Fastener,25,2.15,29,Spot buy,North,53.75
L03462,2024-07-30,Kwan Precision Ltd.,Cast Housing,179,8.02,15,Blanket release,North,1435.58
L04779,2024-07-30,Britewire Ltd.,Formed Wire,20,6.4,22,Blanket release,South,128.0
L00134,2024-07-30,Britewire Ltd.,Fastener,33,1.88,14,Spot buy,North,62.04
L04443,2024-07-30,Perez Castings S.A.,Cast Housing,174,10.09,5,Blanket release,South,1755.66
L01902,2024-07-30,Alpha Fasteners Inc.,Formed Wire,86,3.16,5,Blanket release,South,271.76
L03222,2024-07-30,Kwan Precision Ltd.,Precision Assembly,781,31.89,31,Blanket release,South,24906.09
L06137,2024-07-30,Rhein Polymer GmbH,Cast Housing,255,11.13,19,Spot buy,North,2838.15
L04518,2024-07-30,Rhein Polymer GmbH,Cast Housing,198,12.47,17,Spot buy,North,2469.06
L07693,2024-07-30,Alpha Fasteners Inc.,Formed Wire,255,3.1,24,Blanket release,North,790.5
L00143,2024-07-30,Nordic Steel Co.,Cast Housing,25,11.93,19,Blanket release,South,298.25
L01934,2024-07-30,Rhein Polymer GmbH,Cast Housing,59,9.06,12,Spot buy,North,534.54
L01091,2024-07-30,Britewire Ltd.,Fastener,9,3.68,24,Spot buy,North,33.12
L04825,2024-07-30,Alpha Fasteners Inc.,Formed Wire,11,5.16,28,Blanket release,North,56.76
L05012,2024-07-30,Britewire Ltd.,Fastener,26,1.89,19,Spot buy,North,49.14
L06601,2024-07-30,Britewire Ltd.,Fastener,68,1.5,31,Spot buy,South,102.0
L00132,2024-07-30,Meridian Tooling (internal),Cast Housing,191,5.22,22,Spot buy,North,997.02
L05343,2024-07-30,Britewire Ltd.,Formed Wire,60,2.12,31,Blanket release,South,127.2
L07349,2024-07-30,Nordic Steel Co.,Formed Wire,46,5.07,30,Blanket release,South,233.22
L00305,2024-07-30,Britewire Ltd.,Fastener,138,1.64,26,Spot buy,North,226.32
L05583,2024-07-30,Perez Castings S.A.,Cast Housing,59,9.3,27,Blanket release,North,548.7
L07760,2024-07-30,Britewire Ltd.,Fastener,56,1.57,16,Blanket release,North,87.92
L03559,2024-07-30,Nordic Steel Co.,Formed Wire,46,4.26,22,Spot buy,North,195.96
L00869,2024-07-30,Alpha Fasteners Inc.,Fastener,68,2.0,21,Spot buy,North,136.0
L02913,2024-07-30,Alpha Fasteners Inc.,Fastener,21,2.02,28,Spot buy,North,42.42
L07983,2024-07-30,Britewire Ltd.,Fastener,5,3.88,23,Spot buy,North,19.4
L07013,2024-07-30,Britewire Ltd.,Fastener,75,0.98,18,Blanket release,South,73.5
L03657,2024-07-30,Nordic Steel Co.,Formed Wire,70,3.63,28,Spot buy,South,254.1
L07870,2024-07-30,Alpha Fasteners Inc.,Fastener,39,3.21,15,Spot buy,South,125.19
L05038,2024-07-30,Britewire Ltd.,Fastener,27,1.59,33,Blanket release,South,42.93
L00022,2024-07-30,Kwan Precision Ltd.,Cast Housing,228,13.56,24,Blanket release,North,3091.68
L02131,2024-07-30,Kwan Precision Ltd.,Precision Assembly,60,43.69,33,Blanket release,South,2621.4
L02449,2024-07-31,Alpha Fasteners Inc.,Fastener,47,1.01,30,Blanket release,North,47.47
L05780,2024-07-31,Meridian Tooling (internal),Cast Housing,44,3.69,19,Spot buy,South,162.36
L00350,2024-07-31,Nordic Steel Co.,Formed Wire,67,4.38,29,Blanket release,North,293.46
L02395,2024-07-31,Alpha Fasteners Inc.,Fastener,42,4.89,21,Spot buy,North,205.38
L07454,2024-07-31,Britewire Ltd.,Fastener,5,5.41,8,Spot buy,South,27.05
L07156,2024-07-31,Perez Castings S.A.,Precision Assembly,119,23.29,24,Blanket release,North,2771.51
L02061,2024-07-31,Kwan Precision Ltd.,Cast Housing,457,12.31,15,Spot buy,North,5625.67
L03928,2024-07-31,Alpha Fasteners Inc.,Fastener,255,1.42,14,Spot buy,South,362.1
L00215,2024-07-31,Perez Castings S.A.,Cast Housing,268,11.43,26,Spot buy,North,3063.24
L05639,2024-07-31,Alpha Fasteners Inc.,Fastener,76,1.87,25,Blanket release,South,142.12
L06783,2024-07-31,Britewire Ltd.,Formed Wire,53,1.89,21,Blanket release,South,100.17
L05703,2024-07-31,Alpha Fasteners Inc.,Fastener,192,1.08,22,Spot buy,North,207.36
L07446,2024-07-31,Alpha Fasteners Inc.,Fastener,65,1.54,24,Spot buy,South,100.1
L05693,2024-07-31,Nordic Steel Co.,Formed Wire,67,4.54,19,Blanket release,South,304.18
L05688,2024-07-31,Perez Castings S.A.,Precision Assembly,397,25.35,32,Blanket release,South,10063.95
L07087,2024-07-31,Nordic Steel Co.,Cast Housing,163,13.1,31,Blanket release,South,2135.3
L05817,2024-07-31,Alpha Fasteners Inc.,Fastener,17,2.39,7,Blanket release,North,40.63
L07281,2024-07-31,Alpha Fasteners Inc.,Fastener,18,1.96,30,Spot buy,North,35.28
L01914,2024-07-31,Britewire Ltd.,Fastener,14,1.61,41,Blanket release,South,22.54
L00472,2024-07-31,Britewire Ltd.,Formed Wire,76,1.64,19,Blanket release,North,124.64
L01305,2024-07-31,Nordic Steel Co.,Formed Wire,40,5.65,24,Blanket release,South,226.0
L02700,2024-07-31,Nordic Steel Co.,Formed Wire,216,4.03,2,Spot buy,North,870.48
L02379,2024-07-31,Alpha Fasteners Inc.,Formed Wire,285,2.28,27,Blanket release,South,649.8
L00513,2024-07-31,Britewire Ltd.,Fastener,25,1.78,20,Spot buy,North,44.5
L03023,2024-07-31,Nordic Steel Co.,Formed Wire,90,3.79,21,Blanket release,North,341.1
L04395,2024-07-31,Meridian Tooling (internal),Precision Assembly,1205,23.92,21,Spot buy,South,28823.6
L04962,2024-07-31,Rhein Polymer GmbH,Precision Assembly,1809,35.46,39,Spot buy,North,64147.14
L00992,2024-07-31,Nordic Steel Co.,Formed Wire,107,5.04,8,Spot buy,South,539.28
L04420,2024-07-31,Britewire Ltd.,Fastener,208,1.71,16,Spot buy,North,355.68
L02224,2024-07-31,Alpha Fasteners Inc.,Fastener,94,0.64,26,Blanket release,North,60.16
L02216,2024-07-31,Perez Castings S.A.,Cast Housing,246,9.59,19,Blanket release,South,2359.14
L06480,2024-07-31,Alpha Fasteners Inc.,Fastener,23,2.23,30,Spot buy,North,51.29
L03049,2024-07-31,Perez Castings S.A.,Cast Housing,400,6.43,13,Blanket release,South,2572.0
L03118,2024-07-31,Alpha Fasteners Inc.,Fastener,124,1.51,20,Spot buy,South,187.24
L04312,2024-07-31,Alpha Fasteners Inc.,Formed Wire,118,3.34,25,Spot buy,South,394.12
L07689,2024-07-31,Kwan Precision Ltd.,Precision Assembly,117,33.07,44,Spot buy,North,3869.19
L06848,2024-07-31,Kwan Precision Ltd.,Cast Housing,513,10.86,16,Spot buy,South,5571.18
L03471,2024-07-31,Nordic Steel Co.,Formed Wire,31,3.63,15,Spot buy,North,112.53
L01187,2024-07-31,Kwan Precision Ltd.,Cast Housing,209,10.18,26,Blanket release,South,2127.62
L04723,2024-07-31,Alpha Fasteners Inc.,Fastener,72,1.34,21,Blanket release,North,96.48
L02570,2024-07-31,Britewire Ltd.,Fastener,6,4.8,2,Spot buy,South,28.8
L02547,2024-07-31,Britewire Ltd.,Fastener,25,1.95,19,Spot buy,North,48.75
L01328,2024-07-31,Britewire Ltd.,Formed Wire,39,5.87,7,Spot buy,North,228.93
L07622,2024-07-31,Britewire Ltd.,Fastener,31,2.0,16,Spot buy,North,62.0
L04574,2024-07-31,Alpha Fasteners Inc.,Formed Wire,21,3.37,25,Blanket release,North,70.77
L04577,2024-07-31,Britewire Ltd.,Formed Wire,29,3.27,25,Spot buy,North,94.83
L02180,2024-07-31,Sato Industrial K.K.,Precision Assembly,397,48.73,8,Spot buy,North,19345.81
L04585,2024-07-31,Perez Castings S.A.,Precision Assembly,1441,21.18,31,Spot buy,South,30520.38
L04498,2024-07-31,Alpha Fasteners Inc.,Formed Wire,147,4.08,18,Spot buy,South,599.76
L00871,2024-07-31,Alpha Fasteners Inc.,Formed Wire,32,4.6,25,Blanket release,North,147.2
L07738,2024-07-31,Britewire Ltd.,Formed Wire,48,3.65,19,Spot buy,South,175.2
L01502,2024-07-31,Britewire Ltd.,Fastener,52,1.74,26,Spot buy,South,90.48
L00536,2024-07-31,Britewire Ltd.,Fastener,59,1.99,41,Spot buy,South,117.41
L05500,2024-07-31,Britewire Ltd.,Fastener,35,0.96,21,Spot buy,South,33.6
L03305,2024-07-31,Perez Castings S.A.,Cast Housing,535,8.95,19,Blanket release,North,4788.25
L04075,2024-07-31,Perez Castings S.A.,Precision Assembly,619,30.94,22,Blanket release,South,19151.86
L00592,2024-07-31,Alpha Fasteners Inc.,Fastener,51,1.69,23,Blanket release,North,86.19
L03383,2024-07-31,Alpha Fasteners Inc.,Formed Wire,88,5.04,24,Spot buy,North,443.52
L01677,2024-07-31,Rhein Polymer GmbH,Precision Assembly,1086,30.54,24,Blanket release,North,33166.44
L05392,2024-07-31,Rhein Polymer GmbH,Cast Housing,124,8.51,15,Spot buy,South,1055.24
L07023,2024-07-31,Alpha Fasteners Inc.,Fastener,121,1.54,33,Spot buy,North,186.34
L01660,2024-07-31,Alpha Fasteners Inc.,Formed Wire,39,2.85,13,Blanket release,North,111.15
L01642,2024-07-31,Britewire Ltd.,Fastener,5,1.79,20,Blanket release,South,8.95
L07063,2024-07-31,Sato Industrial K.K.,Precision Assembly,308,36.41,38,Spot buy,South,11214.28
L03394,2024-07-31,Britewire Ltd.,Fastener,92,1.46,36,Blanket release,North,134.32
L02102,2024-07-31,Britewire Ltd.,Fastener,282,0.98,14,Spot buy,North,276.36
L00702,2024-07-31,Kwan Precision Ltd.,Precision Assembly,250,28.84,26,Spot buy,North,7210.0
L02233,2024-07-31,Nordic Steel Co.,Cast Housing,121,9.62,15,Spot buy,North,1164.02
L07541,2024-07-31,Alpha Fasteners Inc.,Fastener,37,1.6,6,Spot buy,North,59.2
L03154,2024-07-31,Alpha Fasteners Inc.,Fastener,9,2.66,17,Spot buy,North,23.94
L02120,2024-07-31,Kwan Precision Ltd.,Cast Housing,160,11.92,30,Spot buy,North,1907.2
L06697,2024-07-31,Alpha Fasteners Inc.,Fastener,11,1.72,20,Spot buy,North,18.92
L01615,2024-07-31,Nordic Steel Co.,Formed Wire,17,5.24,27,Blanket release,North,89.08
L02652,2024-07-31,Sato Industrial K.K.,Precision Assembly,3878,36.01,30,Blanket release,North,139646.78
L07371,2024-07-31,Rhein Polymer GmbH,Precision Assembly,1088,30.14,38,Spot buy,North,32792.32
L03414,2024-07-31,Britewire Ltd.,Fastener,416,0.73,21,Spot buy,South,303.68
L06713,2024-07-31,Kwan Precision Ltd.,Cast Housing,306,14.32,14,Spot buy,North,4381.92
L05336,2024-07-31,Rhein Polymer GmbH,Precision Assembly,989,47.79,25,Spot buy,North,47264.31
L02553,2024-07-31,Britewire Ltd.,Fastener,128,1.58,19,Spot buy,North,202.24
L05963,2024-08-01,Alpha Fasteners Inc.,Fastener,37,1.19,21,Blanket release,South,44.03
L06175,2024-08-01,Alpha Fasteners Inc.,Fastener,27,1.61,23,Spot buy,North,43.47
L05996,2024-08-01,Rhein Polymer GmbH,Precision Assembly,289,47.45,33,Blanket release,South,13713.05
L05865,2024-08-01,Nordic Steel Co.,Cast Housing,336,9.38,11,Spot buy,North,3151.68
L06156,2024-08-01,Britewire Ltd.,Fastener,15,1.72,6,Blanket release,North,25.8
L02868,2024-08-01,Nordic Steel Co.,Formed Wire,77,3.78,3,Blanket release,North,291.06
L06214,2024-08-01,Kwan Precision Ltd.,Cast Housing,1787,6.86,32,Spot buy,North,12258.82
L06215,2024-08-01,Nordic Steel Co.,Cast Housing,499,6.57,33,Blanket release,South,3278.43
L04729,2024-08-01,Perez Castings S.A.,Cast Housing,61,11.57,25,Spot buy,North,705.77
L06250,2024-08-01,Sato Industrial K.K.,Precision Assembly,1588,34.53,17,Blanket release,North,54833.64
L06674,2024-08-01,Britewire Ltd.,Fastener,67,2.07,23,Blanket release,North,138.69
L07035,2024-08-01,Alpha Fasteners Inc.,Fastener,21,2.06,14,Blanket release,North,43.26
L04243,2024-08-01,Alpha Fasteners Inc.,Fastener,13,4.31,39,Spot buy,North,56.03
L04179,2024-08-01,Perez Castings S.A.,Cast Housing,130,8.66,29,Blanket release,North,1125.8
L04111,2024-08-01,Britewire Ltd.,Fastener,15,1.45,31,Spot buy,North,21.75
L04081,2024-08-01,Rhein Polymer GmbH,Cast Housing,118,12.88,17,Spot buy,North,1519.84
L04043,2024-08-01,Alpha Fasteners Inc.,Formed Wire,185,3.36,18,Spot buy,North,621.6
L03926,2024-08-01,Britewire Ltd.,Fastener,75,2.09,19,Spot buy,North,156.75
L06797,2024-08-01,Britewire Ltd.,Formed Wire,68,2.55,18,Blanket release,North,173.4
L03874,2024-08-01,Sato Industrial K.K.,Precision Assembly,587,38.24,34,Blanket release,North,22446.88
L03834,2024-08-01,Alpha Fasteners Inc.,Formed Wire,17,3.59,21,Spot buy,North,61.03
L03833,2024-08-01,Kwan Precision Ltd.,Precision Assembly,18586,22.27,39,Blanket release,North,413910.22
L06827,2024-08-01,Rhein Polymer GmbH,Precision Assembly,229,36.93,19,Blanket release,North,8456.97
L03632,2024-08-01,Rhein Polymer GmbH,Cast Housing,180,9.76,20,Blanket release,North,1756.8
L03540,2024-08-01,Britewire Ltd.,Formed Wire,78,2.25,35,Spot buy,North,175.5
L03425,2024-08-01,Nordic Steel Co.,Cast Housing,152,11.4,19,Spot buy,South,1732.8
L03348,2024-08-01,Britewire Ltd.,Formed Wire,282,2.22,26,Blanket release,North,626.04
L03117,2024-08-01,Kwan Precision Ltd.,Precision Assembly,259,36.18,27,Blanket release,South,9370.62
L06244,2024-08-01,Alpha Fasteners Inc.,Fastener,25,2.09,18,Spot buy,North,52.25
L04607,2024-08-01,Sato Industrial K.K.,Precision Assembly,1025,32.91,32,Spot buy,South,33732.75
L03082,2024-08-01,Alpha Fasteners Inc.,Formed Wire,1022,2.43,23,Spot buy,South,2483.46
L05742,2024-08-01,Alpha Fasteners Inc.,Fastener,17,2.39,18,Spot buy,South,40.63
L05715,2024-08-01,Nordic Steel Co.,Formed Wire,178,2.34,30,Blanket release,North,416.52
L05697,2024-08-01,Rhein Polymer GmbH,Cast Housing,236,10.52,15,Spot buy,North,2482.72
L05675,2024-08-01,Alpha Fasteners Inc.,Fastener,28,3.07,21,Blanket release,North,85.96
L02909,2024-08-01,Alpha Fasteners Inc.,Fastener,10,1.82,19,Spot buy,South,18.2
L05479,2024-08-01,Alpha Fasteners Inc.,Fastener,91,0.98,26,Blanket release,South,89.18
L07076,2024-08-01,Alpha Fasteners Inc.,Fastener,8,2.87,18,Blanket release,North,22.96
L02985,2024-08-01,Britewire Ltd.,Fastener,48,1.78,14,Spot buy,South,85.44
L06396,2024-08-01,Alpha Fasteners Inc.,Fastener,38,1.25,20,Spot buy,South,47.5
L06403,2024-08-01,Britewire Ltd.,Fastener,60,0.98,32,Spot buy,North,58.8
L05027,2024-08-01,Nordic Steel Co.,Cast Housing,141,9.45,27,Blanket release,South,1332.45
L04993,2024-08-01,Britewire Ltd.,Formed Wire,214,2.45,20,Spot buy,North,524.3
L04934,2024-08-01,Britewire Ltd.,Formed Wire,117,4.82,15,Spot buy,South,563.94
L06512,2024-08-01,Britewire Ltd.,Formed Wire,83,3.23,48,Spot buy,South,268.09
L04787,2024-08-01,Rhein Polymer GmbH,Cast Housing,89,13.69,23,Spot buy,South,1218.41
L04750,2024-08-01,Alpha Fasteners Inc.,Formed Wire,110,2.97,20,Blanket release,North,326.7
L04739,2024-08-01,Kwan Precision Ltd.,Cast Housing,95,21.09,26,Blanket release,South,2003.55
L03095,2024-08-01,Britewire Ltd.,Formed Wire,54,3.62,35,Blanket release,South,195.48
L04448,2024-08-01,Nordic Steel Co.,Cast Housing,355,8.18,27,Blanket release,North,2903.9
L08000,2024-08-01,Alpha Fasteners Inc.,Formed Wire,18,4.9,17,Spot buy,North,88.2
L02500,2024-08-01,Britewire Ltd.,Fastener,38,1.76,35,Spot buy,North,66.88
L01284,2024-08-01,Perez Castings S.A.,Precision Assembly,1943,51.36,24,Spot buy,South,99792.48
L02426,2024-08-01,Sato Industrial K.K.,Precision Assembly,78,53.56,20,Spot buy,South,4177.68
L02433,2024-08-01,Alpha Fasteners Inc.,Fastener,47,1.43,39,Spot buy,North,67.21
L07241,2024-08-01,Britewire Ltd.,Formed Wire,483,2.11,30,Blanket release,North,1019.13
L00075,2024-08-01,Alpha Fasteners Inc.,Formed Wire,369,2.92,26,Spot buy,South,1077.48
L00084,2024-08-01,Alpha Fasteners Inc.,Fastener,26,1.44,38,Spot buy,South,37.44
L00715,2024-08-01,Alpha Fasteners Inc.,Formed Wire,209,3.17,20,Spot buy,North,662.53
L07697,2024-08-01,Kwan Precision Ltd.,Precision Assembly,486,54.14,32,Spot buy,North,26312.04
L00089,2024-08-01,Kwan Precision Ltd.,Cast Housing,157,15.05,18,Spot buy,South,2362.85
L00405,2024-08-01,Britewire Ltd.,Formed Wire,53,3.62,25,Blanket release,South,191.86
L07874,2024-08-01,Alpha Fasteners Inc.,Fastener,8,1.34,22,Spot buy,North,10.72
L01729,2024-08-01,Britewire Ltd.,Fastener,7,2.82,18,Blanket release,North,19.74
L00520,2024-08-01,Britewire Ltd.,Formed Wire,203,2.87,14,Spot buy,South,582.61
L07338,2024-08-01,Perez Castings S.A.,Precision Assembly,287,37.81,34,Spot buy,South,10851.47
L07362,2024-08-01,Perez Castings S.A.,Precision Assembly,146,25.68,22,Blanket release,North,3749.28
L01526,2024-08-01,Rhein Polymer GmbH,Cast Housing,44,18.17,24,Spot buy,North,799.48
L02727,2024-08-01,Alpha Fasteners Inc.,Fastener,3,2.95,33,Spot buy,North,8.85
L00255,2024-08-01,Nordic Steel Co.,Cast Housing,218,9.53,32,Blanket release,North,2077.54
L00845,2024-08-01,Britewire Ltd.,Fastener,66,1.89,2,Blanket release,North,124.74
L00919,2024-08-01,Britewire Ltd.,Formed Wire,66,3.23,10,Spot buy,South,213.18
L00238,2024-08-01,Rhein Polymer GmbH,Cast Housing,175,10.86,20,Blanket release,North,1900.5
L01123,2024-08-01,Alpha Fasteners Inc.,Fastener,15,1.28,12,Spot buy,South,19.2
L01937,2024-08-01,Alpha Fasteners Inc.,Fastener,85,0.93,13,Spot buy,North,79.05
L07926,2024-08-01,Alpha Fasteners Inc.,Fastener,65,2.25,26,Spot buy,South,146.25
L01125,2024-08-01,Britewire Ltd.,Fastener,20,1.81,30,Spot buy,North,36.2
L01685,2024-08-01,Alpha Fasteners Inc.,Formed Wire,439,3.28,20,Spot buy,South,1439.92
L01194,2024-08-01,Perez Castings S.A.,Precision Assembly,403,27.17,47,Blanket release,North,10949.51
L00050,2024-08-01,Nordic Steel Co.,Cast Housing,18,20.05,32,Spot buy,South,360.9
L01963,2024-08-01,Alpha Fasteners Inc.,Fastener,48,1.9,17,Spot buy,South,91.2
L07610,2024-08-01,Britewire Ltd.,Fastener,4,3.69,2,Spot buy,South,14.76
L00567,2024-08-01,Alpha Fasteners Inc.,Fastener,41,2.64,16,Spot buy,North,108.24
L01331,2024-08-01,Britewire Ltd.,Formed Wire,13,2.26,12,Spot buy,South,29.38
L02338,2024-08-01,Britewire Ltd.,Fastener,149,1.62,21,Spot buy,North,241.38
L00633,2024-08-01,Alpha Fasteners Inc.,Fastener,91,1.48,13,Spot buy,North,134.68
L02357,2024-08-02,Britewire Ltd.,Fastener,9,2.9,20,Spot buy,South,26.1
L05219,2024-08-02,Sato Industrial K.K.,Precision Assembly,1225,36.41,22,Spot buy,North,44602.25
L05718,2024-08-02,Britewire Ltd.,Formed Wire,81,2.9,29,Spot buy,North,234.9
L06758,2024-08-02,Britewire Ltd.,Fastener,8,3.12,9,Spot buy,North,24.96
L02941,2024-08-02,Rhein Polymer GmbH,Precision Assembly,737,41.33,17,Blanket release,South,30460.21
L02807,2024-08-02,Britewire Ltd.,Formed Wire,114,3.67,24,Blanket release,North,418.38
L05125,2024-08-02,Kwan Precision Ltd.,Cast Housing,26,9.78,2,Blanket release,South,254.28
L05243,2024-08-02,Britewire Ltd.,Formed Wire,151,3.46,19,Spot buy,South,522.46
L00916,2024-08-02,Britewire Ltd.,Fastener,26,1.61,23,Spot buy,South,41.86
L07441,2024-08-02,Nordic Steel Co.,Cast Housing,316,12.89,23,Spot buy,South,4073.24
L03434,2024-08-02,Britewire Ltd.,Fastener,75,3.05,19,Spot buy,South,228.75
L05507,2024-08-02,Nordic Steel Co.,Formed Wire,310,2.63,19,Blanket release,South,815.3
L00196,2024-08-02,Nordic Steel Co.,Formed Wire,57,5.76,15,Spot buy,South,328.32
L03626,2024-08-02,Britewire Ltd.,Fastener,72,1.31,22,Blanket release,North,94.32
L05660,2024-08-02,Britewire Ltd.,Formed Wire,131,3.06,31,Blanket release,South,400.86
L07207,2024-08-02,Britewire Ltd.,Fastener,75,1.35,15,Spot buy,North,101.25
L07330,2024-08-02,Alpha Fasteners Inc.,Formed Wire,43,6.76,21,Spot buy,South,290.68
L02331,2024-08-02,Sato Industrial K.K.,Precision Assembly,376,42.93,19,Blanket release,North,16141.68
L07768,2024-08-02,Alpha Fasteners Inc.,Fastener,16,2.02,21,Spot buy,South,32.32
L02176,2024-08-02,Rhein Polymer GmbH,Precision Assembly,215,37.83,21,Blanket release,North,8133.45
L07615,2024-08-02,Kwan Precision Ltd.,Precision Assembly,122,43.65,15,Blanket release,North,5325.3
L05496,2024-08-02,Nordic Steel Co.,Formed Wire,676,2.57,32,Blanket release,South,1737.32
L06227,2024-08-02,Alpha Fasteners Inc.,Formed Wire,62,3.31,35,Spot buy,North,205.22
L04562,2024-08-02,Nordic Steel Co.,Formed Wire,90,2.14,36,Spot buy,North,192.6
L07335,2024-08-02,Nordic Steel Co.,Formed Wire,187,2.3,18,Blanket release,North,430.1
L07656,2024-08-02,Alpha Fasteners Inc.,Fastener,20,1.95,13,Spot buy,North,39.0
L04956,2024-08-02,Rhein Polymer GmbH,Precision Assembly,264,53.53,27,Blanket release,North,14131.92
L02629,2024-08-02,Nordic Steel Co.,Formed Wire,97,2.93,14,Blanket release,South,284.21
L03599,2024-08-02,Kwan Precision Ltd.,Precision Assembly,165,32.0,43,Blanket release,North,5280.0
L03823,2024-08-02,Nordic Steel Co.,Formed Wire,97,3.25,2,Spot buy,North,315.25
L04771,2024-08-02,Rhein Polymer GmbH,Cast Housing,478,8.04,31,Blanket release,North,3843.12
L01445,2024-08-02,Sato Industrial K.K.,Precision Assembly,304,35.14,22,Blanket release,North,10682.56
L05017,2024-08-02,Perez Castings S.A.,Cast Housing,157,7.23,27,Spot buy,North,1135.11
L04280,2024-08-02,Alpha Fasteners Inc.,Formed Wire,86,1.96,35,Spot buy,North,168.56
L02093,2024-08-02,Nordic Steel Co.,Cast Housing,320,13.72,12,Spot buy,North,4390.4
L03482,2024-08-02,Nordic Steel Co.,Formed Wire,52,6.29,20,Blanket release,North,327.08
L07954,2024-08-02,Perez Castings S.A.,Precision Assembly,1631,28.49,14,Spot buy,South,46467.19
L03024,2024-08-02,Britewire Ltd.,Formed Wire,46,5.3,19,Spot buy,South,243.8
L05657,2024-08-02,Rhein Polymer GmbH,Cast Housing,196,10.18,29,Blanket release,North,1995.28
L04877,2024-08-02,Nordic Steel Co.,Formed Wire,134,3.62,10,Blanket release,North,485.08
L03378,2024-08-02,Nordic Steel Co.,Cast Housing,137,10.14,21,Blanket release,North,1389.18
L06300,2024-08-02,Britewire Ltd.,Formed Wire,161,1.83,27,Blanket release,South,294.63
L02860,2024-08-02,Britewire Ltd.,Formed Wire,80,3.48,37,Blanket release,North,278.4
L04791,2024-08-02,Nordic Steel Co.,Cast Housing,306,9.0,8,Spot buy,North,2754.0
L07112,2024-08-02,Alpha Fasteners Inc.,Fastener,50,0.98,7,Blanket release,North,49.0
L07011,2024-08-02,Perez Castings S.A.,Precision Assembly,76,31.09,39,Blanket release,North,2362.84
L01062,2024-08-02,Britewire Ltd.,Fastener,22,1.28,12,Spot buy,South,28.16
L03291,2024-08-02,Sato Industrial K.K.,Precision Assembly,214,53.82,26,Spot buy,North,11517.48
L01595,2024-08-02,Britewire Ltd.,Fastener,1,3.0,20,Spot buy,South,3.0
L00052,2024-08-02,Kwan Precision Ltd.,Precision Assembly,149,78.35,46,Spot buy,South,11674.15
L03354,2024-08-02,Nordic Steel Co.,Cast Housing,95,7.99,16,Spot buy,North,759.05
L03564,2024-08-02,Kwan Precision Ltd.,Cast Housing,43,13.26,14,Blanket release,North,570.18
L07722,2024-08-02,Nordic Steel Co.,Cast Housing,163,12.3,24,Blanket release,North,2004.9
L02683,2024-08-02,Britewire Ltd.,Formed Wire,177,1.97,20,Blanket release,South,348.69
L05866,2024-08-02,Rhein Polymer GmbH,Precision Assembly,1605,27.82,22,Spot buy,South,44651.1
L04104,2024-08-02,Nordic Steel Co.,Cast Housing,93,7.71,36,Blanket release,North,717.03
L06670,2024-08-02,Nordic Steel Co.,Cast Housing,75,12.15,13,Spot buy,North,911.25
L05348,2024-08-02,Britewire Ltd.,Fastener,73,1.48,20,Spot buy,North,108.04
L03998,2024-08-02,Britewire Ltd.,Fastener,26,2.96,2,Spot buy,North,76.96
L02498,2024-08-02,Britewire Ltd.,Fastener,5,4.29,19,Spot buy,North,21.45
L07793,2024-08-02,Britewire Ltd.,Fastener,15,2.2,5,Spot buy,North,33.0
L05112,2024-08-02,Britewire Ltd.,Fastener,49,1.82,33,Spot buy,South,89.18
L00086,2024-08-02,Alpha Fasteners Inc.,Formed Wire,46,4.13,27,Blanket release,South,189.98
L01006,2024-08-02,Rhein Polymer GmbH,Cast Housing,411,6.59,21,Blanket release,North,2708.49
L02808,2024-08-02,Rhein Polymer GmbH,Cast Housing,213,8.49,4,Blanket release,North,1808.37
L00881,2024-08-02,Nordic Steel Co.,Formed Wire,111,5.6,24,Blanket release,North,621.6
L01765,2024-08-02,Kwan Precision Ltd.,Cast Housing,235,8.18,5,Blanket release,South,1922.3
L00165,2024-08-02,Britewire Ltd.,Fastener,63,2.2,22,Spot buy,South,138.6
L05333,2024-08-02,Nordic Steel Co.,Formed Wire,134,2.98,29,Blanket release,South,399.32
L00596,2024-08-02,Alpha Fasteners Inc.,Fastener,21,3.07,16,Blanket release,North,64.47
L03554,2024-08-03,Kwan Precision Ltd.,Cast Housing,26,8.22,18,Blanket release,South,213.72
L05458,2024-08-03,Britewire Ltd.,Fastener,28,1.66,21,Spot buy,South,46.48
L03281,2024-08-03,Britewire Ltd.,Fastener,7,1.68,18,Spot buy,North,11.76
L07663,2024-08-03,Alpha Fasteners Inc.,Fastener,39,1.38,17,Spot buy,South,53.82
L05881,2024-08-03,Sato Industrial K.K.,Precision Assembly,1923,34.54,46,Blanket release,North,66420.42
L00221,2024-08-03,Nordic Steel Co.,Formed Wire,49,2.92,8,Blanket release,North,143.08
L06742,2024-08-03,Nordic Steel Co.,Cast Housing,132,12.4,14,Blanket release,North,1636.8
L01924,2024-08-03,Perez Castings S.A.,Precision Assembly,71,25.78,37,Spot buy,South,1830.38
L07174,2024-08-03,Britewire Ltd.,Formed Wire,321,2.14,16,Spot buy,North,686.94
L03556,2024-08-03,Alpha Fasteners Inc.,Formed Wire,48,2.5,27,Blanket release,South,120.0
L03923,2024-08-03,Britewire Ltd.,Fastener,23,1.77,13,Blanket release,North,40.71
L07918,2024-08-03,Nordic Steel Co.,Formed Wire,272,2.87,8,Spot buy,South,780.64
L07555,2024-08-03,Nordic Steel Co.,Formed Wire,32,5.74,19,Spot buy,North,183.68
L05404,2024-08-03,Alpha Fasteners Inc.,Fastener,24,1.97,40,Spot buy,South,47.28
L06743,2024-08-03,Britewire Ltd.,Formed Wire,50,3.27,6,Blanket release,North,163.5
L04633,2024-08-03,Britewire Ltd.,Fastener,53,1.6,24,Spot buy,North,84.8
L02017,2024-08-03,Alpha Fasteners Inc.,Fastener,278,1.13,27,Spot buy,South,314.14
L05347,2024-08-03,Kwan Precision Ltd.,Precision Assembly,257,48.79,23,Spot buy,South,12539.03
L01307,2024-08-03,Alpha Fasteners Inc.,Formed Wire,36,4.2,30,Spot buy,South,151.2
L03877,2024-08-03,Alpha Fasteners Inc.,Fastener,22,1.76,43,Blanket release,North,38.72
L07474,2024-08-03,Alpha Fasteners Inc.,Fastener,21,1.17,12,Spot buy,North,24.57
L00629,2024-08-03,Britewire Ltd.,Fastener,53,1.79,19,Spot buy,South,94.87
L05416,2024-08-03,Kwan Precision Ltd.,Precision Assembly,152,50.87,36,Spot buy,North,7732.24
L03881,2024-08-03,Perez Castings S.A.,Cast Housing,167,9.85,17,Spot buy,South,1644.95
L04619,2024-08-03,Rhein Polymer GmbH,Cast Housing,299,8.09,31,Blanket release,North,2418.91
L03339,2024-08-03,Alpha Fasteners Inc.,Fastener,113,0.81,33,Blanket release,North,91.53
L04527,2024-08-03,Britewire Ltd.,Fastener,112,1.14,19,Spot buy,North,127.68
L03954,2024-08-03,Kwan Precision Ltd.,Cast Housing,1657,8.98,21,Blanket release,North,14879.86
L04521,2024-08-03,Alpha Fasteners Inc.,Fastener,22,2.27,36,Spot buy,North,49.94
L05398,2024-08-03,Kwan Precision Ltd.,Cast Housing,269,7.96,44,Spot buy,South,2141.24
L00455,2024-08-03,Perez Castings S.A.,Cast Housing,48,12.89,17,Blanket release,South,618.72
L07562,2024-08-03,Nordic Steel Co.,Formed Wire,29,5.87,35,Blanket release,South,170.23
L02474,2024-08-03,Alpha Fasteners Inc.,Fastener,12,1.91,24,Blanket release,North,22.92
L03398,2024-08-03,Meridian Tooling (internal),Cast Housing,44,7.04,29,Spot buy,South,309.76
L03916,2024-08-03,Britewire Ltd.,Fastener,65,1.88,14,Spot buy,North,122.2
L07907,2024-08-03,Britewire Ltd.,Fastener,212,1.15,16,Spot buy,North,243.8
L04736,2024-08-03,Nordic Steel Co.,Cast Housing,395,10.97,28,Blanket release,North,4333.15
L04735,2024-08-03,Meridian Tooling (internal),Cast Housing,62,10.6,13,Blanket release,North,657.2
L04718,2024-08-03,Kwan Precision Ltd.,Cast Housing,141,9.41,20,Spot buy,South,1326.81
L07194,2024-08-03,Kwan Precision Ltd.,Precision Assembly,2078,34.45,33,Spot buy,North,71587.1
L06977,2024-08-03,Perez Castings S.A.,Cast Housing,276,10.25,21,Blanket release,North,2829.0
L06245,2024-08-03,Kwan Precision Ltd.,Cast Housing,466,15.85,25,Spot buy,North,7386.1
L03101,2024-08-03,Alpha Fasteners Inc.,Fastener,62,2.15,36,Blanket release,South,133.3
L06267,2024-08-03,Rhein Polymer GmbH,Cast Housing,38,11.53,25,Blanket release,South,438.14
L00378,2024-08-03,Alpha Fasteners Inc.,Fastener,104,1.48,21,Blanket release,South,153.92
L06554,2024-08-03,Britewire Ltd.,Fastener,76,1.33,13,Blanket release,North,101.08
L05285,2024-08-03,Perez Castings S.A.,Cast Housing,265,14.51,20,Spot buy,South,3845.15
L03323,2024-08-03,Rhein Polymer GmbH,Cast Housing,351,12.04,27,Spot buy,South,4226.04
L05319,2024-08-03,Alpha Fasteners Inc.,Fastener,18,1.44,23,Spot buy,North,25.92
L06593,2024-08-03,Rhein Polymer GmbH,Precision Assembly,3950,37.66,27,Blanket release,South,148757.0
L02203,2024-08-03,Britewire Ltd.,Fastener,20,2.53,9,Blanket release,South,50.6
L04901,2024-08-03,Britewire Ltd.,Fastener,10,2.01,33,Spot buy,North,20.1
L04098,2024-08-03,Britewire Ltd.,Formed Wire,152,3.12,19,Spot buy,South,474.24
L01092,2024-08-03,Kwan Precision Ltd.,Precision Assembly,688,32.62,28,Blanket release,North,22442.56
L06198,2024-08-03,Kwan Precision Ltd.,Precision Assembly,474,32.54,22,Blanket release,South,15423.96
L07712,2024-08-03,Britewire Ltd.,Formed Wire,38,4.81,18,Blanket release,North,182.78
L01643,2024-08-03,Britewire Ltd.,Fastener,32,1.4,33,Blanket release,South,44.8
L02046,2024-08-03,Britewire Ltd.,Formed Wire,18,4.38,35,Spot buy,North,78.84
L06172,2024-08-03,Britewire Ltd.,Fastener,287,1.14,15,Blanket release,North,327.18
L06709,2024-08-03,Sato Industrial K.K.,Precision Assembly,212,62.28,38,Spot buy,South,13203.36
L02910,2024-08-03,Perez Castings S.A.,Cast Housing,276,8.61,4,Blanket release,South,2376.36
L00147,2024-08-03,Nordic Steel Co.,Formed Wire,25,5.23,34,Blanket release,North,130.75
L07358,2024-08-03,Alpha Fasteners Inc.,Fastener,21,2.36,13,Spot buy,South,49.56
L06159,2024-08-03,Perez Castings S.A.,Cast Housing,156,14.38,10,Spot buy,North,2243.28
L01980,2024-08-03,Alpha Fasteners Inc.,Formed Wire,112,4.81,22,Spot buy,South,538.72
L00068,2024-08-03,Britewire Ltd.,Fastener,298,1.64,32,Blanket release,South,488.72
L06500,2024-08-03,Alpha Fasteners Inc.,Fastener,141,1.06,19,Blanket release,North,149.46
L02009,2024-08-03,Rhein Polymer GmbH,Precision Assembly,1709,38.97,38,Blanket release,North,66599.73
L02953,2024-08-03,Kwan Precision Ltd.,Precision Assembly,445,33.49,35,Blanket release,South,14903.05
L06898,2024-08-03,Britewire Ltd.,Fastener,133,1.45,7,Spot buy,South,192.85
L06126,2024-08-03,Britewire Ltd.,Fastener,2,3.04,15,Blanket release,South,6.08
L01967,2024-08-03,Britewire Ltd.,Formed Wire,977,1.97,12,Blanket release,South,1924.69
L02097,2024-08-03,Nordic Steel Co.,Formed Wire,125,2.99,16,Blanket release,South,373.75
L02890,2024-08-03,Alpha Fasteners Inc.,Formed Wire,87,2.09,14,Spot buy,North,181.83
L04848,2024-08-03,Britewire Ltd.,Fastener,30,1.46,13,Spot buy,South,43.8
L05716,2024-08-04,Nordic Steel Co.,Formed Wire,47,5.39,2,Spot buy,North,253.33
L02759,2024-08-04,Perez Castings S.A.,Precision Assembly,276,31.94,32,Spot buy,North,8815.44
L03473,2024-08-04,Britewire Ltd.,Formed Wire,30,5.2,22,Blanket release,North,156.0
L02469,2024-08-04,Kwan Precision Ltd.,Cast Housing,910,13.72,21,Blanket release,South,12485.2
L04671,2024-08-04,Britewire Ltd.,Fastener,42,2.3,32,Spot buy,North,96.6
L00388,2024-08-04,Perez Castings S.A.,Precision Assembly,250,44.88,24,Blanket release,North,11220.0
L06843,2024-08-04,Britewire Ltd.,Fastener,6,3.4,28,Spot buy,North,20.4
L04224,2024-08-04,Rhein Polymer GmbH,Cast Housing,145,6.77,20,Blanket release,North,981.65
L01217,2024-08-04,Alpha Fasteners Inc.,Fastener,5,1.69,23,Blanket release,North,8.45
L07331,2024-08-04,Alpha Fasteners Inc.,Fastener,103,1.37,31,Spot buy,North,141.11
L02869,2024-08-04,Britewire Ltd.,Fastener,27,1.2,24,Blanket release,North,32.4
L03107,2024-08-04,Nordic Steel Co.,Cast Housing,22,13.92,18,Blanket release,North,306.24
L05694,2024-08-04,Britewire Ltd.,Fastener,27,1.28,26,Spot buy,South,34.56
L03379,2024-08-04,Rhein Polymer GmbH,Precision Assembly,513,53.32,29,Spot buy,South,27353.16
L05000,2024-08-04,Nordic Steel Co.,Formed Wire,439,2.39,13,Blanket release,North,1049.21
L07409,2024-08-04,Alpha Fasteners Inc.,Fastener,157,1.51,15,Blanket release,North,237.07
L06275,2024-08-04,Alpha Fasteners Inc.,Formed Wire,67,3.33,14,Spot buy,South,223.11
L00380,2024-08-04,Alpha Fasteners Inc.,Fastener,44,2.7,16,Spot buy,North,118.8
L06241,2024-08-04,Nordic Steel Co.,Cast Housing,90,10.48,13,Spot buy,North,943.2
L01268,2024-08-04,Nordic Steel Co.,Cast Housing,211,17.09,29,Spot buy,South,3605.99
L03065,2024-08-04,Rhein Polymer GmbH,Precision Assembly,274,45.69,28,Spot buy,South,12519.06
L07588,2024-08-04,Britewire Ltd.,Formed Wire,236,2.7,14,Blanket release,North,637.2
L00445,2024-08-04,Kwan Precision Ltd.,Cast Housing,585,6.92,35,Blanket release,North,4048.2
L02559,2024-08-04,Alpha Fasteners Inc.,Fastener,5,2.97,32,Spot buy,North,14.85
L06003,2024-08-04,Nordic Steel Co.,Cast Housing,266,6.83,26,Blanket release,North,1816.78
L07685,2024-08-04,Britewire Ltd.,Formed Wire,95,2.11,15,Spot buy,North,200.45
L06692,2024-08-04,Kwan Precision Ltd.,Cast Housing,106,13.57,10,Spot buy,South,1438.42
L05230,2024-08-04,Sato Industrial K.K.,Precision Assembly,2643,28.47,38,Spot buy,South,75246.21
L02572,2024-08-04,Alpha Fasteners Inc.,Formed Wire,175,3.04,22,Spot buy,North,532.0
L07731,2024-08-04,Britewire Ltd.,Fastener,13,3.55,17,Spot buy,South,46.15
L07786,2024-08-04,Perez Castings S.A.,Cast Housing,219,7.63,35,Spot buy,South,1670.97
L01223,2024-08-04,Alpha Fasteners Inc.,Fastener,96,0.93,35,Blanket release,South,89.28
L04001,2024-08-04,Kwan Precision Ltd.,Cast Housing,75,13.12,16,Spot buy,South,984.0
L03079,2024-08-04,Kwan Precision Ltd.,Cast Housing,664,12.34,11,Spot buy,South,8193.76
L03997,2024-08-04,Alpha Fasteners Inc.,Fastener,69,1.52,24,Spot buy,South,104.88
L07242,2024-08-04,Alpha Fasteners Inc.,Formed Wire,106,3.44,20,Spot buy,South,364.64
L06800,2024-08-04,Alpha Fasteners Inc.,Formed Wire,56,2.43,29,Blanket release,South,136.08
L06488,2024-08-04,Perez Castings S.A.,Precision Assembly,1227,21.98,32,Blanket release,North,26969.46
L00373,2024-08-04,Nordic Steel Co.,Formed Wire,16,6.07,12,Blanket release,North,97.12
L03166,2024-08-04,Nordic Steel Co.,Formed Wire,122,2.93,19,Spot buy,South,357.46
L02268,2024-08-04,Nordic Steel Co.,Formed Wire,57,3.45,26,Blanket release,North,196.65
L01543,2024-08-04,Britewire Ltd.,Formed Wire,34,2.67,33,Blanket release,North,90.78
L04644,2024-08-04,Perez Castings S.A.,Precision Assembly,389,35.74,18,Blanket release,South,13902.86
L07093,2024-08-04,Alpha Fasteners Inc.,Formed Wire,147,3.3,10,Blanket release,North,485.1
L04479,2024-08-04,Alpha Fasteners Inc.,Formed Wire,122,3.21,35,Spot buy,South,391.62
L00384,2024-08-04,Perez Castings S.A.,Precision Assembly,1666,27.4,26,Spot buy,South,45648.4
L03756,2024-08-04,Britewire Ltd.,Fastener,30,1.35,21,Spot buy,South,40.5
L04760,2024-08-04,Alpha Fasteners Inc.,Fastener,21,3.52,22,Spot buy,North,73.92
L04184,2024-08-04,Nordic Steel Co.,Cast Housing,235,10.84,20,Blanket release,North,2547.4
L05456,2024-08-04,Alpha Fasteners Inc.,Formed Wire,175,2.58,24,Spot buy,South,451.5
L00637,2024-08-04,Perez Castings S.A.,Precision Assembly,182,35.7,27,Blanket release,North,6497.4
L01360,2024-08-04,Nordic Steel Co.,Cast Housing,25,14.74,12,Blanket release,North,368.5
L03236,2024-08-04,Alpha Fasteners Inc.,Fastener,47,0.83,22,Blanket release,North,39.01
L07245,2024-08-04,Alpha Fasteners Inc.,Fastener,15,1.93,26,Blanket release,South,28.95
L07269,2024-08-04,Alpha Fasteners Inc.,Fastener,20,2.37,11,Blanket release,South,47.4
L07944,2024-08-04,Nordic Steel Co.,Cast Housing,120,14.72,18,Blanket release,North,1766.4
L01155,2024-08-04,Perez Castings S.A.,Cast Housing,145,8.12,6,Blanket release,North,1177.4
L02292,2024-08-04,Alpha Fasteners Inc.,Fastener,17,2.26,11,Spot buy,South,38.42
L04325,2024-08-04,Perez Castings S.A.,Precision Assembly,2214,24.7,24,Spot buy,North,54685.8
L03788,2024-08-04,Britewire Ltd.,Fastener,6,3.3,14,Spot buy,South,19.8
L02946,2024-08-04,Nordic Steel Co.,Cast Housing,307,8.75,20,Spot buy,North,2686.25
L01828,2024-08-04,Alpha Fasteners Inc.,Fastener,43,1.55,22,Spot buy,North,66.65
L00163,2024-08-04,Britewire Ltd.,Fastener,45,1.58,10,Spot buy,South,71.1
L01639,2024-08-04,Britewire Ltd.,Fastener,8,1.7,23,Spot buy,North,13.6
L05455,2024-08-04,Alpha Fasteners Inc.,Formed Wire,233,1.99,37,Blanket release,South,463.67
L01709,2024-08-04,Alpha Fasteners Inc.,Fastener,29,0.89,20,Blanket release,South,25.81
L05144,2024-08-04,Alpha Fasteners Inc.,Fastener,39,1.21,24,Blanket release,South,47.19
L00224,2024-08-04,Nordic Steel Co.,Cast Housing,42,8.72,21,Blanket release,North,366.24
L02025,2024-08-04,Rhein Polymer GmbH,Precision Assembly,264,30.29,16,Spot buy,South,7996.56
L01818,2024-08-04,Britewire Ltd.,Formed Wire,345,3.29,18,Blanket release,South,1135.05
L01673,2024-08-04,Sato Industrial K.K.,Precision Assembly,1048,42.04,30,Spot buy,North,44057.92
L03029,2024-08-04,Rhein Polymer GmbH,Precision Assembly,152,38.08,52,Blanket release,North,5788.16
L00056,2024-08-04,Nordic Steel Co.,Formed Wire,49,4.9,3,Spot buy,North,240.1
L01976,2024-08-04,Britewire Ltd.,Fastener,167,1.12,18,Spot buy,North,187.04
L00656,2024-08-04,Rhein Polymer GmbH,Cast Housing,276,8.02,11,Blanket release,South,2213.52
L00518,2024-08-04,Britewire Ltd.,Fastener,70,2.23,22,Spot buy,North,156.1
L01848,2024-08-04,Perez Castings S.A.,Precision Assembly,178,39.42,26,Blanket release,South,7016.76
L04618,2024-08-04,Britewire Ltd.,Formed Wire,40,3.62,13,Spot buy,North,144.8
L05459,2024-08-04,Meridian Tooling (internal),Precision Assembly,902,16.82,22,Spot buy,North,15171.64
L04898,2024-08-04,Alpha Fasteners Inc.,Fastener,39,2.18,10,Spot buy,North,85.02
L07515,2024-08-05,Britewire Ltd.,Fastener,19,1.4,21,Spot buy,North,26.6
L03698,2024-08-05,Meridian Tooling (internal),Cast Housing,51,5.04,23,Spot buy,South,257.04
L06628,2024-08-05,Perez Castings S.A.,Precision Assembly,1071,33.85,39,Spot buy,South,36253.35
L01036,2024-08-05,Alpha Fasteners Inc.,Fastener,72,1.13,8,Blanket release,North,81.36
L07482,2024-08-05,Alpha Fasteners Inc.,Fastener,168,1.43,21,Spot buy,North,240.24
L04546,2024-08-05,Britewire Ltd.,Fastener,18,1.43,24,Spot buy,North,25.74
L01021,2024-08-05,Nordic Steel Co.,Formed Wire,40,3.84,23,Blanket release,North,153.6
L00585,2024-08-05,Britewire Ltd.,Fastener,31,2.58,24,Blanket release,North,79.98
L01823,2024-08-05,Nordic Steel Co.,Formed Wire,8,6.48,30,Blanket release,North,51.84
L05666,2024-08-05,Nordic Steel Co.,Cast Housing,522,8.59,24,Blanket release,North,4483.98
L05441,2024-08-05,Alpha Fasteners Inc.,Fastener,22,1.65,33,Spot buy,North,36.3
L06879,2024-08-05,Alpha Fasteners Inc.,Fastener,113,0.99,19,Spot buy,South,111.87
L07217,2024-08-05,Rhein Polymer GmbH,Cast Housing,1611,9.92,24,Blanket release,South,15981.12
L01243,2024-08-05,Alpha Fasteners Inc.,Fastener,32,2.47,31,Spot buy,South,79.04
L00058,2024-08-05,Rhein Polymer GmbH,Cast Housing,112,12.12,11,Blanket release,North,1357.44
L03857,2024-08-05,Alpha Fasteners Inc.,Formed Wire,30,3.12,22,Blanket release,South,93.6
L06305,2024-08-05,Perez Castings S.A.,Cast Housing,89,11.01,29,Blanket release,North,979.89
L04679,2024-08-05,Britewire Ltd.,Formed Wire,4,7.08,34,Blanket release,South,28.32
L01278,2024-08-05,Britewire Ltd.,Fastener,70,1.34,16,Blanket release,North,93.8
L00687,2024-08-05,Perez Castings S.A.,Precision Assembly,624,28.53,29,Spot buy,North,17802.72
L05378,2024-08-05,Nordic Steel Co.,Cast Housing,485,5.2,28,Blanket release,North,2522.0
L01380,2024-08-05,Nordic Steel Co.,Cast Housing,23,15.21,10,Blanket release,North,349.83
L01650,2024-08-05,Rhein Polymer GmbH,Precision Assembly,3134,24.23,28,Blanket release,North,75936.82
L00458,2024-08-05,Britewire Ltd.,Fastener,20,1.38,10,Spot buy,North,27.6
L02446,2024-08-05,Rhein Polymer GmbH,Cast Housing,366,6.39,26,Blanket release,North,2338.74
L07805,2024-08-05,Alpha Fasteners Inc.,Fastener,33,1.92,21,Spot buy,South,63.36
L02006,2024-08-05,Alpha Fasteners Inc.,Fastener,77,1.9,20,Blanket release,South,146.3
L07106,2024-08-05,Kwan Precision Ltd.,Cast Housing,161,10.67,19,Blanket release,North,1717.87
L04150,2024-08-05,Britewire Ltd.,Fastener,31,1.06,16,Spot buy,North,32.86
L06563,2024-08-05,Britewire Ltd.,Fastener,36,1.12,4,Blanket release,South,40.32
L03229,2024-08-05,Perez Castings S.A.,Cast Housing,536,8.51,22,Blanket release,North,4561.36
L00642,2024-08-05,Alpha Fasteners Inc.,Fastener,19,2.36,25,Spot buy,South,44.84
L00446,2024-08-05,Britewire Ltd.,Fastener,28,2.38,2,Spot buy,North,66.64
L06993,2024-08-05,Britewire Ltd.,Formed Wire,8,4.92,6,Blanket release,North,39.36
L04660,2024-08-05,Britewire Ltd.,Formed Wire,512,2.92,24,Spot buy,North,1495.04
L02084,2024-08-05,Nordic Steel Co.,Cast Housing,83,14.55,22,Blanket release,South,1207.65
L00718,2024-08-05,Alpha Fasteners Inc.,Fastener,32,1.45,24,Spot buy,South,46.4
L06320,2024-08-05,Britewire Ltd.,Formed Wire,126,2.1,4,Blanket release,North,264.6
L03904,2024-08-05,Rhein Polymer GmbH,Cast Housing,134,19.67,2,Blanket release,North,2635.78
L00743,2024-08-05,Alpha Fasteners Inc.,Fastener,26,2.68,20,Blanket release,North,69.68
L01570,2024-08-05,Nordic Steel Co.,Cast Housing,597,8.54,20,Spot buy,North,5098.38
L04154,2024-08-05,Rhein Polymer GmbH,Precision Assembly,6095,46.78,36,Spot buy,North,285124.1
L07869,2024-08-05,Nordic Steel Co.,Formed Wire,65,5.37,15,Spot buy,South,349.05
L06880,2024-08-05,Britewire Ltd.,Formed Wire,173,2.33,30,Spot buy,South,403.09
L05210,2024-08-05,Alpha Fasteners Inc.,Formed Wire,67,3.89,25,Blanket release,North,260.63
L05745,2024-08-05,Nordic Steel Co.,Formed Wire,221,2.81,31,Blanket release,South,621.01
L00789,2024-08-05,Alpha Fasteners Inc.,Formed Wire,148,3.34,25,Blanket release,North,494.32
L05754,2024-08-05,Kwan Precision Ltd.,Cast Housing,280,12.47,17,Blanket release,North,3491.6
L00800,2024-08-05,Britewire Ltd.,Formed Wire,44,2.39,17,Blanket release,North,105.16
L01113,2024-08-05,Britewire Ltd.,Fastener,115,1.09,18,Blanket release,North,125.35
L03827,2024-08-05,Perez Castings S.A.,Precision Assembly,713,24.73,19,Blanket release,North,17632.49
L07438,2024-08-05,Kwan Precision Ltd.,Precision Assembly,632,52.08,22,Blanket release,South,32914.56
L04042,2024-08-05,Perez Castings S.A.,Cast Housing,48,13.84,9,Blanket release,North,664.32
L07957,2024-08-05,Alpha Fasteners Inc.,Fastener,30,3.04,16,Blanket release,South,91.2
L02123,2024-08-05,Alpha Fasteners Inc.,Fastener,37,1.67,27,Spot buy,South,61.79
L05192,2024-08-05,Nordic Steel Co.,Formed Wire,129,2.97,18,Blanket release,North,383.13
L07898,2024-08-05,Kwan Precision Ltd.,Cast Housing,120,8.81,24,Blanket release,North,1057.2
L05189,2024-08-05,Rhein Polymer GmbH,Precision Assembly,229,42.5,27,Spot buy,South,9732.5
L00290,2024-08-05,Rhein Polymer GmbH,Cast Housing,64,13.87,31,Spot buy,North,887.68
L03809,2024-08-05,Perez Castings S.A.,Cast Housing,650,5.2,24,Blanket release,South,3380.0
L02609,2024-08-05,Britewire Ltd.,Fastener,46,1.03,40,Spot buy,North,47.38
L02143,2024-08-05,Perez Castings S.A.,Precision Assembly,536,32.44,34,Blanket release,South,17387.84
L07081,2024-08-05,Britewire Ltd.,Fastener,43,2.04,19,Spot buy,South,87.72
L02677,2024-08-05,Rhein Polymer GmbH,Precision Assembly,161,34.85,47,Blanket release,South,5610.85
L05095,2024-08-05,Nordic Steel Co.,Cast Housing,137,9.92,8,Blanket release,North,1359.04
L06449,2024-08-05,Rhein Polymer GmbH,Precision Assembly,576,31.72,44,Blanket release,North,18270.72
L07164,2024-08-05,Alpha Fasteners Inc.,Fastener,13,2.76,30,Spot buy,South,35.88
L01733,2024-08-05,Kwan Precision Ltd.,Cast Housing,66,14.15,21,Blanket release,South,933.9
L07749,2024-08-05,Nordic Steel Co.,Cast Housing,111,14.98,5,Spot buy,South,1662.78
L05837,2024-08-05,Britewire Ltd.,Fastener,105,2.12,3,Spot buy,South,222.6
L02934,2024-08-05,Britewire Ltd.,Fastener,33,2.29,11,Spot buy,North,75.57
L01477,2024-08-05,Britewire Ltd.,Formed Wire,51,2.51,25,Spot buy,South,128.01
L06923,2024-08-05,Nordic Steel Co.,Formed Wire,170,5.51,21,Spot buy,South,936.7
L04108,2024-08-05,Perez Castings S.A.,Cast Housing,194,10.13,11,Blanket release,North,1965.22
L02932,2024-08-05,Sato Industrial K.K.,Precision Assembly,195,40.94,35,Spot buy,North,7983.3
L07062,2024-08-05,Alpha Fasteners Inc.,Fastener,73,1.17,6,Blanket release,North,85.41
L02903,2024-08-05,Alpha Fasteners Inc.,Fastener,40,2.02,19,Spot buy,North,80.8
L01446,2024-08-05,Alpha Fasteners Inc.,Fastener,16,3.46,33,Blanket release,South,55.36
L05013,2024-08-05,Perez Castings S.A.,Cast Housing,109,13.05,10,Blanket release,South,1422.45
L06258,2024-08-05,Rhein Polymer GmbH,Precision Assembly,2002,28.67,20,Spot buy,North,57397.34
L03841,2024-08-05,Nordic Steel Co.,Formed Wire,93,3.25,16,Spot buy,South,302.25
L03111,2024-08-05,Alpha Fasteners Inc.,Formed Wire,70,3.7,23,Spot buy,North,259.0
L02549,2024-08-05,Perez Castings S.A.,Cast Housing,314,10.11,27,Blanket release,South,3174.54
L00088,2024-08-06,Nordic Steel Co.,Formed Wire,156,3.64,28,Spot buy,North,567.84
L00020,2024-08-06,Alpha Fasteners Inc.,Formed Wire,18,2.68,23,Spot buy,North,48.24
L01162,2024-08-06,Nordic Steel Co.,Formed Wire,55,2.95,28,Blanket release,South,162.25
L05131,2024-08-06,Rhein Polymer GmbH,Cast Housing,117,16.43,2,Spot buy,South,1922.31
L02710,2024-08-06,Perez Castings S.A.,Cast Housing,173,12.47,25,Spot buy,South,2157.31
L07719,2024-08-06,Alpha Fasteners Inc.,Fastener,40,1.28,20,Spot buy,North,51.2
L03244,2024-08-06,Alpha Fasteners Inc.,Formed Wire,28,2.86,18,Spot buy,South,80.08
L05411,2024-08-06,Alpha Fasteners Inc.,Formed Wire,242,1.6,18,Blanket release,North,387.2
L05135,2024-08-06,Britewire Ltd.,Formed Wire,1440,1.65,18,Blanket release,North,2376.0
L02712,2024-08-06,Sato Industrial K.K.,Precision Assembly,771,42.86,39,Spot buy,South,33045.06
L04601,2024-08-06,Alpha Fasteners Inc.,Fastener,23,2.01,20,Spot buy,North,46.23
L05939,2024-08-06,Alpha Fasteners Inc.,Fastener,55,1.72,18,Spot buy,South,94.6
L02834,2024-08-06,Nordic Steel Co.,Cast Housing,219,11.57,32,Spot buy,South,2533.83
L04608,2024-08-06,Britewire Ltd.,Formed Wire,25,5.49,28,Spot buy,North,137.25
L06997,2024-08-06,Alpha Fasteners Inc.,Fastener,16,2.52,29,Spot buy,North,40.32
L01988,2024-08-06,Rhein Polymer GmbH,Cast Housing,189,16.38,27,Spot buy,South,3095.82
L04021,2024-08-06,Britewire Ltd.,Fastener,25,2.45,5,Spot buy,South,61.25
L00835,2024-08-06,Alpha Fasteners Inc.,Formed Wire,227,1.66,18,Blanket release,North,376.82
L03958,2024-08-06,Perez Castings S.A.,Cast Housing,91,9.75,32,Spot buy,North,887.25
L00125,2024-08-06,Rhein Polymer GmbH,Cast Housing,196,7.98,24,Blanket release,North,1564.08
L05367,2024-08-06,Perez Castings S.A.,Cast Housing,140,11.48,15,Blanket release,North,1607.2
L05273,2024-08-06,Nordic Steel Co.,Formed Wire,517,2.34,22,Spot buy,South,1209.78
L01659,2024-08-06,Britewire Ltd.,Fastener,92,1.51,12,Blanket release,South,138.92
L00545,2024-08-06,Kwan Precision Ltd.,Cast Housing,377,9.55,20,Blanket release,North,3600.35
L05118,2024-08-06,Alpha Fasteners Inc.,Fastener,63,1.55,17,Spot buy,North,97.65
L07501,2024-08-06,Perez Castings S.A.,Cast Housing,204,10.07,33,Blanket release,South,2054.28
L05884,2024-08-06,Nordic Steel Co.,Formed Wire,10,6.38,25,Spot buy,North,63.8
L02228,2024-08-06,Rhein Polymer GmbH,Cast Housing,159,8.73,15,Spot buy,South,1388.07
L05058,2024-08-06,Nordic Steel Co.,Cast Housing,230,12.38,19,Spot buy,North,2847.4
L04090,2024-08-06,Kwan Precision Ltd.,Precision Assembly,420,39.33,21,Blanket release,North,16518.6
L05085,2024-08-06,Alpha Fasteners Inc.,Formed Wire,29,6.03,11,Blanket release,South,174.87
L05686,2024-08-06,Rhein Polymer GmbH,Cast Housing,247,9.65,37,Spot buy,South,2383.55
L00579,2024-08-06,Britewire Ltd.,Fastener,41,2.1,53,Blanket release,North,86.1
L02374,2024-08-06,Alpha Fasteners Inc.,Fastener,85,1.83,9,Spot buy,North,155.55
L05869,2024-08-06,Rhein Polymer GmbH,Precision Assembly,1368,41.49,21,Spot buy,North,56758.32
L06205,2024-08-06,Perez Castings S.A.,Cast Housing,77,9.47,16,Blanket release,North,729.19
L06448,2024-08-06,Kwan Precision Ltd.,Cast Housing,226,6.71,44,Blanket release,North,1516.46
L02525,2024-08-06,Britewire Ltd.,Fastener,7,2.28,33,Spot buy,North,15.96
L06865,2024-08-06,Britewire Ltd.,Formed Wire,123,1.62,22,Blanket release,North,199.26
L06338,2024-08-06,Alpha Fasteners Inc.,Formed Wire,18,7.72,25,Spot buy,South,138.96
L02387,2024-08-06,Britewire Ltd.,Formed Wire,93,5.97,32,Spot buy,South,555.21
L02157,2024-08-06,Kwan Precision Ltd.,Precision Assembly,121,27.79,10,Blanket release,North,3362.59
L07994,2024-08-06,Sato Industrial K.K.,Precision Assembly,1167,26.11,35,Blanket release,North,30470.37
L00014,2024-08-06,Nordic Steel Co.,Formed Wire,40,7.19,3,Spot buy,South,287.6
L06738,2024-08-06,Britewire Ltd.,Formed Wire,12,4.68,24,Blanket release,South,56.16
L00159,2024-08-06,Alpha Fasteners Inc.,Formed Wire,134,2.18,13,Blanket release,North,292.12
L04191,2024-08-06,Kwan Precision Ltd.,Precision Assembly,68,31.3,20,Blanket release,North,2128.4
L06780,2024-08-06,Alpha Fasteners Inc.,Fastener,82,1.7,22,Spot buy,South,139.4
L04534,2024-08-06,Kwan Precision Ltd.,Cast Housing,128,8.56,29,Blanket release,North,1095.68
L03257,2024-08-06,Kwan Precision Ltd.,Cast Housing,345,7.37,22,Blanket release,South,2542.65
L06337,2024-08-06,Britewire Ltd.,Fastener,33,1.72,17,Spot buy,North,56.76
L03493,2024-08-06,Perez Castings S.A.,Cast Housing,168,11.24,16,Blanket release,South,1888.32
L01390,2024-08-06,Alpha Fasteners Inc.,Formed Wire,198,1.8,25,Spot buy,North,356.4
L00969,2024-08-06,Britewire Ltd.,Fastener,25,1.46,34,Spot buy,South,36.5
L04391,2024-08-06,Perez Castings S.A.,Cast Housing,496,7.0,33,Blanket release,North,3472.0
L03194,2024-08-06,Nordic Steel Co.,Formed Wire,87,4.31,20,Spot buy,North,374.97
L01977,2024-08-06,Rhein Polymer GmbH,Precision Assembly,1303,38.46,20,Spot buy,South,50113.38
L04258,2024-08-06,Nordic Steel Co.,Cast Housing,136,17.52,23,Blanket release,South,2382.72
L07292,2024-08-06,Kwan Precision Ltd.,Cast Housing,223,11.19,29,Blanket release,North,2495.37
L03091,2024-08-06,Alpha Fasteners Inc.,Fastener,109,1.21,20,Spot buy,North,131.89
L05755,2024-08-06,Britewire Ltd.,Formed Wire,560,1.3,23,Blanket release,North,728.0
L06844,2024-08-06,Britewire Ltd.,Fastener,16,1.85,20,Spot buy,South,29.6
L00779,2024-08-06,Rhein Polymer GmbH,Cast Housing,25,18.18,32,Spot buy,North,454.5
L03067,2024-08-06,Rhein Polymer GmbH,Cast Housing,43,14.61,15,Blanket release,South,628.23
L02239,2024-08-06,Kwan Precision Ltd.,Precision Assembly,1491,40.0,54,Spot buy,North,59640.0
L00979,2024-08-06,Alpha Fasteners Inc.,Fastener,5,3.48,7,Spot buy,South,17.4
L04041,2024-08-06,Britewire Ltd.,Formed Wire,154,4.3,17,Spot buy,North,662.2
L03182,2024-08-06,Nordic Steel Co.,Formed Wire,60,3.5,34,Spot buy,North,210.0
L04457,2024-08-06,Britewire Ltd.,Formed Wire,92,2.48,13,Blanket release,North,228.16
L00115,2024-08-06,Kwan Precision Ltd.,Precision Assembly,308,32.56,28,Blanket release,South,10028.48
L01235,2024-08-06,Britewire Ltd.,Formed Wire,34,3.25,24,Blanket release,South,110.5
L03096,2024-08-06,Britewire Ltd.,Fastener,41,2.29,12,Spot buy,North,93.89
L07535,2024-08-06,Nordic Steel Co.,Formed Wire,67,3.0,24,Blanket release,South,201.0
L03840,2024-08-06,Alpha Fasteners Inc.,Fastener,42,1.27,28,Spot buy,North,53.34
L05231,2024-08-06,Alpha Fasteners Inc.,Formed Wire,46,2.86,14,Blanket release,North,131.56
L05614,2024-08-06,Britewire Ltd.,Fastener,26,1.87,33,Spot buy,North,48.62
L05031,2024-08-06,Rhein Polymer GmbH,Cast Housing,151,12.67,12,Blanket release,North,1913.17
L06278,2024-08-06,Alpha Fasteners Inc.,Fastener,12,4.61,11,Spot buy,North,55.32
L01426,2024-08-06,Alpha Fasteners Inc.,Fastener,12,3.34,31,Spot buy,South,40.08
L02067,2024-08-06,Alpha Fasteners Inc.,Fastener,79,1.74,20,Spot buy,South,137.46
L01393,2024-08-06,Rhein Polymer GmbH,Precision Assembly,155,25.52,34,Blanket release,South,3955.6
L06801,2024-08-06,Kwan Precision Ltd.,Cast Housing,20,14.23,13,Spot buy,North,284.6
L03077,2024-08-06,Meridian Tooling (internal),Precision Assembly,712,19.17,38,Blanket release,South,13649.04
L02494,2024-08-06,Nordic Steel Co.,Formed Wire,180,2.42,28,Blanket release,North,435.6
L04471,2024-08-06,Nordic Steel Co.,Formed Wire,103,3.89,24,Spot buy,North,400.67
L01230,2024-08-06,Perez Castings S.A.,Cast Housing,94,9.34,26,Blanket release,South,877.96
L04624,2024-08-06,Britewire Ltd.,Formed Wire,27,4.27,14,Blanket release,North,115.29
L06015,2024-08-06,Nordic Steel Co.,Formed Wire,61,5.0,14,Blanket release,South,305.0
L01408,2024-08-06,Britewire Ltd.,Fastener,22,1.03,30,Spot buy,North,22.66
L00436,2024-08-06,Britewire Ltd.,Fastener,9,2.32,13,Spot buy,North,20.88
L00914,2024-08-07,Alpha Fasteners Inc.,Fastener,41,2.73,11,Blanket release,North,111.93
L01897,2024-08-07,Britewire Ltd.,Fastener,34,1.61,21,Spot buy,North,54.74
L01222,2024-08-07,Britewire Ltd.,Fastener,8,3.22,19,Spot buy,South,25.76
L00604,2024-08-07,Nordic Steel Co.,Cast Housing,85,23.76,35,Spot buy,North,2019.6
L07625,2024-08-07,Nordic Steel Co.,Cast Housing,100,11.99,7,Blanket release,North,1199.0
L06829,2024-08-07,Alpha Fasteners Inc.,Fastener,17,1.62,4,Spot buy,South,27.54
L03702,2024-08-07,Rhein Polymer GmbH,Precision Assembly,221,34.93,22,Spot buy,North,7719.53
L06385,2024-08-07,Nordic Steel Co.,Formed Wire,137,2.56,15,Spot buy,South,350.72
L07321,2024-08-07,Kwan Precision Ltd.,Precision Assembly,170,49.29,32,Blanket release,North,8379.3
L00765,2024-08-07,Nordic Steel Co.,Formed Wire,19,5.8,23,Blanket release,South,110.2
L01982,2024-08-07,Alpha Fasteners Inc.,Fastener,78,1.29,7,Blanket release,North,100.62
L00911,2024-08-07,Alpha Fasteners Inc.,Fastener,107,1.07,23,Spot buy,South,114.49
L01045,2024-08-07,Nordic Steel Co.,Formed Wire,47,5.63,11,Blanket release,South,264.61
L06935,2024-08-07,Nordic Steel Co.,Formed Wire,141,2.4,33,Blanket release,North,338.4
L02341,2024-08-07,Nordic Steel Co.,Cast Housing,228,11.02,25,Spot buy,North,2512.56
L03605,2024-08-07,Rhein Polymer GmbH,Cast Housing,1025,9.62,30,Blanket release,North,9860.5
L03489,2024-08-07,Kwan Precision Ltd.,Cast Housing,832,6.16,30,Blanket release,South,5125.12
L03724,2024-08-07,Nordic Steel Co.,Cast Housing,316,7.64,25,Blanket release,North,2414.24
L05334,2024-08-07,Rhein Polymer GmbH,Cast Housing,4324,5.98,18,Blanket release,North,25857.52
L03715,2024-08-07,Alpha Fasteners Inc.,Formed Wire,60,3.19,18,Spot buy,North,191.4
L00898,2024-08-07,Nordic Steel Co.,Cast Housing,2194,9.82,9,Blanket release,North,21545.08
L00682,2024-08-07,Perez Castings S.A.,Precision Assembly,400,30.06,39,Blanket release,North,12024.0
L06393,2024-08-07,Alpha Fasteners Inc.,Formed Wire,93,3.73,40,Spot buy,North,346.89
L04831,2024-08-07,Britewire Ltd.,Fastener,28,1.23,14,Spot buy,South,34.44
L01186,2024-08-07,Sato Industrial K.K.,Precision Assembly,315,44.52,21,Blanket release,South,14023.8
L01921,2024-08-07,Nordic Steel Co.,Formed Wire,115,3.3,38,Blanket release,South,379.5
L06388,2024-08-07,Rhein Polymer GmbH,Cast Housing,1159,8.4,25,Spot buy,North,9735.6
L06897,2024-08-07,Rhein Polymer GmbH,Precision Assembly,101,49.95,34,Blanket release,South,5044.95
L00946,2024-08-07,Alpha Fasteners Inc.,Fastener,43,2.27,25,Spot buy,North,97.61
L02063,2024-08-07,Kwan Precision Ltd.,Precision Assembly,283,35.87,39,Spot buy,North,10151.21
L06558,2024-08-07,Alpha Fasteners Inc.,Fastener,16,1.73,29,Blanket release,South,27.68
L00973,2024-08-07,Alpha Fasteners Inc.,Fastener,29,0.68,32,Blanket release,North,19.72
L07423,2024-08-07,Alpha Fasteners Inc.,Formed Wire,148,2.55,26,Blanket release,South,377.4
L05256,2024-08-07,Rhein Polymer GmbH,Precision Assembly,597,38.54,18,Spot buy,North,23008.38
L04673,2024-08-07,Britewire Ltd.,Fastener,20,2.36,34,Blanket release,North,47.2
L05353,2024-08-07,Perez Castings S.A.,Precision Assembly,298,33.45,11,Blanket release,South,9968.1
L05275,2024-08-07,Kwan Precision Ltd.,Cast Housing,72,10.43,20,Blanket release,North,750.96
L05134,2024-08-07,Nordic Steel Co.,Cast Housing,212,7.82,10,Blanket release,North,1657.84
L04768,2024-08-07,Britewire Ltd.,Formed Wire,181,2.43,17,Blanket release,North,439.83
L04595,2024-08-07,Kwan Precision Ltd.,Cast Housing,30,17.22,43,Spot buy,South,516.6
L02043,2024-08-07,Alpha Fasteners Inc.,Formed Wire,25,4.55,19,Blanket release,South,113.75
L06412,2024-08-07,Alpha Fasteners Inc.,Formed Wire,208,4.58,23,Spot buy,South,952.64
L02010,2024-08-07,Perez Castings S.A.,Cast Housing,606,10.94,16,Spot buy,North,6629.64
L06966,2024-08-07,Britewire Ltd.,Fastener,23,1.01,17,Spot buy,North,23.23
L05280,2024-08-07,Sato Industrial K.K.,Precision Assembly,166,51.42,22,Spot buy,North,8535.72
L05337,2024-08-07,Rhein Polymer GmbH,Cast Housing,42,11.76,36,Spot buy,South,493.92
L07308,2024-08-07,Alpha Fasteners Inc.,Fastener,305,0.86,9,Blanket release,North,262.3
L00989,2024-08-07,Alpha Fasteners Inc.,Fastener,20,2.36,21,Spot buy,South,47.2
L00842,2024-08-07,Perez Castings S.A.,Cast Housing,179,11.55,20,Blanket release,North,2067.45
L03253,2024-08-07,Perez Castings S.A.,Cast Housing,153,8.87,26,Blanket release,South,1357.11
L06640,2024-08-07,Rhein Polymer GmbH,Cast Housing,364,7.49,23,Spot buy,South,2726.36
L02626,2024-08-07,Perez Castings S.A.,Cast Housing,3993,10.32,7,Spot buy,North,41207.76
L05831,2024-08-07,Kwan Precision Ltd.,Precision Assembly,857,40.72,18,Blanket release,South,34897.04
L05527,2024-08-07,Britewire Ltd.,Fastener,20,1.64,22,Spot buy,South,32.8
L06231,2024-08-07,Kwan Precision Ltd.,Precision Assembly,3006,40.99,48,Spot buy,North,123215.94
L05532,2024-08-07,Britewire Ltd.,Fastener,52,2.35,21,Spot buy,South,122.2
L05553,2024-08-07,Perez Castings S.A.,Cast Housing,115,8.1,30,Blanket release,North,931.5
L06648,2024-08-07,Britewire Ltd.,Formed Wire,44,1.83,21,Blanket release,South,80.52
L01548,2024-08-07,Alpha Fasteners Inc.,Fastener,27,0.98,23,Spot buy,North,26.46
L06010,2024-08-07,Perez Castings S.A.,Cast Housing,242,9.62,13,Spot buy,North,2328.04
L07599,2024-08-07,Britewire Ltd.,Fastener,33,1.63,9,Spot buy,South,53.79
L05774,2024-08-07,Britewire Ltd.,Formed Wire,119,2.24,27,Blanket release,North,266.56
L05770,2024-08-07,Britewire Ltd.,Fastener,19,2.0,18,Spot buy,North,38.0
L04248,2024-08-07,Alpha Fasteners Inc.,Formed Wire,94,3.43,18,Blanket release,North,322.42
L02837,2024-08-07,Alpha Fasteners Inc.,Formed Wire,65,2.19,32,Blanket release,South,142.35
L07594,2024-08-07,Rhein Polymer GmbH,Cast Housing,175,18.75,34,Spot buy,South,3281.25
L02574,2024-08-07,Perez Castings S.A.,Cast Housing,85,11.78,24,Spot buy,North,1001.3
L05728,2024-08-07,Britewire Ltd.,Formed Wire,150,2.5,21,Spot buy,North,375.0
L01736,2024-08-07,Britewire Ltd.,Fastener,86,1.88,14,Blanket release,South,161.68
L04233,2024-08-07,Britewire Ltd.,Formed Wire,55,3.36,30,Blanket release,South,184.8
L02843,2024-08-07,Britewire Ltd.,Fastener,178,1.07,27,Spot buy,North,190.46
L02777,2024-08-07,Britewire Ltd.,Formed Wire,53,3.89,21,Blanket release,South,206.17
L01742,2024-08-07,Britewire Ltd.,Fastener,5,4.24,32,Blanket release,North,21.2
L03189,2024-08-07,Alpha Fasteners Inc.,Fastener,204,1.36,14,Spot buy,South,277.44
L03188,2024-08-07,Britewire Ltd.,Fastener,33,2.03,27,Spot buy,North,66.99
L06297,2024-08-07,Perez Castings S.A.,Cast Housing,1588,6.29,24,Blanket release,North,9988.52
L02452,2024-08-07,Nordic Steel Co.,Cast Housing,192,13.33,2,Blanket release,South,2559.36
L00323,2024-08-07,Alpha Fasteners Inc.,Fastener,58,2.46,17,Spot buy,North,142.68
L06221,2024-08-07,Nordic Steel Co.,Formed Wire,101,3.38,25,Blanket release,South,341.38
L06651,2024-08-07,Kwan Precision Ltd.,Cast Housing,90,15.83,35,Spot buy,South,1424.7
L02485,2024-08-07,Britewire Ltd.,Fastener,90,1.47,31,Spot buy,South,132.3
L04345,2024-08-07,Rhein Polymer GmbH,Precision Assembly,398,45.78,28,Spot buy,South,18220.44
L01338,2024-08-07,Perez Castings S.A.,Precision Assembly,1380,33.75,25,Spot buy,North,46575.0
L02386,2024-08-07,Britewire Ltd.,Fastener,5,1.25,23,Spot buy,South,6.25
L07516,2024-08-07,Rhein Polymer GmbH,Cast Housing,137,11.55,15,Blanket release,North,1582.35
L02901,2024-08-07,Nordic Steel Co.,Cast Housing,108,7.22,16,Blanket release,South,779.76
L01347,2024-08-07,Perez Castings S.A.,Cast Housing,547,8.22,20,Blanket release,North,4496.34
L07165,2024-08-07,Britewire Ltd.,Fastener,134,1.71,34,Spot buy,South,229.14
L00589,2024-08-07,Britewire Ltd.,Fastener,30,1.61,17,Spot buy,South,48.3
L05893,2024-08-07,Kwan Precision Ltd.,Cast Housing,551,9.54,14,Spot buy,South,5256.54
L04079,2024-08-07,Britewire Ltd.,Fastener,12,0.85,21,Spot buy,North,10.2
L02666,2024-08-07,Alpha Fasteners Inc.,Formed Wire,125,2.01,35,Spot buy,South,251.25
L04125,2024-08-07,Alpha Fasteners Inc.,Formed Wire,54,2.86,33,Spot buy,North,154.44
L07865,2024-08-08,Britewire Ltd.,Fastener,77,2.13,17,Spot buy,North,164.01
L05723,2024-08-08,Kwan Precision Ltd.,Precision Assembly,584,47.73,30,Spot buy,South,27874.32
L06271,2024-08-08,Nordic Steel Co.,Cast Housing,863,5.69,39,Blanket release,South,4910.47
L03441,2024-08-08,Nordic Steel Co.,Cast Housing,422,13.31,6,Spot buy,North,5616.82
L02912,2024-08-08,Alpha Fasteners Inc.,Fastener,38,2.51,26,Spot buy,North,95.38
L00160,2024-08-08,Britewire Ltd.,Fastener,19,1.6,22,Blanket release,North,30.4
L01654,2024-08-08,Nordic Steel Co.,Cast Housing,1746,9.02,17,Spot buy,South,15748.92
L07522,2024-08-08,Alpha Fasteners Inc.,Formed Wire,150,2.78,26,Blanket release,South,417.0
L06276,2024-08-08,Rhein Polymer GmbH,Cast Housing,468,9.24,35,Spot buy,South,4324.32
L02763,2024-08-08,Perez Castings S.A.,Cast Housing,41,12.5,15,Spot buy,North,512.5
L00434,2024-08-08,Alpha Fasteners Inc.,Formed Wire,137,2.82,28,Spot buy,North,386.34
L02521,2024-08-08,Britewire Ltd.,Formed Wire,104,3.51,30,Spot buy,South,365.04
L04282,2024-08-08,Alpha Fasteners Inc.,Fastener,111,1.28,13,Spot buy,North,142.08
L02254,2024-08-08,Alpha Fasteners Inc.,Fastener,9,2.54,25,Spot buy,North,22.86
L05650,2024-08-08,Rhein Polymer GmbH,Cast Housing,1315,11.02,12,Spot buy,North,14491.3
L03574,2024-08-08,Britewire Ltd.,Fastener,51,1.97,22,Blanket release,South,100.47
L01539,2024-08-08,Kwan Precision Ltd.,Cast Housing,106,9.55,26,Spot buy,South,1012.3
L04002,2024-08-08,Britewire Ltd.,Formed Wire,32,5.23,21,Blanket release,South,167.36
L02132,2024-08-08,Britewire Ltd.,Fastener,257,1.32,18,Spot buy,North,339.24
L05037,2024-08-08,Britewire Ltd.,Fastener,27,1.67,16,Spot buy,North,45.09
L03588,2024-08-08,Alpha Fasteners Inc.,Fastener,18,2.27,12,Blanket release,South,40.86
L07701,2024-08-08,Alpha Fasteners Inc.,Fastener,19,2.22,25,Spot buy,North,42.18
L00403,2024-08-08,Kwan Precision Ltd.,Cast Housing,243,11.59,20,Blanket release,South,2816.37
L00750,2024-08-08,Nordic Steel Co.,Formed Wire,32,6.18,26,Spot buy,North,197.76
L00423,2024-08-08,Meridian Tooling (internal),Precision Assembly,6545,11.73,30,Blanket release,North,76772.85
L03854,2024-08-08,Alpha Fasteners Inc.,Formed Wire,155,1.36,10,Blanket release,South,210.8
L06222,2024-08-08,Britewire Ltd.,Fastener,27,1.97,16,Blanket release,South,53.19
L02575,2024-08-08,Britewire Ltd.,Formed Wire,54,2.71,8,Blanket release,South,146.34
L02661,2024-08-08,Perez Castings S.A.,Precision Assembly,270,28.59,40,Spot buy,North,7719.3
L06230,2024-08-08,Britewire Ltd.,Fastener,27,1.89,16,Spot buy,North,51.03
L06818,2024-08-08,Alpha Fasteners Inc.,Fastener,41,1.62,21,Spot buy,North,66.42
L00849,2024-08-08,Nordic Steel Co.,Cast Housing,263,8.34,8,Blanket release,South,2193.42
L07070,2024-08-08,Alpha Fasteners Inc.,Fastener,67,1.14,37,Spot buy,North,76.38
L02618,2024-08-08,Alpha Fasteners Inc.,Fastener,26,2.03,11,Blanket release,South,52.78
L01183,2024-08-08,Kwan Precision Ltd.,Cast Housing,148,10.42,20,Blanket release,South,1542.16
L01922,2024-08-08,Nordic Steel Co.,Formed Wire,66,3.42,22,Blanket release,North,225.72
L04814,2024-08-08,Rhein Polymer GmbH,Cast Housing,125,12.62,20,Blanket release,North,1577.5
L07563,2024-08-08,Rhein Polymer GmbH,Precision Assembly,251,32.91,16,Blanket release,North,8260.41
L03032,2024-08-08,Alpha Fasteners Inc.,Fastener,188,1.21,22,Spot buy,South,227.48
L01462,2024-08-08,Alpha Fasteners Inc.,Formed Wire,163,2.24,32,Blanket release,South,365.12
L07544,2024-08-08,Rhein Polymer GmbH,Precision Assembly,909,40.13,29,Blanket release,North,36478.17
L01547,2024-08-08,Britewire Ltd.,Fastener,111,1.09,38,Spot buy,North,120.99
L04850,2024-08-08,Alpha Fasteners Inc.,Fastener,7,4.84,15,Spot buy,North,33.88
L06702,2024-08-08,Alpha Fasteners Inc.,Fastener,21,3.78,22,Blanket release,South,79.38
L03044,2024-08-08,Britewire Ltd.,Fastener,53,1.64,24,Spot buy,North,86.92
L02900,2024-08-08,Perez Castings S.A.,Precision Assembly,558,28.34,27,Spot buy,South,15813.72
L00889,2024-08-08,Kwan Precision Ltd.,Cast Housing,212,12.92,7,Spot buy,South,2739.04
L04253,2024-08-08,Meridian Tooling (internal),Cast Housing,73,9.7,2,Spot buy,South,708.1
L06751,2024-08-08,Alpha Fasteners Inc.,Fastener,17,2.75,20,Spot buy,South,46.75
L00112,2024-08-08,Sato Industrial K.K.,Precision Assembly,267,36.34,32,Spot buy,South,9702.78
L06934,2024-08-08,Britewire Ltd.,Formed Wire,47,3.33,43,Spot buy,North,156.51
L05759,2024-08-08,Kwan Precision Ltd.,Cast Housing,232,18.66,28,Spot buy,South,4329.12
L04034,2024-08-08,Nordic Steel Co.,Cast Housing,24,12.73,25,Blanket release,North,305.52
L04031,2024-08-08,Britewire Ltd.,Fastener,10,3.04,35,Spot buy,North,30.4
L06927,2024-08-08,Nordic Steel Co.,Formed Wire,342,2.34,24,Spot buy,North,800.28
L01731,2024-08-08,Britewire Ltd.,Fastener,36,2.04,13,Spot buy,North,73.44
L07566,2024-08-08,Alpha Fasteners Inc.,Fastener,20,2.89,24,Blanket release,South,57.8
L04260,2024-08-08,Kwan Precision Ltd.,Cast Housing,242,8.46,15,Blanket release,North,2047.32
L07121,2024-08-08,Britewire Ltd.,Fastener,237,1.2,3,Spot buy,North,284.4
L06319,2024-08-08,Nordic Steel Co.,Formed Wire,14,9.61,2,Spot buy,South,134.54
L06622,2024-08-08,Perez Castings S.A.,Cast Housing,87,8.62,31,Blanket release,South,749.94
L02014,2024-08-08,Alpha Fasteners Inc.,Fastener,58,1.66,28,Spot buy,South,96.28
L02031,2024-08-08,Alpha Fasteners Inc.,Formed Wire,24,4.72,11,Blanket release,South,113.28
L05325,2024-08-08,Alpha Fasteners Inc.,Fastener,29,3.67,10,Spot buy,North,106.43
L06469,2024-08-08,Perez Castings S.A.,Cast Housing,113,9.95,33,Blanket release,North,1124.35
L02814,2024-08-08,Kwan Precision Ltd.,Precision Assembly,192,30.35,12,Blanket release,South,5827.2
L02817,2024-08-08,Rhein Polymer GmbH,Precision Assembly,289,40.85,44,Spot buy,South,11805.65
L03349,2024-08-08,Nordic Steel Co.,Formed Wire,8,7.48,11,Blanket release,South,59.84
L06111,2024-08-08,Alpha Fasteners Inc.,Fastener,23,1.58,28,Spot buy,North,36.34
L07616,2024-08-08,Alpha Fasteners Inc.,Formed Wire,35,5.96,22,Blanket release,North,208.6
L03684,2024-08-08,Britewire Ltd.,Fastener,91,1.24,23,Blanket release,North,112.84
L00572,2024-08-08,Nordic Steel Co.,Formed Wire,39,5.65,23,Spot buy,South,220.35
L07804,2024-08-08,Britewire Ltd.,Formed Wire,125,3.22,31,Blanket release,North,402.5
L02416,2024-08-08,Britewire Ltd.,Fastener,14,2.84,16,Spot buy,South,39.76
L04917,2024-08-08,Alpha Fasteners Inc.,Fastener,18,1.76,22,Spot buy,North,31.68
L03871,2024-08-08,Kwan Precision Ltd.,Precision Assembly,382,37.17,29,Blanket release,North,14198.94
L02842,2024-08-08,Alpha Fasteners Inc.,Fastener,6,2.02,20,Spot buy,North,12.12
L02319,2024-08-08,Kwan Precision Ltd.,Cast Housing,1454,11.56,25,Spot buy,South,16808.24
L01762,2024-08-08,Nordic Steel Co.,Cast Housing,1078,9.78,33,Spot buy,South,10542.84
L01836,2024-08-08,Britewire Ltd.,Formed Wire,43,4.6,20,Blanket release,North,197.8
L03328,2024-08-08,Alpha Fasteners Inc.,Fastener,139,1.13,20,Blanket release,North,157.07
L06873,2024-08-08,Britewire Ltd.,Formed Wire,55,3.15,21,Spot buy,South,173.25
L01644,2024-08-08,Britewire Ltd.,Fastener,14,1.37,21,Spot buy,North,19.18
L01035,2024-08-08,Rhein Polymer GmbH,Cast Housing,69,17.11,8,Spot buy,South,1180.59
L06603,2024-08-08,Alpha Fasteners Inc.,Formed Wire,224,3.43,13,Blanket release,South,768.32
L05524,2024-08-08,Alpha Fasteners Inc.,Fastener,167,1.0,21,Blanket release,South,167.0
L04851,2024-08-09,Perez Castings S.A.,Cast Housing,225,10.6,27,Spot buy,South,2385.0
L00641,2024-08-09,Kwan Precision Ltd.,Cast Housing,86,5.89,13,Blanket release,South,506.54
L00548,2024-08-09,Britewire Ltd.,Formed Wire,118,2.39,14,Blanket release,South,282.02
L07993,2024-08-09,Nordic Steel Co.,Formed Wire,52,3.68,19,Blanket release,North,191.36
L04048,2024-08-09,Nordic Steel Co.,Formed Wire,60,1.9,20,Blanket release,South,114.0
L00106,2024-08-09,Britewire Ltd.,Fastener,51,1.42,2,Spot buy,North,72.42
L01318,2024-08-09,Rhein Polymer GmbH,Precision Assembly,896,18.01,39,Blanket release,South,16136.96
L05843,2024-08-09,Nordic Steel Co.,Cast Housing,35,13.83,35,Blanket release,North,484.05
L04322,2024-08-09,Kwan Precision Ltd.,Cast Housing,147,10.42,9,Spot buy,North,1531.74
L04936,2024-08-09,Britewire Ltd.,Fastener,105,1.5,16,Spot buy,North,157.5
L02202,2024-08-09,Sato Industrial K.K.,Precision Assembly,1530,46.45,17,Blanket release,North,71068.5
L00322,2024-08-09,Kwan Precision Ltd.,Precision Assembly,121,40.0,26,Blanket release,South,4840.0
L01444,2024-08-09,Alpha Fasteners Inc.,Fastener,11,2.03,18,Spot buy,South,22.33
L03911,2024-08-09,Britewire Ltd.,Fastener,220,0.81,32,Spot buy,North,178.2
L01482,2024-08-09,Alpha Fasteners Inc.,Fastener,55,2.0,26,Blanket release,South,110.0
L02300,2024-08-09,Nordic Steel Co.,Formed Wire,146,3.67,23,Blanket release,South,535.82
L06484,2024-08-09,Kwan Precision Ltd.,Precision Assembly,717,44.59,26,Blanket release,South,31971.03
L03784,2024-08-09,Britewire Ltd.,Fastener,524,0.93,9,Spot buy,North,487.32
L00203,2024-08-09,Britewire Ltd.,Fastener,186,1.06,10,Spot buy,North,197.16
L05547,2024-08-09,Britewire Ltd.,Formed Wire,172,1.4,37,Blanket release,North,240.8
L04929,2024-08-09,Nordic Steel Co.,Formed Wire,59,4.61,32,Blanket release,South,271.99
L07828,2024-08-09,Alpha Fasteners Inc.,Fastener,22,1.97,19,Spot buy,South,43.34
L07815,2024-08-09,Alpha Fasteners Inc.,Fastener,33,2.37,36,Spot buy,North,78.21
L00531,2024-08-09,Britewire Ltd.,Formed Wire,54,2.98,24,Blanket release,North,160.92
L03502,2024-08-09,Britewire Ltd.,Fastener,36,1.94,17,Spot buy,North,69.84
L04320,2024-08-09,Alpha Fasteners Inc.,Fastener,18,1.81,36,Spot buy,South,32.58
L04058,2024-08-09,Nordic Steel Co.,Formed Wire,58,6.09,2,Spot buy,North,353.22
L00884,2024-08-09,Alpha Fasteners Inc.,Fastener,27,1.51,30,Spot buy,South,40.77
L00516,2024-08-09,Britewire Ltd.,Fastener,33,3.22,22,Spot buy,South,106.26
L00823,2024-08-09,Perez Castings S.A.,Cast Housing,459,8.11,19,Blanket release,South,3722.49
L04788,2024-08-09,Britewire Ltd.,Fastener,40,1.2,7,Spot buy,North,48.0
L04315,2024-08-09,Rhein Polymer GmbH,Precision Assembly,418,39.56,41,Blanket release,North,16536.08
L04360,2024-08-09,Perez Castings S.A.,Cast Housing,1333,5.92,30,Blanket release,South,7891.36
L03796,2024-08-09,Nordic Steel Co.,Formed Wire,21,4.4,33,Spot buy,South,92.4
L01147,2024-08-09,Rhein Polymer GmbH,Cast Housing,878,7.44,21,Spot buy,North,6532.32
L05503,2024-08-09,Britewire Ltd.,Formed Wire,121,2.49,24,Blanket release,North,301.29
L04928,2024-08-09,Alpha Fasteners Inc.,Fastener,17,1.38,17,Blanket release,North,23.46
L01209,2024-08-09,Perez Castings S.A.,Precision Assembly,578,29.16,34,Blanket release,North,16854.48
L02614,2024-08-09,Perez Castings S.A.,Precision Assembly,390,32.53,35,Blanket release,North,12686.7
L00298,2024-08-09,Alpha Fasteners Inc.,Fastener,111,1.21,18,Spot buy,North,134.31
L04397,2024-08-09,Perez Castings S.A.,Cast Housing,250,9.17,31,Spot buy,North,2292.5
L04095,2024-08-09,Nordic Steel Co.,Cast Housing,8,11.9,19,Blanket release,North,95.2
L07700,2024-08-09,Kwan Precision Ltd.,Cast Housing,371,11.17,21,Spot buy,North,4144.07
L07998,2024-08-09,Britewire Ltd.,Formed Wire,29,4.28,9,Spot buy,South,124.12
L04336,2024-08-09,Alpha Fasteners Inc.,Fastener,21,1.41,3,Spot buy,South,29.61
L00148,2024-08-09,Britewire Ltd.,Fastener,18,1.29,33,Blanket release,North,23.22
L06872,2024-08-09,Britewire Ltd.,Formed Wire,31,3.48,30,Blanket release,South,107.88
L04009,2024-08-09,Britewire Ltd.,Fastener,96,1.42,15,Spot buy,North,136.32
L02863,2024-08-09,Perez Castings S.A.,Cast Housing,263,8.95,30,Blanket release,North,2353.85
L03583,2024-08-09,Britewire Ltd.,Formed Wire,47,5.26,32,Spot buy,South,247.22
L01772,2024-08-09,Perez Castings S.A.,Cast Housing,182,12.22,12,Spot buy,North,2224.04
L05658,2024-08-09,Alpha Fasteners Inc.,Fastener,152,1.74,17,Spot buy,South,264.48
L02499,2024-08-09,Alpha Fasteners Inc.,Fastener,54,1.27,26,Spot buy,North,68.58
L00417,2024-08-09,Kwan Precision Ltd.,Precision Assembly,47,50.22,23,Spot buy,South,2360.34
L03411,2024-08-09,Alpha Fasteners Inc.,Fastener,130,1.04,25,Spot buy,South,135.2
L07019,2024-08-09,Nordic Steel Co.,Formed Wire,217,3.4,19,Spot buy,North,737.8
L04277,2024-08-09,Kwan Precision Ltd.,Cast Housing,260,20.83,28,Spot buy,South,5415.8
L01249,2024-08-09,Rhein Polymer GmbH,Precision Assembly,66,55.88,21,Blanket release,North,3688.08
L00731,2024-08-09,Britewire Ltd.,Fastener,50,1.56,25,Spot buy,North,78.0
L01542,2024-08-09,Britewire Ltd.,Fastener,8,5.21,24,Spot buy,North,41.68
L03863,2024-08-09,Alpha Fasteners Inc.,Fastener,85,0.9,22,Spot buy,North,76.5
L00721,2024-08-09,Nordic Steel Co.,Cast Housing,588,6.17,21,Blanket release,North,3627.96
L07092,2024-08-09,Rhein Polymer GmbH,Cast Housing,257,8.38,14,Blanket release,South,2153.66
L06062,2024-08-09,Nordic Steel Co.,Cast Housing,144,8.54,10,Spot buy,South,1229.76
L00440,2024-08-09,Nordic Steel Co.,Cast Housing,514,9.88,20,Blanket release,North,5078.32
L04623,2024-08-09,Rhein Polymer GmbH,Precision Assembly,1410,37.13,23,Blanket release,North,52353.3
L01631,2024-08-09,Nordic Steel Co.,Cast Housing,598,8.04,15,Blanket release,North,4807.92
L06195,2024-08-09,Nordic Steel Co.,Formed Wire,438,3.02,23,Blanket release,North,1322.76
L07182,2024-08-09,Sato Industrial K.K.,Precision Assembly,897,47.36,25,Blanket release,South,42481.92
L05059,2024-08-09,Alpha Fasteners Inc.,Formed Wire,185,2.8,28,Spot buy,North,518.0
L02964,2024-08-09,Rhein Polymer GmbH,Cast Housing,1235,7.96,13,Spot buy,North,9830.6
L06173,2024-08-09,Alpha Fasteners Inc.,Formed Wire,23,3.42,32,Blanket release,North,78.66
L02551,2024-08-09,Britewire Ltd.,Fastener,27,2.12,24,Spot buy,North,57.24
L04285,2024-08-09,Kwan Precision Ltd.,Precision Assembly,50,75.73,33,Blanket release,North,3786.5
L01557,2024-08-09,Alpha Fasteners Inc.,Formed Wire,22,3.37,25,Spot buy,South,74.14
L02545,2024-08-09,Britewire Ltd.,Formed Wire,8,12.12,20,Spot buy,South,96.96
L01894,2024-08-09,Alpha Fasteners Inc.,Fastener,137,1.37,24,Blanket release,North,187.69
L06402,2024-08-09,Rhein Polymer GmbH,Cast Housing,443,10.15,12,Spot buy,South,4496.45
L05981,2024-08-09,Perez Castings S.A.,Precision Assembly,2747,40.86,31,Blanket release,North,112242.42
L01885,2024-08-09,Kwan Precision Ltd.,Cast Housing,251,8.74,12,Blanket release,South,2193.74
L07210,2024-08-09,Perez Castings S.A.,Cast Housing,146,11.22,20,Spot buy,South,1638.12
L04200,2024-08-09,Alpha Fasteners Inc.,Formed Wire,10,10.33,5,Blanket release,South,103.3
L07325,2024-08-09,Perez Castings S.A.,Cast Housing,975,8.87,30,Blanket release,North,8648.25
L03368,2024-08-09,Alpha Fasteners Inc.,Fastener,26,1.46,29,Spot buy,North,37.96
L02694,2024-08-09,Alpha Fasteners Inc.,Formed Wire,82,2.63,20,Blanket release,South,215.66
L07734,2024-08-09,Britewire Ltd.,Fastener,30,2.62,33,Spot buy,South,78.6
L07519,2024-08-09,Britewire Ltd.,Fastener,11,3.27,15,Spot buy,South,35.97
L02392,2024-08-10,Nordic Steel Co.,Cast Housing,18,15.5,25,Blanket release,North,279.0
L03271,2024-08-10,Rhein Polymer GmbH,Cast Housing,96,13.12,23,Spot buy,North,1259.52
L03312,2024-08-10,Sato Industrial K.K.,Precision Assembly,268,39.79,27,Spot buy,North,10663.72
L05468,2024-08-10,Alpha Fasteners Inc.,Fastener,11,3.46,33,Spot buy,North,38.06
L01103,2024-08-10,Nordic Steel Co.,Formed Wire,75,3.89,26,Spot buy,North,291.75
L06430,2024-08-10,Britewire Ltd.,Formed Wire,74,3.3,4,Blanket release,South,244.2
L00936,2024-08-10,Sato Industrial K.K.,Precision Assembly,377,55.64,16,Spot buy,South,20976.28
L06830,2024-08-10,Alpha Fasteners Inc.,Fastener,19,1.8,18,Spot buy,North,34.2
L07538,2024-08-10,Alpha Fasteners Inc.,Fastener,17,2.92,22,Spot buy,North,49.64
L02354,2024-08-10,Alpha Fasteners Inc.,Fastener,75,1.76,23,Spot buy,South,132.0
L03703,2024-08-10,Britewire Ltd.,Fastener,19,1.55,25,Blanket release,South,29.45
L05103,2024-08-10,Kwan Precision Ltd.,Cast Housing,352,11.23,18,Spot buy,South,3952.96
L06913,2024-08-10,Sato Industrial K.K.,Precision Assembly,1228,33.69,15,Spot buy,South,41371.32
L07157,2024-08-10,Rhein Polymer GmbH,Precision Assembly,765,25.19,37,Spot buy,North,19270.35
L06189,2024-08-10,Perez Castings S.A.,Cast Housing,180,10.11,18,Spot buy,North,1819.8
L07927,2024-08-10,Nordic Steel Co.,Formed Wire,350,2.55,33,Spot buy,South,892.5
L00008,2024-08-10,Nordic Steel Co.,Cast Housing,675,7.88,18,Blanket release,South,5319.0
L05020,2024-08-10,Sato Industrial K.K.,Precision Assembly,118,34.53,37,Blanket release,South,4074.54
L07997,2024-08-10,Alpha Fasteners Inc.,Fastener,88,1.59,40,Spot buy,South,139.92
L06677,2024-08-10,Britewire Ltd.,Fastener,13,1.25,24,Blanket release,North,16.25
L07617,2024-08-10,Nordic Steel Co.,Cast Housing,41,13.33,24,Spot buy,South,546.53
L04887,2024-08-10,Britewire Ltd.,Fastener,13,3.61,25,Spot buy,North,46.93
L01927,2024-08-10,Alpha Fasteners Inc.,Fastener,79,1.89,29,Spot buy,South,149.31
L00962,2024-08-10,Nordic Steel Co.,Cast Housing,1502,7.01,25,Blanket release,North,10529.02
L05123,2024-08-10,Nordic Steel Co.,Formed Wire,245,3.59,14,Blanket release,North,879.55
L03215,2024-08-10,Britewire Ltd.,Fastener,23,3.12,13,Spot buy,North,71.76
L06643,2024-08-10,Alpha Fasteners Inc.,Formed Wire,9,3.77,30,Blanket release,North,33.93
L06262,2024-08-10,Nordic Steel Co.,Formed Wire,12,4.88,17,Blanket release,North,58.56
L07322,2024-08-10,Alpha Fasteners Inc.,Formed Wire,27,7.23,9,Blanket release,North,195.21
L03100,2024-08-10,Britewire Ltd.,Fastener,17,1.85,27,Blanket release,North,31.45
L02222,2024-08-10,Meridian Tooling (internal),Precision Assembly,741,16.96,22,Blanket release,South,12567.36
L00386,2024-08-10,Alpha Fasteners Inc.,Fastener,260,1.73,27,Spot buy,North,449.8
L07651,2024-08-10,Nordic Steel Co.,Formed Wire,136,3.12,29,Blanket release,South,424.32
L04414,2024-08-10,Nordic Steel Co.,Formed Wire,113,3.02,13,Blanket release,North,341.26
L06754,2024-08-10,Kwan Precision Ltd.,Cast Housing,259,10.17,19,Blanket release,North,2634.03
L07396,2024-08-10,Alpha Fasteners Inc.,Formed Wire,321,3.56,22,Spot buy,North,1142.76
L05591,2024-08-10,Alpha Fasteners Inc.,Fastener,30,1.34,16,Blanket release,North,40.2
L06044,2024-08-10,Alpha Fasteners Inc.,Fastener,144,2.08,27,Spot buy,South,299.52
L07453,2024-08-10,Alpha Fasteners Inc.,Formed Wire,145,2.22,33,Blanket release,North,321.9
L06047,2024-08-10,Perez Castings S.A.,Precision Assembly,864,36.55,25,Blanket release,South,31579.2
L05665,2024-08-10,Alpha Fasteners Inc.,Fastener,18,1.85,18,Blanket release,South,33.3
L01050,2024-08-10,Kwan Precision Ltd.,Cast Housing,140,13.21,10,Blanket release,North,1849.4
L02781,2024-08-10,Britewire Ltd.,Formed Wire,20,2.5,24,Blanket release,South,50.0
L06699,2024-08-10,Britewire Ltd.,Fastener,28,2.26,22,Spot buy,North,63.28
L04201,2024-08-10,Britewire Ltd.,Formed Wire,47,2.43,25,Blanket release,South,114.21
L06283,2024-08-10,Kwan Precision Ltd.,Cast Housing,1795,6.35,16,Blanket release,North,11398.25
L05323,2024-08-10,Britewire Ltd.,Fastener,52,1.58,37,Spot buy,South,82.16
L07577,2024-08-10,Kwan Precision Ltd.,Cast Housing,305,6.63,23,Spot buy,North,2022.15
L03080,2024-08-10,Britewire Ltd.,Fastener,8,4.03,19,Spot buy,South,32.24
L05581,2024-08-10,Sato Industrial K.K.,Precision Assembly,1783,44.04,20,Blanket release,North,78523.32
L03255,2024-08-10,Kwan Precision Ltd.,Cast Housing,34,11.43,17,Spot buy,North,388.62
L00852,2024-08-10,Sato Industrial K.K.,Precision Assembly,425,35.28,41,Spot buy,North,14994.0
L02315,2024-08-10,Nordic Steel Co.,Formed Wire,269,3.36,14,Spot buy,North,903.84
L04580,2024-08-10,Rhein Polymer GmbH,Cast Housing,415,12.82,27,Spot buy,South,5320.3
L00829,2024-08-10,Britewire Ltd.,Fastener,40,1.18,22,Spot buy,North,47.2
L06001,2024-08-10,Perez Castings S.A.,Cast Housing,467,7.55,30,Spot buy,South,3525.85
L07459,2024-08-10,Britewire Ltd.,Formed Wire,31,4.61,17,Spot buy,North,142.91
L00530,2024-08-10,Rhein Polymer GmbH,Precision Assembly,551,32.6,5,Blanket release,North,17962.6
L00540,2024-08-10,Britewire Ltd.,Formed Wire,529,2.37,20,Blanket release,South,1253.73
L03509,2024-08-10,Alpha Fasteners Inc.,Formed Wire,14,5.86,8,Blanket release,North,82.04
L02627,2024-08-10,Nordic Steel Co.,Cast Housing,294,14.21,21,Spot buy,North,4177.74
L00299,2024-08-10,Rhein Polymer GmbH,Precision Assembly,1569,28.82,23,Blanket release,South,45218.58
L05778,2024-08-10,Britewire Ltd.,Formed Wire,46,3.67,10,Blanket release,North,168.82
L01847,2024-08-10,Perez Castings S.A.,Cast Housing,27,10.84,14,Blanket release,South,292.68
L02605,2024-08-10,Britewire Ltd.,Formed Wire,69,3.7,14,Blanket release,North,255.3
L01647,2024-08-11,Rhein Polymer GmbH,Cast Housing,40,16.58,35,Blanket release,South,663.2
L04888,2024-08-11,Rhein Polymer GmbH,Cast Housing,89,11.82,28,Spot buy,South,1051.98
L03617,2024-08-11,Nordic Steel Co.,Cast Housing,181,12.42,14,Spot buy,South,2248.02
L07960,2024-08-11,Britewire Ltd.,Fastener,16,2.18,31,Blanket release,North,34.88
L00958,2024-08-11,Perez Castings S.A.,Precision Assembly,553,24.56,22,Blanket release,North,13581.68
L05019,2024-08-11,Nordic Steel Co.,Cast Housing,209,12.13,32,Blanket release,South,2535.17
L04958,2024-08-11,Nordic Steel Co.,Formed Wire,30,2.73,15,Spot buy,North,81.9
L03736,2024-08-11,Britewire Ltd.,Fastener,44,0.94,25,Blanket release,South,41.36
L07370,2024-08-11,Britewire Ltd.,Fastener,11,2.04,26,Blanket release,North,22.44
L07708,2024-08-11,Kwan Precision Ltd.,Precision Assembly,89,46.86,24,Blanket release,South,4170.54
L00993,2024-08-11,Nordic Steel Co.,Formed Wire,27,3.13,27,Spot buy,North,84.51
L03624,2024-08-11,Kwan Precision Ltd.,Precision Assembly,352,38.54,20,Blanket release,South,13566.08
L03625,2024-08-11,Perez Castings S.A.,Precision Assembly,262,26.23,28,Blanket release,North,6872.26
L02747,2024-08-11,Rhein Polymer GmbH,Cast Housing,160,10.83,18,Spot buy,North,1732.8
L04986,2024-08-11,Britewire Ltd.,Fastener,24,3.89,21,Spot buy,South,93.36
L06470,2024-08-11,Nordic Steel Co.,Formed Wire,122,3.93,22,Spot buy,North,479.46
L00947,2024-08-11,Alpha Fasteners Inc.,Formed Wire,29,3.47,24,Blanket release,South,100.63
L00953,2024-08-11,Britewire Ltd.,Formed Wire,71,3.39,11,Blanket release,North,240.69
L05466,2024-08-11,Kwan Precision Ltd.,Cast Housing,617,16.23,18,Spot buy,South,10013.91
L06184,2024-08-11,Britewire Ltd.,Fastener,36,1.91,12,Blanket release,North,68.76
L00683,2024-08-11,Rhein Polymer GmbH,Cast Housing,41,11.53,25,Spot buy,South,472.73
L00480,2024-08-11,Alpha Fasteners Inc.,Formed Wire,108,4.78,26,Spot buy,North,516.24
L02431,2024-08-11,Britewire Ltd.,Formed Wire,142,2.2,35,Blanket release,South,312.4
L03972,2024-08-11,Sato Industrial K.K.,Precision Assembly,347,51.18,35,Blanket release,North,17759.46
L03181,2024-08-11,Britewire Ltd.,Fastener,13,3.63,8,Spot buy,North,47.19
L06766,2024-08-11,Britewire Ltd.,Fastener,33,2.38,16,Spot buy,South,78.54
L04446,2024-08-11,Sato Industrial K.K.,Precision Assembly,6466,44.35,14,Spot buy,North,286767.1
L00717,2024-08-11,Britewire Ltd.,Fastener,45,1.41,39,Spot buy,South,63.45
L00437,2024-08-11,Britewire Ltd.,Formed Wire,70,3.78,11,Spot buy,South,264.6
L04442,2024-08-11,Nordic Steel Co.,Formed Wire,46,5.14,2,Blanket release,North,236.44
L04667,2024-08-11,Perez Castings S.A.,Cast Housing,291,10.15,25,Blanket release,South,2953.65
L05279,2024-08-11,Perez Castings S.A.,Precision Assembly,307,31.72,38,Blanket release,South,9738.04
L01876,2024-08-11,Alpha Fasteners Inc.,Fastener,7,3.49,21,Blanket release,South,24.43
L00761,2024-08-11,Britewire Ltd.,Fastener,19,1.74,25,Spot buy,North,33.06
L03124,2024-08-11,Perez Castings S.A.,Precision Assembly,726,28.21,17,Blanket release,South,20480.46
L04483,2024-08-11,Britewire Ltd.,Formed Wire,98,4.16,8,Blanket release,North,407.68
L02523,2024-08-11,Alpha Fasteners Inc.,Fastener,17,2.55,20,Spot buy,North,43.35
L01788,2024-08-11,Nordic Steel Co.,Formed Wire,26,4.59,20,Blanket release,South,119.34
L05388,2024-08-11,Britewire Ltd.,Fastener,47,1.75,17,Spot buy,South,82.25
L03290,2024-08-11,Britewire Ltd.,Fastener,19,1.84,25,Spot buy,North,34.96
L03286,2024-08-11,Britewire Ltd.,Fastener,74,1.7,10,Spot buy,North,125.8
L02349,2024-08-11,Alpha Fasteners Inc.,Formed Wire,99,2.81,24,Blanket release,North,278.19
L05485,2024-08-11,Alpha Fasteners Inc.,Fastener,74,1.2,14,Spot buy,North,88.8
L03931,2024-08-11,Britewire Ltd.,Fastener,172,1.11,12,Spot buy,North,190.92
L01808,2024-08-11,Alpha Fasteners Inc.,Fastener,44,1.54,15,Blanket release,North,67.76
L06786,2024-08-11,Britewire Ltd.,Fastener,83,1.91,30,Spot buy,South,158.53
L06985,2024-08-11,Nordic Steel Co.,Formed Wire,36,5.1,23,Spot buy,North,183.6
L05534,2024-08-11,Alpha Fasteners Inc.,Fastener,166,1.13,25,Spot buy,North,187.58
L07640,2024-08-11,Alpha Fasteners Inc.,Fastener,52,3.23,27,Spot buy,North,167.96
L04517,2024-08-11,Perez Castings S.A.,Cast Housing,118,7.97,19,Spot buy,North,940.46
L05394,2024-08-11,Sato Industrial K.K.,Precision Assembly,1073,26.86,27,Blanket release,North,28820.78
L06999,2024-08-11,Perez Castings S.A.,Cast Housing,264,8.83,16,Spot buy,South,2331.12
L05565,2024-08-11,Nordic Steel Co.,Formed Wire,48,4.02,28,Blanket release,South,192.96
L05391,2024-08-11,Alpha Fasteners Inc.,Formed Wire,86,4.16,26,Spot buy,North,357.76
L05571,2024-08-11,Alpha Fasteners Inc.,Formed Wire,38,3.54,19,Blanket release,North,134.52
L06645,2024-08-11,Alpha Fasteners Inc.,Formed Wire,69,3.46,38,Blanket release,South,238.74
L07129,2024-08-11,Sato Industrial K.K.,Precision Assembly,689,35.91,39,Blanket release,North,24741.99
L05202,2024-08-11,Rhein Polymer GmbH,Cast Housing,347,6.77,28,Blanket release,North,2349.19
L00246,2024-08-11,Rhein Polymer GmbH,Precision Assembly,329,39.92,24,Blanket release,North,13133.68
L00856,2024-08-11,Nordic Steel Co.,Cast Housing,47,9.56,24,Spot buy,North,449.32
L05214,2024-08-11,Alpha Fasteners Inc.,Fastener,28,2.27,9,Spot buy,North,63.56
L03782,2024-08-11,Nordic Steel Co.,Formed Wire,31,4.37,15,Spot buy,North,135.47
L04781,2024-08-11,Alpha Fasteners Inc.,Formed Wire,21,3.35,26,Spot buy,South,70.35
L07172,2024-08-11,Alpha Fasteners Inc.,Fastener,19,1.77,17,Spot buy,North,33.63
L07552,2024-08-11,Alpha Fasteners Inc.,Formed Wire,56,5.38,8,Spot buy,North,301.28
L01960,2024-08-11,Britewire Ltd.,Formed Wire,17,3.89,13,Spot buy,North,66.13
L04094,2024-08-11,Nordic Steel Co.,Formed Wire,71,6.2,24,Blanket release,South,440.2
L03765,2024-08-11,Alpha Fasteners Inc.,Formed Wire,69,3.44,19,Spot buy,North,237.36
L07938,2024-08-11,Rhein Polymer GmbH,Cast Housing,859,10.18,5,Blanket release,South,8744.62
L06904,2024-08-11,Sato Industrial K.K.,Precision Assembly,747,39.65,24,Spot buy,South,29618.55
L06200,2024-08-11,Alpha Fasteners Inc.,Fastener,40,3.38,20,Spot buy,South,135.2
L00915,2024-08-11,Perez Castings S.A.,Cast Housing,636,8.14,44,Blanket release,North,5177.04
L05930,2024-08-11,Britewire Ltd.,Formed Wire,75,2.18,21,Spot buy,North,163.5
L03805,2024-08-11,Sato Industrial K.K.,Precision Assembly,365,43.93,10,Spot buy,North,16034.45
L02183,2024-08-11,Rhein Polymer GmbH,Precision Assembly,605,42.09,39,Blanket release,North,25464.45
L05841,2024-08-11,Alpha Fasteners Inc.,Formed Wire,10,10.83,23,Spot buy,South,108.3
L00314,2024-08-11,Alpha Fasteners Inc.,Fastener,36,2.61,28,Spot buy,South,93.96
L04559,2024-08-11,Nordic Steel Co.,Formed Wire,27,3.47,15,Spot buy,South,93.69
L05773,2024-08-11,Rhein Polymer GmbH,Cast Housing,140,6.39,24,Blanket release,South,894.6
L04375,2024-08-11,Kwan Precision Ltd.,Cast Housing,30,15.98,16,Spot buy,South,479.4
L05183,2024-08-11,Nordic Steel Co.,Formed Wire,120,3.91,6,Spot buy,North,469.2
L01451,2024-08-11,Rhein Polymer GmbH,Cast Housing,482,9.41,41,Spot buy,North,4535.62
L07657,2024-08-11,Britewire Ltd.,Formed Wire,177,3.46,10,Blanket release,North,612.42
L06606,2024-08-12,Alpha Fasteners Inc.,Fastener,118,1.04,40,Spot buy,South,122.72
L01583,2024-08-12,Kwan Precision Ltd.,Precision Assembly,1247,26.67,59,Blanket release,North,33257.49
L01633,2024-08-12,Britewire Ltd.,Fastener,98,2.19,27,Spot buy,North,214.62
L01320,2024-08-12,Alpha Fasteners Inc.,Fastener,38,1.49,18,Spot buy,South,56.62
L01909,2024-08-12,Alpha Fasteners Inc.,Fastener,38,1.22,22,Blanket release,North,46.36
L07590,2024-08-12,Britewire Ltd.,Fastener,40,1.2,7,Spot buy,North,48.0
L04254,2024-08-12,Perez Castings S.A.,Cast Housing,109,14.66,22,Spot buy,North,1597.94
L03748,2024-08-12,Rhein Polymer GmbH,Cast Housing,1648,9.19,12,Spot buy,North,15145.12
L04564,2024-08-12,Britewire Ltd.,Fastener,220,1.15,20,Blanket release,North,253.0
L04557,2024-08-12,Britewire Ltd.,Formed Wire,172,3.39,2,Spot buy,North,583.08
L01662,2024-08-12,Sato Industrial K.K.,Precision Assembly,119,37.96,35,Blanket release,North,4517.24
L03920,2024-08-12,Kwan Precision Ltd.,Cast Housing,407,10.52,17,Spot buy,South,4281.64
L04864,2024-08-12,Nordic Steel Co.,Formed Wire,102,4.56,23,Blanket release,North,465.12
L01679,2024-08-12,Nordic Steel Co.,Cast Housing,58,14.72,12,Spot buy,North,853.76
L04296,2024-08-12,Nordic Steel Co.,Cast Housing,60,8.12,12,Blanket release,North,487.2
L06761,2024-08-12,Perez Castings S.A.,Cast Housing,123,7.67,27,Spot buy,North,943.41
L07600,2024-08-12,Nordic Steel Co.,Formed Wire,28,5.11,22,Spot buy,North,143.08
L01401,2024-08-12,Alpha Fasteners Inc.,Formed Wire,27,3.24,14,Blanket release,South,87.48
L01646,2024-08-12,Alpha Fasteners Inc.,Formed Wire,201,2.94,16,Blanket release,South,590.94
L03977,2024-08-12,Alpha Fasteners Inc.,Fastener,40,1.38,24,Spot buy,North,55.2
L06578,2024-08-12,Meridian Tooling (internal),Precision Assembly,1842,15.2,34,Blanket release,North,27998.4
L07592,2024-08-12,Alpha Fasteners Inc.,Formed Wire,33,1.92,25,Blanket release,North,63.36
L06620,2024-08-12,Nordic Steel Co.,Cast Housing,167,11.02,24,Spot buy,North,1840.34
L01780,2024-08-12,Alpha Fasteners Inc.,Formed Wire,173,4.6,2,Spot buy,South,795.8
L06850,2024-08-12,Britewire Ltd.,Fastener,77,1.52,24,Blanket release,North,117.04
L01204,2024-08-12,Britewire Ltd.,Fastener,80,1.33,31,Spot buy,South,106.4
L01414,2024-08-12,Rhein Polymer GmbH,Cast Housing,54,19.74,17,Spot buy,North,1065.96
L04117,2024-08-12,Nordic Steel Co.,Formed Wire,50,5.61,20,Blanket release,South,280.5
L04846,2024-08-12,Kwan Precision Ltd.,Cast Housing,117,11.1,31,Spot buy,North,1298.7
L04429,2024-08-12,Alpha Fasteners Inc.,Formed Wire,47,3.19,22,Spot buy,South,149.93
L06675,2024-08-12,Rhein Polymer GmbH,Precision Assembly,79,42.28,20,Spot buy,South,3340.12
L04669,2024-08-12,Sato Industrial K.K.,Precision Assembly,1924,31.46,29,Blanket release,South,60529.04
L04370,2024-08-12,Britewire Ltd.,Fastener,6,1.99,16,Spot buy,South,11.94
L03787,2024-08-12,Alpha Fasteners Inc.,Fastener,5,1.68,16,Blanket release,South,8.4
L07449,2024-08-12,Britewire Ltd.,Fastener,122,1.17,20,Blanket release,North,142.74
L01624,2024-08-12,Kwan Precision Ltd.,Cast Housing,107,17.21,6,Spot buy,North,1841.47
L00404,2024-08-12,Alpha Fasteners Inc.,Fastener,39,1.54,36,Spot buy,North,60.06
L05283,2024-08-12,Perez Castings S.A.,Cast Housing,348,7.65,27,Blanket release,South,2662.2
L00901,2024-08-12,Alpha Fasteners Inc.,Fastener,26,2.05,28,Spot buy,South,53.3
L02762,2024-08-12,Rhein Polymer GmbH,Precision Assembly,1135,38.86,31,Spot buy,North,44106.1
L03163,2024-08-12,Alpha Fasteners Inc.,Fastener,50,1.26,28,Spot buy,North,63.0
L00319,2024-08-12,Nordic Steel Co.,Cast Housing,90,16.36,15,Spot buy,North,1472.4
L00875,2024-08-12,Britewire Ltd.,Formed Wire,417,2.59,13,Blanket release,North,1080.03
L07965,2024-08-12,Alpha Fasteners Inc.,Formed Wire,167,2.75,36,Blanket release,North,459.25
L07077,2024-08-12,Britewire Ltd.,Fastener,12,2.39,9,Blanket release,North,28.68
L07148,2024-08-12,Perez Castings S.A.,Precision Assembly,1552,27.98,32,Blanket release,North,43424.96
L05097,2024-08-12,Perez Castings S.A.,Cast Housing,196,10.64,18,Blanket release,South,2085.44
L00245,2024-08-12,Britewire Ltd.,Fastener,22,1.85,24,Spot buy,South,40.7
L05830,2024-08-12,Nordic Steel Co.,Formed Wire,47,4.08,20,Blanket release,North,191.76
L05234,2024-08-12,Alpha Fasteners Inc.,Fastener,80,1.65,5,Spot buy,South,132.0
L05807,2024-08-12,Kwan Precision Ltd.,Precision Assembly,827,56.16,31,Spot buy,North,46444.32
L00606,2024-08-12,Perez Castings S.A.,Cast Housing,91,9.82,16,Spot buy,North,893.62
L05181,2024-08-12,Nordic Steel Co.,Cast Housing,133,9.71,17,Blanket release,North,1291.43
L00173,2024-08-12,Nordic Steel Co.,Cast Housing,1627,6.15,24,Blanket release,North,10006.05
L05852,2024-08-12,Kwan Precision Ltd.,Cast Housing,317,10.17,18,Blanket release,North,3223.89
L00549,2024-08-12,Alpha Fasteners Inc.,Fastener,15,3.57,24,Spot buy,North,53.55
L05975,2024-08-12,Kwan Precision Ltd.,Cast Housing,262,8.8,9,Spot buy,North,2305.6
L07773,2024-08-12,Britewire Ltd.,Fastener,95,1.72,30,Blanket release,South,163.4
L04174,2024-08-12,Alpha Fasteners Inc.,Fastener,20,1.74,18,Spot buy,North,34.8
L06409,2024-08-12,Rhein Polymer GmbH,Cast Housing,498,10.64,31,Spot buy,North,5298.72
L00124,2024-08-12,Kwan Precision Ltd.,Precision Assembly,314,74.47,34,Spot buy,North,23383.58
L00896,2024-08-12,Sato Industrial K.K.,Precision Assembly,148,48.18,30,Blanket release,South,7130.64
L07178,2024-08-12,Alpha Fasteners Inc.,Fastener,30,2.3,10,Spot buy,North,69.0
L02644,2024-08-12,Alpha Fasteners Inc.,Fastener,35,2.79,17,Spot buy,South,97.65
L00564,2024-08-12,Britewire Ltd.,Fastener,24,2.01,36,Spot buy,North,48.24
L03327,2024-08-12,Kwan Precision Ltd.,Cast Housing,127,9.24,5,Blanket release,North,1173.48
L02249,2024-08-12,Alpha Fasteners Inc.,Fastener,65,1.32,23,Spot buy,North,85.8
L00266,2024-08-12,Britewire Ltd.,Fastener,283,0.95,24,Spot buy,North,268.85
L05708,2024-08-12,Britewire Ltd.,Formed Wire,79,2.0,27,Blanket release,South,158.0
L03053,2024-08-12,Alpha Fasteners Inc.,Formed Wire,42,4.47,30,Spot buy,South,187.74
L02324,2024-08-12,Nordic Steel Co.,Formed Wire,1987,1.51,13,Blanket release,South,3000.37
L04915,2024-08-12,Sato Industrial K.K.,Precision Assembly,1258,25.76,31,Blanket release,North,32406.08
L02600,2024-08-12,Sato Industrial K.K.,Precision Assembly,294,33.39,43,Spot buy,South,9816.66
L02334,2024-08-12,Britewire Ltd.,Formed Wire,68,3.51,8,Spot buy,South,238.68
L05875,2024-08-12,Rhein Polymer GmbH,Precision Assembly,418,26.88,23,Blanket release,North,11235.84
L01010,2024-08-12,Britewire Ltd.,Formed Wire,38,3.0,38,Spot buy,North,114.0
L06925,2024-08-12,Nordic Steel Co.,Formed Wire,116,1.82,4,Blanket release,North,211.12
L02826,2024-08-12,Nordic Steel Co.,Cast Housing,13,11.84,14,Spot buy,South,153.92
L06366,2024-08-12,Perez Castings S.A.,Cast Housing,37,12.65,7,Blanket release,North,468.05
L06295,2024-08-12,Kwan Precision Ltd.,Cast Housing,212,13.31,28,Blanket release,South,2821.72
L02679,2024-08-12,Alpha Fasteners Inc.,Fastener,24,3.08,7,Spot buy,South,73.92
L07992,2024-08-12,Nordic Steel Co.,Formed Wire,29,3.27,27,Blanket release,South,94.83
L03506,2024-08-12,Perez Castings S.A.,Cast Housing,249,7.53,23,Spot buy,North,1874.97
L03205,2024-08-12,Britewire Ltd.,Fastener,7,2.15,38,Spot buy,North,15.05
L07989,2024-08-12,Britewire Ltd.,Fastener,239,0.81,22,Blanket release,South,193.59
L00311,2024-08-12,Rhein Polymer GmbH,Cast Housing,526,13.9,36,Spot buy,North,7311.4
L02968,2024-08-12,Britewire Ltd.,Fastener,28,2.8,5,Blanket release,South,78.4
L03377,2024-08-12,Kwan Precision Ltd.,Cast Housing,114,13.67,27,Blanket release,South,1558.38
L02854,2024-08-12,Alpha Fasteners Inc.,Fastener,117,1.13,39,Blanket release,South,132.21
L04974,2024-08-12,Rhein Polymer GmbH,Cast Housing,62,9.23,9,Spot buy,South,572.26
L02606,2024-08-12,Nordic Steel Co.,Formed Wire,58,4.27,20,Blanket release,North,247.66
L00193,2024-08-12,Britewire Ltd.,Formed Wire,24,3.76,19,Spot buy,North,90.24
L00716,2024-08-12,Alpha Fasteners Inc.,Fastener,40,1.85,26,Spot buy,South,74.0
L06972,2024-08-12,Alpha Fasteners Inc.,Fastener,41,1.51,26,Spot buy,North,61.91
L00447,2024-08-12,Rhein Polymer GmbH,Precision Assembly,1401,45.88,34,Blanket release,North,64277.88
L03043,2024-08-12,Britewire Ltd.,Fastener,42,1.77,2,Spot buy,North,74.34
L07988,2024-08-12,Rhein Polymer GmbH,Cast Housing,570,6.32,20,Blanket release,North,3602.4
L05155,2024-08-12,Alpha Fasteners Inc.,Fastener,10,2.63,16,Spot buy,South,26.3
L05434,2024-08-13,Alpha Fasteners Inc.,Formed Wire,53,4.11,31,Spot buy,South,217.83
L02186,2024-08-13,Alpha Fasteners Inc.,Fastener,59,1.28,16,Spot buy,North,75.52
L04743,2024-08-13,Alpha Fasteners Inc.,Fastener,22,1.98,30,Spot buy,South,43.56
L06423,2024-08-13,Perez Castings S.A.,Cast Housing,540,15.59,25,Blanket release,North,8418.6
L04737,2024-08-13,Alpha Fasteners Inc.,Fastener,18,2.34,13,Spot buy,North,42.12
L05428,2024-08-13,Kwan Precision Ltd.,Precision Assembly,406,41.54,14,Blanket release,South,16865.24
L02988,2024-08-13,Sato Industrial K.K.,Precision Assembly,1548,27.09,27,Blanket release,South,41935.32
L06530,2024-08-13,Kwan Precision Ltd.,Precision Assembly,942,41.05,22,Blanket release,South,38669.1
L04398,2024-08-13,Britewire Ltd.,Fastener,32,3.05,28,Spot buy,North,97.6
L05735,2024-08-13,Britewire Ltd.,Fastener,11,2.6,25,Spot buy,North,28.6
L06254,2024-08-13,Britewire Ltd.,Fastener,30,2.69,24,Spot buy,North,80.7
L04047,2024-08-13,Alpha Fasteners Inc.,Fastener,34,2.58,2,Spot buy,South,87.72
L06579,2024-08-13,Britewire Ltd.,Formed Wire,168,1.97,6,Blanket release,North,330.96
L02598,2024-08-13,Alpha Fasteners Inc.,Formed Wire,72,3.4,15,Blanket release,South,244.8
L03872,2024-08-13,Alpha Fasteners Inc.,Fastener,88,1.37,11,Spot buy,South,120.56
L00703,2024-08-13,Perez Castings S.A.,Cast Housing,103,7.05,20,Spot buy,North,726.15
L05369,2024-08-13,Perez Castings S.A.,Cast Housing,16,6.85,21,Blanket release,South,109.6
L01256,2024-08-13,Meridian Tooling (internal),Precision Assembly,315,24.59,24,Spot buy,North,7745.85
L04661,2024-08-13,Britewire Ltd.,Fastener,35,1.68,34,Spot buy,North,58.8
L01716,2024-08-13,Nordic Steel Co.,Formed Wire,261,3.35,10,Spot buy,North,874.35
L05302,2024-08-13,Rhein Polymer GmbH,Cast Housing,37,9.03,18,Spot buy,South,334.11
L01248,2024-08-13,Britewire Ltd.,Fastener,20,2.37,38,Blanket release,North,47.4
L00737,2024-08-13,Britewire Ltd.,Formed Wire,79,3.09,24,Spot buy,North,244.11
L00676,2024-08-13,Britewire Ltd.,Formed Wire,125,3.14,13,Spot buy,South,392.5
L03429,2024-08-13,Kwan Precision Ltd.,Cast Housing,115,9.38,18,Blanket release,South,1078.7
L05260,2024-08-13,Britewire Ltd.,Fastener,28,1.28,25,Spot buy,North,35.84
L05252,2024-08-13,Britewire Ltd.,Formed Wire,215,1.83,20,Blanket release,South,393.45
L01287,2024-08-13,Britewire Ltd.,Fastener,52,1.31,15,Spot buy,North,68.12
L04064,2024-08-13,Britewire Ltd.,Formed Wire,71,2.78,21,Blanket release,North,197.38
L03025,2024-08-13,Sato Industrial K.K.,Precision Assembly,425,48.81,29,Spot buy,North,20744.25
L04687,2024-08-13,Nordic Steel Co.,Formed Wire,75,2.88,15,Blanket release,North,216.0
L00344,2024-08-13,Alpha Fasteners Inc.,Formed Wire,73,2.87,23,Blanket release,South,209.51
L02642,2024-08-13,Britewire Ltd.,Formed Wire,77,3.48,17,Spot buy,South,267.96
L03455,2024-08-13,Meridian Tooling (internal),Cast Housing,638,4.8,43,Blanket release,South,3062.4
L05217,2024-08-13,Britewire Ltd.,Fastener,66,1.29,11,Spot buy,North,85.14
L01226,2024-08-13,Rhein Polymer GmbH,Precision Assembly,329,37.67,28,Blanket release,South,12393.43
L01484,2024-08-13,Alpha Fasteners Inc.,Formed Wire,68,3.39,19,Spot buy,North,230.52
L05212,2024-08-13,Alpha Fasteners Inc.,Fastener,164,0.92,35,Blanket release,South,150.88
L03076,2024-08-13,Alpha Fasteners Inc.,Formed Wire,128,3.39,30,Blanket release,North,433.92
L01699,2024-08-13,Alpha Fasteners Inc.,Fastener,17,3.02,22,Spot buy,South,51.34
L06931,2024-08-13,Rhein Polymer GmbH,Precision Assembly,550,29.61,27,Blanket release,South,16285.5
L00850,2024-08-13,Britewire Ltd.,Fastener,56,1.51,10,Blanket release,North,84.56
L03375,2024-08-13,Britewire Ltd.,Formed Wire,45,5.27,21,Blanket release,South,237.15
L06788,2024-08-13,Britewire Ltd.,Formed Wire,85,2.9,24,Blanket release,South,246.5
L05990,2024-08-13,Alpha Fasteners Inc.,Fastener,24,1.4,23,Spot buy,South,33.6
L07834,2024-08-13,Rhein Polymer GmbH,Cast Housing,187,16.68,26,Spot buy,South,3119.16
L01359,2024-08-13,Sato Industrial K.K.,Precision Assembly,155,53.1,16,Spot buy,North,8230.5
L00854,2024-08-13,Britewire Ltd.,Fastener,59,1.31,26,Blanket release,North,77.29
L01794,2024-08-13,Meridian Tooling (internal),Precision Assembly,1288,18.19,40,Blanket release,South,23428.72
L07862,2024-08-13,Britewire Ltd.,Formed Wire,406,1.44,30,Blanket release,North,584.64
L04842,2024-08-13,Alpha Fasteners Inc.,Formed Wire,40,2.31,4,Blanket release,North,92.4
L07964,2024-08-13,Perez Castings S.A.,Precision Assembly,752,25.82,24,Blanket release,North,19416.64
L05555,2024-08-13,Alpha Fasteners Inc.,Fastener,11,2.78,15,Spot buy,North,30.58
L02757,2024-08-13,Nordic Steel Co.,Cast Housing,101,9.95,17,Blanket release,North,1004.95
L06166,2024-08-13,Nordic Steel Co.,Cast Housing,226,9.88,32,Spot buy,North,2232.88
L06463,2024-08-13,Sato Industrial K.K.,Precision Assembly,280,44.44,31,Spot buy,North,12443.2
L03635,2024-08-13,Kwan Precision Ltd.,Precision Assembly,274,46.87,32,Spot buy,South,12842.38
L07420,2024-08-13,Perez Castings S.A.,Cast Housing,1094,7.35,29,Blanket release,North,8040.9
L04865,2024-08-13,Britewire Ltd.,Formed Wire,106,2.96,22,Blanket release,South,313.76
L07382,2024-08-13,Alpha Fasteners Inc.,Fastener,40,2.09,13,Spot buy,South,83.6
L00483,2024-08-13,Sato Industrial K.K.,Precision Assembly,113,56.26,31,Blanket release,North,6357.38
L01061,2024-08-13,Alpha Fasteners Inc.,Fastener,24,1.74,24,Spot buy,North,41.76
L04151,2024-08-13,Kwan Precision Ltd.,Cast Housing,60,15.22,34,Blanket release,South,913.2
L01601,2024-08-13,Nordic Steel Co.,Cast Housing,407,14.74,4,Spot buy,North,5999.18
L06088,2024-08-13,Alpha Fasteners Inc.,Formed Wire,26,6.79,11,Blanket release,South,176.54
L00985,2024-08-13,Sato Industrial K.K.,Precision Assembly,247,45.07,27,Spot buy,North,11132.29
L02799,2024-08-13,Britewire Ltd.,Fastener,24,2.61,27,Spot buy,South,62.64
L07591,2024-08-13,Britewire Ltd.,Fastener,29,3.33,30,Spot buy,North,96.57
L00453,2024-08-13,Nordic Steel Co.,Cast Housing,267,12.28,9,Blanket release,North,3278.76
L06623,2024-08-13,Rhein Polymer GmbH,Precision Assembly,126,63.66,31,Blanket release,South,8021.16
L06770,2024-08-13,Perez Castings S.A.,Cast Housing,73,6.53,24,Spot buy,South,476.69
L00007,2024-08-13,Britewire Ltd.,Fastener,218,0.88,28,Blanket release,South,191.84
L01758,2024-08-13,Kwan Precision Ltd.,Precision Assembly,23,53.72,44,Spot buy,North,1235.56
L03136,2024-08-13,Britewire Ltd.,Fastener,57,1.98,12,Spot buy,North,112.86
L05659,2024-08-13,Britewire Ltd.,Formed Wire,33,6.14,30,Blanket release,North,202.62
L02398,2024-08-13,Alpha Fasteners Inc.,Fastener,43,1.59,13,Spot buy,North,68.37
L03557,2024-08-13,Nordic Steel Co.,Formed Wire,59,5.97,33,Blanket release,South,352.23
L05676,2024-08-13,Britewire Ltd.,Fastener,17,2.27,13,Spot buy,North,38.59
L03127,2024-08-13,Britewire Ltd.,Fastener,85,1.87,21,Spot buy,North,158.95
L03282,2024-08-13,Britewire Ltd.,Fastener,12,1.71,19,Spot buy,South,20.52
L05684,2024-08-13,Nordic Steel Co.,Formed Wire,30,4.48,25,Blanket release,North,134.4
L06501,2024-08-13,Perez Castings S.A.,Cast Housing,67,16.39,26,Spot buy,South,1098.13
L00569,2024-08-13,Britewire Ltd.,Fastener,155,1.32,17,Spot buy,South,204.6
L05696,2024-08-13,Britewire Ltd.,Fastener,81,1.14,29,Blanket release,South,92.34
L00170,2024-08-13,Kwan Precision Ltd.,Cast Housing,99,16.08,4,Spot buy,North,1591.92
L02023,2024-08-13,Sato Industrial K.K.,Precision Assembly,527,34.46,32,Blanket release,South,18160.42
L02697,2024-08-13,Alpha Fasteners Inc.,Fastener,51,1.0,32,Blanket release,South,51.0
L01422,2024-08-13,Britewire Ltd.,Formed Wire,361,2.25,26,Spot buy,North,812.25
L00553,2024-08-13,Alpha Fasteners Inc.,Formed Wire,21,4.36,24,Spot buy,North,91.56
L01504,2024-08-13,Perez Castings S.A.,Precision Assembly,1129,39.15,36,Spot buy,North,44200.35
L01970,2024-08-13,Britewire Ltd.,Fastener,25,1.48,33,Blanket release,North,37.0
L03793,2024-08-13,Alpha Fasteners Inc.,Fastener,47,1.19,21,Spot buy,South,55.93
L03581,2024-08-13,Nordic Steel Co.,Formed Wire,56,5.28,23,Spot buy,North,295.68
L00905,2024-08-13,Britewire Ltd.,Fastener,85,1.21,21,Spot buy,North,102.85
L00459,2024-08-14,Alpha Fasteners Inc.,Formed Wire,91,2.19,25,Blanket release,North,199.29
L02440,2024-08-14,Britewire Ltd.,Formed Wire,51,3.97,25,Spot buy,North,202.47
L00599,2024-08-14,Nordic Steel Co.,Formed Wire,146,3.72,21,Blanket release,North,543.12
L04389,2024-08-14,Alpha Fasteners Inc.,Fastener,12,4.06,10,Spot buy,South,48.72
L04407,2024-08-14,Rhein Polymer GmbH,Cast Housing,297,6.22,47,Blanket release,South,1847.34
L07883,2024-08-14,Alpha Fasteners Inc.,Fastener,257,0.94,9,Spot buy,North,241.58
L05451,2024-08-14,Alpha Fasteners Inc.,Fastener,27,2.36,32,Spot buy,South,63.72
L05621,2024-08-14,Britewire Ltd.,Fastener,19,1.45,33,Spot buy,South,27.55
L05610,2024-08-14,Britewire Ltd.,Fastener,36,1.78,15,Blanket release,South,64.08
L00623,2024-08-14,Perez Castings S.A.,Cast Housing,139,7.89,26,Blanket release,North,1096.71
L04447,2024-08-14,Meridian Tooling (internal),Cast Housing,111,6.23,21,Blanket release,North,691.53
L04535,2024-08-14,Alpha Fasteners Inc.,Formed Wire,208,3.6,30,Spot buy,North,748.8
L02505,2024-08-14,Perez Castings S.A.,Cast Housing,46,13.59,25,Spot buy,North,625.14
L03066,2024-08-14,Britewire Ltd.,Formed Wire,189,2.52,27,Blanket release,South,476.28
L01288,2024-08-14,Sato Industrial K.K.,Precision Assembly,2893,39.03,7,Blanket release,North,112913.79
L05508,2024-08-14,Kwan Precision Ltd.,Precision Assembly,776,32.61,28,Blanket release,South,25305.36
L04592,2024-08-14,Nordic Steel Co.,Formed Wire,391,2.72,2,Spot buy,North,1063.52
L05409,2024-08-14,Nordic Steel Co.,Cast Housing,61,15.59,31,Spot buy,North,950.99
L02418,2024-08-14,Alpha Fasteners Inc.,Fastener,35,2.59,11,Spot buy,North,90.65
L00624,2024-08-14,Britewire Ltd.,Fastener,84,1.15,20,Spot buy,South,96.6
L01845,2024-08-14,Kwan Precision Ltd.,Cast Housing,35,11.15,31,Blanket release,South,390.25
L01440,2024-08-14,Britewire Ltd.,Formed Wire,167,2.66,15,Blanket release,South,444.22
L07596,2024-08-14,Nordic Steel Co.,Cast Housing,125,14.52,12,Blanket release,North,1815.0
L07897,2024-08-14,Perez Castings S.A.,Precision Assembly,309,33.38,38,Blanket release,North,10314.42
L04012,2024-08-14,Perez Castings S.A.,Precision Assembly,339,49.0,54,Blanket release,North,16611.0
L00402,2024-08-14,Alpha Fasteners Inc.,Formed Wire,3,8.16,30,Blanket release,North,24.48
L00514,2024-08-14,Nordic Steel Co.,Formed Wire,23,1.58,36,Spot buy,North,36.34
L04036,2024-08-14,Alpha Fasteners Inc.,Fastener,69,1.81,16,Spot buy,North,124.89
L06413,2024-08-14,Kwan Precision Ltd.,Precision Assembly,2419,30.82,27,Spot buy,North,74553.58
L02638,2024-08-14,Alpha Fasteners Inc.,Formed Wire,64,3.33,25,Blanket release,North,213.12
L06796,2024-08-14,Britewire Ltd.,Fastener,19,2.04,37,Spot buy,North,38.76
L01935,2024-08-14,Perez Castings S.A.,Cast Housing,261,7.52,23,Blanket release,South,1962.72
L03536,2024-08-14,Nordic Steel Co.,Formed Wire,154,3.98,33,Spot buy,South,612.92
L05092,2024-08-14,Kwan Precision Ltd.,Cast Housing,77,11.43,23,Spot buy,South,880.11
L05908,2024-08-14,Rhein Polymer GmbH,Cast Housing,145,7.27,29,Blanket release,North,1054.15
L01148,2024-08-14,Britewire Ltd.,Fastener,35,2.59,43,Spot buy,North,90.65
L04284,2024-08-14,Rhein Polymer GmbH,Cast Housing,65,13.36,19,Blanket release,South,868.4
L04386,2024-08-14,Meridian Tooling (internal),Precision Assembly,788,21.22,25,Spot buy,North,16721.36
L02713,2024-08-14,Britewire Ltd.,Fastener,28,1.84,21,Spot buy,North,51.52
L06186,2024-08-14,Alpha Fasteners Inc.,Formed Wire,10,6.13,16,Spot buy,North,61.3
L00127,2024-08-14,Alpha Fasteners Inc.,Fastener,123,1.32,24,Spot buy,North,162.36
L03591,2024-08-14,Britewire Ltd.,Fastener,29,1.16,20,Blanket release,South,33.64
L07151,2024-08-14,Britewire Ltd.,Fastener,22,2.22,24,Spot buy,South,48.84
L05018,2024-08-14,Rhein Polymer GmbH,Cast Housing,8,16.94,28,Blanket release,South,135.52
L02113,2024-08-14,Rhein Polymer GmbH,Cast Housing,366,11.39,21,Blanket release,North,4168.74
L03531,2024-08-14,Perez Castings S.A.,Cast Housing,295,9.17,18,Blanket release,South,2705.15
L06886,2024-08-14,Alpha Fasteners Inc.,Formed Wire,128,3.79,23,Spot buy,South,485.12
L07101,2024-08-14,Alpha Fasteners Inc.,Formed Wire,94,2.21,29,Blanket release,South,207.74
L03742,2024-08-14,Britewire Ltd.,Formed Wire,79,4.5,15,Spot buy,North,355.5
L04991,2024-08-14,Alpha Fasteners Inc.,Formed Wire,126,2.64,13,Spot buy,South,332.64
L01073,2024-08-14,Alpha Fasteners Inc.,Fastener,106,1.84,19,Spot buy,South,195.04
L02856,2024-08-14,Nordic Steel Co.,Formed Wire,416,1.75,23,Blanket release,North,728.0
L03640,2024-08-14,Alpha Fasteners Inc.,Fastener,117,1.23,2,Spot buy,North,143.91
L00057,2024-08-14,Alpha Fasteners Inc.,Fastener,172,1.23,42,Blanket release,South,211.56
L03645,2024-08-14,Nordic Steel Co.,Formed Wire,145,2.82,25,Spot buy,South,408.9
L03655,2024-08-14,Perez Castings S.A.,Cast Housing,402,13.85,28,Spot buy,North,5567.7
L03675,2024-08-14,Alpha Fasteners Inc.,Fastener,31,2.13,30,Spot buy,North,66.03
L07126,2024-08-14,Alpha Fasteners Inc.,Formed Wire,221,2.99,27,Spot buy,North,660.79
L06851,2024-08-14,Alpha Fasteners Inc.,Fastener,7,1.83,26,Spot buy,South,12.81
L03685,2024-08-14,Rhein Polymer GmbH,Cast Housing,842,10.16,9,Blanket release,South,8554.72
L01034,2024-08-14,Alpha Fasteners Inc.,Formed Wire,39,3.39,21,Spot buy,North,132.21
L07959,2024-08-14,Britewire Ltd.,Fastener,45,1.98,15,Spot buy,North,89.1
L01165,2024-08-14,Kwan Precision Ltd.,Precision Assembly,102,28.61,24,Spot buy,South,2918.22
L00456,2024-08-14,Britewire Ltd.,Formed Wire,38,1.62,20,Spot buy,North,61.56
L01233,2024-08-14,Britewire Ltd.,Fastener,11,2.37,22,Spot buy,North,26.07
L03018,2024-08-14,Alpha Fasteners Inc.,Fastener,5,1.82,19,Spot buy,South,9.1
L01686,2024-08-14,Alpha Fasteners Inc.,Formed Wire,570,2.01,11,Spot buy,North,1145.7
L03190,2024-08-14,Meridian Tooling (internal),Cast Housing,204,5.57,25,Spot buy,North,1136.28
L04341,2024-08-14,Alpha Fasteners Inc.,Formed Wire,111,3.87,25,Spot buy,North,429.57
L00258,2024-08-14,Britewire Ltd.,Fastener,6,2.22,18,Spot buy,North,13.32
L05198,2024-08-14,Alpha Fasteners Inc.,Formed Wire,208,1.55,15,Blanket release,North,322.4
L04061,2024-08-14,Sato Industrial K.K.,Precision Assembly,316,36.26,35,Spot buy,North,11458.16
L03427,2024-08-14,Britewire Ltd.,Formed Wire,188,3.38,21,Blanket release,South,635.44
L06411,2024-08-14,Alpha Fasteners Inc.,Fastener,40,1.32,33,Spot buy,North,52.8
L00280,2024-08-14,Kwan Precision Ltd.,Cast Housing,80,8.09,27,Spot buy,North,647.2
L05251,2024-08-14,Britewire Ltd.,Fastener,164,1.7,22,Blanket release,North,278.8
L05331,2024-08-14,Nordic Steel Co.,Formed Wire,510,1.7,26,Blanket release,South,867.0
L01910,2024-08-14,Nordic Steel Co.,Formed Wire,152,3.32,24,Spot buy,North,504.64
L03848,2024-08-14,Britewire Ltd.,Fastener,36,1.89,16,Spot buy,South,68.04
L07177,2024-08-14,Britewire Ltd.,Formed Wire,160,2.72,9,Spot buy,South,435.2
L01447,2024-08-14,Britewire Ltd.,Fastener,103,0.8,26,Spot buy,South,82.4
L06533,2024-08-14,Britewire Ltd.,Fastener,17,1.92,17,Spot buy,North,32.64
L07071,2024-08-14,Perez Castings S.A.,Cast Housing,90,12.93,12,Blanket release,North,1163.7
L05157,2024-08-14,Alpha Fasteners Inc.,Formed Wire,13,5.74,28,Spot buy,North,74.62
L06515,2024-08-14,Nordic Steel Co.,Formed Wire,28,4.9,14,Blanket release,South,137.2
L03384,2024-08-14,Rhein Polymer GmbH,Precision Assembly,2433,31.96,33,Blanket release,South,77758.68
L00312,2024-08-14,Perez Castings S.A.,Cast Housing,52,13.52,18,Spot buy,North,703.04
L05868,2024-08-14,Britewire Ltd.,Fastener,35,2.33,19,Spot buy,North,81.55
L02830,2024-08-15,Britewire Ltd.,Fastener,7,1.53,30,Spot buy,South,10.71
L04445,2024-08-15,Alpha Fasteners Inc.,Fastener,49,1.63,3,Blanket release,North,79.87
L00443,2024-08-15,Britewire Ltd.,Fastener,15,1.8,30,Spot buy,South,27.0
L06022,2024-08-15,Perez Castings S.A.,Cast Housing,26,11.95,30,Spot buy,South,310.7
L04044,2024-08-15,Britewire Ltd.,Fastener,28,2.01,31,Blanket release,North,56.28
L00315,2024-08-15,Alpha Fasteners Inc.,Fastener,56,1.68,29,Spot buy,South,94.08
L00015,2024-08-15,Britewire Ltd.,Fastener,32,2.11,23,Spot buy,South,67.52
L02592,2024-08-15,Sato Industrial K.K.,Precision Assembly,257,29.31,33,Spot buy,South,7532.67
L02451,2024-08-15,Britewire Ltd.,Fastener,129,1.83,11,Spot buy,North,236.07
L06124,2024-08-15,Britewire Ltd.,Fastener,111,1.65,28,Spot buy,South,183.15
L07117,2024-08-15,Nordic Steel Co.,Formed Wire,48,3.85,28,Spot buy,South,184.8
L06049,2024-08-15,Rhein Polymer GmbH,Cast Housing,75,16.54,19,Blanket release,South,1240.5
L03175,2024-08-15,Alpha Fasteners Inc.,Formed Wire,150,2.13,25,Blanket release,South,319.5
L05874,2024-08-15,Alpha Fasteners Inc.,Fastener,51,1.47,3,Blanket release,North,74.97
L05993,2024-08-15,Alpha Fasteners Inc.,Formed Wire,207,2.43,28,Blanket release,North,503.01
L07934,2024-08-15,Alpha Fasteners Inc.,Formed Wire,110,2.83,25,Spot buy,South,311.3
L04298,2024-08-15,Nordic Steel Co.,Formed Wire,17,4.32,15,Spot buy,North,73.44
L00191,2024-08-15,Meridian Tooling (internal),Cast Housing,652,4.49,14,Blanket release,South,2927.48
L01519,2024-08-15,Nordic Steel Co.,Formed Wire,27,3.24,27,Spot buy,North,87.48
L02534,2024-08-15,Nordic Steel Co.,Formed Wire,153,2.82,26,Spot buy,South,431.46
L04085,2024-08-15,Alpha Fasteners Inc.,Fastener,36,1.79,36,Spot buy,South,64.44
L05933,2024-08-15,Perez Castings S.A.,Cast Housing,139,6.17,18,Blanket release,North,857.63
L01743,2024-08-15,Nordic Steel Co.,Cast Housing,145,9.18,22,Spot buy,South,1331.1
L07556,2024-08-15,Alpha Fasteners Inc.,Formed Wire,128,3.52,23,Blanket release,South,450.56
L04237,2024-08-15,Britewire Ltd.,Fastener,157,1.16,22,Spot buy,North,182.12
L07868,2024-08-15,Alpha Fasteners Inc.,Fastener,23,2.09,34,Spot buy,North,48.07
L04418,2024-08-15,Rhein Polymer GmbH,Cast Housing,442,8.57,27,Spot buy,North,3787.94
L04266,2024-08-15,Britewire Ltd.,Fastener,23,1.34,29,Spot buy,North,30.82
L07540,2024-08-15,Alpha Fasteners Inc.,Fastener,14,2.29,44,Spot buy,North,32.06
L00122,2024-08-15,Nordic Steel Co.,Cast Housing,109,12.88,21,Blanket release,South,1403.92
L05976,2024-08-15,Rhein Polymer GmbH,Cast Housing,231,6.36,7,Blanket release,North,1469.16
L07198,2024-08-15,Perez Castings S.A.,Cast Housing,197,6.09,26,Spot buy,North,1199.73
L07099,2024-08-15,Alpha Fasteners Inc.,Fastener,45,2.18,22,Spot buy,South,98.1
L03027,2024-08-15,Britewire Ltd.,Fastener,28,1.39,16,Spot buy,North,38.92
L07030,2024-08-15,Rhein Polymer GmbH,Cast Housing,207,11.77,28,Spot buy,South,2436.39
L07091,2024-08-15,Alpha Fasteners Inc.,Formed Wire,52,5.45,16,Blanket release,South,283.4
L07871,2024-08-15,Nordic Steel Co.,Cast Housing,286,15.78,6,Spot buy,North,4513.08
L05499,2024-08-15,Sato Industrial K.K.,Precision Assembly,163,19.4,39,Spot buy,North,3162.2
L05417,2024-08-15,Rhein Polymer GmbH,Precision Assembly,287,35.24,28,Blanket release,North,10113.88
L07376,2024-08-15,Alpha Fasteners Inc.,Fastener,33,2.19,22,Spot buy,North,72.27
L00593,2024-08-15,Nordic Steel Co.,Cast Housing,635,6.21,18,Blanket release,North,3943.35
L01110,2024-08-15,Alpha Fasteners Inc.,Fastener,117,1.54,8,Spot buy,North,180.18
L02346,2024-08-15,Britewire Ltd.,Formed Wire,72,2.49,27,Blanket release,North,179.28
L06967,2024-08-15,Alpha Fasteners Inc.,Formed Wire,15,7.82,34,Spot buy,North,117.3
L05190,2024-08-15,Alpha Fasteners Inc.,Fastener,9,1.67,10,Spot buy,North,15.03
L05413,2024-08-15,Perez Castings S.A.,Cast Housing,288,6.51,12,Blanket release,South,1874.88
L03343,2024-08-15,Kwan Precision Ltd.,Precision Assembly,275,31.68,27,Blanket release,North,8712.0
L04602,2024-08-15,Rhein Polymer GmbH,Precision Assembly,1155,50.25,27,Spot buy,North,58038.75
L05047,2024-08-15,Meridian Tooling (internal),Cast Housing,487,5.47,18,Blanket release,South,2663.89
L03371,2024-08-15,Alpha Fasteners Inc.,Fastener,19,2.15,22,Spot buy,North,40.85
L06794,2024-08-15,Britewire Ltd.,Fastener,73,1.71,47,Spot buy,South,124.83
L01275,2024-08-15,Alpha Fasteners Inc.,Formed Wire,90,3.08,35,Spot buy,North,277.2
L03767,2024-08-15,Britewire Ltd.,Fastener,8,1.87,27,Blanket release,North,14.96
L06368,2024-08-15,Alpha Fasteners Inc.,Fastener,22,1.63,29,Spot buy,South,35.86
L04628,2024-08-15,Nordic Steel Co.,Cast Housing,157,11.36,9,Blanket release,South,1783.52
L05339,2024-08-15,Nordic Steel Co.,Cast Housing,542,12.46,19,Blanket release,North,6753.32
L04734,2024-08-15,Alpha Fasteners Inc.,Fastener,7,5.37,21,Spot buy,North,37.59
L00814,2024-08-15,Britewire Ltd.,Fastener,37,2.28,8,Spot buy,South,84.36
L00833,2024-08-15,Alpha Fasteners Inc.,Formed Wire,150,2.94,34,Blanket release,North,441.0
L01229,2024-08-15,Rhein Polymer GmbH,Precision Assembly,231,38.58,14,Blanket release,North,8911.98
L03454,2024-08-15,Alpha Fasteners Inc.,Formed Wire,77,3.83,12,Blanket release,North,294.91
L02167,2024-08-15,Nordic Steel Co.,Formed Wire,77,5.58,24,Blanket release,North,429.66
L05480,2024-08-15,Sato Industrial K.K.,Precision Assembly,2599,37.09,16,Blanket release,North,96396.91
L06401,2024-08-15,Britewire Ltd.,Fastener,10,8.01,4,Spot buy,South,80.1
L00767,2024-08-15,Perez Castings S.A.,Precision Assembly,1370,35.35,52,Blanket release,South,48429.5
L05262,2024-08-15,Nordic Steel Co.,Cast Housing,195,8.18,20,Blanket release,South,1595.1
L00862,2024-08-15,Alpha Fasteners Inc.,Fastener,20,2.56,25,Spot buy,North,51.2
L00872,2024-08-15,Perez Castings S.A.,Cast Housing,102,7.62,38,Spot buy,South,777.24
L02264,2024-08-15,Rhein Polymer GmbH,Cast Housing,65,14.75,14,Blanket release,South,958.75
L00885,2024-08-15,Nordic Steel Co.,Cast Housing,428,7.51,11,Blanket release,North,3214.28
L06917,2024-08-15,Alpha Fasteners Inc.,Formed Wire,776,1.89,17,Blanket release,North,1466.64
L04552,2024-08-15,Meridian Tooling (internal),Cast Housing,221,4.82,16,Blanket release,North,1065.22
L00808,2024-08-15,Britewire Ltd.,Fastener,19,1.62,9,Spot buy,North,30.78
L04894,2024-08-15,Alpha Fasteners Inc.,Fastener,31,0.87,17,Spot buy,North,26.97
L04889,2024-08-15,Rhein Polymer GmbH,Precision Assembly,160,30.83,37,Blanket release,South,4932.8
L01366,2024-08-15,Alpha Fasteners Inc.,Fastener,67,1.68,18,Blanket release,North,112.56
L06316,2024-08-15,Nordic Steel Co.,Cast Housing,120,10.45,25,Blanket release,South,1254.0
L00491,2024-08-15,Britewire Ltd.,Formed Wire,64,5.02,41,Spot buy,South,321.28
L02054,2024-08-15,Alpha Fasteners Inc.,Fastener,17,2.04,21,Spot buy,South,34.68
L04942,2024-08-15,Perez Castings S.A.,Precision Assembly,96,25.48,31,Spot buy,North,2446.08
L04919,2024-08-15,Alpha Fasteners Inc.,Formed Wire,31,5.1,31,Spot buy,South,158.1
L00460,2024-08-15,Perez Castings S.A.,Precision Assembly,518,36.19,24,Blanket release,South,18746.42
L00522,2024-08-15,Britewire Ltd.,Formed Wire,100,3.06,8,Blanket release,South,306.0
L01775,2024-08-15,Rhein Polymer GmbH,Cast Housing,297,11.65,20,Blanket release,South,3460.05
L03199,2024-08-15,Kwan Precision Ltd.,Precision Assembly,150,44.07,32,Spot buy,South,6610.5
L02016,2024-08-15,Alpha Fasteners Inc.,Formed Wire,68,3.8,33,Spot buy,North,258.4
L07381,2024-08-15,Britewire Ltd.,Formed Wire,49,2.88,26,Blanket release,North,141.12
L04978,2024-08-15,Britewire Ltd.,Fastener,76,2.44,11,Spot buy,South,185.44
L03937,2024-08-15,Alpha Fasteners Inc.,Formed Wire,79,3.27,27,Spot buy,North,258.33
L07127,2024-08-16,Meridian Tooling (internal),Cast Housing,47,4.82,17,Blanket release,North,226.54
L04158,2024-08-16,Nordic Steel Co.,Formed Wire,470,2.53,31,Spot buy,South,1189.1
L06910,2024-08-16,Alpha Fasteners Inc.,Fastener,164,0.84,36,Spot buy,North,137.76
L02055,2024-08-16,Alpha Fasteners Inc.,Fastener,19,3.31,17,Spot buy,South,62.89
L00883,2024-08-16,Nordic Steel Co.,Cast Housing,167,14.29,28,Spot buy,South,2386.43
L02684,2024-08-16,Rhein Polymer GmbH,Cast Housing,104,14.8,27,Blanket release,North,1539.2
L07746,2024-08-16,Kwan Precision Ltd.,Precision Assembly,246,33.16,28,Blanket release,North,8157.36
L01157,2024-08-16,Rhein Polymer GmbH,Cast Housing,137,13.25,24,Blanket release,North,1815.25
L06678,2024-08-16,Britewire Ltd.,Formed Wire,42,3.45,30,Blanket release,North,144.9
L05876,2024-08-16,Alpha Fasteners Inc.,Formed Wire,41,5.3,34,Spot buy,North,217.3
L05867,2024-08-16,Perez Castings S.A.,Cast Housing,228,6.56,28,Spot buy,North,1495.68
L01949,2024-08-16,Meridian Tooling (internal),Precision Assembly,2015,17.01,16,Spot buy,South,34275.15
L07431,2024-08-16,Nordic Steel Co.,Cast Housing,418,12.95,40,Spot buy,North,5413.1
L02039,2024-08-16,Kwan Precision Ltd.,Precision Assembly,163,52.92,24,Spot buy,South,8625.96
L01016,2024-08-16,Kwan Precision Ltd.,Cast Housing,246,15.37,24,Spot buy,South,3781.02
L06918,2024-08-16,Britewire Ltd.,Formed Wire,371,1.84,28,Blanket release,South,682.64
L03520,2024-08-16,Alpha Fasteners Inc.,Fastener,9,2.11,15,Spot buy,North,18.99
L02185,2024-08-16,Britewire Ltd.,Fastener,116,1.2,15,Spot buy,North,139.2
L03627,2024-08-16,Britewire Ltd.,Fastener,35,2.47,6,Spot buy,North,86.45
L04816,2024-08-16,Rhein Polymer GmbH,Precision Assembly,285,29.25,18,Spot buy,North,8336.25
L02064,2024-08-16,Britewire Ltd.,Formed Wire,926,1.53,14,Blanket release,South,1416.78
L04997,2024-08-16,Britewire Ltd.,Fastener,50,1.58,23,Spot buy,South,79.0
L00083,2024-08-16,Alpha Fasteners Inc.,Fastener,41,1.98,12,Spot buy,North,81.18
L00072,2024-08-16,Rhein Polymer GmbH,Cast Housing,629,5.95,15,Blanket release,North,3742.55
L02887,2024-08-16,Alpha Fasteners Inc.,Fastener,76,1.79,17,Spot buy,South,136.04
L00943,2024-08-16,Rhein Polymer GmbH,Cast Housing,188,12.59,23,Blanket release,South,2366.92
L05009,2024-08-16,Sato Industrial K.K.,Precision Assembly,895,34.64,26,Blanket release,South,31002.8
L00926,2024-08-16,Nordic Steel Co.,Cast Housing,1432,10.79,26,Spot buy,South,15451.28
L06895,2024-08-16,Perez Castings S.A.,Cast Housing,158,11.88,9,Spot buy,North,1877.04
L01591,2024-08-16,Alpha Fasteners Inc.,Fastener,22,2.77,10,Spot buy,North,60.94
L00971,2024-08-16,Perez Castings S.A.,Precision Assembly,2445,31.2,29,Blanket release,South,76284.0
L05968,2024-08-16,Rhein Polymer GmbH,Cast Housing,214,8.28,27,Blanket release,North,1771.92
L02851,2024-08-16,Perez Castings S.A.,Cast Housing,748,9.85,15,Spot buy,North,7367.8
L04827,2024-08-16,Sato Industrial K.K.,Precision Assembly,253,46.07,30,Blanket release,North,11655.71
L00980,2024-08-16,Perez Castings S.A.,Cast Housing,130,9.79,23,Blanket release,North,1272.7
L02790,2024-08-16,Nordic Steel Co.,Cast Housing,452,11.02,12,Blanket release,North,4981.04
L01669,2024-08-16,Britewire Ltd.,Formed Wire,94,1.83,11,Blanket release,North,172.02
L07154,2024-08-16,Kwan Precision Ltd.,Precision Assembly,2886,30.77,13,Spot buy,North,88802.22
L06452,2024-08-16,Kwan Precision Ltd.,Cast Housing,101,8.61,39,Blanket release,North,869.61
L01056,2024-08-16,Alpha Fasteners Inc.,Fastener,33,1.4,11,Blanket release,South,46.2
L02139,2024-08-16,Kwan Precision Ltd.,Cast Housing,132,13.07,17,Spot buy,North,1725.24
L05054,2024-08-16,Britewire Ltd.,Formed Wire,112,3.67,36,Blanket release,North,411.04
L01965,2024-08-16,Britewire Ltd.,Formed Wire,78,3.06,23,Blanket release,North,238.68
L06445,2024-08-16,Britewire Ltd.,Fastener,291,1.24,4,Spot buy,South,360.84
L07987,2024-08-16,Rhein Polymer GmbH,Cast Housing,151,10.78,41,Spot buy,South,1627.78
L06485,2024-08-16,Alpha Fasteners Inc.,Fastener,11,2.04,12,Spot buy,North,22.44
L00035,2024-08-16,Britewire Ltd.,Formed Wire,21,3.6,19,Spot buy,North,75.6
L04980,2024-08-16,Rhein Polymer GmbH,Precision Assembly,194,34.33,31,Blanket release,North,6660.02
L02150,2024-08-16,Britewire Ltd.,Fastener,37,1.81,39,Spot buy,North,66.97
L02442,2024-08-16,Kwan Precision Ltd.,Precision Assembly,706,23.53,7,Blanket release,North,16612.18
L04707,2024-08-16,Nordic Steel Co.,Formed Wire,27,8.31,28,Spot buy,North,224.37
L03372,2024-08-16,Britewire Ltd.,Formed Wire,36,4.18,37,Blanket release,South,150.48
L03992,2024-08-16,Britewire Ltd.,Fastener,11,1.71,19,Spot buy,South,18.81
L05346,2024-08-16,Kwan Precision Ltd.,Cast Housing,121,14.02,30,Spot buy,North,1696.42
L05352,2024-08-16,Nordic Steel Co.,Cast Housing,157,11.93,33,Spot buy,South,1873.01
L01409,2024-08-16,Nordic Steel Co.,Cast Housing,879,8.04,19,Blanket release,North,7067.16
L03353,2024-08-16,Kwan Precision Ltd.,Cast Housing,85,23.37,17,Blanket release,North,1986.45
L07455,2024-08-16,Kwan Precision Ltd.,Cast Housing,1103,9.96,16,Spot buy,North,10985.88
L03064,2024-08-16,Britewire Ltd.,Fastener,14,5.99,23,Blanket release,North,83.86
L01375,2024-08-16,Nordic Steel Co.,Formed Wire,164,1.83,2,Blanket release,North,300.12
L00529,2024-08-16,Alpha Fasteners Inc.,Formed Wire,204,2.54,28,Spot buy,North,518.16
L06989,2024-08-16,Britewire Ltd.,Fastener,168,1.88,19,Blanket release,North,315.84
L04005,2024-08-16,Sato Industrial K.K.,Precision Assembly,583,33.93,17,Spot buy,North,19781.19
L03266,2024-08-16,Britewire Ltd.,Fastener,17,2.19,23,Spot buy,North,37.23
L01809,2024-08-16,Nordic Steel Co.,Cast Housing,440,9.98,25,Blanket release,North,4391.2
L07819,2024-08-16,Alpha Fasteners Inc.,Formed Wire,95,1.88,36,Spot buy,North,178.6
L02538,2024-08-16,Alpha Fasteners Inc.,Fastener,53,1.55,32,Spot buy,South,82.15
L07820,2024-08-16,Alpha Fasteners Inc.,Formed Wire,12,2.92,18,Spot buy,South,35.04
L07633,2024-08-16,Alpha Fasteners Inc.,Formed Wire,293,2.28,29,Spot buy,South,668.04
L00722,2024-08-16,Britewire Ltd.,Formed Wire,28,3.12,27,Spot buy,North,87.36
L04014,2024-08-16,Nordic Steel Co.,Cast Housing,260,8.87,17,Blanket release,South,2306.2
L01387,2024-08-16,Alpha Fasteners Inc.,Formed Wire,27,3.29,20,Blanket release,North,88.83
L02447,2024-08-16,Alpha Fasteners Inc.,Formed Wire,197,1.94,31,Blanket release,North,382.18
L05237,2024-08-16,Kwan Precision Ltd.,Cast Housing,172,15.29,9,Spot buy,North,2629.88
L05305,2024-08-16,Kwan Precision Ltd.,Cast Housing,964,8.71,18,Spot buy,South,8396.44
L04460,2024-08-16,Perez Castings S.A.,Cast Housing,144,10.95,18,Blanket release,North,1576.8
L03448,2024-08-16,Britewire Ltd.,Fastener,129,1.47,10,Spot buy,North,189.63
L03444,2024-08-16,Nordic Steel Co.,Cast Housing,375,7.6,30,Blanket release,North,2850.0
L03459,2024-08-16,Alpha Fasteners Inc.,Formed Wire,161,4.02,7,Blanket release,North,647.22
L00768,2024-08-16,Kwan Precision Ltd.,Precision Assembly,729,37.76,12,Spot buy,North,27527.04
L01471,2024-08-16,Alpha Fasteners Inc.,Fastener,8,1.01,17,Blanket release,North,8.08
L01900,2024-08-16,Britewire Ltd.,Formed Wire,257,3.25,16,Spot buy,North,835.25
L00469,2024-08-16,Britewire Ltd.,Fastener,35,1.16,9,Spot buy,North,40.6
L01388,2024-08-16,Alpha Fasteners Inc.,Fastener,16,2.45,18,Spot buy,South,39.2
L05589,2024-08-16,Alpha Fasteners Inc.,Formed Wire,193,2.53,35,Blanket release,North,488.29
L07791,2024-08-16,Nordic Steel Co.,Formed Wire,212,2.96,31,Spot buy,North,627.52
L05194,2024-08-16,Britewire Ltd.,Fastener,21,1.25,32,Spot buy,South,26.25
L03852,2024-08-16,Nordic Steel Co.,Cast Housing,379,7.76,12,Blanket release,South,2941.04
L00577,2024-08-17,Alpha Fasteners Inc.,Formed Wire,576,2.06,23,Blanket release,North,1186.56
L04863,2024-08-17,Britewire Ltd.,Formed Wire,57,2.66,15,Blanket release,North,151.62
L00578,2024-08-17,Perez Castings S.A.,Cast Housing,433,13.65,24,Spot buy,North,5910.45
L05494,2024-08-17,Alpha Fasteners Inc.,Fastener,97,1.21,31,Spot buy,South,117.37
L06326,2024-08-17,Britewire Ltd.,Fastener,53,1.86,16,Spot buy,North,98.58
L04975,2024-08-17,Nordic Steel Co.,Cast Housing,557,8.36,36,Blanket release,South,4656.52
L00467,2024-08-17,Kwan Precision Ltd.,Cast Housing,135,14.89,16,Spot buy,North,2010.15
L06619,2024-08-17,Rhein Polymer GmbH,Precision Assembly,90,54.93,31,Blanket release,South,4943.7
L00535,2024-08-17,Britewire Ltd.,Formed Wire,483,2.27,22,Spot buy,South,1096.41
L04528,2024-08-17,Alpha Fasteners Inc.,Fastener,165,1.11,22,Spot buy,North,183.15
L01358,2024-08-17,Kwan Precision Ltd.,Cast Housing,189,10.26,15,Spot buy,North,1939.14
L00407,2024-08-17,Nordic Steel Co.,Cast Housing,159,12.46,11,Spot buy,North,1981.14
L05647,2024-08-17,Britewire Ltd.,Fastener,35,3.38,23,Blanket release,South,118.3
L04964,2024-08-17,Britewire Ltd.,Fastener,82,1.73,7,Spot buy,North,141.86
L06168,2024-08-17,Perez Castings S.A.,Cast Housing,41,8.45,10,Blanket release,North,346.45
L00521,2024-08-17,Britewire Ltd.,Formed Wire,142,2.9,27,Blanket release,South,411.8
L05580,2024-08-17,Perez Castings S.A.,Cast Housing,1499,8.49,8,Blanket release,South,12726.51
L04422,2024-08-17,Rhein Polymer GmbH,Cast Housing,286,11.59,16,Spot buy,North,3314.74
L00805,2024-08-17,Alpha Fasteners Inc.,Formed Wire,24,3.11,24,Spot buy,North,74.64
L05022,2024-08-17,Alpha Fasteners Inc.,Fastener,24,2.1,21,Spot buy,North,50.4
L00952,2024-08-17,Kwan Precision Ltd.,Precision Assembly,60,32.52,26,Blanket release,North,1951.2
L07931,2024-08-17,Alpha Fasteners Inc.,Formed Wire,52,3.33,18,Blanket release,North,173.16
L01180,2024-08-17,Sato Industrial K.K.,Precision Assembly,556,76.72,30,Spot buy,South,42656.32
L05140,2024-08-17,Alpha Fasteners Inc.,Fastener,34,1.69,20,Blanket release,North,57.46
L05264,2024-08-17,Alpha Fasteners Inc.,Fastener,67,1.96,18,Spot buy,North,131.32
L04668,2024-08-17,Britewire Ltd.,Fastener,40,1.28,23,Spot buy,South,51.2
L07903,2024-08-17,Alpha Fasteners Inc.,Fastener,42,1.18,21,Spot buy,South,49.56
L05791,2024-08-17,Rhein Polymer GmbH,Precision Assembly,540,29.8,30,Spot buy,North,16092.0
L05096,2024-08-17,Nordic Steel Co.,Formed Wire,376,2.22,32,Spot buy,South,834.72
L07568,2024-08-17,Rhein Polymer GmbH,Precision Assembly,2491,21.74,31,Blanket release,North,54154.34
L01259,2024-08-17,Meridian Tooling (internal),Precision Assembly,295,17.8,24,Blanket release,North,5251.0
L06505,2024-08-17,Meridian Tooling (internal),Precision Assembly,272,21.09,38,Blanket release,South,5736.48
L01273,2024-08-17,Nordic Steel Co.,Formed Wire,197,2.89,25,Blanket release,North,569.33
L00668,2024-08-17,Alpha Fasteners Inc.,Formed Wire,203,2.45,37,Blanket release,North,497.35
L06348,2024-08-17,Britewire Ltd.,Formed Wire,9,2.18,21,Blanket release,North,19.62
L06696,2024-08-17,Sato Industrial K.K.,Precision Assembly,222,41.55,42,Spot buy,South,9224.1
L00327,2024-08-17,Alpha Fasteners Inc.,Fastener,21,2.53,18,Spot buy,South,53.13
L00330,2024-08-17,Alpha Fasteners Inc.,Fastener,23,4.05,2,Spot buy,South,93.15
L05423,2024-08-17,Kwan Precision Ltd.,Cast Housing,278,6.67,30,Blanket release,South,1854.26
L00119,2024-08-17,Alpha Fasteners Inc.,Fastener,87,2.24,23,Spot buy,South,194.88
L05720,2024-08-17,Alpha Fasteners Inc.,Fastener,35,2.37,2,Spot buy,South,82.95
L01115,2024-08-17,Kwan Precision Ltd.,Cast Housing,915,10.55,16,Spot buy,North,9653.25
L01434,2024-08-17,Britewire Ltd.,Fastener,58,1.14,27,Spot buy,South,66.12
L05030,2024-08-17,Nordic Steel Co.,Formed Wire,106,2.68,20,Blanket release,North,284.08
L04327,2024-08-17,Rhein Polymer GmbH,Cast Housing,1017,11.57,16,Spot buy,North,11766.69
L07678,2024-08-17,Nordic Steel Co.,Formed Wire,257,2.01,19,Blanket release,South,516.57
L06336,2024-08-17,Rhein Polymer GmbH,Precision Assembly,215,40.72,26,Blanket release,North,8754.8
L05462,2024-08-17,Britewire Ltd.,Fastener,163,1.58,32,Blanket release,South,257.54
L05003,2024-08-17,Alpha Fasteners Inc.,Formed Wire,97,3.21,15,Spot buy,South,311.37
L00091,2024-08-17,Sato Industrial K.K.,Precision Assembly,1096,37.8,24,Blanket release,South,41428.8
L01556,2024-08-17,Kwan Precision Ltd.,Precision Assembly,193,31.42,35,Blanket release,North,6064.06
L01441,2024-08-17,Alpha Fasteners Inc.,Fastener,61,1.27,27,Spot buy,South,77.47
L04905,2024-08-17,Alpha Fasteners Inc.,Fastener,7,2.4,25,Spot buy,South,16.8
L04474,2024-08-17,Britewire Ltd.,Formed Wire,36,4.34,15,Blanket release,South,156.24
L02558,2024-08-17,Britewire Ltd.,Fastener,15,2.13,20,Spot buy,North,31.95
L01707,2024-08-17,Alpha Fasteners Inc.,Fastener,48,1.42,31,Spot buy,South,68.16
L03386,2024-08-17,Alpha Fasteners Inc.,Fastener,36,1.59,16,Blanket release,North,57.24
L02743,2024-08-17,Alpha Fasteners Inc.,Fastener,249,0.99,21,Spot buy,North,246.51
L02611,2024-08-17,Britewire Ltd.,Fastener,41,0.98,23,Spot buy,North,40.18
L04066,2024-08-17,Kwan Precision Ltd.,Cast Housing,252,10.29,30,Spot buy,South,2593.08
L07153,2024-08-17,Nordic Steel Co.,Formed Wire,48,1.96,19,Blanket release,North,94.08
L01790,2024-08-17,Kwan Precision Ltd.,Cast Housing,2349,4.72,21,Blanket release,North,11087.28
L04147,2024-08-17,Alpha Fasteners Inc.,Fastener,6,3.34,15,Spot buy,North,20.04
L02754,2024-08-17,Britewire Ltd.,Fastener,75,1.58,19,Spot buy,North,118.5
L03708,2024-08-17,Kwan Precision Ltd.,Precision Assembly,100,38.5,35,Spot buy,North,3850.0
L01789,2024-08-17,Perez Castings S.A.,Precision Assembly,510,29.08,45,Blanket release,South,14830.8
L07312,2024-08-17,Britewire Ltd.,Fastener,58,0.75,25,Blanket release,South,43.5
L03592,2024-08-17,Sato Industrial K.K.,Precision Assembly,375,50.4,33,Spot buy,South,18900.0
L07424,2024-08-17,Kwan Precision Ltd.,Cast Housing,490,8.44,18,Spot buy,North,4135.6
L03275,2024-08-17,Alpha Fasteners Inc.,Fastener,17,1.82,2,Blanket release,North,30.94
L03263,2024-08-17,Britewire Ltd.,Formed Wire,67,4.63,27,Spot buy,North,310.21
L04020,2024-08-17,Kwan Precision Ltd.,Cast Housing,71,9.68,20,Spot buy,South,687.28
L01746,2024-08-17,Perez Castings S.A.,Cast Housing,1011,7.87,18,Blanket release,South,7956.57
L03957,2024-08-17,Perez Castings S.A.,Cast Housing,85,10.79,25,Blanket release,North,917.15
L02160,2024-08-17,Alpha Fasteners Inc.,Fastener,42,1.84,15,Spot buy,North,77.28
L02432,2024-08-17,Rhein Polymer GmbH,Cast Housing,119,21.46,5,Spot buy,North,2553.74
L02179,2024-08-17,Britewire Ltd.,Fastener,172,1.07,30,Spot buy,North,184.04
L01867,2024-08-17,Nordic Steel Co.,Formed Wire,68,3.25,25,Spot buy,North,221.0
L07143,2024-08-17,Alpha Fasteners Inc.,Fastener,27,1.04,35,Spot buy,South,28.08
L02885,2024-08-17,Alpha Fasteners Inc.,Fastener,35,1.48,25,Blanket release,South,51.8
L03297,2024-08-17,Alpha Fasteners Inc.,Formed Wire,597,1.6,24,Blanket release,South,955.2
L07135,2024-08-17,Nordic Steel Co.,Formed Wire,86,4.24,17,Spot buy,North,364.64
L02356,2024-08-17,Nordic Steel Co.,Cast Housing,42,17.41,18,Spot buy,North,731.22
L04124,2024-08-17,Alpha Fasteners Inc.,Formed Wire,11,2.46,27,Spot buy,North,27.06
L06961,2024-08-17,Nordic Steel Co.,Cast Housing,72,6.59,16,Blanket release,South,474.48
L06016,2024-08-18,Rhein Polymer GmbH,Cast Housing,472,8.03,28,Blanket release,North,3790.16
L07757,2024-08-18,Alpha Fasteners Inc.,Fastener,20,2.11,30,Blanket release,South,42.2
L01535,2024-08-18,Britewire Ltd.,Formed Wire,45,4.21,33,Spot buy,South,189.45
L07265,2024-08-18,Britewire Ltd.,Fastener,42,2.24,22,Spot buy,North,94.08
L05505,2024-08-18,Alpha Fasteners Inc.,Fastener,9,1.85,35,Spot buy,North,16.65
L05039,2024-08-18,Britewire Ltd.,Fastener,20,3.79,33,Spot buy,South,75.8
L07718,2024-08-18,Britewire Ltd.,Fastener,24,1.09,33,Spot buy,North,26.16
L02914,2024-08-18,Britewire Ltd.,Formed Wire,62,2.05,17,Spot buy,South,127.1
L00117,2024-08-18,Alpha Fasteners Inc.,Fastener,26,2.11,27,Spot buy,North,54.86
L04281,2024-08-18,Alpha Fasteners Inc.,Fastener,23,1.72,5,Spot buy,South,39.56
L06683,2024-08-18,Nordic Steel Co.,Formed Wire,55,4.8,29,Blanket release,North,264.0
L04367,2024-08-18,Britewire Ltd.,Fastener,83,1.99,21,Spot buy,North,165.17
L01517,2024-08-18,Alpha Fasteners Inc.,Formed Wire,47,3.32,18,Spot buy,South,156.04
L03503,2024-08-18,Nordic Steel Co.,Formed Wire,177,4.19,25,Blanket release,South,741.63
L03318,2024-08-18,Alpha Fasteners Inc.,Fastener,21,2.68,33,Spot buy,North,56.28
L05457,2024-08-18,Rhein Polymer GmbH,Cast Housing,609,8.56,16,Spot buy,South,5213.04
L01687,2024-08-18,Rhein Polymer GmbH,Precision Assembly,249,33.64,27,Blanket release,North,8376.36
L00104,2024-08-18,Alpha Fasteners Inc.,Formed Wire,142,2.2,31,Spot buy,South,312.4
L01476,2024-08-18,Rhein Polymer GmbH,Precision Assembly,1024,44.27,34,Spot buy,North,45332.48
L03519,2024-08-18,Britewire Ltd.,Fastener,69,1.73,32,Spot buy,North,119.37
L01117,2024-08-18,Kwan Precision Ltd.,Precision Assembly,1225,37.17,35,Blanket release,South,45533.25
L05551,2024-08-18,Meridian Tooling (internal),Cast Housing,774,5.19,26,Blanket release,North,4017.06
L03808,2024-08-18,Britewire Ltd.,Formed Wire,167,2.8,20,Spot buy,South,467.6
L01195,2024-08-18,Nordic Steel Co.,Formed Wire,43,3.95,29,Spot buy,North,169.85
L02603,2024-08-18,Nordic Steel Co.,Formed Wire,80,3.98,31,Spot buy,North,318.4
L02602,2024-08-18,Sato Industrial K.K.,Precision Assembly,715,42.59,14,Blanket release,South,30451.85
L07801,2024-08-18,Britewire Ltd.,Formed Wire,51,3.52,8,Blanket release,North,179.52
L00732,2024-08-18,Alpha Fasteners Inc.,Formed Wire,11,4.24,11,Spot buy,North,46.64
L00897,2024-08-18,Britewire Ltd.,Fastener,7,1.59,22,Spot buy,North,11.13
L07895,2024-08-18,Britewire Ltd.,Formed Wire,94,3.15,28,Blanket release,South,296.1
L01269,2024-08-18,Alpha Fasteners Inc.,Fastener,22,3.06,14,Spot buy,North,67.32
L00726,2024-08-18,Britewire Ltd.,Fastener,358,0.8,25,Blanket release,North,286.4
L07451,2024-08-18,Britewire Ltd.,Fastener,2,3.41,26,Spot buy,South,6.82
L04657,2024-08-18,Britewire Ltd.,Fastener,167,1.07,24,Blanket release,North,178.69
L00886,2024-08-18,Kwan Precision Ltd.,Cast Housing,153,13.48,14,Spot buy,South,2062.44
L03865,2024-08-18,Perez Castings S.A.,Cast Housing,3233,6.13,21,Blanket release,North,19818.29
L04662,2024-08-18,Kwan Precision Ltd.,Precision Assembly,1319,24.17,36,Blanket release,North,31880.23
L06914,2024-08-18,Nordic Steel Co.,Cast Housing,442,17.71,14,Spot buy,South,7827.82
L04754,2024-08-18,Alpha Fasteners Inc.,Formed Wire,131,2.23,10,Blanket release,North,292.13
L06784,2024-08-18,Britewire Ltd.,Fastener,15,1.55,22,Spot buy,North,23.25
L07465,2024-08-18,Britewire Ltd.,Formed Wire,71,3.33,19,Blanket release,South,236.43
L05271,2024-08-18,Nordic Steel Co.,Formed Wire,285,3.51,28,Spot buy,North,1000.35
L01763,2024-08-18,Alpha Fasteners Inc.,Formed Wire,143,3.81,22,Spot buy,North,544.83
L07007,2024-08-18,Britewire Ltd.,Fastener,14,1.53,7,Spot buy,North,21.42
L01536,2024-08-18,Kwan Precision Ltd.,Cast Housing,235,14.3,23,Blanket release,South,3360.5
L00499,2024-08-18,Britewire Ltd.,Fastener,265,1.0,4,Blanket release,South,265.0
L05338,2024-08-18,Nordic Steel Co.,Formed Wire,82,3.62,17,Spot buy,South,296.84
L02676,2024-08-18,Nordic Steel Co.,Cast Housing,393,9.85,21,Spot buy,North,3871.05
L07247,2024-08-18,Britewire Ltd.,Fastener,19,1.83,19,Spot buy,North,34.77
L03423,2024-08-18,Kwan Precision Ltd.,Precision Assembly,447,32.2,24,Blanket release,North,14393.4
L04503,2024-08-18,Alpha Fasteners Inc.,Fastener,49,3.71,27,Spot buy,North,181.79
L07857,2024-08-18,Alpha Fasteners Inc.,Fastener,45,0.98,35,Spot buy,South,44.1
L00253,2024-08-18,Meridian Tooling (internal),Cast Housing,251,4.13,17,Spot buy,North,1036.63
L03789,2024-08-18,Alpha Fasteners Inc.,Fastener,107,1.67,17,Spot buy,North,178.69
L00262,2024-08-18,Nordic Steel Co.,Formed Wire,16,3.89,24,Spot buy,North,62.24
L01803,2024-08-18,Britewire Ltd.,Formed Wire,124,3.01,16,Spot buy,North,373.24
L07306,2024-08-18,Kwan Precision Ltd.,Cast Housing,146,10.23,15,Spot buy,South,1493.58
L01383,2024-08-18,Perez Castings S.A.,Precision Assembly,2624,36.23,40,Blanket release,North,95067.52
L06054,2024-08-18,Nordic Steel Co.,Formed Wire,55,2.21,21,Blanket release,North,121.55
L00735,2024-08-18,Alpha Fasteners Inc.,Fastener,67,1.89,15,Spot buy,South,126.63
L06077,2024-08-18,Britewire Ltd.,Fastener,11,2.73,32,Spot buy,South,30.03
L02296,2024-08-18,Alpha Fasteners Inc.,Formed Wire,53,4.28,11,Spot buy,South,226.84
L04961,2024-08-18,Kwan Precision Ltd.,Precision Assembly,114,47.82,18,Blanket release,South,5451.48
L02316,2024-08-18,Rhein Polymer GmbH,Precision Assembly,228,27.05,23,Spot buy,North,6167.4
L07123,2024-08-18,Britewire Ltd.,Fastener,70,2.51,21,Spot buy,North,175.7
L02833,2024-08-18,Alpha Fasteners Inc.,Fastener,229,1.55,23,Spot buy,North,354.95
L01616,2024-08-18,Rhein Polymer GmbH,Precision Assembly,1346,24.93,17,Spot buy,North,33555.78
L06084,2024-08-18,Alpha Fasteners Inc.,Fastener,18,2.57,22,Spot buy,South,46.26
L05410,2024-08-18,Perez Castings S.A.,Cast Housing,26,5.82,16,Blanket release,North,151.32
L03596,2024-08-18,Nordic Steel Co.,Cast Housing,90,11.81,32,Spot buy,South,1062.9
L00785,2024-08-18,Britewire Ltd.,Fastener,6,5.47,19,Spot buy,North,32.82
L06710,2024-08-18,Britewire Ltd.,Formed Wire,9,4.03,25,Blanket release,North,36.27
L04199,2024-08-18,Nordic Steel Co.,Formed Wire,18,3.16,33,Blanket release,South,56.88
L03460,2024-08-18,Kwan Precision Ltd.,Cast Housing,119,11.88,26,Blanket release,North,1413.72
L06086,2024-08-18,Britewire Ltd.,Fastener,250,1.14,21,Spot buy,South,285.0
L05418,2024-08-18,Nordic Steel Co.,Cast Housing,1240,8.03,19,Blanket release,North,9957.2
L07520,2024-08-18,Perez Castings S.A.,Precision Assembly,861,23.15,38,Spot buy,North,19932.15
L05892,2024-08-19,Nordic Steel Co.,Cast Housing,508,9.74,15,Spot buy,North,4947.92
L02237,2024-08-19,Perez Castings S.A.,Cast Housing,236,7.17,17,Blanket release,North,1692.12
L07113,2024-08-19,Kwan Precision Ltd.,Cast Housing,63,11.63,10,Spot buy,North,732.69
L04211,2024-08-19,Alpha Fasteners Inc.,Fastener,8,1.77,25,Spot buy,North,14.16
L01764,2024-08-19,Britewire Ltd.,Formed Wire,114,2.84,19,Spot buy,North,323.76
L03968,2024-08-19,Meridian Tooling (internal),Cast Housing,155,8.58,18,Blanket release,North,1329.9
L07284,2024-08-19,Kwan Precision Ltd.,Cast Housing,107,11.02,27,Blanket release,North,1179.14
L02670,2024-08-19,Nordic Steel Co.,Cast Housing,303,9.91,24,Blanket release,North,3002.73
L06613,2024-08-19,Meridian Tooling (internal),Cast Housing,126,4.74,16,Blanket release,North,597.24
L01372,2024-08-19,Britewire Ltd.,Fastener,63,1.46,10,Spot buy,South,91.98
L06626,2024-08-19,Perez Castings S.A.,Precision Assembly,1382,29.93,36,Blanket release,South,41363.26
L04833,2024-08-19,Meridian Tooling (internal),Cast Housing,217,3.45,20,Blanket release,North,748.65
L03245,2024-08-19,Alpha Fasteners Inc.,Fastener,99,0.96,8,Blanket release,North,95.04
L05269,2024-08-19,Britewire Ltd.,Fastener,40,2.08,32,Spot buy,South,83.2
L05491,2024-08-19,Britewire Ltd.,Fastener,198,1.54,22,Spot buy,North,304.92
L04374,2024-08-19,Nordic Steel Co.,Formed Wire,114,4.43,13,Spot buy,North,505.02
L07702,2024-08-19,Britewire Ltd.,Fastener,51,2.85,21,Blanket release,North,145.35
L01055,2024-08-19,Britewire Ltd.,Formed Wire,78,1.96,20,Spot buy,South,152.88
L04388,2024-08-19,Britewire Ltd.,Fastener,21,2.48,24,Spot buy,North,52.08
L00133,2024-08-19,Rhein Polymer GmbH,Cast Housing,668,10.3,17,Spot buy,North,6880.4
L06188,2024-08-19,Britewire Ltd.,Fastener,16,4.55,28,Spot buy,North,72.8
L03385,2024-08-19,Nordic Steel Co.,Formed Wire,17,8.12,30,Blanket release,North,138.04
L03989,2024-08-19,Britewire Ltd.,Fastener,94,1.67,26,Spot buy,North,156.98
L06081,2024-08-19,Nordic Steel Co.,Formed Wire,127,3.91,24,Blanket release,South,496.57
L06642,2024-08-19,Alpha Fasteners Inc.,Fastener,147,1.1,2,Spot buy,South,161.7
L06965,2024-08-19,Nordic Steel Co.,Cast Housing,884,8.23,24,Spot buy,South,7275.32
L07416,2024-08-19,Perez Castings S.A.,Cast Housing,46,17.23,22,Spot buy,South,792.58
L07088,2024-08-19,Perez Castings S.A.,Precision Assembly,1333,27.06,26,Spot buy,South,36070.98
L07529,2024-08-19,Britewire Ltd.,Fastener,22,2.3,19,Spot buy,North,50.6
L06455,2024-08-19,Nordic Steel Co.,Formed Wire,148,2.47,26,Spot buy,North,365.56
L02952,2024-08-19,Nordic Steel Co.,Cast Housing,112,15.74,24,Spot buy,North,1762.88
L06632,2024-08-19,Britewire Ltd.,Fastener,35,3.92,15,Spot buy,North,137.2
L00559,2024-08-19,Nordic Steel Co.,Formed Wire,657,2.49,2,Blanket release,North,1635.93
L07185,2024-08-19,Sato Industrial K.K.,Precision Assembly,650,61.77,42,Spot buy,South,40150.5
L04525,2024-08-19,Kwan Precision Ltd.,Precision Assembly,458,42.25,36,Blanket release,North,19350.5
L05832,2024-08-19,Alpha Fasteners Inc.,Formed Wire,10,5.0,24,Blanket release,South,50.0
L03546,2024-08-19,Sato Industrial K.K.,Precision Assembly,1029,53.12,9,Blanket release,South,54660.48
L01841,2024-08-19,Kwan Precision Ltd.,Cast Housing,183,12.57,19,Blanket release,North,2300.31
L07456,2024-08-19,Britewire Ltd.,Formed Wire,34,4.48,24,Blanket release,South,152.32
L04611,2024-08-19,Britewire Ltd.,Fastener,5,3.62,28,Spot buy,South,18.1
L02506,2024-08-19,Nordic Steel Co.,Formed Wire,102,4.35,24,Blanket release,North,443.7
L01271,2024-08-19,Britewire Ltd.,Fastener,11,1.46,18,Spot buy,North,16.06
L03083,2024-08-19,Alpha Fasteners Inc.,Fastener,12,2.2,28,Blanket release,North,26.4
L07041,2024-08-19,Alpha Fasteners Inc.,Fastener,14,2.34,13,Spot buy,South,32.76
L05098,2024-08-19,Alpha Fasteners Inc.,Fastener,54,1.02,11,Spot buy,North,55.08
L05680,2024-08-19,Alpha Fasteners Inc.,Formed Wire,29,4.5,19,Blanket release,North,130.5
L00791,2024-08-19,Rhein Polymer GmbH,Cast Housing,44,9.31,16,Blanket release,North,409.64
L01857,2024-08-19,Britewire Ltd.,Fastener,23,2.73,27,Spot buy,South,62.79
L02573,2024-08-19,Perez Castings S.A.,Cast Housing,67,11.36,36,Spot buy,North,761.12
L03402,2024-08-19,Nordic Steel Co.,Formed Wire,1127,4.27,16,Spot buy,North,4812.29
L03609,2024-08-19,Kwan Precision Ltd.,Cast Housing,423,9.67,21,Spot buy,North,4090.41
L05713,2024-08-19,Alpha Fasteners Inc.,Fastener,33,2.56,3,Spot buy,North,84.48
L02816,2024-08-19,Perez Castings S.A.,Precision Assembly,366,27.67,22,Blanket release,North,10127.22
L00366,2024-08-19,Sato Industrial K.K.,Precision Assembly,1447,37.72,31,Blanket release,South,54580.84
L06566,2024-08-19,Perez Castings S.A.,Precision Assembly,1398,41.2,49,Spot buy,North,57597.6
L07639,2024-08-19,Rhein Polymer GmbH,Precision Assembly,152,35.35,31,Blanket release,South,5373.2
L06360,2024-08-19,Alpha Fasteners Inc.,Formed Wire,23,4.83,20,Spot buy,South,111.09
L05764,2024-08-19,Nordic Steel Co.,Formed Wire,198,2.7,21,Blanket release,South,534.6
L02622,2024-08-19,Nordic Steel Co.,Formed Wire,31,5.74,18,Blanket release,North,177.94
L01463,2024-08-19,Alpha Fasteners Inc.,Formed Wire,189,2.87,16,Spot buy,North,542.43
L01933,2024-08-19,Alpha Fasteners Inc.,Fastener,65,1.46,11,Spot buy,North,94.9
L01168,2024-08-19,Kwan Precision Ltd.,Cast Housing,112,10.47,24,Blanket release,North,1172.64
L06519,2024-08-19,Alpha Fasteners Inc.,Fastener,13,2.18,23,Spot buy,South,28.34
L02481,2024-08-19,Alpha Fasteners Inc.,Formed Wire,751,1.8,30,Spot buy,South,1351.8
L00289,2024-08-19,Britewire Ltd.,Fastener,109,1.82,31,Spot buy,North,198.38
L03037,2024-08-19,Kwan Precision Ltd.,Cast Housing,133,11.55,8,Spot buy,South,1536.15
L04188,2024-08-19,Kwan Precision Ltd.,Cast Housing,147,12.3,30,Spot buy,North,1808.1
L03810,2024-08-19,Kwan Precision Ltd.,Precision Assembly,652,36.77,28,Blanket release,North,23974.04
L02210,2024-08-19,Rhein Polymer GmbH,Precision Assembly,132,38.44,44,Spot buy,South,5074.08
L05779,2024-08-19,Alpha Fasteners Inc.,Fastener,96,1.28,18,Spot buy,South,122.88
L02277,2024-08-19,Rhein Polymer GmbH,Precision Assembly,219,29.33,33,Spot buy,North,6423.27
L01834,2024-08-19,Alpha Fasteners Inc.,Fastener,186,2.02,29,Spot buy,North,375.72
L06243,2024-08-19,Alpha Fasteners Inc.,Formed Wire,37,4.98,23,Spot buy,North,184.26
L05637,2024-08-19,Nordic Steel Co.,Cast Housing,63,13.09,25,Blanket release,North,824.67
L03057,2024-08-19,Britewire Ltd.,Fastener,18,1.93,3,Blanket release,North,34.74
L04728,2024-08-19,Alpha Fasteners Inc.,Fastener,23,2.55,4,Spot buy,North,58.65
L07864,2024-08-19,Alpha Fasteners Inc.,Fastener,11,2.3,19,Spot buy,South,25.3
L03203,2024-08-19,Rhein Polymer GmbH,Cast Housing,427,10.78,22,Blanket release,South,4603.06
L06346,2024-08-19,Britewire Ltd.,Fastener,21,1.22,26,Spot buy,North,25.62
L05517,2024-08-19,Britewire Ltd.,Fastener,77,2.49,5,Spot buy,South,191.73
L04250,2024-08-19,Britewire Ltd.,Formed Wire,84,3.12,24,Blanket release,North,262.08
L06468,2024-08-19,Kwan Precision Ltd.,Cast Housing,130,7.99,39,Blanket release,South,1038.7
L02883,2024-08-19,Alpha Fasteners Inc.,Formed Wire,45,4.16,24,Spot buy,North,187.2
L07111,2024-08-19,Alpha Fasteners Inc.,Formed Wire,105,5.38,8,Spot buy,North,564.9
L05471,2024-08-19,Alpha Fasteners Inc.,Formed Wire,102,3.43,14,Spot buy,North,349.86
L07554,2024-08-19,Perez Castings S.A.,Cast Housing,556,8.29,14,Spot buy,North,4609.24
L04340,2024-08-19,Nordic Steel Co.,Cast Housing,92,8.76,15,Blanket release,North,805.92
L04247,2024-08-19,Rhein Polymer GmbH,Precision Assembly,380,28.38,18,Blanket release,North,10784.4
L06679,2024-08-19,Alpha Fasteners Inc.,Fastener,52,2.44,26,Spot buy,North,126.88
L00048,2024-08-19,Britewire Ltd.,Fastener,47,1.32,15,Spot buy,North,62.04
L04319,2024-08-19,Britewire Ltd.,Formed Wire,23,5.03,20,Spot buy,North,115.69
L03696,2024-08-19,Nordic Steel Co.,Formed Wire,30,7.51,4,Spot buy,North,225.3
L06051,2024-08-19,Rhein Polymer GmbH,Precision Assembly,314,49.67,11,Blanket release,South,15596.38
L03452,2024-08-19,Kwan Precision Ltd.,Cast Housing,282,6.62,9,Blanket release,South,1866.84
L05242,2024-08-19,Britewire Ltd.,Formed Wire,44,2.58,29,Blanket release,North,113.52
L00621,2024-08-19,Kwan Precision Ltd.,Cast Housing,168,17.86,15,Spot buy,North,3000.48
L02846,2024-08-19,Britewire Ltd.,Fastener,378,1.22,26,Spot buy,South,461.16
L04954,2024-08-19,Rhein Polymer GmbH,Cast Housing,60,20.5,25,Blanket release,South,1230.0
L07263,2024-08-19,Britewire Ltd.,Fastener,225,0.66,22,Blanket release,North,148.5
L07499,2024-08-19,Alpha Fasteners Inc.,Fastener,28,2.29,21,Blanket release,South,64.12
L02220,2024-08-19,Rhein Polymer GmbH,Precision Assembly,603,52.31,32,Blanket release,South,31542.93
L00929,2024-08-19,Rhein Polymer GmbH,Cast Housing,145,9.29,22,Blanket release,South,1347.05
L03903,2024-08-20,Rhein Polymer GmbH,Cast Housing,285,10.47,38,Spot buy,South,2983.95
L04469,2024-08-20,Nordic Steel Co.,Cast Housing,444,7.05,17,Blanket release,North,3130.2
L06571,2024-08-20,Kwan Precision Ltd.,Precision Assembly,316,31.89,38,Blanket release,South,10077.24
L04820,2024-08-20,Kwan Precision Ltd.,Precision Assembly,1025,41.2,28,Blanket release,North,42230.0
L06095,2024-08-20,Britewire Ltd.,Fastener,62,1.25,14,Spot buy,North,77.5
L03350,2024-08-20,Sato Industrial K.K.,Precision Assembly,360,43.42,29,Blanket release,North,15631.2
L02971,2024-08-20,Rhein Polymer GmbH,Precision Assembly,351,40.56,16,Spot buy,North,14236.56
L04275,2024-08-20,Britewire Ltd.,Fastener,10,1.02,20,Spot buy,South,10.2
L04940,2024-08-20,Perez Castings S.A.,Cast Housing,109,11.92,22,Spot buy,South,1299.28
L02307,2024-08-20,Britewire Ltd.,Fastener,55,1.23,18,Spot buy,South,67.65
L02849,2024-08-20,Alpha Fasteners Inc.,Formed Wire,57,2.98,31,Spot buy,South,169.86
L07991,2024-08-20,Britewire Ltd.,Fastener,28,0.84,32,Blanket release,South,23.52
L04992,2024-08-20,Rhein Polymer GmbH,Cast Housing,247,12.33,13,Spot buy,South,3045.51
L04913,2024-08-20,Perez Castings S.A.,Precision Assembly,379,27.79,15,Blanket release,South,10532.41
L00352,2024-08-20,Sato Industrial K.K.,Precision Assembly,264,37.59,33,Spot buy,North,9923.76
L05081,2024-08-20,Sato Industrial K.K.,Precision Assembly,147,38.37,29,Spot buy,South,5640.39
L04951,2024-08-20,Nordic Steel Co.,Formed Wire,182,3.99,30,Blanket release,North,726.18
L06516,2024-08-20,Nordic Steel Co.,Formed Wire,27,2.6,7,Blanket release,North,70.2
L04589,2024-08-20,Kwan Precision Ltd.,Cast Housing,730,8.02,24,Blanket release,North,5854.6
L06919,2024-08-20,Britewire Ltd.,Formed Wire,76,4.67,14,Blanket release,North,354.92
L02201,2024-08-20,Britewire Ltd.,Formed Wire,11,3.01,16,Blanket release,North,33.11
L07351,2024-08-20,Nordic Steel Co.,Cast Housing,680,8.97,23,Blanket release,South,6099.6
L06521,2024-08-20,Britewire Ltd.,Fastener,28,2.46,4,Spot buy,North,68.88
L07939,2024-08-20,Alpha Fasteners Inc.,Formed Wire,100,3.04,24,Blanket release,South,304.0
L07394,2024-08-20,Rhein Polymer GmbH,Precision Assembly,211,69.62,30,Blanket release,South,14689.82
L00864,2024-08-20,Perez Castings S.A.,Precision Assembly,520,30.88,37,Blanket release,North,16057.6
L01807,2024-08-20,Alpha Fasteners Inc.,Formed Wire,34,6.17,10,Spot buy,South,209.78
L06377,2024-08-20,Perez Castings S.A.,Precision Assembly,469,30.43,30,Blanket release,South,14271.67
L06853,2024-08-20,Britewire Ltd.,Fastener,30,1.18,26,Blanket release,South,35.4
L05435,2024-08-20,Kwan Precision Ltd.,Precision Assembly,102,68.44,16,Spot buy,North,6980.88
L06462,2024-08-20,Britewire Ltd.,Formed Wire,126,2.2,12,Blanket release,South,277.2
L01944,2024-08-20,Alpha Fasteners Inc.,Fastener,18,2.09,19,Spot buy,South,37.62
L07641,2024-08-20,Alpha Fasteners Inc.,Formed Wire,294,2.99,19,Blanket release,South,879.06
L00235,2024-08-20,Rhein Polymer GmbH,Cast Housing,483,7.36,32,Blanket release,North,3554.88
L01280,2024-08-20,Rhein Polymer GmbH,Cast Housing,220,15.8,9,Spot buy,South,3476.0
L02290,2024-08-20,Britewire Ltd.,Fastener,39,1.75,22,Spot buy,South,68.25
L00710,2024-08-20,Alpha Fasteners Inc.,Fastener,9,1.43,20,Blanket release,North,12.87
L04752,2024-08-20,Nordic Steel Co.,Formed Wire,46,3.99,2,Blanket release,North,183.54
L04798,2024-08-20,Britewire Ltd.,Fastener,47,1.02,21,Spot buy,North,47.94
L03405,2024-08-20,Alpha Fasteners Inc.,Formed Wire,29,3.26,27,Blanket release,South,94.54
L01851,2024-08-20,Perez Castings S.A.,Cast Housing,39,20.99,7,Spot buy,North,818.61
L01141,2024-08-20,Alpha Fasteners Inc.,Fastener,23,2.39,16,Spot buy,North,54.97
L00489,2024-08-20,Sato Industrial K.K.,Precision Assembly,80,35.23,15,Blanket release,North,2818.4
L06508,2024-08-20,Alpha Fasteners Inc.,Fastener,21,1.71,21,Blanket release,North,35.91
L04808,2024-08-20,Perez Castings S.A.,Cast Housing,228,8.68,19,Spot buy,South,1979.04
L02616,2024-08-20,Britewire Ltd.,Fastener,62,1.35,25,Spot buy,North,83.7
L06252,2024-08-20,Britewire Ltd.,Formed Wire,58,1.93,18,Spot buy,South,111.94
L00349,2024-08-20,Britewire Ltd.,Fastener,15,2.41,14,Spot buy,North,36.15
L05864,2024-08-20,Nordic Steel Co.,Formed Wire,117,2.38,6,Spot buy,North,278.46
L05359,2024-08-20,Rhein Polymer GmbH,Precision Assembly,504,47.52,34,Blanket release,North,23950.08
L04597,2024-08-20,Alpha Fasteners Inc.,Fastener,26,1.67,2,Spot buy,North,43.42
L01126,2024-08-20,Alpha Fasteners Inc.,Fastener,12,2.95,24,Blanket release,South,35.4
L01391,2024-08-20,Rhein Polymer GmbH,Precision Assembly,156,41.29,21,Blanket release,North,6441.24
L04145,2024-08-20,Alpha Fasteners Inc.,Fastener,56,1.62,27,Blanket release,South,90.72
L00934,2024-08-20,Alpha Fasteners Inc.,Formed Wire,108,3.35,20,Blanket release,North,361.8
L06150,2024-08-20,Britewire Ltd.,Formed Wire,90,4.43,16,Spot buy,South,398.7
L07487,2024-08-20,Britewire Ltd.,Fastener,31,1.68,15,Blanket release,North,52.08
L00557,2024-08-20,Meridian Tooling (internal),Precision Assembly,415,21.81,21,Spot buy,North,9051.15
L07444,2024-08-20,Perez Castings S.A.,Cast Housing,251,11.51,22,Spot buy,North,2889.01
L07530,2024-08-20,Kwan Precision Ltd.,Cast Housing,440,6.47,40,Spot buy,North,2846.8
L00794,2024-08-20,Alpha Fasteners Inc.,Formed Wire,37,4.15,18,Spot buy,South,153.55
L02375,2024-08-20,Britewire Ltd.,Formed Wire,419,1.59,49,Blanket release,North,666.21
L05986,2024-08-20,Sato Industrial K.K.,Precision Assembly,1794,41.1,28,Spot buy,North,73733.4
L01655,2024-08-20,Alpha Fasteners Inc.,Fastener,29,2.44,18,Spot buy,South,70.76
L01076,2024-08-20,Nordic Steel Co.,Formed Wire,210,2.34,22,Blanket release,North,491.4
L01474,2024-08-20,Rhein Polymer GmbH,Cast Housing,96,11.34,34,Spot buy,South,1088.64
L00551,2024-08-20,Rhein Polymer GmbH,Cast Housing,147,7.45,34,Blanket release,North,1095.15
L04177,2024-08-20,Alpha Fasteners Inc.,Fastener,217,1.08,19,Spot buy,North,234.36
L03480,2024-08-20,Britewire Ltd.,Formed Wire,277,1.54,17,Blanket release,South,426.58
L00582,2024-08-20,Kwan Precision Ltd.,Precision Assembly,228,57.13,28,Blanket release,North,13025.64
L05311,2024-08-20,Sato Industrial K.K.,Precision Assembly,44,59.93,46,Blanket release,North,2636.92
L04023,2024-08-20,Nordic Steel Co.,Cast Housing,338,7.86,28,Blanket release,North,2656.68
L06954,2024-08-20,Alpha Fasteners Inc.,Formed Wire,153,2.4,15,Spot buy,North,367.2
L01251,2024-08-20,Kwan Precision Ltd.,Precision Assembly,125,37.47,27,Blanket release,North,4683.75
L07784,2024-08-20,Perez Castings S.A.,Cast Housing,68,9.07,15,Blanket release,South,616.76
L01869,2024-08-20,Nordic Steel Co.,Formed Wire,222,2.68,42,Blanket release,South,594.96
L03116,2024-08-20,Alpha Fasteners Inc.,Fastener,15,1.56,29,Blanket release,North,23.4
L05969,2024-08-20,Britewire Ltd.,Fastener,29,2.6,13,Spot buy,North,75.4
L00546,2024-08-20,Alpha Fasteners Inc.,Fastener,60,1.19,31,Blanket release,North,71.4
L02403,2024-08-20,Alpha Fasteners Inc.,Fastener,166,1.44,42,Blanket release,North,239.04
L02371,2024-08-20,Rhein Polymer GmbH,Precision Assembly,181,43.86,18,Spot buy,North,7938.66
L05690,2024-08-20,Rhein Polymer GmbH,Precision Assembly,2357,32.68,22,Blanket release,North,77026.76
L01705,2024-08-20,Perez Castings S.A.,Precision Assembly,179,43.88,34,Spot buy,North,7854.52
L04239,2024-08-20,Britewire Ltd.,Formed Wire,50,5.13,2,Blanket release,North,256.5
L07266,2024-08-21,Britewire Ltd.,Fastener,41,2.2,19,Blanket release,South,90.2
L03153,2024-08-21,Nordic Steel Co.,Formed Wire,28,3.56,24,Spot buy,South,99.68
L06659,2024-08-21,Britewire Ltd.,Formed Wire,183,2.2,18,Spot buy,South,402.6
L01843,2024-08-21,Alpha Fasteners Inc.,Fastener,28,2.02,15,Spot buy,North,56.56
L05218,2024-08-21,Britewire Ltd.,Formed Wire,17,5.81,33,Spot buy,South,98.77
L02915,2024-08-21,Perez Castings S.A.,Precision Assembly,136,36.83,19,Spot buy,North,5008.88
L03717,2024-08-21,Alpha Fasteners Inc.,Fastener,48,1.49,7,Blanket release,South,71.52
L04613,2024-08-21,Alpha Fasteners Inc.,Fastener,22,2.95,31,Spot buy,North,64.9
L03777,2024-08-21,Nordic Steel Co.,Formed Wire,254,3.72,23,Spot buy,North,944.88
L01282,2024-08-21,Perez Castings S.A.,Cast Housing,195,12.8,24,Spot buy,South,2496.0
L01726,2024-08-21,Rhein Polymer GmbH,Cast Housing,172,10.92,28,Blanket release,South,1878.24
L01456,2024-08-21,Britewire Ltd.,Fastener,9,2.59,8,Blanket release,North,23.31
L01161,2024-08-21,Perez Castings S.A.,Cast Housing,41,13.91,21,Spot buy,North,570.31
L06665,2024-08-21,Kwan Precision Ltd.,Cast Housing,119,12.64,20,Blanket release,South,1504.16
L02815,2024-08-21,Nordic Steel Co.,Formed Wire,66,2.74,29,Spot buy,North,180.84
L01814,2024-08-21,Alpha Fasteners Inc.,Fastener,48,1.81,13,Blanket release,North,86.88
L07971,2024-08-21,Nordic Steel Co.,Formed Wire,199,3.04,23,Spot buy,North,604.96
L03059,2024-08-21,Rhein Polymer GmbH,Cast Housing,834,14.17,14,Spot buy,South,11817.78
L05710,2024-08-21,Alpha Fasteners Inc.,Formed Wire,260,3.36,31,Blanket release,North,873.6
L03322,2024-08-21,Britewire Ltd.,Formed Wire,77,1.59,15,Blanket release,North,122.43
L03648,2024-08-21,Nordic Steel Co.,Formed Wire,61,5.61,37,Spot buy,North,342.21
L05802,2024-08-21,Alpha Fasteners Inc.,Fastener,35,1.47,11,Spot buy,South,51.45
L07715,2024-08-21,Britewire Ltd.,Formed Wire,44,1.57,31,Spot buy,North,69.08
L03033,2024-08-21,Nordic Steel Co.,Formed Wire,22,5.55,19,Blanket release,North,122.1
L05179,2024-08-21,Rhein Polymer GmbH,Precision Assembly,672,34.18,35,Spot buy,North,22968.96
L07493,2024-08-21,Perez Castings S.A.,Cast Housing,783,7.98,15,Blanket release,South,6248.34
L03709,2024-08-21,Britewire Ltd.,Fastener,32,2.5,25,Spot buy,South,80.0
L04988,2024-08-21,Rhein Polymer GmbH,Cast Housing,69,18.02,20,Blanket release,South,1243.38
L04306,2024-08-21,Meridian Tooling (internal),Cast Housing,40,6.71,23,Spot buy,North,268.4
L06598,2024-08-21,Alpha Fasteners Inc.,Fastener,10,0.99,32,Spot buy,North,9.9
L07765,2024-08-21,Alpha Fasteners Inc.,Fastener,58,1.19,17,Spot buy,South,69.02
L06538,2024-08-21,Perez Castings S.A.,Precision Assembly,354,35.25,48,Blanket release,North,12478.5
L04149,2024-08-21,Nordic Steel Co.,Formed Wire,15,5.09,37,Blanket release,South,76.35
L00076,2024-08-21,Nordic Steel Co.,Formed Wire,84,4.14,21,Spot buy,South,347.76
L03594,2024-08-21,Nordic Steel Co.,Formed Wire,114,4.79,32,Spot buy,South,546.06
L00324,2024-08-21,Sato Industrial K.K.,Precision Assembly,5574,34.89,30,Blanket release,South,194476.86
L06662,2024-08-21,Perez Castings S.A.,Precision Assembly,1132,39.33,11,Spot buy,South,44521.56
L02518,2024-08-21,Britewire Ltd.,Fastener,52,1.78,7,Spot buy,South,92.56
L04349,2024-08-21,Alpha Fasteners Inc.,Fastener,20,2.0,40,Spot buy,North,40.0
L05174,2024-08-21,Kwan Precision Ltd.,Cast Housing,2608,8.75,6,Blanket release,South,22820.0
L04019,2024-08-21,Britewire Ltd.,Fastener,21,2.79,36,Spot buy,North,58.59
L02153,2024-08-21,Rhein Polymer GmbH,Cast Housing,646,13.96,13,Spot buy,North,9018.16
L02493,2024-08-21,Alpha Fasteners Inc.,Fastener,6,4.23,29,Spot buy,North,25.38
L05882,2024-08-21,Britewire Ltd.,Fastener,134,1.17,23,Spot buy,North,156.78
L04018,2024-08-21,Perez Castings S.A.,Cast Housing,143,11.3,23,Blanket release,North,1615.9
L03516,2024-08-21,Rhein Polymer GmbH,Precision Assembly,987,35.33,26,Blanket release,North,34870.71
L03812,2024-08-21,Rhein Polymer GmbH,Precision Assembly,1615,33.0,37,Blanket release,North,53295.0
L06490,2024-08-21,Rhein Polymer GmbH,Cast Housing,826,12.57,27,Blanket release,North,10382.82
L07142,2024-08-21,Britewire Ltd.,Fastener,121,1.17,28,Spot buy,North,141.57
L01744,2024-08-21,Perez Castings S.A.,Cast Housing,417,13.51,37,Spot buy,North,5633.67
L00696,2024-08-21,Britewire Ltd.,Fastener,62,1.4,16,Spot buy,South,86.8
L05191,2024-08-21,Nordic Steel Co.,Cast Housing,280,11.18,31,Blanket release,North,3130.4
L01257,2024-08-21,Rhein Polymer GmbH,Precision Assembly,185,31.29,34,Blanket release,South,5788.65
L03491,2024-08-21,Perez Castings S.A.,Cast Housing,34,17.43,24,Blanket release,South,592.62
L05188,2024-08-21,Nordic Steel Co.,Cast Housing,242,12.1,32,Spot buy,North,2928.2
L02188,2024-08-21,Alpha Fasteners Inc.,Fastener,109,1.29,15,Spot buy,North,140.61
L03252,2024-08-21,Perez Castings S.A.,Cast Housing,40,9.9,25,Spot buy,North,396.0
L04963,2024-08-21,Alpha Fasteners Inc.,Fastener,27,1.58,14,Spot buy,North,42.66
L06493,2024-08-21,Nordic Steel Co.,Formed Wire,85,2.51,34,Blanket release,South,213.35
L07619,2024-08-21,Nordic Steel Co.,Cast Housing,1879,6.38,19,Blanket release,South,11988.02
L04114,2024-08-21,Britewire Ltd.,Fastener,88,1.54,23,Spot buy,North,135.52
L06950,2024-08-21,Alpha Fasteners Inc.,Formed Wire,14,5.33,18,Blanket release,South,74.62
L06339,2024-08-21,Alpha Fasteners Inc.,Fastener,9,3.51,36,Spot buy,South,31.59
L05429,2024-08-21,Kwan Precision Ltd.,Cast Housing,110,12.94,8,Spot buy,North,1423.4
L04168,2024-08-21,Rhein Polymer GmbH,Precision Assembly,596,39.71,22,Blanket release,South,23667.16
L00219,2024-08-21,Alpha Fasteners Inc.,Fastener,149,1.52,22,Blanket release,North,226.48
L01626,2024-08-21,Britewire Ltd.,Fastener,27,1.96,6,Spot buy,North,52.92
L07102,2024-08-21,Alpha Fasteners Inc.,Fastener,53,1.87,33,Spot buy,North,99.11
L07251,2024-08-21,Britewire Ltd.,Fastener,104,1.36,35,Spot buy,South,141.44
L03508,2024-08-21,Britewire Ltd.,Fastener,52,2.0,29,Spot buy,South,104.0
L01684,2024-08-21,Britewire Ltd.,Fastener,69,1.1,19,Spot buy,North,75.9
L05215,2024-08-21,Alpha Fasteners Inc.,Formed Wire,109,3.21,6,Blanket release,North,349.89
L06397,2024-08-21,Nordic Steel Co.,Cast Housing,330,8.76,30,Blanket release,North,2890.8
L06503,2024-08-21,Alpha Fasteners Inc.,Formed Wire,84,2.3,17,Spot buy,North,193.2
L01587,2024-08-21,Alpha Fasteners Inc.,Fastener,88,1.28,17,Spot buy,South,112.64
L01481,2024-08-21,Nordic Steel Co.,Formed Wire,405,3.35,15,Spot buy,North,1356.75
L07425,2024-08-21,Perez Castings S.A.,Cast Housing,156,7.51,16,Spot buy,South,1171.56
L01689,2024-08-21,Britewire Ltd.,Fastener,23,2.83,32,Spot buy,North,65.09
L01785,2024-08-21,Kwan Precision Ltd.,Precision Assembly,356,29.71,22,Blanket release,North,10576.76
L05622,2024-08-21,Alpha Fasteners Inc.,Fastener,12,5.89,18,Blanket release,North,70.68
L00139,2024-08-21,Nordic Steel Co.,Formed Wire,195,3.29,5,Blanket release,North,641.55
L02027,2024-08-21,Britewire Ltd.,Fastener,75,1.48,27,Blanket release,North,111.0
L06545,2024-08-21,Nordic Steel Co.,Cast Housing,77,9.22,25,Spot buy,North,709.94
L01854,2024-08-21,Alpha Fasteners Inc.,Fastener,186,0.91,23,Spot buy,South,169.26
L01919,2024-08-22,Rhein Polymer GmbH,Precision Assembly,1273,39.86,33,Spot buy,North,50741.78
L06061,2024-08-22,Kwan Precision Ltd.,Cast Housing,650,11.78,10,Blanket release,South,7657.0
L00011,2024-08-22,Alpha Fasteners Inc.,Fastener,39,1.05,32,Spot buy,North,40.95
L01515,2024-08-22,Sato Industrial K.K.,Precision Assembly,2244,25.13,31,Spot buy,North,56391.72
L06481,2024-08-22,Alpha Fasteners Inc.,Fastener,63,1.49,21,Spot buy,North,93.87
L02497,2024-08-22,Perez Castings S.A.,Precision Assembly,550,27.84,27,Spot buy,South,15312.0
L00374,2024-08-22,Britewire Ltd.,Formed Wire,120,2.44,25,Spot buy,North,292.8
L00055,2024-08-22,Alpha Fasteners Inc.,Formed Wire,142,2.75,23,Spot buy,South,390.5
L01675,2024-08-22,Britewire Ltd.,Formed Wire,60,4.61,10,Spot buy,South,276.6
L00364,2024-08-22,Alpha Fasteners Inc.,Fastener,65,2.32,20,Spot buy,North,150.8
L04654,2024-08-22,Nordic Steel Co.,Formed Wire,23,6.05,32,Blanket release,North,139.15
L02569,2024-08-22,Nordic Steel Co.,Cast Housing,58,11.79,16,Blanket release,North,683.82
L05698,2024-08-22,Britewire Ltd.,Fastener,45,2.17,15,Spot buy,North,97.65
L07979,2024-08-22,Nordic Steel Co.,Formed Wire,90,2.15,39,Blanket release,South,193.5
L01541,2024-08-22,Britewire Ltd.,Fastener,24,1.87,2,Blanket release,North,44.88
L05681,2024-08-22,Nordic Steel Co.,Cast Housing,157,12.95,37,Spot buy,North,2033.15
L01266,2024-08-22,Alpha Fasteners Inc.,Formed Wire,33,2.94,11,Blanket release,South,97.02
L02107,2024-08-22,Alpha Fasteners Inc.,Formed Wire,43,5.13,13,Spot buy,North,220.59
L02041,2024-08-22,Alpha Fasteners Inc.,Fastener,42,2.75,24,Spot buy,North,115.5
L00890,2024-08-22,Nordic Steel Co.,Cast Housing,374,5.87,31,Spot buy,North,2195.38
L02516,2024-08-22,Alpha Fasteners Inc.,Formed Wire,24,3.43,31,Blanket release,South,82.32
L07300,2024-08-22,Nordic Steel Co.,Cast Housing,84,6.74,16,Blanket release,North,566.16
L01207,2024-08-22,Perez Castings S.A.,Cast Housing,185,9.25,11,Blanket release,North,1711.25
L00422,2024-08-22,Britewire Ltd.,Fastener,85,2.4,39,Spot buy,South,204.0
L07401,2024-08-22,Alpha Fasteners Inc.,Fastener,208,1.03,32,Blanket release,North,214.24
L00470,2024-08-22,Kwan Precision Ltd.,Cast Housing,261,12.23,24,Spot buy,North,3192.03
L02604,2024-08-22,Alpha Fasteners Inc.,Fastener,81,1.23,2,Spot buy,South,99.63
L05900,2024-08-22,Alpha Fasteners Inc.,Fastener,4,4.64,11,Spot buy,North,18.56
L03230,2024-08-22,Alpha Fasteners Inc.,Fastener,43,1.26,20,Spot buy,South,54.18
L00705,2024-08-22,Britewire Ltd.,Fastener,2,1.26,17,Spot buy,South,2.52
L01759,2024-08-22,Sato Industrial K.K.,Precision Assembly,313,64.29,21,Spot buy,South,20122.77
L02358,2024-08-22,Perez Castings S.A.,Precision Assembly,1554,26.74,24,Spot buy,North,41553.96
L04832,2024-08-22,Britewire Ltd.,Fastener,46,0.94,24,Spot buy,South,43.24
L07341,2024-08-22,Alpha Fasteners Inc.,Fastener,18,5.89,12,Spot buy,North,106.02
L01124,2024-08-22,Britewire Ltd.,Fastener,26,2.65,13,Spot buy,North,68.9
L01776,2024-08-22,Alpha Fasteners Inc.,Fastener,18,5.48,9,Spot buy,South,98.64
L01778,2024-08-22,Nordic Steel Co.,Cast Housing,32,12.7,38,Spot buy,North,406.4
L02125,2024-08-22,Alpha Fasteners Inc.,Fastener,24,2.36,10,Spot buy,South,56.64
L03965,2024-08-22,Britewire Ltd.,Fastener,89,1.54,23,Spot buy,South,137.06
L04478,2024-08-22,Perez Castings S.A.,Precision Assembly,802,22.11,29,Blanket release,South,17732.22
L04810,2024-08-22,Rhein Polymer GmbH,Precision Assembly,1803,35.34,27,Blanket release,North,63718.02
L04959,2024-08-22,Rhein Polymer GmbH,Cast Housing,43,11.67,25,Blanket release,North,501.81
L02417,2024-08-22,Alpha Fasteners Inc.,Fastener,58,1.12,21,Blanket release,South,64.96
L07595,2024-08-22,Perez Castings S.A.,Cast Housing,15,9.57,24,Blanket release,North,143.55
L03688,2024-08-22,Britewire Ltd.,Fastener,55,1.05,19,Blanket release,South,57.75
L02028,2024-08-22,Perez Castings S.A.,Precision Assembly,617,28.1,24,Blanket release,North,17337.7
L03243,2024-08-22,Britewire Ltd.,Fastener,14,2.15,25,Blanket release,North,30.1
L02361,2024-08-22,Britewire Ltd.,Fastener,21,1.71,7,Blanket release,South,35.91
L06070,2024-08-22,Kwan Precision Ltd.,Precision Assembly,1409,28.52,36,Blanket release,South,40184.68
L07320,2024-08-22,Alpha Fasteners Inc.,Fastener,15,1.91,13,Spot buy,South,28.65
L07823,2024-08-22,Alpha Fasteners Inc.,Fastener,15,3.4,16,Spot buy,North,51.0
L01457,2024-08-22,Kwan Precision Ltd.,Precision Assembly,384,60.44,32,Blanket release,North,23208.96
L06847,2024-08-22,Sato Industrial K.K.,Precision Assembly,466,30.84,36,Blanket release,South,14371.44
L06725,2024-08-22,Alpha Fasteners Inc.,Formed Wire,69,4.51,26,Spot buy,South,311.19
L02004,2024-08-22,Sato Industrial K.K.,Precision Assembly,373,27.64,32,Blanket release,North,10309.72
L04381,2024-08-22,Perez Castings S.A.,Cast Housing,196,6.2,43,Spot buy,North,1215.2
L02919,2024-08-22,Britewire Ltd.,Fastener,44,1.56,35,Blanket release,North,68.64
L00694,2024-08-22,Rhein Polymer GmbH,Cast Housing,131,19.87,14,Spot buy,South,2602.97
L07486,2024-08-22,Britewire Ltd.,Formed Wire,5,8.15,9,Spot buy,North,40.75
L03731,2024-08-22,Britewire Ltd.,Fastener,125,1.31,24,Spot buy,South,163.75
L04339,2024-08-22,Alpha Fasteners Inc.,Fastener,32,1.67,17,Spot buy,South,53.44
L01875,2024-08-22,Britewire Ltd.,Fastener,43,2.27,23,Spot buy,North,97.61
L01486,2024-08-22,Perez Castings S.A.,Cast Housing,208,8.71,20,Blanket release,South,1811.68
L05935,2024-08-22,Alpha Fasteners Inc.,Fastener,15,1.59,38,Spot buy,North,23.85
L05478,2024-08-22,Alpha Fasteners Inc.,Fastener,10,1.87,26,Spot buy,South,18.7
L00178,2024-08-22,Nordic Steel Co.,Cast Housing,69,8.72,20,Blanket release,North,601.68
L03955,2024-08-22,Sato Industrial K.K.,Precision Assembly,581,36.62,39,Blanket release,North,21276.22
L02978,2024-08-22,Britewire Ltd.,Fastener,15,2.14,28,Spot buy,South,32.1
L01500,2024-08-22,Perez Castings S.A.,Precision Assembly,848,21.31,31,Blanket release,North,18070.88
L03801,2024-08-22,Alpha Fasteners Inc.,Fastener,25,1.63,15,Blanket release,North,40.75
L06109,2024-08-22,Rhein Polymer GmbH,Cast Housing,51,15.9,10,Blanket release,North,810.9
L07778,2024-08-22,Nordic Steel Co.,Formed Wire,65,4.35,21,Blanket release,North,282.75
L02798,2024-08-22,Rhein Polymer GmbH,Cast Housing,112,14.43,25,Spot buy,South,1616.16
L04925,2024-08-22,Sato Industrial K.K.,Precision Assembly,2856,37.59,12,Spot buy,North,107357.04
L01181,2024-08-22,Britewire Ltd.,Fastener,17,2.49,31,Spot buy,South,42.33
L05290,2024-08-22,Britewire Ltd.,Fastener,13,3.06,32,Spot buy,North,39.78
L01812,2024-08-22,Nordic Steel Co.,Formed Wire,7,6.14,15,Spot buy,North,42.98
L03355,2024-08-22,Nordic Steel Co.,Formed Wire,218,2.81,29,Spot buy,North,612.58
L02422,2024-08-22,Britewire Ltd.,Formed Wire,41,3.8,9,Blanket release,South,155.8
L05061,2024-08-22,Kwan Precision Ltd.,Cast Housing,286,16.13,17,Spot buy,South,4613.18
L02491,2024-08-22,Alpha Fasteners Inc.,Fastener,32,1.95,18,Spot buy,North,62.4
L02608,2024-08-22,Britewire Ltd.,Formed Wire,289,1.54,15,Spot buy,North,445.06
L01793,2024-08-22,Alpha Fasteners Inc.,Formed Wire,111,2.53,29,Blanket release,South,280.83
L03357,2024-08-22,Alpha Fasteners Inc.,Fastener,34,2.06,24,Spot buy,South,70.04
L01192,2024-08-22,Britewire Ltd.,Fastener,166,1.2,21,Spot buy,North,199.2
L05629,2024-08-22,Kwan Precision Ltd.,Cast Housing,50,14.61,4,Blanket release,North,730.5
L00296,2024-08-22,Alpha Fasteners Inc.,Formed Wire,52,3.61,18,Spot buy,South,187.72
L00450,2024-08-23,Nordic Steel Co.,Cast Housing,166,10.5,20,Spot buy,North,1743.0
L00649,2024-08-23,Alpha Fasteners Inc.,Fastener,11,3.3,20,Spot buy,South,36.3
L05312,2024-08-23,Britewire Ltd.,Fastener,14,1.92,12,Spot buy,South,26.88
L01246,2024-08-23,Britewire Ltd.,Fastener,39,2.7,29,Spot buy,North,105.3
L02339,2024-08-23,Sato Industrial K.K.,Precision Assembly,896,29.6,37,Blanket release,North,26521.6
L07412,2024-08-23,Kwan Precision Ltd.,Precision Assembly,213,40.92,50,Spot buy,North,8715.96
L01005,2024-08-23,Perez Castings S.A.,Cast Housing,87,11.5,22,Blanket release,North,1000.5
L01080,2024-08-23,Alpha Fasteners Inc.,Fastener,22,1.51,29,Spot buy,North,33.22
L04769,2024-08-23,Sato Industrial K.K.,Precision Assembly,109,70.72,25,Blanket release,North,7708.48
L06522,2024-08-23,Alpha Fasteners Inc.,Fastener,145,1.57,21,Spot buy,North,227.65
L06372,2024-08-23,Nordic Steel Co.,Formed Wire,24,3.28,19,Blanket release,South,78.72
L05363,2024-08-23,Britewire Ltd.,Formed Wire,95,5.99,27,Spot buy,South,569.05
L00995,2024-08-23,Britewire Ltd.,Formed Wire,193,3.06,18,Spot buy,South,590.58
L01175,2024-08-23,Alpha Fasteners Inc.,Formed Wire,69,2.07,23,Spot buy,South,142.83
L07220,2024-08-23,Nordic Steel Co.,Cast Housing,1021,6.95,25,Blanket release,South,7095.95
L01142,2024-08-23,Alpha Fasteners Inc.,Fastener,79,2.29,30,Spot buy,North,180.91
L04703,2024-08-23,Alpha Fasteners Inc.,Fastener,20,2.51,25,Spot buy,North,50.2
L03300,2024-08-23,Kwan Precision Ltd.,Cast Housing,123,16.3,6,Spot buy,North,2004.9
L04800,2024-08-23,Rhein Polymer GmbH,Precision Assembly,730,44.05,26,Blanket release,South,32156.5
L03309,2024-08-23,Britewire Ltd.,Formed Wire,90,2.51,34,Spot buy,South,225.9
L01945,2024-08-23,Rhein Polymer GmbH,Precision Assembly,697,36.06,17,Blanket release,South,25133.82
L01212,2024-08-23,Nordic Steel Co.,Cast Housing,210,9.97,6,Blanket release,North,2093.7
L00997,2024-08-23,Nordic Steel Co.,Cast Housing,53,15.43,19,Spot buy,North,817.79
L06279,2024-08-23,Nordic Steel Co.,Formed Wire,394,1.88,20,Spot buy,North,740.72
L05590,2024-08-23,Alpha Fasteners Inc.,Fastener,7,1.32,10,Spot buy,North,9.24
L04786,2024-08-23,Perez Castings S.A.,Precision Assembly,615,35.01,34,Spot buy,South,21531.15
L00474,2024-08-23,Britewire Ltd.,Fastener,25,1.26,27,Blanket release,North,31.5
L04782,2024-08-23,Britewire Ltd.,Fastener,29,1.27,30,Blanket release,North,36.83
L03202,2024-08-23,Kwan Precision Ltd.,Cast Housing,216,9.05,20,Blanket release,North,1954.8
L02052,2024-08-23,Britewire Ltd.,Formed Wire,128,3.72,43,Spot buy,North,476.16
L02350,2024-08-23,Britewire Ltd.,Formed Wire,361,1.93,22,Spot buy,South,696.73
L05552,2024-08-23,Alpha Fasteners Inc.,Fastener,27,2.4,21,Spot buy,North,64.8
L06534,2024-08-23,Perez Castings S.A.,Cast Housing,19,9.25,16,Blanket release,South,175.75
L01146,2024-08-23,Nordic Steel Co.,Formed Wire,55,2.94,5,Spot buy,South,161.7
L05383,2024-08-23,Nordic Steel Co.,Cast Housing,576,12.46,22,Spot buy,North,7176.96
L06466,2024-08-23,Rhein Polymer GmbH,Cast Housing,49,11.47,34,Spot buy,South,562.03
L02517,2024-08-23,Perez Castings S.A.,Cast Housing,429,5.46,36,Blanket release,South,2342.34
L00939,2024-08-23,Perez Castings S.A.,Precision Assembly,393,30.51,26,Spot buy,South,11990.43
L06027,2024-08-23,Britewire Ltd.,Fastener,17,2.34,28,Spot buy,South,39.78
L02720,2024-08-23,Meridian Tooling (internal),Precision Assembly,151,21.78,36,Blanket release,North,3288.78
L05959,2024-08-23,Perez Castings S.A.,Cast Housing,526,7.9,18,Spot buy,South,4155.4
L07170,2024-08-23,Rhein Polymer GmbH,Cast Housing,256,15.12,2,Spot buy,South,3870.72
L06723,2024-08-23,Perez Castings S.A.,Cast Housing,143,13.25,14,Spot buy,South,1894.75
L00205,2024-08-23,Alpha Fasteners Inc.,Fastener,25,0.83,14,Blanket release,North,20.75
L00782,2024-08-23,Kwan Precision Ltd.,Cast Housing,196,10.32,14,Blanket release,South,2022.72
L00781,2024-08-23,Perez Castings S.A.,Cast Housing,211,8.64,28,Spot buy,South,1823.04
L04249,2024-08-23,Sato Industrial K.K.,Precision Assembly,598,46.76,27,Blanket release,South,27962.48
L01371,2024-08-23,Alpha Fasteners Inc.,Formed Wire,19,5.33,38,Spot buy,North,101.27
L05849,2024-08-23,Nordic Steel Co.,Formed Wire,129,2.82,21,Blanket release,North,363.78
L05119,2024-08-23,Perez Castings S.A.,Precision Assembly,385,38.4,31,Blanket release,South,14784.0
L02678,2024-08-23,Nordic Steel Co.,Formed Wire,54,2.19,24,Blanket release,North,118.26
L01710,2024-08-23,Alpha Fasteners Inc.,Fastener,356,1.13,24,Spot buy,North,402.28
L04279,2024-08-23,Perez Castings S.A.,Cast Housing,143,8.61,6,Blanket release,North,1231.23
L04354,2024-08-23,Alpha Fasteners Inc.,Formed Wire,484,1.8,31,Spot buy,North,871.2
L02881,2024-08-23,Kwan Precision Ltd.,Cast Housing,896,8.08,22,Blanket release,North,7239.68
L00880,2024-08-23,Kwan Precision Ltd.,Precision Assembly,169,32.87,21,Blanket release,North,5555.03
L04082,2024-08-23,Alpha Fasteners Inc.,Formed Wire,15,3.18,25,Blanket release,South,47.7
L05810,2024-08-23,Alpha Fasteners Inc.,Fastener,112,1.61,13,Blanket release,North,180.32
L00813,2024-08-23,Alpha Fasteners Inc.,Fastener,31,2.63,15,Blanket release,North,81.53
L06167,2024-08-23,Sato Industrial K.K.,Precision Assembly,1697,37.07,36,Blanket release,South,62907.79
L03446,2024-08-23,Sato Industrial K.K.,Precision Assembly,123,47.81,28,Blanket release,North,5880.63
L00287,2024-08-23,Britewire Ltd.,Formed Wire,615,2.1,18,Blanket release,South,1291.5
L06928,2024-08-23,Alpha Fasteners Inc.,Formed Wire,63,2.05,15,Spot buy,North,129.15
L06219,2024-08-23,Alpha Fasteners Inc.,Formed Wire,35,3.51,11,Spot buy,South,122.85
L04222,2024-08-23,Nordic Steel Co.,Formed Wire,69,2.42,13,Spot buy,North,166.98
L00120,2024-08-23,Britewire Ltd.,Fastener,8,5.97,8,Spot buy,North,47.76
L05175,2024-08-23,Perez Castings S.A.,Cast Housing,81,11.54,35,Blanket release,North,934.74
L01424,2024-08-23,Nordic Steel Co.,Formed Wire,52,3.98,6,Blanket release,North,206.96
L01852,2024-08-23,Kwan Precision Ltd.,Cast Housing,221,17.44,22,Blanket release,North,3854.24
L05265,2024-08-23,Kwan Precision Ltd.,Precision Assembly,415,50.26,43,Blanket release,North,20857.9
L00752,2024-08-23,Alpha Fasteners Inc.,Fastener,57,1.58,47,Spot buy,North,90.06
L06755,2024-08-23,Alpha Fasteners Inc.,Formed Wire,31,3.97,35,Spot buy,South,123.07
L05727,2024-08-23,Alpha Fasteners Inc.,Fastener,56,1.53,31,Spot buy,South,85.68
L00730,2024-08-23,Nordic Steel Co.,Cast Housing,229,11.37,14,Spot buy,North,2603.73
L00354,2024-08-23,Alpha Fasteners Inc.,Formed Wire,659,1.68,8,Blanket release,North,1107.12
L06207,2024-08-23,Rhein Polymer GmbH,Precision Assembly,4815,28.54,50,Spot buy,South,137420.1
L05889,2024-08-23,Alpha Fasteners Inc.,Fastener,17,2.11,34,Blanket release,South,35.87
L03075,2024-08-23,Alpha Fasteners Inc.,Formed Wire,243,2.9,11,Spot buy,North,704.7
L00345,2024-08-23,Britewire Ltd.,Fastener,74,1.44,37,Spot buy,North,106.56
L04847,2024-08-24,Perez Castings S.A.,Cast Housing,29,16.97,21,Blanket release,North,492.13
L00449,2024-08-24,Meridian Tooling (internal),Cast Housing,474,4.6,18,Spot buy,South,2180.4
L03735,2024-08-24,Britewire Ltd.,Fastener,183,1.1,24,Blanket release,South,201.3
L04515,2024-08-24,Britewire Ltd.,Formed Wire,54,4.47,31,Blanket release,North,241.38
L02893,2024-08-24,Alpha Fasteners Inc.,Fastener,30,1.39,28,Spot buy,North,41.7
L05116,2024-08-24,Rhein Polymer GmbH,Cast Housing,29,16.67,49,Blanket release,South,483.43
L03007,2024-08-24,Britewire Ltd.,Formed Wire,46,3.0,20,Blanket release,South,138.0
L07307,2024-08-24,Alpha Fasteners Inc.,Fastener,35,1.84,32,Blanket release,North,64.4
L00684,2024-08-24,Alpha Fasteners Inc.,Fastener,50,1.44,20,Blanket release,South,72.0
L07445,2024-08-24,Perez Castings S.A.,Cast Housing,175,11.73,28,Spot buy,South,2052.75
L05530,2024-08-24,Britewire Ltd.,Formed Wire,123,2.34,44,Spot buy,North,287.82
L06317,2024-08-24,Britewire Ltd.,Fastener,28,1.5,27,Spot buy,South,42.0
L00853,2024-08-24,Nordic Steel Co.,Cast Housing,351,13.69,24,Spot buy,North,4805.19
L04430,2024-08-24,Nordic Steel Co.,Cast Housing,159,12.98,20,Spot buy,North,2063.82
L04435,2024-08-24,Alpha Fasteners Inc.,Fastener,7,2.81,16,Spot buy,South,19.67
L04437,2024-08-24,Britewire Ltd.,Fastener,40,2.24,10,Spot buy,North,89.6
L03496,2024-08-24,Meridian Tooling (internal),Cast Housing,85,4.64,35,Blanket release,North,394.4
L06737,2024-08-24,Britewire Ltd.,Formed Wire,87,3.7,33,Spot buy,North,321.9
L05811,2024-08-24,Alpha Fasteners Inc.,Fastener,20,2.44,33,Spot buy,North,48.8
L07672,2024-08-24,Meridian Tooling (internal),Cast Housing,1961,3.48,19,Blanket release,South,6824.28
L01365,2024-08-24,Nordic Steel Co.,Cast Housing,163,6.82,31,Blanket release,North,1111.66
L07573,2024-08-24,Alpha Fasteners Inc.,Fastener,47,2.21,19,Blanket release,South,103.87
L06309,2024-08-24,Nordic Steel Co.,Cast Housing,23,9.44,29,Spot buy,South,217.12
L00189,2024-08-24,Perez Castings S.A.,Precision Assembly,699,32.28,41,Spot buy,South,22563.72
L05276,2024-08-24,Perez Castings S.A.,Cast Housing,110,15.06,36,Blanket release,South,1656.6
L02230,2024-08-24,Alpha Fasteners Inc.,Formed Wire,50,5.27,13,Spot buy,South,263.5
L05052,2024-08-24,Nordic Steel Co.,Formed Wire,110,2.47,32,Spot buy,South,271.7
L03221,2024-08-24,Nordic Steel Co.,Cast Housing,502,14.89,19,Spot buy,North,7474.78
L05124,2024-08-24,Alpha Fasteners Inc.,Formed Wire,17,4.3,6,Blanket release,South,73.1
L05493,2024-08-24,Britewire Ltd.,Fastener,28,0.95,27,Blanket release,North,26.6
L06160,2024-08-24,Alpha Fasteners Inc.,Formed Wire,78,5.82,15,Blanket release,South,453.96
L06614,2024-08-24,Rhein Polymer GmbH,Precision Assembly,144,54.09,42,Spot buy,North,7788.96
L01129,2024-08-24,Britewire Ltd.,Fastener,99,1.5,28,Spot buy,North,148.5
L05249,2024-08-24,Alpha Fasteners Inc.,Formed Wire,63,2.74,29,Spot buy,South,172.62
L04805,2024-08-24,Nordic Steel Co.,Formed Wire,108,2.55,10,Blanket release,North,275.4
L00708,2024-08-24,Britewire Ltd.,Formed Wire,17,5.83,14,Blanket release,South,99.11
L06176,2024-08-24,Nordic Steel Co.,Formed Wire,34,4.31,35,Spot buy,South,146.54
L01721,2024-08-24,Alpha Fasteners Inc.,Formed Wire,144,3.77,22,Spot buy,North,542.88
L06775,2024-08-24,Kwan Precision Ltd.,Precision Assembly,1137,50.39,32,Blanket release,North,57293.43
L02732,2024-08-24,Alpha Fasteners Inc.,Fastener,53,1.81,19,Spot buy,North,95.93
L06639,2024-08-24,Britewire Ltd.,Formed Wire,11,4.0,22,Spot buy,South,44.0
L04504,2024-08-24,Nordic Steel Co.,Formed Wire,149,2.53,17,Spot buy,North,376.97
L07561,2024-08-24,Alpha Fasteners Inc.,Fastener,10,0.81,32,Spot buy,South,8.1
L00146,2024-08-24,Britewire Ltd.,Fastener,23,1.92,13,Spot buy,North,44.16
L02410,2024-08-24,Kwan Precision Ltd.,Precision Assembly,110,32.8,23,Blanket release,North,3608.0
L07735,2024-08-24,Kwan Precision Ltd.,Precision Assembly,676,34.61,28,Blanket release,South,23396.36
L03494,2024-08-24,Alpha Fasteners Inc.,Fastener,83,2.12,3,Spot buy,South,175.96
L07305,2024-08-24,Nordic Steel Co.,Cast Housing,52,18.91,36,Spot buy,North,983.32
L05644,2024-08-24,Kwan Precision Ltd.,Cast Housing,2066,8.99,27,Spot buy,South,18573.34
L03453,2024-08-24,Nordic Steel Co.,Cast Housing,307,6.47,32,Blanket release,South,1986.29
L06586,2024-08-24,Alpha Fasteners Inc.,Formed Wire,14,5.47,14,Spot buy,North,76.58
L06681,2024-08-24,Britewire Ltd.,Fastener,38,1.24,33,Spot buy,North,47.12
L00983,2024-08-24,Meridian Tooling (internal),Cast Housing,185,10.37,22,Blanket release,South,1918.45
L03147,2024-08-24,Britewire Ltd.,Formed Wire,33,4.03,23,Blanket release,North,132.99
L05072,2024-08-24,Britewire Ltd.,Fastener,50,1.5,7,Blanket release,South,75.0
L02070,2024-08-24,Britewire Ltd.,Fastener,203,1.25,23,Spot buy,North,253.75
L07197,2024-08-24,Alpha Fasteners Inc.,Fastener,321,0.79,25,Blanket release,South,253.59
L02071,2024-08-24,Alpha Fasteners Inc.,Fastener,33,2.38,19,Spot buy,North,78.54
L01908,2024-08-24,Nordic Steel Co.,Formed Wire,44,2.76,3,Blanket release,North,121.44
L06583,2024-08-24,Alpha Fasteners Inc.,Formed Wire,130,4.35,19,Spot buy,North,565.5
L07894,2024-08-24,Nordic Steel Co.,Formed Wire,207,2.44,27,Spot buy,North,505.08
L03886,2024-08-24,Kwan Precision Ltd.,Precision Assembly,342,36.33,24,Blanket release,North,12424.86
L02126,2024-08-24,Rhein Polymer GmbH,Cast Housing,366,8.1,2,Spot buy,South,2964.6
L06380,2024-08-24,Nordic Steel Co.,Cast Housing,352,11.42,29,Blanket release,North,4019.84
L04982,2024-08-24,Britewire Ltd.,Fastener,8,2.89,30,Spot buy,North,23.12
L04212,2024-08-24,Rhein Polymer GmbH,Precision Assembly,752,32.34,26,Spot buy,South,24319.68
L02118,2024-08-24,Sato Industrial K.K.,Precision Assembly,76,49.58,30,Spot buy,South,3768.08
L01604,2024-08-24,Alpha Fasteners Inc.,Fastener,5,2.38,16,Spot buy,North,11.9
L06565,2024-08-24,Kwan Precision Ltd.,Precision Assembly,368,30.61,20,Blanket release,North,11264.48
L06937,2024-08-24,Britewire Ltd.,Fastener,24,1.66,27,Spot buy,North,39.84
L06116,2024-08-24,Alpha Fasteners Inc.,Fastener,47,1.48,13,Spot buy,North,69.56
L06556,2024-08-24,Britewire Ltd.,Formed Wire,13,4.96,14,Spot buy,South,64.48
L01620,2024-08-24,Kwan Precision Ltd.,Cast Housing,249,12.41,27,Blanket release,North,3090.09
L05433,2024-08-24,Rhein Polymer GmbH,Precision Assembly,390,30.02,32,Blanket release,South,11707.8
L01202,2024-08-24,Sato Industrial K.K.,Precision Assembly,472,48.23,23,Blanket release,South,22764.56
L06063,2024-08-24,Alpha Fasteners Inc.,Formed Wire,26,2.93,30,Blanket release,South,76.18
L03325,2024-08-24,Rhein Polymer GmbH,Cast Housing,39,19.4,9,Spot buy,South,756.6
L06405,2024-08-24,Britewire Ltd.,Formed Wire,66,2.82,18,Blanket release,South,186.12
L07975,2024-08-24,Rhein Polymer GmbH,Precision Assembly,161,46.25,29,Spot buy,South,7446.25
L04948,2024-08-24,Nordic Steel Co.,Formed Wire,13,5.56,22,Blanket release,North,72.28
L06289,2024-08-24,Perez Castings S.A.,Precision Assembly,575,28.0,5,Blanket release,South,16100.0
L02142,2024-08-24,Alpha Fasteners Inc.,Formed Wire,55,3.52,36,Spot buy,South,193.6
L06787,2024-08-24,Britewire Ltd.,Formed Wire,226,3.18,26,Spot buy,South,718.68
L01826,2024-08-24,Alpha Fasteners Inc.,Formed Wire,43,3.38,22,Blanket release,North,145.34
L01317,2024-08-24,Alpha Fasteners Inc.,Fastener,47,1.1,13,Blanket release,North,51.7
L06527,2024-08-24,Alpha Fasteners Inc.,Fastener,41,0.97,25,Blanket release,South,39.77
L06594,2024-08-24,Rhein Polymer GmbH,Precision Assembly,204,36.15,18,Spot buy,South,7374.6
L04563,2024-08-24,Britewire Ltd.,Fastener,12,2.44,31,Spot buy,North,29.28
L06592,2024-08-24,Alpha Fasteners Inc.,Fastener,10,3.35,17,Spot buy,South,33.5
L06414,2024-08-24,Rhein Polymer GmbH,Precision Assembly,210,33.88,24,Blanket release,North,7114.8
L03542,2024-08-24,Alpha Fasteners Inc.,Fastener,5,3.96,27,Spot buy,North,19.8
L04553,2024-08-24,Perez Castings S.A.,Precision Assembly,685,38.31,32,Blanket release,North,26242.35
L00073,2024-08-25,Alpha Fasteners Inc.,Formed Wire,171,3.74,15,Blanket release,South,639.54
L02877,2024-08-25,Rhein Polymer GmbH,Cast Housing,363,8.19,18,Spot buy,North,2972.97
L02209,2024-08-25,Britewire Ltd.,Formed Wire,108,2.17,20,Blanket release,South,234.36
L04989,2024-08-25,Kwan Precision Ltd.,Cast Housing,82,15.06,11,Blanket release,North,1234.92
L03362,2024-08-25,Kwan Precision Ltd.,Cast Housing,268,10.72,18,Spot buy,North,2872.96
L04923,2024-08-25,Alpha Fasteners Inc.,Fastener,24,1.22,12,Spot buy,South,29.28
L06113,2024-08-25,Sato Industrial K.K.,Precision Assembly,204,39.97,19,Spot buy,North,8153.88
L03432,2024-08-25,Kwan Precision Ltd.,Precision Assembly,710,32.31,21,Blanket release,North,22940.1
L01739,2024-08-25,Rhein Polymer GmbH,Cast Housing,48,10.77,21,Blanket release,North,516.96
L04190,2024-08-25,Britewire Ltd.,Formed Wire,57,1.52,24,Blanket release,South,86.64
L03619,2024-08-25,Perez Castings S.A.,Cast Housing,511,10.51,37,Blanket release,North,5370.61
L06840,2024-08-25,Rhein Polymer GmbH,Cast Housing,112,8.67,10,Spot buy,South,971.04
L01683,2024-08-25,Kwan Precision Ltd.,Cast Housing,236,18.64,13,Spot buy,South,4399.04
L04103,2024-08-25,Britewire Ltd.,Fastener,31,2.68,32,Spot buy,South,83.08
L06342,2024-08-25,Nordic Steel Co.,Formed Wire,21,5.04,50,Spot buy,South,105.84
L00701,2024-08-25,Nordic Steel Co.,Formed Wire,65,3.94,28,Blanket release,South,256.1
L07369,2024-08-25,Kwan Precision Ltd.,Cast Housing,831,11.08,24,Blanket release,North,9207.48
L05204,2024-08-25,Britewire Ltd.,Fastener,64,1.62,20,Spot buy,North,103.68
L07375,2024-08-25,Kwan Precision Ltd.,Cast Housing,158,8.7,21,Spot buy,North,1374.6
L01472,2024-08-25,Alpha Fasteners Inc.,Fastener,17,3.43,6,Spot buy,North,58.31
L00040,2024-08-25,Nordic Steel Co.,Formed Wire,77,3.31,15,Spot buy,North,254.87
L01652,2024-08-25,Britewire Ltd.,Fastener,13,1.84,32,Blanket release,North,23.92
L05156,2024-08-25,Nordic Steel Co.,Formed Wire,24,3.88,24,Blanket release,North,93.12
L05362,2024-08-25,Kwan Precision Ltd.,Cast Housing,617,9.21,33,Blanket release,North,5682.57
L07258,2024-08-25,Britewire Ltd.,Fastener,422,0.74,20,Blanket release,South,312.28
L06656,2024-08-25,Alpha Fasteners Inc.,Fastener,44,1.64,23,Spot buy,North,72.16
L07095,2024-08-25,Nordic Steel Co.,Cast Housing,21,10.27,19,Blanket release,North,215.67
L00109,2024-08-25,Britewire Ltd.,Fastener,21,1.55,32,Blanket release,North,32.55
L04376,2024-08-25,Britewire Ltd.,Fastener,8,2.99,15,Spot buy,North,23.92
L07114,2024-08-25,Alpha Fasteners Inc.,Fastener,15,3.19,35,Spot buy,North,47.85
L03440,2024-08-25,Britewire Ltd.,Fastener,290,1.25,2,Spot buy,South,362.5
L07278,2024-08-25,Nordic Steel Co.,Cast Housing,651,11.8,25,Spot buy,North,7681.8
L07279,2024-08-25,Nordic Steel Co.,Formed Wire,49,4.27,19,Spot buy,North,209.23
L06926,2024-08-25,Britewire Ltd.,Fastener,9,1.81,13,Spot buy,North,16.29
L06861,2024-08-25,Alpha Fasteners Inc.,Formed Wire,154,4.14,17,Blanket release,South,637.56
L04228,2024-08-25,Alpha Fasteners Inc.,Formed Wire,5,4.64,20,Spot buy,North,23.2
L00121,2024-08-25,Alpha Fasteners Inc.,Fastener,66,2.65,34,Spot buy,North,174.9
L02923,2024-08-25,Nordic Steel Co.,Formed Wire,57,2.56,26,Blanket release,North,145.92
L06740,2024-08-25,Alpha Fasteners Inc.,Formed Wire,36,3.21,10,Spot buy,South,115.56
L01029,2024-08-25,Nordic Steel Co.,Formed Wire,212,4.52,16,Blanket release,South,958.24
L03294,2024-08-25,Britewire Ltd.,Formed Wire,83,2.65,14,Blanket release,North,219.95
L07411,2024-08-25,Nordic Steel Co.,Formed Wire,300,2.28,29,Blanket release,South,684.0
L00034,2024-08-25,Sato Industrial K.K.,Precision Assembly,1469,38.51,24,Blanket release,North,56571.19
L07818,2024-08-25,Kwan Precision Ltd.,Precision Assembly,137,34.5,35,Blanket release,North,4726.5
L00171,2024-08-25,Alpha Fasteners Inc.,Fastener,13,3.51,25,Spot buy,South,45.63
L05209,2024-08-25,Alpha Fasteners Inc.,Formed Wire,94,3.36,14,Blanket release,North,315.84
L04547,2024-08-25,Britewire Ltd.,Formed Wire,494,2.1,38,Spot buy,North,1037.4
L00870,2024-08-25,Britewire Ltd.,Fastener,13,1.58,21,Blanket release,South,20.54
L02986,2024-08-25,Rhein Polymer GmbH,Precision Assembly,485,28.61,24,Blanket release,North,13875.85
L02501,2024-08-25,Perez Castings S.A.,Cast Housing,99,6.3,24,Spot buy,North,623.7
L06567,2024-08-25,Britewire Ltd.,Formed Wire,25,3.29,31,Blanket release,North,82.25
L00276,2024-08-25,Perez Castings S.A.,Cast Housing,114,8.71,22,Blanket release,South,992.94
L06257,2024-08-25,Alpha Fasteners Inc.,Fastener,66,1.01,17,Spot buy,North,66.66
L06589,2024-08-25,Britewire Ltd.,Fastener,14,1.99,24,Spot buy,South,27.86
L07060,2024-08-25,Britewire Ltd.,Fastener,41,1.98,17,Spot buy,North,81.18
L04587,2024-08-25,Sato Industrial K.K.,Precision Assembly,281,37.48,27,Spot buy,North,10531.88
L03390,2024-08-25,Kwan Precision Ltd.,Cast Housing,109,14.58,19,Spot buy,North,1589.22
L06216,2024-08-25,Britewire Ltd.,Fastener,3,2.87,15,Spot buy,South,8.61
L03061,2024-08-25,Sato Industrial K.K.,Precision Assembly,439,30.45,33,Blanket release,North,13367.55
L07427,2024-08-25,Britewire Ltd.,Fastener,164,1.28,7,Spot buy,North,209.92
L02998,2024-08-25,Britewire Ltd.,Fastener,48,1.69,20,Spot buy,North,81.12
L04594,2024-08-25,Kwan Precision Ltd.,Cast Housing,74,22.76,13,Blanket release,South,1684.24
L02464,2024-08-25,Alpha Fasteners Inc.,Fastener,10,1.33,15,Spot buy,South,13.3
L02243,2024-08-25,Perez Castings S.A.,Cast Housing,51,8.06,28,Blanket release,South,411.06
L04568,2024-08-25,Britewire Ltd.,Fastener,70,1.36,25,Spot buy,North,95.2
L04700,2024-08-25,Nordic Steel Co.,Cast Housing,6782,5.56,6,Spot buy,South,37707.92
L04514,2024-08-25,Alpha Fasteners Inc.,Fastener,41,1.71,10,Spot buy,North,70.11
L03887,2024-08-25,Britewire Ltd.,Formed Wire,163,2.14,10,Blanket release,North,348.82
L02587,2024-08-25,Alpha Fasteners Inc.,Fastener,37,2.1,17,Spot buy,North,77.7
L05278,2024-08-25,Alpha Fasteners Inc.,Fastener,11,1.86,28,Spot buy,South,20.46
L01916,2024-08-25,Kwan Precision Ltd.,Cast Housing,257,16.43,8,Spot buy,North,4222.51
L04645,2024-08-25,Britewire Ltd.,Formed Wire,44,3.2,17,Blanket release,North,140.8
L07750,2024-08-25,Britewire Ltd.,Formed Wire,34,3.94,18,Blanket release,North,133.96
L01752,2024-08-25,Perez Castings S.A.,Precision Assembly,244,43.3,22,Spot buy,North,10565.2
L01920,2024-08-25,Sato Industrial K.K.,Precision Assembly,231,40.15,25,Blanket release,North,9274.65
L04841,2024-08-25,Alpha Fasteners Inc.,Formed Wire,107,3.94,25,Blanket release,South,421.58
L03940,2024-08-25,Rhein Polymer GmbH,Cast Housing,57,7.9,26,Blanket release,South,450.3
L05550,2024-08-25,Britewire Ltd.,Fastener,24,3.0,34,Spot buy,North,72.0
L06235,2024-08-25,Britewire Ltd.,Formed Wire,184,3.57,3,Spot buy,South,656.88
L05633,2024-08-25,Britewire Ltd.,Fastener,61,1.72,32,Spot buy,South,104.92
L00184,2024-08-25,Nordic Steel Co.,Formed Wire,90,3.62,28,Spot buy,North,325.8
L03538,2024-08-25,Nordic Steel Co.,Formed Wire,76,6.49,14,Spot buy,South,493.24
L03036,2024-08-25,Meridian Tooling (internal),Precision Assembly,2348,14.29,33,Blanket release,South,33552.92
L00903,2024-08-25,Alpha Fasteners Inc.,Fastener,37,1.35,27,Blanket release,North,49.95
L04529,2024-08-25,Alpha Fasteners Inc.,Formed Wire,138,2.45,23,Spot buy,North,338.1
L04452,2024-08-25,Alpha Fasteners Inc.,Formed Wire,125,2.68,23,Blanket release,South,335.0
L06835,2024-08-25,Kwan Precision Ltd.,Precision Assembly,1234,40.73,29,Blanket release,North,50260.82
L03734,2024-08-25,Alpha Fasteners Inc.,Fastener,49,3.56,12,Blanket release,North,174.44
L00199,2024-08-25,Alpha Fasteners Inc.,Formed Wire,14,5.19,16,Blanket release,North,72.66
L05878,2024-08-25,Britewire Ltd.,Formed Wire,62,4.55,11,Spot buy,South,282.1
L00357,2024-08-25,Britewire Ltd.,Fastener,56,1.47,17,Spot buy,North,82.32
L05335,2024-08-25,Britewire Ltd.,Formed Wire,174,2.26,16,Blanket release,South,393.24
L06208,2024-08-25,Britewire Ltd.,Formed Wire,200,4.06,40,Blanket release,South,812.0
L01158,2024-08-25,Britewire Ltd.,Formed Wire,44,4.43,16,Spot buy,South,194.92
L04605,2024-08-26,Britewire Ltd.,Fastener,59,1.59,13,Spot buy,North,93.81
L00051,2024-08-26,Perez Castings S.A.,Cast Housing,98,9.75,7,Blanket release,North,955.5
L05024,2024-08-26,Nordic Steel Co.,Cast Housing,583,7.86,22,Blanket release,North,4582.38
L00060,2024-08-26,Kwan Precision Ltd.,Precision Assembly,95,43.19,28,Spot buy,South,4103.05
L02050,2024-08-26,Alpha Fasteners Inc.,Fastener,85,1.27,9,Spot buy,North,107.95
L03158,2024-08-26,Rhein Polymer GmbH,Cast Housing,140,9.67,19,Blanket release,North,1353.8
L01523,2024-08-26,Britewire Ltd.,Fastener,8,0.9,48,Blanket release,South,7.2
L06590,2024-08-26,Alpha Fasteners Inc.,Fastener,83,2.12,12,Spot buy,North,175.96
L04278,2024-08-26,Alpha Fasteners Inc.,Formed Wire,60,4.31,15,Blanket release,North,258.6
L02588,2024-08-26,Kwan Precision Ltd.,Cast Housing,527,13.48,32,Spot buy,North,7103.96
L05426,2024-08-26,Perez Castings S.A.,Cast Housing,81,8.42,24,Blanket release,North,682.02
L01856,2024-08-26,Britewire Ltd.,Formed Wire,66,2.17,14,Spot buy,South,143.22
L06726,2024-08-26,Rhein Polymer GmbH,Cast Housing,274,8.9,26,Spot buy,South,2438.6
L00367,2024-08-26,Alpha Fasteners Inc.,Formed Wire,126,2.25,12,Blanket release,North,283.5
L03858,2024-08-26,Alpha Fasteners Inc.,Fastener,18,1.98,26,Spot buy,North,35.64
L00006,2024-08-26,Rhein Polymer GmbH,Precision Assembly,537,27.84,45,Blanket release,North,14950.08
L05712,2024-08-26,Kwan Precision Ltd.,Cast Housing,964,8.82,28,Spot buy,South,8502.48
L04652,2024-08-26,Perez Castings S.A.,Cast Housing,69,5.76,19,Spot buy,North,397.44
L05087,2024-08-26,Britewire Ltd.,Fastener,81,1.97,25,Spot buy,North,159.57
L02104,2024-08-26,Kwan Precision Ltd.,Precision Assembly,412,38.88,13,Spot buy,South,16018.56
L07770,2024-08-26,Alpha Fasteners Inc.,Fastener,23,3.89,25,Spot buy,North,89.47
L03839,2024-08-26,Rhein Polymer GmbH,Precision Assembly,407,44.23,30,Blanket release,North,18001.61
L06717,2024-08-26,Rhein Polymer GmbH,Precision Assembly,4191,31.71,29,Blanket release,South,132896.61
L07808,2024-08-26,Alpha Fasteners Inc.,Formed Wire,55,4.65,17,Spot buy,North,255.75
L04688,2024-08-26,Nordic Steel Co.,Cast Housing,103,21.3,11,Blanket release,South,2193.9
L03073,2024-08-26,Alpha Fasteners Inc.,Fastener,41,1.45,31,Spot buy,South,59.45
L00356,2024-08-26,Nordic Steel Co.,Cast Housing,528,10.63,17,Blanket release,North,5612.64
L01594,2024-08-26,Alpha Fasteners Inc.,Formed Wire,80,6.32,11,Spot buy,North,505.6
L06100,2024-08-26,Alpha Fasteners Inc.,Fastener,42,1.77,19,Blanket release,North,74.34
L05678,2024-08-26,Nordic Steel Co.,Formed Wire,36,2.17,16,Blanket release,North,78.12
L06092,2024-08-26,Alpha Fasteners Inc.,Fastener,143,0.71,22,Spot buy,South,101.53
L00351,2024-08-26,Alpha Fasteners Inc.,Fastener,79,1.42,30,Spot buy,South,112.18
L06091,2024-08-26,Rhein Polymer GmbH,Precision Assembly,292,37.06,18,Blanket release,North,10821.52
L02839,2024-08-26,Perez Castings S.A.,Cast Housing,199,10.54,15,Spot buy,South,2097.46
L04709,2024-08-26,Britewire Ltd.,Formed Wire,93,2.5,6,Blanket release,North,232.5
L03820,2024-08-26,Alpha Fasteners Inc.,Fastener,17,1.89,45,Blanket release,North,32.13
L05746,2024-08-26,Rhein Polymer GmbH,Cast Housing,186,9.02,2,Blanket release,North,1677.72
L04135,2024-08-26,Kwan Precision Ltd.,Cast Housing,236,6.32,9,Blanket release,South,1491.52
L06443,2024-08-26,Kwan Precision Ltd.,Precision Assembly,1483,31.87,24,Spot buy,North,47263.21
L00019,2024-08-26,Perez Castings S.A.,Cast Housing,651,9.93,9,Spot buy,North,6464.43
L01188,2024-08-26,Alpha Fasteners Inc.,Formed Wire,94,2.74,18,Spot buy,North,257.56
L02958,2024-08-26,Alpha Fasteners Inc.,Fastener,38,1.64,28,Spot buy,North,62.32
L07448,2024-08-26,Perez Castings S.A.,Precision Assembly,382,35.74,19,Blanket release,North,13652.68
L01490,2024-08-26,Britewire Ltd.,Fastener,14,1.22,35,Spot buy,North,17.08
L04335,2024-08-26,Alpha Fasteners Inc.,Formed Wire,133,4.39,18,Blanket release,North,583.87
L07495,2024-08-26,Alpha Fasteners Inc.,Fastener,112,1.28,35,Blanket release,South,143.36
L07747,2024-08-26,Nordic Steel Co.,Formed Wire,21,4.54,25,Spot buy,North,95.34
L02752,2024-08-26,Perez Castings S.A.,Precision Assembly,546,32.57,26,Spot buy,North,17783.22
L05840,2024-08-26,Alpha Fasteners Inc.,Fastener,20,3.87,16,Spot buy,South,77.4
L01002,2024-08-26,Perez Castings S.A.,Cast Housing,106,9.5,31,Spot buy,South,1007.0
L00137,2024-08-26,Alpha Fasteners Inc.,Fastener,172,1.12,2,Spot buy,South,192.64
L02244,2024-08-26,Britewire Ltd.,Fastener,27,1.42,9,Blanket release,North,38.34
L05812,2024-08-26,Rhein Polymer GmbH,Cast Housing,23,17.54,26,Blanket release,North,403.42
L05984,2024-08-26,Nordic Steel Co.,Cast Housing,50,8.36,30,Spot buy,North,418.0
L03707,2024-08-26,Alpha Fasteners Inc.,Fastener,2,5.09,14,Spot buy,South,10.18
L05274,2024-08-26,Alpha Fasteners Inc.,Fastener,3,4.81,7,Spot buy,South,14.43
L00214,2024-08-26,Alpha Fasteners Inc.,Fastener,90,1.36,19,Spot buy,South,122.4
L06745,2024-08-26,Alpha Fasteners Inc.,Fastener,27,1.0,23,Spot buy,South,27.0
L01052,2024-08-26,Britewire Ltd.,Formed Wire,91,3.08,16,Spot buy,North,280.28
L06509,2024-08-26,Meridian Tooling (internal),Cast Housing,75,5.72,6,Blanket release,North,429.0
L00695,2024-08-26,Nordic Steel Co.,Formed Wire,366,3.05,8,Spot buy,South,1116.3
L01137,2024-08-26,Britewire Ltd.,Formed Wire,7,3.33,30,Blanket release,North,23.31
L03568,2024-08-26,Alpha Fasteners Inc.,Formed Wire,98,4.26,12,Blanket release,South,417.48
L03210,2024-08-26,Rhein Polymer GmbH,Cast Housing,180,10.78,25,Spot buy,North,1940.4
L03770,2024-08-26,Kwan Precision Ltd.,Cast Housing,306,11.65,32,Blanket release,South,3564.9
L03389,2024-08-26,Britewire Ltd.,Formed Wire,16,4.38,28,Blanket release,South,70.08
L03799,2024-08-26,Sato Industrial K.K.,Precision Assembly,204,46.63,27,Blanket release,North,9512.52
L07463,2024-08-26,Rhein Polymer GmbH,Precision Assembly,115,48.25,33,Spot buy,North,5548.75
L06682,2024-08-26,Nordic Steel Co.,Formed Wire,99,2.1,42,Blanket release,South,207.9
L00153,2024-08-26,Alpha Fasteners Inc.,Fastener,6,4.64,14,Spot buy,North,27.84
L02034,2024-08-26,Alpha Fasteners Inc.,Fastener,10,3.27,27,Spot buy,South,32.7
L06036,2024-08-26,Rhein Polymer GmbH,Cast Housing,559,9.85,31,Spot buy,North,5506.15
L01421,2024-08-26,Meridian Tooling (internal),Precision Assembly,816,19.4,34,Blanket release,South,15830.4
L01023,2024-08-26,Nordic Steel Co.,Cast Housing,62,10.71,22,Spot buy,North,664.02
L04763,2024-08-26,Rhein Polymer GmbH,Cast Housing,108,21.0,30,Spot buy,North,2268.0
L05330,2024-08-26,Britewire Ltd.,Fastener,28,1.26,17,Spot buy,North,35.28
L07966,2024-08-26,Rhein Polymer GmbH,Precision Assembly,459,54.28,39,Spot buy,South,24914.52
L07084,2024-08-26,Britewire Ltd.,Fastener,30,2.06,25,Spot buy,North,61.8
L06602,2024-08-26,Perez Castings S.A.,Precision Assembly,1026,44.71,26,Blanket release,North,45872.46
L03413,2024-08-26,Britewire Ltd.,Formed Wire,91,2.82,18,Spot buy,North,256.62
L05604,2024-08-26,Rhein Polymer GmbH,Cast Housing,101,15.01,15,Spot buy,North,1516.01
L02137,2024-08-26,Alpha Fasteners Inc.,Formed Wire,69,3.58,9,Blanket release,South,247.02
L00832,2024-08-26,Britewire Ltd.,Fastener,105,1.68,20,Spot buy,South,176.4
L04536,2024-08-26,Britewire Ltd.,Fastener,46,1.68,22,Spot buy,South,77.28
L05554,2024-08-26,Perez Castings S.A.,Precision Assembly,692,44.19,28,Spot buy,South,30579.48
L06013,2024-08-26,Britewire Ltd.,Fastener,23,1.79,29,Spot buy,North,41.17
L00747,2024-08-26,Kwan Precision Ltd.,Cast Housing,267,9.13,22,Blanket release,South,2437.71
L06340,2024-08-26,Kwan Precision Ltd.,Precision Assembly,269,42.5,35,Blanket release,South,11432.5
L03525,2024-08-27,Nordic Steel Co.,Cast Housing,2043,5.4,41,Blanket release,South,11032.2
L00723,2024-08-27,Meridian Tooling (internal),Cast Housing,1329,3.83,12,Blanket release,North,5090.07
L03575,2024-08-27,Britewire Ltd.,Fastener,9,2.4,20,Spot buy,North,21.6
L03430,2024-08-27,Kwan Precision Ltd.,Precision Assembly,270,28.64,36,Blanket release,North,7732.8
L07799,2024-08-27,Alpha Fasteners Inc.,Formed Wire,25,6.72,8,Blanket release,South,168.0
L05094,2024-08-27,Britewire Ltd.,Formed Wire,45,2.57,19,Blanket release,North,115.65
L05329,2024-08-27,Britewire Ltd.,Formed Wire,26,2.42,37,Blanket release,North,62.92
L06955,2024-08-27,Kwan Precision Ltd.,Cast Housing,336,7.9,19,Blanket release,South,2654.4
L02283,2024-08-27,Rhein Polymer GmbH,Precision Assembly,692,34.97,18,Blanket release,North,24199.24
L05282,2024-08-27,Kwan Precision Ltd.,Cast Housing,914,11.43,17,Spot buy,North,10447.02
L03567,2024-08-27,Britewire Ltd.,Fastener,7,1.09,30,Spot buy,North,7.63
L05321,2024-08-27,Britewire Ltd.,Formed Wire,215,2.18,29,Spot buy,South,468.7
L02266,2024-08-27,Alpha Fasteners Inc.,Formed Wire,135,2.59,8,Blanket release,South,349.65
L02213,2024-08-27,Alpha Fasteners Inc.,Formed Wire,50,4.16,30,Blanket release,South,208.0
L02156,2024-08-27,Nordic Steel Co.,Formed Wire,80,3.89,32,Blanket release,South,311.2
L06420,2024-08-27,Britewire Ltd.,Fastener,49,1.09,27,Spot buy,South,53.41
L05166,2024-08-27,Perez Castings S.A.,Cast Housing,316,9.35,3,Spot buy,South,2954.6
L02141,2024-08-27,Alpha Fasteners Inc.,Fastener,266,1.01,28,Spot buy,North,268.66
L05184,2024-08-27,Kwan Precision Ltd.,Cast Housing,156,8.4,43,Spot buy,North,1310.4
L00877,2024-08-27,Rhein Polymer GmbH,Precision Assembly,1454,29.74,24,Blanket release,North,43241.96
L05297,2024-08-27,Nordic Steel Co.,Formed Wire,62,3.42,30,Blanket release,South,212.04
L00937,2024-08-27,Nordic Steel Co.,Cast Housing,32,15.15,17,Blanket release,South,484.8
L07740,2024-08-27,Britewire Ltd.,Formed Wire,119,3.29,25,Blanket release,South,391.51
L01625,2024-08-27,Kwan Precision Ltd.,Cast Housing,55,18.99,11,Spot buy,North,1044.45
L07466,2024-08-27,Britewire Ltd.,Formed Wire,13,3.51,22,Blanket release,North,45.63
L03120,2024-08-27,Rhein Polymer GmbH,Precision Assembly,1937,24.48,31,Blanket release,North,47417.76
L01427,2024-08-27,Britewire Ltd.,Formed Wire,25,4.74,30,Spot buy,North,118.5
L06548,2024-08-27,Britewire Ltd.,Fastener,5,2.17,21,Blanket release,North,10.85
L00144,2024-08-27,Britewire Ltd.,Formed Wire,125,2.68,35,Spot buy,North,335.0
L04698,2024-08-27,Alpha Fasteners Inc.,Fastener,18,4.94,16,Spot buy,North,88.92
L07159,2024-08-27,Perez Castings S.A.,Cast Housing,545,9.13,13,Blanket release,South,4975.85
L05957,2024-08-27,Sato Industrial K.K.,Precision Assembly,1898,29.53,28,Blanket release,South,56047.94
L04038,2024-08-27,Perez Castings S.A.,Precision Assembly,650,35.53,31,Spot buy,North,23094.5
L01211,2024-08-27,Rhein Polymer GmbH,Precision Assembly,2830,28.74,14,Blanket release,South,81334.2
L07104,2024-08-27,Nordic Steel Co.,Formed Wire,96,2.83,17,Blanket release,North,271.68
L06739,2024-08-27,Britewire Ltd.,Fastener,100,2.08,17,Spot buy,South,208.0
L07222,2024-08-27,Britewire Ltd.,Fastener,17,1.52,27,Spot buy,North,25.84
L01364,2024-08-27,Alpha Fasteners Inc.,Fastener,39,2.02,13,Blanket release,North,78.78
L06293,2024-08-27,Rhein Polymer GmbH,Cast Housing,58,13.12,42,Spot buy,North,760.96
L02879,2024-08-27,Perez Castings S.A.,Cast Housing,223,7.49,24,Spot buy,South,1670.27
L06671,2024-08-27,Alpha Fasteners Inc.,Fastener,119,1.15,20,Spot buy,North,136.85
L04797,2024-08-27,Meridian Tooling (internal),Precision Assembly,587,18.23,22,Blanket release,North,10701.01
L05942,2024-08-27,Britewire Ltd.,Formed Wire,228,2.43,10,Blanket release,North,554.04
L07243,2024-08-27,Sato Industrial K.K.,Precision Assembly,627,39.34,29,Blanket release,North,24666.18
L00181,2024-08-27,Alpha Fasteners Inc.,Fastener,26,2.56,39,Spot buy,North,66.56
L01413,2024-08-27,Britewire Ltd.,Fastener,120,1.87,28,Spot buy,North,224.4
L00243,2024-08-27,Alpha Fasteners Inc.,Formed Wire,132,2.47,18,Blanket release,South,326.04
L06776,2024-08-27,Britewire Ltd.,Formed Wire,43,2.98,26,Blanket release,South,128.14
L02987,2024-08-27,Perez Castings S.A.,Cast Housing,89,10.03,23,Blanket release,South,892.67
L05862,2024-08-27,Alpha Fasteners Inc.,Fastener,9,2.14,25,Spot buy,North,19.26
L00283,2024-08-27,Meridian Tooling (internal),Cast Housing,601,3.84,36,Blanket release,North,2307.84
L04486,2024-08-27,Nordic Steel Co.,Cast Housing,143,14.41,10,Blanket release,North,2060.63
L01329,2024-08-27,Perez Castings S.A.,Cast Housing,984,7.74,11,Spot buy,South,7616.16
L04475,2024-08-27,Britewire Ltd.,Formed Wire,65,2.7,25,Blanket release,South,175.5
L06213,2024-08-27,Nordic Steel Co.,Formed Wire,124,1.99,10,Blanket release,North,246.76
L01315,2024-08-27,Alpha Fasteners Inc.,Fastener,104,2.05,29,Spot buy,North,213.2
L06587,2024-08-27,Rhein Polymer GmbH,Cast Housing,184,9.55,20,Blanket release,South,1757.2
L03985,2024-08-27,Alpha Fasteners Inc.,Fastener,11,3.56,18,Spot buy,North,39.16
L01840,2024-08-27,Sato Industrial K.K.,Precision Assembly,96,44.69,26,Blanket release,North,4290.24
L05748,2024-08-27,Nordic Steel Co.,Formed Wire,1133,2.29,10,Blanket release,North,2594.57
L03884,2024-08-27,Nordic Steel Co.,Formed Wire,43,2.89,25,Blanket release,North,124.27
L02571,2024-08-27,Britewire Ltd.,Fastener,41,1.47,31,Spot buy,North,60.27
L04651,2024-08-27,Britewire Ltd.,Formed Wire,133,3.0,25,Blanket release,South,399.0
L04440,2024-08-27,Alpha Fasteners Inc.,Formed Wire,50,2.72,29,Blanket release,South,136.0
L06023,2024-08-27,Alpha Fasteners Inc.,Fastener,209,1.6,37,Spot buy,South,334.4
L02476,2024-08-27,Britewire Ltd.,Fastener,4,1.54,16,Spot buy,North,6.16
L07507,2024-08-27,Perez Castings S.A.,Precision Assembly,796,34.05,15,Spot buy,North,27103.8
L04166,2024-08-27,Britewire Ltd.,Formed Wire,57,5.41,23,Spot buy,South,308.37
L00955,2024-08-27,Kwan Precision Ltd.,Cast Housing,66,6.78,22,Spot buy,North,447.48
L02805,2024-08-27,Alpha Fasteners Inc.,Fastener,16,1.81,20,Spot buy,North,28.96
L01614,2024-08-27,Kwan Precision Ltd.,Cast Housing,250,13.55,17,Blanket release,South,3387.5
L02829,2024-08-27,Kwan Precision Ltd.,Cast Housing,216,8.61,29,Blanket release,North,1859.76
L04209,2024-08-27,Alpha Fasteners Inc.,Formed Wire,223,2.64,36,Spot buy,South,588.72
L03653,2024-08-27,Rhein Polymer GmbH,Cast Housing,12,16.88,20,Blanket release,North,202.56
L07140,2024-08-27,Nordic Steel Co.,Formed Wire,8,5.92,25,Spot buy,North,47.36
L03690,2024-08-27,Alpha Fasteners Inc.,Formed Wire,144,2.97,18,Blanket release,South,427.68
L02388,2024-08-27,Alpha Fasteners Inc.,Fastener,12,2.61,29,Spot buy,North,31.32
L07826,2024-08-27,Britewire Ltd.,Fastener,195,1.52,25,Blanket release,South,296.4
L03267,2024-08-27,Nordic Steel Co.,Cast Housing,153,10.77,24,Spot buy,South,1647.81
L04271,2024-08-27,Nordic Steel Co.,Formed Wire,69,3.42,18,Blanket release,South,235.98
L01525,2024-08-27,Britewire Ltd.,Formed Wire,11,4.16,29,Blanket release,South,45.76
L01086,2024-08-27,Alpha Fasteners Inc.,Fastener,5,3.38,25,Spot buy,South,16.9
L07603,2024-08-27,Rhein Polymer GmbH,Cast Housing,148,11.08,12,Spot buy,North,1639.84
L00082,2024-08-27,Britewire Ltd.,Fastener,9,2.99,27,Blanket release,South,26.91
L00517,2024-08-27,Alpha Fasteners Inc.,Fastener,18,2.53,18,Blanket release,South,45.54
L06154,2024-08-27,Kwan Precision Ltd.,Cast Housing,228,11.63,32,Spot buy,South,2651.64
L04046,2024-08-28,Nordic Steel Co.,Cast Housing,153,18.38,16,Blanket release,South,2812.14
L04138,2024-08-28,Meridian Tooling (internal),Cast Housing,100,8.74,16,Blanket release,North,874.0
L01513,2024-08-28,Britewire Ltd.,Formed Wire,106,1.99,20,Blanket release,South,210.94
L00188,2024-08-28,Alpha Fasteners Inc.,Formed Wire,118,2.44,2,Blanket release,South,287.92
L02212,2024-08-28,Britewire Ltd.,Formed Wire,154,2.99,15,Spot buy,North,460.46
L07545,2024-08-28,Alpha Fasteners Inc.,Fastener,30,3.97,13,Spot buy,North,119.1
L02685,2024-08-28,Britewire Ltd.,Formed Wire,304,2.28,13,Blanket release,North,693.12
L02878,2024-08-28,Britewire Ltd.,Fastener,284,1.12,25,Spot buy,North,318.08
L06141,2024-08-28,Alpha Fasteners Inc.,Formed Wire,671,2.52,29,Spot buy,South,1690.92
L04148,2024-08-28,Britewire Ltd.,Formed Wire,82,2.15,25,Blanket release,South,176.3
L00831,2024-08-28,Alpha Fasteners Inc.,Fastener,63,1.42,21,Spot buy,South,89.46
L01784,2024-08-28,Kwan Precision Ltd.,Precision Assembly,198,27.08,38,Spot buy,North,5361.84
L04304,2024-08-28,Perez Castings S.A.,Cast Housing,81,11.77,8,Blanket release,North,953.37
L07134,2024-08-28,Alpha Fasteners Inc.,Fastener,55,1.07,39,Spot buy,North,58.85
L00751,2024-08-28,Nordic Steel Co.,Formed Wire,65,4.75,17,Spot buy,South,308.75
L02760,2024-08-28,Kwan Precision Ltd.,Cast Housing,119,14.35,20,Blanket release,North,1707.65
L07996,2024-08-28,Rhein Polymer GmbH,Cast Housing,233,8.62,20,Blanket release,North,2008.46
L02809,2024-08-28,Alpha Fasteners Inc.,Fastener,18,2.32,23,Spot buy,North,41.76
L06695,2024-08-28,Britewire Ltd.,Fastener,13,1.69,16,Spot buy,North,21.97
L04242,2024-08-28,Nordic Steel Co.,Formed Wire,30,3.23,9,Blanket release,North,96.9
L07537,2024-08-28,Rhein Polymer GmbH,Cast Housing,197,5.11,27,Blanket release,North,1006.67
L04065,2024-08-28,Alpha Fasteners Inc.,Fastener,31,1.71,20,Spot buy,North,53.01
L00070,2024-08-28,Nordic Steel Co.,Formed Wire,64,3.26,37,Spot buy,South,208.64
L04073,2024-08-28,Alpha Fasteners Inc.,Formed Wire,84,2.6,25,Blanket release,North,218.4
L06045,2024-08-28,Kwan Precision Ltd.,Precision Assembly,684,50.02,27,Spot buy,North,34213.68
L01492,2024-08-28,Kwan Precision Ltd.,Cast Housing,162,13.06,26,Spot buy,North,2115.72
L00763,2024-08-28,Sato Industrial K.K.,Precision Assembly,118,67.69,33,Spot buy,South,7987.42
L07500,2024-08-28,Nordic Steel Co.,Cast Housing,519,6.83,33,Blanket release,North,3544.77
L01663,2024-08-28,Perez Castings S.A.,Cast Housing,228,8.88,19,Spot buy,South,2024.64
L06728,2024-08-28,Alpha Fasteners Inc.,Formed Wire,1415,1.95,15,Blanket release,South,2759.25
L01737,2024-08-28,Alpha Fasteners Inc.,Formed Wire,133,4.47,24,Blanket release,South,594.51
L06394,2024-08-28,Britewire Ltd.,Fastener,15,1.21,19,Spot buy,North,18.15
L02215,2024-08-28,Alpha Fasteners Inc.,Formed Wire,227,2.07,21,Spot buy,South,469.89
L02871,2024-08-28,Britewire Ltd.,Fastener,27,1.77,33,Blanket release,North,47.79
L06636,2024-08-28,Alpha Fasteners Inc.,Fastener,7,2.8,18,Spot buy,North,19.6
L05932,2024-08-28,Perez Castings S.A.,Cast Housing,202,9.59,12,Blanket release,South,1937.18
L05925,2024-08-28,Nordic Steel Co.,Cast Housing,146,9.08,22,Spot buy,South,1325.68
L06425,2024-08-28,Nordic Steel Co.,Cast Housing,2214,9.35,24,Blanket release,South,20700.9
L05229,2024-08-28,Meridian Tooling (internal),Cast Housing,52,5.66,17,Spot buy,South,294.32
L01658,2024-08-28,Britewire Ltd.,Formed Wire,54,3.61,18,Blanket release,North,194.94
L04059,2024-08-28,Britewire Ltd.,Formed Wire,31,4.4,11,Spot buy,North,136.4
L05239,2024-08-28,Meridian Tooling (internal),Precision Assembly,341,23.52,42,Spot buy,North,8020.32
L05382,2024-08-28,Britewire Ltd.,Fastener,85,1.27,14,Spot buy,South,107.95
L05835,2024-08-28,Sato Industrial K.K.,Precision Assembly,171,62.5,16,Blanket release,South,10687.5
L02401,2024-08-28,Kwan Precision Ltd.,Precision Assembly,384,37.28,42,Spot buy,North,14315.52
L00534,2024-08-28,Kwan Precision Ltd.,Cast Housing,1002,6.55,33,Spot buy,South,6563.1
L07681,2024-08-28,Britewire Ltd.,Fastener,9,2.74,13,Spot buy,North,24.66
L05557,2024-08-28,Alpha Fasteners Inc.,Fastener,42,1.81,13,Spot buy,North,76.02
L06451,2024-08-28,Alpha Fasteners Inc.,Fastener,9,2.49,24,Blanket release,North,22.41
L06314,2024-08-28,Rhein Polymer GmbH,Cast Housing,80,7.02,18,Blanket release,North,561.6
L03256,2024-08-28,Rhein Polymer GmbH,Cast Housing,39,14.98,11,Spot buy,South,584.22
L01961,2024-08-28,Britewire Ltd.,Formed Wire,25,3.48,19,Blanket release,North,87.0
L01144,2024-08-28,Perez Castings S.A.,Cast Housing,106,9.58,7,Spot buy,North,1015.48
L04783,2024-08-28,Nordic Steel Co.,Formed Wire,88,2.75,17,Spot buy,North,242.0
L07065,2024-08-28,Britewire Ltd.,Formed Wire,195,3.35,30,Spot buy,South,653.25
L07016,2024-08-28,Britewire Ltd.,Fastener,9,4.33,28,Spot buy,South,38.97
L01189,2024-08-28,Britewire Ltd.,Fastener,10,2.02,23,Blanket release,South,20.2
L01191,2024-08-28,Alpha Fasteners Inc.,Fastener,67,1.31,20,Spot buy,North,87.77
L01953,2024-08-28,Perez Castings S.A.,Precision Assembly,399,36.36,27,Blanket release,North,14507.64
L01208,2024-08-28,Rhein Polymer GmbH,Precision Assembly,2430,23.93,25,Blanket release,South,58149.9
L04872,2024-08-28,Britewire Ltd.,Fastener,136,1.39,15,Spot buy,North,189.04
L02383,2024-08-28,Kwan Precision Ltd.,Precision Assembly,1086,45.39,31,Blanket release,South,49293.54
L00666,2024-08-28,Sato Industrial K.K.,Precision Assembly,520,52.57,28,Blanket release,South,27336.4
L05395,2024-08-28,Alpha Fasteners Inc.,Fastener,64,0.76,14,Spot buy,North,48.64
L04987,2024-08-28,Nordic Steel Co.,Formed Wire,70,4.89,27,Blanket release,South,342.3
L03643,2024-08-28,Britewire Ltd.,Fastener,64,1.98,16,Spot buy,South,126.72
L04966,2024-08-28,Alpha Fasteners Inc.,Fastener,34,2.22,7,Spot buy,North,75.48
L00991,2024-08-28,Perez Castings S.A.,Cast Housing,389,6.52,21,Blanket release,North,2536.28
L03582,2024-08-28,Britewire Ltd.,Formed Wire,166,4.06,18,Spot buy,North,673.96
L05361,2024-08-28,Britewire Ltd.,Fastener,11,1.31,16,Blanket release,North,14.41
L04926,2024-08-28,Sato Industrial K.K.,Precision Assembly,201,49.93,32,Spot buy,North,10035.93
L07268,2024-08-28,Britewire Ltd.,Formed Wire,27,1.99,23,Spot buy,North,53.73
L06849,2024-08-28,Alpha Fasteners Inc.,Fastener,25,1.21,27,Blanket release,North,30.25
L00690,2024-08-28,Perez Castings S.A.,Cast Housing,1374,9.44,9,Blanket release,North,12970.56
L05035,2024-08-28,Britewire Ltd.,Formed Wire,7,2.83,24,Spot buy,North,19.81
L02382,2024-08-28,Kwan Precision Ltd.,Precision Assembly,1562,28.19,38,Spot buy,North,44032.78
L03670,2024-08-28,Britewire Ltd.,Fastener,37,2.93,9,Spot buy,North,108.41
L06541,2024-08-28,Rhein Polymer GmbH,Precision Assembly,193,43.23,24,Blanket release,South,8343.39
L06809,2024-08-28,Alpha Fasteners Inc.,Fastener,41,2.53,29,Spot buy,North,103.73
L03901,2024-08-28,Britewire Ltd.,Fastener,15,2.05,19,Blanket release,South,30.75
L06268,2024-08-28,Kwan Precision Ltd.,Cast Housing,32,7.19,31,Blanket release,North,230.08
L01237,2024-08-28,Alpha Fasteners Inc.,Fastener,57,1.01,17,Spot buy,South,57.57
L05107,2024-08-28,Sato Industrial K.K.,Precision Assembly,734,40.05,27,Blanket release,South,29396.7
L01292,2024-08-28,Alpha Fasteners Inc.,Fastener,42,1.62,16,Spot buy,South,68.04
L05714,2024-08-28,Alpha Fasteners Inc.,Fastener,111,1.74,3,Spot buy,North,193.14
L06600,2024-08-28,Britewire Ltd.,Fastener,124,1.25,20,Spot buy,South,155.0
L06461,2024-08-28,Perez Castings S.A.,Precision Assembly,539,30.58,29,Spot buy,South,16482.62
L00887,2024-08-28,Sato Industrial K.K.,Precision Assembly,811,47.93,23,Spot buy,North,38871.23
L00292,2024-08-28,Alpha Fasteners Inc.,Fastener,44,0.96,26,Blanket release,South,42.24
L05682,2024-08-28,Nordic Steel Co.,Formed Wire,210,2.57,13,Blanket release,South,539.7
L00389,2024-08-28,Rhein Polymer GmbH,Cast Housing,553,12.02,29,Blanket release,South,6647.06
L03558,2024-08-28,Alpha Fasteners Inc.,Fastener,8,1.73,13,Spot buy,North,13.84
L07218,2024-08-28,Britewire Ltd.,Fastener,19,1.67,23,Spot buy,North,31.73
L02261,2024-08-28,Perez Castings S.A.,Precision Assembly,748,21.12,30,Spot buy,North,15797.76
L00275,2024-08-28,Nordic Steel Co.,Formed Wire,333,2.67,19,Spot buy,South,889.11
L02596,2024-08-28,Rhein Polymer GmbH,Cast Housing,117,8.62,29,Blanket release,North,1008.54
L04664,2024-08-28,Britewire Ltd.,Formed Wire,22,3.17,32,Blanket release,North,69.74
L06240,2024-08-29,Alpha Fasteners Inc.,Fastener,23,2.43,27,Spot buy,South,55.89
L02977,2024-08-29,Alpha Fasteners Inc.,Fastener,77,2.01,17,Blanket release,South,154.77
L05781,2024-08-29,Britewire Ltd.,Fastener,11,3.55,29,Spot buy,North,39.05
L05475,2024-08-29,Sato Industrial K.K.,Precision Assembly,655,44.95,2,Blanket release,North,29442.25
L02921,2024-08-29,Rhein Polymer GmbH,Cast Housing,257,12.49,18,Spot buy,North,3209.93
L00601,2024-08-29,Perez Castings S.A.,Precision Assembly,372,61.79,42,Spot buy,South,22985.88
L06145,2024-08-29,Perez Castings S.A.,Cast Housing,148,6.8,19,Blanket release,North,1006.4
L02310,2024-08-29,Britewire Ltd.,Formed Wire,81,3.32,15,Blanket release,North,268.92
L03347,2024-08-29,Perez Castings S.A.,Cast Housing,41,13.13,16,Blanket release,North,538.33
L00645,2024-08-29,Nordic Steel Co.,Formed Wire,49,3.48,13,Spot buy,North,170.52
L00648,2024-08-29,Britewire Ltd.,Fastener,42,2.23,14,Spot buy,North,93.66
L07908,2024-08-29,Britewire Ltd.,Fastener,31,1.76,9,Spot buy,North,54.56
L07917,2024-08-29,Alpha Fasteners Inc.,Formed Wire,73,2.86,24,Blanket release,North,208.78
L05277,2024-08-29,Alpha Fasteners Inc.,Fastener,10,2.46,29,Spot buy,South,24.6
L00206,2024-08-29,Kwan Precision Ltd.,Cast Housing,130,9.71,21,Spot buy,North,1262.3
L02862,2024-08-29,Britewire Ltd.,Fastener,39,1.76,25,Blanket release,South,68.64
L07941,2024-08-29,Nordic Steel Co.,Formed Wire,41,2.58,35,Blanket release,North,105.78
L03144,2024-08-29,Alpha Fasteners Inc.,Fastener,38,1.21,15,Spot buy,South,45.98
L07867,2024-08-29,Rhein Polymer GmbH,Precision Assembly,986,34.85,21,Blanket release,North,34362.1
L00395,2024-08-29,Britewire Ltd.,Fastener,335,1.35,19,Spot buy,North,452.25
L05651,2024-08-29,Nordic Steel Co.,Formed Wire,88,3.13,15,Spot buy,South,275.44
L00430,2024-08-29,Britewire Ltd.,Fastener,20,1.8,32,Spot buy,South,36.0
L07315,2024-08-29,Meridian Tooling (internal),Cast Housing,796,4.11,19,Blanket release,North,3271.56
L05244,2024-08-29,Britewire Ltd.,Fastener,33,2.13,17,Spot buy,North,70.29
L03218,2024-08-29,Rhein Polymer GmbH,Cast Housing,16,10.41,13,Blanket release,South,166.56
L00067,2024-08-29,Britewire Ltd.,Fastener,17,1.05,19,Spot buy,South,17.85
L07213,2024-08-29,Alpha Fasteners Inc.,Fastener,44,2.05,24,Blanket release,North,90.2
L05575,2024-08-29,Britewire Ltd.,Fastener,27,1.01,29,Spot buy,South,27.27
L06312,2024-08-29,Alpha Fasteners Inc.,Fastener,31,1.53,29,Spot buy,North,47.43
L02695,2024-08-29,Alpha Fasteners Inc.,Fastener,74,2.15,15,Spot buy,North,159.1
L07144,2024-08-29,Nordic Steel Co.,Formed Wire,124,2.53,5,Blanket release,South,313.72
L02865,2024-08-29,Alpha Fasteners Inc.,Fastener,78,1.88,26,Spot buy,South,146.64
L06947,2024-08-29,Britewire Ltd.,Fastener,89,1.26,17,Spot buy,North,112.14
L07202,2024-08-29,Alpha Fasteners Inc.,Formed Wire,184,3.81,11,Spot buy,North,701.04
L05898,2024-08-29,Kwan Precision Ltd.,Cast Housing,197,10.55,38,Spot buy,South,2078.35
L00727,2024-08-29,Britewire Ltd.,Fastener,27,1.11,7,Spot buy,North,29.97
L02434,2024-08-29,Rhein Polymer GmbH,Cast Housing,545,10.64,34,Blanket release,North,5798.8
L06135,2024-08-29,Britewire Ltd.,Fastener,87,1.87,9,Spot buy,South,162.69
L07543,2024-08-29,Britewire Ltd.,Formed Wire,78,3.15,29,Spot buy,South,245.7
L05177,2024-08-29,Kwan Precision Ltd.,Cast Housing,568,14.18,20,Blanket release,North,8054.24
L06525,2024-08-29,Britewire Ltd.,Formed Wire,20,3.56,36,Blanket release,South,71.2
L03579,2024-08-29,Nordic Steel Co.,Formed Wire,218,2.69,21,Spot buy,North,586.42
L01799,2024-08-29,Alpha Fasteners Inc.,Formed Wire,192,2.3,13,Blanket release,South,441.6
L03578,2024-08-29,Rhein Polymer GmbH,Precision Assembly,66,36.09,36,Spot buy,South,2381.94
L01098,2024-08-29,Kwan Precision Ltd.,Cast Housing,299,11.9,11,Blanket release,North,3558.1
L01096,2024-08-29,Britewire Ltd.,Formed Wire,93,2.51,30,Spot buy,North,233.43
L01637,2024-08-29,Kwan Precision Ltd.,Precision Assembly,558,38.57,30,Spot buy,North,21522.06
L04924,2024-08-29,Nordic Steel Co.,Formed Wire,22,5.09,20,Blanket release,North,111.98
L01196,2024-08-29,Alpha Fasteners Inc.,Fastener,65,1.26,2,Blanket release,North,81.9
L07405,2024-08-29,Sato Industrial K.K.,Precision Assembly,251,66.86,38,Spot buy,South,16781.86
L01085,2024-08-29,Nordic Steel Co.,Cast Housing,131,12.61,34,Blanket release,North,1651.91
L06552,2024-08-29,Nordic Steel Co.,Formed Wire,185,2.2,29,Blanket release,South,407.0
L04860,2024-08-29,Sato Industrial K.K.,Precision Assembly,251,28.34,21,Spot buy,South,7113.34
L02015,2024-08-29,Nordic Steel Co.,Formed Wire,75,3.26,20,Blanket release,South,244.5
L04358,2024-08-29,Rhein Polymer GmbH,Cast Housing,105,9.46,13,Spot buy,North,993.3
L01771,2024-08-29,Perez Castings S.A.,Cast Housing,98,12.93,14,Blanket release,North,1267.14
L00924,2024-08-29,Perez Castings S.A.,Cast Housing,241,10.32,14,Blanket release,North,2487.12
L00976,2024-08-29,Alpha Fasteners Inc.,Fastener,27,1.48,30,Spot buy,South,39.96
L04938,2024-08-29,Sato Industrial K.K.,Precision Assembly,399,46.42,35,Spot buy,North,18521.58
L07736,2024-08-29,Alpha Fasteners Inc.,Fastener,38,1.58,35,Spot buy,South,60.04
L07733,2024-08-29,Nordic Steel Co.,Formed Wire,48,3.26,38,Blanket release,South,156.48
L04994,2024-08-29,Britewire Ltd.,Fastener,60,2.03,36,Spot buy,South,121.8
L02204,2024-08-29,Britewire Ltd.,Formed Wire,20,4.76,15,Spot buy,North,95.2
L04578,2024-08-29,Kwan Precision Ltd.,Precision Assembly,374,42.18,16,Blanket release,South,15775.32
L07546,2024-08-29,Meridian Tooling (internal),Cast Housing,626,5.03,20,Spot buy,South,3148.78
L06887,2024-08-29,Kwan Precision Ltd.,Precision Assembly,161,50.82,15,Spot buy,North,8182.02
L01432,2024-08-29,Rhein Polymer GmbH,Cast Housing,326,7.72,31,Blanket release,South,2516.72
L04426,2024-08-29,Alpha Fasteners Inc.,Fastener,31,1.57,38,Spot buy,South,48.67
L01497,2024-08-29,Alpha Fasteners Inc.,Formed Wire,176,2.93,21,Blanket release,South,515.68
L01938,2024-08-29,Alpha Fasteners Inc.,Fastener,23,3.38,10,Spot buy,South,77.74
L00933,2024-08-29,Meridian Tooling (internal),Precision Assembly,396,15.26,23,Spot buy,South,6042.96
L01690,2024-08-29,Britewire Ltd.,Fastener,45,1.25,20,Spot buy,South,56.25
L00965,2024-08-29,Nordic Steel Co.,Formed Wire,17,4.94,23,Blanket release,North,83.98
L03484,2024-08-29,Perez Castings S.A.,Cast Housing,799,8.28,42,Blanket release,North,6615.72
L01354,2024-08-29,Britewire Ltd.,Formed Wire,33,2.51,22,Blanket release,South,82.83
L06083,2024-08-30,Nordic Steel Co.,Cast Housing,263,7.39,30,Spot buy,North,1943.57
L06094,2024-08-30,Sato Industrial K.K.,Precision Assembly,367,33.27,25,Blanket release,North,12210.09
L04855,2024-08-30,Kwan Precision Ltd.,Cast Housing,151,12.05,19,Spot buy,North,1819.55
L07304,2024-08-30,Britewire Ltd.,Fastener,11,2.41,14,Spot buy,South,26.51
L04403,2024-08-30,Britewire Ltd.,Formed Wire,72,3.2,29,Spot buy,North,230.4
L02155,2024-08-30,Rhein Polymer GmbH,Cast Housing,200,8.96,40,Blanket release,South,1792.0
L03537,2024-08-30,Nordic Steel Co.,Formed Wire,28,3.93,21,Spot buy,South,110.04
L05504,2024-08-30,Britewire Ltd.,Fastener,16,1.75,11,Spot buy,North,28.0
L02796,2024-08-30,Nordic Steel Co.,Formed Wire,71,4.06,19,Blanket release,North,288.26
L07836,2024-08-30,Nordic Steel Co.,Formed Wire,42,2.59,14,Blanket release,South,108.78
L06750,2024-08-30,Alpha Fasteners Inc.,Fastener,18,2.0,18,Spot buy,North,36.0
L02154,2024-08-30,Rhein Polymer GmbH,Cast Housing,456,8.78,33,Spot buy,North,4003.68
L03722,2024-08-30,Alpha Fasteners Inc.,Fastener,16,1.2,22,Spot buy,North,19.2
L04920,2024-08-30,Britewire Ltd.,Fastener,41,2.22,22,Spot buy,North,91.02
L00573,2024-08-30,Perez Castings S.A.,Cast Housing,163,9.07,3,Blanket release,North,1478.41
L00960,2024-08-30,Alpha Fasteners Inc.,Formed Wire,98,1.48,34,Blanket release,North,145.04
L06689,2024-08-30,Alpha Fasteners Inc.,Fastener,15,1.56,14,Spot buy,South,23.4
L06736,2024-08-30,Alpha Fasteners Inc.,Fastener,19,2.78,23,Blanket release,South,52.82
L03341,2024-08-30,Nordic Steel Co.,Formed Wire,520,2.31,17,Blanket release,South,1201.2
L07363,2024-08-30,Perez Castings S.A.,Cast Housing,283,10.07,14,Blanket release,North,2849.81
L04126,2024-08-30,Rhein Polymer GmbH,Precision Assembly,595,29.84,45,Blanket release,South,17754.8
L01695,2024-08-30,Britewire Ltd.,Fastener,102,1.46,17,Spot buy,North,148.92
L01552,2024-08-30,Nordic Steel Co.,Formed Wire,198,4.07,18,Blanket release,North,805.86
L05445,2024-08-30,Kwan Precision Ltd.,Cast Housing,65,18.41,9,Spot buy,North,1196.65
L03718,2024-08-30,Britewire Ltd.,Fastener,43,1.56,24,Spot buy,South,67.08
L04240,2024-08-30,Rhein Polymer GmbH,Precision Assembly,608,51.12,35,Blanket release,North,31080.96
L03314,2024-08-30,Rhein Polymer GmbH,Cast Housing,39,13.69,6,Blanket release,North,533.91
L00709,2024-08-30,Nordic Steel Co.,Formed Wire,121,2.75,36,Spot buy,South,332.75
L07667,2024-08-30,Britewire Ltd.,Fastener,81,2.61,9,Spot buy,North,211.41
L03682,2024-08-30,Alpha Fasteners Inc.,Fastener,60,1.61,14,Spot buy,South,96.6
L01026,2024-08-30,Nordic Steel Co.,Cast Housing,137,9.93,24,Blanket release,North,1360.41
L04353,2024-08-30,Kwan Precision Ltd.,Cast Housing,77,14.83,17,Spot buy,North,1141.91
L01038,2024-08-30,Britewire Ltd.,Formed Wire,22,2.97,21,Blanket release,South,65.34
L00891,2024-08-30,Nordic Steel Co.,Formed Wire,136,3.39,11,Spot buy,South,461.04
L00575,2024-08-30,Alpha Fasteners Inc.,Fastener,54,1.24,8,Blanket release,South,66.96
L06473,2024-08-30,Alpha Fasteners Inc.,Formed Wire,46,2.52,19,Blanket release,South,115.92
L05586,2024-08-30,Kwan Precision Ltd.,Cast Housing,152,11.87,29,Spot buy,North,1804.24
L06197,2024-08-30,Britewire Ltd.,Fastener,87,1.22,18,Blanket release,North,106.14
L05120,2024-08-30,Britewire Ltd.,Formed Wire,35,4.25,4,Spot buy,North,148.75
L03003,2024-08-30,Rhein Polymer GmbH,Cast Housing,46,8.32,23,Spot buy,South,382.72
L07785,2024-08-30,Britewire Ltd.,Fastener,67,1.54,10,Blanket release,North,103.18
L03522,2024-08-30,Britewire Ltd.,Fastener,71,1.14,20,Blanket release,South,80.94
L05226,2024-08-30,Nordic Steel Co.,Formed Wire,263,1.8,25,Blanket release,North,473.4
L05632,2024-08-30,Alpha Fasteners Inc.,Fastener,52,1.37,44,Spot buy,South,71.24
L07774,2024-08-30,Rhein Polymer GmbH,Precision Assembly,415,34.1,17,Blanket release,South,14151.5
L05815,2024-08-30,Alpha Fasteners Inc.,Formed Wire,173,2.16,44,Spot buy,South,373.68
L01297,2024-08-30,Alpha Fasteners Inc.,Fastener,51,1.33,25,Spot buy,North,67.83
L02225,2024-08-30,Britewire Ltd.,Formed Wire,120,2.59,24,Blanket release,North,310.8
L07221,2024-08-30,Kwan Precision Ltd.,Precision Assembly,1084,29.86,32,Spot buy,North,32368.24
L04526,2024-08-30,Nordic Steel Co.,Cast Housing,175,8.92,4,Spot buy,South,1561.0
L07327,2024-08-30,Alpha Fasteners Inc.,Fastener,32,1.95,6,Blanket release,North,62.4
L03817,2024-08-30,Alpha Fasteners Inc.,Fastener,49,0.99,39,Spot buy,South,48.51
L03870,2024-08-30,Perez Castings S.A.,Cast Housing,124,9.7,3,Blanket release,North,1202.8
L00201,2024-08-30,Nordic Steel Co.,Formed Wire,127,2.89,24,Spot buy,North,367.03
L03979,2024-08-30,Perez Castings S.A.,Cast Housing,201,7.35,13,Blanket release,South,1477.35
L06611,2024-08-30,Rhein Polymer GmbH,Cast Housing,178,11.37,17,Spot buy,South,2023.86
L01619,2024-08-30,Alpha Fasteners Inc.,Formed Wire,66,3.59,32,Spot buy,North,236.94
L02492,2024-08-30,Alpha Fasteners Inc.,Fastener,11,1.44,30,Blanket release,North,15.84
L04531,2024-08-30,Rhein Polymer GmbH,Cast Housing,1430,6.61,19,Blanket release,North,9452.3
L05719,2024-08-30,Britewire Ltd.,Fastener,51,1.7,21,Spot buy,South,86.7
L05132,2024-08-30,Alpha Fasteners Inc.,Formed Wire,47,5.31,20,Blanket release,South,249.57
L07478,2024-08-30,Britewire Ltd.,Fastener,179,1.44,15,Blanket release,North,257.76
L03862,2024-08-30,Alpha Fasteners Inc.,Formed Wire,173,3.47,2,Blanket release,North,600.31
L04581,2024-08-30,Rhein Polymer GmbH,Cast Housing,289,11.51,16,Blanket release,North,3326.39
L03505,2024-08-30,Britewire Ltd.,Formed Wire,14,5.63,25,Spot buy,North,78.82
L03047,2024-08-30,Britewire Ltd.,Fastener,44,1.66,27,Spot buy,South,73.04
L07628,2024-08-30,Rhein Polymer GmbH,Precision Assembly,1372,36.34,32,Blanket release,South,49858.48
L00764,2024-08-30,Nordic Steel Co.,Cast Housing,81,9.68,6,Spot buy,South,784.08
L07886,2024-08-30,Sato Industrial K.K.,Precision Assembly,481,29.64,36,Spot buy,North,14256.84
L03947,2024-08-30,Alpha Fasteners Inc.,Fastener,847,0.63,30,Blanket release,North,533.61
L04774,2024-08-30,Kwan Precision Ltd.,Precision Assembly,350,43.01,36,Spot buy,South,15053.5
L07624,2024-08-30,Rhein Polymer GmbH,Cast Housing,863,6.92,26,Blanket release,North,5971.96
L05121,2024-08-30,Nordic Steel Co.,Formed Wire,38,3.96,27,Blanket release,South,150.48
L06667,2024-08-31,Britewire Ltd.,Fastener,227,0.76,25,Spot buy,North,172.52
L04332,2024-08-31,Nordic Steel Co.,Cast Housing,374,6.38,26,Blanket release,North,2386.12
L07061,2024-08-31,Rhein Polymer GmbH,Precision Assembly,790,36.52,29,Spot buy,North,28850.8
L01260,2024-08-31,Britewire Ltd.,Formed Wire,178,2.1,17,Blanket release,North,373.8
L03030,2024-08-31,Alpha Fasteners Inc.,Formed Wire,55,5.42,14,Spot buy,North,298.1
L06345,2024-08-31,Nordic Steel Co.,Formed Wire,33,2.92,26,Blanket release,South,96.36
L00664,2024-08-31,Nordic Steel Co.,Formed Wire,369,2.61,13,Spot buy,North,963.09
L04291,2024-08-31,Britewire Ltd.,Fastener,31,1.98,21,Spot buy,South,61.38
L00288,2024-08-31,Britewire Ltd.,Fastener,102,1.29,32,Blanket release,South,131.58
L06732,2024-08-31,Kwan Precision Ltd.,Cast Housing,333,5.96,26,Blanket release,North,1984.68
L02771,2024-08-31,Britewire Ltd.,Fastener,22,1.34,17,Spot buy,South,29.48
L03048,2024-08-31,Kwan Precision Ltd.,Cast Housing,349,10.32,8,Blanket release,North,3601.68
L05430,2024-08-31,Britewire Ltd.,Fastener,22,1.65,11,Spot buy,North,36.3
L00640,2024-08-31,Kwan Precision Ltd.,Precision Assembly,470,24.22,28,Blanket release,North,11383.4
L01312,2024-08-31,Meridian Tooling (internal),Cast Housing,492,5.89,46,Spot buy,South,2897.88
L06246,2024-08-31,Rhein Polymer GmbH,Precision Assembly,295,34.45,33,Blanket release,North,10162.75
L07607,2024-08-31,Sato Industrial K.K.,Precision Assembly,38,35.36,42,Blanket release,South,1343.68
L03875,2024-08-31,Kwan Precision Ltd.,Precision Assembly,312,39.16,27,Blanket release,North,12217.92
L01493,2024-08-31,Nordic Steel Co.,Formed Wire,502,2.29,15,Blanket release,North,1149.58
L03651,2024-08-31,Britewire Ltd.,Fastener,22,1.52,10,Spot buy,North,33.44
L04583,2024-08-31,Britewire Ltd.,Fastener,17,2.01,11,Blanket release,North,34.17
L06868,2024-08-31,Alpha Fasteners Inc.,Fastener,46,2.06,29,Spot buy,South,94.76
L02355,2024-08-31,Britewire Ltd.,Formed Wire,17,2.81,28,Blanket release,North,47.77
L04933,2024-08-31,Britewire Ltd.,Fastener,106,1.31,27,Blanket release,South,138.86
L02726,2024-08-31,Britewire Ltd.,Fastener,7,2.57,15,Blanket release,South,17.99
L03740,2024-08-31,Britewire Ltd.,Fastener,25,1.7,25,Spot buy,North,42.5
L03984,2024-08-31,Kwan Precision Ltd.,Cast Housing,156,15.43,40,Spot buy,South,2407.08
L01734,2024-08-31,Kwan Precision Ltd.,Cast Housing,23,11.59,22,Blanket release,North,266.57
L02475,2024-08-31,Britewire Ltd.,Formed Wire,39,5.15,30,Spot buy,North,200.85
L03196,2024-08-31,Alpha Fasteners Inc.,Fastener,13,3.08,38,Spot buy,South,40.04
L02937,2024-08-31,Britewire Ltd.,Fastener,26,1.96,14,Spot buy,South,50.96
L06834,2024-08-31,Britewire Ltd.,Formed Wire,12,3.07,29,Spot buy,North,36.84
L02779,2024-08-31,Nordic Steel Co.,Formed Wire,16,6.75,27,Blanket release,South,108.0
L07166,2024-08-31,Nordic Steel Co.,Formed Wire,58,3.84,30,Spot buy,South,222.72
L03757,2024-08-31,Alpha Fasteners Inc.,Formed Wire,202,4.62,25,Spot buy,South,933.24
L04826,2024-08-31,Britewire Ltd.,Formed Wire,118,2.47,15,Spot buy,North,291.46
L00176,2024-08-31,Britewire Ltd.,Fastener,55,1.44,30,Spot buy,North,79.2
L02950,2024-08-31,Britewire Ltd.,Fastener,65,1.69,22,Spot buy,South,109.85
L07945,2024-08-31,Alpha Fasteners Inc.,Fastener,62,2.27,19,Spot buy,South,140.74
L01986,2024-08-31,Alpha Fasteners Inc.,Formed Wire,285,1.84,7,Blanket release,North,524.4
L01255,2024-08-31,Nordic Steel Co.,Formed Wire,110,2.81,24,Blanket release,South,309.1
L06624,2024-08-31,Alpha Fasteners Inc.,Formed Wire,52,2.27,27,Blanket release,South,118.04
L04856,2024-08-31,Britewire Ltd.,Fastener,20,1.69,19,Blanket release,South,33.8
L01697,2024-08-31,Rhein Polymer GmbH,Cast Housing,336,9.98,15,Spot buy,North,3353.28
L02038,2024-08-31,Rhein Polymer GmbH,Cast Housing,479,6.29,47,Spot buy,North,3012.91
L01861,2024-08-31,Kwan Precision Ltd.,Cast Housing,258,11.88,19,Blanket release,North,3065.04
L07014,2024-08-31,Perez Castings S.A.,Cast Housing,577,8.84,32,Spot buy,South,5100.68
L00591,2024-08-31,Sato Industrial K.K.,Precision Assembly,1465,32.6,18,Spot buy,South,47759.0
L02993,2024-08-31,Sato Industrial K.K.,Precision Assembly,172,28.88,18,Blanket release,South,4967.36
L01219,2024-08-31,Alpha Fasteners Inc.,Formed Wire,43,4.93,22,Spot buy,North,211.99
L07958,2024-08-31,Perez Castings S.A.,Precision Assembly,119,24.37,44,Blanket release,South,2900.03
L05871,2024-08-31,Perez Castings S.A.,Precision Assembly,678,33.5,34,Spot buy,North,22713.0
L04465,2024-08-31,Alpha Fasteners Inc.,Fastener,72,1.77,36,Spot buy,North,127.44
L00413,2024-08-31,Britewire Ltd.,Fastener,10,2.54,16,Blanket release,North,25.4
L03261,2024-08-31,Britewire Ltd.,Formed Wire,129,2.89,39,Spot buy,North,372.81
L00554,2024-08-31,Rhein Polymer GmbH,Precision Assembly,5059,21.72,32,Blanket release,South,109881.48
L02686,2024-08-31,Britewire Ltd.,Formed Wire,42,3.91,13,Blanket release,North,164.22
L05640,2024-08-31,Sato Industrial K.K.,Precision Assembly,373,39.91,34,Spot buy,North,14886.43
L06287,2024-08-31,Britewire Ltd.,Fastener,9,1.82,24,Spot buy,South,16.38
L01996,2024-08-31,Alpha Fasteners Inc.,Fastener,57,1.42,18,Spot buy,North,80.94
L07618,2024-08-31,Nordic Steel Co.,Cast Housing,415,6.64,9,Spot buy,South,2755.6
L04218,2024-08-31,Alpha Fasteners Inc.,Fastener,67,2.1,4,Spot buy,North,140.7
L02169,2024-08-31,Sato Industrial K.K.,Precision Assembly,1195,27.82,44,Blanket release,North,33244.9
L01657,2024-08-31,Alpha Fasteners Inc.,Fastener,156,1.33,12,Spot buy,South,207.48
L00027,2024-08-31,Alpha Fasteners Inc.,Formed Wire,238,2.29,18,Blanket release,North,545.02
L06417,2024-08-31,Perez Castings S.A.,Cast Housing,662,7.94,25,Spot buy,South,5256.28
L02287,2024-08-31,Nordic Steel Co.,Formed Wire,35,5.79,11,Spot buy,North,202.65
L05304,2024-08-31,Britewire Ltd.,Formed Wire,49,2.39,25,Spot buy,South,117.11
L04269,2024-08-31,Alpha Fasteners Inc.,Fastener,38,1.6,8,Spot buy,South,60.8
L06120,2024-08-31,Rhein Polymer GmbH,Cast Housing,776,10.69,6,Blanket release,North,8295.44
L01598,2024-08-31,Rhein Polymer GmbH,Cast Housing,348,8.71,38,Spot buy,North,3031.08
L05195,2024-08-31,Sato Industrial K.K.,Precision Assembly,114,41.23,27,Spot buy,North,4700.22
L07295,2024-08-31,Britewire Ltd.,Fastener,843,0.83,17,Spot buy,South,699.69
L00044,2024-08-31,Rhein Polymer GmbH,Precision Assembly,1159,45.67,22,Spot buy,South,52931.53
L03500,2024-08-31,Meridian Tooling (internal),Cast Housing,142,6.69,21,Spot buy,North,949.98
L02797,2024-08-31,Britewire Ltd.,Formed Wire,277,2.38,18,Spot buy,South,659.26
L02286,2024-08-31,Alpha Fasteners Inc.,Formed Wire,41,3.55,20,Blanket release,North,145.55
L04153,2024-08-31,Britewire Ltd.,Fastener,20,3.06,7,Spot buy,North,61.2
L00043,2024-08-31,Britewire Ltd.,Fastener,13,1.87,13,Spot buy,North,24.31
L02149,2024-08-31,Alpha Fasteners Inc.,Fastener,18,2.09,17,Spot buy,North,37.62
L02135,2024-08-31,Nordic Steel Co.,Cast Housing,541,11.12,18,Spot buy,South,6015.92
L07711,2024-09-01,Rhein Polymer GmbH,Cast Housing,529,7.74,38,Blanket release,South,4094.46
L04524,2024-09-01,Alpha Fasteners Inc.,Fastener,20,1.9,14,Spot buy,South,38.0
L04219,2024-09-01,Alpha Fasteners Inc.,Formed Wire,408,2.33,13,Blanket release,North,950.64
L07418,2024-09-01,Kwan Precision Ltd.,Cast Housing,891,5.67,21,Spot buy,North,5051.97
L03141,2024-09-01,Alpha Fasteners Inc.,Formed Wire,50,3.39,16,Blanket release,North,169.5
L07272,2024-09-01,Perez Castings S.A.,Precision Assembly,893,34.97,42,Spot buy,North,31228.21
L02615,2024-09-01,Perez Castings S.A.,Cast Housing,220,7.4,20,Blanket release,North,1628.0
L02003,2024-09-01,Alpha Fasteners Inc.,Fastener,81,0.99,28,Spot buy,North,80.19
L03747,2024-09-01,Britewire Ltd.,Fastener,34,2.21,12,Spot buy,North,75.14
L05938,2024-09-01,Nordic Steel Co.,Cast Housing,424,9.93,12,Spot buy,North,4210.32
L06069,2024-09-01,Rhein Polymer GmbH,Cast Housing,7937,5.79,12,Blanket release,South,45955.23
L02820,2024-09-01,Alpha Fasteners Inc.,Fastener,56,2.18,15,Spot buy,North,122.08
L04394,2024-09-01,Meridian Tooling (internal),Cast Housing,121,5.73,22,Spot buy,South,693.33
L05147,2024-09-01,Britewire Ltd.,Fastener,281,0.88,18,Spot buy,North,247.28
L01272,2024-09-01,Nordic Steel Co.,Cast Housing,461,7.74,24,Blanket release,South,3568.14
L02530,2024-09-01,Alpha Fasteners Inc.,Fastener,82,1.27,26,Spot buy,South,104.14
L04830,2024-09-01,Nordic Steel Co.,Cast Housing,535,6.87,21,Blanket release,South,3675.45
L07888,2024-09-01,Nordic Steel Co.,Formed Wire,31,3.85,14,Spot buy,South,119.35
L00018,2024-09-01,Rhein Polymer GmbH,Cast Housing,135,15.46,28,Blanket release,South,2087.1
L07152,2024-09-01,Nordic Steel Co.,Cast Housing,352,17.37,16,Spot buy,North,6114.24
L05949,2024-09-01,Alpha Fasteners Inc.,Formed Wire,79,2.82,12,Blanket release,South,222.78
L02904,2024-09-01,Alpha Fasteners Inc.,Formed Wire,37,3.11,15,Blanket release,North,115.07
L00736,2024-09-01,Nordic Steel Co.,Formed Wire,159,3.51,31,Blanket release,South,558.09
L05074,2024-09-01,Nordic Steel Co.,Cast Housing,3392,10.21,21,Spot buy,North,34632.32
L00140,2024-09-01,Alpha Fasteners Inc.,Formed Wire,78,2.29,17,Spot buy,North,178.62
L03412,2024-09-01,Alpha Fasteners Inc.,Fastener,51,1.27,29,Spot buy,North,64.77
L00527,2024-09-01,Britewire Ltd.,Formed Wire,122,3.21,26,Blanket release,North,391.62
L02841,2024-09-01,Britewire Ltd.,Fastener,26,1.15,22,Spot buy,North,29.9
L04902,2024-09-01,Britewire Ltd.,Formed Wire,51,3.91,11,Blanket release,South,199.41
L05159,2024-09-01,Perez Castings S.A.,Cast Housing,52,9.64,36,Blanket release,North,501.28
L03287,2024-09-01,Britewire Ltd.,Fastener,25,2.27,19,Spot buy,North,56.75
L07779,2024-09-01,Britewire Ltd.,Formed Wire,153,4.51,8,Spot buy,North,690.03
L02178,2024-09-01,Rhein Polymer GmbH,Precision Assembly,501,31.74,30,Spot buy,South,15901.74
L02827,2024-09-01,Alpha Fasteners Inc.,Fastener,11,1.15,23,Spot buy,South,12.65
L05102,2024-09-01,Rhein Polymer GmbH,Precision Assembly,317,24.75,27,Blanket release,North,7845.75
L06381,2024-09-01,Britewire Ltd.,Formed Wire,26,6.86,26,Spot buy,North,178.36
L06864,2024-09-01,Britewire Ltd.,Fastener,22,2.82,14,Spot buy,North,62.04
L07192,2024-09-01,Rhein Polymer GmbH,Cast Housing,243,16.0,26,Blanket release,South,3888.0
L07647,2024-09-01,Alpha Fasteners Inc.,Fastener,28,1.94,11,Spot buy,North,54.32
L02973,2024-09-01,Alpha Fasteners Inc.,Fastener,77,1.9,20,Spot buy,South,146.3
L06012,2024-09-01,Perez Castings S.A.,Cast Housing,367,9.3,25,Spot buy,South,3413.1
L02282,2024-09-01,Nordic Steel Co.,Formed Wire,20,5.24,25,Blanket release,North,104.8
L00320,2024-09-01,Kwan Precision Ltd.,Precision Assembly,209,49.07,28,Blanket release,North,10255.63
L00471,2024-09-01,Nordic Steel Co.,Cast Housing,121,12.47,25,Blanket release,South,1508.87
L05971,2024-09-01,Alpha Fasteners Inc.,Formed Wire,308,2.84,14,Blanket release,North,874.72
L02688,2024-09-01,Alpha Fasteners Inc.,Fastener,69,1.7,28,Spot buy,South,117.3
L06099,2024-09-01,Alpha Fasteners Inc.,Formed Wire,114,2.39,16,Blanket release,South,272.46
L00461,2024-09-01,Nordic Steel Co.,Cast Housing,300,10.06,17,Blanket release,North,3018.0
L00866,2024-09-01,Perez Castings S.A.,Cast Housing,122,7.98,14,Blanket release,North,973.56
L06157,2024-09-01,Britewire Ltd.,Formed Wire,39,4.42,19,Spot buy,South,172.38
L01374,2024-09-01,Alpha Fasteners Inc.,Fastener,20,1.61,35,Blanket release,North,32.2
L00938,2024-09-01,Nordic Steel Co.,Formed Wire,36,4.53,26,Spot buy,North,163.08
L06427,2024-09-01,Perez Castings S.A.,Cast Housing,670,6.03,38,Blanket release,South,4040.1
L02095,2024-09-01,Nordic Steel Co.,Formed Wire,32,6.09,18,Spot buy,North,194.88
L00670,2024-09-01,Britewire Ltd.,Fastener,45,0.95,29,Blanket release,South,42.75
L06040,2024-09-01,Perez Castings S.A.,Cast Housing,551,6.62,35,Blanket release,North,3647.62
L03187,2024-09-01,Britewire Ltd.,Fastener,50,1.92,37,Spot buy,North,96.0
L06957,2024-09-01,Alpha Fasteners Inc.,Fastener,22,3.43,22,Spot buy,North,75.46
L01754,2024-09-01,Perez Castings S.A.,Precision Assembly,129,35.66,26,Spot buy,South,4600.14
L00555,2024-09-01,Alpha Fasteners Inc.,Formed Wire,27,4.34,22,Spot buy,North,117.18
L01824,2024-09-01,Alpha Fasteners Inc.,Fastener,33,3.0,38,Spot buy,North,99.0
L02311,2024-09-01,Meridian Tooling (internal),Cast Housing,88,5.69,10,Spot buy,South,500.72
L07228,2024-09-01,Perez Castings S.A.,Cast Housing,677,13.42,25,Spot buy,North,9085.34
L07990,2024-09-01,Nordic Steel Co.,Cast Housing,85,20.75,25,Spot buy,South,1763.75
L07442,2024-09-01,Perez Castings S.A.,Precision Assembly,374,23.61,39,Blanket release,North,8830.14
L07006,2024-09-01,Alpha Fasteners Inc.,Formed Wire,10,2.61,24,Blanket release,North,26.1
L00921,2024-09-01,Perez Castings S.A.,Cast Housing,66,14.88,26,Blanket release,South,982.08
L04393,2024-09-01,Kwan Precision Ltd.,Cast Housing,37,19.81,18,Blanket release,North,732.97
L07347,2024-09-01,Britewire Ltd.,Fastener,42,1.18,42,Spot buy,North,49.56
L07400,2024-09-01,Perez Castings S.A.,Cast Housing,965,8.13,30,Blanket release,North,7845.45
L02544,2024-09-01,Rhein Polymer GmbH,Cast Housing,1566,10.99,19,Spot buy,North,17210.34
L01913,2024-09-01,Perez Castings S.A.,Precision Assembly,616,30.35,42,Blanket release,North,18695.6
L02508,2024-09-01,Rhein Polymer GmbH,Cast Housing,429,12.53,21,Blanket release,South,5375.37
L05762,2024-09-01,Nordic Steel Co.,Formed Wire,23,3.01,32,Blanket release,North,69.23
L05920,2024-09-01,Alpha Fasteners Inc.,Fastener,33,1.49,11,Spot buy,South,49.17
L03535,2024-09-01,Alpha Fasteners Inc.,Fastener,38,4.79,29,Blanket release,South,182.02
L00498,2024-09-01,Britewire Ltd.,Formed Wire,19,6.31,5,Blanket release,North,119.89
L06968,2024-09-01,Alpha Fasteners Inc.,Fastener,8,2.27,35,Spot buy,South,18.16
L06941,2024-09-01,Perez Castings S.A.,Cast Housing,129,7.9,16,Blanket release,North,1019.1
L02195,2024-09-01,Alpha Fasteners Inc.,Fastener,27,2.55,27,Blanket release,North,68.85
L04971,2024-09-01,Britewire Ltd.,Fastener,86,2.15,26,Blanket release,South,184.9
L06506,2024-09-01,Sato Industrial K.K.,Precision Assembly,146,27.4,33,Blanket release,North,4000.4
L03981,2024-09-01,Alpha Fasteners Inc.,Fastener,7,1.99,29,Spot buy,South,13.93
L05225,2024-09-01,Kwan Precision Ltd.,Cast Housing,132,11.38,19,Blanket release,North,1502.16
L06752,2024-09-01,Britewire Ltd.,Formed Wire,86,3.4,7,Spot buy,North,292.4
L05962,2024-09-02,Britewire Ltd.,Fastener,72,1.09,24,Spot buy,South,78.48
L01989,2024-09-02,Alpha Fasteners Inc.,Formed Wire,77,6.81,22,Spot buy,South,524.37
L06550,2024-09-02,Nordic Steel Co.,Formed Wire,15,4.67,20,Blanket release,South,70.05
L06495,2024-09-02,Rhein Polymer GmbH,Precision Assembly,3059,37.04,39,Blanket release,North,113305.36
L05284,2024-09-02,Kwan Precision Ltd.,Cast Housing,391,12.12,38,Blanket release,South,4738.92
L03146,2024-09-02,Britewire Ltd.,Fastener,117,1.06,28,Blanket release,North,124.02
L04436,2024-09-02,Nordic Steel Co.,Formed Wire,124,3.03,14,Blanket release,South,375.72
L03177,2024-09-02,Kwan Precision Ltd.,Cast Housing,388,9.61,11,Spot buy,South,3728.68
L05897,2024-09-02,Alpha Fasteners Inc.,Formed Wire,112,3.56,16,Blanket release,North,398.72
L00180,2024-09-02,Alpha Fasteners Inc.,Formed Wire,37,4.45,22,Spot buy,North,164.65
L04770,2024-09-02,Kwan Precision Ltd.,Precision Assembly,5122,33.26,28,Spot buy,North,170357.72
L03802,2024-09-02,Britewire Ltd.,Fastener,90,1.51,10,Spot buy,North,135.9
L04210,2024-09-02,Perez Castings S.A.,Cast Housing,117,9.78,15,Blanket release,North,1144.26
L05592,2024-09-02,Rhein Polymer GmbH,Precision Assembly,450,56.51,32,Blanket release,South,25429.5
L01917,2024-09-02,Nordic Steel Co.,Formed Wire,119,2.56,15,Blanket release,North,304.64
L06361,2024-09-02,Perez Castings S.A.,Cast Housing,579,10.0,13,Blanket release,North,5790.0
L06633,2024-09-02,Britewire Ltd.,Fastener,6,2.46,44,Spot buy,South,14.76
L02949,2024-09-02,Britewire Ltd.,Fastener,34,2.41,8,Spot buy,North,81.94
L04215,2024-09-02,Rhein Polymer GmbH,Cast Housing,132,13.33,21,Spot buy,South,1759.56
L01580,2024-09-02,Rhein Polymer GmbH,Precision Assembly,599,32.85,24,Blanket release,South,19677.15
L02680,2024-09-02,Alpha Fasteners Inc.,Fastener,96,1.78,36,Spot buy,North,170.88
L02415,2024-09-02,Britewire Ltd.,Formed Wire,84,2.49,19,Spot buy,South,209.16
L04462,2024-09-02,Alpha Fasteners Inc.,Formed Wire,36,3.61,30,Spot buy,South,129.96
L02413,2024-09-02,Sato Industrial K.K.,Precision Assembly,3334,35.68,22,Spot buy,North,118957.12
L02412,2024-09-02,Sato Industrial K.K.,Precision Assembly,859,44.43,17,Blanket release,North,38165.37
L03150,2024-09-02,Alpha Fasteners Inc.,Fastener,21,1.32,18,Spot buy,North,27.72
L02936,2024-09-02,Britewire Ltd.,Formed Wire,362,2.46,12,Blanket release,South,890.52
L03145,2024-09-02,Britewire Ltd.,Fastener,29,1.54,35,Spot buy,North,44.66
L00552,2024-09-02,Nordic Steel Co.,Formed Wire,89,2.69,19,Spot buy,North,239.41
L00234,2024-09-02,Alpha Fasteners Inc.,Fastener,19,1.62,24,Spot buy,South,30.78
L00028,2024-09-02,Perez Castings S.A.,Precision Assembly,556,30.31,41,Blanket release,North,16852.36
L05223,2024-09-02,Kwan Precision Ltd.,Cast Housing,253,6.73,26,Blanket release,North,1702.69
L07334,2024-09-02,Kwan Precision Ltd.,Precision Assembly,346,30.13,17,Blanket release,North,10424.98
L07353,2024-09-02,Nordic Steel Co.,Cast Housing,226,8.02,19,Blanket release,North,1812.52
L02619,2024-09-02,Britewire Ltd.,Fastener,77,1.08,27,Spot buy,North,83.16
L01311,2024-09-02,Alpha Fasteners Inc.,Fastener,46,2.37,15,Blanket release,North,109.02
L04638,2024-09-02,Perez Castings S.A.,Precision Assembly,336,31.8,33,Spot buy,North,10684.8
L04185,2024-09-02,Nordic Steel Co.,Formed Wire,14,4.06,16,Blanket release,South,56.84
L03310,2024-09-02,Britewire Ltd.,Fastener,330,1.15,23,Spot buy,South,379.5
L01264,2024-09-02,Nordic Steel Co.,Formed Wire,104,2.99,23,Blanket release,North,310.96
L01618,2024-09-02,Nordic Steel Co.,Formed Wire,108,2.18,8,Spot buy,North,235.44
L02194,2024-09-02,Kwan Precision Ltd.,Precision Assembly,653,33.72,25,Spot buy,South,22019.16
L05447,2024-09-02,Kwan Precision Ltd.,Cast Housing,1001,9.78,26,Blanket release,North,9789.78
L01849,2024-09-02,Meridian Tooling (internal),Cast Housing,581,4.89,21,Blanket release,North,2841.09
L07558,2024-09-02,Alpha Fasteners Inc.,Fastener,246,0.98,25,Blanket release,North,241.08
L04091,2024-09-02,Alpha Fasteners Inc.,Formed Wire,150,3.11,14,Spot buy,North,466.5
L02280,2024-09-02,Rhein Polymer GmbH,Cast Housing,213,8.75,16,Spot buy,North,1863.75
L03890,2024-09-02,Britewire Ltd.,Fastener,16,1.75,14,Blanket release,South,28.0
L04326,2024-09-02,Alpha Fasteners Inc.,Fastener,24,3.44,34,Blanket release,North,82.56
L00334,2024-09-02,Britewire Ltd.,Fastener,18,1.59,30,Spot buy,North,28.62
L06676,2024-09-02,Perez Castings S.A.,Cast Housing,77,11.21,34,Spot buy,North,863.17
L01804,2024-09-02,Nordic Steel Co.,Cast Housing,49,10.05,19,Blanket release,South,492.45
L03031,2024-09-02,Nordic Steel Co.,Formed Wire,183,1.85,28,Blanket release,North,338.55
L06458,2024-09-02,Britewire Ltd.,Formed Wire,76,2.84,27,Blanket release,North,215.84
L01656,2024-09-02,Alpha Fasteners Inc.,Fastener,370,1.09,26,Spot buy,North,403.3
L07813,2024-09-02,Perez Castings S.A.,Precision Assembly,398,27.99,32,Spot buy,North,11140.02
L04256,2024-09-02,Nordic Steel Co.,Cast Housing,1587,11.76,2,Spot buy,North,18663.12
L04316,2024-09-02,Alpha Fasteners Inc.,Formed Wire,68,2.76,21,Blanket release,South,187.68
L06672,2024-09-02,Nordic Steel Co.,Formed Wire,11,2.69,16,Blanket release,North,29.59
L06584,2024-09-02,Kwan Precision Ltd.,Precision Assembly,1188,26.76,21,Blanket release,South,31790.88
L05994,2024-09-02,Perez Castings S.A.,Precision Assembly,87,42.03,32,Spot buy,South,3656.61
L00361,2024-09-02,Alpha Fasteners Inc.,Fastener,62,1.45,20,Blanket release,South,89.9
L02147,2024-09-02,Alpha Fasteners Inc.,Fastener,138,1.39,15,Blanket release,North,191.82
L01082,2024-09-02,Alpha Fasteners Inc.,Fastener,21,3.43,36,Spot buy,North,72.03
L04109,2024-09-02,Nordic Steel Co.,Formed Wire,155,3.87,30,Spot buy,North,599.85
L01825,2024-09-02,Britewire Ltd.,Formed Wire,354,2.73,10,Blanket release,South,966.42
L03727,2024-09-02,Alpha Fasteners Inc.,Formed Wire,207,2.48,16,Spot buy,South,513.36
L02260,2024-09-02,Britewire Ltd.,Fastener,46,1.34,16,Spot buy,North,61.64
L04106,2024-09-02,Nordic Steel Co.,Cast Housing,93,10.67,23,Spot buy,North,992.31
L01628,2024-09-02,Rhein Polymer GmbH,Cast Housing,132,16.4,23,Spot buy,South,2164.8
L04874,2024-09-02,Nordic Steel Co.,Cast Housing,711,9.55,8,Spot buy,South,6790.05
L07598,2024-09-02,Nordic Steel Co.,Formed Wire,116,2.67,14,Blanket release,North,309.72
L03475,2024-09-02,Alpha Fasteners Inc.,Formed Wire,45,5.99,36,Spot buy,North,269.55
L07742,2024-09-02,Kwan Precision Ltd.,Precision Assembly,294,39.85,31,Blanket release,South,11715.9
L02599,2024-09-02,Rhein Polymer GmbH,Cast Housing,762,10.83,7,Blanket release,North,8252.46
L05372,2024-09-02,Nordic Steel Co.,Formed Wire,206,2.83,27,Blanket release,North,582.98
L01883,2024-09-02,Meridian Tooling (internal),Cast Housing,27,5.88,14,Spot buy,South,158.76
L05078,2024-09-02,Britewire Ltd.,Fastener,42,2.49,31,Spot buy,North,104.58
L06074,2024-09-02,Britewire Ltd.,Formed Wire,98,5.53,15,Blanket release,North,541.94
L02546,2024-09-02,Alpha Fasteners Inc.,Fastener,12,1.35,10,Blanket release,South,16.2
L01527,2024-09-02,Alpha Fasteners Inc.,Fastener,20,2.57,19,Spot buy,South,51.4
L06354,2024-09-02,Kwan Precision Ltd.,Cast Housing,275,13.64,13,Spot buy,North,3751.0
L00114,2024-09-02,Britewire Ltd.,Fastener,23,1.17,26,Spot buy,North,26.91
L06129,2024-09-02,Sato Industrial K.K.,Precision Assembly,488,38.42,43,Spot buy,South,18748.96
L02733,2024-09-02,Alpha Fasteners Inc.,Fastener,22,1.62,31,Spot buy,North,35.64
L01240,2024-09-02,Britewire Ltd.,Fastener,10,2.04,37,Spot buy,North,20.4
L01361,2024-09-02,Alpha Fasteners Inc.,Fastener,52,1.08,28,Blanket release,North,56.16
L04543,2024-09-03,Rhein Polymer GmbH,Precision Assembly,806,44.54,28,Spot buy,North,35899.24
L04173,2024-09-03,Alpha Fasteners Inc.,Fastener,10,4.6,22,Spot buy,North,46.0
L05220,2024-09-03,Alpha Fasteners Inc.,Formed Wire,42,3.88,18,Blanket release,South,162.96
L06288,2024-09-03,Britewire Ltd.,Fastener,8,2.37,19,Spot buy,North,18.96
L01185,2024-09-03,Nordic Steel Co.,Formed Wire,94,5.02,10,Blanket release,North,471.88
L00859,2024-09-03,Nordic Steel Co.,Formed Wire,51,5.58,9,Blanket release,North,284.58
L01400,2024-09-03,Rhein Polymer GmbH,Cast Housing,504,9.17,33,Spot buy,South,4621.68
L07328,2024-09-03,Britewire Ltd.,Fastener,34,2.22,12,Spot buy,North,75.48
L05894,2024-09-03,Rhein Polymer GmbH,Cast Housing,161,8.64,14,Blanket release,South,1391.04
L01200,2024-09-03,Britewire Ltd.,Fastener,81,1.01,9,Blanket release,North,81.81
L07631,2024-09-03,Kwan Precision Ltd.,Cast Housing,109,9.23,20,Spot buy,North,1006.07
L04755,2024-09-03,Perez Castings S.A.,Precision Assembly,2169,23.68,26,Spot buy,South,51361.92
L01884,2024-09-03,Alpha Fasteners Inc.,Fastener,73,2.44,25,Spot buy,North,178.12
L04458,2024-09-03,Britewire Ltd.,Fastener,24,2.64,21,Spot buy,North,63.36
L04495,2024-09-03,Britewire Ltd.,Formed Wire,12,6.14,21,Blanket release,North,73.68
L06551,2024-09-03,Alpha Fasteners Inc.,Fastener,21,2.44,7,Spot buy,South,51.24
L07212,2024-09-03,Alpha Fasteners Inc.,Formed Wire,154,2.41,15,Blanket release,North,371.14
L06543,2024-09-03,Nordic Steel Co.,Cast Housing,248,7.71,18,Blanket release,North,1912.08
L01384,2024-09-03,Rhein Polymer GmbH,Precision Assembly,189,63.79,35,Spot buy,South,12056.31
L01224,2024-09-03,Alpha Fasteners Inc.,Formed Wire,84,1.86,17,Blanket release,South,156.24
L02231,2024-09-03,Britewire Ltd.,Fastener,113,2.04,19,Spot buy,South,230.52
L07176,2024-09-03,Alpha Fasteners Inc.,Formed Wire,410,1.85,25,Blanket release,North,758.5
L00843,2024-09-03,Kwan Precision Ltd.,Cast Housing,178,13.09,29,Spot buy,South,2330.02
L07440,2024-09-03,Kwan Precision Ltd.,Cast Housing,10,21.33,30,Spot buy,North,213.3
L02174,2024-09-03,Kwan Precision Ltd.,Precision Assembly,288,32.67,42,Blanket release,South,9408.96
L06110,2024-09-03,Kwan Precision Ltd.,Precision Assembly,230,50.62,11,Blanket release,South,11642.6
L01796,2024-09-03,Britewire Ltd.,Formed Wire,75,3.41,16,Spot buy,North,255.75
L06777,2024-09-03,Perez Castings S.A.,Cast Housing,84,7.79,10,Blanket release,North,654.36
L00241,2024-09-03,Alpha Fasteners Inc.,Fastener,19,2.52,13,Spot buy,South,47.88
L03851,2024-09-03,Alpha Fasteners Inc.,Fastener,43,2.22,12,Spot buy,North,95.46
L01397,2024-09-03,Nordic Steel Co.,Cast Housing,728,8.14,24,Spot buy,North,5925.92
L06122,2024-09-03,Kwan Precision Ltd.,Precision Assembly,710,39.19,39,Spot buy,North,27824.9
L00757,2024-09-03,Britewire Ltd.,Fastener,68,1.8,36,Spot buy,South,122.4
L04724,2024-09-03,Alpha Fasteners Inc.,Fastener,7,2.88,14,Spot buy,South,20.16
L07216,2024-09-03,Rhein Polymer GmbH,Cast Housing,270,6.96,25,Blanket release,South,1879.2
L05751,2024-09-03,Kwan Precision Ltd.,Precision Assembly,122,27.87,37,Blanket release,North,3400.14
L02585,2024-09-03,Kwan Precision Ltd.,Cast Housing,135,11.63,16,Blanket release,South,1570.05
L02586,2024-09-03,Rhein Polymer GmbH,Cast Housing,197,8.47,11,Blanket release,North,1668.59
L04461,2024-09-03,Britewire Ltd.,Formed Wire,64,2.47,4,Blanket release,South,158.08
L03899,2024-09-03,Nordic Steel Co.,Cast Housing,79,9.72,26,Spot buy,North,767.88
L01399,2024-09-03,Kwan Precision Ltd.,Precision Assembly,918,47.22,19,Blanket release,North,43347.96
L05142,2024-09-03,Britewire Ltd.,Fastener,28,1.32,12,Spot buy,North,36.96
L05744,2024-09-03,Rhein Polymer GmbH,Cast Housing,268,11.72,16,Blanket release,South,3140.96
L00795,2024-09-03,Meridian Tooling (internal),Cast Housing,129,4.37,21,Blanket release,North,563.73
L04130,2024-09-03,Meridian Tooling (internal),Precision Assembly,538,33.78,29,Spot buy,North,18173.64
L07082,2024-09-03,Meridian Tooling (internal),Precision Assembly,2142,19.67,21,Blanket release,North,42133.14
L02327,2024-09-03,Meridian Tooling (internal),Precision Assembly,180,20.83,31,Blanket release,South,3749.4
L02707,2024-09-03,Nordic Steel Co.,Formed Wire,299,2.27,31,Spot buy,North,678.73
L06901,2024-09-03,Alpha Fasteners Inc.,Fastener,44,2.35,14,Spot buy,South,103.4
L02342,2024-09-03,Alpha Fasteners Inc.,Fastener,7,2.67,22,Spot buy,North,18.69
L07982,2024-09-03,Kwan Precision Ltd.,Cast Housing,243,10.02,20,Blanket release,North,2434.86
L07244,2024-09-03,Britewire Ltd.,Formed Wire,33,3.78,25,Spot buy,North,124.74
L02872,2024-09-03,Alpha Fasteners Inc.,Fastener,96,2.32,27,Spot buy,South,222.72
L02029,2024-09-03,Alpha Fasteners Inc.,Formed Wire,146,3.49,27,Blanket release,North,509.54
L04313,2024-09-03,Britewire Ltd.,Formed Wire,32,4.39,16,Blanket release,South,140.48
L04411,2024-09-03,Sato Industrial K.K.,Precision Assembly,459,42.36,40,Spot buy,South,19443.24
L01011,2024-09-03,Alpha Fasteners Inc.,Formed Wire,388,2.52,12,Blanket release,South,977.76
L01984,2024-09-03,Nordic Steel Co.,Formed Wire,121,3.39,15,Blanket release,North,410.19
L07527,2024-09-03,Britewire Ltd.,Formed Wire,117,3.56,10,Spot buy,South,416.52
L05958,2024-09-03,Britewire Ltd.,Formed Wire,16,6.52,14,Spot buy,North,104.32
L04221,2024-09-03,Nordic Steel Co.,Cast Housing,135,11.64,7,Blanket release,South,1571.4
L07832,2024-09-03,Britewire Ltd.,Fastener,45,1.27,31,Blanket release,North,57.15
L03326,2024-09-03,Alpha Fasteners Inc.,Fastener,50,1.27,16,Blanket release,North,63.5
L01730,2024-09-03,Alpha Fasteners Inc.,Fastener,103,1.5,11,Blanket release,North,154.5
L06014,2024-09-03,Alpha Fasteners Inc.,Fastener,12,2.49,11,Blanket release,North,29.88
L02051,2024-09-03,Britewire Ltd.,Fastener,108,1.38,10,Blanket release,North,149.04
L03587,2024-09-03,Alpha Fasteners Inc.,Fastener,81,2.69,8,Spot buy,South,217.89
L03254,2024-09-03,Perez Castings S.A.,Cast Housing,637,6.74,16,Blanket release,North,4293.38
L00550,2024-09-03,Alpha Fasteners Inc.,Fastener,87,1.51,19,Spot buy,North,131.37
L04321,2024-09-03,Rhein Polymer GmbH,Cast Housing,213,11.72,6,Spot buy,North,2496.36
L02087,2024-09-03,Rhein Polymer GmbH,Cast Housing,156,10.71,10,Blanket release,South,1670.76
L06785,2024-09-03,Kwan Precision Ltd.,Cast Housing,350,8.79,30,Spot buy,South,3076.5
L03366,2024-09-03,Meridian Tooling (internal),Cast Housing,198,4.94,23,Blanket release,South,978.12
L04765,2024-09-03,Perez Castings S.A.,Cast Housing,638,7.98,29,Spot buy,North,5091.24
L05379,2024-09-03,Nordic Steel Co.,Cast Housing,314,10.1,28,Spot buy,South,3171.4
L05601,2024-09-03,Britewire Ltd.,Fastener,34,2.33,11,Blanket release,North,79.22
L06731,2024-09-03,Alpha Fasteners Inc.,Fastener,54,0.87,25,Blanket release,North,46.98
L04289,2024-09-03,Alpha Fasteners Inc.,Fastener,51,1.86,19,Spot buy,South,94.86
L00468,2024-09-03,Alpha Fasteners Inc.,Fastener,22,2.56,28,Spot buy,North,56.32
L01653,2024-09-03,Britewire Ltd.,Fastener,383,1.08,20,Spot buy,South,413.64
L07309,2024-09-03,Alpha Fasteners Inc.,Formed Wire,98,4.01,20,Blanket release,North,392.98
L03720,2024-09-03,Rhein Polymer GmbH,Cast Housing,1201,8.2,31,Blanket release,North,9848.2
L03258,2024-09-03,Britewire Ltd.,Formed Wire,162,3.37,5,Spot buy,North,545.94
L06034,2024-09-03,Alpha Fasteners Inc.,Fastener,31,2.57,15,Spot buy,South,79.67
L05912,2024-09-03,Alpha Fasteners Inc.,Fastener,6,2.49,39,Blanket release,South,14.94
L02955,2024-09-03,Kwan Precision Ltd.,Precision Assembly,308,29.43,38,Spot buy,North,9064.44
L06734,2024-09-03,Rhein Polymer GmbH,Cast Housing,274,8.58,26,Blanket release,North,2350.92
L06204,2024-09-03,Alpha Fasteners Inc.,Formed Wire,92,2.56,5,Blanket release,North,235.52
L01149,2024-09-03,Alpha Fasteners Inc.,Fastener,6,5.65,23,Spot buy,South,33.9
L03566,2024-09-03,Britewire Ltd.,Formed Wire,1414,1.62,15,Blanket release,South,2290.68
L06007,2024-09-04,Britewire Ltd.,Fastener,26,2.26,26,Spot buy,North,58.76
L03487,2024-09-04,Nordic Steel Co.,Formed Wire,237,1.94,25,Blanket release,North,459.78
L05476,2024-09-04,Britewire Ltd.,Formed Wire,450,1.83,2,Blanket release,North,823.5
L00918,2024-09-04,Alpha Fasteners Inc.,Formed Wire,125,3.76,18,Spot buy,South,470.0
L06450,2024-09-04,Britewire Ltd.,Fastener,23,2.04,28,Spot buy,North,46.92
L01859,2024-09-04,Nordic Steel Co.,Formed Wire,109,1.96,22,Blanket release,South,213.64
L05818,2024-09-04,Alpha Fasteners Inc.,Formed Wire,27,4.14,18,Blanket release,South,111.78
L06562,2024-09-04,Nordic Steel Co.,Cast Housing,321,8.08,35,Blanket release,North,2593.68
L05067,2024-09-04,Britewire Ltd.,Fastener,17,3.26,14,Spot buy,South,55.42
L07915,2024-09-04,Alpha Fasteners Inc.,Formed Wire,310,1.14,28,Blanket release,North,353.4
L07100,2024-09-04,Alpha Fasteners Inc.,Fastener,25,2.94,25,Spot buy,North,73.5
L04337,2024-09-04,Britewire Ltd.,Fastener,35,1.15,28,Spot buy,North,40.25
L03449,2024-09-04,Sato Industrial K.K.,Precision Assembly,777,23.52,37,Blanket release,South,18275.04
L00600,2024-09-04,Nordic Steel Co.,Formed Wire,54,5.4,18,Spot buy,North,291.6
L04067,2024-09-04,Kwan Precision Ltd.,Precision Assembly,285,20.19,32,Blanket release,North,5754.15
L01356,2024-09-04,Rhein Polymer GmbH,Precision Assembly,93,60.46,31,Spot buy,North,5622.78
L04904,2024-09-04,Nordic Steel Co.,Cast Housing,182,12.68,23,Spot buy,South,2307.76
L03391,2024-09-04,Perez Castings S.A.,Cast Housing,123,7.63,14,Spot buy,North,938.49
L05322,2024-09-04,Kwan Precision Ltd.,Precision Assembly,143,83.43,25,Spot buy,South,11930.49
L01621,2024-09-04,Rhein Polymer GmbH,Cast Housing,33,11.22,28,Blanket release,North,370.26
L03919,2024-09-04,Perez Castings S.A.,Cast Housing,20,9.86,33,Blanket release,South,197.2
L00788,2024-09-04,Rhein Polymer GmbH,Cast Housing,224,9.06,28,Blanket release,North,2029.44
L05384,2024-09-04,Alpha Fasteners Inc.,Formed Wire,114,2.82,24,Spot buy,North,321.48
L01820,2024-09-04,Kwan Precision Ltd.,Cast Housing,119,18.4,29,Spot buy,North,2189.6
L05796,2024-09-04,Rhein Polymer GmbH,Cast Housing,75,17.15,2,Spot buy,North,1286.25
L06362,2024-09-04,Nordic Steel Co.,Formed Wire,24,4.21,4,Blanket release,South,101.04
L04270,2024-09-04,Britewire Ltd.,Formed Wire,209,2.55,16,Blanket release,South,532.95
L06038,2024-09-04,Alpha Fasteners Inc.,Fastener,77,1.5,14,Spot buy,North,115.5
L06131,2024-09-04,Britewire Ltd.,Formed Wire,151,2.11,31,Spot buy,North,318.61
L03050,2024-09-04,Alpha Fasteners Inc.,Fastener,40,1.49,29,Spot buy,South,59.6
L06781,2024-09-04,Perez Castings S.A.,Cast Housing,189,5.22,35,Blanket release,North,986.58
L03936,2024-09-04,Britewire Ltd.,Formed Wire,12,4.47,26,Blanket release,South,53.64
L00611,2024-09-04,Nordic Steel Co.,Cast Housing,244,8.22,27,Blanket release,North,2005.68
L06351,2024-09-04,Britewire Ltd.,Fastener,11,4.24,14,Spot buy,North,46.64
L06365,2024-09-04,Perez Castings S.A.,Precision Assembly,1916,36.91,25,Blanket release,South,70719.56
L02590,2024-09-04,Sato Industrial K.K.,Precision Assembly,346,40.3,23,Spot buy,South,13943.8
L01835,2024-09-04,Nordic Steel Co.,Formed Wire,21,6.49,17,Spot buy,South,136.29
L04259,2024-09-04,Nordic Steel Co.,Formed Wire,20,4.88,17,Blanket release,North,97.6
L01838,2024-09-04,Nordic Steel Co.,Cast Housing,332,10.33,15,Spot buy,South,3429.56
L02321,2024-09-04,Alpha Fasteners Inc.,Fastener,6,2.48,2,Blanket release,North,14.88
L02899,2024-09-04,Britewire Ltd.,Fastener,42,2.69,23,Spot buy,North,112.98
L03894,2024-09-04,Alpha Fasteners Inc.,Fastener,12,1.67,31,Blanket release,North,20.04
L06870,2024-09-04,Britewire Ltd.,Fastener,54,2.0,30,Spot buy,South,108.0
L05813,2024-09-04,Perez Castings S.A.,Cast Housing,1178,9.45,20,Blanket release,South,11132.1
L07107,2024-09-04,Alpha Fasteners Inc.,Fastener,88,1.61,28,Spot buy,South,141.68
L00336,2024-09-04,Kwan Precision Ltd.,Cast Housing,34,12.09,39,Spot buy,North,411.06
L06350,2024-09-04,Britewire Ltd.,Formed Wire,133,3.29,2,Blanket release,North,437.57
L01611,2024-09-04,Alpha Fasteners Inc.,Fastener,68,1.19,42,Spot buy,South,80.92
L01678,2024-09-04,Britewire Ltd.,Fastener,108,1.25,20,Blanket release,North,135.0
L01386,2024-09-04,Britewire Ltd.,Fastener,56,1.85,8,Spot buy,South,103.6
L03435,2024-09-04,Rhein Polymer GmbH,Cast Housing,614,10.06,2,Blanket release,North,6176.84
L05860,2024-09-04,Britewire Ltd.,Formed Wire,83,4.04,33,Blanket release,North,335.32
L04489,2024-09-04,Britewire Ltd.,Formed Wire,288,3.1,23,Spot buy,South,892.8
L01152,2024-09-04,Rhein Polymer GmbH,Precision Assembly,582,50.11,30,Blanket release,South,29164.02
L05521,2024-09-04,Nordic Steel Co.,Formed Wire,51,5.5,39,Spot buy,North,280.5
L05266,2024-09-04,Britewire Ltd.,Formed Wire,31,3.78,30,Blanket release,South,117.18
L04484,2024-09-04,Rhein Polymer GmbH,Precision Assembly,715,40.72,33,Blanket release,South,29114.8
L05089,2024-09-04,Sato Industrial K.K.,Precision Assembly,194,50.32,31,Blanket release,North,9762.08
L00126,2024-09-04,Meridian Tooling (internal),Cast Housing,244,5.51,19,Blanket release,South,1344.44
L01610,2024-09-04,Britewire Ltd.,Fastener,37,2.62,20,Spot buy,South,96.94
L05481,2024-09-04,Alpha Fasteners Inc.,Fastener,13,6.93,3,Spot buy,South,90.09
L05084,2024-09-04,Nordic Steel Co.,Cast Housing,300,7.49,36,Blanket release,North,2247.0
L06772,2024-09-04,Nordic Steel Co.,Formed Wire,49,4.39,37,Blanket release,North,215.11
L04799,2024-09-04,Nordic Steel Co.,Formed Wire,177,4.08,31,Blanket release,South,722.16
L03240,2024-09-04,Alpha Fasteners Inc.,Fastener,121,1.95,22,Spot buy,South,235.95
L04716,2024-09-04,Rhein Polymer GmbH,Cast Housing,159,13.95,26,Spot buy,South,2218.05
L06637,2024-09-04,Kwan Precision Ltd.,Cast Housing,589,10.26,15,Spot buy,North,6043.14
L04007,2024-09-04,Nordic Steel Co.,Formed Wire,83,2.6,27,Blanket release,South,215.8
L03745,2024-09-04,Meridian Tooling (internal),Cast Housing,599,4.65,7,Blanket release,North,2785.35
L05556,2024-09-04,Nordic Steel Co.,Cast Housing,192,8.17,23,Spot buy,South,1568.64
L06440,2024-09-04,Britewire Ltd.,Formed Wire,72,4.82,26,Spot buy,North,347.04
L07951,2024-09-04,Britewire Ltd.,Fastener,13,1.54,32,Spot buy,North,20.02
L05286,2024-09-04,Alpha Fasteners Inc.,Formed Wire,55,4.67,17,Blanket release,South,256.85
L06434,2024-09-04,Perez Castings S.A.,Cast Housing,164,7.18,16,Blanket release,South,1177.52
L06304,2024-09-04,Alpha Fasteners Inc.,Fastener,158,0.98,34,Spot buy,North,154.84
L03156,2024-09-04,Alpha Fasteners Inc.,Fastener,25,1.74,33,Spot buy,North,43.5
L00476,2024-09-04,Britewire Ltd.,Fastener,4,4.25,20,Spot buy,South,17.0
L07479,2024-09-04,Nordic Steel Co.,Formed Wire,242,2.17,22,Spot buy,North,525.14
L04892,2024-09-04,Kwan Precision Ltd.,Cast Housing,113,12.06,14,Blanket release,South,1362.78
L06819,2024-09-04,Rhein Polymer GmbH,Cast Housing,31,21.63,31,Blanket release,North,670.53
L01881,2024-09-04,Kwan Precision Ltd.,Cast Housing,35,17.42,29,Blanket release,South,609.7
L05075,2024-09-04,Britewire Ltd.,Fastener,40,1.41,8,Blanket release,North,56.4
L00370,2024-09-04,Rhein Polymer GmbH,Precision Assembly,576,38.42,22,Blanket release,North,22129.92
L04439,2024-09-04,Britewire Ltd.,Fastener,62,0.84,29,Blanket release,North,52.08
L02911,2024-09-04,Alpha Fasteners Inc.,Fastener,26,2.16,31,Spot buy,South,56.16
L03276,2024-09-04,Perez Castings S.A.,Cast Housing,83,19.68,33,Spot buy,South,1633.44
L02693,2024-09-04,Alpha Fasteners Inc.,Fastener,89,1.06,29,Blanket release,North,94.34
L04511,2024-09-04,Alpha Fasteners Inc.,Formed Wire,174,2.2,34,Blanket release,North,382.8
L06325,2024-09-04,Britewire Ltd.,Formed Wire,38,5.38,28,Spot buy,North,204.44
L06097,2024-09-04,Alpha Fasteners Inc.,Fastener,19,2.7,6,Spot buy,South,51.3
L06507,2024-09-04,Kwan Precision Ltd.,Precision Assembly,361,23.86,41,Spot buy,North,8613.46
L07430,2024-09-04,Britewire Ltd.,Fastener,24,2.29,23,Spot buy,South,54.96
L05080,2024-09-04,Kwan Precision Ltd.,Cast Housing,109,11.64,17,Spot buy,North,1268.76
L01723,2024-09-04,Alpha Fasteners Inc.,Formed Wire,37,4.45,30,Blanket release,North,164.65
L06630,2024-09-04,Kwan Precision Ltd.,Precision Assembly,680,29.05,24,Spot buy,North,19754.0
L01724,2024-09-04,Alpha Fasteners Inc.,Fastener,12,3.08,29,Spot buy,South,36.96
L05691,2024-09-04,Kwan Precision Ltd.,Cast Housing,27,9.74,21,Spot buy,North,262.98
L04682,2024-09-04,Alpha Fasteners Inc.,Fastener,108,1.66,23,Spot buy,South,179.28
L06817,2024-09-04,Britewire Ltd.,Fastener,11,1.56,31,Spot buy,South,17.16
L03532,2024-09-04,Rhein Polymer GmbH,Precision Assembly,3401,32.58,26,Blanket release,North,110804.58
L03403,2024-09-04,Rhein Polymer GmbH,Cast Housing,140,8.4,15,Blanket release,North,1176.0
L05905,2024-09-05,Britewire Ltd.,Fastener,23,1.36,41,Spot buy,North,31.28
L04556,2024-09-05,Alpha Fasteners Inc.,Fastener,12,3.78,23,Spot buy,South,45.36
L01585,2024-09-05,Britewire Ltd.,Fastener,38,1.56,15,Spot buy,North,59.28
L01344,2024-09-05,Nordic Steel Co.,Formed Wire,3,9.73,25,Blanket release,South,29.19
L04542,2024-09-05,Rhein Polymer GmbH,Cast Housing,43,10.41,6,Blanket release,North,447.63
L05910,2024-09-05,Kwan Precision Ltd.,Cast Housing,240,11.6,30,Spot buy,South,2784.0
L04229,2024-09-05,Britewire Ltd.,Formed Wire,287,2.6,19,Spot buy,South,746.2
L02838,2024-09-05,Nordic Steel Co.,Cast Housing,101,13.13,21,Spot buy,North,1326.13
L00242,2024-09-05,Perez Castings S.A.,Cast Housing,171,12.28,25,Blanket release,South,2099.88
L07470,2024-09-05,Britewire Ltd.,Formed Wire,18,3.78,16,Blanket release,North,68.04
L02745,2024-09-05,Britewire Ltd.,Fastener,48,1.74,23,Spot buy,North,83.52
L04056,2024-09-05,Rhein Polymer GmbH,Cast Housing,862,6.35,22,Spot buy,North,5473.7
L06073,2024-09-05,Meridian Tooling (internal),Precision Assembly,335,16.37,37,Blanket release,North,5483.95
L01452,2024-09-05,Alpha Fasteners Inc.,Fastener,9,3.14,13,Spot buy,North,28.26
L06170,2024-09-05,Nordic Steel Co.,Formed Wire,424,2.11,20,Spot buy,South,894.64
L04050,2024-09-05,Kwan Precision Ltd.,Precision Assembly,157,57.81,29,Blanket release,South,9076.17
L06072,2024-09-05,Alpha Fasteners Inc.,Formed Wire,102,2.04,28,Spot buy,South,208.08
L03943,2024-09-05,Rhein Polymer GmbH,Cast Housing,219,13.09,11,Blanket release,South,2866.71
L01559,2024-09-05,Alpha Fasteners Inc.,Fastener,5,5.48,23,Spot buy,South,27.4
L02667,2024-09-05,Perez Castings S.A.,Cast Housing,164,13.06,44,Spot buy,North,2141.84
L06748,2024-09-05,Alpha Fasteners Inc.,Fastener,30,1.76,19,Spot buy,North,52.8
L07593,2024-09-05,Rhein Polymer GmbH,Cast Housing,171,7.43,23,Blanket release,North,1270.53
L04140,2024-09-05,Perez Castings S.A.,Precision Assembly,248,45.78,22,Spot buy,North,11353.44
L02671,2024-09-05,Perez Castings S.A.,Precision Assembly,271,40.94,47,Spot buy,South,11094.74
L01607,2024-09-05,Britewire Ltd.,Fastener,11,1.84,34,Spot buy,South,20.24
L02728,2024-09-05,Alpha Fasteners Inc.,Fastener,99,1.11,7,Spot buy,South,109.89
L04155,2024-09-05,Britewire Ltd.,Fastener,44,2.08,39,Spot buy,South,91.52
L02682,2024-09-05,Britewire Ltd.,Formed Wire,441,2.61,27,Spot buy,North,1151.01
L03996,2024-09-05,Rhein Polymer GmbH,Precision Assembly,391,39.69,48,Blanket release,North,15518.79
L05153,2024-09-05,Britewire Ltd.,Fastener,67,1.37,25,Spot buy,North,91.79
L03041,2024-09-05,Alpha Fasteners Inc.,Fastener,9,2.72,20,Spot buy,North,24.48
L07256,2024-09-05,Rhein Polymer GmbH,Cast Housing,36,18.45,33,Spot buy,South,664.2
L02515,2024-09-05,Nordic Steel Co.,Formed Wire,476,2.49,12,Blanket release,North,1185.24
L03829,2024-09-05,Alpha Fasteners Inc.,Formed Wire,119,5.08,37,Blanket release,North,604.52
L05486,2024-09-05,Perez Castings S.A.,Cast Housing,844,9.82,23,Blanket release,North,8288.08
L04910,2024-09-05,Rhein Polymer GmbH,Precision Assembly,507,50.59,23,Blanket release,South,25649.13
L03837,2024-09-05,Alpha Fasteners Inc.,Formed Wire,94,3.12,20,Spot buy,North,293.28
L07714,2024-09-05,Britewire Ltd.,Fastener,32,2.65,20,Spot buy,North,84.8
L00616,2024-09-05,Alpha Fasteners Inc.,Formed Wire,9,2.68,25,Blanket release,South,24.12
L03272,2024-09-05,Britewire Ltd.,Fastener,99,2.21,31,Spot buy,North,218.79
L07044,2024-09-05,Nordic Steel Co.,Formed Wire,100,4.03,19,Blanket release,South,403.0
L00630,2024-09-05,Alpha Fasteners Inc.,Formed Wire,277,2.26,23,Spot buy,South,626.02
L06964,2024-09-05,Alpha Fasteners Inc.,Formed Wire,192,3.57,15,Spot buy,South,685.44
L00635,2024-09-05,Britewire Ltd.,Fastener,13,1.84,17,Spot buy,North,23.92
L00376,2024-09-05,Britewire Ltd.,Fastener,16,2.35,17,Spot buy,South,37.6
L01929,2024-09-05,Nordic Steel Co.,Formed Wire,22,5.13,21,Spot buy,North,112.86
L02090,2024-09-05,Perez Castings S.A.,Cast Housing,166,11.89,18,Spot buy,North,1973.74
L03099,2024-09-05,Rhein Polymer GmbH,Cast Housing,131,15.07,17,Blanket release,South,1974.17
L02091,2024-09-05,Kwan Precision Ltd.,Cast Housing,502,9.09,26,Blanket release,South,4563.18
L03108,2024-09-05,Alpha Fasteners Inc.,Fastener,15,2.84,20,Blanket release,South,42.6
L00951,2024-09-05,Nordic Steel Co.,Cast Housing,603,11.55,20,Spot buy,South,6964.65
L04714,2024-09-05,Britewire Ltd.,Formed Wire,469,2.04,17,Blanket release,North,956.76
L03262,2024-09-05,Alpha Fasteners Inc.,Formed Wire,95,3.98,16,Blanket release,South,378.1
L02465,2024-09-05,Kwan Precision Ltd.,Cast Housing,64,13.03,25,Blanket release,North,833.92
L01968,2024-09-05,Alpha Fasteners Inc.,Formed Wire,192,3.78,19,Blanket release,North,725.76
L05619,2024-09-05,Britewire Ltd.,Formed Wire,39,4.08,17,Blanket release,North,159.12
L00501,2024-09-05,Perez Castings S.A.,Cast Housing,260,8.0,33,Blanket release,South,2080.0
L05564,2024-09-05,Rhein Polymer GmbH,Precision Assembly,2542,40.35,33,Blanket release,South,102569.7
L03743,2024-09-05,Rhein Polymer GmbH,Cast Housing,127,16.26,20,Spot buy,South,2065.02
L01100,2024-09-05,Rhein Polymer GmbH,Cast Housing,517,10.63,31,Spot buy,North,5495.71
L02408,2024-09-05,Kwan Precision Ltd.,Precision Assembly,83,47.99,29,Blanket release,South,3983.17
L04871,2024-09-05,Alpha Fasteners Inc.,Formed Wire,29,4.55,10,Spot buy,North,131.95
L03237,2024-09-05,Britewire Ltd.,Fastener,54,1.93,35,Blanket release,North,104.22
L03739,2024-09-05,Alpha Fasteners Inc.,Formed Wire,43,2.31,23,Blanket release,South,99.33
L00544,2024-09-05,Britewire Ltd.,Formed Wire,54,2.95,18,Blanket release,North,159.3
L00418,2024-09-05,Alpha Fasteners Inc.,Fastener,74,1.53,25,Spot buy,North,113.22
L02400,2024-09-05,Alpha Fasteners Inc.,Fastener,35,1.65,23,Spot buy,North,57.75
L03259,2024-09-05,Kwan Precision Ltd.,Cast Housing,130,9.74,31,Blanket release,South,1266.2
L07627,2024-09-05,Britewire Ltd.,Fastener,27,2.5,14,Spot buy,South,67.5
L04869,2024-09-05,Perez Castings S.A.,Cast Housing,167,8.64,29,Blanket release,North,1442.88
L01210,2024-09-05,Alpha Fasteners Inc.,Fastener,37,1.78,20,Spot buy,North,65.86
L04727,2024-09-05,Sato Industrial K.K.,Precision Assembly,243,40.49,26,Blanket release,South,9839.07
L02101,2024-09-05,Alpha Fasteners Inc.,Fastener,12,1.17,42,Spot buy,North,14.04
L01926,2024-09-05,Kwan Precision Ltd.,Precision Assembly,413,41.65,34,Blanket release,South,17201.45
L00745,2024-09-05,Kwan Precision Ltd.,Precision Assembly,118,48.41,42,Blanket release,North,5712.38
L04606,2024-09-05,Britewire Ltd.,Formed Wire,83,3.36,7,Blanket release,North,278.88
L00335,2024-09-05,Britewire Ltd.,Fastener,14,2.95,17,Spot buy,South,41.3
L03523,2024-09-05,Alpha Fasteners Inc.,Fastener,104,1.4,34,Spot buy,South,145.6
L07782,2024-09-05,Nordic Steel Co.,Cast Housing,1857,11.31,13,Spot buy,South,21002.67
L02597,2024-09-05,Rhein Polymer GmbH,Cast Housing,810,7.1,25,Spot buy,South,5751.0
L02294,2024-09-05,Sato Industrial K.K.,Precision Assembly,59,49.86,38,Blanket release,North,2941.74
L03880,2024-09-05,Britewire Ltd.,Fastener,40,2.91,13,Spot buy,South,116.4
L05101,2024-09-05,Britewire Ltd.,Fastener,34,0.96,22,Spot buy,North,32.64
L02173,2024-09-05,Kwan Precision Ltd.,Cast Housing,392,9.19,30,Blanket release,South,3602.48
L00841,2024-09-05,Britewire Ltd.,Fastener,119,1.29,18,Blanket release,South,153.51
L07645,2024-09-05,Britewire Ltd.,Formed Wire,306,2.02,20,Blanket release,South,618.12
L05289,2024-09-05,Meridian Tooling (internal),Precision Assembly,117,22.48,31,Blanket release,South,2630.16
L07758,2024-09-05,Alpha Fasteners Inc.,Formed Wire,35,3.21,11,Blanket release,South,112.35
L05086,2024-09-05,Alpha Fasteners Inc.,Fastener,14,3.84,18,Spot buy,South,53.76
L05088,2024-09-05,Britewire Ltd.,Formed Wire,105,3.53,15,Blanket release,North,370.65
L03593,2024-09-05,Alpha Fasteners Inc.,Formed Wire,249,4.1,24,Blanket release,South,1020.9
L05364,2024-09-05,Britewire Ltd.,Fastener,27,1.95,20,Spot buy,South,52.65
L01252,2024-09-05,Alpha Fasteners Inc.,Formed Wire,147,2.71,11,Blanket release,North,398.37
L02565,2024-09-05,Perez Castings S.A.,Cast Housing,144,7.36,16,Blanket release,North,1059.84
L06932,2024-09-05,Perez Castings S.A.,Cast Housing,195,7.05,36,Blanket release,South,1374.75
L00820,2024-09-05,Nordic Steel Co.,Formed Wire,79,2.75,23,Blanket release,North,217.25
L07344,2024-09-05,Nordic Steel Co.,Formed Wire,22,3.47,31,Blanket release,South,76.34
L07887,2024-09-05,Rhein Polymer GmbH,Precision Assembly,348,47.01,30,Spot buy,North,16359.48
L05928,2024-09-06,Alpha Fasteners Inc.,Fastener,9,2.04,23,Spot buy,North,18.36
L03472,2024-09-06,Alpha Fasteners Inc.,Fastener,74,1.35,22,Spot buy,North,99.9
L04423,2024-09-06,Nordic Steel Co.,Formed Wire,17,6.22,12,Spot buy,South,105.74
L01151,2024-09-06,Britewire Ltd.,Fastener,26,3.29,25,Spot buy,South,85.54
L07581,2024-09-06,Britewire Ltd.,Formed Wire,68,3.96,25,Spot buy,North,269.28
L06138,2024-09-06,Nordic Steel Co.,Formed Wire,20,4.91,26,Blanket release,North,98.2
L06920,2024-09-06,Rhein Polymer GmbH,Precision Assembly,168,28.88,9,Spot buy,South,4851.84
L07671,2024-09-06,Sato Industrial K.K.,Precision Assembly,955,49.31,31,Spot buy,South,47091.05
L00784,2024-09-06,Alpha Fasteners Inc.,Formed Wire,20,6.2,16,Spot buy,North,124.0
L00539,2024-09-06,Kwan Precision Ltd.,Precision Assembly,586,30.85,31,Spot buy,North,18078.1
L05934,2024-09-06,Rhein Polymer GmbH,Cast Housing,208,12.17,13,Blanket release,South,2531.36
L00760,2024-09-06,Britewire Ltd.,Fastener,64,1.46,21,Blanket release,South,93.44
L01443,2024-09-06,Nordic Steel Co.,Cast Housing,177,7.62,23,Blanket release,North,1348.74
L04845,2024-09-06,Britewire Ltd.,Formed Wire,48,4.47,26,Spot buy,North,214.56
L01609,2024-09-06,Perez Castings S.A.,Cast Housing,40,8.1,24,Blanket release,North,324.0
L02226,2024-09-06,Perez Castings S.A.,Cast Housing,570,6.18,23,Blanket release,South,3522.6
L05566,2024-09-06,Alpha Fasteners Inc.,Formed Wire,121,3.12,6,Blanket release,North,377.52
L05014,2024-09-06,Rhein Polymer GmbH,Cast Housing,318,8.92,28,Blanket release,North,2836.56
L01649,2024-09-06,Britewire Ltd.,Fastener,67,1.81,31,Spot buy,South,121.27
L04286,2024-09-06,Alpha Fasteners Inc.,Fastener,43,2.39,29,Spot buy,South,102.77
L06878,2024-09-06,Alpha Fasteners Inc.,Formed Wire,104,2.26,34,Blanket release,North,235.04
L02092,2024-09-06,Alpha Fasteners Inc.,Formed Wire,50,2.49,25,Blanket release,South,124.5
L02289,2024-09-06,Sato Industrial K.K.,Precision Assembly,117,35.2,50,Blanket release,South,4118.4
L07730,2024-09-06,Alpha Fasteners Inc.,Formed Wire,49,2.37,27,Blanket release,North,116.13
L07968,2024-09-06,Alpha Fasteners Inc.,Formed Wire,82,2.9,20,Spot buy,North,237.8
L06457,2024-09-06,Nordic Steel Co.,Formed Wire,74,2.47,11,Spot buy,North,182.78
L05048,2024-09-06,Rhein Polymer GmbH,Precision Assembly,586,41.92,28,Spot buy,South,24565.12
L07294,2024-09-06,Nordic Steel Co.,Cast Housing,205,9.36,16,Blanket release,North,1918.8
L02148,2024-09-06,Britewire Ltd.,Formed Wire,120,3.26,36,Blanket release,North,391.2
L06080,2024-09-06,Kwan Precision Ltd.,Cast Housing,158,10.59,26,Blanket release,North,1673.22
L04225,2024-09-06,Alpha Fasteners Inc.,Fastener,11,2.75,12,Spot buy,North,30.25
L05436,2024-09-06,Britewire Ltd.,Fastener,52,1.48,15,Blanket release,North,76.96
L06005,2024-09-06,Nordic Steel Co.,Formed Wire,18,2.87,24,Blanket release,North,51.66
L02333,2024-09-06,Alpha Fasteners Inc.,Fastener,23,1.84,7,Spot buy,North,42.32
L01706,2024-09-06,Alpha Fasteners Inc.,Formed Wire,43,2.75,9,Blanket release,North,118.25
L05995,2024-09-06,Rhein Polymer GmbH,Cast Housing,440,12.82,29,Spot buy,North,5640.8
L06441,2024-09-06,Kwan Precision Ltd.,Precision Assembly,103,48.91,38,Blanket release,North,5037.73
L07704,2024-09-06,Rhein Polymer GmbH,Precision Assembly,437,45.44,31,Spot buy,North,19857.28
L06946,2024-09-06,Alpha Fasteners Inc.,Formed Wire,39,3.82,27,Spot buy,South,148.98
L02256,2024-09-06,Alpha Fasteners Inc.,Fastener,113,1.49,33,Spot buy,South,168.37
L06174,2024-09-06,Britewire Ltd.,Fastener,24,2.24,21,Spot buy,North,53.76
L02390,2024-09-06,Britewire Ltd.,Formed Wire,37,2.34,21,Blanket release,North,86.58
L05291,2024-09-06,Kwan Precision Ltd.,Precision Assembly,605,29.08,36,Blanket release,South,17593.4
L04088,2024-09-06,Alpha Fasteners Inc.,Formed Wire,213,2.56,26,Blanket release,North,545.28
L01727,2024-09-06,Britewire Ltd.,Fastener,189,1.31,18,Blanket release,North,247.59
L02994,2024-09-06,Kwan Precision Ltd.,Precision Assembly,1504,45.09,15,Spot buy,North,67815.36
L04741,2024-09-06,Alpha Fasteners Inc.,Fastener,23,1.68,18,Blanket release,North,38.64
L05671,2024-09-06,Meridian Tooling (internal),Cast Housing,389,5.97,37,Spot buy,North,2322.33
L05721,2024-09-06,Sato Industrial K.K.,Precision Assembly,603,38.15,40,Spot buy,North,23004.45
L03148,2024-09-06,Rhein Polymer GmbH,Cast Housing,297,10.82,20,Blanket release,North,3213.54
L07191,2024-09-06,Nordic Steel Co.,Cast Housing,48,17.02,27,Spot buy,North,816.96
L03162,2024-09-06,Britewire Ltd.,Fastener,416,0.73,34,Blanket release,North,303.68
L06569,2024-09-06,Britewire Ltd.,Formed Wire,278,2.87,7,Blanket release,South,797.86
L00425,2024-09-06,Britewire Ltd.,Formed Wire,203,2.05,46,Blanket release,North,416.15
L02624,2024-09-06,Alpha Fasteners Inc.,Fastener,45,1.35,23,Spot buy,North,60.75
L01786,2024-09-06,Alpha Fasteners Inc.,Formed Wire,213,2.31,22,Blanket release,North,492.03
L03868,2024-09-06,Nordic Steel Co.,Formed Wire,136,3.39,11,Spot buy,South,461.04
L07017,2024-09-06,Britewire Ltd.,Fastener,2,2.08,26,Blanket release,South,4.16
L01355,2024-09-06,Nordic Steel Co.,Formed Wire,31,4.36,25,Blanket release,South,135.16
L00271,2024-09-06,Alpha Fasteners Inc.,Fastener,26,2.1,16,Blanket release,North,54.6
L04519,2024-09-06,Rhein Polymer GmbH,Cast Housing,1791,6.9,22,Spot buy,North,12357.9
L07045,2024-09-06,Nordic Steel Co.,Formed Wire,131,3.81,22,Spot buy,North,499.11
L00375,2024-09-06,Sato Industrial K.K.,Precision Assembly,744,47.1,33,Spot buy,North,35042.4
L02975,2024-09-06,Kwan Precision Ltd.,Cast Housing,357,11.53,25,Spot buy,South,4116.21
L01886,2024-09-06,Britewire Ltd.,Formed Wire,37,2.73,27,Spot buy,North,101.01
L01176,2024-09-06,Britewire Ltd.,Fastener,14,3.33,21,Blanket release,South,46.62
L05806,2024-09-06,Kwan Precision Ltd.,Precision Assembly,396,40.17,32,Spot buy,North,15907.32
L00239,2024-09-06,Nordic Steel Co.,Cast Housing,31,17.46,23,Blanket release,South,541.26
L05809,2024-09-06,Perez Castings S.A.,Cast Housing,276,7.59,24,Blanket release,North,2094.84
L02589,2024-09-06,Meridian Tooling (internal),Cast Housing,189,7.28,20,Spot buy,South,1375.92
L01258,2024-09-06,Kwan Precision Ltd.,Precision Assembly,198,33.77,29,Blanket release,South,6686.46
L00282,2024-09-06,Nordic Steel Co.,Formed Wire,16,5.12,25,Blanket release,North,81.92
L02511,2024-09-07,Britewire Ltd.,Fastener,42,1.98,8,Spot buy,North,83.16
L07699,2024-09-07,Britewire Ltd.,Formed Wire,53,4.26,19,Spot buy,North,225.78
L04612,2024-09-07,Rhein Polymer GmbH,Precision Assembly,250,56.77,27,Blanket release,South,14192.5
L03344,2024-09-07,Britewire Ltd.,Fastener,98,1.2,20,Spot buy,North,117.6
L03363,2024-09-07,Rhein Polymer GmbH,Cast Housing,176,13.59,4,Blanket release,South,2391.84
L02504,2024-09-07,Alpha Fasteners Inc.,Fastener,4,1.27,25,Spot buy,South,5.08
L06877,2024-09-07,Sato Industrial K.K.,Precision Assembly,396,58.8,32,Spot buy,South,23284.8
L05032,2024-09-07,Kwan Precision Ltd.,Precision Assembly,651,50.06,45,Spot buy,North,32589.06
L05973,2024-09-07,Nordic Steel Co.,Formed Wire,207,2.13,20,Spot buy,South,440.91
L07890,2024-09-07,Alpha Fasteners Inc.,Fastener,13,2.79,19,Spot buy,North,36.27
L05483,2024-09-07,Alpha Fasteners Inc.,Formed Wire,16,10.54,18,Blanket release,North,168.64
L04891,2024-09-07,Meridian Tooling (internal),Cast Housing,140,4.65,7,Blanket release,North,651.0
L02053,2024-09-07,Kwan Precision Ltd.,Precision Assembly,146,55.45,27,Blanket release,South,8095.7
L03113,2024-09-07,Rhein Polymer GmbH,Cast Housing,323,11.91,28,Spot buy,North,3846.93
L05725,2024-09-07,Britewire Ltd.,Fastener,82,1.94,55,Blanket release,North,159.08
L00612,2024-09-07,Britewire Ltd.,Fastener,6,3.54,34,Blanket release,North,21.24
L07986,2024-09-07,Rhein Polymer GmbH,Precision Assembly,667,47.52,31,Spot buy,South,31695.84
L07384,2024-09-07,Kwan Precision Ltd.,Precision Assembly,730,41.04,38,Spot buy,North,29959.2
L00608,2024-09-07,Kwan Precision Ltd.,Cast Housing,799,13.42,10,Blanket release,South,10722.58
L04932,2024-09-07,Britewire Ltd.,Formed Wire,50,4.54,27,Blanket release,North,227.0
L01715,2024-09-07,Rhein Polymer GmbH,Cast Housing,336,15.97,18,Spot buy,North,5365.92
L00907,2024-09-07,Nordic Steel Co.,Formed Wire,14,4.34,26,Blanket release,North,60.76
L04692,2024-09-07,Kwan Precision Ltd.,Precision Assembly,932,32.6,31,Spot buy,South,30383.2
L06000,2024-09-07,Rhein Polymer GmbH,Cast Housing,468,11.04,25,Blanket release,North,5166.72
L04344,2024-09-07,Perez Castings S.A.,Cast Housing,39,11.79,9,Spot buy,North,459.81
L03832,2024-09-07,Britewire Ltd.,Formed Wire,102,2.94,21,Spot buy,North,299.88
L05472,2024-09-07,Nordic Steel Co.,Formed Wire,41,5.31,7,Spot buy,North,217.71
L07822,2024-09-07,Kwan Precision Ltd.,Cast Housing,17,23.26,32,Spot buy,North,395.42
L02152,2024-09-07,Britewire Ltd.,Fastener,136,0.79,23,Blanket release,North,107.44
L06658,2024-09-07,Britewire Ltd.,Fastener,12,3.64,20,Spot buy,South,43.68
L06149,2024-09-07,Britewire Ltd.,Fastener,29,2.79,21,Spot buy,North,80.91
L00961,2024-09-07,Rhein Polymer GmbH,Cast Housing,200,7.77,7,Spot buy,North,1554.0
L01053,2024-09-07,Alpha Fasteners Inc.,Fastener,15,1.18,23,Spot buy,North,17.7
L02731,2024-09-07,Kwan Precision Ltd.,Precision Assembly,133,42.59,19,Spot buy,North,5664.47
L00156,2024-09-07,Alpha Fasteners Inc.,Fastener,121,2.31,26,Spot buy,North,279.51
L07648,2024-09-07,Alpha Fasteners Inc.,Formed Wire,74,3.47,10,Blanket release,South,256.78
L03754,2024-09-07,Britewire Ltd.,Fastener,19,2.79,4,Spot buy,South,53.01
L02484,2024-09-07,Perez Castings S.A.,Cast Housing,77,13.35,32,Spot buy,North,1027.95
L00504,2024-09-07,Britewire Ltd.,Formed Wire,38,3.91,12,Spot buy,North,148.58
L06419,2024-09-07,Alpha Fasteners Inc.,Fastener,13,2.14,21,Blanket release,South,27.82
L00774,2024-09-07,Alpha Fasteners Inc.,Fastener,7,3.92,20,Spot buy,North,27.44
L04753,2024-09-07,Britewire Ltd.,Fastener,76,1.94,20,Blanket release,North,147.44
L01755,2024-09-07,Britewire Ltd.,Fastener,30,2.08,10,Spot buy,North,62.4
L05513,2024-09-07,Alpha Fasteners Inc.,Fastener,18,1.61,12,Spot buy,South,28.98
L01753,2024-09-07,Britewire Ltd.,Formed Wire,38,2.49,25,Blanket release,North,94.62
L00817,2024-09-07,Perez Castings S.A.,Precision Assembly,180,30.42,32,Spot buy,South,5475.6
L01177,2024-09-07,Alpha Fasteners Inc.,Fastener,14,2.41,16,Spot buy,South,33.74
L00490,2024-09-07,Perez Castings S.A.,Precision Assembly,170,24.44,34,Blanket release,South,4154.8
L02956,2024-09-07,Britewire Ltd.,Formed Wire,74,3.21,31,Spot buy,North,237.54
L05187,2024-09-07,Britewire Ltd.,Fastener,10,4.31,30,Spot buy,South,43.1
L01942,2024-09-07,Rhein Polymer GmbH,Cast Housing,359,14.97,14,Spot buy,North,5374.23
L07188,2024-09-07,Britewire Ltd.,Fastener,53,1.41,26,Spot buy,North,74.73
L05782,2024-09-07,Alpha Fasteners Inc.,Formed Wire,52,3.43,20,Blanket release,North,178.36
L00301,2024-09-07,Alpha Fasteners Inc.,Formed Wire,31,3.41,37,Spot buy,South,105.71
L00680,2024-09-07,Britewire Ltd.,Formed Wire,35,6.02,29,Spot buy,North,210.7
L01420,2024-09-07,Britewire Ltd.,Fastener,3,2.06,31,Spot buy,North,6.18
L02709,2024-09-07,Kwan Precision Ltd.,Precision Assembly,148,39.84,27,Spot buy,South,5896.32
L03814,2024-09-07,Alpha Fasteners Inc.,Fastener,240,1.04,22,Blanket release,South,249.6
L01911,2024-09-07,Britewire Ltd.,Fastener,28,2.56,21,Spot buy,South,71.68
L02162,2024-09-07,Alpha Fasteners Inc.,Fastener,125,1.17,8,Blanket release,North,146.25
L07393,2024-09-07,Kwan Precision Ltd.,Cast Housing,725,8.19,12,Blanket release,North,5937.75
L04658,2024-09-07,Nordic Steel Co.,Cast Housing,94,18.5,19,Spot buy,North,1739.0
L05883,2024-09-07,Rhein Polymer GmbH,Cast Housing,16,11.16,21,Blanket release,South,178.56
L07141,2024-09-07,Nordic Steel Co.,Formed Wire,343,2.21,20,Blanket release,North,758.03
L06395,2024-09-07,Alpha Fasteners Inc.,Fastener,49,1.03,22,Spot buy,North,50.47
L01645,2024-09-07,Rhein Polymer GmbH,Cast Housing,97,8.43,29,Blanket release,South,817.71
L07503,2024-09-07,Britewire Ltd.,Formed Wire,26,5.57,2,Blanket release,North,144.82
L06112,2024-09-07,Alpha Fasteners Inc.,Fastener,80,1.13,33,Spot buy,South,90.4
L05706,2024-09-07,Nordic Steel Co.,Formed Wire,166,2.87,12,Spot buy,South,476.42
L01664,2024-09-07,Alpha Fasteners Inc.,Formed Wire,288,1.94,15,Blanket release,South,558.72
L00525,2024-09-07,Britewire Ltd.,Formed Wire,34,2.91,12,Blanket release,North,98.94
L02301,2024-09-07,Alpha Fasteners Inc.,Formed Wire,40,2.34,14,Spot buy,South,93.6
L00429,2024-09-07,Nordic Steel Co.,Formed Wire,1652,1.76,22,Spot buy,South,2907.52
L01829,2024-09-07,Sato Industrial K.K.,Precision Assembly,4007,24.71,40,Blanket release,South,99012.97
L04575,2024-09-07,Alpha Fasteners Inc.,Formed Wire,138,2.75,23,Blanket release,South,379.5
L02411,2024-09-07,Alpha Fasteners Inc.,Fastener,19,2.01,22,Spot buy,North,38.19
L04742,2024-09-07,Britewire Ltd.,Fastener,19,1.42,9,Blanket release,North,26.98
L03051,2024-09-07,Perez Castings S.A.,Cast Housing,639,11.13,19,Spot buy,South,7112.07
L02563,2024-09-08,Alpha Fasteners Inc.,Fastener,130,1.65,26,Blanket release,North,214.5
L05034,2024-09-08,Britewire Ltd.,Formed Wire,65,4.65,9,Blanket release,South,302.25
L00699,2024-09-08,Rhein Polymer GmbH,Cast Housing,39,9.57,15,Blanket release,North,373.23
L06688,2024-09-08,Perez Castings S.A.,Cast Housing,176,9.92,16,Spot buy,North,1745.92
L06065,2024-09-08,Kwan Precision Ltd.,Cast Housing,176,7.56,19,Spot buy,North,1330.56
L02461,2024-09-08,Britewire Ltd.,Fastener,131,1.1,22,Spot buy,South,144.1
L01568,2024-09-08,Perez Castings S.A.,Cast Housing,90,17.66,16,Spot buy,North,1589.4
L05228,2024-09-08,Alpha Fasteners Inc.,Fastener,35,1.97,21,Spot buy,North,68.95
L05172,2024-09-08,Rhein Polymer GmbH,Precision Assembly,245,29.44,25,Spot buy,North,7212.8
L01632,2024-09-08,Kwan Precision Ltd.,Precision Assembly,459,48.3,29,Spot buy,North,22169.7
L04545,2024-09-08,Britewire Ltd.,Fastener,41,2.24,28,Spot buy,North,91.84
L06119,2024-09-08,Britewire Ltd.,Fastener,5,2.68,24,Spot buy,North,13.4
L02800,2024-09-08,Perez Castings S.A.,Cast Housing,410,7.79,5,Blanket release,South,3193.9
L00277,2024-09-08,Britewire Ltd.,Formed Wire,100,2.66,22,Blanket release,North,266.0
L03512,2024-09-08,Alpha Fasteners Inc.,Formed Wire,72,3.17,17,Blanket release,South,228.24
L03056,2024-09-08,Rhein Polymer GmbH,Cast Housing,627,11.49,23,Spot buy,North,7204.23
L00758,2024-09-08,Nordic Steel Co.,Formed Wire,42,3.76,18,Blanket release,North,157.92
L03428,2024-09-08,Rhein Polymer GmbH,Precision Assembly,1258,37.48,36,Blanket release,South,47149.84
L02236,2024-09-08,Alpha Fasteners Inc.,Fastener,37,1.54,15,Blanket release,North,56.98
L05133,2024-09-08,Britewire Ltd.,Fastener,61,1.68,30,Spot buy,North,102.48
L06942,2024-09-08,Britewire Ltd.,Formed Wire,44,3.42,2,Blanket release,North,150.48
L06247,2024-09-08,Alpha Fasteners Inc.,Fastener,14,1.99,25,Blanket release,South,27.86
L00030,2024-09-08,Alpha Fasteners Inc.,Fastener,148,2.13,14,Spot buy,South,315.24
L03534,2024-09-08,Britewire Ltd.,Fastener,31,1.43,28,Blanket release,North,44.33
L06248,2024-09-08,Britewire Ltd.,Fastener,25,1.29,4,Spot buy,South,32.25
L05816,2024-09-08,Alpha Fasteners Inc.,Fastener,25,2.11,2,Spot buy,South,52.75
L00740,2024-09-08,Alpha Fasteners Inc.,Fastener,40,0.97,24,Spot buy,North,38.8
L07452,2024-09-08,Kwan Precision Ltd.,Cast Housing,225,10.83,9,Blanket release,North,2436.75
L06779,2024-09-08,Rhein Polymer GmbH,Precision Assembly,138,49.4,23,Spot buy,South,6817.2
L01262,2024-09-08,Alpha Fasteners Inc.,Fastener,114,1.25,19,Spot buy,South,142.5
L05082,2024-09-08,Alpha Fasteners Inc.,Fastener,26,1.53,19,Blanket release,South,39.78
L06442,2024-09-08,Nordic Steel Co.,Formed Wire,57,5.9,30,Blanket release,South,336.3
L03397,2024-09-08,Rhein Polymer GmbH,Cast Housing,67,9.06,20,Spot buy,North,607.02
L02138,2024-09-08,Alpha Fasteners Inc.,Fastener,65,1.27,40,Blanket release,South,82.55
L03017,2024-09-08,Alpha Fasteners Inc.,Formed Wire,249,1.78,27,Spot buy,North,443.22
L00669,2024-09-08,Kwan Precision Ltd.,Cast Housing,72,13.91,23,Blanket release,North,1001.52
L00631,2024-09-08,Rhein Polymer GmbH,Precision Assembly,437,23.03,33,Blanket release,North,10064.11
L00945,2024-09-08,Rhein Polymer GmbH,Precision Assembly,1349,27.43,25,Spot buy,North,37003.07
L03713,2024-09-08,Britewire Ltd.,Fastener,30,2.07,38,Spot buy,South,62.1
L03971,2024-09-08,Kwan Precision Ltd.,Precision Assembly,433,44.07,26,Spot buy,North,19082.31
L06884,2024-09-08,Nordic Steel Co.,Formed Wire,79,5.85,13,Blanket release,North,462.15
L04715,2024-09-08,Alpha Fasteners Inc.,Fastener,17,2.31,27,Blanket release,North,39.27
L05877,2024-09-08,Alpha Fasteners Inc.,Fastener,11,2.46,25,Blanket release,South,27.06
L01088,2024-09-08,Rhein Polymer GmbH,Cast Housing,778,8.4,20,Blanket release,South,6535.2
L01912,2024-09-08,Sato Industrial K.K.,Precision Assembly,546,45.28,47,Spot buy,South,24722.88
L06282,2024-09-08,Britewire Ltd.,Fastener,270,0.99,11,Spot buy,South,267.3
L02402,2024-09-08,Perez Castings S.A.,Cast Housing,92,10.13,27,Blanket release,North,931.96
L05535,2024-09-08,Rhein Polymer GmbH,Precision Assembly,1088,29.85,27,Blanket release,North,32476.8
L02969,2024-09-08,Alpha Fasteners Inc.,Fastener,15,3.4,13,Blanket release,South,51.0
L00135,2024-09-08,Alpha Fasteners Inc.,Formed Wire,55,2.75,25,Blanket release,North,151.25
L04027,2024-09-08,Alpha Fasteners Inc.,Fastener,57,2.41,26,Blanket release,North,137.37
L05540,2024-09-08,Kwan Precision Ltd.,Precision Assembly,1875,31.45,32,Spot buy,North,58968.75
L04402,2024-09-08,Britewire Ltd.,Fastener,61,1.39,32,Spot buy,South,84.79
L05543,2024-09-08,Kwan Precision Ltd.,Precision Assembly,198,34.96,27,Blanket release,South,6922.08
L02715,2024-09-08,Britewire Ltd.,Formed Wire,47,4.17,32,Spot buy,South,195.99
L05904,2024-09-08,Alpha Fasteners Inc.,Fastener,17,1.67,23,Spot buy,North,28.39
L04780,2024-09-08,Perez Castings S.A.,Precision Assembly,706,24.69,41,Blanket release,North,17431.14
L03780,2024-09-08,Alpha Fasteners Inc.,Fastener,18,2.44,28,Spot buy,South,43.92
L02430,2024-09-08,Alpha Fasteners Inc.,Fastener,100,2.06,17,Spot buy,South,206.0
L03216,2024-09-08,Britewire Ltd.,Formed Wire,38,5.65,9,Spot buy,South,214.7
L00493,2024-09-08,Britewire Ltd.,Formed Wire,134,1.95,17,Blanket release,North,261.3
L04361,2024-09-08,Britewire Ltd.,Formed Wire,181,2.04,22,Spot buy,North,369.24
L04821,2024-09-08,Alpha Fasteners Inc.,Fastener,40,2.63,28,Spot buy,North,105.2
L00158,2024-09-08,Nordic Steel Co.,Cast Housing,229,12.96,16,Spot buy,North,2967.84
L01406,2024-09-08,Rhein Polymer GmbH,Precision Assembly,320,28.97,37,Blanket release,North,9270.4
L04425,2024-09-08,Rhein Polymer GmbH,Cast Housing,221,11.0,34,Spot buy,South,2431.0
L05628,2024-09-08,Perez Castings S.A.,Precision Assembly,3105,26.99,23,Spot buy,North,83803.95
L03231,2024-09-08,Britewire Ltd.,Fastener,295,0.73,13,Blanket release,North,215.35
L07684,2024-09-08,Perez Castings S.A.,Precision Assembly,450,21.73,20,Blanket release,North,9778.5
L07842,2024-09-08,Nordic Steel Co.,Cast Housing,99,14.03,15,Blanket release,North,1388.97
L01781,2024-09-08,Rhein Polymer GmbH,Cast Housing,689,7.0,26,Blanket release,North,4823.0
L01455,2024-09-08,Britewire Ltd.,Fastener,7,1.75,31,Spot buy,North,12.25
L06018,2024-09-08,Perez Castings S.A.,Cast Housing,151,8.32,30,Blanket release,North,1256.32
L06958,2024-09-08,Britewire Ltd.,Formed Wire,221,4.19,35,Spot buy,North,925.99
L02099,2024-09-08,Alpha Fasteners Inc.,Formed Wire,37,3.31,20,Blanket release,South,122.47
L01514,2024-09-08,Britewire Ltd.,Fastener,8,4.97,27,Spot buy,South,39.76
L00954,2024-09-08,Kwan Precision Ltd.,Precision Assembly,269,43.02,51,Spot buy,North,11572.38
L04678,2024-09-08,Alpha Fasteners Inc.,Fastener,48,1.52,23,Spot buy,North,72.96
L03637,2024-09-08,Nordic Steel Co.,Formed Wire,432,1.74,25,Spot buy,South,751.68
L02768,2024-09-08,Britewire Ltd.,Fastener,87,1.49,37,Blanket release,North,129.63
L04502,2024-09-08,Alpha Fasteners Inc.,Fastener,146,0.98,32,Blanket release,South,143.08
L01498,2024-09-08,Alpha Fasteners Inc.,Formed Wire,198,2.0,28,Blanket release,South,396.0
L03338,2024-09-08,Rhein Polymer GmbH,Cast Housing,272,7.15,42,Blanket release,South,1944.8
L06277,2024-09-08,Perez Castings S.A.,Cast Housing,94,6.23,26,Spot buy,South,585.62
L06344,2024-09-08,Rhein Polymer GmbH,Precision Assembly,246,36.73,25,Blanket release,North,9035.58
L04496,2024-09-08,Nordic Steel Co.,Formed Wire,410,2.7,29,Spot buy,North,1107.0
L02522,2024-09-08,Rhein Polymer GmbH,Cast Housing,504,7.59,30,Blanket release,North,3825.36
L06810,2024-09-08,Alpha Fasteners Inc.,Fastener,6,2.9,32,Spot buy,North,17.4
L04691,2024-09-08,Nordic Steel Co.,Formed Wire,35,2.98,32,Blanket release,South,104.3
L05988,2024-09-08,Nordic Steel Co.,Formed Wire,123,2.91,22,Spot buy,South,357.93
L04914,2024-09-08,Rhein Polymer GmbH,Cast Housing,64,11.07,22,Spot buy,North,708.48
L03691,2024-09-08,Meridian Tooling (internal),Cast Housing,426,6.88,13,Spot buy,South,2930.88
L04351,2024-09-08,Meridian Tooling (internal),Precision Assembly,776,11.22,35,Blanket release,North,8706.72
L01022,2024-09-08,Nordic Steel Co.,Cast Housing,546,10.26,20,Spot buy,North,5601.96
L02026,2024-09-08,Rhein Polymer GmbH,Cast Housing,94,12.39,21,Blanket release,South,1164.66
L06265,2024-09-09,Perez Castings S.A.,Precision Assembly,366,34.39,32,Spot buy,South,12586.74
L07580,2024-09-09,Nordic Steel Co.,Formed Wire,122,3.4,15,Spot buy,North,414.8
L06654,2024-09-09,Kwan Precision Ltd.,Cast Housing,1025,8.23,34,Blanket release,South,8435.75
L06891,2024-09-09,Rhein Polymer GmbH,Precision Assembly,268,47.85,13,Spot buy,South,12823.8
L06762,2024-09-09,Britewire Ltd.,Fastener,56,2.76,33,Spot buy,North,154.56
L07379,2024-09-09,Alpha Fasteners Inc.,Fastener,22,2.01,13,Blanket release,South,44.22
L07464,2024-09-09,Rhein Polymer GmbH,Cast Housing,322,8.72,23,Blanket release,South,2807.84
L06712,2024-09-09,Britewire Ltd.,Fastener,9,2.28,15,Spot buy,North,20.52
L06933,2024-09-09,Alpha Fasteners Inc.,Fastener,45,1.2,35,Spot buy,South,54.0
L07502,2024-09-09,Kwan Precision Ltd.,Cast Housing,190,13.57,30,Blanket release,North,2578.3
L07601,2024-09-09,Alpha Fasteners Inc.,Formed Wire,27,2.88,29,Blanket release,North,77.76
L06438,2024-09-09,Perez Castings S.A.,Cast Housing,277,6.59,32,Blanket release,South,1825.43
L06169,2024-09-09,Britewire Ltd.,Fastener,50,1.26,27,Spot buy,North,63.0
L06178,2024-09-09,Alpha Fasteners Inc.,Formed Wire,173,3.33,14,Spot buy,North,576.09
L06531,2024-09-09,Nordic Steel Co.,Formed Wire,28,3.53,29,Blanket release,North,98.84
L06719,2024-09-09,Alpha Fasteners Inc.,Fastener,14,1.65,8,Blanket release,North,23.1
L07094,2024-09-09,Perez Castings S.A.,Precision Assembly,1046,35.61,14,Blanket release,North,37248.06
L07716,2024-09-09,Britewire Ltd.,Formed Wire,221,2.04,11,Blanket release,North,450.84
L06874,2024-09-09,Britewire Ltd.,Fastener,22,1.49,20,Spot buy,North,32.78
L07201,2024-09-09,Rhein Polymer GmbH,Precision Assembly,774,27.01,18,Blanket release,North,20905.74
L07027,2024-09-09,Britewire Ltd.,Formed Wire,63,2.95,36,Blanket release,South,185.85
L07403,2024-09-09,Nordic Steel Co.,Cast Housing,480,9.37,19,Spot buy,North,4497.6
L07921,2024-09-09,Perez Castings S.A.,Cast Housing,470,9.85,27,Blanket release,South,4629.5
L07906,2024-09-09,Perez Castings S.A.,Precision Assembly,393,26.94,18,Spot buy,South,10587.42
L06995,2024-09-09,Alpha Fasteners Inc.,Fastener,15,1.77,7,Spot buy,South,26.55
L06370,2024-09-09,Britewire Ltd.,Fastener,36,2.2,4,Spot buy,South,79.2
L06916,2024-09-09,Britewire Ltd.,Fastener,167,1.8,12,Spot buy,North,300.6
L06992,2024-09-09,Meridian Tooling (internal),Precision Assembly,394,23.2,22,Blanket release,South,9140.8
L07200,2024-09-09,Britewire Ltd.,Formed Wire,75,2.36,25,Spot buy,North,177.0
L04000,2024-09-09,Perez Castings S.A.,Cast Housing,225,8.38,30,Blanket release,South,1885.5
L04051,2024-09-09,Rhein Polymer GmbH,Precision Assembly,183,24.69,33,Blanket release,North,4518.27
L02189,2024-09-09,Alpha Fasteners Inc.,Fastener,27,2.68,33,Spot buy,South,72.36
L01582,2024-09-09,Kwan Precision Ltd.,Precision Assembly,298,22.82,20,Blanket release,South,6800.36
L02279,2024-09-09,Britewire Ltd.,Fastener,80,1.17,22,Spot buy,North,93.6
L05977,2024-09-09,Alpha Fasteners Inc.,Fastener,37,1.98,21,Spot buy,South,73.26
L03392,2024-09-09,Rhein Polymer GmbH,Cast Housing,803,9.45,20,Blanket release,South,7588.35
L01079,2024-09-09,Alpha Fasteners Inc.,Fastener,5,5.37,27,Spot buy,North,26.85
L01367,2024-09-09,Britewire Ltd.,Fastener,37,1.36,23,Blanket release,North,50.32
L02328,2024-09-09,Britewire Ltd.,Formed Wire,50,5.08,10,Spot buy,North,254.0
L01524,2024-09-09,Britewire Ltd.,Formed Wire,63,2.78,19,Blanket release,South,175.14
L05056,2024-09-09,Britewire Ltd.,Fastener,14,2.25,12,Blanket release,South,31.5
L05051,2024-09-09,Britewire Ltd.,Fastener,100,1.07,22,Spot buy,South,107.0
L03264,2024-09-09,Alpha Fasteners Inc.,Fastener,94,2.01,22,Spot buy,South,188.94
L03207,2024-09-09,Perez Castings S.A.,Precision Assembly,654,31.29,39,Spot buy,North,20463.66
L05044,2024-09-09,Britewire Ltd.,Formed Wire,52,2.81,23,Blanket release,North,146.12
L05929,2024-09-09,Britewire Ltd.,Formed Wire,35,3.89,6,Blanket release,North,136.15
L00615,2024-09-09,Nordic Steel Co.,Cast Housing,642,11.95,24,Blanket release,North,7671.9
L02552,2024-09-09,Perez Castings S.A.,Cast Housing,189,8.76,21,Blanket release,North,1655.64
L04639,2024-09-09,Kwan Precision Ltd.,Cast Housing,129,11.62,5,Blanket release,North,1498.98
L03069,2024-09-09,Britewire Ltd.,Fastener,913,0.71,17,Spot buy,South,648.23
L03068,2024-09-09,Alpha Fasteners Inc.,Fastener,82,1.17,17,Blanket release,North,95.94
L02601,2024-09-09,Britewire Ltd.,Fastener,171,1.63,20,Blanket release,South,278.73
L02610,2024-09-09,Alpha Fasteners Inc.,Formed Wire,39,3.87,37,Blanket release,North,150.93
L00667,2024-09-09,Kwan Precision Ltd.,Cast Housing,77,11.55,24,Blanket release,North,889.35
L02886,2024-09-09,Rhein Polymer GmbH,Cast Housing,1526,10.53,22,Spot buy,North,16068.78
L04756,2024-09-09,Nordic Steel Co.,Cast Housing,186,9.45,21,Blanket release,South,1757.7
L00662,2024-09-09,Alpha Fasteners Inc.,Fastener,10,4.52,22,Spot buy,South,45.2
L02785,2024-09-09,Alpha Fasteners Inc.,Fastener,8,3.61,19,Blanket release,South,28.88
L05999,2024-09-09,Perez Castings S.A.,Cast Housing,158,7.98,10,Blanket release,South,1260.84
L05232,2024-09-09,Nordic Steel Co.,Formed Wire,101,3.92,23,Spot buy,North,395.92
L00392,2024-09-09,Nordic Steel Co.,Cast Housing,34,20.11,30,Spot buy,North,683.74
L01892,2024-09-09,Alpha Fasteners Inc.,Fastener,295,0.92,23,Spot buy,South,271.4
L05531,2024-09-09,Alpha Fasteners Inc.,Fastener,19,1.68,14,Spot buy,South,31.92
L05292,2024-09-09,Nordic Steel Co.,Cast Housing,615,5.96,26,Blanket release,North,3665.4
L03694,2024-09-09,Perez Castings S.A.,Cast Housing,167,10.45,14,Spot buy,North,1745.15
L04133,2024-09-09,Rhein Polymer GmbH,Precision Assembly,1167,41.2,20,Blanket release,North,48080.4
L00956,2024-09-09,Kwan Precision Ltd.,Cast Housing,514,12.03,20,Blanket release,South,6183.42
L03913,2024-09-09,Perez Castings S.A.,Precision Assembly,1136,49.96,25,Spot buy,South,56754.56
L03929,2024-09-09,Alpha Fasteners Inc.,Formed Wire,39,3.4,17,Spot buy,North,132.6
L05386,2024-09-09,Alpha Fasteners Inc.,Fastener,17,2.13,36,Spot buy,North,36.21
L00986,2024-09-09,Kwan Precision Ltd.,Precision Assembly,306,24.54,28,Blanket release,North,7509.24
L03671,2024-09-09,Alpha Fasteners Inc.,Fastener,16,3.34,31,Spot buy,South,53.44
L01008,2024-09-09,Alpha Fasteners Inc.,Fastener,23,1.35,34,Spot buy,North,31.05
L00003,2024-09-09,Rhein Polymer GmbH,Precision Assembly,98,75.81,35,Spot buy,North,7429.38
L03986,2024-09-09,Meridian Tooling (internal),Cast Housing,469,6.01,12,Spot buy,North,2818.69
L03861,2024-09-09,Nordic Steel Co.,Cast Housing,124,13.67,24,Blanket release,North,1695.08
L05452,2024-09-10,Britewire Ltd.,Fastener,57,1.73,21,Spot buy,North,98.61
L01735,2024-09-10,Nordic Steel Co.,Formed Wire,63,4.81,19,Spot buy,North,303.03
L01717,2024-09-10,Meridian Tooling (internal),Cast Housing,39,7.74,21,Blanket release,North,301.86
L05747,2024-09-10,Alpha Fasteners Inc.,Formed Wire,487,2.12,12,Spot buy,North,1032.44
L00136,2024-09-10,Britewire Ltd.,Formed Wire,67,2.52,21,Spot buy,North,168.84
L04881,2024-09-10,Sato Industrial K.K.,Precision Assembly,371,29.43,35,Blanket release,South,10918.53
L02134,2024-09-10,Kwan Precision Ltd.,Precision Assembly,1182,43.56,23,Blanket release,North,51487.92
L01404,2024-09-10,Alpha Fasteners Inc.,Fastener,14,3.28,29,Spot buy,North,45.92
L02663,2024-09-10,Britewire Ltd.,Fastener,4,3.32,16,Spot buy,North,13.28
L07155,2024-09-10,Nordic Steel Co.,Formed Wire,45,5.48,20,Blanket release,North,246.6
L07587,2024-09-10,Perez Castings S.A.,Cast Housing,540,9.71,22,Blanket release,North,5243.4
L07589,2024-09-10,Britewire Ltd.,Formed Wire,31,3.41,21,Blanket release,North,105.71
L01402,2024-09-10,Britewire Ltd.,Fastener,99,0.88,9,Spot buy,North,87.12
L01394,2024-09-10,Sato Industrial K.K.,Precision Assembly,338,29.42,27,Spot buy,North,9943.96
L00561,2024-09-10,Alpha Fasteners Inc.,Fastener,217,1.0,28,Spot buy,North,217.0
L01774,2024-09-10,Alpha Fasteners Inc.,Formed Wire,57,2.6,20,Blanket release,North,148.2
L01748,2024-09-10,Britewire Ltd.,Formed Wire,206,2.65,16,Blanket release,South,545.9
L01738,2024-09-10,Alpha Fasteners Inc.,Fastener,23,1.43,9,Spot buy,North,32.89
L07211,2024-09-10,Kwan Precision Ltd.,Precision Assembly,575,43.94,20,Spot buy,South,25265.5
L00118,2024-09-10,Alpha Fasteners Inc.,Fastener,58,1.96,30,Spot buy,South,113.68
L07981,2024-09-10,Alpha Fasteners Inc.,Fastener,8,1.61,13,Blanket release,South,12.88
L05240,2024-09-10,Perez Castings S.A.,Precision Assembly,626,23.56,27,Blanket release,South,14748.56
L05206,2024-09-10,Nordic Steel Co.,Cast Housing,496,6.76,29,Spot buy,North,3352.96
L05613,2024-09-10,Nordic Steel Co.,Formed Wire,122,2.86,31,Blanket release,North,348.92
L02114,2024-09-10,Sato Industrial K.K.,Precision Assembly,123,55.46,28,Spot buy,North,6821.58
L06284,2024-09-10,Alpha Fasteners Inc.,Fastener,19,1.87,16,Spot buy,North,35.53
L02284,2024-09-10,Nordic Steel Co.,Formed Wire,220,2.26,12,Spot buy,North,497.2
L00488,2024-09-10,Perez Castings S.A.,Cast Housing,106,8.77,17,Blanket release,North,929.62
L01550,2024-09-10,Britewire Ltd.,Fastener,71,1.63,29,Spot buy,South,115.73
L05108,2024-09-10,Perez Castings S.A.,Cast Housing,66,10.19,17,Spot buy,South,672.54
L00505,2024-09-10,Alpha Fasteners Inc.,Fastener,31,1.04,6,Blanket release,North,32.24
L00475,2024-09-10,Alpha Fasteners Inc.,Fastener,77,1.06,25,Spot buy,South,81.62
L00533,2024-09-10,Britewire Ltd.,Fastener,88,1.36,18,Spot buy,North,119.68
L07508,2024-09-10,Alpha Fasteners Inc.,Formed Wire,245,1.84,19,Spot buy,South,450.8
L05050,2024-09-10,Nordic Steel Co.,Cast Housing,233,9.7,2,Blanket release,North,2260.1
L05699,2024-09-10,Kwan Precision Ltd.,Cast Housing,587,9.59,11,Spot buy,North,5629.33
L00462,2024-09-10,Britewire Ltd.,Fastener,50,1.47,22,Spot buy,North,73.5
L01918,2024-09-10,Nordic Steel Co.,Cast Housing,1100,6.49,13,Spot buy,North,7139.0
L05045,2024-09-10,Britewire Ltd.,Fastener,80,1.12,36,Blanket release,North,89.6
L05701,2024-09-10,Britewire Ltd.,Fastener,77,1.54,10,Blanket release,North,118.58
L01487,2024-09-10,Perez Castings S.A.,Cast Housing,37,13.36,19,Spot buy,South,494.32
L01853,2024-09-10,Britewire Ltd.,Fastener,31,0.95,27,Spot buy,North,29.45
L04953,2024-09-10,Alpha Fasteners Inc.,Fastener,12,2.51,33,Spot buy,South,30.12
L04944,2024-09-10,Alpha Fasteners Inc.,Formed Wire,142,2.22,15,Spot buy,North,315.24
L02529,2024-09-10,Nordic Steel Co.,Cast Housing,18,12.74,17,Blanket release,North,229.32
L04055,2024-09-10,Alpha Fasteners Inc.,Fastener,15,2.18,23,Spot buy,North,32.7
L05488,2024-09-10,Kwan Precision Ltd.,Cast Housing,135,14.55,27,Blanket release,South,1964.25
L04762,2024-09-10,Rhein Polymer GmbH,Cast Housing,65,10.19,10,Blanket release,North,662.35
L03728,2024-09-10,Britewire Ltd.,Fastener,12,1.46,28,Spot buy,South,17.52
L00679,2024-09-10,Kwan Precision Ltd.,Cast Housing,84,11.47,13,Blanket release,North,963.48
L00358,2024-09-10,Alpha Fasteners Inc.,Formed Wire,8,3.5,22,Spot buy,South,28.0
L05937,2024-09-10,Alpha Fasteners Inc.,Fastener,65,2.09,3,Blanket release,South,135.85
L07021,2024-09-10,Sato Industrial K.K.,Precision Assembly,568,27.33,28,Blanket release,South,15523.44
L03185,2024-09-10,Alpha Fasteners Inc.,Fastener,48,2.53,6,Spot buy,North,121.44
L04584,2024-09-10,Nordic Steel Co.,Formed Wire,20,4.37,19,Spot buy,South,87.4
L03711,2024-09-10,Perez Castings S.A.,Precision Assembly,615,53.3,33,Spot buy,South,32779.5
L03249,2024-09-10,Britewire Ltd.,Fastener,35,2.68,9,Blanket release,South,93.8
L07687,2024-09-10,Nordic Steel Co.,Formed Wire,80,3.52,32,Blanket release,South,281.6
L03759,2024-09-10,Britewire Ltd.,Fastener,21,2.25,25,Blanket release,North,47.25
L05953,2024-09-10,Sato Industrial K.K.,Precision Assembly,917,38.41,30,Blanket release,North,35221.97
L06041,2024-09-10,Rhein Polymer GmbH,Precision Assembly,639,37.48,21,Blanket release,South,23949.72
L07892,2024-09-10,Rhein Polymer GmbH,Cast Housing,432,8.48,25,Spot buy,North,3663.36
L06852,2024-09-10,Nordic Steel Co.,Formed Wire,11,5.75,25,Spot buy,North,63.25
L06859,2024-09-10,Kwan Precision Ltd.,Cast Housing,74,8.15,29,Spot buy,North,603.1
L07696,2024-09-10,Sato Industrial K.K.,Precision Assembly,1185,38.22,17,Spot buy,North,45290.7
L03408,2024-09-10,Alpha Fasteners Inc.,Fastener,26,2.53,18,Spot buy,North,65.78
L00300,2024-09-10,Rhein Polymer GmbH,Cast Housing,170,11.58,18,Spot buy,South,1968.6
L04308,2024-09-10,Britewire Ltd.,Fastener,21,2.33,13,Spot buy,North,48.93
L04359,2024-09-10,Britewire Ltd.,Fastener,92,1.02,34,Blanket release,North,93.84
L03570,2024-09-10,Nordic Steel Co.,Formed Wire,14,8.54,33,Spot buy,North,119.56
L05955,2024-09-10,Alpha Fasteners Inc.,Formed Wire,30,3.22,22,Spot buy,North,96.6
L00371,2024-09-10,Britewire Ltd.,Fastener,18,3.52,23,Spot buy,South,63.36
L06694,2024-09-10,Nordic Steel Co.,Formed Wire,22,6.84,17,Spot buy,North,150.48
L03102,2024-09-10,Nordic Steel Co.,Cast Housing,273,9.38,13,Spot buy,South,2560.74
L03935,2024-09-10,Alpha Fasteners Inc.,Formed Wire,19,6.72,18,Spot buy,North,127.68
L06224,2024-09-10,Perez Castings S.A.,Cast Housing,340,8.73,17,Spot buy,North,2968.2
L07769,2024-09-10,Nordic Steel Co.,Formed Wire,24,3.79,13,Spot buy,North,90.96
L04705,2024-09-10,Britewire Ltd.,Fastener,42,2.08,19,Spot buy,North,87.36
L05850,2024-09-10,Kwan Precision Ltd.,Cast Housing,458,11.27,19,Spot buy,South,5161.66
L06542,2024-09-10,Kwan Precision Ltd.,Cast Housing,389,11.65,22,Blanket release,South,4531.85
L02925,2024-09-10,Britewire Ltd.,Fastener,31,2.12,2,Spot buy,North,65.72
L00855,2024-09-10,Perez Castings S.A.,Cast Housing,62,5.79,33,Blanket release,North,358.98
L03819,2024-09-10,Britewire Ltd.,Fastener,22,2.18,17,Blanket release,North,47.96
L02967,2024-09-10,Kwan Precision Ltd.,Precision Assembly,1142,30.6,12,Blanket release,South,34945.2
L03613,2024-09-10,Sato Industrial K.K.,Precision Assembly,168,47.68,16,Blanket release,North,8010.24
L03092,2024-09-10,Alpha Fasteners Inc.,Formed Wire,1552,2.01,34,Spot buy,North,3119.52
L05906,2024-09-10,Kwan Precision Ltd.,Cast Housing,9,15.28,16,Blanket release,South,137.52
L01270,2024-09-10,Nordic Steel Co.,Formed Wire,61,3.92,29,Blanket release,South,239.12
L07074,2024-09-10,Rhein Polymer GmbH,Precision Assembly,143,46.09,40,Blanket release,North,6590.87
L01832,2024-09-11,Britewire Ltd.,Formed Wire,67,3.88,31,Spot buy,North,259.96
L04040,2024-09-11,Nordic Steel Co.,Cast Housing,174,8.41,12,Blanket release,South,1463.34
L04299,2024-09-11,Nordic Steel Co.,Formed Wire,105,3.74,23,Blanket release,South,392.7
L05267,2024-09-11,Nordic Steel Co.,Formed Wire,41,3.36,37,Spot buy,North,137.76
L07367,2024-09-11,Nordic Steel Co.,Formed Wire,78,4.06,33,Blanket release,North,316.68
L06792,2024-09-11,Nordic Steel Co.,Formed Wire,152,2.84,10,Blanket release,North,431.68
L05403,2024-09-11,Britewire Ltd.,Fastener,22,1.19,4,Spot buy,South,26.18
L06867,2024-09-11,Britewire Ltd.,Formed Wire,240,2.87,25,Spot buy,North,688.8
L02103,2024-09-11,Kwan Precision Ltd.,Cast Housing,754,10.35,37,Spot buy,South,7803.9
L03654,2024-09-11,Britewire Ltd.,Fastener,38,1.65,8,Spot buy,North,62.7
L01923,2024-09-11,Alpha Fasteners Inc.,Fastener,17,2.65,10,Spot buy,South,45.05
L07967,2024-09-11,Britewire Ltd.,Fastener,13,3.0,28,Blanket release,South,39.0
L06367,2024-09-11,Alpha Fasteners Inc.,Fastener,59,1.56,26,Spot buy,North,92.04
L01990,2024-09-11,Kwan Precision Ltd.,Precision Assembly,960,47.21,27,Spot buy,South,45321.6
L01878,2024-09-11,Nordic Steel Co.,Formed Wire,65,2.61,22,Blanket release,South,169.65
L07460,2024-09-11,Kwan Precision Ltd.,Cast Housing,389,9.05,30,Blanket release,South,3520.45
L03843,2024-09-11,Britewire Ltd.,Formed Wire,46,3.65,19,Blanket release,South,167.9
L01975,2024-09-11,Rhein Polymer GmbH,Cast Housing,54,15.55,24,Blanket release,North,839.7
L03792,2024-09-11,Britewire Ltd.,Fastener,36,1.63,26,Spot buy,South,58.68
L00558,2024-09-11,Meridian Tooling (internal),Precision Assembly,187,19.55,32,Blanket release,North,3655.85
L02049,2024-09-11,Britewire Ltd.,Formed Wire,117,2.63,13,Blanket release,North,307.71
L07462,2024-09-11,Nordic Steel Co.,Cast Housing,186,8.47,28,Blanket release,North,1575.42
L03334,2024-09-11,Britewire Ltd.,Fastener,100,1.44,20,Spot buy,North,144.0
L06418,2024-09-11,Alpha Fasteners Inc.,Formed Wire,18,9.81,9,Blanket release,South,176.58
L04630,2024-09-11,Britewire Ltd.,Fastener,4,2.08,32,Blanket release,South,8.32
L07204,2024-09-11,Britewire Ltd.,Fastener,120,0.97,42,Blanket release,North,116.4
L07054,2024-09-11,Kwan Precision Ltd.,Precision Assembly,810,36.64,25,Blanket release,North,29678.4
L07059,2024-09-11,Rhein Polymer GmbH,Precision Assembly,8218,27.67,37,Blanket release,North,227392.06
L06489,2024-09-11,Nordic Steel Co.,Formed Wire,18,6.58,33,Blanket release,North,118.44
L02931,2024-09-11,Nordic Steel Co.,Formed Wire,49,4.54,9,Spot buy,North,222.46
L00360,2024-09-11,Nordic Steel Co.,Cast Housing,259,8.65,26,Blanket release,North,2240.35
L02669,2024-09-11,Alpha Fasteners Inc.,Formed Wire,21,4.1,20,Blanket release,South,86.1
L02719,2024-09-11,Kwan Precision Ltd.,Precision Assembly,1484,55.32,14,Spot buy,North,82094.88
L04818,2024-09-11,Britewire Ltd.,Formed Wire,92,3.65,34,Blanket release,South,335.8
L02897,2024-09-11,Perez Castings S.A.,Cast Housing,98,13.06,30,Blanket release,North,1279.88
L04751,2024-09-11,Britewire Ltd.,Fastener,26,1.42,37,Blanket release,North,36.92
L02736,2024-09-11,Alpha Fasteners Inc.,Fastener,13,2.51,32,Spot buy,South,32.63
L02756,2024-09-11,Kwan Precision Ltd.,Cast Housing,453,11.44,10,Spot buy,South,5182.32
L04836,2024-09-11,Britewire Ltd.,Fastener,19,1.83,21,Spot buy,South,34.77
L03584,2024-09-11,Alpha Fasteners Inc.,Formed Wire,53,2.52,27,Spot buy,North,133.56
L04952,2024-09-11,Nordic Steel Co.,Formed Wire,209,2.72,10,Spot buy,South,568.48
L02425,2024-09-11,Nordic Steel Co.,Cast Housing,107,7.87,30,Blanket release,South,842.09
L07317,2024-09-11,Kwan Precision Ltd.,Precision Assembly,367,46.67,13,Spot buy,South,17127.89
L05130,2024-09-11,Britewire Ltd.,Fastener,20,2.4,33,Spot buy,South,48.0
L03437,2024-09-11,Sato Industrial K.K.,Precision Assembly,1355,29.23,27,Blanket release,South,39606.65
L02285,2024-09-11,Nordic Steel Co.,Formed Wire,27,2.85,21,Blanket release,North,76.95
L06634,2024-09-11,Alpha Fasteners Inc.,Fastener,65,1.08,27,Spot buy,North,70.2
L02320,2024-09-11,Britewire Ltd.,Formed Wire,27,5.74,2,Spot buy,North,154.98
L02453,2024-09-11,Rhein Polymer GmbH,Precision Assembly,126,56.6,20,Spot buy,North,7131.6
L02806,2024-09-11,Britewire Ltd.,Fastener,14,3.19,42,Spot buy,North,44.66
L04464,2024-09-11,Alpha Fasteners Inc.,Fastener,102,1.06,16,Spot buy,North,108.12
L05066,2024-09-11,Meridian Tooling (internal),Precision Assembly,1545,11.39,30,Blanket release,South,17597.55
L04477,2024-09-11,Rhein Polymer GmbH,Cast Housing,112,12.75,20,Blanket release,North,1428.0
L07010,2024-09-11,Kwan Precision Ltd.,Cast Housing,175,17.16,21,Spot buy,South,3003.0
L00426,2024-09-11,Perez Castings S.A.,Precision Assembly,77,30.52,29,Blanket release,North,2350.04
L07246,2024-09-11,Alpha Fasteners Inc.,Formed Wire,40,5.2,25,Spot buy,South,208.0
L03330,2024-09-11,Britewire Ltd.,Fastener,345,0.9,12,Blanket release,North,310.5
L02734,2024-09-11,Alpha Fasteners Inc.,Formed Wire,179,3.01,11,Spot buy,South,538.79
L02326,2024-09-11,Alpha Fasteners Inc.,Formed Wire,364,3.56,20,Spot buy,South,1295.84
L05965,2024-09-11,Alpha Fasteners Inc.,Formed Wire,93,3.36,21,Spot buy,South,312.48
L05711,2024-09-11,Alpha Fasteners Inc.,Fastener,9,7.89,39,Spot buy,North,71.01
L01640,2024-09-11,Britewire Ltd.,Fastener,150,1.1,25,Blanket release,North,165.0
L01634,2024-09-11,Rhein Polymer GmbH,Cast Housing,76,13.48,15,Spot buy,North,1024.48
L00566,2024-09-11,Perez Castings S.A.,Cast Housing,888,7.67,38,Blanket release,South,6810.96
L00923,2024-09-11,Alpha Fasteners Inc.,Fastener,78,2.4,7,Spot buy,North,187.2
L01680,2024-09-11,Nordic Steel Co.,Formed Wire,146,3.42,13,Spot buy,North,499.32
L01622,2024-09-11,Alpha Fasteners Inc.,Fastener,142,1.18,22,Spot buy,North,167.56
L05879,2024-09-11,Nordic Steel Co.,Formed Wire,103,2.82,2,Blanket release,North,290.46
L07547,2024-09-11,Alpha Fasteners Inc.,Formed Wire,22,4.61,20,Blanket release,North,101.42
L05685,2024-09-11,Alpha Fasteners Inc.,Formed Wire,336,1.74,17,Blanket release,North,584.64
L06042,2024-09-11,Nordic Steel Co.,Formed Wire,123,2.67,32,Blanket release,South,328.41
L05940,2024-09-11,Britewire Ltd.,Formed Wire,158,3.55,15,Blanket release,South,560.9
L05645,2024-09-11,Nordic Steel Co.,Formed Wire,16,4.51,35,Blanket release,North,72.16
L07737,2024-09-11,Britewire Ltd.,Formed Wire,210,2.26,33,Spot buy,North,474.6
L01499,2024-09-11,Alpha Fasteners Inc.,Fastener,59,1.77,29,Blanket release,South,104.43
L05608,2024-09-11,Alpha Fasteners Inc.,Fastener,14,2.48,24,Spot buy,North,34.72
L00746,2024-09-11,Alpha Fasteners Inc.,Formed Wire,46,3.18,15,Blanket release,North,146.28
L07614,2024-09-11,Alpha Fasteners Inc.,Fastener,25,1.48,18,Spot buy,South,37.0
L07579,2024-09-11,Nordic Steel Co.,Cast Housing,120,12.51,39,Spot buy,South,1501.2
L05620,2024-09-11,Perez Castings S.A.,Precision Assembly,1559,28.43,33,Spot buy,North,44322.37
L01599,2024-09-11,Britewire Ltd.,Fastener,18,1.09,7,Blanket release,North,19.62
L01382,2024-09-11,Perez Castings S.A.,Cast Housing,258,8.6,25,Blanket release,North,2218.8
L01458,2024-09-11,Perez Castings S.A.,Precision Assembly,1749,37.78,29,Spot buy,North,66077.22
L01722,2024-09-11,Alpha Fasteners Inc.,Formed Wire,159,2.84,13,Blanket release,North,451.56
L01107,2024-09-11,Nordic Steel Co.,Cast Housing,47,11.28,23,Blanket release,South,530.16
L00940,2024-09-11,Britewire Ltd.,Fastener,7,3.43,30,Spot buy,North,24.01
L01106,2024-09-11,Britewire Ltd.,Fastener,54,1.65,7,Spot buy,North,89.1
L01340,2024-09-11,Kwan Precision Ltd.,Cast Housing,59,18.72,20,Spot buy,North,1104.48
L01089,2024-09-11,Britewire Ltd.,Fastener,36,1.53,19,Spot buy,North,55.08
L06228,2024-09-11,Sato Industrial K.K.,Precision Assembly,127,37.91,35,Spot buy,North,4814.57
L05919,2024-09-12,Kwan Precision Ltd.,Cast Housing,179,14.26,16,Blanket release,North,2552.54
L04500,2024-09-12,Alpha Fasteners Inc.,Fastener,29,2.25,30,Spot buy,South,65.25
L02211,2024-09-12,Britewire Ltd.,Formed Wire,44,3.37,4,Spot buy,North,148.28
L07326,2024-09-12,Britewire Ltd.,Fastener,9,2.24,23,Spot buy,North,20.16
L04491,2024-09-12,Alpha Fasteners Inc.,Formed Wire,120,3.24,28,Spot buy,North,388.8
L05771,2024-09-12,Alpha Fasteners Inc.,Fastener,17,2.07,10,Spot buy,North,35.19
L04433,2024-09-12,Rhein Polymer GmbH,Cast Housing,382,9.26,20,Spot buy,North,3537.32
L03192,2024-09-12,Alpha Fasteners Inc.,Fastener,48,1.79,7,Spot buy,North,85.92
L02240,2024-09-12,Alpha Fasteners Inc.,Fastener,66,1.74,7,Blanket release,North,114.84
L05635,2024-09-12,Kwan Precision Ltd.,Precision Assembly,18280,31.58,17,Spot buy,South,577282.4
L02227,2024-09-12,Britewire Ltd.,Fastener,19,2.22,8,Spot buy,North,42.18
L00343,2024-09-12,Perez Castings S.A.,Cast Housing,729,4.28,32,Blanket release,South,3120.12
L01138,2024-09-12,Rhein Polymer GmbH,Cast Housing,150,17.31,22,Spot buy,North,2596.5
L04561,2024-09-12,Rhein Polymer GmbH,Cast Housing,430,8.61,12,Blanket release,South,3702.3
L00594,2024-09-12,Britewire Ltd.,Fastener,33,1.95,20,Blanket release,South,64.35
L01205,2024-09-12,Nordic Steel Co.,Formed Wire,139,3.5,18,Spot buy,South,486.5
L00046,2024-09-12,Rhein Polymer GmbH,Cast Housing,340,10.04,16,Blanket release,North,3413.6
L02738,2024-09-12,Perez Castings S.A.,Cast Housing,342,9.52,38,Blanket release,North,3255.84
L02564,2024-09-12,Rhein Polymer GmbH,Cast Housing,43,10.68,45,Blanket release,North,459.24
L02789,2024-09-12,Rhein Polymer GmbH,Cast Housing,54,8.24,13,Spot buy,North,444.96
L00157,2024-09-12,Kwan Precision Ltd.,Precision Assembly,94,48.72,35,Blanket release,North,4579.68
L02848,2024-09-12,Perez Castings S.A.,Cast Housing,136,8.51,14,Blanket release,North,1157.36
L02473,2024-09-12,Alpha Fasteners Inc.,Fastener,33,2.38,6,Spot buy,North,78.54
L04943,2024-09-12,Rhein Polymer GmbH,Cast Housing,123,11.43,20,Blanket release,North,1405.89
L02920,2024-09-12,Nordic Steel Co.,Formed Wire,8,6.3,3,Spot buy,North,50.4
L01326,2024-09-12,Alpha Fasteners Inc.,Fastener,99,1.2,16,Blanket release,South,118.8
L00045,2024-09-12,Perez Castings S.A.,Precision Assembly,451,30.35,41,Blanket release,North,13687.85
L01321,2024-09-12,Nordic Steel Co.,Formed Wire,20,3.34,22,Blanket release,North,66.8
L07080,2024-09-12,Britewire Ltd.,Fastener,38,1.62,15,Spot buy,North,61.56
L04686,2024-09-12,Meridian Tooling (internal),Cast Housing,1485,4.82,30,Spot buy,North,7157.7
L07075,2024-09-12,Alpha Fasteners Inc.,Fastener,80,2.5,12,Spot buy,North,200.0
L01491,2024-09-12,Kwan Precision Ltd.,Precision Assembly,116,34.29,42,Blanket release,South,3977.64
L00174,2024-09-12,Alpha Fasteners Inc.,Formed Wire,51,3.33,2,Spot buy,North,169.83
L06269,2024-09-12,Alpha Fasteners Inc.,Fastener,57,1.74,25,Spot buy,South,99.18
L07255,2024-09-12,Alpha Fasteners Inc.,Fastener,7,1.9,18,Blanket release,South,13.3
L02373,2024-09-12,Britewire Ltd.,Fastener,11,1.92,23,Spot buy,South,21.12
L07856,2024-09-12,Britewire Ltd.,Formed Wire,22,5.76,24,Spot buy,South,126.72
L03382,2024-09-12,Kwan Precision Ltd.,Cast Housing,126,12.16,23,Blanket release,North,1532.16
L04642,2024-09-12,Alpha Fasteners Inc.,Fastener,18,3.05,14,Spot buy,South,54.9
L03071,2024-09-12,Britewire Ltd.,Fastener,60,1.01,36,Spot buy,North,60.6
L07273,2024-09-12,Nordic Steel Co.,Cast Housing,53,10.46,26,Blanket release,South,554.38
L01546,2024-09-12,Britewire Ltd.,Formed Wire,524,1.8,36,Blanket release,South,943.2
L04404,2024-09-12,Nordic Steel Co.,Formed Wire,177,2.75,25,Blanket release,South,486.75
L00382,2024-09-12,Kwan Precision Ltd.,Precision Assembly,796,49.01,36,Spot buy,North,39011.96
L04396,2024-09-12,Kwan Precision Ltd.,Cast Housing,129,9.53,29,Spot buy,North,1229.37
L06101,2024-09-12,Rhein Polymer GmbH,Precision Assembly,1512,38.41,34,Spot buy,North,58075.92
L07924,2024-09-12,Rhein Polymer GmbH,Cast Housing,84,12.7,24,Spot buy,North,1066.8
L00078,2024-09-12,Rhein Polymer GmbH,Cast Housing,281,17.41,21,Spot buy,North,4892.21
L07414,2024-09-12,Sato Industrial K.K.,Precision Assembly,726,43.82,16,Spot buy,South,31813.32
L06685,2024-09-12,Britewire Ltd.,Formed Wire,83,3.06,31,Spot buy,South,253.98
L06373,2024-09-12,Nordic Steel Co.,Formed Wire,174,2.94,28,Blanket release,South,511.56
L06793,2024-09-12,Kwan Precision Ltd.,Cast Housing,171,18.22,20,Blanket release,North,3115.62
L01969,2024-09-12,Nordic Steel Co.,Formed Wire,17,4.63,20,Spot buy,South,78.71
L06846,2024-09-12,Kwan Precision Ltd.,Cast Housing,85,11.27,13,Blanket release,South,957.95
L04244,2024-09-12,Britewire Ltd.,Fastener,137,0.89,15,Blanket release,North,121.93
L00264,2024-09-12,Rhein Polymer GmbH,Precision Assembly,1287,34.5,26,Spot buy,South,44401.5
L07346,2024-09-12,Alpha Fasteners Inc.,Fastener,32,2.16,17,Spot buy,South,69.12
L07751,2024-09-12,Perez Castings S.A.,Cast Housing,107,10.46,35,Blanket release,North,1119.22
L06364,2024-09-12,Britewire Ltd.,Formed Wire,30,2.72,10,Spot buy,North,81.6
L07506,2024-09-12,Britewire Ltd.,Fastener,21,2.76,17,Spot buy,South,57.96
L05376,2024-09-12,Britewire Ltd.,Fastener,99,1.19,37,Spot buy,North,117.81
L03723,2024-09-12,Britewire Ltd.,Fastener,173,0.89,28,Blanket release,South,153.97
L05573,2024-09-12,Kwan Precision Ltd.,Precision Assembly,584,46.57,46,Blanket release,South,27196.88
L00570,2024-09-12,Alpha Fasteners Inc.,Fastener,82,1.69,26,Spot buy,South,138.58
L03859,2024-09-12,Nordic Steel Co.,Cast Housing,790,5.52,19,Blanket release,South,4360.8
L01670,2024-09-12,Nordic Steel Co.,Cast Housing,381,8.17,30,Blanket release,North,3112.77
L03775,2024-09-12,Alpha Fasteners Inc.,Fastener,14,1.89,11,Spot buy,North,26.46
L02037,2024-09-12,Britewire Ltd.,Formed Wire,39,3.32,30,Blanket release,South,129.48
L00753,2024-09-12,Alpha Fasteners Inc.,Formed Wire,65,4.25,32,Blanket release,North,276.25
L03662,2024-09-12,Alpha Fasteners Inc.,Fastener,95,1.32,30,Spot buy,South,125.4
L05615,2024-09-12,Alpha Fasteners Inc.,Fastener,18,2.37,5,Spot buy,North,42.66
L04074,2024-09-12,Britewire Ltd.,Fastener,38,1.52,35,Spot buy,North,57.76
L06949,2024-09-12,Britewire Ltd.,Fastener,121,1.66,2,Spot buy,South,200.86
L00744,2024-09-12,Perez Castings S.A.,Cast Housing,1239,9.97,25,Spot buy,North,12352.83
L05253,2024-09-12,Alpha Fasteners Inc.,Fastener,124,1.27,18,Blanket release,North,157.48
L05980,2024-09-12,Britewire Ltd.,Fastener,232,0.92,14,Blanket release,North,213.44
L05258,2024-09-12,Alpha Fasteners Inc.,Fastener,13,1.13,11,Blanket release,North,14.69
L03510,2024-09-12,Kwan Precision Ltd.,Cast Housing,68,15.61,20,Spot buy,North,1061.48
L03580,2024-09-12,Britewire Ltd.,Formed Wire,109,2.86,9,Spot buy,North,311.74
L01782,2024-09-12,Perez Castings S.A.,Cast Housing,345,7.65,15,Blanket release,North,2639.25
L03844,2024-09-12,Alpha Fasteners Inc.,Fastener,28,1.58,9,Spot buy,North,44.24
L00790,2024-09-12,Alpha Fasteners Inc.,Fastener,4,2.41,32,Blanket release,North,9.64
L04097,2024-09-12,Perez Castings S.A.,Cast Housing,629,11.74,20,Blanket release,North,7384.46
L06021,2024-09-12,Alpha Fasteners Inc.,Fastener,25,1.71,18,Blanket release,North,42.75
L07085,2024-09-13,Nordic Steel Co.,Formed Wire,116,4.29,5,Blanket release,North,497.64
L00796,2024-09-13,Rhein Polymer GmbH,Cast Housing,410,10.14,33,Spot buy,South,4157.4
L02691,2024-09-13,Alpha Fasteners Inc.,Fastener,25,1.78,21,Blanket release,South,44.5
L06544,2024-09-13,Alpha Fasteners Inc.,Fastener,39,1.79,17,Spot buy,South,69.81
L06103,2024-09-13,Alpha Fasteners Inc.,Fastener,23,1.82,20,Spot buy,North,41.86
L00787,2024-09-13,Alpha Fasteners Inc.,Fastener,29,3.73,23,Spot buy,South,108.17
L04801,2024-09-13,Rhein Polymer GmbH,Cast Housing,234,9.61,21,Blanket release,South,2248.74
L04024,2024-09-13,Nordic Steel Co.,Formed Wire,23,5.6,34,Blanket release,North,128.8
L06733,2024-09-13,Kwan Precision Ltd.,Precision Assembly,194,35.45,34,Blanket release,North,6877.3
L02906,2024-09-13,Sato Industrial K.K.,Precision Assembly,2079,25.75,25,Spot buy,North,53534.25
L06229,2024-09-13,Meridian Tooling (internal),Precision Assembly,815,18.94,42,Blanket release,South,15436.1
L03891,2024-09-13,Alpha Fasteners Inc.,Fastener,17,3.24,12,Blanket release,North,55.08
L03980,2024-09-13,Nordic Steel Co.,Cast Housing,143,10.01,15,Blanket release,South,1431.43
L06763,2024-09-13,Alpha Fasteners Inc.,Fastener,59,0.95,29,Spot buy,South,56.05
L02787,2024-09-13,Britewire Ltd.,Fastener,81,1.01,20,Blanket release,South,81.81
L04013,2024-09-13,Kwan Precision Ltd.,Cast Housing,75,16.56,9,Spot buy,South,1242.0
L06048,2024-09-13,Britewire Ltd.,Formed Wire,118,2.71,23,Spot buy,North,319.78
L06812,2024-09-13,Britewire Ltd.,Fastener,48,1.36,17,Spot buy,North,65.28
L07790,2024-09-13,Britewire Ltd.,Formed Wire,60,4.24,23,Spot buy,South,254.4
L06181,2024-09-13,Alpha Fasteners Inc.,Fastener,28,2.48,4,Spot buy,South,69.44
L06940,2024-09-13,Alpha Fasteners Inc.,Formed Wire,36,3.06,25,Blanket release,North,110.16
L01099,2024-09-13,Nordic Steel Co.,Formed Wire,146,2.87,19,Spot buy,North,419.02
L03553,2024-09-13,Alpha Fasteners Inc.,Formed Wire,224,2.97,16,Blanket release,North,665.28
L03602,2024-09-13,Alpha Fasteners Inc.,Formed Wire,98,2.45,29,Blanket release,North,240.1
L04539,2024-09-13,Britewire Ltd.,Fastener,154,0.83,33,Blanket release,North,127.82
L04544,2024-09-13,Britewire Ltd.,Formed Wire,173,3.95,2,Spot buy,South,683.35
L03611,2024-09-13,Alpha Fasteners Inc.,Fastener,214,0.98,13,Spot buy,North,209.72
L03213,2024-09-13,Britewire Ltd.,Fastener,17,1.45,25,Blanket release,South,24.65
L01012,2024-09-13,Alpha Fasteners Inc.,Fastener,105,1.79,28,Blanket release,South,187.95
L04310,2024-09-13,Alpha Fasteners Inc.,Formed Wire,100,4.96,16,Blanket release,North,496.0
L04573,2024-09-13,Alpha Fasteners Inc.,Fastener,130,1.4,16,Spot buy,South,182.0
L00970,2024-09-13,Alpha Fasteners Inc.,Fastener,21,2.8,23,Spot buy,North,58.8
L03169,2024-09-13,Kwan Precision Ltd.,Cast Housing,122,9.41,20,Blanket release,South,1148.02
L01166,2024-09-13,Nordic Steel Co.,Formed Wire,26,4.59,17,Spot buy,South,119.34
L04620,2024-09-13,Britewire Ltd.,Fastener,102,1.27,19,Spot buy,North,129.54
L06580,2024-09-13,Britewire Ltd.,Formed Wire,35,3.46,10,Blanket release,North,121.1
L05921,2024-09-13,Rhein Polymer GmbH,Cast Housing,272,16.13,30,Spot buy,South,4387.36
L07042,2024-09-13,Britewire Ltd.,Formed Wire,93,1.57,20,Spot buy,North,146.01
L04267,2024-09-13,Kwan Precision Ltd.,Cast Housing,194,8.81,18,Blanket release,North,1709.14
L03046,2024-09-13,Britewire Ltd.,Fastener,11,1.91,15,Blanket release,North,21.01
L00381,2024-09-13,Kwan Precision Ltd.,Cast Housing,149,11.73,17,Blanket release,South,1747.77
L06123,2024-09-13,Perez Castings S.A.,Precision Assembly,358,22.58,28,Blanket release,North,8083.64
L03763,2024-09-13,Rhein Polymer GmbH,Cast Housing,244,10.52,28,Blanket release,North,2566.88
L07630,2024-09-13,Alpha Fasteners Inc.,Fastener,13,2.61,35,Spot buy,South,33.93
L02660,2024-09-13,Britewire Ltd.,Fastener,197,1.67,11,Spot buy,North,328.99
L01757,2024-09-13,Alpha Fasteners Inc.,Formed Wire,42,4.27,19,Spot buy,North,179.34
L00421,2024-09-13,Sato Industrial K.K.,Precision Assembly,1124,34.06,19,Blanket release,North,38283.44
L01712,2024-09-13,Britewire Ltd.,Formed Wire,334,1.89,20,Blanket release,South,631.26
L05408,2024-09-13,Britewire Ltd.,Formed Wire,149,2.2,19,Blanket release,South,327.8
L02483,2024-09-13,Britewire Ltd.,Fastener,10,3.22,17,Blanket release,North,32.2
L07415,2024-09-13,Kwan Precision Ltd.,Cast Housing,61,13.75,31,Blanket release,North,838.75
L02133,2024-09-13,Nordic Steel Co.,Formed Wire,142,2.25,8,Blanket release,South,319.5
L02329,2024-09-13,Alpha Fasteners Inc.,Fastener,32,1.57,14,Spot buy,North,50.24
L06349,2024-09-13,Perez Castings S.A.,Cast Housing,367,7.46,27,Blanket release,North,2737.82
L02253,2024-09-13,Britewire Ltd.,Formed Wire,39,3.68,30,Spot buy,North,143.52
L02467,2024-09-13,Rhein Polymer GmbH,Precision Assembly,61,52.08,34,Spot buy,North,3176.88
L05515,2024-09-13,Rhein Polymer GmbH,Cast Housing,518,8.82,16,Spot buy,North,4568.76
L02238,2024-09-13,Britewire Ltd.,Formed Wire,44,4.55,23,Spot buy,North,200.2
L01588,2024-09-13,Sato Industrial K.K.,Precision Assembly,947,37.85,30,Blanket release,North,35843.95
L00059,2024-09-13,Nordic Steel Co.,Formed Wire,47,3.7,24,Blanket release,South,173.9
L07348,2024-09-13,Britewire Ltd.,Fastener,63,2.47,10,Spot buy,North,155.61
L05709,2024-09-13,Nordic Steel Co.,Cast Housing,2453,4.64,7,Blanket release,North,11381.92
L00556,2024-09-13,Nordic Steel Co.,Formed Wire,120,2.65,13,Blanket release,North,318.0
L01773,2024-09-13,Meridian Tooling (internal),Cast Housing,80,4.91,8,Blanket release,North,392.8
L00583,2024-09-13,Britewire Ltd.,Formed Wire,31,3.55,29,Blanket release,North,110.05
L02164,2024-09-13,Meridian Tooling (internal),Cast Housing,31,3.07,31,Blanket release,North,95.17
L00142,2024-09-13,Britewire Ltd.,Fastener,151,1.1,23,Blanket release,South,166.1
L05158,2024-09-13,Rhein Polymer GmbH,Precision Assembly,153,31.96,32,Spot buy,South,4889.88
L02579,2024-09-13,Perez Castings S.A.,Cast Housing,370,7.61,55,Spot buy,South,2815.7
L05160,2024-09-13,Alpha Fasteners Inc.,Formed Wire,79,4.77,32,Blanket release,North,376.83
L03725,2024-09-14,Perez Castings S.A.,Cast Housing,1920,6.49,22,Blanket release,South,12460.8
L00265,2024-09-14,Alpha Fasteners Inc.,Formed Wire,66,2.42,5,Spot buy,South,159.72
L01995,2024-09-14,Britewire Ltd.,Fastener,44,2.0,20,Spot buy,North,88.0
L01247,2024-09-14,Britewire Ltd.,Fastener,141,1.43,38,Blanket release,North,201.63
L03400,2024-09-14,Nordic Steel Co.,Cast Housing,72,8.34,33,Blanket release,North,600.48
L04208,2024-09-14,Perez Castings S.A.,Precision Assembly,3621,25.23,37,Blanket release,South,91357.83
L04427,2024-09-14,Alpha Fasteners Inc.,Fastener,61,2.27,8,Spot buy,South,138.47
L06833,2024-09-14,Alpha Fasteners Inc.,Formed Wire,66,5.16,21,Spot buy,South,340.56
L07884,2024-09-14,Alpha Fasteners Inc.,Formed Wire,348,2.82,17,Blanket release,South,981.36
L03012,2024-09-14,Alpha Fasteners Inc.,Fastener,26,2.21,19,Blanket release,North,57.46
L05393,2024-09-14,Kwan Precision Ltd.,Cast Housing,478,10.68,18,Blanket release,South,5105.04
L06978,2024-09-14,Alpha Fasteners Inc.,Formed Wire,241,2.36,3,Spot buy,North,568.76
L03677,2024-09-14,Britewire Ltd.,Fastener,132,1.18,21,Spot buy,North,155.76
L07333,2024-09-14,Britewire Ltd.,Fastener,14,1.74,16,Spot buy,North,24.36
L03285,2024-09-14,Alpha Fasteners Inc.,Fastener,186,1.71,34,Spot buy,North,318.06
L00198,2024-09-14,Nordic Steel Co.,Formed Wire,29,3.14,20,Spot buy,South,91.06
L06610,2024-09-14,Perez Castings S.A.,Precision Assembly,1118,36.81,19,Blanket release,North,41153.58
L05261,2024-09-14,Kwan Precision Ltd.,Cast Housing,385,9.81,34,Blanket release,North,3776.85
L03220,2024-09-14,Rhein Polymer GmbH,Cast Housing,93,13.23,17,Spot buy,South,1230.39
L03219,2024-09-14,Perez Castings S.A.,Cast Housing,314,9.97,15,Blanket release,South,3130.58
L02229,2024-09-14,Nordic Steel Co.,Formed Wire,108,2.6,27,Spot buy,North,280.8
L03551,2024-09-14,Britewire Ltd.,Fastener,370,0.86,11,Blanket release,North,318.2
L05626,2024-09-14,Rhein Polymer GmbH,Cast Housing,333,9.71,32,Blanket release,North,3233.43
L03497,2024-09-14,Nordic Steel Co.,Formed Wire,52,3.61,28,Blanket release,North,187.72
L06002,2024-09-14,Britewire Ltd.,Fastener,59,2.03,14,Spot buy,North,119.77
L00982,2024-09-14,Alpha Fasteners Inc.,Formed Wire,33,4.79,23,Blanket release,North,158.07
L03193,2024-09-14,Sato Industrial K.K.,Precision Assembly,190,39.5,13,Spot buy,South,7505.0
L02263,2024-09-14,Perez Castings S.A.,Precision Assembly,671,31.56,44,Blanket release,North,21176.76
L00479,2024-09-14,Perez Castings S.A.,Cast Housing,203,8.35,16,Blanket release,North,1695.05
L06987,2024-09-14,Meridian Tooling (internal),Cast Housing,151,6.5,21,Blanket release,South,981.5
L03161,2024-09-14,Alpha Fasteners Inc.,Fastener,354,1.24,23,Spot buy,South,438.96
L04324,2024-09-14,Rhein Polymer GmbH,Precision Assembly,748,23.61,43,Blanket release,South,17660.28
L04617,2024-09-14,Britewire Ltd.,Fastener,84,2.4,17,Spot buy,South,201.6
L02982,2024-09-14,Perez Castings S.A.,Cast Housing,773,8.48,27,Blanket release,North,6555.04
L03604,2024-09-14,Nordic Steel Co.,Formed Wire,70,3.42,21,Blanket release,North,239.4
L02196,2024-09-14,Britewire Ltd.,Fastener,78,1.02,16,Blanket release,North,79.56
L07698,2024-09-14,Britewire Ltd.,Fastener,17,2.34,4,Blanket release,North,39.78
L05169,2024-09-14,Britewire Ltd.,Fastener,10,6.29,19,Spot buy,North,62.9
L07282,2024-09-14,Rhein Polymer GmbH,Cast Housing,109,8.35,33,Blanket release,South,910.15
L07343,2024-09-14,Britewire Ltd.,Fastener,55,1.5,28,Blanket release,North,82.5
L06071,2024-09-14,Alpha Fasteners Inc.,Fastener,113,1.02,6,Spot buy,South,115.26
L04761,2024-09-14,Meridian Tooling (internal),Precision Assembly,564,16.52,40,Spot buy,South,9317.28
L07923,2024-09-14,Alpha Fasteners Inc.,Formed Wire,12,4.61,10,Blanket release,South,55.32
L06518,2024-09-14,Britewire Ltd.,Formed Wire,53,5.08,33,Spot buy,North,269.24
L01470,2024-09-14,Britewire Ltd.,Formed Wire,62,3.73,24,Spot buy,South,231.26
L04766,2024-09-14,Sato Industrial K.K.,Precision Assembly,1130,26.57,29,Blanket release,North,30024.1
L05737,2024-09-14,Rhein Polymer GmbH,Precision Assembly,1971,28.28,43,Spot buy,North,55739.88
L03944,2024-09-14,Kwan Precision Ltd.,Precision Assembly,439,33.57,25,Spot buy,North,14737.23
L07138,2024-09-14,Nordic Steel Co.,Formed Wire,756,2.86,16,Blanket release,North,2162.16
L03962,2024-09-14,Meridian Tooling (internal),Precision Assembly,110,32.63,35,Blanket release,North,3589.3
L01813,2024-09-14,Alpha Fasteners Inc.,Formed Wire,32,3.12,28,Spot buy,North,99.84
L02813,2024-09-14,Nordic Steel Co.,Formed Wire,74,4.18,16,Blanket release,North,309.32
L03359,2024-09-14,Britewire Ltd.,Fastener,68,1.29,13,Spot buy,North,87.72
L01439,2024-09-14,Alpha Fasteners Inc.,Formed Wire,29,3.93,19,Blanket release,North,113.97
L05799,2024-09-14,Alpha Fasteners Inc.,Formed Wire,51,4.06,14,Spot buy,South,207.06
L07481,2024-09-14,Alpha Fasteners Inc.,Formed Wire,154,3.02,14,Spot buy,North,465.08
L02729,2024-09-14,Alpha Fasteners Inc.,Fastener,39,1.66,22,Spot buy,North,64.74
L04028,2024-09-14,Nordic Steel Co.,Formed Wire,52,3.16,4,Spot buy,South,164.32
L07160,2024-09-14,Meridian Tooling (internal),Precision Assembly,386,23.3,30,Spot buy,North,8993.8
L02701,2024-09-14,Britewire Ltd.,Formed Wire,166,2.95,14,Blanket release,North,489.7
L04045,2024-09-14,Nordic Steel Co.,Formed Wire,180,3.52,24,Blanket release,South,633.6
L02665,2024-09-14,Perez Castings S.A.,Precision Assembly,264,21.06,22,Blanket release,North,5559.84
L06332,2024-09-14,Perez Castings S.A.,Cast Housing,38,13.2,29,Blanket release,North,501.6
L05495,2024-09-14,Nordic Steel Co.,Formed Wire,244,1.97,18,Blanket release,North,480.68
L04410,2024-09-14,Kwan Precision Ltd.,Cast Housing,71,13.07,26,Spot buy,North,927.97
L05839,2024-09-14,Meridian Tooling (internal),Precision Assembly,2179,24.5,26,Spot buy,South,53385.5
L05161,2024-09-14,Britewire Ltd.,Fastener,9,3.63,22,Spot buy,North,32.67
L00904,2024-09-14,Rhein Polymer GmbH,Precision Assembly,2281,33.38,28,Spot buy,South,76139.78
L01860,2024-09-14,Kwan Precision Ltd.,Cast Housing,865,12.02,24,Blanket release,North,10397.3
L03830,2024-09-14,Nordic Steel Co.,Cast Housing,51,17.36,13,Blanket release,South,885.36
L01855,2024-09-14,Nordic Steel Co.,Formed Wire,41,4.11,16,Spot buy,North,168.51
L05730,2024-09-14,Britewire Ltd.,Fastener,16,3.41,11,Spot buy,North,54.56
L04695,2024-09-14,Meridian Tooling (internal),Cast Housing,62,6.86,21,Blanket release,South,425.32
L07913,2024-09-14,Britewire Ltd.,Fastener,10,1.79,21,Spot buy,South,17.9
L03876,2024-09-14,Nordic Steel Co.,Cast Housing,177,8.77,12,Spot buy,South,1552.29
L03878,2024-09-14,Rhein Polymer GmbH,Cast Housing,302,12.95,39,Blanket release,South,3910.9
L04139,2024-09-14,Nordic Steel Co.,Formed Wire,56,5.73,11,Blanket release,North,320.88
L05544,2024-09-14,Alpha Fasteners Inc.,Fastener,52,2.03,27,Spot buy,South,105.56
L03514,2024-09-14,Britewire Ltd.,Fastener,12,1.3,22,Spot buy,South,15.6
L03927,2024-09-14,Nordic Steel Co.,Formed Wire,91,2.92,19,Blanket release,South,265.72
L04931,2024-09-14,Britewire Ltd.,Formed Wire,73,2.0,5,Blanket release,North,146.0
L07492,2024-09-14,Nordic Steel Co.,Formed Wire,196,3.41,20,Spot buy,South,668.36
L07119,2024-09-14,Nordic Steel Co.,Cast Housing,80,12.79,21,Blanket release,North,1023.2
L06475,2024-09-14,Alpha Fasteners Inc.,Fastener,29,1.31,13,Blanket release,North,37.99
L06807,2024-09-14,Sato Industrial K.K.,Precision Assembly,1051,32.86,18,Blanket release,South,34535.86
L04697,2024-09-14,Nordic Steel Co.,Cast Housing,37,9.22,18,Blanket release,North,341.14
L00304,2024-09-15,Nordic Steel Co.,Formed Wire,81,5.23,10,Blanket release,South,423.63
L06951,2024-09-15,Alpha Fasteners Inc.,Fastener,46,1.1,35,Spot buy,North,50.6
L07695,2024-09-15,Britewire Ltd.,Formed Wire,92,3.64,5,Blanket release,North,334.88
L00332,2024-09-15,Britewire Ltd.,Fastener,13,2.09,18,Spot buy,North,27.17
L04401,2024-09-15,Perez Castings S.A.,Cast Housing,233,9.89,25,Spot buy,North,2304.37
L04408,2024-09-15,Nordic Steel Co.,Formed Wire,34,3.5,11,Spot buy,South,119.0
L01661,2024-09-15,Alpha Fasteners Inc.,Formed Wire,59,4.19,18,Spot buy,North,247.21
L03524,2024-09-15,Britewire Ltd.,Fastener,8,2.4,18,Spot buy,South,19.2
L06333,2024-09-15,Perez Castings S.A.,Cast Housing,148,11.5,18,Spot buy,South,1702.0
L05446,2024-09-15,Alpha Fasteners Inc.,Formed Wire,120,3.32,34,Blanket release,South,398.4
L01719,2024-09-15,Kwan Precision Ltd.,Cast Housing,293,6.19,8,Blanket release,North,1813.67
L06143,2024-09-15,Alpha Fasteners Inc.,Fastener,11,2.43,23,Blanket release,South,26.73
L04167,2024-09-15,Sato Industrial K.K.,Precision Assembly,79,73.25,5,Spot buy,North,5786.75
L03826,2024-09-15,Alpha Fasteners Inc.,Fastener,186,1.01,19,Blanket release,South,187.86
L07741,2024-09-15,Alpha Fasteners Inc.,Fastener,50,1.62,21,Spot buy,North,81.0
L01865,2024-09-15,Britewire Ltd.,Fastener,10,1.51,9,Spot buy,North,15.1
L04234,2024-09-15,Britewire Ltd.,Formed Wire,48,2.57,20,Spot buy,South,123.36
L01931,2024-09-15,Nordic Steel Co.,Formed Wire,88,4.7,25,Blanket release,North,413.6
L01946,2024-09-15,Nordic Steel Co.,Formed Wire,169,2.47,7,Blanket release,North,417.43
L04263,2024-09-15,Rhein Polymer GmbH,Cast Housing,143,10.76,16,Spot buy,South,1538.68
L00576,2024-09-15,Britewire Ltd.,Formed Wire,51,2.43,32,Blanket release,North,123.93
L03701,2024-09-15,Britewire Ltd.,Fastener,10,7.86,29,Spot buy,South,78.6
L00994,2024-09-15,Rhein Polymer GmbH,Cast Housing,1066,11.22,11,Blanket release,South,11960.52
L07512,2024-09-15,Perez Castings S.A.,Cast Housing,201,8.2,21,Spot buy,South,1648.2
L01636,2024-09-15,Britewire Ltd.,Fastener,28,1.69,7,Blanket release,North,47.32
L02068,2024-09-15,Britewire Ltd.,Fastener,65,1.59,15,Spot buy,North,103.35
L03595,2024-09-15,Kwan Precision Ltd.,Cast Housing,184,12.09,22,Blanket release,South,2224.56
L05605,2024-09-15,Britewire Ltd.,Fastener,25,3.51,40,Spot buy,North,87.75
L02108,2024-09-15,Britewire Ltd.,Formed Wire,26,3.84,33,Blanket release,North,99.84
L04338,2024-09-15,Meridian Tooling (internal),Precision Assembly,556,25.1,38,Spot buy,South,13955.6
L06299,2024-09-15,Kwan Precision Ltd.,Cast Housing,46,13.47,19,Blanket release,North,619.62
L03541,2024-09-15,Perez Castings S.A.,Cast Housing,171,9.67,21,Spot buy,South,1653.57
L03539,2024-09-15,Britewire Ltd.,Formed Wire,141,1.55,40,Blanket release,North,218.55
L05987,2024-09-15,Britewire Ltd.,Fastener,219,1.21,28,Spot buy,North,264.99
L03360,2024-09-15,Nordic Steel Co.,Formed Wire,123,2.57,21,Blanket release,South,316.11
L05766,2024-09-15,Alpha Fasteners Inc.,Formed Wire,13,5.32,5,Spot buy,South,69.16
L00339,2024-09-15,Britewire Ltd.,Fastener,16,2.51,26,Spot buy,South,40.16
L00061,2024-09-15,Britewire Ltd.,Fastener,13,2.28,5,Blanket release,South,29.64
L04995,2024-09-15,Alpha Fasteners Inc.,Formed Wire,23,2.44,22,Blanket release,North,56.12
L07237,2024-09-15,Rhein Polymer GmbH,Cast Housing,233,9.75,11,Blanket release,South,2271.75
L06263,2024-09-15,Kwan Precision Ltd.,Cast Housing,192,11.46,24,Blanket release,South,2200.32
L05707,2024-09-15,Perez Castings S.A.,Cast Housing,171,9.93,24,Blanket release,South,1698.03
L07066,2024-09-15,Perez Castings S.A.,Precision Assembly,135,41.03,24,Blanket release,South,5539.05
L01308,2024-09-15,Britewire Ltd.,Fastener,9,4.18,2,Spot buy,North,37.62
L04976,2024-09-15,Rhein Polymer GmbH,Cast Housing,153,19.7,12,Blanket release,South,3014.1
L00597,2024-09-15,Alpha Fasteners Inc.,Formed Wire,83,2.59,16,Blanket release,North,214.97
L02369,2024-09-15,Perez Castings S.A.,Cast Housing,121,9.51,16,Spot buy,South,1150.71
L01261,2024-09-15,Alpha Fasteners Inc.,Fastener,146,1.41,16,Spot buy,North,205.86
L04637,2024-09-15,Britewire Ltd.,Fastener,13,2.32,26,Spot buy,South,30.16
L01245,2024-09-15,Alpha Fasteners Inc.,Fastener,115,1.14,38,Spot buy,South,131.1
L03098,2024-09-15,Alpha Fasteners Inc.,Fastener,283,1.19,8,Spot buy,South,336.77
L01531,2024-09-15,Alpha Fasteners Inc.,Fastener,214,1.06,22,Blanket release,North,226.84
L05916,2024-09-15,Alpha Fasteners Inc.,Formed Wire,327,1.87,18,Spot buy,South,611.49
L01267,2024-09-15,Alpha Fasteners Inc.,Formed Wire,52,3.58,3,Blanket release,North,186.16
L01323,2024-09-15,Nordic Steel Co.,Cast Housing,104,5.58,28,Blanket release,South,580.32
L01479,2024-09-15,Britewire Ltd.,Formed Wire,214,1.94,28,Spot buy,South,415.16
L04710,2024-09-15,Alpha Fasteners Inc.,Fastener,21,2.22,15,Spot buy,South,46.62
L00622,2024-09-15,Britewire Ltd.,Fastener,14,2.35,22,Spot buy,North,32.9
L00619,2024-09-15,Perez Castings S.A.,Precision Assembly,210,31.4,28,Blanket release,South,6594.0
L05786,2024-09-15,Alpha Fasteners Inc.,Fastener,41,2.21,18,Spot buy,South,90.61
L02766,2024-09-15,Britewire Ltd.,Fastener,27,1.87,21,Spot buy,South,50.49
L01378,2024-09-15,Perez Castings S.A.,Cast Housing,171,15.34,31,Spot buy,North,2623.14
L02560,2024-09-15,Alpha Fasteners Inc.,Fastener,14,1.16,16,Blanket release,South,16.24
L05749,2024-09-15,Britewire Ltd.,Formed Wire,30,3.88,31,Blanket release,North,116.4
L02802,2024-09-15,Nordic Steel Co.,Formed Wire,90,2.43,49,Blanket release,South,218.7
L01357,2024-09-15,Kwan Precision Ltd.,Cast Housing,198,7.4,13,Blanket release,North,1465.2
L07947,2024-09-15,Sato Industrial K.K.,Precision Assembly,222,42.86,20,Blanket release,North,9514.92
L07118,2024-09-15,Nordic Steel Co.,Cast Housing,627,9.92,23,Spot buy,South,6219.84
L02850,2024-09-15,Perez Castings S.A.,Precision Assembly,530,38.35,28,Spot buy,South,20325.5
L02875,2024-09-15,Rhein Polymer GmbH,Precision Assembly,241,37.28,34,Blanket release,North,8984.48
L07613,2024-09-15,Nordic Steel Co.,Formed Wire,171,1.88,30,Blanket release,North,321.48
L02468,2024-09-15,Alpha Fasteners Inc.,Fastener,9,4.1,20,Spot buy,North,36.9
L01478,2024-09-15,Rhein Polymer GmbH,Precision Assembly,357,42.53,14,Spot buy,North,15183.21
L07480,2024-09-15,Alpha Fasteners Inc.,Formed Wire,20,4.24,25,Blanket release,North,84.8
L06439,2024-09-15,Alpha Fasteners Inc.,Fastener,19,0.98,28,Blanket release,North,18.62
L05661,2024-09-15,Alpha Fasteners Inc.,Formed Wire,25,4.68,21,Blanket release,North,117.0
L00333,2024-09-15,Sato Industrial K.K.,Precision Assembly,169,50.68,13,Blanket release,North,8564.92
L07000,2024-09-15,Britewire Ltd.,Fastener,160,1.54,13,Spot buy,North,246.4
L00202,2024-09-15,Britewire Ltd.,Formed Wire,295,3.53,34,Spot buy,North,1041.35
L03233,2024-09-15,Alpha Fasteners Inc.,Fastener,12,2.65,42,Spot buy,North,31.8
L03129,2024-09-15,Britewire Ltd.,Fastener,115,1.23,17,Spot buy,North,141.45
L02632,2024-09-15,Nordic Steel Co.,Cast Housing,4006,6.28,13,Spot buy,North,25157.68
L04470,2024-09-15,Alpha Fasteners Inc.,Fastener,21,2.12,15,Spot buy,South,44.52
L07004,2024-09-15,Rhein Polymer GmbH,Precision Assembly,669,40.04,32,Blanket release,South,26786.76
L03292,2024-09-15,Perez Castings S.A.,Precision Assembly,472,47.69,10,Spot buy,North,22509.68
L07688,2024-09-15,Britewire Ltd.,Fastener,75,2.15,15,Spot buy,North,161.25
L03204,2024-09-15,Britewire Ltd.,Fastener,53,1.35,21,Spot buy,North,71.55
L06625,2024-09-15,Britewire Ltd.,Fastener,96,1.25,3,Spot buy,South,120.0
L06996,2024-09-15,Rhein Polymer GmbH,Precision Assembly,639,44.91,36,Blanket release,North,28697.49
L02278,2024-09-15,Alpha Fasteners Inc.,Formed Wire,12,4.06,16,Spot buy,North,48.72
L04454,2024-09-15,Kwan Precision Ltd.,Cast Housing,1137,7.74,21,Blanket release,North,8800.38
L01119,2024-09-15,Rhein Polymer GmbH,Precision Assembly,613,30.64,33,Blanket release,North,18782.32
L01562,2024-09-15,Nordic Steel Co.,Formed Wire,88,5.22,28,Spot buy,North,459.36
L02165,2024-09-15,Alpha Fasteners Inc.,Formed Wire,220,2.9,24,Blanket release,North,638.0
L02323,2024-09-15,Alpha Fasteners Inc.,Formed Wire,89,6.11,24,Blanket release,South,543.79
L05655,2024-09-15,Britewire Ltd.,Fastener,59,1.33,14,Spot buy,South,78.47
L07031,2024-09-15,Alpha Fasteners Inc.,Formed Wire,558,2.4,24,Spot buy,North,1339.2
L02184,2024-09-15,Nordic Steel Co.,Cast Housing,47,5.62,35,Blanket release,North,264.14
L03308,2024-09-15,Alpha Fasteners Inc.,Fastener,102,1.4,20,Blanket release,North,142.8
L07523,2024-09-16,Perez Castings S.A.,Cast Housing,184,9.63,23,Spot buy,North,1771.92
L02543,2024-09-16,Alpha Fasteners Inc.,Fastener,88,1.47,27,Blanket release,North,129.36
L00387,2024-09-16,Britewire Ltd.,Formed Wire,50,6.34,24,Spot buy,North,317.0
L07467,2024-09-16,Alpha Fasteners Inc.,Fastener,37,3.04,31,Blanket release,North,112.48
L00838,2024-09-16,Perez Castings S.A.,Precision Assembly,1494,30.94,20,Blanket release,South,46224.36
L01428,2024-09-16,Nordic Steel Co.,Formed Wire,76,2.28,12,Spot buy,South,173.28
L06976,2024-09-16,Rhein Polymer GmbH,Cast Housing,43,8.63,31,Blanket release,North,371.09
L02128,2024-09-16,Nordic Steel Co.,Cast Housing,152,8.05,32,Blanket release,South,1223.6
L02172,2024-09-16,Kwan Precision Ltd.,Cast Housing,910,9.27,22,Spot buy,South,8435.7
L03301,2024-09-16,Alpha Fasteners Inc.,Fastener,64,1.42,25,Spot buy,South,90.88
L01850,2024-09-16,Rhein Polymer GmbH,Cast Housing,134,5.93,26,Blanket release,North,794.62
L01416,2024-09-16,Kwan Precision Ltd.,Cast Housing,632,9.31,32,Spot buy,South,5883.92
L01410,2024-09-16,Kwan Precision Ltd.,Cast Housing,77,19.63,28,Blanket release,North,1511.51
L02823,2024-09-16,Rhein Polymer GmbH,Precision Assembly,330,36.25,22,Spot buy,South,11962.5
L02130,2024-09-16,Perez Castings S.A.,Cast Housing,153,10.71,18,Blanket release,South,1638.63
L01602,2024-09-16,Kwan Precision Ltd.,Precision Assembly,111,53.52,39,Blanket release,North,5940.72
L00999,2024-09-16,Alpha Fasteners Inc.,Fastener,108,0.99,19,Spot buy,South,106.92
L02922,2024-09-16,Nordic Steel Co.,Formed Wire,201,4.66,23,Spot buy,North,936.66
L00506,2024-09-16,Britewire Ltd.,Fastener,53,1.58,22,Spot buy,South,83.74
L07408,2024-09-16,Britewire Ltd.,Fastener,95,1.12,20,Spot buy,North,106.4
L07385,2024-09-16,Perez Castings S.A.,Precision Assembly,1596,47.09,36,Spot buy,South,75155.64
L03097,2024-09-16,Britewire Ltd.,Fastener,35,1.64,29,Spot buy,North,57.4
L07421,2024-09-16,Britewire Ltd.,Fastener,26,2.43,11,Spot buy,North,63.18
L00503,2024-09-16,Nordic Steel Co.,Cast Housing,347,10.55,19,Blanket release,South,3660.85
L07378,2024-09-16,Alpha Fasteners Inc.,Fastener,14,1.62,8,Blanket release,North,22.68
L06959,2024-09-16,Alpha Fasteners Inc.,Fastener,51,1.04,31,Blanket release,South,53.04
L01560,2024-09-16,Meridian Tooling (internal),Cast Housing,27,8.32,33,Spot buy,North,224.64
L07429,2024-09-16,Kwan Precision Ltd.,Cast Housing,101,10.98,27,Spot buy,South,1108.98
L01279,2024-09-16,Alpha Fasteners Inc.,Formed Wire,36,4.6,18,Blanket release,South,165.6
L01928,2024-09-16,Britewire Ltd.,Fastener,31,1.02,31,Spot buy,North,31.62
L00603,2024-09-16,Britewire Ltd.,Fastener,115,1.4,17,Blanket release,North,161.0
L02391,2024-09-16,Rhein Polymer GmbH,Cast Housing,145,7.49,33,Blanket release,South,1086.05
L00908,2024-09-16,Alpha Fasteners Inc.,Fastener,129,1.77,8,Spot buy,North,228.33
L01118,2024-09-16,Kwan Precision Ltd.,Precision Assembly,170,30.35,20,Spot buy,North,5159.5
L07676,2024-09-16,Perez Castings S.A.,Cast Housing,98,5.64,9,Blanket release,South,552.72
L07009,2024-09-16,Perez Castings S.A.,Cast Housing,1500,9.23,20,Spot buy,North,13845.0
L02960,2024-09-16,Britewire Ltd.,Fastener,74,1.33,3,Spot buy,North,98.42
L01694,2024-09-16,Britewire Ltd.,Fastener,112,1.31,25,Blanket release,North,146.72
L07235,2024-09-16,Nordic Steel Co.,Formed Wire,43,4.08,27,Blanket release,South,175.44
L03225,2024-09-16,Kwan Precision Ltd.,Cast Housing,342,10.77,10,Spot buy,North,3683.34
L07001,2024-09-16,Britewire Ltd.,Formed Wire,1109,2.3,19,Spot buy,South,2550.7
L07096,2024-09-16,Britewire Ltd.,Fastener,33,1.92,20,Blanket release,North,63.36
L01955,2024-09-16,Nordic Steel Co.,Formed Wire,20,3.62,28,Blanket release,North,72.4
L00001,2024-09-16,Perez Castings S.A.,Cast Housing,556,8.37,18,Blanket release,North,4653.72
L00047,2024-09-16,Sato Industrial K.K.,Precision Assembly,21,27.98,32,Spot buy,South,587.58
L04641,2024-09-16,Rhein Polymer GmbH,Precision Assembly,1071,37.21,25,Spot buy,South,39851.91
L06341,2024-09-16,Britewire Ltd.,Formed Wire,63,2.63,17,Spot buy,North,165.69
L05646,2024-09-16,Alpha Fasteners Inc.,Formed Wire,318,3.04,31,Spot buy,South,966.72
L05539,2024-09-16,Britewire Ltd.,Fastener,56,1.8,10,Spot buy,South,100.8
L04128,2024-09-16,Britewire Ltd.,Fastener,43,1.63,23,Spot buy,South,70.09
L06577,2024-09-16,Perez Castings S.A.,Cast Housing,108,9.79,10,Blanket release,North,1057.32
L05465,2024-09-16,Alpha Fasteners Inc.,Fastener,21,2.01,35,Spot buy,South,42.21
L06605,2024-09-16,Alpha Fasteners Inc.,Fastener,92,2.0,27,Spot buy,South,184.0
L05440,2024-09-16,Rhein Polymer GmbH,Cast Housing,33,9.26,40,Blanket release,North,305.58
L05167,2024-09-16,Rhein Polymer GmbH,Cast Housing,398,8.19,41,Blanket release,South,3259.62
L04555,2024-09-16,Perez Castings S.A.,Precision Assembly,334,30.95,18,Blanket release,North,10337.3
L04622,2024-09-16,Nordic Steel Co.,Formed Wire,27,2.17,13,Blanket release,North,58.59
L00080,2024-09-16,Alpha Fasteners Inc.,Formed Wire,323,2.0,33,Blanket release,North,646.0
L04175,2024-09-16,Alpha Fasteners Inc.,Formed Wire,271,2.1,19,Spot buy,South,569.1
L06390,2024-09-16,Alpha Fasteners Inc.,Formed Wire,356,1.53,25,Spot buy,North,544.68
L05956,2024-09-16,Perez Castings S.A.,Precision Assembly,100,54.47,28,Spot buy,South,5447.0
L00210,2024-09-16,Kwan Precision Ltd.,Cast Housing,153,9.26,22,Spot buy,North,1416.78
L04596,2024-09-16,Britewire Ltd.,Fastener,100,1.11,24,Spot buy,South,111.0
L06028,2024-09-16,Alpha Fasteners Inc.,Fastener,318,0.72,26,Spot buy,North,228.96
L00032,2024-09-16,Kwan Precision Ltd.,Cast Housing,118,12.29,29,Spot buy,North,1450.22
L00190,2024-09-16,Kwan Precision Ltd.,Cast Housing,129,10.01,12,Blanket release,North,1291.29
L04283,2024-09-16,Nordic Steel Co.,Formed Wire,96,2.58,29,Blanket release,North,247.68
L04706,2024-09-16,Britewire Ltd.,Formed Wire,202,1.86,35,Blanket release,North,375.72
L05241,2024-09-16,Nordic Steel Co.,Cast Housing,472,10.33,2,Blanket release,North,4875.76
L05899,2024-09-16,Alpha Fasteners Inc.,Formed Wire,507,1.53,30,Spot buy,South,775.71
L04343,2024-09-16,Alpha Fasteners Inc.,Fastener,15,2.28,12,Blanket release,North,34.2
L06513,2024-09-16,Alpha Fasteners Inc.,Formed Wire,649,2.07,22,Spot buy,North,1343.43
L04807,2024-09-16,Rhein Polymer GmbH,Precision Assembly,128,43.4,17,Blanket release,South,5555.2
L04767,2024-09-16,Alpha Fasteners Inc.,Formed Wire,4,17.62,19,Spot buy,South,70.48
L04466,2024-09-16,Alpha Fasteners Inc.,Fastener,25,2.52,24,Spot buy,North,63.0
L06382,2024-09-16,Perez Castings S.A.,Precision Assembly,522,32.8,23,Blanket release,South,17121.6
L07920,2024-09-16,Nordic Steel Co.,Formed Wire,53,2.11,29,Blanket release,South,111.83
L05236,2024-09-16,Alpha Fasteners Inc.,Fastener,26,2.66,10,Blanket release,North,69.16
L01638,2024-09-17,Britewire Ltd.,Fastener,22,1.48,6,Blanket release,North,32.56
L02129,2024-09-17,Nordic Steel Co.,Formed Wire,16,3.94,12,Spot buy,North,63.04
L03404,2024-09-17,Sato Industrial K.K.,Precision Assembly,121,31.17,51,Spot buy,North,3771.57
L02702,2024-09-17,Nordic Steel Co.,Formed Wire,51,5.24,11,Spot buy,North,267.24
L07361,2024-09-17,Nordic Steel Co.,Cast Housing,172,10.84,20,Blanket release,North,1864.48
L05127,2024-09-17,Alpha Fasteners Inc.,Formed Wire,103,2.62,22,Blanket release,North,269.86
L01090,2024-09-17,Alpha Fasteners Inc.,Fastener,41,1.21,7,Blanket release,North,49.61
L02758,2024-09-17,Sato Industrial K.K.,Precision Assembly,1009,34.9,35,Blanket release,South,35214.1
L02512,2024-09-17,Kwan Precision Ltd.,Precision Assembly,2964,35.32,43,Blanket release,South,104688.48
L06828,2024-09-17,Perez Castings S.A.,Cast Housing,448,10.4,28,Blanket release,North,4659.2
L06704,2024-09-17,Nordic Steel Co.,Formed Wire,26,2.52,15,Spot buy,North,65.52
L06596,2024-09-17,Rhein Polymer GmbH,Precision Assembly,377,30.47,25,Blanket release,South,11487.19
L06311,2024-09-17,Meridian Tooling (internal),Cast Housing,144,5.73,24,Spot buy,North,825.12
L04809,2024-09-17,Kwan Precision Ltd.,Cast Housing,54,14.94,23,Blanket release,South,806.76
L06821,2024-09-17,Rhein Polymer GmbH,Cast Housing,333,9.53,13,Blanket release,South,3173.49
L03224,2024-09-17,Rhein Polymer GmbH,Precision Assembly,759,24.42,21,Blanket release,South,18534.78
L01265,2024-09-17,Alpha Fasteners Inc.,Fastener,44,2.11,11,Spot buy,South,92.84
L02706,2024-09-17,Perez Castings S.A.,Cast Housing,251,7.53,25,Blanket release,South,1890.03
L04468,2024-09-17,Alpha Fasteners Inc.,Fastener,129,1.07,21,Spot buy,North,138.03
L03280,2024-09-17,Nordic Steel Co.,Formed Wire,218,2.66,20,Spot buy,North,579.88
L03699,2024-09-17,Kwan Precision Ltd.,Precision Assembly,235,51.44,42,Spot buy,South,12088.4
L05915,2024-09-17,Alpha Fasteners Inc.,Fastener,376,0.59,29,Blanket release,South,221.84
L02648,2024-09-17,Britewire Ltd.,Fastener,17,1.11,12,Blanket release,South,18.87
L05668,2024-09-17,Alpha Fasteners Inc.,Formed Wire,66,2.83,32,Spot buy,North,186.78
L05922,2024-09-17,Britewire Ltd.,Fastener,33,2.04,29,Spot buy,South,67.32
L05654,2024-09-17,Kwan Precision Ltd.,Cast Housing,114,13.89,14,Spot buy,North,1583.46
L05947,2024-09-17,Alpha Fasteners Inc.,Fastener,7,2.16,23,Spot buy,North,15.12
L06206,2024-09-17,Perez Castings S.A.,Precision Assembly,92,41.13,34,Blanket release,South,3783.96
L06650,2024-09-17,Alpha Fasteners Inc.,Fastener,55,1.26,32,Blanket release,North,69.3
L00213,2024-09-17,Kwan Precision Ltd.,Cast Housing,75,10.57,19,Blanket release,South,792.75
L02205,2024-09-17,Alpha Fasteners Inc.,Formed Wire,54,4.53,22,Blanket release,South,244.62
L04223,2024-09-17,Rhein Polymer GmbH,Cast Housing,189,7.05,10,Blanket release,North,1332.45
L06379,2024-09-17,Rhein Polymer GmbH,Precision Assembly,190,24.77,25,Blanket release,South,4706.3
L01114,2024-09-17,Britewire Ltd.,Formed Wire,82,4.64,12,Blanket release,South,380.48
L01407,2024-09-17,Britewire Ltd.,Formed Wire,36,4.73,17,Blanket release,North,170.28
L04852,2024-09-17,Nordic Steel Co.,Formed Wire,131,3.33,20,Spot buy,North,436.23
L06990,2024-09-17,Britewire Ltd.,Fastener,30,2.05,26,Spot buy,North,61.5
L05510,2024-09-17,Alpha Fasteners Inc.,Formed Wire,13,6.76,25,Blanket release,South,87.88
L00677,2024-09-17,Kwan Precision Ltd.,Cast Housing,607,9.31,30,Blanket release,South,5651.17
L02242,2024-09-17,Britewire Ltd.,Fastener,12,2.26,27,Spot buy,South,27.12
L06433,2024-09-17,Nordic Steel Co.,Formed Wire,203,2.82,16,Spot buy,South,572.46
L02895,2024-09-17,Kwan Precision Ltd.,Precision Assembly,988,34.7,25,Spot buy,North,34283.6
L02100,2024-09-17,Britewire Ltd.,Fastener,25,1.02,11,Spot buy,North,25.5
L05453,2024-09-17,Alpha Fasteners Inc.,Fastener,13,1.93,22,Spot buy,North,25.09
L01985,2024-09-17,Perez Castings S.A.,Precision Assembly,522,31.06,27,Spot buy,North,16213.32
L00873,2024-09-17,Alpha Fasteners Inc.,Formed Wire,217,2.55,19,Blanket release,North,553.35
L04838,2024-09-17,Meridian Tooling (internal),Precision Assembly,187,23.25,24,Blanket release,South,4347.75
L01983,2024-09-17,Kwan Precision Ltd.,Cast Housing,502,11.69,22,Blanket release,North,5868.38
L05439,2024-09-17,Nordic Steel Co.,Formed Wire,1011,3.06,18,Blanket release,South,3093.66
L04078,2024-09-17,Alpha Fasteners Inc.,Formed Wire,11,3.54,15,Spot buy,North,38.94
L06767,2024-09-17,Nordic Steel Co.,Formed Wire,30,4.16,18,Spot buy,North,124.8
L04704,2024-09-17,Britewire Ltd.,Fastener,37,2.7,27,Spot buy,South,99.9
L00828,2024-09-17,Nordic Steel Co.,Cast Housing,232,14.09,23,Spot buy,South,3268.88
L01842,2024-09-17,Kwan Precision Ltd.,Cast Housing,53,13.75,19,Spot buy,North,728.75
L06922,2024-09-17,Alpha Fasteners Inc.,Fastener,31,2.21,5,Spot buy,South,68.51
L07426,2024-09-17,Britewire Ltd.,Fastener,13,2.09,25,Spot buy,North,27.17
L02933,2024-09-17,Britewire Ltd.,Fastener,108,1.32,29,Blanket release,North,142.56
L02378,2024-09-17,Meridian Tooling (internal),Cast Housing,313,4.52,3,Spot buy,North,1414.76
L00811,2024-09-17,Nordic Steel Co.,Formed Wire,37,5.32,13,Spot buy,South,196.84
L05405,2024-09-17,Nordic Steel Co.,Formed Wire,244,2.13,19,Spot buy,North,519.72
L00172,2024-09-17,Alpha Fasteners Inc.,Formed Wire,101,2.96,22,Spot buy,North,298.96
L06921,2024-09-17,Alpha Fasteners Inc.,Fastener,50,2.41,18,Blanket release,North,120.5
L06108,2024-09-17,Alpha Fasteners Inc.,Fastener,10,3.55,23,Spot buy,North,35.5
L07103,2024-09-17,Britewire Ltd.,Fastener,4,1.87,18,Spot buy,North,7.48
L01874,2024-09-17,Perez Castings S.A.,Cast Housing,89,9.91,29,Spot buy,South,881.99
L06085,2024-09-17,Britewire Ltd.,Formed Wire,24,3.38,32,Spot buy,North,81.12
L01377,2024-09-17,Alpha Fasteners Inc.,Fastener,79,1.2,16,Blanket release,North,94.8
L03173,2024-09-17,Britewire Ltd.,Fastener,11,1.46,23,Blanket release,South,16.06
L00226,2024-09-17,Perez Castings S.A.,Cast Housing,171,11.91,26,Blanket release,South,2036.61
L01039,2024-09-17,Alpha Fasteners Inc.,Formed Wire,297,2.83,10,Blanket release,South,840.51
L04616,2024-09-17,Alpha Fasteners Inc.,Formed Wire,211,2.71,21,Blanket release,South,571.81
L05126,2024-09-17,Kwan Precision Ltd.,Precision Assembly,1062,41.01,22,Spot buy,North,43552.62
L06020,2024-09-17,Rhein Polymer GmbH,Cast Housing,131,11.75,33,Blanket release,North,1539.25
L01003,2024-09-17,Britewire Ltd.,Formed Wire,48,2.98,14,Blanket release,South,143.04
L01001,2024-09-17,Kwan Precision Ltd.,Precision Assembly,620,27.07,29,Blanket release,South,16783.4
L04176,2024-09-17,Britewire Ltd.,Fastener,149,0.95,5,Spot buy,South,141.55
L06026,2024-09-17,Perez Castings S.A.,Cast Housing,34,10.7,27,Blanket release,North,363.8
L06900,2024-09-17,Britewire Ltd.,Formed Wire,94,2.54,26,Blanket release,North,238.76
L05497,2024-09-17,Nordic Steel Co.,Formed Wire,60,2.8,23,Blanket release,South,168.0
L04132,2024-09-17,Britewire Ltd.,Fastener,131,1.22,20,Blanket release,South,159.82
L04163,2024-09-17,Alpha Fasteners Inc.,Fastener,15,1.86,15,Blanket release,North,27.9
L02698,2024-09-17,Rhein Polymer GmbH,Cast Housing,289,14.41,17,Spot buy,North,4164.49
L07970,2024-09-17,Alpha Fasteners Inc.,Fastener,26,1.25,30,Blanket release,South,32.5
L01332,2024-09-17,Alpha Fasteners Inc.,Fastener,11,3.34,17,Spot buy,North,36.74
L01362,2024-09-17,Alpha Fasteners Inc.,Fastener,88,1.84,10,Spot buy,South,161.92
L00928,2024-09-17,Kwan Precision Ltd.,Cast Housing,659,10.51,18,Spot buy,North,6926.09
L02348,2024-09-17,Alpha Fasteners Inc.,Fastener,81,3.04,14,Spot buy,North,246.24
L07475,2024-09-17,Sato Industrial K.K.,Precision Assembly,156,52.47,11,Spot buy,North,8185.32
L05828,2024-09-17,Britewire Ltd.,Formed Wire,61,3.0,27,Blanket release,South,183.0
L07298,2024-09-17,Alpha Fasteners Inc.,Fastener,134,1.41,16,Spot buy,South,188.94
L03915,2024-09-17,Alpha Fasteners Inc.,Formed Wire,23,2.91,18,Spot buy,South,66.93
L06374,2024-09-17,Sato Industrial K.K.,Precision Assembly,153,69.68,15,Blanket release,South,10661.04
L03549,2024-09-17,Alpha Fasteners Inc.,Fastener,17,3.2,22,Spot buy,North,54.4
L05829,2024-09-18,Nordic Steel Co.,Formed Wire,84,1.95,21,Spot buy,South,163.8
L07388,2024-09-18,Kwan Precision Ltd.,Precision Assembly,1329,29.84,31,Spot buy,South,39657.36
L05783,2024-09-18,Nordic Steel Co.,Cast Housing,310,7.95,37,Blanket release,South,2464.5
L03418,2024-09-18,Kwan Precision Ltd.,Cast Housing,30,15.07,14,Spot buy,North,452.1
L01369,2024-09-18,Rhein Polymer GmbH,Precision Assembly,734,33.43,30,Spot buy,North,24537.62
L03420,2024-09-18,Sato Industrial K.K.,Precision Assembly,27,47.45,29,Blanket release,North,1281.15
L07950,2024-09-18,Nordic Steel Co.,Formed Wire,48,2.85,9,Blanket release,North,136.8
L05300,2024-09-18,Alpha Fasteners Inc.,Fastener,24,1.76,14,Spot buy,South,42.24
L01381,2024-09-18,Britewire Ltd.,Fastener,115,1.15,31,Spot buy,South,132.25
L02735,2024-09-18,Alpha Fasteners Inc.,Fastener,330,0.89,36,Blanket release,South,293.7
L05064,2024-09-18,Alpha Fasteners Inc.,Fastener,21,3.31,14,Spot buy,South,69.51
L02852,2024-09-18,Britewire Ltd.,Fastener,13,1.48,22,Spot buy,North,19.24
L02773,2024-09-18,Rhein Polymer GmbH,Precision Assembly,282,53.84,45,Blanket release,South,15182.88
L07437,2024-09-18,Alpha Fasteners Inc.,Fastener,44,1.84,25,Spot buy,South,80.96
L01880,2024-09-18,Britewire Ltd.,Fastener,570,1.0,16,Spot buy,North,570.0
L01877,2024-09-18,Britewire Ltd.,Fastener,21,2.15,13,Spot buy,South,45.15
L01936,2024-09-18,Perez Castings S.A.,Cast Housing,3408,5.49,32,Blanket release,North,18709.92
L04676,2024-09-18,Alpha Fasteners Inc.,Formed Wire,211,2.19,27,Blanket release,South,462.09
L03016,2024-09-18,Perez Castings S.A.,Cast Housing,108,6.34,28,Spot buy,North,684.72
L01950,2024-09-18,Britewire Ltd.,Fastener,20,2.72,24,Spot buy,North,54.4
L00560,2024-09-18,Perez Castings S.A.,Cast Housing,206,6.71,10,Spot buy,North,1382.26
L01798,2024-09-18,Sato Industrial K.K.,Precision Assembly,347,50.51,18,Blanket release,North,17526.97
L04627,2024-09-18,Rhein Polymer GmbH,Cast Housing,309,12.25,22,Spot buy,North,3785.25
L05484,2024-09-18,Britewire Ltd.,Fastener,49,1.74,23,Blanket release,North,85.26
L03143,2024-09-18,Perez Castings S.A.,Precision Assembly,74,32.11,24,Blanket release,North,2376.14
L01749,2024-09-18,Kwan Precision Ltd.,Precision Assembly,323,56.39,38,Blanket release,North,18213.97
L06532,2024-09-18,Britewire Ltd.,Formed Wire,92,2.5,21,Spot buy,North,230.0
L02884,2024-09-18,Alpha Fasteners Inc.,Formed Wire,70,3.23,16,Blanket release,North,226.1
L01993,2024-09-18,Britewire Ltd.,Fastener,40,2.26,24,Spot buy,North,90.4
L02353,2024-09-18,Alpha Fasteners Inc.,Formed Wire,161,2.95,24,Spot buy,South,474.95
L01612,2024-09-18,Nordic Steel Co.,Formed Wire,105,2.86,25,Blanket release,North,300.3
L00071,2024-09-18,Britewire Ltd.,Fastener,15,1.57,19,Spot buy,South,23.55
L07937,2024-09-18,Britewire Ltd.,Fastener,163,0.66,24,Blanket release,North,107.58
L04733,2024-09-18,Nordic Steel Co.,Formed Wire,96,4.85,19,Spot buy,South,465.6
L02035,2024-09-18,Alpha Fasteners Inc.,Formed Wire,61,2.63,29,Blanket release,South,160.43
L03251,2024-09-18,Alpha Fasteners Inc.,Fastener,5,2.35,29,Spot buy,North,11.75
L03278,2024-09-18,Britewire Ltd.,Fastener,36,1.16,35,Blanket release,North,41.76
L05307,2024-09-18,Britewire Ltd.,Fastener,21,2.35,30,Blanket release,North,49.35
L03293,2024-09-18,Britewire Ltd.,Fastener,7,5.26,28,Spot buy,South,36.82
L05674,2024-09-18,Britewire Ltd.,Fastener,85,1.63,28,Spot buy,South,138.55
L05689,2024-09-18,Perez Castings S.A.,Cast Housing,424,8.28,2,Spot buy,South,3510.72
L07136,2024-09-18,Britewire Ltd.,Fastener,20,2.31,15,Blanket release,North,46.2
L04392,2024-09-18,Rhein Polymer GmbH,Precision Assembly,692,44.98,28,Blanket release,North,31126.16
L03528,2024-09-18,Nordic Steel Co.,Cast Housing,526,9.21,20,Spot buy,North,4844.46
L00081,2024-09-18,Alpha Fasteners Inc.,Fastener,15,4.01,18,Spot buy,South,60.15
L06915,2024-09-18,Perez Castings S.A.,Precision Assembly,515,39.23,13,Spot buy,South,20203.45
L05250,2024-09-18,Kwan Precision Ltd.,Cast Housing,100,9.98,23,Blanket release,North,998.0
L03956,2024-09-18,Rhein Polymer GmbH,Cast Housing,2007,5.96,22,Blanket release,South,11961.72
L00879,2024-09-18,Britewire Ltd.,Formed Wire,337,3.59,23,Spot buy,North,1209.83
L00272,2024-09-18,Perez Castings S.A.,Cast Housing,210,9.86,25,Spot buy,North,2070.6
L06210,2024-09-18,Britewire Ltd.,Formed Wire,109,2.79,16,Spot buy,North,304.11
L03634,2024-09-18,Perez Castings S.A.,Cast Housing,999,8.51,13,Spot buy,North,8501.49
L06876,2024-09-18,Alpha Fasteners Inc.,Fastener,34,1.73,5,Blanket release,North,58.82
L04207,2024-09-18,Perez Castings S.A.,Cast Housing,1434,7.46,21,Blanket release,North,10697.64
L06076,2024-09-18,Alpha Fasteners Inc.,Fastener,16,1.32,42,Spot buy,South,21.12
L05010,2024-09-18,Sato Industrial K.K.,Precision Assembly,833,51.97,31,Spot buy,North,43291.01
L07301,2024-09-18,Rhein Polymer GmbH,Cast Housing,368,10.86,38,Blanket release,South,3996.48
L02454,2024-09-18,Rhein Polymer GmbH,Cast Housing,85,12.08,8,Spot buy,North,1026.8
L00754,2024-09-18,Perez Castings S.A.,Precision Assembly,1105,36.32,21,Blanket release,North,40133.6
L02265,2024-09-18,Nordic Steel Co.,Cast Housing,192,12.28,19,Spot buy,North,2357.76
L04300,2024-09-18,Sato Industrial K.K.,Precision Assembly,289,38.36,38,Blanket release,North,11086.04
L00397,2024-09-18,Perez Castings S.A.,Cast Housing,50,6.67,28,Spot buy,North,333.5
L05115,2024-09-18,Kwan Precision Ltd.,Precision Assembly,599,33.41,39,Spot buy,North,20012.59
L02136,2024-09-18,Perez Castings S.A.,Cast Housing,775,11.74,15,Blanket release,South,9098.5
L06802,2024-09-18,Alpha Fasteners Inc.,Fastener,42,2.16,2,Spot buy,South,90.72
L01234,2024-09-18,Nordic Steel Co.,Cast Housing,566,9.06,14,Blanket release,North,5127.96
L04272,2024-09-18,Britewire Ltd.,Fastener,78,1.1,18,Spot buy,North,85.8
L01066,2024-09-18,Alpha Fasteners Inc.,Fastener,102,0.93,14,Spot buy,North,94.86
L01068,2024-09-18,Perez Castings S.A.,Cast Housing,163,11.45,12,Spot buy,North,1866.35
L00131,2024-09-18,Alpha Fasteners Inc.,Fastener,38,1.03,27,Spot buy,North,39.14
L00103,2024-09-18,Kwan Precision Ltd.,Cast Housing,107,11.11,22,Blanket release,South,1188.77
L02198,2024-09-18,Alpha Fasteners Inc.,Formed Wire,143,2.14,27,Blanket release,South,306.02
L02536,2024-09-18,Britewire Ltd.,Formed Wire,120,2.98,8,Spot buy,North,357.6
L07314,2024-09-18,Britewire Ltd.,Fastener,38,1.91,26,Spot buy,South,72.58
L05951,2024-09-18,Britewire Ltd.,Fastener,8,2.4,17,Spot buy,South,19.2
L03976,2024-09-18,Rhein Polymer GmbH,Precision Assembly,781,27.56,33,Blanket release,North,21524.36
L05111,2024-09-18,Britewire Ltd.,Fastener,68,1.78,10,Blanket release,North,121.04
L07289,2024-09-18,Britewire Ltd.,Fastener,19,2.03,31,Spot buy,South,38.57
L03600,2024-09-18,Kwan Precision Ltd.,Cast Housing,212,8.42,22,Spot buy,North,1785.04
L06666,2024-09-18,Rhein Polymer GmbH,Precision Assembly,675,44.83,22,Spot buy,North,30260.25
L00816,2024-09-18,Rhein Polymer GmbH,Cast Housing,113,11.07,18,Spot buy,South,1250.91
L07620,2024-09-18,Nordic Steel Co.,Formed Wire,75,3.74,27,Spot buy,North,280.5
L05040,2024-09-18,Britewire Ltd.,Fastener,43,3.4,39,Spot buy,South,146.2
L03586,2024-09-18,Kwan Precision Ltd.,Cast Housing,77,7.64,37,Spot buy,South,588.28
L03563,2024-09-18,Britewire Ltd.,Formed Wire,286,2.66,21,Spot buy,South,760.76
L06905,2024-09-18,Alpha Fasteners Inc.,Formed Wire,111,2.31,41,Blanket release,South,256.41
L06089,2024-09-18,Nordic Steel Co.,Formed Wire,12,5.91,30,Spot buy,North,70.92
L03601,2024-09-18,Rhein Polymer GmbH,Cast Housing,179,5.93,31,Blanket release,North,1061.47
L07173,2024-09-18,Britewire Ltd.,Fastener,21,3.11,24,Spot buy,North,65.31
L07372,2024-09-18,Kwan Precision Ltd.,Precision Assembly,502,36.11,45,Blanket release,North,18127.22
L00672,2024-09-18,Britewire Ltd.,Fastener,83,1.31,35,Spot buy,South,108.73
L06661,2024-09-18,Alpha Fasteners Inc.,Fastener,10,3.87,18,Spot buy,South,38.7
L07365,2024-09-18,Perez Castings S.A.,Precision Assembly,1097,36.68,36,Blanket release,North,40237.96
L01339,2024-09-18,Alpha Fasteners Inc.,Fastener,58,1.84,20,Spot buy,North,106.72
L05110,2024-09-18,Britewire Ltd.,Fastener,11,3.39,15,Spot buy,North,37.29
L02479,2024-09-19,Nordic Steel Co.,Formed Wire,44,4.11,33,Blanket release,South,180.84
L05354,2024-09-19,Sato Industrial K.K.,Precision Assembly,3676,38.35,35,Blanket release,North,140974.6
L07912,2024-09-19,Britewire Ltd.,Formed Wire,282,2.7,11,Blanket release,North,761.4
L06453,2024-09-19,Alpha Fasteners Inc.,Fastener,24,1.59,15,Spot buy,South,38.16
L07310,2024-09-19,Britewire Ltd.,Fastener,114,1.37,27,Spot buy,South,156.18
L05562,2024-09-19,Alpha Fasteners Inc.,Formed Wire,74,3.42,5,Blanket release,South,253.08
L02882,2024-09-19,Nordic Steel Co.,Formed Wire,182,2.05,32,Spot buy,North,373.1
L05340,2024-09-19,Perez Castings S.A.,Precision Assembly,673,35.88,31,Blanket release,North,24147.24
L05569,2024-09-19,Alpha Fasteners Inc.,Fastener,43,1.66,28,Spot buy,South,71.38
L04579,2024-09-19,Alpha Fasteners Inc.,Formed Wire,214,3.31,11,Blanket release,North,708.34
L05966,2024-09-19,Kwan Precision Ltd.,Cast Housing,19,13.96,31,Spot buy,North,265.24
L05366,2024-09-19,Alpha Fasteners Inc.,Formed Wire,142,2.62,18,Spot buy,North,372.04
L00252,2024-09-19,Meridian Tooling (internal),Cast Housing,242,8.27,38,Blanket release,North,2001.34
L02858,2024-09-19,Alpha Fasteners Inc.,Formed Wire,82,2.21,9,Spot buy,North,181.22
L00792,2024-09-19,Britewire Ltd.,Formed Wire,42,4.7,21,Blanket release,North,197.4
L06004,2024-09-19,Britewire Ltd.,Fastener,91,0.99,5,Blanket release,North,90.09
L06757,2024-09-19,Nordic Steel Co.,Formed Wire,72,3.39,5,Spot buy,South,244.08
L06803,2024-09-19,Alpha Fasteners Inc.,Fastener,31,1.59,20,Spot buy,North,49.29
L00840,2024-09-19,Kwan Precision Ltd.,Cast Housing,56,10.15,29,Blanket release,South,568.4
L03093,2024-09-19,Rhein Polymer GmbH,Cast Housing,270,10.77,22,Blanket release,North,2907.9
L00228,2024-09-19,Britewire Ltd.,Fastener,13,2.36,28,Spot buy,North,30.68
L04725,2024-09-19,Britewire Ltd.,Fastener,9,2.32,14,Spot buy,South,20.88
L00837,2024-09-19,Rhein Polymer GmbH,Cast Housing,65,9.85,19,Blanket release,North,640.25
L03945,2024-09-19,Alpha Fasteners Inc.,Fastener,12,1.27,32,Spot buy,North,15.24
L02450,2024-09-19,Alpha Fasteners Inc.,Formed Wire,48,4.26,18,Spot buy,North,204.48
L02394,2024-09-19,Britewire Ltd.,Formed Wire,217,3.92,27,Spot buy,North,850.64
L05460,2024-09-19,Alpha Fasteners Inc.,Fastener,8,3.45,29,Spot buy,South,27.6
L01732,2024-09-19,Alpha Fasteners Inc.,Formed Wire,40,2.37,16,Blanket release,North,94.8
L05427,2024-09-19,Nordic Steel Co.,Formed Wire,505,2.41,28,Spot buy,North,1217.05
L03893,2024-09-19,Alpha Fasteners Inc.,Fastener,56,1.73,28,Spot buy,North,96.88
L07969,2024-09-19,Rhein Polymer GmbH,Precision Assembly,2138,37.89,37,Spot buy,North,81008.82
L04022,2024-09-19,Alpha Fasteners Inc.,Fastener,68,1.13,13,Blanket release,South,76.84
L04626,2024-09-19,Alpha Fasteners Inc.,Fastener,19,1.82,37,Blanket release,North,34.58
L00957,2024-09-19,Nordic Steel Co.,Cast Housing,575,9.32,17,Blanket release,North,5359.0
L06031,2024-09-19,Britewire Ltd.,Formed Wire,128,2.78,5,Spot buy,North,355.84
L02404,2024-09-19,Rhein Polymer GmbH,Precision Assembly,747,64.24,24,Spot buy,South,47987.28
L02463,2024-09-19,Alpha Fasteners Inc.,Fastener,150,1.07,44,Spot buy,South,160.5
L02992,2024-09-19,Perez Castings S.A.,Cast Housing,116,6.41,28,Blanket release,North,743.56
L02384,2024-09-19,Kwan Precision Ltd.,Cast Housing,1061,11.57,30,Spot buy,North,12275.77
L03758,2024-09-19,Britewire Ltd.,Fastener,63,2.17,29,Spot buy,South,136.71
L05944,2024-09-19,Nordic Steel Co.,Formed Wire,264,2.74,12,Blanket release,South,723.36
L02792,2024-09-19,Alpha Fasteners Inc.,Formed Wire,122,1.82,29,Blanket release,North,222.04
L07873,2024-09-19,Alpha Fasteners Inc.,Formed Wire,40,3.57,8,Blanket release,South,142.8
L06875,2024-09-19,Alpha Fasteners Inc.,Fastener,5,0.87,28,Spot buy,North,4.35
L05729,2024-09-19,Alpha Fasteners Inc.,Formed Wire,32,3.28,19,Blanket release,South,104.96
L05303,2024-09-19,Kwan Precision Ltd.,Cast Housing,401,9.57,19,Spot buy,North,3837.57
L05324,2024-09-19,Rhein Polymer GmbH,Cast Housing,1727,8.65,20,Spot buy,South,14938.55
L05756,2024-09-19,Alpha Fasteners Inc.,Fastener,8,2.36,19,Spot buy,North,18.88
L03364,2024-09-19,Alpha Fasteners Inc.,Fastener,32,1.84,35,Spot buy,South,58.88
L02069,2024-09-19,Perez Castings S.A.,Precision Assembly,197,35.45,34,Blanket release,South,6983.65
L00273,2024-09-19,Nordic Steel Co.,Cast Housing,201,9.13,27,Spot buy,North,1835.13
L07575,2024-09-19,Britewire Ltd.,Fastener,48,1.59,15,Spot buy,South,76.32
L05772,2024-09-19,Nordic Steel Co.,Formed Wire,38,5.71,28,Spot buy,South,216.98
L00268,2024-09-19,Britewire Ltd.,Formed Wire,43,2.79,29,Blanket release,North,119.97
L02072,2024-09-19,Perez Castings S.A.,Cast Housing,1051,10.83,24,Spot buy,North,11382.33
L05886,2024-09-19,Alpha Fasteners Inc.,Fastener,12,2.15,12,Spot buy,North,25.8
L05255,2024-09-19,Rhein Polymer GmbH,Precision Assembly,875,65.99,17,Spot buy,North,57741.25
L03436,2024-09-19,Alpha Fasteners Inc.,Fastener,45,0.81,25,Blanket release,South,36.45
L01322,2024-09-19,Britewire Ltd.,Fastener,151,1.24,23,Blanket release,South,187.24
L06936,2024-09-19,Britewire Ltd.,Fastener,34,1.07,24,Blanket release,North,36.38
L07621,2024-09-19,Alpha Fasteners Inc.,Fastener,43,2.67,30,Spot buy,North,114.81
L03479,2024-09-19,Perez Castings S.A.,Precision Assembly,122,42.09,42,Blanket release,North,5134.98
L04355,2024-09-19,Rhein Polymer GmbH,Precision Assembly,130,53.86,25,Spot buy,North,7001.8
L00297,2024-09-19,Kwan Precision Ltd.,Cast Housing,382,10.35,11,Blanket release,South,3953.7
L01341,2024-09-19,Britewire Ltd.,Formed Wire,132,3.37,26,Spot buy,South,444.84
L07083,2024-09-19,Britewire Ltd.,Fastener,53,1.92,29,Spot buy,South,101.76
L04314,2024-09-19,Rhein Polymer GmbH,Cast Housing,75,10.17,12,Spot buy,North,762.75
L07392,2024-09-19,Perez Castings S.A.,Cast Housing,138,8.74,25,Spot buy,North,1206.12
L07606,2024-09-19,Alpha Fasteners Inc.,Formed Wire,25,4.88,21,Spot buy,North,122.0
L05638,2024-09-19,Rhein Polymer GmbH,Precision Assembly,755,36.83,27,Blanket release,North,27806.65
L00197,2024-09-19,Kwan Precision Ltd.,Precision Assembly,793,30.01,40,Blanket release,South,23797.93
L07673,2024-09-19,Britewire Ltd.,Fastener,7,1.57,31,Spot buy,North,10.99
L07116,2024-09-19,Nordic Steel Co.,Formed Wire,24,4.96,23,Blanket release,North,119.04
L04738,2024-09-19,Kwan Precision Ltd.,Cast Housing,55,12.9,23,Blanket release,South,709.5
L03241,2024-09-19,Nordic Steel Co.,Formed Wire,46,4.71,24,Blanket release,South,216.66
L00512,2024-09-19,Britewire Ltd.,Fastener,81,1.53,16,Spot buy,North,123.93
L01134,2024-09-19,Britewire Ltd.,Formed Wire,304,1.63,24,Spot buy,North,495.52
L03746,2024-09-19,Alpha Fasteners Inc.,Fastener,76,1.48,18,Spot buy,North,112.48
L02675,2024-09-19,Britewire Ltd.,Fastener,95,0.93,24,Spot buy,North,88.35
L02158,2024-09-19,Alpha Fasteners Inc.,Formed Wire,339,3.37,24,Spot buy,South,1142.43
L06482,2024-09-19,Kwan Precision Ltd.,Precision Assembly,227,46.43,22,Blanket release,North,10539.61
L07115,2024-09-19,Britewire Ltd.,Fastener,30,1.42,2,Spot buy,South,42.6
L06857,2024-09-19,Britewire Ltd.,Formed Wire,176,3.12,37,Blanket release,North,549.12
L00399,2024-09-19,Sato Industrial K.K.,Precision Assembly,1274,28.99,27,Blanket release,North,36933.26
L07350,2024-09-19,Britewire Ltd.,Fastener,62,1.26,24,Spot buy,South,78.12
L02623,2024-09-19,Perez Castings S.A.,Cast Housing,121,12.26,15,Spot buy,North,1483.46
L01509,2024-09-19,Alpha Fasteners Inc.,Fastener,107,1.18,19,Blanket release,South,126.26
L07909,2024-09-19,Alpha Fasteners Inc.,Fastener,68,1.7,17,Spot buy,South,115.6
L06547,2024-09-20,Perez Castings S.A.,Precision Assembly,1307,33.9,52,Spot buy,North,44307.3
L05046,2024-09-20,Alpha Fasteners Inc.,Fastener,273,1.55,11,Blanket release,North,423.15
L02672,2024-09-20,Britewire Ltd.,Fastener,93,1.05,9,Spot buy,South,97.65
L02935,2024-09-20,Alpha Fasteners Inc.,Formed Wire,139,3.44,13,Spot buy,South,478.16
L02110,2024-09-20,Nordic Steel Co.,Formed Wire,29,2.56,20,Blanket release,North,74.24
L07276,2024-09-20,Alpha Fasteners Inc.,Fastener,49,1.41,9,Spot buy,North,69.09
L02351,2024-09-20,Rhein Polymer GmbH,Precision Assembly,97,42.14,31,Blanket release,North,4087.58
L02080,2024-09-20,Britewire Ltd.,Formed Wire,26,4.65,17,Blanket release,North,120.9
L04776,2024-09-20,Britewire Ltd.,Fastener,21,2.47,35,Spot buy,North,51.87
L00394,2024-09-20,Alpha Fasteners Inc.,Fastener,24,2.03,27,Spot buy,South,48.72
L07963,2024-09-20,Nordic Steel Co.,Formed Wire,72,2.47,12,Spot buy,South,177.84
L02722,2024-09-20,Britewire Ltd.,Fastener,37,1.55,22,Spot buy,North,57.35
L05245,2024-09-20,Nordic Steel Co.,Formed Wire,22,3.29,21,Blanket release,South,72.38
L00099,2024-09-20,Britewire Ltd.,Formed Wire,66,2.73,18,Blanket release,South,180.18
L02303,2024-09-20,Nordic Steel Co.,Formed Wire,55,4.93,9,Blanket release,North,271.15
L04899,2024-09-20,Nordic Steel Co.,Formed Wire,26,5.58,34,Spot buy,North,145.08
L06410,2024-09-20,Britewire Ltd.,Fastener,25,1.56,19,Blanket release,North,39.0
L04803,2024-09-20,Alpha Fasteners Inc.,Formed Wire,76,2.66,10,Blanket release,North,202.16
L04796,2024-09-20,Rhein Polymer GmbH,Precision Assembly,794,25.28,20,Blanket release,North,20072.32
L02275,2024-09-20,Nordic Steel Co.,Cast Housing,28,18.37,37,Blanket release,South,514.36
L02591,2024-09-20,Rhein Polymer GmbH,Precision Assembly,298,39.31,31,Spot buy,North,11714.38
L04759,2024-09-20,Britewire Ltd.,Formed Wire,60,3.49,26,Spot buy,South,209.4
L04764,2024-09-20,Rhein Polymer GmbH,Cast Housing,878,9.3,33,Blanket release,North,8165.4
L01992,2024-09-20,Alpha Fasteners Inc.,Formed Wire,36,4.99,37,Spot buy,South,179.64
L05151,2024-09-20,Kwan Precision Ltd.,Precision Assembly,820,34.65,32,Blanket release,South,28413.0
L04533,2024-09-20,Nordic Steel Co.,Formed Wire,290,3.96,19,Spot buy,South,1148.4
L02962,2024-09-20,Kwan Precision Ltd.,Precision Assembly,613,45.76,37,Spot buy,South,28050.88
L05873,2024-09-20,Kwan Precision Ltd.,Cast Housing,291,16.23,26,Blanket release,North,4722.93
L05854,2024-09-20,Nordic Steel Co.,Cast Housing,108,11.46,24,Blanket release,North,1237.68
L07930,2024-09-20,Alpha Fasteners Inc.,Formed Wire,53,2.84,18,Spot buy,South,150.52
L05848,2024-09-20,Britewire Ltd.,Fastener,39,1.45,36,Spot buy,North,56.55
L06903,2024-09-20,Nordic Steel Co.,Formed Wire,577,2.68,19,Spot buy,North,1546.36
L05389,2024-09-20,Alpha Fasteners Inc.,Fastener,33,2.85,11,Spot buy,South,94.05
L05836,2024-09-20,Perez Castings S.A.,Precision Assembly,665,29.55,34,Spot buy,North,19650.75
L01370,2024-09-20,Nordic Steel Co.,Cast Housing,74,10.55,26,Blanket release,South,780.7
L04307,2024-09-20,Rhein Polymer GmbH,Cast Housing,94,12.48,18,Blanket release,South,1173.12
L07985,2024-09-20,Rhein Polymer GmbH,Cast Housing,214,7.23,7,Spot buy,North,1547.22
L01435,2024-09-20,Britewire Ltd.,Formed Wire,203,1.82,21,Spot buy,North,369.46
L04417,2024-09-20,Sato Industrial K.K.,Precision Assembly,792,46.03,33,Blanket release,South,36455.76
L05732,2024-09-20,Alpha Fasteners Inc.,Fastener,4,2.0,12,Spot buy,South,8.0
L03342,2024-09-20,Alpha Fasteners Inc.,Fastener,15,2.45,42,Spot buy,North,36.75
L07559,2024-09-20,Alpha Fasteners Inc.,Formed Wire,448,2.8,8,Spot buy,South,1254.4
L05702,2024-09-20,Nordic Steel Co.,Formed Wire,159,3.3,15,Blanket release,North,524.7
L06970,2024-09-20,Kwan Precision Ltd.,Precision Assembly,1090,51.76,18,Blanket release,North,56418.4
L07978,2024-09-20,Perez Castings S.A.,Cast Housing,177,10.01,24,Blanket release,North,1771.77
L06652,2024-09-20,Nordic Steel Co.,Cast Housing,407,14.87,2,Blanket release,South,6052.09
L01250,2024-09-20,Perez Castings S.A.,Cast Housing,217,7.25,23,Spot buy,North,1573.25
L04292,2024-09-20,Alpha Fasteners Inc.,Fastener,37,2.6,16,Blanket release,North,96.2
L03689,2024-09-20,Alpha Fasteners Inc.,Fastener,39,1.3,20,Spot buy,North,50.7
L00772,2024-09-20,Perez Castings S.A.,Cast Housing,136,10.57,12,Spot buy,North,1437.52
L04077,2024-09-20,Alpha Fasteners Inc.,Fastener,69,1.75,28,Spot buy,North,120.75
L00232,2024-09-20,Alpha Fasteners Inc.,Fastener,133,0.99,8,Spot buy,North,131.67
L03978,2024-09-20,Nordic Steel Co.,Formed Wire,154,2.46,24,Spot buy,North,378.84
L07744,2024-09-20,Nordic Steel Co.,Cast Housing,203,13.24,15,Spot buy,North,2687.72
L03938,2024-09-20,Britewire Ltd.,Fastener,89,1.29,24,Spot buy,South,114.81
L00906,2024-09-20,Perez Castings S.A.,Precision Assembly,677,36.86,22,Blanket release,North,24954.22
L06722,2024-09-20,Britewire Ltd.,Fastener,213,1.24,25,Spot buy,North,264.12
L06060,2024-09-20,Britewire Ltd.,Fastener,148,1.19,2,Spot buy,North,176.12
L06037,2024-09-20,Britewire Ltd.,Formed Wire,102,3.21,35,Blanket release,South,327.42
L06032,2024-09-20,Britewire Ltd.,Fastener,9,5.97,23,Spot buy,South,53.73
L03869,2024-09-20,Nordic Steel Co.,Cast Housing,384,6.93,23,Blanket release,South,2661.12
L07721,2024-09-20,Britewire Ltd.,Fastener,71,1.36,33,Blanket release,South,96.56
L06019,2024-09-20,Kwan Precision Ltd.,Precision Assembly,345,31.93,30,Blanket release,South,11015.85
L06179,2024-09-20,Britewire Ltd.,Fastener,135,1.5,26,Spot buy,North,202.5
L03797,2024-09-20,Alpha Fasteners Inc.,Formed Wire,333,1.93,24,Spot buy,North,642.69
L00212,2024-09-20,Britewire Ltd.,Fastener,25,1.28,19,Spot buy,South,32.0
L00026,2024-09-20,Rhein Polymer GmbH,Precision Assembly,463,31.4,11,Blanket release,North,14538.2
L03692,2024-09-20,Britewire Ltd.,Fastener,155,1.02,38,Spot buy,South,158.1
L03288,2024-09-20,Alpha Fasteners Inc.,Fastener,7,2.3,19,Spot buy,South,16.1
L03284,2024-09-20,Nordic Steel Co.,Formed Wire,34,4.35,22,Blanket release,North,147.9
L00107,2024-09-20,Nordic Steel Co.,Cast Housing,74,16.5,22,Blanket release,North,1221.0
L07022,2024-09-20,Rhein Polymer GmbH,Cast Housing,644,10.53,35,Spot buy,North,6781.32
L06591,2024-09-20,Nordic Steel Co.,Cast Housing,73,11.17,12,Blanket release,North,815.41
L04643,2024-09-20,Rhein Polymer GmbH,Cast Housing,355,9.87,22,Spot buy,North,3503.85
L07058,2024-09-20,Rhein Polymer GmbH,Cast Housing,177,7.48,17,Spot buy,North,1323.96
L07524,2024-09-20,Britewire Ltd.,Fastener,41,1.93,13,Spot buy,North,79.13
L07976,2024-09-20,Rhein Polymer GmbH,Cast Housing,85,13.58,34,Spot buy,South,1154.3
L01667,2024-09-20,Sato Industrial K.K.,Precision Assembly,1124,44.62,18,Spot buy,North,50152.88
L01711,2024-09-20,Sato Industrial K.K.,Precision Assembly,100,50.39,24,Spot buy,South,5039.0
L01672,2024-09-20,Britewire Ltd.,Fastener,81,1.83,12,Spot buy,North,148.23
L05412,2024-09-20,Britewire Ltd.,Fastener,19,3.27,25,Spot buy,South,62.13
L04634,2024-09-20,Nordic Steel Co.,Cast Housing,25,7.19,22,Blanket release,North,179.75
L05582,2024-09-20,Alpha Fasteners Inc.,Formed Wire,91,1.99,29,Blanket release,North,181.09
L07940,2024-09-20,Britewire Ltd.,Formed Wire,80,2.57,21,Blanket release,North,205.6
L02965,2024-09-20,Alpha Fasteners Inc.,Fastener,71,1.49,26,Blanket release,North,105.79
L06576,2024-09-20,Alpha Fasteners Inc.,Fastener,91,0.89,27,Blanket release,North,80.99
L00069,2024-09-20,Alpha Fasteners Inc.,Fastener,200,1.58,23,Spot buy,South,316.0
L03738,2024-09-21,Nordic Steel Co.,Formed Wire,92,3.81,20,Blanket release,North,350.52
L03751,2024-09-21,Britewire Ltd.,Formed Wire,264,3.2,9,Spot buy,South,844.8
L01120,2024-09-21,Britewire Ltd.,Fastener,84,1.79,18,Spot buy,North,150.36
L04245,2024-09-21,Nordic Steel Co.,Formed Wire,282,2.58,19,Spot buy,North,727.56
L07329,2024-09-21,Rhein Polymer GmbH,Precision Assembly,535,30.98,31,Spot buy,North,16574.3
L02040,2024-09-21,Britewire Ltd.,Fastener,36,1.87,33,Spot buy,North,67.32
L07878,2024-09-21,Kwan Precision Ltd.,Cast Housing,692,7.86,24,Blanket release,North,5439.12
L05197,2024-09-21,Britewire Ltd.,Formed Wire,275,2.1,29,Spot buy,North,577.5
L02208,2024-09-21,Alpha Fasteners Inc.,Fastener,49,0.91,26,Spot buy,North,44.59
L07658,2024-09-21,Kwan Precision Ltd.,Cast Housing,100,14.43,9,Spot buy,South,1443.0
L00101,2024-09-21,Nordic Steel Co.,Formed Wire,254,3.02,18,Blanket release,North,767.08
L01213,2024-09-21,Perez Castings S.A.,Precision Assembly,520,29.79,23,Spot buy,South,15490.8
L01800,2024-09-21,Alpha Fasteners Inc.,Formed Wire,15,5.57,25,Spot buy,North,83.55
L02828,2024-09-21,Rhein Polymer GmbH,Cast Housing,1955,11.15,15,Spot buy,South,21798.25
L03680,2024-09-21,Nordic Steel Co.,Cast Housing,91,6.02,33,Blanket release,North,547.82
L07356,2024-09-21,Alpha Fasteners Inc.,Formed Wire,70,3.22,18,Blanket release,South,225.4
L00021,2024-09-21,Britewire Ltd.,Fastener,13,2.59,30,Spot buy,North,33.67
L01108,2024-09-21,Perez Castings S.A.,Precision Assembly,393,25.25,20,Spot buy,North,9923.25
L05964,2024-09-21,Alpha Fasteners Inc.,Formed Wire,152,3.07,25,Blanket release,North,466.64
L06187,2024-09-21,Rhein Polymer GmbH,Precision Assembly,1846,27.4,30,Spot buy,South,50580.4
L00771,2024-09-21,Alpha Fasteners Inc.,Formed Wire,84,2.21,25,Spot buy,North,185.64
L06749,2024-09-21,Alpha Fasteners Inc.,Fastener,20,1.91,30,Blanket release,North,38.2
L04039,2024-09-21,Alpha Fasteners Inc.,Fastener,25,1.48,7,Spot buy,South,37.0
L00806,2024-09-21,Alpha Fasteners Inc.,Formed Wire,39,5.44,19,Spot buy,South,212.16
L05399,2024-09-21,Alpha Fasteners Inc.,Fastener,139,2.48,34,Spot buy,North,344.72
L00826,2024-09-21,Sato Industrial K.K.,Precision Assembly,180,29.95,28,Spot buy,North,5391.0
L02309,2024-09-21,Alpha Fasteners Inc.,Formed Wire,54,4.58,19,Spot buy,North,247.32
L06769,2024-09-21,Nordic Steel Co.,Cast Housing,314,8.41,22,Spot buy,South,2640.74
L02990,2024-09-21,Britewire Ltd.,Formed Wire,46,3.0,23,Blanket release,South,138.0
L07285,2024-09-21,Alpha Fasteners Inc.,Fastener,43,2.43,21,Blanket release,North,104.49
L02991,2024-09-21,Kwan Precision Ltd.,Cast Housing,373,9.0,13,Spot buy,North,3357.0
L06431,2024-09-21,Meridian Tooling (internal),Cast Housing,776,2.7,28,Blanket release,South,2095.2
L05360,2024-09-21,Perez Castings S.A.,Cast Housing,351,9.18,26,Spot buy,South,3222.18
L04136,2024-09-21,Rhein Polymer GmbH,Cast Housing,49,11.2,28,Blanket release,South,548.8
L05400,2024-09-21,Alpha Fasteners Inc.,Fastener,47,2.26,35,Spot buy,South,106.22
L07064,2024-09-21,Alpha Fasteners Inc.,Fastener,39,1.93,2,Blanket release,North,75.27
L01947,2024-09-21,Perez Castings S.A.,Precision Assembly,1830,39.42,35,Blanket release,South,72138.6
L06561,2024-09-21,Alpha Fasteners Inc.,Fastener,16,2.18,33,Spot buy,South,34.88
L04970,2024-09-21,Sato Industrial K.K.,Precision Assembly,248,48.25,25,Spot buy,South,11966.0
L03815,2024-09-21,Rhein Polymer GmbH,Cast Housing,36,15.56,19,Spot buy,South,560.16
L02477,2024-09-21,Nordic Steel Co.,Formed Wire,47,4.78,19,Blanket release,South,224.66
L03800,2024-09-21,Alpha Fasteners Inc.,Fastener,88,1.63,8,Spot buy,South,143.44
L00409,2024-09-21,Perez Castings S.A.,Cast Housing,210,11.2,23,Blanket release,South,2352.0
L04717,2024-09-21,Britewire Ltd.,Fastener,12,2.2,20,Spot buy,South,26.4
L04203,2024-09-21,Britewire Ltd.,Fastener,45,3.06,24,Spot buy,North,137.7
L07850,2024-09-21,Britewire Ltd.,Formed Wire,78,2.42,31,Spot buy,North,188.76
L05238,2024-09-21,Nordic Steel Co.,Formed Wire,50,2.41,13,Blanket release,North,120.5
L02145,2024-09-21,Britewire Ltd.,Formed Wire,46,3.28,14,Blanket release,North,150.88
L06511,2024-09-21,Kwan Precision Ltd.,Cast Housing,124,13.37,26,Spot buy,South,1657.88
L04409,2024-09-21,Alpha Fasteners Inc.,Fastener,8,2.85,17,Spot buy,South,22.8
L04371,2024-09-21,Alpha Fasteners Inc.,Fastener,24,1.87,38,Spot buy,South,44.88
L04835,2024-09-21,Britewire Ltd.,Fastener,71,1.37,38,Spot buy,South,97.27
L06653,2024-09-21,Alpha Fasteners Inc.,Fastener,15,2.37,29,Blanket release,North,35.55
L07932,2024-09-21,Britewire Ltd.,Fastener,33,1.28,21,Blanket release,North,42.24
L01403,2024-09-21,Rhein Polymer GmbH,Cast Housing,486,9.16,32,Spot buy,North,4451.76
L00638,2024-09-21,Alpha Fasteners Inc.,Formed Wire,577,2.26,33,Spot buy,North,1304.02
L06389,2024-09-21,Alpha Fasteners Inc.,Fastener,44,1.35,32,Spot buy,South,59.4
L02098,2024-09-21,Kwan Precision Ltd.,Precision Assembly,60,62.75,49,Spot buy,North,3765.0
L05692,2024-09-21,Britewire Ltd.,Fastener,47,2.01,17,Spot buy,South,94.47
L03424,2024-09-21,Perez Castings S.A.,Cast Housing,526,6.72,9,Blanket release,North,3534.72
L02077,2024-09-21,Rhein Polymer GmbH,Precision Assembly,1236,37.73,38,Spot buy,South,46634.28
L02019,2024-09-21,Britewire Ltd.,Fastener,16,2.28,22,Spot buy,South,36.48
L07387,2024-09-21,Alpha Fasteners Inc.,Formed Wire,18,6.32,20,Spot buy,North,113.76
L03672,2024-09-21,Nordic Steel Co.,Formed Wire,106,2.67,2,Spot buy,North,283.02
L04813,2024-09-21,Alpha Fasteners Inc.,Fastener,13,3.05,12,Spot buy,North,39.65
L06948,2024-09-21,Britewire Ltd.,Fastener,138,1.66,18,Spot buy,South,229.08
L03406,2024-09-21,Meridian Tooling (internal),Cast Housing,233,5.66,18,Spot buy,North,1318.78
L00393,2024-09-21,Rhein Polymer GmbH,Cast Housing,120,11.34,21,Blanket release,North,1360.8
L06660,2024-09-21,Britewire Ltd.,Formed Wire,112,1.94,19,Spot buy,North,217.28
L06255,2024-09-21,Britewire Ltd.,Fastener,42,2.06,26,Spot buy,South,86.52
L07800,2024-09-21,Nordic Steel Co.,Formed Wire,181,3.33,26,Spot buy,North,602.73
L07802,2024-09-21,Rhein Polymer GmbH,Cast Housing,93,7.48,2,Blanket release,South,695.64
L02117,2024-09-21,Kwan Precision Ltd.,Cast Housing,358,8.67,36,Spot buy,North,3103.86
L02818,2024-09-21,Britewire Ltd.,Fastener,16,1.55,23,Spot buy,South,24.8
L04455,2024-09-21,Sato Industrial K.K.,Precision Assembly,480,30.69,38,Blanket release,North,14731.2
L07821,2024-09-21,Perez Castings S.A.,Cast Housing,74,11.81,28,Spot buy,North,873.94
L06890,2024-09-21,Rhein Polymer GmbH,Cast Housing,596,13.42,31,Spot buy,South,7998.32
L03226,2024-09-21,Perez Castings S.A.,Precision Assembly,57,37.52,12,Blanket release,South,2138.64
L04858,2024-09-21,Kwan Precision Ltd.,Precision Assembly,608,33.57,29,Blanket release,North,20410.56
L05345,2024-09-21,Kwan Precision Ltd.,Cast Housing,148,10.44,14,Spot buy,South,1545.12
L03571,2024-09-21,Alpha Fasteners Inc.,Fastener,34,1.93,22,Blanket release,North,65.62
L06604,2024-09-21,Rhein Polymer GmbH,Cast Housing,217,11.5,4,Blanket release,North,2495.5
L00192,2024-09-21,Alpha Fasteners Inc.,Fastener,11,1.6,16,Blanket release,North,17.6
L03526,2024-09-21,Nordic Steel Co.,Formed Wire,47,6.3,17,Spot buy,South,296.1
L05704,2024-09-21,Alpha Fasteners Inc.,Fastener,78,1.67,24,Blanket release,North,130.26
L00857,2024-09-22,Perez Castings S.A.,Precision Assembly,879,27.34,26,Spot buy,South,24031.86
L01579,2024-09-22,Britewire Ltd.,Formed Wire,35,5.0,20,Spot buy,South,175.0
L00899,2024-09-22,Alpha Fasteners Inc.,Fastener,46,1.76,23,Spot buy,North,80.96
L06209,2024-09-22,Perez Castings S.A.,Precision Assembly,346,29.1,28,Blanket release,South,10068.6
L07759,2024-09-22,Perez Castings S.A.,Cast Housing,218,9.7,11,Blanket release,North,2114.6
L01571,2024-09-22,Britewire Ltd.,Formed Wire,110,2.46,36,Spot buy,North,270.6
L02058,2024-09-22,Kwan Precision Ltd.,Cast Housing,147,13.61,2,Spot buy,North,2000.67
L07533,2024-09-22,Alpha Fasteners Inc.,Formed Wire,199,1.93,17,Spot buy,North,384.07
L06115,2024-09-22,Sato Industrial K.K.,Precision Assembly,581,29.75,29,Blanket release,North,17284.75
L06117,2024-09-22,Britewire Ltd.,Fastener,48,1.6,24,Spot buy,North,76.8
L06383,2024-09-22,Nordic Steel Co.,Formed Wire,32,2.77,37,Blanket release,North,88.64
L02325,2024-09-22,Nordic Steel Co.,Cast Housing,1185,10.95,30,Blanket release,South,12975.75
L01930,2024-09-22,Alpha Fasteners Inc.,Formed Wire,397,2.2,38,Spot buy,South,873.4
L01506,2024-09-22,Kwan Precision Ltd.,Cast Housing,314,8.97,22,Spot buy,South,2816.58
L06436,2024-09-22,Britewire Ltd.,Fastener,1731,0.59,18,Blanket release,South,1021.29
L01837,2024-09-22,Nordic Steel Co.,Cast Housing,102,12.85,27,Blanket release,North,1310.7
L02270,2024-09-22,Alpha Fasteners Inc.,Fastener,26,2.38,34,Spot buy,South,61.88
L05901,2024-09-22,Rhein Polymer GmbH,Cast Housing,1769,7.63,21,Blanket release,North,13497.47
L05502,2024-09-22,Alpha Fasteners Inc.,Formed Wire,73,3.34,13,Blanket release,North,243.82
L01806,2024-09-22,Alpha Fasteners Inc.,Formed Wire,552,2.69,25,Spot buy,North,1484.88
L07626,2024-09-22,Rhein Polymer GmbH,Precision Assembly,460,33.12,18,Blanket release,South,15235.2
L05235,2024-09-22,Nordic Steel Co.,Formed Wire,44,3.99,9,Spot buy,South,175.56
L05199,2024-09-22,Alpha Fasteners Inc.,Fastener,11,3.28,22,Spot buy,South,36.08
L02112,2024-09-22,Alpha Fasteners Inc.,Fastener,31,2.37,2,Blanket release,North,73.47
L05196,2024-09-22,Nordic Steel Co.,Formed Wire,29,3.88,17,Spot buy,South,112.52
L05740,2024-09-22,Britewire Ltd.,Fastener,9,2.22,6,Spot buy,North,19.98
L06415,2024-09-22,Alpha Fasteners Inc.,Formed Wire,86,3.16,18,Spot buy,North,271.76
L05173,2024-09-22,Britewire Ltd.,Fastener,285,1.1,28,Spot buy,South,313.5
L02223,2024-09-22,Alpha Fasteners Inc.,Fastener,31,2.18,10,Spot buy,North,67.58
L00739,2024-09-22,Britewire Ltd.,Fastener,96,1.15,24,Blanket release,North,110.4
L05789,2024-09-22,Perez Castings S.A.,Cast Housing,145,9.34,21,Blanket release,North,1354.3
L05598,2024-09-22,Kwan Precision Ltd.,Cast Housing,215,8.68,31,Spot buy,North,1866.2
L07386,2024-09-22,Alpha Fasteners Inc.,Formed Wire,38,2.72,17,Blanket release,North,103.36
L05357,2024-09-22,Alpha Fasteners Inc.,Fastener,2,2.94,17,Spot buy,South,5.88
L01839,2024-09-22,Kwan Precision Ltd.,Cast Housing,836,10.18,2,Spot buy,North,8510.48
L05798,2024-09-22,Britewire Ltd.,Fastener,17,1.84,36,Spot buy,South,31.28
L01335,2024-09-22,Britewire Ltd.,Formed Wire,46,2.59,34,Blanket release,South,119.14
L04062,2024-09-22,Rhein Polymer GmbH,Cast Housing,60,14.87,31,Spot buy,North,892.2
L00775,2024-09-22,Alpha Fasteners Inc.,Fastener,9,3.51,13,Spot buy,North,31.59
L04990,2024-09-22,Britewire Ltd.,Fastener,23,1.39,31,Blanket release,North,31.97
L04317,2024-09-22,Alpha Fasteners Inc.,Formed Wire,123,2.94,6,Blanket release,South,361.62
L04318,2024-09-22,Alpha Fasteners Inc.,Fastener,43,1.78,23,Spot buy,North,76.54
L06892,2024-09-22,Nordic Steel Co.,Formed Wire,206,3.49,9,Spot buy,North,718.94
L00291,2024-09-22,Britewire Ltd.,Fastener,34,2.31,22,Spot buy,South,78.54
L03573,2024-09-22,Alpha Fasteners Inc.,Fastener,30,2.41,30,Blanket release,North,72.3
L02526,2024-09-22,Kwan Precision Ltd.,Cast Housing,94,17.54,16,Blanket release,North,1648.76
L06655,2024-09-22,Britewire Ltd.,Fastener,146,1.61,39,Spot buy,North,235.06
L00317,2024-09-22,Alpha Fasteners Inc.,Fastener,24,5.12,2,Spot buy,South,122.88
L02531,2024-09-22,Nordic Steel Co.,Formed Wire,34,2.44,23,Spot buy,South,82.96
L04485,2024-09-22,Britewire Ltd.,Formed Wire,26,4.03,18,Blanket release,North,104.78
L03234,2024-09-22,Alpha Fasteners Inc.,Formed Wire,17,5.24,2,Spot buy,North,89.08
L05006,2024-09-22,Nordic Steel Co.,Cast Housing,345,7.22,11,Spot buy,North,2490.9
L04576,2024-09-22,Perez Castings S.A.,Cast Housing,62,10.11,29,Spot buy,North,626.82
L03178,2024-09-22,Rhein Polymer GmbH,Cast Housing,132,13.35,2,Blanket release,North,1762.2
L07032,2024-09-22,Alpha Fasteners Inc.,Fastener,10,2.99,6,Spot buy,South,29.9
L04862,2024-09-22,Kwan Precision Ltd.,Cast Housing,202,16.11,16,Blanket release,South,3254.22
L04653,2024-09-22,Alpha Fasteners Inc.,Fastener,144,1.03,10,Spot buy,North,148.32
L03005,2024-09-22,Alpha Fasteners Inc.,Fastener,76,1.11,37,Blanket release,North,84.36
L04681,2024-09-22,Britewire Ltd.,Formed Wire,53,4.36,25,Blanket release,North,231.08
L02984,2024-09-22,Perez Castings S.A.,Cast Housing,68,8.09,22,Blanket release,North,550.12
L02940,2024-09-22,Perez Castings S.A.,Cast Housing,210,16.36,29,Blanket release,North,3435.6
L07879,2024-09-22,Perez Castings S.A.,Precision Assembly,466,42.58,28,Spot buy,North,19842.28
L00391,2024-09-22,Alpha Fasteners Inc.,Formed Wire,1725,1.64,36,Blanket release,South,2829.0
L06494,2024-09-22,Alpha Fasteners Inc.,Fastener,126,1.43,26,Spot buy,North,180.18
L00154,2024-09-22,Perez Castings S.A.,Cast Housing,341,7.34,15,Spot buy,North,2502.94
L04582,2024-09-22,Nordic Steel Co.,Cast Housing,234,12.37,17,Spot buy,North,2894.58
L03732,2024-09-22,Britewire Ltd.,Fastener,13,2.44,12,Blanket release,South,31.72
L07139,2024-09-22,Alpha Fasteners Inc.,Formed Wire,47,4.54,2,Spot buy,South,213.38
L03952,2024-09-22,Meridian Tooling (internal),Cast Housing,46,5.36,14,Blanket release,North,246.56
L06705,2024-09-22,Nordic Steel Co.,Formed Wire,186,2.13,32,Blanket release,South,396.18
L00466,2024-09-22,Sato Industrial K.K.,Precision Assembly,464,25.4,35,Blanket release,North,11785.6
L06760,2024-09-22,Kwan Precision Ltd.,Precision Assembly,139,36.99,21,Blanket release,North,5141.61
L04187,2024-09-22,Sato Industrial K.K.,Precision Assembly,606,34.01,21,Blanket release,North,20610.06
L05015,2024-09-22,Sato Industrial K.K.,Precision Assembly,254,46.35,33,Blanket release,North,11772.9
L04170,2024-09-22,Alpha Fasteners Inc.,Fastener,7,1.86,37,Blanket release,South,13.02
L04194,2024-09-22,Nordic Steel Co.,Formed Wire,285,2.28,24,Blanket release,North,649.8
L04033,2024-09-22,Nordic Steel Co.,Cast Housing,107,13.23,20,Spot buy,North,1415.61
L03753,2024-09-22,Alpha Fasteners Inc.,Fastener,102,1.34,20,Spot buy,South,136.68
L04204,2024-09-22,Britewire Ltd.,Fastener,60,1.05,21,Blanket release,North,63.0
L00111,2024-09-22,Perez Castings S.A.,Cast Housing,92,14.68,20,Spot buy,North,1350.56
L03791,2024-09-22,Britewire Ltd.,Fastener,21,3.08,15,Blanket release,North,64.68
L06808,2024-09-22,Nordic Steel Co.,Cast Housing,245,9.83,25,Spot buy,South,2408.35
L03114,2024-09-23,Nordic Steel Co.,Cast Housing,52,12.68,15,Blanket release,South,659.36
L07461,2024-09-23,Kwan Precision Ltd.,Precision Assembly,909,40.66,27,Spot buy,South,36959.94
L07033,2024-09-23,Nordic Steel Co.,Formed Wire,142,1.74,34,Blanket release,North,247.08
L07497,2024-09-23,Rhein Polymer GmbH,Precision Assembly,106,36.27,27,Spot buy,South,3844.62
L07483,2024-09-23,Alpha Fasteners Inc.,Formed Wire,1344,1.65,17,Spot buy,North,2217.6
L06721,2024-09-23,Britewire Ltd.,Formed Wire,23,3.01,21,Blanket release,North,69.23
L00249,2024-09-23,Alpha Fasteners Inc.,Fastener,18,1.82,28,Spot buy,North,32.76
L04558,2024-09-23,Britewire Ltd.,Fastener,16,3.19,41,Spot buy,South,51.04
L06718,2024-09-23,Alpha Fasteners Inc.,Fastener,26,2.58,9,Spot buy,North,67.08
L06343,2024-09-23,Rhein Polymer GmbH,Precision Assembly,327,34.99,24,Blanket release,North,11441.73
L07677,2024-09-23,Nordic Steel Co.,Formed Wire,109,2.73,23,Blanket release,South,297.57
L03039,2024-09-23,Alpha Fasteners Inc.,Fastener,17,1.98,22,Spot buy,North,33.66
L06523,2024-09-23,Nordic Steel Co.,Cast Housing,142,10.76,38,Blanket release,North,1527.92
L07122,2024-09-23,Britewire Ltd.,Fastener,78,2.11,23,Spot buy,South,164.58
L07838,2024-09-23,Britewire Ltd.,Fastener,6,3.12,24,Spot buy,South,18.72
L02001,2024-09-23,Perez Castings S.A.,Cast Housing,306,7.99,31,Blanket release,South,2444.94
L07919,2024-09-23,Perez Castings S.A.,Cast Housing,455,8.03,16,Spot buy,North,3653.65
L07762,2024-09-23,Nordic Steel Co.,Formed Wire,56,3.43,8,Blanket release,North,192.08
L01978,2024-09-23,Sato Industrial K.K.,Precision Assembly,862,37.21,26,Spot buy,North,32075.02
L00085,2024-09-23,Britewire Ltd.,Fastener,67,0.97,33,Blanket release,South,64.99
L05358,2024-09-23,Nordic Steel Co.,Formed Wire,11,6.14,20,Spot buy,North,67.54
L02938,2024-09-23,Perez Castings S.A.,Cast Housing,41,14.84,26,Spot buy,South,608.44
L07916,2024-09-23,Britewire Ltd.,Formed Wire,149,3.06,17,Spot buy,North,455.94
L06357,2024-09-23,Britewire Ltd.,Formed Wire,54,2.41,3,Blanket release,South,130.14
L01882,2024-09-23,Rhein Polymer GmbH,Cast Housing,454,9.54,14,Blanket release,North,4331.16
L06553,2024-09-23,Britewire Ltd.,Fastener,93,1.03,11,Spot buy,North,95.79
L04099,2024-09-23,Perez Castings S.A.,Precision Assembly,382,36.58,34,Spot buy,South,13973.56
L04113,2024-09-23,Nordic Steel Co.,Formed Wire,43,4.57,13,Blanket release,South,196.51
L05585,2024-09-23,Perez Castings S.A.,Cast Housing,293,9.68,43,Blanket release,South,2836.24
L03948,2024-09-23,Britewire Ltd.,Fastener,93,1.22,31,Spot buy,North,113.46
L05587,2024-09-23,Perez Castings S.A.,Cast Housing,174,13.22,8,Blanket release,South,2300.28
L03242,2024-09-23,Rhein Polymer GmbH,Cast Housing,36,13.98,29,Blanket release,South,503.28
L05618,2024-09-23,Britewire Ltd.,Fastener,34,1.43,2,Blanket release,North,48.62
L01316,2024-09-23,Perez Castings S.A.,Cast Housing,1609,7.36,24,Blanket release,North,11842.24
L06823,2024-09-23,Perez Castings S.A.,Cast Housing,210,9.69,13,Blanket release,South,2034.9
L00673,2024-09-23,Britewire Ltd.,Formed Wire,257,2.53,27,Blanket release,North,650.21
L06673,2024-09-23,Britewire Ltd.,Fastener,9,1.75,9,Spot buy,North,15.75
L07636,2024-09-23,Perez Castings S.A.,Precision Assembly,469,29.18,19,Spot buy,South,13685.42
L01286,2024-09-23,Nordic Steel Co.,Cast Housing,789,11.23,23,Blanket release,North,8860.47
L00250,2024-09-23,Britewire Ltd.,Fastener,41,1.63,16,Spot buy,South,66.83
L04309,2024-09-23,Alpha Fasteners Inc.,Fastener,53,1.56,31,Spot buy,North,82.68
L04293,2024-09-23,Alpha Fasteners Inc.,Fastener,30,1.77,12,Spot buy,South,53.1
L01239,2024-09-23,Britewire Ltd.,Fastener,25,2.51,29,Spot buy,North,62.75
L01228,2024-09-23,Meridian Tooling (internal),Precision Assembly,4058,14.57,14,Blanket release,North,59125.06
L01154,2024-09-23,Alpha Fasteners Inc.,Fastener,237,1.76,9,Spot buy,North,417.12
L01133,2024-09-23,Britewire Ltd.,Fastener,16,0.92,23,Spot buy,North,14.72
L07686,2024-09-23,Britewire Ltd.,Formed Wire,57,3.12,8,Blanket release,North,177.84
L04294,2024-09-23,Nordic Steel Co.,Formed Wire,454,2.63,42,Spot buy,South,1194.02
L01063,2024-09-23,Britewire Ltd.,Formed Wire,318,2.21,20,Blanket release,South,702.78
L01047,2024-09-23,Nordic Steel Co.,Formed Wire,312,3.86,23,Blanket release,South,1204.32
L01333,2024-09-23,Britewire Ltd.,Formed Wire,576,2.23,22,Blanket release,North,1284.48
L06994,2024-09-23,Kwan Precision Ltd.,Cast Housing,190,11.27,20,Spot buy,North,2141.3
L04492,2024-09-23,Britewire Ltd.,Fastener,40,1.24,10,Blanket release,North,49.6
L01551,2024-09-23,Perez Castings S.A.,Cast Housing,550,10.64,20,Spot buy,South,5852.0
L04444,2024-09-23,Britewire Ltd.,Formed Wire,96,2.86,34,Blanket release,North,274.56
L01529,2024-09-23,Nordic Steel Co.,Formed Wire,22,3.77,17,Spot buy,North,82.94
L06253,2024-09-23,Britewire Ltd.,Fastener,30,3.61,2,Spot buy,North,108.3
L01437,2024-09-23,Kwan Precision Ltd.,Precision Assembly,255,27.04,37,Blanket release,South,6895.2
L01412,2024-09-23,Britewire Ltd.,Fastener,18,1.1,16,Spot buy,North,19.8
L03490,2024-09-23,Britewire Ltd.,Fastener,16,2.51,38,Spot buy,South,40.16
L01368,2024-09-23,Alpha Fasteners Inc.,Formed Wire,143,2.48,6,Spot buy,South,354.64
L01042,2024-09-23,Britewire Ltd.,Formed Wire,37,3.51,24,Blanket release,North,129.87
L07131,2024-09-23,Britewire Ltd.,Fastener,135,1.26,36,Spot buy,South,170.1
L04350,2024-09-23,Nordic Steel Co.,Formed Wire,73,4.17,20,Spot buy,North,304.41
L03569,2024-09-23,Nordic Steel Co.,Cast Housing,578,10.49,33,Blanket release,South,6063.22
L04333,2024-09-23,Alpha Fasteners Inc.,Formed Wire,58,3.44,19,Blanket release,South,199.52
L02370,2024-09-23,Nordic Steel Co.,Formed Wire,142,1.86,13,Blanket release,North,264.12
L07608,2024-09-23,Britewire Ltd.,Formed Wire,62,4.51,22,Blanket release,South,279.62
L00580,2024-09-23,Alpha Fasteners Inc.,Formed Wire,581,1.46,18,Blanket release,North,848.26
L02414,2024-09-23,Britewire Ltd.,Fastener,47,2.32,14,Spot buy,South,109.04
L05076,2024-09-23,Britewire Ltd.,Fastener,39,1.49,30,Spot buy,South,58.11
L07215,2024-09-23,Britewire Ltd.,Fastener,49,2.05,44,Spot buy,South,100.45
L05139,2024-09-23,Alpha Fasteners Inc.,Fastener,19,1.4,15,Blanket release,South,26.6
L02557,2024-09-23,Alpha Fasteners Inc.,Fastener,189,1.47,3,Spot buy,North,277.83
L07324,2024-09-23,Britewire Ltd.,Formed Wire,566,2.51,30,Blanket release,South,1420.66
L05099,2024-09-23,Sato Industrial K.K.,Precision Assembly,721,35.8,27,Blanket release,North,25811.8
L07332,2024-09-23,Britewire Ltd.,Fastener,125,1.05,8,Blanket release,South,131.25
L02248,2024-09-23,Perez Castings S.A.,Cast Housing,107,7.67,9,Blanket release,South,820.69
L02140,2024-09-23,Alpha Fasteners Inc.,Formed Wire,31,3.48,23,Spot buy,North,107.88
L05073,2024-09-23,Kwan Precision Ltd.,Cast Housing,334,10.61,23,Blanket release,North,3543.74
L07373,2024-09-23,Alpha Fasteners Inc.,Formed Wire,30,4.87,29,Spot buy,South,146.1
L04935,2024-09-23,Britewire Ltd.,Fastener,109,1.69,21,Blanket release,North,184.21
L05143,2024-09-23,Perez Castings S.A.,Cast Housing,68,10.36,11,Spot buy,North,704.48
L05055,2024-09-23,Rhein Polymer GmbH,Precision Assembly,655,37.16,40,Blanket release,South,24339.8
L02537,2024-09-23,Alpha Fasteners Inc.,Formed Wire,33,5.83,17,Spot buy,South,192.39
L02577,2024-09-23,Meridian Tooling (internal),Precision Assembly,253,19.34,35,Blanket release,North,4893.02
L02407,2024-09-23,Sato Industrial K.K.,Precision Assembly,490,32.93,17,Blanket release,North,16135.7
L02305,2024-09-23,Britewire Ltd.,Fastener,18,2.4,31,Spot buy,North,43.2
L02380,2024-09-23,Perez Castings S.A.,Precision Assembly,485,42.42,17,Blanket release,South,20573.7
L02246,2024-09-23,Britewire Ltd.,Fastener,100,0.9,14,Blanket release,North,90.0
L06239,2024-09-24,Alpha Fasteners Inc.,Fastener,52,1.57,23,Spot buy,South,81.64
L00420,2024-09-24,Alpha Fasteners Inc.,Fastener,20,1.4,17,Spot buy,South,28.0
L07504,2024-09-24,Kwan Precision Ltd.,Cast Housing,148,11.03,26,Spot buy,North,1632.44
L01572,2024-09-24,Britewire Ltd.,Fastener,25,2.65,22,Spot buy,South,66.25
L01105,2024-09-24,Alpha Fasteners Inc.,Formed Wire,37,4.72,17,Blanket release,North,174.64
L03211,2024-09-24,Britewire Ltd.,Fastener,31,1.19,14,Spot buy,South,36.89
L04214,2024-09-24,Britewire Ltd.,Fastener,102,1.82,5,Spot buy,South,185.64
L03761,2024-09-24,Perez Castings S.A.,Cast Housing,55,12.63,26,Blanket release,South,694.65
L02281,2024-09-24,Kwan Precision Ltd.,Precision Assembly,83,32.71,31,Blanket release,North,2714.93
L03783,2024-09-24,Sato Industrial K.K.,Precision Assembly,885,41.26,30,Blanket release,South,36515.1
L06353,2024-09-24,Nordic Steel Co.,Formed Wire,21,6.62,14,Spot buy,North,139.02
L07189,2024-09-24,Alpha Fasteners Inc.,Formed Wire,196,1.96,26,Spot buy,North,384.16
L07377,2024-09-24,Britewire Ltd.,Fastener,30,2.37,33,Spot buy,North,71.1
L06555,2024-09-24,Rhein Polymer GmbH,Cast Housing,88,13.1,25,Spot buy,North,1152.8
L02419,2024-09-24,Alpha Fasteners Inc.,Formed Wire,75,1.75,37,Blanket release,North,131.25
L01070,2024-09-24,Rhein Polymer GmbH,Cast Housing,113,8.11,38,Blanket release,North,916.43
L07582,2024-09-24,Britewire Ltd.,Formed Wire,322,2.41,23,Spot buy,North,776.02
L06568,2024-09-24,Alpha Fasteners Inc.,Fastener,7,3.83,32,Blanket release,South,26.81
L02714,2024-09-24,Perez Castings S.A.,Cast Housing,36,5.99,36,Blanket release,North,215.64
L01488,2024-09-24,Rhein Polymer GmbH,Precision Assembly,376,30.94,25,Blanket release,South,11633.44
L02159,2024-09-24,Nordic Steel Co.,Cast Housing,18,8.99,37,Spot buy,North,161.82
L05607,2024-09-24,Kwan Precision Ltd.,Precision Assembly,1309,58.09,46,Blanket release,South,76039.81
L03511,2024-09-24,Britewire Ltd.,Formed Wire,187,2.58,20,Spot buy,North,482.46
L01700,2024-09-24,Britewire Ltd.,Formed Wire,81,4.26,16,Spot buy,South,345.06
L02490,2024-09-24,Alpha Fasteners Inc.,Fastener,25,3.11,31,Spot buy,South,77.75
L05857,2024-09-24,Britewire Ltd.,Fastener,42,1.61,21,Blanket release,North,67.62
L03206,2024-09-24,Britewire Ltd.,Formed Wire,3417,1.38,26,Blanket release,North,4715.46
L03615,2024-09-24,Britewire Ltd.,Formed Wire,461,1.54,21,Spot buy,South,709.94
L01296,2024-09-24,Nordic Steel Co.,Formed Wire,16,6.21,26,Blanket release,North,99.36
L03644,2024-09-24,Rhein Polymer GmbH,Precision Assembly,1390,40.53,37,Spot buy,South,56336.7
L01373,2024-09-24,Alpha Fasteners Inc.,Formed Wire,470,1.74,14,Blanket release,North,817.8
L03149,2024-09-24,Britewire Ltd.,Formed Wire,167,2.56,24,Blanket release,South,427.52
L04276,2024-09-24,Nordic Steel Co.,Formed Wire,31,2.58,18,Blanket release,South,79.98
L07650,2024-09-24,Alpha Fasteners Inc.,Fastener,68,1.46,24,Spot buy,North,99.28
L03507,2024-09-24,Sato Industrial K.K.,Precision Assembly,682,31.27,23,Blanket release,South,21326.14
L01756,2024-09-24,Alpha Fasteners Inc.,Fastener,36,1.74,27,Spot buy,South,62.64
L01169,2024-09-24,Sato Industrial K.K.,Precision Assembly,122,41.91,25,Blanket release,South,5113.02
L06237,2024-09-24,Britewire Ltd.,Fastener,670,0.66,22,Blanket release,South,442.2
L03126,2024-09-24,Alpha Fasteners Inc.,Fastener,73,2.37,5,Blanket release,South,173.01
L02595,2024-09-24,Alpha Fasteners Inc.,Fastener,148,1.59,33,Spot buy,South,235.32
L01349,2024-09-24,Sato Industrial K.K.,Precision Assembly,215,40.08,32,Blanket release,North,8617.2
L00186,2024-09-24,Kwan Precision Ltd.,Precision Assembly,750,28.38,27,Blanket release,South,21285.0
L03712,2024-09-24,Nordic Steel Co.,Cast Housing,599,9.77,12,Spot buy,South,5852.23
L05788,2024-09-24,Nordic Steel Co.,Formed Wire,366,3.1,8,Blanket release,North,1134.6
L03103,2024-09-24,Britewire Ltd.,Fastener,18,2.95,26,Spot buy,North,53.1
L01907,2024-09-24,Alpha Fasteners Inc.,Fastener,21,2.28,15,Blanket release,North,47.88
L01896,2024-09-24,Perez Castings S.A.,Cast Housing,20,18.26,32,Spot buy,North,365.2
L07875,2024-09-24,Perez Castings S.A.,Cast Housing,129,11.6,4,Blanket release,South,1496.4
L02844,2024-09-24,Britewire Ltd.,Fastener,27,1.41,23,Blanket release,North,38.07
L07124,2024-09-24,Alpha Fasteners Inc.,Formed Wire,45,4.02,12,Spot buy,North,180.9
L04434,2024-09-24,Kwan Precision Ltd.,Cast Housing,174,11.88,14,Spot buy,North,2067.12
L06629,2024-09-24,Britewire Ltd.,Formed Wire,81,4.69,13,Spot buy,North,379.89
L03311,2024-09-24,Nordic Steel Co.,Cast Housing,52,12.4,21,Spot buy,South,644.8
L02687,2024-09-24,Sato Industrial K.K.,Precision Assembly,1081,30.28,31,Blanket release,South,32732.68
L00340,2024-09-24,Kwan Precision Ltd.,Precision Assembly,1308,28.87,17,Blanket release,South,37761.96
L07133,2024-09-24,Kwan Precision Ltd.,Cast Housing,312,8.3,14,Blanket release,North,2589.6
L02065,2024-09-24,Nordic Steel Co.,Cast Housing,80,11.31,5,Spot buy,South,904.8
L07550,2024-09-24,Alpha Fasteners Inc.,Fastener,25,2.26,7,Spot buy,South,56.5
L02336,2024-09-24,Perez Castings S.A.,Cast Housing,91,9.11,21,Blanket release,South,829.01
L02740,2024-09-24,Perez Castings S.A.,Precision Assembly,1099,32.57,39,Spot buy,North,35794.43
L04015,2024-09-24,Sato Industrial K.K.,Precision Assembly,509,39.52,40,Blanket release,South,20115.68
L07565,2024-09-24,Rhein Polymer GmbH,Precision Assembly,2687,30.33,38,Blanket release,South,81496.71
L04903,2024-09-24,Britewire Ltd.,Formed Wire,48,3.84,15,Spot buy,South,184.32
L01466,2024-09-24,Britewire Ltd.,Formed Wire,80,2.43,30,Spot buy,North,194.4
L07262,2024-09-24,Alpha Fasteners Inc.,Fastener,176,1.76,22,Spot buy,South,309.76
L02076,2024-09-24,Nordic Steel Co.,Cast Housing,1076,10.02,10,Blanket release,North,10781.52
L01651,2024-09-24,Kwan Precision Ltd.,Precision Assembly,211,36.63,24,Blanket release,North,7728.93
L02717,2024-09-24,Britewire Ltd.,Fastener,15,2.45,22,Spot buy,South,36.75
L06386,2024-09-24,Britewire Ltd.,Formed Wire,170,3.28,29,Spot buy,North,557.6
L04834,2024-09-24,Rhein Polymer GmbH,Cast Housing,204,6.64,16,Blanket release,North,1354.56
L00526,2024-09-24,Britewire Ltd.,Formed Wire,76,2.03,28,Spot buy,North,154.28
L01048,2024-09-24,Nordic Steel Co.,Formed Wire,36,3.26,13,Blanket release,North,117.36
L06274,2024-09-24,Britewire Ltd.,Fastener,7,1.71,16,Spot buy,North,11.97
L03932,2024-09-24,Nordic Steel Co.,Cast Housing,172,7.67,19,Blanket release,South,1319.24
L02234,2024-09-24,Perez Castings S.A.,Precision Assembly,236,34.04,25,Blanket release,North,8033.44
L01041,2024-09-24,Nordic Steel Co.,Formed Wire,29,5.58,12,Spot buy,South,161.82
L06644,2024-09-24,Alpha Fasteners Inc.,Fastener,25,1.4,20,Spot buy,North,35.0
L05180,2024-09-24,Britewire Ltd.,Fastener,14,3.22,28,Spot buy,South,45.08
L06549,2024-09-24,Alpha Fasteners Inc.,Fastener,91,1.56,21,Spot buy,South,141.96
L01007,2024-09-24,Britewire Ltd.,Fastener,42,1.49,8,Spot buy,North,62.58
L04178,2024-09-24,Kwan Precision Ltd.,Cast Housing,61,19.82,27,Spot buy,South,1209.02
L06164,2024-09-24,Britewire Ltd.,Fastener,37,1.15,42,Spot buy,North,42.55
L03856,2024-09-24,Britewire Ltd.,Formed Wire,190,3.05,18,Blanket release,North,579.5
L05845,2024-09-24,Perez Castings S.A.,Cast Housing,213,10.98,20,Blanket release,North,2338.74
L04696,2024-09-24,Nordic Steel Co.,Formed Wire,15,4.9,15,Blanket release,South,73.5
L04699,2024-09-24,Kwan Precision Ltd.,Precision Assembly,617,30.15,39,Blanket release,South,18602.55
L00478,2024-09-24,Nordic Steel Co.,Formed Wire,68,2.53,32,Spot buy,North,172.04
L00385,2024-09-24,Kwan Precision Ltd.,Cast Housing,30,12.48,2,Blanket release,North,374.4
L07723,2024-09-24,Meridian Tooling (internal),Precision Assembly,932,16.09,27,Blanket release,North,14995.88
L01533,2024-09-24,Britewire Ltd.,Fastener,19,1.35,31,Blanket release,North,25.65
L06599,2024-09-24,Perez Castings S.A.,Cast Housing,875,9.22,9,Blanket release,North,8067.5
L01979,2024-09-24,Britewire Ltd.,Formed Wire,443,3.15,35,Blanket release,North,1395.45
L04146,2024-09-24,Britewire Ltd.,Fastener,50,1.64,8,Spot buy,North,82.0
L02891,2024-09-24,Britewire Ltd.,Formed Wire,36,3.15,15,Spot buy,South,113.4
L00161,2024-09-24,Nordic Steel Co.,Formed Wire,174,3.9,8,Blanket release,North,678.6
L03896,2024-09-24,Kwan Precision Ltd.,Cast Housing,95,14.56,35,Blanket release,North,1383.2
L03302,2024-09-24,Kwan Precision Ltd.,Precision Assembly,1458,35.85,32,Spot buy,South,52269.3
L03914,2024-09-24,Britewire Ltd.,Fastener,16,1.53,26,Spot buy,South,24.48
L01453,2024-09-24,Britewire Ltd.,Formed Wire,36,2.34,16,Blanket release,North,84.24
L06902,2024-09-24,Britewire Ltd.,Fastener,24,1.94,29,Spot buy,South,46.56
L01363,2024-09-25,Britewire Ltd.,Formed Wire,47,4.61,28,Spot buy,South,216.67
L04385,2024-09-25,Nordic Steel Co.,Cast Housing,600,7.3,30,Spot buy,North,4380.0
L04369,2024-09-25,Alpha Fasteners Inc.,Fastener,239,0.96,18,Blanket release,North,229.44
L07849,2024-09-25,Britewire Ltd.,Fastener,3,5.08,27,Spot buy,South,15.24
L03481,2024-09-25,Alpha Fasteners Inc.,Fastener,18,1.16,24,Spot buy,North,20.88
L03461,2024-09-25,Rhein Polymer GmbH,Cast Housing,193,17.13,19,Blanket release,North,3306.09
L01417,2024-09-25,Alpha Fasteners Inc.,Fastener,106,0.76,24,Spot buy,North,80.56
L07572,2024-09-25,Alpha Fasteners Inc.,Fastener,19,2.73,18,Spot buy,South,51.87
L00053,2024-09-25,Nordic Steel Co.,Cast Housing,236,9.24,19,Blanket release,South,2180.64
L02207,2024-09-25,Britewire Ltd.,Formed Wire,114,2.78,12,Blanket release,North,316.92
L00605,2024-09-25,Britewire Ltd.,Formed Wire,62,3.48,15,Spot buy,South,215.76
L02217,2024-09-25,Perez Castings S.A.,Cast Housing,143,10.07,11,Blanket release,North,1440.01
L06225,2024-09-25,Nordic Steel Co.,Cast Housing,325,10.16,10,Spot buy,South,3302.0
L03714,2024-09-25,Britewire Ltd.,Fastener,13,4.8,23,Spot buy,South,62.4
L05838,2024-09-25,Alpha Fasteners Inc.,Fastener,50,1.51,34,Spot buy,South,75.5
L01004,2024-09-25,Alpha Fasteners Inc.,Formed Wire,238,3.02,18,Blanket release,South,718.76
L00990,2024-09-25,Britewire Ltd.,Fastener,21,2.3,47,Spot buy,North,48.3
L06161,2024-09-25,Britewire Ltd.,Formed Wire,27,2.37,19,Spot buy,North,63.99
L00748,2024-09-25,Perez Castings S.A.,Cast Housing,173,12.57,38,Blanket release,South,2174.61
L07728,2024-09-25,Alpha Fasteners Inc.,Fastener,22,1.88,24,Spot buy,North,41.36
L06066,2024-09-25,Britewire Ltd.,Formed Wire,338,3.0,10,Blanket release,South,1014.0
L03921,2024-09-25,Nordic Steel Co.,Formed Wire,15,5.46,14,Blanket release,North,81.9
L07743,2024-09-25,Nordic Steel Co.,Formed Wire,189,2.08,20,Blanket release,North,393.12
L03836,2024-09-25,Nordic Steel Co.,Cast Housing,165,8.43,21,Spot buy,North,1390.95
L04119,2024-09-25,Britewire Ltd.,Fastener,23,1.55,25,Spot buy,North,35.65
L00846,2024-09-25,Britewire Ltd.,Fastener,8,3.1,18,Spot buy,North,24.8
L00844,2024-09-25,Alpha Fasteners Inc.,Formed Wire,156,3.94,2,Blanket release,South,614.64
L03964,2024-09-25,Perez Castings S.A.,Precision Assembly,492,47.57,38,Spot buy,South,23404.44
L07271,2024-09-25,Sato Industrial K.K.,Precision Assembly,923,30.24,21,Blanket release,South,27911.52
L00769,2024-09-25,Britewire Ltd.,Formed Wire,17,4.64,32,Blanket release,South,78.88
L00802,2024-09-25,Rhein Polymer GmbH,Cast Housing,227,18.02,22,Spot buy,South,4090.54
L04080,2024-09-25,Alpha Fasteners Inc.,Fastener,14,2.33,8,Spot buy,North,32.62
L04069,2024-09-25,Nordic Steel Co.,Cast Housing,283,7.56,24,Blanket release,North,2139.48
L00847,2024-09-25,Britewire Ltd.,Fastener,99,1.81,19,Spot buy,North,179.19
L01030,2024-09-25,Alpha Fasteners Inc.,Formed Wire,44,4.26,26,Blanket release,North,187.44
L05978,2024-09-25,Britewire Ltd.,Fastener,58,1.12,24,Spot buy,North,64.96
L02288,2024-09-25,Britewire Ltd.,Fastener,8,2.36,19,Spot buy,North,18.88
L02519,2024-09-25,Kwan Precision Ltd.,Cast Housing,231,12.96,27,Blanket release,South,2993.76
L05846,2024-09-25,Britewire Ltd.,Fastener,86,1.16,25,Spot buy,North,99.76
L04331,2024-09-25,Alpha Fasteners Inc.,Fastener,58,1.92,9,Spot buy,South,111.36
L01324,2024-09-25,Rhein Polymer GmbH,Precision Assembly,480,30.68,26,Spot buy,South,14726.4
L02241,2024-09-25,Perez Castings S.A.,Precision Assembly,109,32.42,30,Spot buy,South,3533.78
L03665,2024-09-25,Sato Industrial K.K.,Precision Assembly,87,53.56,28,Blanket release,North,4659.72
L07233,2024-09-25,Alpha Fasteners Inc.,Formed Wire,174,3.44,24,Spot buy,South,598.56
L07796,2024-09-25,Rhein Polymer GmbH,Cast Housing,381,9.01,25,Blanket release,South,3432.81
L02271,2024-09-25,Alpha Fasteners Inc.,Fastener,140,1.23,13,Blanket release,North,172.2
L07664,2024-09-25,Britewire Ltd.,Formed Wire,37,2.61,9,Spot buy,North,96.57
L00688,2024-09-25,Perez Castings S.A.,Cast Housing,70,7.81,26,Blanket release,North,546.7
L04232,2024-09-25,Alpha Fasteners Inc.,Fastener,52,0.93,47,Blanket release,South,48.36
L04216,2024-09-25,Kwan Precision Ltd.,Cast Housing,295,11.73,32,Blanket release,North,3460.35
L06192,2024-09-25,Nordic Steel Co.,Cast Housing,287,12.02,33,Spot buy,North,3449.74
L00260,2024-09-25,Kwan Precision Ltd.,Cast Housing,180,9.52,21,Blanket release,North,1713.6
L07296,2024-09-25,Britewire Ltd.,Formed Wire,27,5.54,28,Blanket release,South,149.58
L00729,2024-09-25,Alpha Fasteners Inc.,Fastener,49,1.83,23,Spot buy,South,89.67
L07792,2024-09-25,Alpha Fasteners Inc.,Fastener,15,1.82,27,Blanket release,North,27.3
L03752,2024-09-25,Alpha Fasteners Inc.,Fastener,40,2.19,16,Spot buy,South,87.6
L01350,2024-09-25,Alpha Fasteners Inc.,Fastener,9,2.53,22,Spot buy,South,22.77
L03337,2024-09-25,Nordic Steel Co.,Cast Housing,524,11.21,9,Spot buy,North,5874.04
L07853,2024-09-25,Alpha Fasteners Inc.,Formed Wire,84,2.85,16,Spot buy,North,239.4
L01747,2024-09-25,Britewire Ltd.,Formed Wire,404,1.44,11,Blanket release,North,581.76
L06991,2024-09-25,Kwan Precision Ltd.,Precision Assembly,340,26.62,39,Blanket release,North,9050.8
L05519,2024-09-25,Alpha Fasteners Inc.,Fastener,27,0.98,31,Spot buy,North,26.46
L07181,2024-09-25,Alpha Fasteners Inc.,Formed Wire,123,3.03,17,Spot buy,North,372.69
L05525,2024-09-25,Perez Castings S.A.,Precision Assembly,839,34.02,34,Spot buy,North,28542.78
L06491,2024-09-25,Alpha Fasteners Inc.,Fastener,2,3.59,29,Blanket release,North,7.18
L05227,2024-09-25,Nordic Steel Co.,Cast Housing,12,26.31,23,Blanket release,South,315.72
L02171,2024-09-25,Alpha Fasteners Inc.,Formed Wire,56,2.64,33,Blanket release,North,147.84
L04811,2024-09-25,Kwan Precision Ltd.,Precision Assembly,722,32.07,38,Blanket release,South,23154.54
L02867,2024-09-25,Kwan Precision Ltd.,Cast Housing,577,13.8,18,Blanket release,North,7962.6
L04896,2024-09-25,Alpha Fasteners Inc.,Fastener,16,2.54,33,Blanket release,North,40.64
L03010,2024-09-25,Alpha Fasteners Inc.,Formed Wire,45,3.8,23,Blanket release,North,171.0
L05419,2024-09-25,Rhein Polymer GmbH,Cast Housing,118,6.79,23,Blanket release,South,801.22
L06570,2024-09-25,Alpha Fasteners Inc.,Formed Wire,91,2.33,29,Spot buy,North,212.03
L01821,2024-09-25,Alpha Fasteners Inc.,Fastener,23,1.35,17,Blanket release,North,31.05
L02861,2024-09-25,Rhein Polymer GmbH,Cast Housing,41,11.63,5,Blanket release,North,476.83
L04532,2024-09-25,Perez Castings S.A.,Precision Assembly,762,28.68,27,Blanket release,North,21854.16
L07518,2024-09-25,Alpha Fasteners Inc.,Fastener,101,1.92,14,Blanket release,South,193.92
L00346,2024-09-25,Nordic Steel Co.,Formed Wire,43,3.68,28,Blanket release,North,158.24
L05549,2024-09-25,Britewire Ltd.,Fastener,14,3.57,15,Spot buy,North,49.98
L07531,2024-09-25,Britewire Ltd.,Fastener,80,2.26,23,Spot buy,South,180.8
L01698,2024-09-25,Alpha Fasteners Inc.,Fastener,13,3.0,10,Spot buy,North,39.0
L02976,2024-09-25,Alpha Fasteners Inc.,Fastener,43,2.15,18,Spot buy,South,92.45
L05182,2024-09-25,Alpha Fasteners Inc.,Formed Wire,70,6.22,15,Spot buy,North,435.4
L05380,2024-09-25,Britewire Ltd.,Formed Wire,47,4.6,27,Spot buy,North,216.2
L02161,2024-09-25,Nordic Steel Co.,Cast Housing,223,9.38,18,Blanket release,South,2091.74
L07942,2024-09-25,Alpha Fasteners Inc.,Formed Wire,200,2.51,6,Blanket release,North,502.0
L07436,2024-09-25,Nordic Steel Co.,Formed Wire,53,3.98,16,Blanket release,North,210.94
L03151,2024-09-25,Alpha Fasteners Inc.,Fastener,242,1.12,28,Spot buy,North,271.04
L03329,2024-09-25,Britewire Ltd.,Formed Wire,43,3.44,7,Spot buy,South,147.92
L01501,2024-09-25,Alpha Fasteners Inc.,Fastener,41,1.54,17,Spot buy,South,63.14
L02641,2024-09-25,Alpha Fasteners Inc.,Formed Wire,17,2.72,11,Blanket release,North,46.24
L01483,2024-09-25,Perez Castings S.A.,Cast Housing,60,14.88,22,Spot buy,South,892.8
L00166,2024-09-25,Perez Castings S.A.,Precision Assembly,515,22.36,28,Blanket release,North,11515.4
L00538,2024-09-25,Perez Castings S.A.,Cast Housing,1192,7.9,10,Spot buy,South,9416.8
L03157,2024-09-25,Nordic Steel Co.,Cast Housing,152,19.06,15,Spot buy,North,2897.12
L02542,2024-09-25,Sato Industrial K.K.,Precision Assembly,2309,46.02,19,Blanket release,North,106260.18
L04467,2024-09-25,Nordic Steel Co.,Cast Housing,114,11.69,19,Blanket release,South,1332.66
L05448,2024-09-25,Britewire Ltd.,Formed Wire,31,5.1,17,Blanket release,North,158.1
L07187,2024-09-25,Britewire Ltd.,Fastener,13,2.37,8,Spot buy,South,30.81
L04490,2024-09-25,Alpha Fasteners Inc.,Formed Wire,45,3.18,37,Blanket release,North,143.1
L07208,2024-09-25,Nordic Steel Co.,Cast Housing,136,16.33,2,Spot buy,South,2220.88
L02568,2024-09-25,Britewire Ltd.,Fastener,4,3.8,20,Spot buy,North,15.2
L04817,2024-09-25,Britewire Ltd.,Fastener,10,2.36,18,Blanket release,North,23.6
L02651,2024-09-25,Kwan Precision Ltd.,Cast Housing,38,13.36,24,Blanket release,North,507.68
L03133,2024-09-26,Perez Castings S.A.,Cast Housing,221,7.93,17,Blanket release,North,1752.53
L04732,2024-09-26,Alpha Fasteners Inc.,Fastener,21,1.46,25,Spot buy,North,30.66
L06856,2024-09-26,Perez Castings S.A.,Cast Housing,337,9.84,36,Blanket release,North,3316.08
L01231,2024-09-26,Nordic Steel Co.,Formed Wire,53,2.6,15,Spot buy,North,137.8
L06858,2024-09-26,Kwan Precision Ltd.,Cast Housing,1205,7.47,19,Blanket release,North,9001.35
L01236,2024-09-26,Kwan Precision Ltd.,Cast Housing,137,14.75,8,Spot buy,South,2020.75
L02111,2024-09-26,Britewire Ltd.,Formed Wire,88,5.26,8,Blanket release,South,462.88
L06328,2024-09-26,Alpha Fasteners Inc.,Formed Wire,300,1.8,8,Spot buy,North,540.0
L03683,2024-09-26,Perez Castings S.A.,Cast Housing,438,8.88,33,Blanket release,North,3889.44
L02462,2024-09-26,Kwan Precision Ltd.,Precision Assembly,266,49.03,30,Spot buy,North,13041.98
L02258,2024-09-26,Nordic Steel Co.,Cast Housing,163,12.72,24,Blanket release,North,2073.36
L04882,2024-09-26,Kwan Precision Ltd.,Cast Housing,16,10.24,24,Spot buy,South,163.84
L07929,2024-09-26,Alpha Fasteners Inc.,Formed Wire,134,2.85,37,Spot buy,North,381.9
L00365,2024-09-26,Nordic Steel Co.,Formed Wire,355,2.39,18,Spot buy,South,848.45
L04382,2024-09-26,Alpha Fasteners Inc.,Formed Wire,54,3.84,13,Blanket release,South,207.36
L00927,2024-09-26,Alpha Fasteners Inc.,Fastener,64,1.85,26,Spot buy,North,118.4
L07787,2024-09-26,Nordic Steel Co.,Formed Wire,35,3.43,18,Blanket release,North,120.05
L02635,2024-09-26,Britewire Ltd.,Fastener,38,1.67,26,Spot buy,South,63.46
L06811,2024-09-26,Nordic Steel Co.,Formed Wire,135,2.91,12,Blanket release,South,392.85
L01901,2024-09-26,Alpha Fasteners Inc.,Formed Wire,119,5.05,21,Spot buy,North,600.95
L02633,2024-09-26,Alpha Fasteners Inc.,Formed Wire,118,2.24,33,Spot buy,North,264.32
L00542,2024-09-26,Nordic Steel Co.,Cast Housing,145,13.05,23,Spot buy,North,1892.25
L05974,2024-09-26,Britewire Ltd.,Fastener,86,1.4,6,Spot buy,South,120.4
L04160,2024-09-26,Britewire Ltd.,Formed Wire,30,3.65,13,Blanket release,South,109.5
L03795,2024-09-26,Perez Castings S.A.,Precision Assembly,113,37.98,34,Spot buy,North,4291.74
L05113,2024-09-26,Nordic Steel Co.,Formed Wire,8,7.75,23,Spot buy,South,62.0
L02631,2024-09-26,Nordic Steel Co.,Cast Housing,153,10.99,2,Spot buy,North,1681.47
L05011,2024-09-26,Perez Castings S.A.,Cast Housing,58,11.63,3,Spot buy,North,674.54
L03882,2024-09-26,Britewire Ltd.,Formed Wire,52,2.68,22,Blanket release,North,139.36
L04659,2024-09-26,Alpha Fasteners Inc.,Fastener,29,3.03,22,Blanket release,South,87.87
L06432,2024-09-26,Alpha Fasteners Inc.,Fastener,127,1.37,17,Spot buy,North,173.99
L05281,2024-09-26,Nordic Steel Co.,Formed Wire,125,2.82,31,Spot buy,North,352.5
L00123,2024-09-26,Alpha Fasteners Inc.,Fastener,4,1.41,20,Blanket release,North,5.64
L07355,2024-09-26,Alpha Fasteners Inc.,Formed Wire,55,3.94,28,Spot buy,North,216.7
L07952,2024-09-26,Nordic Steel Co.,Formed Wire,371,2.72,5,Blanket release,North,1009.12
L02146,2024-09-26,Nordic Steel Co.,Cast Housing,186,9.93,30,Blanket release,South,1846.98
L06564,2024-09-26,Rhein Polymer GmbH,Precision Assembly,191,37.42,20,Blanket release,North,7147.22
L04722,2024-09-26,Rhein Polymer GmbH,Cast Housing,97,17.03,19,Blanket release,South,1651.91
L02445,2024-09-26,Sato Industrial K.K.,Precision Assembly,97,53.82,27,Blanket release,North,5220.54
L01145,2024-09-26,Nordic Steel Co.,Formed Wire,19,6.84,28,Spot buy,North,129.96
L03035,2024-09-26,Meridian Tooling (internal),Cast Housing,551,5.81,18,Spot buy,North,3201.31
L06585,2024-09-26,Rhein Polymer GmbH,Cast Housing,80,9.19,20,Blanket release,North,735.2
L00523,2024-09-26,Rhein Polymer GmbH,Cast Housing,114,13.25,24,Spot buy,North,1510.5
L03991,2024-09-26,Alpha Fasteners Inc.,Formed Wire,19,9.06,16,Spot buy,South,172.14
L04096,2024-09-26,Meridian Tooling (internal),Precision Assembly,590,20.03,39,Spot buy,North,11817.7
L03518,2024-09-26,Britewire Ltd.,Formed Wire,89,2.95,29,Spot buy,North,262.55
L04554,2024-09-26,Britewire Ltd.,Fastener,17,3.02,2,Spot buy,North,51.34
L03628,2024-09-26,Britewire Ltd.,Fastener,114,1.36,19,Spot buy,North,155.04
L07597,2024-09-26,Kwan Precision Ltd.,Precision Assembly,264,23.15,26,Blanket release,South,6111.6
L06294,2024-09-26,Meridian Tooling (internal),Precision Assembly,367,19.3,42,Blanket release,North,7083.1
L03495,2024-09-26,Britewire Ltd.,Formed Wire,81,3.38,32,Blanket release,South,273.78
L05823,2024-09-26,Rhein Polymer GmbH,Cast Housing,64,16.62,33,Spot buy,North,1063.68
L02730,2024-09-26,Nordic Steel Co.,Formed Wire,94,3.5,14,Blanket release,North,329.0
L02699,2024-09-26,Kwan Precision Ltd.,Cast Housing,49,10.84,15,Spot buy,South,531.16
L01576,2024-09-26,Alpha Fasteners Inc.,Formed Wire,367,1.96,18,Spot buy,North,719.32
L04911,2024-09-26,Britewire Ltd.,Fastener,10,2.41,23,Spot buy,North,24.1
L07532,2024-09-26,Nordic Steel Co.,Cast Housing,1162,8.03,10,Blanket release,North,9330.86
L00626,2024-09-26,Perez Castings S.A.,Cast Housing,174,16.96,31,Spot buy,North,2951.04
L06956,2024-09-26,Britewire Ltd.,Fastener,141,1.07,30,Blanket release,South,150.87
L05679,2024-09-26,Rhein Polymer GmbH,Cast Housing,219,15.72,30,Blanket release,South,3442.68
L07567,2024-09-26,Alpha Fasteners Inc.,Formed Wire,482,2.33,22,Blanket release,South,1123.06
L06747,2024-09-26,Britewire Ltd.,Fastener,11,3.23,5,Spot buy,South,35.53
L04432,2024-09-26,Rhein Polymer GmbH,Precision Assembly,940,28.37,48,Blanket release,North,26667.8
L00776,2024-09-26,Sato Industrial K.K.,Precision Assembly,90,66.55,26,Spot buy,South,5989.5
L00204,2024-09-26,Kwan Precision Ltd.,Precision Assembly,5355,22.47,44,Blanket release,North,120326.85
L00650,2024-09-26,Alpha Fasteners Inc.,Fastener,98,1.52,4,Blanket release,North,148.96
L03545,2024-09-26,Nordic Steel Co.,Formed Wire,89,4.42,23,Spot buy,South,393.38
L05026,2024-09-26,Nordic Steel Co.,Formed Wire,20,3.62,9,Blanket release,South,72.4
L06893,2024-09-26,Britewire Ltd.,Fastener,19,2.07,24,Spot buy,South,39.33
L07972,2024-09-26,Rhein Polymer GmbH,Precision Assembly,3357,50.37,29,Spot buy,North,169092.09
L07311,2024-09-26,Alpha Fasteners Inc.,Fastener,91,0.72,33,Spot buy,North,65.52
L04927,2024-09-26,Britewire Ltd.,Formed Wire,183,2.38,21,Blanket release,South,435.54
L00408,2024-09-26,Alpha Fasteners Inc.,Formed Wire,152,4.06,7,Blanket release,North,617.12
L02951,2024-09-26,Nordic Steel Co.,Formed Wire,22,2.95,9,Spot buy,South,64.9
L00563,2024-09-26,Alpha Fasteners Inc.,Fastener,7,5.28,2,Spot buy,South,36.96
L06147,2024-09-26,Alpha Fasteners Inc.,Fastener,73,1.72,22,Spot buy,South,125.56
L02832,2024-09-26,Alpha Fasteners Inc.,Fastener,51,1.95,22,Spot buy,North,99.45
L03180,2024-09-26,Alpha Fasteners Inc.,Formed Wire,133,4.2,20,Spot buy,South,558.6
L05570,2024-09-26,Alpha Fasteners Inc.,Formed Wire,139,2.78,17,Blanket release,South,386.42
L05576,2024-09-26,Rhein Polymer GmbH,Precision Assembly,152,48.36,12,Spot buy,North,7350.72
L02821,2024-09-26,Nordic Steel Co.,Formed Wire,6,6.94,21,Blanket release,South,41.64
L02576,2024-09-26,Britewire Ltd.,Fastener,35,1.55,28,Blanket release,North,54.25
L06307,2024-09-26,Alpha Fasteners Inc.,Formed Wire,476,1.91,21,Blanket release,South,909.16
L07316,2024-09-26,Alpha Fasteners Inc.,Fastener,95,1.44,23,Spot buy,South,136.8
L07169,2024-09-26,Alpha Fasteners Inc.,Formed Wire,26,2.59,24,Blanket release,North,67.34
L06537,2024-09-27,Alpha Fasteners Inc.,Fastener,66,1.52,33,Spot buy,North,100.32
L05301,2024-09-27,Perez Castings S.A.,Cast Housing,91,14.72,42,Spot buy,South,1339.52
L06146,2024-09-27,Britewire Ltd.,Formed Wire,119,3.42,21,Blanket release,North,406.98
L02801,2024-09-27,Alpha Fasteners Inc.,Fastener,6,2.96,35,Blanket release,North,17.76
L00860,2024-09-27,Perez Castings S.A.,Cast Housing,858,6.11,32,Spot buy,South,5242.38
L06502,2024-09-27,Alpha Fasteners Inc.,Fastener,9,3.73,23,Spot buy,South,33.57
L02639,2024-09-27,Alpha Fasteners Inc.,Formed Wire,130,2.13,33,Blanket release,South,276.9
L03959,2024-09-27,Alpha Fasteners Inc.,Formed Wire,172,2.26,22,Blanket release,North,388.72
L02947,2024-09-27,Sato Industrial K.K.,Precision Assembly,538,41.09,14,Spot buy,South,22106.42
L02673,2024-09-27,Rhein Polymer GmbH,Cast Housing,277,9.71,15,Blanket release,North,2689.67
L02074,2024-09-27,Nordic Steel Co.,Cast Housing,79,9.4,30,Spot buy,South,742.6
L04087,2024-09-27,Alpha Fasteners Inc.,Fastener,9,2.14,17,Spot buy,North,19.26
L04730,2024-09-27,Britewire Ltd.,Fastener,34,3.69,34,Spot buy,South,125.46
L06098,2024-09-27,Alpha Fasteners Inc.,Formed Wire,59,2.9,8,Spot buy,South,171.1
L00396,2024-09-27,Alpha Fasteners Inc.,Formed Wire,29,3.27,9,Blanket release,North,94.83
L00975,2024-09-27,Britewire Ltd.,Formed Wire,114,2.55,24,Spot buy,North,290.7
L02057,2024-09-27,Alpha Fasteners Inc.,Formed Wire,23,3.47,28,Blanket release,South,79.81
L05327,2024-09-27,Britewire Ltd.,Fastener,18,1.58,23,Blanket release,North,28.44
L00804,2024-09-27,Britewire Ltd.,Formed Wire,86,2.09,8,Blanket release,North,179.74
L00237,2024-09-27,Britewire Ltd.,Formed Wire,16,2.97,28,Spot buy,North,47.52
L00756,2024-09-27,Nordic Steel Co.,Formed Wire,60,4.29,17,Spot buy,North,257.4
L05049,2024-09-27,Perez Castings S.A.,Precision Assembly,382,43.0,41,Spot buy,South,16426.0
L02344,2024-09-27,Nordic Steel Co.,Cast Housing,79,13.0,2,Spot buy,South,1027.0
L05106,2024-09-27,Perez Castings S.A.,Cast Housing,278,10.88,24,Blanket release,South,3024.64
L02377,2024-09-27,Meridian Tooling (internal),Cast Housing,56,7.46,37,Blanket release,North,417.76
L06033,2024-09-27,Britewire Ltd.,Fastener,25,1.76,25,Spot buy,North,44.0
L04162,2024-09-27,Alpha Fasteners Inc.,Fastener,21,1.92,18,Spot buy,South,40.32
L00244,2024-09-27,Nordic Steel Co.,Formed Wire,64,4.47,26,Blanket release,North,286.08
L03336,2024-09-27,Alpha Fasteners Inc.,Fastener,6,5.97,29,Spot buy,South,35.82
L04693,2024-09-27,Britewire Ltd.,Fastener,43,2.71,13,Blanket release,South,116.53
L01302,2024-09-27,Perez Castings S.A.,Cast Housing,59,8.02,31,Blanket release,North,473.18
L03607,2024-09-27,Rhein Polymer GmbH,Cast Housing,1332,9.14,18,Spot buy,North,12174.48
L01310,2024-09-27,Nordic Steel Co.,Formed Wire,19,5.42,5,Blanket release,North,102.98
L03606,2024-09-27,Rhein Polymer GmbH,Cast Housing,130,7.83,14,Blanket release,South,1017.9
L02487,2024-09-27,Kwan Precision Ltd.,Cast Housing,1018,9.04,19,Blanket release,South,9202.72
L05842,2024-09-27,Alpha Fasteners Inc.,Formed Wire,121,3.93,6,Spot buy,North,475.53
L02520,2024-09-27,Alpha Fasteners Inc.,Fastener,19,2.25,21,Spot buy,South,42.75
L06303,2024-09-27,Alpha Fasteners Inc.,Fastener,44,1.69,23,Spot buy,North,74.36
L03543,2024-09-27,Perez Castings S.A.,Precision Assembly,272,38.11,28,Spot buy,South,10365.92
L04352,2024-09-27,Alpha Fasteners Inc.,Fastener,35,1.65,17,Spot buy,North,57.75
L05593,2024-09-27,Kwan Precision Ltd.,Precision Assembly,249,25.77,38,Blanket release,North,6416.73
L07002,2024-09-27,Britewire Ltd.,Formed Wire,260,1.92,40,Blanket release,South,499.2
L04895,2024-09-27,Kwan Precision Ltd.,Precision Assembly,434,39.41,33,Spot buy,North,17103.94
L06290,2024-09-27,Perez Castings S.A.,Cast Housing,165,11.57,16,Spot buy,South,1909.05
L03470,2024-09-27,Britewire Ltd.,Fastener,38,1.79,15,Spot buy,North,68.02
L03464,2024-09-27,Britewire Ltd.,Fastener,12,3.47,24,Spot buy,North,41.64
L04494,2024-09-27,Alpha Fasteners Inc.,Formed Wire,199,2.29,19,Blanket release,South,455.71
L07336,2024-09-27,Britewire Ltd.,Fastener,42,1.78,12,Spot buy,South,74.76
L03239,2024-09-27,Perez Castings S.A.,Precision Assembly,1274,22.41,29,Spot buy,South,28550.34
L04377,2024-09-27,Britewire Ltd.,Fastener,7,2.3,21,Blanket release,North,16.1
L05761,2024-09-27,Alpha Fasteners Inc.,Formed Wire,84,3.5,20,Spot buy,South,294.0
L07777,2024-09-27,Britewire Ltd.,Fastener,197,1.29,13,Spot buy,North,254.13
L04415,2024-09-27,Alpha Fasteners Inc.,Fastener,333,1.0,27,Spot buy,North,333.0
L04421,2024-09-27,Nordic Steel Co.,Formed Wire,48,5.33,35,Blanket release,South,255.84
L03345,2024-09-27,Nordic Steel Co.,Formed Wire,197,4.31,24,Spot buy,North,849.07
L07851,2024-09-27,Sato Industrial K.K.,Precision Assembly,1508,29.02,52,Blanket release,North,43762.16
L00359,2024-09-27,Perez Castings S.A.,Cast Housing,367,7.14,11,Blanket release,South,2620.38
L01298,2024-09-27,Kwan Precision Ltd.,Cast Housing,31,17.8,19,Spot buy,North,551.8
L06330,2024-09-27,Perez Castings S.A.,Precision Assembly,616,36.91,38,Blanket release,South,22736.56
L07710,2024-09-27,Britewire Ltd.,Fastener,126,1.09,18,Spot buy,South,137.34
L02306,2024-09-27,Britewire Ltd.,Fastener,45,1.94,25,Spot buy,South,87.3
L04690,2024-09-27,Britewire Ltd.,Fastener,106,1.26,13,Blanket release,North,133.56
L01051,2024-09-27,Rhein Polymer GmbH,Precision Assembly,519,39.45,24,Blanket release,North,20474.55
L02291,2024-09-27,Alpha Fasteners Inc.,Formed Wire,79,2.82,20,Spot buy,North,222.78
L07995,2024-09-27,Alpha Fasteners Inc.,Formed Wire,407,2.73,29,Spot buy,South,1111.11
L01077,2024-09-27,Nordic Steel Co.,Formed Wire,16,5.66,21,Blanket release,South,90.56
L00482,2024-09-27,Alpha Fasteners Inc.,Fastener,23,1.31,23,Blanket release,North,30.13
L03618,2024-09-27,Sato Industrial K.K.,Precision Assembly,77,36.35,23,Spot buy,North,2798.95
L03060,2024-09-27,Meridian Tooling (internal),Cast Housing,107,3.94,22,Blanket release,South,421.58
L05943,2024-09-27,Alpha Fasteners Inc.,Fastener,35,1.86,8,Spot buy,North,65.1
L04670,2024-09-27,Alpha Fasteners Inc.,Fastener,7,1.14,21,Spot buy,North,7.98
L01811,2024-09-27,Nordic Steel Co.,Cast Housing,95,10.09,34,Blanket release,North,958.55
L02584,2024-09-27,Nordic Steel Co.,Cast Housing,42,9.05,19,Blanket release,North,380.1
L06854,2024-09-27,Kwan Precision Ltd.,Precision Assembly,3599,32.77,28,Blanket release,North,117939.23
L03700,2024-09-27,Britewire Ltd.,Formed Wire,23,4.75,19,Spot buy,North,109.25
L02151,2024-09-27,Britewire Ltd.,Formed Wire,90,2.71,37,Blanket release,North,243.9
L07668,2024-09-27,Kwan Precision Ltd.,Cast Housing,74,9.07,16,Blanket release,South,671.18
L07036,2024-09-27,Rhein Polymer GmbH,Cast Housing,113,13.38,25,Blanket release,North,1511.94
L01777,2024-09-27,Perez Castings S.A.,Cast Housing,193,11.77,2,Spot buy,North,2271.61
L03705,2024-09-27,Nordic Steel Co.,Formed Wire,55,3.63,27,Blanket release,North,199.65
L00508,2024-09-28,Rhein Polymer GmbH,Cast Housing,72,11.83,32,Spot buy,North,851.76
L00155,2024-09-28,Sato Industrial K.K.,Precision Assembly,419,47.36,27,Blanket release,North,19843.84
L00087,2024-09-28,Kwan Precision Ltd.,Cast Housing,493,9.69,25,Spot buy,South,4777.17
L07783,2024-09-28,Britewire Ltd.,Fastener,34,2.12,32,Blanket release,North,72.08
L00218,2024-09-28,Britewire Ltd.,Fastener,53,1.62,17,Spot buy,North,85.86
L00590,2024-09-28,Perez Castings S.A.,Precision Assembly,235,28.07,35,Blanket release,North,6596.45
L00012,2024-09-28,Alpha Fasteners Inc.,Formed Wire,122,2.29,28,Spot buy,North,279.38
L00065,2024-09-28,Britewire Ltd.,Formed Wire,143,3.35,13,Blanket release,North,479.05
L00411,2024-09-28,Alpha Fasteners Inc.,Formed Wire,95,2.58,19,Blanket release,South,245.1
L00002,2024-09-28,Britewire Ltd.,Formed Wire,294,2.4,26,Blanket release,South,705.6
L00005,2024-09-28,Sato Industrial K.K.,Precision Assembly,1734,37.1,20,Blanket release,South,64331.4
L06118,2024-09-28,Alpha Fasteners Inc.,Formed Wire,45,3.55,32,Blanket release,South,159.75
L00780,2024-09-28,Perez Castings S.A.,Precision Assembly,217,25.03,29,Spot buy,North,5431.51
L03361,2024-09-28,Alpha Fasteners Inc.,Fastener,98,1.95,32,Blanket release,North,191.1
L04900,2024-09-28,Alpha Fasteners Inc.,Fastener,50,1.7,25,Spot buy,North,85.0
L04861,2024-09-28,Britewire Ltd.,Formed Wire,13,7.75,13,Blanket release,North,100.75
L01597,2024-09-28,Meridian Tooling (internal),Precision Assembly,863,16.84,40,Blanket release,North,14532.92
L07510,2024-09-28,Rhein Polymer GmbH,Cast Housing,285,12.76,21,Spot buy,South,3636.6
L04812,2024-09-28,Alpha Fasteners Inc.,Fastener,7,5.01,30,Blanket release,South,35.07
L01691,2024-09-28,Nordic Steel Co.,Formed Wire,163,2.72,15,Blanket release,North,443.36
L04748,2024-09-28,Alpha Fasteners Inc.,Fastener,32,1.52,19,Blanket release,North,48.64
L04712,2024-09-28,Alpha Fasteners Inc.,Fastener,40,2.26,27,Spot buy,North,90.4
L04655,2024-09-28,Perez Castings S.A.,Precision Assembly,108,24.17,37,Blanket release,North,2610.36
L07249,2024-09-28,Alpha Fasteners Inc.,Formed Wire,150,2.95,28,Spot buy,South,442.5
L06574,2024-09-28,Britewire Ltd.,Fastener,42,1.39,14,Blanket release,North,58.38
L07406,2024-09-28,Meridian Tooling (internal),Cast Housing,76,6.56,25,Spot buy,North,498.56
L04591,2024-09-28,Perez Castings S.A.,Precision Assembly,170,25.74,39,Blanket release,North,4375.8
L07571,2024-09-28,Rhein Polymer GmbH,Precision Assembly,2499,39.63,23,Spot buy,North,99035.37
L03729,2024-09-28,Rhein Polymer GmbH,Cast Housing,21,10.53,23,Spot buy,North,221.13
L07398,2024-09-28,Sato Industrial K.K.,Precision Assembly,597,33.99,21,Blanket release,South,20292.03
L04522,2024-09-28,Britewire Ltd.,Fastener,9,1.88,26,Blanket release,North,16.92
L04431,2024-09-28,Britewire Ltd.,Fastener,7,3.28,5,Spot buy,South,22.96
L07253,2024-09-28,Kwan Precision Ltd.,Cast Housing,80,9.92,9,Blanket release,South,793.6
L04406,2024-09-28,Alpha Fasteners Inc.,Formed Wire,9,2.48,17,Blanket release,South,22.32
L07368,2024-09-28,Nordic Steel Co.,Cast Housing,232,12.7,28,Spot buy,South,2946.4
L03750,2024-09-28,Rhein Polymer GmbH,Cast Housing,186,10.28,28,Spot buy,South,1912.08
L04195,2024-09-28,Britewire Ltd.,Fastener,58,2.2,31,Blanket release,South,127.6
L04107,2024-09-28,Perez Castings S.A.,Precision Assembly,311,27.73,16,Blanket release,North,8624.03
L02214,2024-09-28,Britewire Ltd.,Formed Wire,39,3.43,2,Spot buy,North,133.77
L06815,2024-09-28,Alpha Fasteners Inc.,Fastener,47,1.34,20,Spot buy,North,62.98
L04057,2024-09-28,Alpha Fasteners Inc.,Fastener,35,1.36,34,Blanket release,South,47.6
L04032,2024-09-28,Alpha Fasteners Inc.,Formed Wire,63,2.2,33,Spot buy,North,138.6
L06756,2024-09-28,Perez Castings S.A.,Cast Housing,151,8.75,24,Blanket release,North,1321.25
L02042,2024-09-28,Alpha Fasteners Inc.,Fastener,46,2.16,23,Blanket release,North,99.36
L03304,2024-09-28,Sato Industrial K.K.,Precision Assembly,239,41.24,30,Blanket release,North,9856.36
L04984,2024-09-28,Nordic Steel Co.,Cast Housing,1067,7.85,17,Blanket release,South,8375.95
L07137,2024-09-28,Britewire Ltd.,Fastener,68,1.5,26,Spot buy,North,102.0
L05753,2024-09-28,Nordic Steel Co.,Formed Wire,42,4.44,31,Spot buy,North,186.48
L05805,2024-09-28,Kwan Precision Ltd.,Cast Housing,216,7.29,20,Blanket release,North,1574.64
L02866,2024-09-28,Meridian Tooling (internal),Cast Housing,156,3.69,15,Spot buy,North,575.64
L07029,2024-09-28,Sato Industrial K.K.,Precision Assembly,570,37.93,24,Spot buy,North,21620.1
L06194,2024-09-28,Nordic Steel Co.,Formed Wire,227,3.24,3,Blanket release,North,735.48
L01109,2024-09-28,Kwan Precision Ltd.,Precision Assembly,4512,28.68,18,Blanket release,North,129404.16
L03131,2024-09-28,Nordic Steel Co.,Formed Wire,40,5.72,15,Spot buy,North,228.8
L01084,2024-09-28,Perez Castings S.A.,Cast Housing,236,9.42,17,Blanket release,North,2223.12
L05946,2024-09-28,Britewire Ltd.,Fastener,66,0.94,19,Blanket release,North,62.04
L01017,2024-09-28,Britewire Ltd.,Fastener,22,1.3,12,Blanket release,North,28.6
L01000,2024-09-28,Perez Castings S.A.,Precision Assembly,1112,40.12,13,Spot buy,North,44613.44
L07725,2024-09-28,Nordic Steel Co.,Cast Housing,135,10.41,21,Spot buy,North,1405.35
L00944,2024-09-28,Kwan Precision Ltd.,Precision Assembly,807,37.62,27,Blanket release,North,30359.34
L06177,2024-09-28,Alpha Fasteners Inc.,Formed Wire,54,5.66,26,Blanket release,South,305.64
L06024,2024-09-28,Nordic Steel Co.,Formed Wire,563,1.82,27,Spot buy,North,1024.66
L00812,2024-09-28,Kwan Precision Ltd.,Precision Assembly,811,38.29,30,Blanket release,North,31053.19
L03128,2024-09-28,Rhein Polymer GmbH,Precision Assembly,529,29.65,31,Blanket release,North,15684.85
L05726,2024-09-28,Kwan Precision Ltd.,Cast Housing,97,11.81,39,Blanket release,North,1145.57
L05351,2024-09-28,Britewire Ltd.,Fastener,80,1.38,16,Spot buy,South,110.4
L05700,2024-09-28,Alpha Fasteners Inc.,Fastener,10,2.53,31,Spot buy,North,25.3
L07637,2024-09-28,Kwan Precision Ltd.,Precision Assembly,171,20.53,39,Blanket release,South,3510.63
L05487,2024-09-28,Britewire Ltd.,Fastener,17,1.61,28,Blanket release,North,27.37
L05492,2024-09-28,Alpha Fasteners Inc.,Fastener,26,1.14,20,Spot buy,North,29.64
L07584,2024-09-28,Britewire Ltd.,Fastener,17,3.47,19,Spot buy,South,58.99
L03232,2024-09-28,Nordic Steel Co.,Cast Housing,47,16.26,8,Blanket release,South,764.22
L06286,2024-09-28,Alpha Fasteners Inc.,Fastener,51,2.7,39,Blanket release,South,137.7
L05537,2024-09-28,Nordic Steel Co.,Cast Housing,395,13.86,4,Spot buy,North,5474.7
L06272,2024-09-28,Alpha Fasteners Inc.,Formed Wire,56,3.05,20,Blanket release,South,170.8
L01303,2024-09-28,Alpha Fasteners Inc.,Fastener,5,2.02,28,Spot buy,South,10.1
L07629,2024-09-28,Britewire Ltd.,Fastener,26,1.55,26,Blanket release,North,40.3
L03621,2024-09-29,Alpha Fasteners Inc.,Fastener,31,1.22,26,Blanket release,North,37.82
L03659,2024-09-29,Britewire Ltd.,Fastener,211,0.99,34,Spot buy,North,208.89
L03686,2024-09-29,Perez Castings S.A.,Cast Housing,210,12.88,12,Blanket release,South,2704.8
L06908,2024-09-29,Rhein Polymer GmbH,Cast Housing,130,10.39,20,Blanket release,South,1350.7
L07905,2024-09-29,Alpha Fasteners Inc.,Formed Wire,653,3.04,26,Spot buy,North,1985.12
L03476,2024-09-29,Nordic Steel Co.,Formed Wire,54,3.22,17,Spot buy,South,173.88
L03159,2024-09-29,Nordic Steel Co.,Formed Wire,118,3.12,18,Spot buy,North,368.16
L03447,2024-09-29,Rhein Polymer GmbH,Precision Assembly,250,29.65,22,Blanket release,North,7412.5
L03873,2024-09-29,Alpha Fasteners Inc.,Fastener,6,5.18,10,Spot buy,South,31.08
L03373,2024-09-29,Britewire Ltd.,Formed Wire,46,4.01,25,Spot buy,South,184.46
L03885,2024-09-29,Kwan Precision Ltd.,Cast Housing,19,29.77,21,Spot buy,North,565.63
L04726,2024-09-29,Nordic Steel Co.,Formed Wire,72,4.31,31,Spot buy,South,310.32
L04003,2024-09-29,Rhein Polymer GmbH,Cast Housing,24,11.44,34,Blanket release,South,274.56
L06158,2024-09-29,Sato Industrial K.K.,Precision Assembly,410,60.41,46,Spot buy,South,24768.1
L00017,2024-09-29,Alpha Fasteners Inc.,Fastener,24,1.91,33,Blanket release,South,45.84
L05927,2024-09-29,Britewire Ltd.,Formed Wire,35,6.49,27,Blanket release,North,227.15
L00039,2024-09-29,Alpha Fasteners Inc.,Fastener,28,1.23,16,Blanket release,North,34.44
L05758,2024-09-29,Britewire Ltd.,Formed Wire,14,1.58,25,Spot buy,North,22.12
L07974,2024-09-29,Sato Industrial K.K.,Precision Assembly,1554,37.09,34,Blanket release,South,57637.86
L05385,2024-09-29,Britewire Ltd.,Fastener,129,1.81,30,Spot buy,North,233.49
L06391,2024-09-29,Alpha Fasteners Inc.,Formed Wire,433,1.47,31,Blanket release,South,636.51
L07962,2024-09-29,Alpha Fasteners Inc.,Fastener,11,1.14,35,Blanket release,South,12.54
L05201,2024-09-29,Alpha Fasteners Inc.,Formed Wire,19,4.32,46,Blanket release,South,82.08
L03988,2024-09-29,Alpha Fasteners Inc.,Fastener,20,0.94,28,Blanket release,North,18.8
L06471,2024-09-29,Alpha Fasteners Inc.,Formed Wire,250,2.38,16,Blanket release,South,595.0
L04849,2024-09-29,Kwan Precision Ltd.,Cast Housing,293,8.66,17,Spot buy,North,2537.38
L04829,2024-09-29,Kwan Precision Ltd.,Cast Housing,509,7.45,20,Blanket release,North,3792.05
L06526,2024-09-29,Nordic Steel Co.,Formed Wire,49,2.62,20,Blanket release,North,128.38
L03006,2024-09-29,Rhein Polymer GmbH,Cast Housing,310,12.45,34,Spot buy,North,3859.5
L04632,2024-09-29,Rhein Polymer GmbH,Cast Housing,605,8.5,30,Blanket release,North,5142.5
L04631,2024-09-29,Alpha Fasteners Inc.,Formed Wire,109,2.88,25,Blanket release,South,313.92
L06608,2024-09-29,Britewire Ltd.,Fastener,92,1.12,29,Blanket release,North,103.04
L04428,2024-09-29,Britewire Ltd.,Fastener,18,1.6,24,Blanket release,South,28.8
L04274,2024-09-29,Nordic Steel Co.,Formed Wire,196,2.24,33,Blanket release,North,439.04
L04092,2024-09-29,Kwan Precision Ltd.,Cast Housing,197,10.62,15,Blanket release,North,2092.14
L04893,2024-09-29,Kwan Precision Ltd.,Cast Housing,439,13.05,22,Blanket release,North,5728.95
L02916,2024-09-29,Britewire Ltd.,Formed Wire,52,2.61,35,Blanket release,North,135.72
L07020,2024-09-29,Alpha Fasteners Inc.,Fastener,124,1.02,23,Spot buy,North,126.48
L02908,2024-09-29,Kwan Precision Ltd.,Cast Housing,89,8.95,25,Blanket release,North,796.55
L07261,2024-09-29,Alpha Fasteners Inc.,Formed Wire,136,2.32,17,Blanket release,South,315.52
L02308,2024-09-29,Kwan Precision Ltd.,Cast Housing,138,12.26,22,Spot buy,North,1691.88
L07359,2024-09-29,Rhein Polymer GmbH,Cast Housing,119,11.98,15,Blanket release,North,1425.62
L00500,2024-09-29,Nordic Steel Co.,Cast Housing,204,6.85,24,Spot buy,South,1397.4
L07397,2024-09-29,Perez Castings S.A.,Precision Assembly,627,42.74,32,Blanket release,North,26797.98
L02002,2024-09-29,Alpha Fasteners Inc.,Fastener,20,2.32,3,Spot buy,North,46.4
L01898,2024-09-29,Perez Castings S.A.,Cast Housing,14,17.16,29,Blanket release,South,240.24
L01887,2024-09-29,Meridian Tooling (internal),Cast Housing,500,4.11,27,Blanket release,North,2055.0
L01815,2024-09-29,Alpha Fasteners Inc.,Fastener,62,1.71,25,Spot buy,North,106.02
L01682,2024-09-29,Britewire Ltd.,Fastener,17,3.59,11,Spot buy,South,61.03
L01528,2024-09-29,Alpha Fasteners Inc.,Fastener,53,2.5,20,Spot buy,South,132.5
L00473,2024-09-29,Britewire Ltd.,Fastener,142,1.16,18,Spot buy,North,164.72
L01518,2024-09-29,Britewire Ltd.,Fastener,16,2.31,20,Blanket release,South,36.96
L01473,2024-09-29,Perez Castings S.A.,Cast Housing,53,10.38,31,Blanket release,South,550.14
L01431,2024-09-29,Alpha Fasteners Inc.,Fastener,15,1.43,33,Blanket release,North,21.45
L07578,2024-09-29,Britewire Ltd.,Fastener,6,1.48,27,Spot buy,North,8.88
L00644,2024-09-29,Kwan Precision Ltd.,Precision Assembly,338,45.33,25,Spot buy,North,15321.54
L01182,2024-09-29,Sato Industrial K.K.,Precision Assembly,200,40.88,29,Spot buy,North,8176.0
L00685,2024-09-29,Kwan Precision Ltd.,Cast Housing,373,7.96,25,Blanket release,North,2969.08
L01160,2024-09-29,Alpha Fasteners Inc.,Formed Wire,26,5.72,12,Blanket release,South,148.72
L00698,2024-09-29,Alpha Fasteners Inc.,Fastener,83,1.47,12,Blanket release,South,122.01
L01064,2024-09-29,Rhein Polymer GmbH,Cast Housing,778,7.22,29,Spot buy,North,5617.16
L00932,2024-09-29,Alpha Fasteners Inc.,Fastener,223,1.28,2,Spot buy,South,285.44
L07766,2024-09-29,Britewire Ltd.,Formed Wire,37,2.49,28,Spot buy,North,92.13
L01510,2024-09-29,Britewire Ltd.,Fastener,29,1.98,17,Spot buy,South,57.42
L07257,2024-09-29,Britewire Ltd.,Fastener,10,2.58,2,Spot buy,South,25.8
L03004,2024-09-29,Alpha Fasteners Inc.,Fastener,38,1.22,33,Spot buy,South,46.36
L02647,2024-09-29,Britewire Ltd.,Fastener,6,2.72,13,Spot buy,North,16.32
L00464,2024-09-29,Britewire Ltd.,Fastener,10,1.52,9,Spot buy,North,15.2
L02905,2024-09-29,Rhein Polymer GmbH,Cast Housing,1163,6.53,13,Blanket release,North,7594.39
L07236,2024-09-29,Britewire Ltd.,Formed Wire,160,2.32,23,Blanket release,North,371.2
L07132,2024-09-29,Alpha Fasteners Inc.,Fastener,47,1.45,22,Spot buy,South,68.15
L02496,2024-09-29,Kwan Precision Ltd.,Cast Housing,404,11.24,29,Blanket release,South,4540.96
L02898,2024-09-29,Britewire Ltd.,Formed Wire,90,2.44,11,Spot buy,South,219.6
L03807,2024-09-30,Nordic Steel Co.,Formed Wire,346,2.77,23,Spot buy,North,958.42
L00663,2024-09-30,Alpha Fasteners Inc.,Fastener,29,1.92,21,Blanket release,South,55.68
L05588,2024-09-30,Alpha Fasteners Inc.,Fastener,19,1.62,12,Blanket release,South,30.78
L01353,2024-09-30,Nordic Steel Co.,Cast Housing,560,6.18,22,Blanket release,South,3460.8
L00646,2024-09-30,Alpha Fasteners Inc.,Fastener,104,1.56,15,Blanket release,North,162.24
L05406,2024-09-30,Meridian Tooling (internal),Cast Housing,21,11.37,27,Spot buy,North,238.77
L06363,2024-09-30,Britewire Ltd.,Fastener,33,1.66,14,Spot buy,South,54.78
L06296,2024-09-30,Sato Industrial K.K.,Precision Assembly,190,58.39,16,Spot buy,North,11094.1
L06371,2024-09-30,Rhein Polymer GmbH,Cast Housing,21,10.03,24,Blanket release,North,210.63
L01425,2024-09-30,Nordic Steel Co.,Formed Wire,196,1.94,38,Blanket release,North,380.24
L05320,2024-09-30,Britewire Ltd.,Fastener,187,1.5,26,Spot buy,North,280.5
L03313,2024-09-30,Perez Castings S.A.,Precision Assembly,552,24.49,37,Blanket release,North,13518.48
L07564,2024-09-30,Nordic Steel Co.,Cast Housing,171,8.82,21,Spot buy,South,1508.22
L06960,2024-09-30,Nordic Steel Co.,Formed Wire,87,2.67,17,Spot buy,South,232.29
L06428,2024-09-30,Meridian Tooling (internal),Cast Housing,455,3.82,26,Blanket release,South,1738.1
L02744,2024-09-30,Nordic Steel Co.,Formed Wire,123,3.32,23,Spot buy,South,408.36
L01327,2024-09-30,Alpha Fasteners Inc.,Formed Wire,35,3.67,17,Spot buy,North,128.45
L01285,2024-09-30,Alpha Fasteners Inc.,Fastener,32,1.55,11,Spot buy,North,49.6
L01304,2024-09-30,Nordic Steel Co.,Formed Wire,72,5.25,16,Blanket release,South,378.0
L03112,2024-09-30,Kwan Precision Ltd.,Cast Housing,737,8.54,14,Blanket release,North,6293.98
L00941,2024-09-30,Rhein Polymer GmbH,Cast Housing,294,13.12,24,Blanket release,North,3857.28
L05967,2024-09-30,Nordic Steel Co.,Cast Housing,114,9.43,15,Spot buy,North,1075.02
L02902,2024-09-30,Britewire Ltd.,Fastener,51,1.08,22,Blanket release,North,55.08
L01102,2024-09-30,Nordic Steel Co.,Formed Wire,40,2.69,32,Spot buy,North,107.6
L01112,2024-09-30,Britewire Ltd.,Fastener,26,1.89,25,Blanket release,North,49.14
L00023,2024-09-30,Kwan Precision Ltd.,Cast Housing,130,6.71,34,Blanket release,North,872.3
L07034,2024-09-30,Alpha Fasteners Inc.,Fastener,18,1.97,31,Spot buy,South,35.46
L05643,2024-09-30,Alpha Fasteners Inc.,Formed Wire,154,3.42,12,Blanket release,South,526.68
L05913,2024-09-30,Perez Castings S.A.,Cast Housing,215,6.77,21,Blanket release,North,1455.55
L05855,2024-09-30,Britewire Ltd.,Formed Wire,118,2.28,39,Blanket release,North,269.04
L05794,2024-09-30,Alpha Fasteners Inc.,Fastener,55,1.79,25,Spot buy,North,98.45
L05787,2024-09-30,Nordic Steel Co.,Formed Wire,72,5.85,44,Blanket release,North,421.2
L07120,2024-09-30,Perez Castings S.A.,Precision Assembly,2711,37.86,40,Blanket release,North,102638.46
L07798,2024-09-30,Alpha Fasteners Inc.,Fastener,10,2.18,22,Spot buy,South,21.8
L05736,2024-09-30,Perez Castings S.A.,Cast Housing,75,12.89,31,Blanket release,North,966.75
L07775,2024-09-30,Britewire Ltd.,Formed Wire,31,6.13,38,Spot buy,South,190.03
L05068,2024-09-30,Alpha Fasteners Inc.,Formed Wire,82,3.72,19,Spot buy,North,305.04
L01139,2024-09-30,Sato Industrial K.K.,Precision Assembly,611,37.46,49,Spot buy,North,22888.06
L05041,2024-09-30,Rhein Polymer GmbH,Cast Housing,24,8.99,11,Blanket release,North,215.76
L02657,2024-09-30,Rhein Polymer GmbH,Precision Assembly,149,39.29,33,Spot buy,North,5854.21
L07548,2024-09-30,Nordic Steel Co.,Formed Wire,84,5.45,27,Spot buy,North,457.8
L06668,2024-09-30,Meridian Tooling (internal),Precision Assembly,451,15.07,25,Spot buy,North,6796.57
L00484,2024-09-30,Perez Castings S.A.,Cast Housing,144,8.74,23,Spot buy,North,1258.56
L04262,2024-09-30,Alpha Fasteners Inc.,Formed Wire,96,5.02,19,Spot buy,North,481.92
L04238,2024-09-30,Kwan Precision Ltd.,Cast Housing,578,5.49,27,Blanket release,South,3173.22
L04196,2024-09-30,Perez Castings S.A.,Cast Housing,127,7.93,2,Blanket release,North,1007.11
L02436,2024-09-30,Perez Castings S.A.,Cast Housing,44,12.59,20,Blanket release,North,553.96
L04134,2024-09-30,Nordic Steel Co.,Cast Housing,117,8.34,22,Blanket release,North,975.78
L04122,2024-09-30,Nordic Steel Co.,Formed Wire,32,5.79,19,Blanket release,South,185.28
L07843,2024-09-30,Britewire Ltd.,Fastener,51,1.36,27,Blanket release,North,69.36
L02200,2024-09-30,Alpha Fasteners Inc.,Fastener,73,2.14,25,Spot buy,North,156.22
L07248,2024-09-30,Britewire Ltd.,Fastener,20,1.44,37,Spot buy,North,28.8
L02322,2024-09-30,Alpha Fasteners Inc.,Fastener,41,2.44,14,Spot buy,North,100.04
L02359,2024-09-30,Alpha Fasteners Inc.,Formed Wire,87,3.06,24,Spot buy,North,266.22
L03721,2024-09-30,Perez Castings S.A.,Precision Assembly,224,24.02,29,Blanket release,South,5380.48
L00439,2024-09-30,Rhein Polymer GmbH,Cast Housing,562,9.16,17,Spot buy,North,5147.92
L02372,2024-09-30,Nordic Steel Co.,Formed Wire,181,3.28,25,Blanket release,South,593.68
L07914,2024-09-30,Perez Castings S.A.,Cast Housing,59,7.7,12,Blanket release,South,454.3
L00465,2024-09-30,Britewire Ltd.,Fastener,22,1.25,18,Spot buy,South,27.5
L02232,2024-09-30,Nordic Steel Co.,Formed Wire,12,3.88,22,Blanket release,North,46.56
L07553,2024-09-30,Sato Industrial K.K.,Precision Assembly,1297,42.82,25,Spot buy,North,55537.54
L02096,2024-09-30,Alpha Fasteners Inc.,Fastener,27,1.63,20,Spot buy,North,44.01
L02486,2024-09-30,Perez Castings S.A.,Cast Housing,66,11.01,15,Blanket release,North,726.66
L06826,2024-09-30,Alpha Fasteners Inc.,Fastener,19,3.4,13,Spot buy,North,64.6
L04866,2024-09-30,Nordic Steel Co.,Cast Housing,77,7.24,12,Blanket release,South,557.48
L02625,2024-09-30,Alpha Fasteners Inc.,Fastener,14,1.94,18,Spot buy,South,27.16
L01590,2024-09-30,Alpha Fasteners Inc.,Formed Wire,30,3.36,15,Blanket release,South,100.8
L01668,2024-09-30,Nordic Steel Co.,Formed Wire,207,2.2,16,Blanket release,North,455.4
L02535,2024-09-30,Alpha Fasteners Inc.,Fastener,95,1.59,8,Spot buy,North,151.05
L01805,2024-09-30,Alpha Fasteners Inc.,Fastener,9,1.7,26,Spot buy,North,15.3
L03483,2024-09-30,Nordic Steel Co.,Formed Wire,53,2.4,26,Blanket release,North,127.2
L04507,2024-09-30,Britewire Ltd.,Formed Wire,25,5.04,26,Blanket release,South,126.0
L01846,2024-09-30,Britewire Ltd.,Fastener,60,2.01,24,Spot buy,South,120.6
L04683,2024-09-30,Britewire Ltd.,Fastener,48,2.62,6,Spot buy,North,125.76
L03589,2024-09-30,Alpha Fasteners Inc.,Fastener,65,1.55,23,Blanket release,South,100.75
L00383,2024-09-30,Britewire Ltd.,Fastener,9,2.35,17,Spot buy,South,21.15
L03616,2024-09-30,Alpha Fasteners Inc.,Fastener,17,2.22,15,Blanket release,North,37.74
L07404,2024-09-30,Nordic Steel Co.,Cast Housing,9,15.68,30,Blanket release,South,141.12
L04586,2024-09-30,Britewire Ltd.,Formed Wire,32,4.76,30,Spot buy,North,152.32
L06607,2024-09-30,Alpha Fasteners Inc.,Fastener,48,1.36,24,Spot buy,North,65.28
L02032,2024-09-30,Perez Castings S.A.,Precision Assembly,868,36.14,31,Spot buy,North,31369.52
L01871,2024-09-30,Kwan Precision Ltd.,Precision Assembly,95,37.37,34,Blanket release,South,3550.15
L01997,2024-09-30,Perez Castings S.A.,Cast Housing,1007,5.28,33,Blanket release,North,5316.96
