invoice_id,vendor_name,currency,channel,invoice_date,amount,tax_amount,cost_center
MC-102248,MERIDIAN TOOLING INTERNAL,US Dollar,erp_south,08/27/2026,$5795.79,,CC-400
MC-100933,Rhein Polymer GmbH,eur,email_sheet,13-Aug-26,"EUR 64,465.43",5157.23,
MC-100412,"Alpha Fasteners, Inc.",US Dollar,erp_south,07/21/2026,$858.44,68.68,CC-300
MC-100213,"Perez Castings, S.A.",US Dollar,erp_south,08/06/2026,$72728.13,5818.25,CC-200
MC-101707,Rhein Polymer GmbH,eur,email_sheet,27-Sep-26,"EUR 34,794.58",2783.57,
MC-100206,PEREZ CASTINGS,USD,erp_north,2026-09-09,  $28835.30 ,,CC-200
MC-101226,Nordic Steel Co,Euro,erp_south,07/21/2026,EUR 37122.81,2969.82,CC-300
MC-100681,Perez Castings SA,USD,erp_north,2026-07-01,$56746.16,4539.69,CC-200
MC-102282,Sato Industrial K.K.,USD,erp_north,2026-08-09,$73378.68,5870.29,CC-400
MC-101872,SATO INDUSTRIAL,US Dollar,erp_south,09/05/2026,$42055.20,3364.42,CC-100
MC-101497,britewire ltd.,eur,email_sheet,08-Jul-26,"EUR 4,161.35",332.91,CC-300
MC-101542,RHEIN POLYMER,eur,email_sheet,06-Jul-26,"EUR 27,450.64",2196.05,
MC-100463,Nordic Steel Co,Euro,erp_south,09/09/2026,EUR 33116.85,,CC-100
MC-101959,KWAN PRECISION,usd,email_sheet,31-Aug-26,"$17,932.30",1434.58,
MC-100186,Meridian Tooling,USD,erp_north,2026-07-27,$4059.00,324.72,CC-200
MC-100985,Meridian Tooling (internal),usd,email_sheet,12-Sep-26,"$16,513.68",1321.09,
MC-100196,Kwan Precision Ltd.,US Dollar,erp_south,08/29/2026,$25328.28,2026.26,CC-400
MC-101665,Meridian Tooling (internal),USD,erp_north,2026-07-15,$12495.27,999.62,CC-300
MC-101671,Rhein Polymer Gmbh,EUR,erp_north,2026-07-02,EUR 22642.23,1811.38,CC-200
MC-100676,Perez Castings SA,USD,erp_north,2026-08-07,$56495.42,4519.63,CC-200
MC-100857,Kwan Precision Ltd.,US Dollar,erp_south,07/14/2026,$11406.24,912.5,CC-200
MC-100640,Rhein Polymer Gmbh,EUR,erp_north,2026-08-25,  EUR 6547.38 ,523.79,CC-200
MC-100602,Kwan  Precision Ltd.,US Dollar,erp_south,09/26/2026,$25462.08,2036.97,CC-100
MC-100959,Sato Industrial KK,US Dollar,erp_south,08/21/2026,$62845.01,5027.6,CC-400
MC-101849,"Perez Castings, S.A.",US Dollar,erp_south,08/10/2026,$52101.91,4168.15,CC-200
MC-100026,Britewire Ltd,eur,email_sheet,01-Jul-26,"EUR 1,834.65",,
MC-101820,Meridian Tooling,US Dollar,erp_south,09/30/2026,  $4593.56 ,367.48,
MC-100635,Britewire Ltd,Euro,erp_south,07/14/2026,EUR 4884.09,390.73,CC-400
MC-100547,Sato Industrial K.K.,US Dollar,erp_south,08/12/2026,$45848.44,3667.88,CC-100
MC-100615,Kwan  Precision Ltd.,USD,erp_north,2026-09-08,$10337.57,827.01,CC-400
MC-101044,Britewire Ltd,Euro,erp_south,08/07/2026,EUR 2690.16,215.21,CC-200
MC-100340,"Perez Castings, S.A.",USD,erp_north,2026-07-29,$39887.40,3190.99,CC-200
MC-102170,Rhein  Polymer GmbH,EUR,erp_north,2026-08-12,  EUR 47295.44 ,3783.64,CC-300
MC-100241,Rhein  Polymer GmbH,EUR,erp_north,2026-08-30,EUR 40768.15,3261.45,CC-300
MC-102078,Sato Industrial KK,USD,erp_north,2026-07-18,$75266.32,6021.31,CC-100
MC-100536,BRITEWIRE,EUR,erp_north,2026-09-26,  EUR 1828.80 ,146.3,CC-200
MC-102015,sato industrial k.k.,USD,erp_north,2026-07-19,$3154.92,,
MC-101162,britewire ltd.,EUR,erp_north,2026-08-05,EUR 2321.27,185.7,CC-400
MC-100376,alpha fasteners inc,USD,erp_north,2026-09-13,$1173.81,93.9,CC-200
MC-102106,Nordic Steel Co,EUR,erp_north,2026-08-28,EUR 14159.32,1132.75,CC-100
MC-100512,Rhein Polymer GmbH,Euro,erp_south,09/23/2026,EUR 30906.72,2472.54,CC-300
MC-100890,Kwan  Precision Ltd.,USD,erp_north,2026-09-17,$19713.95,1577.12,CC-300
MC-100060,Nordic Steel Co.,eur,email_sheet,07-Jul-26,"  EUR 41,767.83 ",,
MC-101152,MERIDIAN TOOLING INTERNAL,USD,erp_north,2026-08-27,$7455.63,596.45,CC-100
MC-101208,Nordic Steel Co.,EUR,erp_north,2026-07-16,EUR 4226.04,338.08,CC-300
MC-100479,"Alpha Fasteners, Inc.",usd,email_sheet,08-Jul-26,"$4,963.34",397.07,
MC-101231,Meridian Tooling,USD,erp_north,2026-07-28,$6886.93,550.95,CC-200
MC-101352, Nordic Steel Co. ,EUR,erp_north,2026-07-29,EUR 16934.58,1354.77,CC-200
MC-100484,Alpha Fasteners Inc.,USD,erp_north,2026-08-02,$6476.47,518.12,CC-400
MC-100450,Sato Industrial KK,usd,email_sheet,10-Jul-26,"$91,608.84",,
MC-100063,Meridian Tooling,USD,erp_north,2026-08-08,$14401.14,1152.09,CC-300
MC-100262,Alpha Fasteners Inc.,USD,erp_north,2026-07-04,$3393.89,271.51,CC-400
MC-100993,Kwan Precision Ltd.,USD,erp_north,2026-08-14,$2468.42,,CC-400
MC-102040,Kwan  Precision Ltd.,USD,erp_north,2026-07-11,$3855.60,308.45,CC-400
MC-101732,KWAN PRECISION,USD,erp_north,2026-08-12,$18341.51,1467.32,CC-100
MC-100339, Nordic Steel Co. ,EUR,erp_north,2026-07-07,EUR 159396.48,12751.72,CC-400
MC-100729,Sato Industrial KK,US Dollar,erp_south,07/14/2026,  $46698.29 ,3735.86,CC-100
MC-100375,Kwan Precision Ltd.,US Dollar,erp_south,07/22/2026,$28732.21,2298.58,CC-200
MC-102333,Kwan  Precision Ltd.,USD,erp_north,2026-09-26,$27604.32,2208.35,CC-100
MC-100699,Rhein Polymer GmbH,eur,email_sheet,29-Sep-26,"EUR 33,485.56",2678.84,
MC-101815,Perez Castings SA,usd,email_sheet,28-Jul-26,"$97,053.86",7764.31,
MC-102171,Meridian Tooling (internal),USD,erp_north,2026-07-11,$13114.08,1049.13,CC-400
MC-101237,Rhein Polymer GmbH,eur,email_sheet,24-Aug-26,"EUR 18,354.75",1468.38,CC-300
MC-101038,KWAN PRECISION,US Dollar,erp_south,09/17/2026,  $1455.30 ,116.42,CC-400
MC-100121,Rhein Polymer GmbH,eur,email_sheet,23-Sep-26,"EUR 30,732.63",2458.61,
MC-100997,Meridian Tooling (internal),US Dollar,erp_south,08/02/2026,$26278.51,,CC-300
MC-100511,Meridian Tooling,US Dollar,erp_south,07/15/2026,$4594.77,367.58,CC-300
MC-102091,Meridian Tooling (internal),US Dollar,erp_south,09/19/2026,  $21592.89 ,1727.43,
MC-100362,alpha fasteners inc,US Dollar,erp_south,09/13/2026,$3290.92,263.27,CC-100
MC-102280,Meridian Tooling (internal),usd,email_sheet,06-Sep-26,$924.90,73.99,
MC-102065,Meridian Tooling (internal),US Dollar,erp_south,08/04/2026,$13581.28,1086.5,CC-200
MC-100690,SATO INDUSTRIAL,usd,email_sheet,17-Jul-26,"$70,525.44",5642.04,
MC-100984,Nordic Steel Co.,EUR,erp_north,2026-09-26,EUR 102113.57,8169.09,CC-200
MC-101077,Kwan Precision Ltd,usd,email_sheet,02-Sep-26,"$20,993.04",,
MC-102240,Britewire Ltd.,EUR,erp_north,2026-09-01,EUR 4025.74,322.06,CC-400
MC-100179,KWAN PRECISION,US Dollar,erp_south,07/29/2026,$12988.39,1039.07,CC-200
MC-101431,"Alpha Fasteners, Inc.",US Dollar,erp_south,07/18/2026,$6743.70,539.5,CC-400
MC-100718,Sato Industrial K.K.,usd,email_sheet,04-Sep-26,"$27,007.75",2160.62,
MC-100419,RHEIN POLYMER,EUR,erp_north,2026-09-10,EUR 9158.38,732.67,CC-300
MC-101333,sato industrial k.k.,USD,erp_north,2026-09-22,$30138.25,2411.06,CC-400
MC-101188,Kwan Precision Ltd,US Dollar,erp_south,09/14/2026,$8009.82,640.79,CC-300
MC-101341,Britewire Ltd,eur,email_sheet,05-Aug-26,"EUR 1,689.05",135.12,
MC-101836,Sato Industrial K.K.,USD,erp_north,2026-09-02,$15587.13,1246.97,CC-100
MC-102317,Meridian Tooling,US Dollar,erp_south,09/23/2026,$10176.64,814.13,CC-100
MC-101326,Britewire Ltd,Euro,erp_south,09/09/2026,  EUR 365.70 ,29.26,CC-100
MC-101947, Nordic Steel Co. ,EUR,erp_north,2026-07-01,EUR 6233.16,498.65,CC-100
MC-101744,PEREZ CASTINGS,US Dollar,erp_south,08/24/2026,  $134308.84 ,10744.71,CC-200
MC-101047,sato industrial k.k.,US Dollar,erp_south,07/20/2026,$66547.12,5323.77,CC-400
MC-101561,PEREZ CASTINGS,USD,erp_north,2026-09-22,$63037.46,5043.0,CC-200
MC-102250,Meridian Tooling,USD,erp_north,2026-09-21,$4991.40,399.31,CC-300
MC-102393,alpha fasteners inc,USD,erp_north,2026-08-01,$2052.52,164.2,CC-200
MC-101421,MERIDIAN TOOLING INTERNAL,US Dollar,erp_south,08/01/2026,$17283.98,1382.72,CC-300
MC-101963,Kwan Precision Ltd,USD,erp_north,2026-09-10,$12508.87,1000.71,CC-200
MC-101524, Nordic Steel Co. ,Euro,erp_south,09/20/2026,EUR 20879.10,1670.33,CC-100
MC-101921,Kwan Precision Ltd.,USD,erp_north,2026-09-12,$4550.00,364.0,CC-200
MC-100920,Rhein Polymer GmbH,EUR,erp_north,2026-07-05,EUR 41615.42,3329.23,CC-100
MC-100432,MERIDIAN TOOLING INTERNAL,US Dollar,erp_south,09/28/2026,$7031.59,562.53,CC-100
MC-100751,britewire ltd.,eur,email_sheet,24-Jul-26,"EUR 1,129.65",90.37,CC-400
MC-100089,"Perez Castings, S.A.",usd,email_sheet,08-Jul-26,"$26,502.66",2120.21,CC-300
MC-100328,britewire ltd.,Euro,erp_south,09/10/2026,EUR 2160.06,,CC-200
MC-100568,Britewire Ltd.,Euro,erp_south,09/14/2026,EUR 5414.26,433.14,CC-300
MC-101454,PEREZ CASTINGS,USD,erp_north,2026-08-22,  $57669.18 ,4613.53,CC-100
MC-101159,Kwan Precision Ltd.,USD,erp_north,2026-07-19,  $6769.32 ,541.55,CC-100
MC-102345,Meridian Tooling (internal),usd,email_sheet,05-Aug-26,$546.42,43.71,
MC-101657,Rhein Polymer Gmbh,EUR,erp_north,2026-07-20,EUR 28758.58,2300.69,CC-200
MC-101727,MERIDIAN TOOLING INTERNAL,USD,erp_north,2026-08-26,$9125.48,730.04,CC-200
MC-101125,sato industrial k.k.,usd,email_sheet,20-Sep-26,"$60,025.64",4802.05,
MC-101827,Rhein  Polymer GmbH,Euro,erp_south,07/16/2026,EUR 43237.06,3458.96,CC-300
MC-101920,KWAN PRECISION,USD,erp_north,2026-07-02,$12107.92,968.63,CC-300
MC-101650,RHEIN POLYMER,Euro,erp_south,07/11/2026,  EUR 32324.24 ,2585.94,CC-300
MC-100955,Rhein Polymer Gmbh,EUR,erp_north,2026-09-05,  EUR 7524.99 ,602.0,CC-200
MC-101282,Perez Castings S.A.,USD,erp_north,2026-07-03,$49855.68,3988.45,CC-200
MC-100398,Perez Castings SA,US Dollar,erp_south,07/05/2026,$99068.54,7925.48,CC-300
MC-101428,Rhein Polymer GmbH,eur,email_sheet,28-Aug-26,"EUR 48,005.10",3840.41,
MC-101425,KWAN PRECISION,US Dollar,erp_south,09/13/2026,$11580.92,926.47,CC-300
MC-102014,Meridian Tooling (internal),USD,erp_north,2026-07-17,$2804.12,224.33,CC-200
MC-101512,Kwan Precision Ltd,US Dollar,erp_south,08/07/2026,$30518.51,2441.48,CC-200
MC-100643,RHEIN POLYMER,EUR,erp_north,2026-07-02,EUR 71334.72,5706.78,CC-200
MC-100852,Kwan  Precision Ltd.,US Dollar,erp_south,07/01/2026,$7184.16,574.73,CC-300
MC-100505,Sato Industrial KK,usd,email_sheet,11-Sep-26,"$42,049.68",3363.97,CC-300
MC-100652,britewire ltd.,Euro,erp_south,07/12/2026,EUR 1875.17,150.01,CC-300
MC-101490,Britewire Ltd.,Euro,erp_south,07/08/2026,EUR 4497.60,359.81,CC-100
MC-100609,RHEIN POLYMER,EUR,erp_north,2026-08-25,EUR 26305.52,2104.44,CC-400
MC-102371,NORDIC STEEL,EUR,erp_north,2026-09-29,EUR 17606.57,,CC-200
MC-101861,Kwan  Precision Ltd.,US Dollar,erp_south,07/22/2026,$8713.34,697.07,CC-400
MC-101516,Britewire Ltd.,eur,email_sheet,30-Jul-26,"EUR 1,627.22",130.18,
MC-100115,BRITEWIRE,eur,email_sheet,01-Aug-26,"EUR 4,448.21",355.86,
MC-102130,Nordic Steel Co,EUR,erp_north,2026-09-24,EUR 19895.81,1591.66,CC-200
MC-101670,Britewire Ltd.,Euro,erp_south,07/21/2026,EUR 1473.40,117.87,CC-400
MC-100721,Nordic Steel Co,Euro,erp_south,09/25/2026,EUR 32035.68,2562.85,CC-300
MC-101078,MERIDIAN TOOLING INTERNAL,USD,erp_north,2026-07-01,  $9762.36 ,780.99,CC-100
MC-100000,"Alpha Fasteners, Inc.",US Dollar,erp_south,07/15/2026,$2816.10,225.29,CC-200
MC-100037,Rhein Polymer GmbH,eur,email_sheet,12-Aug-26,"EUR 46,043.16",3683.45,
MC-101629,Kwan Precision Ltd.,USD,erp_north,2026-09-06,$20019.02,1601.52,CC-200
MC-100356,BRITEWIRE,EUR,erp_north,2026-07-08,EUR 6316.58,505.33,CC-200
MC-100889,Meridian Tooling,USD,erp_north,2026-07-14,$3818.49,305.48,CC-200
MC-100983,Britewire Ltd,EUR,erp_north,2026-08-23,EUR 6152.96,492.24,CC-400
MC-101902,Alpha Fasteners,USD,erp_north,2026-09-09,$8295.21,663.62,CC-400
MC-100943,Nordic Steel Co.,eur,email_sheet,13-Sep-26,"  EUR 112,450.32 ",8996.03,
MC-101600,Meridian Tooling (internal),USD,erp_north,2026-07-07,$7650.68,612.05,CC-100
MC-102074,RHEIN POLYMER,Euro,erp_south,07/08/2026,  EUR 25602.97 ,2048.24,CC-400
MC-100219,KWAN PRECISION,USD,erp_north,2026-09-08,$22907.20,1832.58,CC-200
MC-101972, Nordic Steel Co. ,EUR,erp_north,2026-09-03,EUR 70444.96,5635.6,CC-400
MC-102064,"Alpha Fasteners, Inc.",USD,erp_north,2026-07-08,$3388.70,271.1,CC-200
MC-100094,Britewire Ltd.,Euro,erp_south,08/09/2026,EUR 443.94,35.52,CC-100
MC-101917,britewire ltd.,eur,email_sheet,17-Aug-26,"EUR 2,879.75",230.38,
MC-101423,Sato Industrial KK,US Dollar,erp_south,09/10/2026,$45396.28,3631.7,CC-200
MC-101870,BRITEWIRE,EUR,erp_north,2026-09-19,EUR 3170.54,253.64,CC-300
MC-100395,Alpha Fasteners Inc.,USD,erp_north,2026-09-26,$3113.14,249.05,CC-400
MC-101442,Kwan Precision Ltd,US Dollar,erp_south,07/03/2026,$16083.00,1286.64,CC-300
MC-100879, Nordic Steel Co. ,EUR,erp_north,2026-09-10,EUR 132936.81,10634.94,CC-200
MC-102361,Meridian Tooling,US Dollar,erp_south,09/08/2026,$14225.58,1138.05,CC-100
MC-100717,Perez Castings S.A.,US Dollar,erp_south,09/17/2026,$74687.15,5974.97,CC-400
MC-101958,PEREZ CASTINGS,USD,erp_north,2026-09-15,  $63578.19 ,5086.26,CC-200
MC-100590,NORDIC STEEL,EUR,erp_north,2026-07-26,EUR 39923.28,3193.86,CC-100
MC-100503,"Perez Castings, S.A.",US Dollar,erp_south,07/31/2026,$67185.12,5374.81,CC-300
MC-101761,Nordic Steel Co,EUR,erp_north,2026-08-19,EUR 39170.42,3133.63,CC-400
MC-100151,Rhein Polymer GmbH,Euro,erp_south,08/25/2026,EUR 2542.72,203.42,CC-400
MC-100691,Alpha Fasteners,USD,erp_north,2026-09-15,$2058.32,164.67,CC-200
MC-100921,Alpha Fasteners,USD,erp_north,2026-09-24,  $10941.93 ,875.35,CC-200
MC-101405,Britewire Ltd.,eur,email_sheet,15-Aug-26,"  EUR 1,035.44 ",82.84,
MC-101882,Kwan  Precision Ltd.,USD,erp_north,2026-07-06,$22056.79,1764.54,CC-300
MC-101619,Perez Castings SA,USD,erp_north,2026-07-25,$57739.76,4619.18,CC-300
MC-101788,Nordic Steel Co,Euro,erp_south,07/30/2026,EUR 47467.40,3797.39,CC-100
MC-100864,NORDIC STEEL,EUR,erp_north,2026-09-14,EUR 118234.27,9458.74,CC-200
MC-101408,britewire ltd.,Euro,erp_south,08/28/2026,EUR 3828.86,306.31,CC-100
MC-100576,BRITEWIRE,EUR,erp_north,2026-09-22,  EUR 1564.92 ,125.19,CC-300
MC-100253,sato industrial k.k.,USD,erp_north,2026-07-11,$3750.00,300.0,CC-100
MC-101673,britewire ltd.,Euro,erp_south,07/12/2026,EUR 4582.14,,CC-400
MC-102334, Nordic Steel Co. ,eur,email_sheet,02-Aug-26,"EUR 163,834.87",13106.79,
MC-100002,Rhein Polymer Gmbh,Euro,erp_south,09/29/2026,EUR 67348.50,5387.88,CC-100
MC-101969,Rhein  Polymer GmbH,EUR,erp_north,2026-07-19,  EUR 9773.64 ,781.89,CC-300
MC-101755,Meridian Tooling,USD,erp_north,2026-08-17,  $8548.68 ,683.89,CC-300
MC-101577,britewire ltd.,eur,email_sheet,08-Jul-26,"EUR 1,919.64",153.57,
MC-100194,sato industrial k.k.,USD,erp_north,2026-08-08,$44923.07,3593.85,
MC-100684,Perez Castings SA,usd,email_sheet,29-Aug-26,"$89,974.25",7197.94,
MC-101283,NORDIC STEEL,Euro,erp_south,09/11/2026,EUR 89996.26,7199.7,
MC-100170,Rhein Polymer Gmbh,eur,email_sheet,15-Sep-26,"EUR 15,766.26",1261.3,
MC-100034,Perez Castings SA,usd,email_sheet,31-Aug-26,"$46,922.70",3753.82,CC-200
MC-101893,NORDIC STEEL,EUR,erp_north,2026-08-12,EUR 78539.14,6283.13,CC-400
MC-100596,Kwan Precision Ltd,US Dollar,erp_south,07/25/2026,$23803.01,1904.24,CC-300
MC-101886,MERIDIAN TOOLING INTERNAL,USD,erp_north,2026-07-29,$19412.48,1553.0,CC-400
MC-100341,PEREZ CASTINGS,US Dollar,erp_south,09/13/2026,$83340.26,6667.22,CC-100
MC-102331,britewire ltd.,eur,email_sheet,19-Sep-26,"EUR 4,804.26",384.34,
MC-101436,britewire ltd.,EUR,erp_north,2026-08-12,EUR 199.76,15.98,CC-300
MC-100423,Alpha Fasteners Inc.,USD,erp_north,2026-08-22,$5013.39,401.07,CC-200
MC-102102,KWAN PRECISION,US Dollar,erp_south,07/23/2026,$30358.28,2428.66,CC-400
MC-101061,Perez Castings S.A.,US Dollar,erp_south,09/22/2026,$24276.83,1942.15,CC-100
MC-101293,KWAN PRECISION,US Dollar,erp_south,08/22/2026,  $30731.63 ,2458.53,CC-100
MC-102195, Nordic Steel Co. ,Euro,erp_south,09/04/2026,  EUR 18995.24 ,1519.62,CC-400
MC-100897,KWAN PRECISION,US Dollar,erp_south,08/02/2026,$14407.40,1152.59,CC-200
MC-100790,Rhein Polymer Gmbh,EUR,erp_north,2026-08-10,  EUR 29918.68 ,2393.49,CC-200
MC-101785,Alpha Fasteners,US Dollar,erp_south,07/29/2026,$3407.58,272.61,CC-100
MC-100744,Kwan Precision Ltd,USD,erp_north,2026-09-30,$15041.12,1203.29,CC-100
MC-100587,Kwan  Precision Ltd.,US Dollar,erp_south,09/25/2026,$9932.16,794.57,CC-200
MC-101631,Alpha Fasteners Inc.,usd,email_sheet,25-Jul-26,"$4,012.61",321.01,CC-400
MC-102235,Meridian Tooling,USD,erp_north,2026-09-15,$18605.41,1488.43,CC-400
MC-101740,Alpha Fasteners Inc.,usd,email_sheet,29-Aug-26,"$2,036.40",162.91,
MC-101334,Meridian Tooling,US Dollar,erp_south,08/31/2026,$10753.39,860.27,CC-100
MC-100780,Nordic Steel Co.,eur,email_sheet,02-Sep-26,"EUR 26,492.79",2119.42,
MC-100899,Kwan Precision Ltd.,usd,email_sheet,10-Aug-26,"$6,720.13",537.61,
MC-101596,Alpha Fasteners,US Dollar,erp_south,08/02/2026,$4824.93,385.99,CC-100
MC-101695,MERIDIAN TOOLING INTERNAL,USD,erp_north,2026-07-31,  $13837.19 ,1106.98,CC-300
MC-100970,RHEIN POLYMER,Euro,erp_south,09/07/2026,EUR 40383.91,3230.71,CC-200
MC-101090,sato industrial k.k.,US Dollar,erp_south,07/19/2026,$118880.22,9510.42,CC-400
MC-101135,Alpha Fasteners,US Dollar,erp_south,07/06/2026,$682.98,54.64,CC-200
MC-101772,Perez Castings SA,US Dollar,erp_south,07/16/2026,$57301.18,4584.09,CC-300
MC-101617,Kwan  Precision Ltd.,USD,erp_north,2026-09-16,$12760.02,1020.8,CC-400
MC-100426,BRITEWIRE,EUR,erp_north,2026-07-09,EUR 5725.25,458.02,CC-200
MC-102039,Britewire Ltd.,Euro,erp_south,09/01/2026,EUR 3685.56,294.84,CC-200
MC-100147,Meridian Tooling,usd,email_sheet,15-Aug-26,"$15,844.24",1267.54,
MC-100270,Rhein  Polymer GmbH,eur,email_sheet,30-Aug-26,"EUR 69,321.14",5545.69,
MC-101622,Nordic Steel Co.,Euro,erp_south,08/13/2026,EUR 35516.52,2841.32,CC-200
MC-100110,Sato Industrial KK,USD,erp_north,2026-07-31,$25382.52,2030.6,CC-300
MC-100840,KWAN PRECISION,US Dollar,erp_south,08/24/2026,  $13056.64 ,1044.53,CC-200
MC-102213,Kwan Precision Ltd.,USD,erp_north,2026-09-13,$11547.53,923.8,CC-300
MC-102328,Britewire Ltd,eur,email_sheet,23-Sep-26,"EUR 5,396.19",431.7,CC-400
MC-100278,alpha fasteners inc,USD,erp_north,2026-09-05,$5070.72,405.66,CC-300
MC-100200,Meridian Tooling (internal),US Dollar,erp_south,08/16/2026,$12101.90,968.15,CC-100
MC-101535,Perez Castings S.A.,USD,erp_north,2026-09-05,  $18668.64 ,1493.49,CC-200
MC-102089,MERIDIAN TOOLING INTERNAL,usd,email_sheet,21-Jul-26,"$10,178.43",814.27,
MC-100456,Perez Castings S.A.,USD,erp_north,2026-08-27,  $9641.00 ,771.28,CC-400
MC-100544,Kwan Precision Ltd,US Dollar,erp_south,07/28/2026,$13275.59,1062.05,CC-200
MC-101777,Meridian Tooling (internal),USD,erp_north,2026-08-29,$4404.38,352.35,CC-100
MC-100702,Rhein Polymer GmbH,EUR,erp_north,2026-07-13,EUR 66997.07,5359.77,CC-200
MC-100217,Rhein Polymer Gmbh,EUR,erp_north,2026-08-09,EUR 63285.26,,CC-100
MC-101363,SATO INDUSTRIAL,USD,erp_north,2026-08-09,$69901.05,5592.08,
MC-100071,britewire ltd.,EUR,erp_north,2026-08-09,EUR 1347.70,107.82,CC-400
MC-101502,Nordic Steel Co,Euro,erp_south,08/27/2026,EUR 24827.52,1986.2,CC-200
MC-102051,Nordic Steel Co.,Euro,erp_south,07/17/2026,EUR 61634.40,4930.75,CC-400
MC-100815,SATO INDUSTRIAL,USD,erp_north,2026-08-28,$116590.16,9327.21,CC-100
MC-102111,RHEIN POLYMER,EUR,erp_north,2026-07-10,EUR 2657.22,212.58,CC-300
MC-101588,Rhein  Polymer GmbH,Euro,erp_south,08/06/2026,EUR 22121.42,1769.71,CC-200
MC-101227,Perez Castings S.A.,US Dollar,erp_south,09/21/2026,$100053.00,8004.24,CC-100
MC-101390,SATO INDUSTRIAL,USD,erp_north,2026-09-11,$46025.05,3682.0,CC-300
MC-100525,SATO INDUSTRIAL,USD,erp_north,2026-09-12,$8246.70,659.74,CC-100
MC-102054,PEREZ CASTINGS,usd,email_sheet,04-Jul-26,"$79,767.54",6381.4,CC-100
MC-100674,sato industrial k.k.,USD,erp_north,2026-08-27,$39731.97,3178.56,CC-400
MC-100492,britewire ltd.,Euro,erp_south,09/25/2026,EUR 2373.10,189.85,CC-300
MC-101987, Nordic Steel Co. ,eur,email_sheet,31-Aug-26,"EUR 47,877.25",3830.18,
MC-102154,BRITEWIRE,Euro,erp_south,08/26/2026,  EUR 1907.46 ,152.6,CC-300
MC-100240,SATO INDUSTRIAL,usd,email_sheet,27-Jul-26,"$5,558.10",444.65,
MC-102118,Rhein Polymer Gmbh,EUR,erp_north,2026-09-15,EUR 16906.56,1352.52,CC-300
MC-101015,Meridian Tooling (internal),USD,erp_north,2026-07-21,$830.94,66.48,CC-300
MC-101925,Alpha Fasteners,US Dollar,erp_south,08/01/2026,$5509.93,440.79,CC-300
MC-101236,Rhein Polymer GmbH,eur,email_sheet,13-Aug-26,"EUR 9,038.04",723.04,
MC-100214,"Perez Castings, S.A.",usd,email_sheet,25-Jul-26,"$95,857.35",7668.59,
MC-101747,Nordic Steel Co.,EUR,erp_north,2026-08-05,EUR 76905.33,6152.43,CC-100
MC-101067,NORDIC STEEL,Euro,erp_south,09/29/2026,EUR 51662.50,4133.0,CC-400
MC-100150,Alpha Fasteners Inc.,US Dollar,erp_south,08/20/2026,$1739.02,139.12,CC-200
MC-100013,Alpha Fasteners,US Dollar,erp_south,09/12/2026,$2364.78,189.18,CC-200
MC-102313,Rhein Polymer GmbH,EUR,erp_north,2026-08-19,EUR 31902.84,2552.23,CC-100
MC-100734,Rhein Polymer Gmbh,eur,email_sheet,18-Sep-26,"EUR 43,007.08",3440.57,
MC-101464,alpha fasteners inc,USD,erp_north,2026-08-02,$6767.58,541.41,CC-100
MC-102030,nordic steel co.,Euro,erp_south,07/17/2026,EUR 62560.48,5004.84,CC-100
MC-102153,Meridian Tooling (internal),US Dollar,erp_south,09/02/2026,  $6327.84 ,506.23,CC-200
MC-101571,Alpha Fasteners Inc.,usd,email_sheet,06-Aug-26,"$1,891.98",151.36,
MC-101011,Alpha Fasteners Inc.,USD,erp_north,2026-09-23,$6933.38,554.67,CC-100
MC-102197,Kwan Precision Ltd,USD,erp_north,2026-08-12,$18689.17,1495.13,CC-100
MC-101830,Alpha Fasteners,US Dollar,erp_south,07/30/2026,  $4926.64 ,394.13,CC-400
MC-102157,Sato Industrial KK,USD,erp_north,2026-07-20,$51224.55,4097.96,CC-400
MC-100232,Meridian Tooling (internal),USD,erp_north,2026-08-31,  $16164.84 ,1293.19,CC-400
MC-101308, Nordic Steel Co. ,Euro,erp_south,07/04/2026,EUR 32532.49,2602.6,CC-200
MC-101261,NORDIC STEEL,EUR,erp_north,2026-08-09,EUR 73966.38,5917.31,CC-100
MC-101393,alpha fasteners inc,USD,erp_north,2026-08-07,  $2526.06 ,202.08,CC-100
MC-100357,Rhein Polymer GmbH,EUR,erp_north,2026-08-07,  EUR 9445.74 ,755.66,CC-400
MC-100946,Sato Industrial KK,US Dollar,erp_south,08/10/2026,$47253.90,3780.31,CC-400
MC-101157,Alpha Fasteners Inc.,US Dollar,erp_south,07/18/2026,$745.29,59.62,CC-300
MC-102131, Nordic Steel Co. ,EUR,erp_north,2026-07-06,EUR 97949.82,7835.99,CC-300
MC-100141,Nordic Steel Co,Euro,erp_south,08/04/2026,  EUR 47713.12 ,3817.05,CC-300
MC-100204,nordic steel co.,Euro,erp_south,07/31/2026,EUR 68591.09,,CC-400
MC-100490,Rhein Polymer Gmbh,Euro,erp_south,08/10/2026,EUR 10306.76,824.54,CC-300
MC-101982,sato industrial k.k.,usd,email_sheet,23-Aug-26,"$78,876.09",6310.09,
MC-101414,KWAN PRECISION,US Dollar,erp_south,09/11/2026,$18010.48,,CC-100
MC-100372,MERIDIAN TOOLING INTERNAL,US Dollar,erp_south,08/10/2026,$16023.88,1281.91,CC-400
MC-101372,Britewire Ltd,EUR,erp_north,2026-07-24,EUR 2806.16,,CC-400
MC-100407,Britewire Ltd,Euro,erp_south,09/10/2026,EUR 1948.42,155.87,CC-300
MC-102399,nordic steel co.,Euro,erp_south,08/20/2026,EUR 39004.29,,CC-200
MC-101803,Britewire Ltd.,Euro,erp_south,09/05/2026,EUR 1437.75,115.02,CC-300
MC-101936,Perez Castings S.A.,USD,erp_north,2026-07-17,$34900.22,2792.02,CC-100
MC-101520,Kwan Precision Ltd,usd,email_sheet,15-Aug-26,"$6,726.72",538.14,
MC-100820,Sato Industrial KK,US Dollar,erp_south,08/21/2026,$80610.12,6448.81,CC-200
MC-100522,Rhein Polymer Gmbh,Euro,erp_south,09/15/2026,  EUR 46394.07 ,3711.53,CC-400
MC-101797,KWAN PRECISION,US Dollar,erp_south,09/24/2026,  $10517.58 ,841.41,CC-100
MC-102292,MERIDIAN TOOLING INTERNAL,US Dollar,erp_south,08/25/2026,  $6483.07 ,518.65,CC-400
MC-101086,Rhein Polymer GmbH,eur,email_sheet,10-Aug-26,"EUR 11,431.20",914.5,
MC-102276,"Perez Castings, S.A.",USD,erp_north,2026-07-16,$58257.18,4660.57,CC-400
MC-100580,KWAN PRECISION,US Dollar,erp_south,07/07/2026,$11206.91,896.55,CC-100
MC-102109,PEREZ CASTINGS,US Dollar,erp_south,07/24/2026,$60009.73,4800.78,CC-100
MC-100474,PEREZ CASTINGS,usd,email_sheet,13-Aug-26,"  $73,131.28 ",5850.5,
MC-100824,Alpha Fasteners Inc.,US Dollar,erp_south,08/28/2026,  $1300.19 ,104.02,CC-300
MC-100012,"Alpha Fasteners, Inc.",US Dollar,erp_south,07/02/2026,$4772.29,381.78,CC-200
MC-101689,Kwan Precision Ltd,USD,erp_north,2026-09-11,$27004.66,2160.37,CC-300
MC-100928,Rhein  Polymer GmbH,Euro,erp_south,09/19/2026,EUR 37125.50,2970.04,CC-100
MC-101555,Rhein  Polymer GmbH,eur,email_sheet,17-Jul-26,"EUR 7,507.49",600.6,
MC-101661,Alpha Fasteners Inc.,USD,erp_north,2026-09-26,$4770.27,381.62,CC-300
MC-100325,Meridian Tooling (internal),usd,email_sheet,07-Jul-26,"$2,707.95",216.64,
MC-102381,Rhein Polymer Gmbh,EUR,erp_north,2026-08-18,EUR 18493.85,1479.51,CC-300
MC-102247,Sato Industrial KK,US Dollar,erp_south,09/11/2026,$56524.40,4521.95,CC-200
MC-100848,Kwan  Precision Ltd.,USD,erp_north,2026-09-04,$10907.78,872.62,CC-300
MC-101355,MERIDIAN TOOLING INTERNAL,US Dollar,erp_south,07/14/2026,$23306.78,1864.54,CC-400
MC-101028,"Alpha Fasteners, Inc.",US Dollar,erp_south,07/08/2026,  $4091.27 ,327.3,CC-300
MC-101582,Rhein  Polymer GmbH,EUR,erp_north,2026-07-24,EUR 15381.94,1230.56,
MC-102104,Meridian Tooling (internal),USD,erp_north,2026-07-24,$5870.98,469.68,CC-100
MC-100117,Rhein Polymer Gmbh,EUR,erp_north,2026-09-27,EUR 19113.13,1529.05,CC-100
MC-101838,alpha fasteners inc,US Dollar,erp_south,08/30/2026,$3142.92,251.43,CC-400
MC-100513,sato industrial k.k.,US Dollar,erp_south,08/25/2026,$87932.72,7034.62,CC-400
MC-100051,Kwan Precision Ltd,US Dollar,erp_south,09/03/2026,  $32204.93 ,2576.39,CC-300
MC-100471,Alpha Fasteners,US Dollar,erp_south,09/26/2026,$4554.43,364.35,CC-400
MC-100414,Sato Industrial K.K.,usd,email_sheet,20-Jul-26,"$19,410.24",1552.82,
MC-101854,Rhein Polymer Gmbh,eur,email_sheet,23-Jul-26,"EUR 3,573.65",285.89,CC-200
MC-101809,"Alpha Fasteners, Inc.",USD,erp_north,2026-08-03,$3229.73,258.38,CC-100
MC-100562,Perez Castings S.A.,US Dollar,erp_south,07/14/2026,$26478.15,2118.25,CC-200
MC-102206,BRITEWIRE,Euro,erp_south,09/27/2026,EUR 4803.29,384.26,CC-300
MC-102017,Nordic Steel Co,EUR,erp_north,2026-07-03,EUR 122594.15,9807.53,CC-300
MC-100135,Meridian Tooling,US Dollar,erp_south,08/27/2026,$3580.57,286.45,CC-200
MC-101375,britewire ltd.,EUR,erp_north,2026-07-13,EUR 5448.80,435.9,CC-200
MC-101601,Alpha Fasteners,USD,erp_north,2026-08-17,  $5425.96 ,434.08,CC-300
MC-100427,MERIDIAN TOOLING INTERNAL,USD,erp_north,2026-09-14,$4764.48,381.16,CC-100
MC-100190,Britewire Ltd,EUR,erp_north,2026-07-20,EUR 1101.16,88.09,CC-400
MC-100374,SATO INDUSTRIAL,US Dollar,erp_south,09/26/2026,$102564.14,8205.13,CC-200
MC-100881,Sato Industrial KK,US Dollar,erp_south,08/21/2026,  $50205.85 ,4016.47,CC-200
MC-101697,BRITEWIRE,EUR,erp_north,2026-08-13,EUR 3276.81,,CC-300
MC-101644,RHEIN POLYMER,EUR,erp_north,2026-07-24,EUR 58776.26,4702.1,CC-100
MC-100855,Alpha Fasteners,US Dollar,erp_south,07/08/2026,$5418.46,433.48,CC-300
MC-101368,nordic steel co.,Euro,erp_south,07/30/2026,  EUR 39199.76 ,3135.98,CC-300
MC-100669,Nordic Steel Co,EUR,erp_north,2026-07-26,EUR 132047.98,10563.84,CC-200
MC-101113,Sato Industrial KK,USD,erp_north,2026-07-17,$92467.64,7397.41,CC-100
MC-102160,PEREZ CASTINGS,usd,email_sheet,20-Sep-26,"  $58,919.69 ",4713.58,
MC-101116,Kwan Precision Ltd,USD,erp_north,2026-09-25,$6366.45,509.32,CC-300
MC-101433,alpha fasteners inc,US Dollar,erp_south,09/16/2026,$7895.24,631.62,
MC-100099,Alpha Fasteners Inc.,USD,erp_north,2026-08-14,  $6385.28 ,510.82,CC-100
MC-102070,Perez Castings S.A.,USD,erp_north,2026-07-17,$21381.30,1710.5,CC-400
MC-101775,britewire ltd.,Euro,erp_south,08/16/2026,EUR 1682.88,134.63,CC-300
MC-101096,Meridian Tooling (internal),usd,email_sheet,06-Aug-26,"$4,691.08",375.29,
MC-101822,Rhein Polymer GmbH,EUR,erp_north,2026-09-05,EUR 85804.55,6864.36,CC-200
MC-100716,BRITEWIRE,Euro,erp_south,07/19/2026,EUR 2075.40,166.03,CC-300
MC-102098,PEREZ CASTINGS,US Dollar,erp_south,07/01/2026,$56416.79,4513.34,CC-100
MC-101769,Kwan Precision Ltd.,usd,email_sheet,02-Sep-26,"$17,823.29",1425.86,
MC-101491,Perez Castings SA,USD,erp_north,2026-08-29,$49760.82,3980.87,CC-300
MC-100043,Rhein Polymer GmbH,EUR,erp_north,2026-07-01,  EUR 10149.23 ,811.94,CC-200
MC-100007,Alpha Fasteners,USD,erp_north,2026-08-12,$2550.94,204.08,CC-200
MC-100226,alpha fasteners inc,US Dollar,erp_south,09/23/2026,$207.22,16.58,CC-200
MC-102041,Perez Castings S.A.,US Dollar,erp_south,07/25/2026,$30670.17,2453.61,CC-300
MC-100400,Britewire Ltd.,EUR,erp_north,2026-09-30,EUR 1352.82,108.23,CC-200
MC-102079,Meridian Tooling,US Dollar,erp_south,09/17/2026,$13656.14,1092.49,CC-100
MC-101635,MERIDIAN TOOLING INTERNAL,USD,erp_north,2026-09-09,$9430.01,754.4,CC-300
MC-101898,Nordic Steel Co.,Euro,erp_south,08/11/2026,EUR 57538.86,4603.11,CC-200
MC-100142,MERIDIAN TOOLING INTERNAL,US Dollar,erp_south,09/27/2026,$2264.23,181.14,CC-300
MC-100861,Kwan Precision Ltd,US Dollar,erp_south,09/29/2026,$2840.32,227.23,CC-300
MC-100464,Britewire Ltd.,eur,email_sheet,23-Jul-26,"EUR 1,479.24",118.34,
MC-100318,britewire ltd.,Euro,erp_south,07/15/2026,EUR 353.97,28.32,CC-200
MC-101553,Meridian Tooling (internal),usd,email_sheet,03-Jul-26,"  $7,911.06 ",632.88,
MC-100841,KWAN PRECISION,usd,email_sheet,10-Jul-26,"$1,894.96",151.6,
MC-101793,PEREZ CASTINGS,USD,erp_north,2026-07-13,$65004.24,5200.34,CC-400
MC-100715,Meridian Tooling,usd,email_sheet,23-Aug-26,"$1,629.32",130.35,
MC-101210,Alpha Fasteners,usd,email_sheet,16-Jul-26,"$4,221.15",337.69,
MC-100707,RHEIN POLYMER,Euro,erp_south,08/03/2026,EUR 22851.89,1828.15,CC-400
MC-101724,Meridian Tooling,USD,erp_north,2026-09-19,$5915.28,473.22,CC-200
MC-101141,Nordic Steel Co,EUR,erp_north,2026-07-31,EUR 114320.87,9145.67,CC-300
MC-101961,Meridian Tooling (internal),US Dollar,erp_south,07/29/2026,$10067.93,805.43,CC-200
MC-101124,NORDIC STEEL,EUR,erp_north,2026-07-05,EUR 59762.40,4780.99,CC-200
MC-101057,Rhein  Polymer GmbH,EUR,erp_north,2026-08-06,EUR 73175.34,,CC-200
MC-100457,PEREZ CASTINGS,US Dollar,erp_south,07/25/2026,$99163.93,7933.11,CC-100
MC-102071,Meridian Tooling (internal),US Dollar,erp_south,08/03/2026,$3176.69,254.14,CC-300
MC-102162,alpha fasteners inc,USD,erp_north,2026-07-27,$6230.46,498.44,CC-300
MC-100415,NORDIC STEEL,Euro,erp_south,07/25/2026,EUR 34164.48,2733.16,CC-200
MC-102383,Kwan Precision Ltd.,usd,email_sheet,13-Sep-26,"$10,052.11",804.17,
MC-100638,Alpha Fasteners,USD,erp_north,2026-09-27,$2698.56,215.88,CC-300
MC-101881,Rhein Polymer Gmbh,EUR,erp_north,2026-08-30,EUR 29748.59,2379.89,CC-300
MC-100672,Sato Industrial K.K.,USD,erp_north,2026-09-17,$25735.29,2058.82,CC-400
MC-101223,Kwan  Precision Ltd.,USD,erp_north,2026-09-16,$25505.51,2040.44,CC-200
MC-101821,Britewire Ltd.,EUR,erp_north,2026-09-30,  EUR 5956.92 ,476.55,CC-200
MC-100688,Rhein Polymer Gmbh,EUR,erp_north,2026-07-28,  EUR 27703.46 ,2216.28,CC-300
MC-101132,Rhein Polymer Gmbh,Euro,erp_south,09/27/2026,EUR 24796.01,1983.68,CC-300
MC-100875,Nordic Steel Co.,eur,email_sheet,29-Aug-26,"EUR 99,198.28",7935.86,
MC-101718,Kwan  Precision Ltd.,USD,erp_north,2026-08-01,$7541.34,603.31,CC-400
MC-101977,"Perez Castings, S.A.",US Dollar,erp_south,08/31/2026,$20870.22,1669.62,CC-100
MC-100358,KWAN PRECISION,US Dollar,erp_south,08/18/2026,  $2558.61 ,204.69,CC-400
MC-100129,"Perez Castings, S.A.",US Dollar,erp_south,08/10/2026,  $113154.03 ,9052.32,CC-100
MC-101796,"Alpha Fasteners, Inc.",US Dollar,erp_south,08/21/2026,$7714.23,,CC-300
MC-100584,SATO INDUSTRIAL,US Dollar,erp_south,07/13/2026,$46117.56,3689.4,CC-200
MC-101120,"Perez Castings, S.A.",US Dollar,erp_south,09/30/2026,$50312.46,4025.0,CC-100
MC-101178,BRITEWIRE,Euro,erp_south,09/18/2026,EUR 1514.50,121.16,CC-100
MC-102265,Perez Castings SA,USD,erp_north,2026-08-29,$33458.59,2676.69,CC-400
MC-100810,MERIDIAN TOOLING INTERNAL,usd,email_sheet,03-Aug-26,"$8,831.96",706.56,
MC-102190,nordic steel co.,Euro,erp_south,09/16/2026,EUR 128741.69,10299.34,CC-400
MC-100802,KWAN PRECISION,US Dollar,erp_south,08/24/2026,$14503.73,1160.3,
MC-101330,RHEIN POLYMER,EUR,erp_north,2026-09-29,EUR 19979.22,1598.34,CC-300
MC-100539,Britewire Ltd,eur,email_sheet,19-Aug-26,"EUR 1,756.28",140.5,
MC-100807,sato industrial k.k.,US Dollar,erp_south,07/18/2026,  $108398.33 ,8671.87,CC-400
MC-100237,britewire ltd.,Euro,erp_south,08/27/2026,EUR 1248.20,99.86,CC-200
MC-101765,"Alpha Fasteners, Inc.",US Dollar,erp_south,08/29/2026,$849.92,67.99,CC-100
MC-102043,Meridian Tooling (internal),USD,erp_north,2026-09-08,  $14196.81 ,1135.74,CC-100
MC-101075,Kwan Precision Ltd,USD,erp_north,2026-08-23,$29648.42,2371.87,CC-100
MC-100386,"Alpha Fasteners, Inc.",USD,erp_north,2026-07-11,$469.04,37.52,CC-300
MC-101140,SATO INDUSTRIAL,usd,email_sheet,12-Sep-26,"$48,068.48",3845.48,
MC-101318,Meridian Tooling,US Dollar,erp_south,08/19/2026,$19730.22,,CC-400
MC-100369,Kwan Precision Ltd,USD,erp_north,2026-07-11,$6702.54,536.2,CC-400
MC-102055,Rhein Polymer Gmbh,EUR,erp_north,2026-09-04,EUR 37120.84,2969.67,CC-100
MC-101191,Sato Industrial K.K.,usd,email_sheet,10-Jul-26,"$27,046.54",2163.72,
MC-100075,Britewire Ltd,EUR,erp_north,2026-09-21,EUR 3211.91,256.95,CC-100
MC-100054,britewire ltd.,eur,email_sheet,25-Sep-26,"EUR 2,829.56",226.36,
MC-101869,"Alpha Fasteners, Inc.",usd,email_sheet,17-Sep-26,"$9,521.35",761.71,
MC-101991,Nordic Steel Co,Euro,erp_south,08/15/2026,EUR 141242.26,11299.38,CC-300
MC-101414,KWAN PRECISION,US Dollar,erp_south,09/11/2026,$18010.48,,CC-100
MC-101402,Sato Industrial KK,US Dollar,erp_south,08/13/2026,$47015.55,3761.24,CC-300
MC-100351,Sato Industrial K.K.,US Dollar,erp_south,08/13/2026,$42670.08,3413.61,CC-100
MC-101842, Nordic Steel Co. ,Euro,erp_south,07/29/2026,EUR 12451.18,996.09,CC-300
MC-101591,"Perez Castings, S.A.",US Dollar,erp_south,08/06/2026,$10935.30,874.82,CC-200
MC-102168, Nordic Steel Co. ,Euro,erp_south,07/02/2026,EUR 31298.51,2503.88,CC-300
MC-101336,Nordic Steel Co,Euro,erp_south,08/07/2026,EUR 59890.71,4791.26,CC-300
MC-102338,Sato Industrial KK,US Dollar,erp_south,09/22/2026,$69773.05,5581.84,CC-400
MC-100173,SATO INDUSTRIAL,usd,email_sheet,27-Aug-26,"$30,872.12",2469.77,
MC-100046,Rhein  Polymer GmbH,EUR,erp_north,2026-09-19,EUR 36546.18,2923.69,CC-300
MC-101165,Meridian Tooling (internal),USD,erp_north,2026-08-23,  $13099.86 ,1047.99,CC-200
MC-100333,nordic steel co.,eur,email_sheet,28-Sep-26,"  EUR 98,746.13 ",7899.69,CC-400
MC-101974, Nordic Steel Co. ,Euro,erp_south,09/26/2026,  EUR 28425.32 ,2274.03,CC-300
MC-101042,Perez Castings S.A.,US Dollar,erp_south,08/19/2026,$112599.65,9007.97,CC-400
MC-101748,Sato Industrial K.K.,US Dollar,erp_south,09/26/2026,$22928.70,1834.3,CC-200
MC-101475,nordic steel co.,Euro,erp_south,07/04/2026,  EUR 46123.94 ,3689.92,CC-100
MC-100987,Perez Castings S.A.,USD,erp_north,2026-08-23,  $88787.48 ,7103.0,CC-100
MC-100978,nordic steel co.,EUR,erp_north,2026-08-19,EUR 70466.18,5637.29,CC-200
MC-102057,BRITEWIRE,Euro,erp_south,08/27/2026,EUR 3688.89,295.11,CC-200
MC-101192,Perez Castings SA,USD,erp_north,2026-08-07,$50739.85,4059.19,CC-200
MC-101751,Britewire Ltd.,EUR,erp_north,2026-07-12,EUR 3527.70,282.22,CC-300
MC-101684,Alpha Fasteners,usd,email_sheet,29-Aug-26,"$2,110.59",168.85,
MC-101541,Nordic Steel Co,Euro,erp_south,07/31/2026,EUR 73876.27,5910.1,CC-300
MC-102305,"Perez Castings, S.A.",US Dollar,erp_south,08/23/2026,$90762.59,,CC-200
MC-100100,Meridian Tooling,usd,email_sheet,28-Aug-26,"$10,376.50",830.12,
MC-100945,alpha fasteners inc,usd,email_sheet,05-Jul-26,$892.60,71.41,
MC-100417,MERIDIAN TOOLING INTERNAL,US Dollar,erp_south,09/17/2026,  $5983.90 ,478.71,CC-100
MC-102110, Nordic Steel Co. ,Euro,erp_south,07/23/2026,  EUR 89762.24 ,7180.98,CC-300
MC-101128,MERIDIAN TOOLING INTERNAL,usd,email_sheet,11-Jul-26,"$18,974.84",1517.99,
MC-100666,Kwan  Precision Ltd.,US Dollar,erp_south,08/02/2026,$4823.06,385.84,CC-300
MC-101238,MERIDIAN TOOLING INTERNAL,USD,erp_north,2026-08-13,$9315.95,745.28,CC-400
MC-101088,PEREZ CASTINGS,usd,email_sheet,02-Jul-26,"$63,529.54",,
MC-101374,alpha fasteners inc,US Dollar,erp_south,08/26/2026,  $3571.35 ,285.71,CC-400
MC-102182,RHEIN POLYMER,Euro,erp_south,09/25/2026,EUR 46468.08,3717.45,CC-200
MC-100927,"Alpha Fasteners, Inc.",USD,erp_north,2026-08-19,  $168.84 ,13.51,CC-300
MC-102320,Meridian Tooling,USD,erp_north,2026-07-24,$20099.94,1608.0,CC-300
MC-101586,Britewire Ltd,Euro,erp_south,09/09/2026,EUR 99.45,7.96,CC-100
MC-100749, Nordic Steel Co. ,eur,email_sheet,02-Aug-26,"EUR 143,461.31",11476.9,
MC-101800,Sato Industrial KK,USD,erp_north,2026-07-03,$30378.96,2430.32,CC-300
MC-100367,BRITEWIRE,EUR,erp_north,2026-09-27,EUR 3608.76,288.7,CC-200
MC-102219,MERIDIAN TOOLING INTERNAL,usd,email_sheet,03-Jul-26,"$2,141.28",171.3,
MC-100397,Kwan  Precision Ltd.,usd,email_sheet,07-Sep-26,"$41,561.34",3324.91,CC-300
MC-102347,Rhein Polymer GmbH,Euro,erp_south,09/01/2026,EUR 18236.82,1458.95,CC-200
MC-101939,Rhein Polymer GmbH,Euro,erp_south,07/27/2026,EUR 50543.62,4043.49,CC-300
MC-100704,Rhein Polymer GmbH,Euro,erp_south,07/19/2026,EUR 52257.39,,CC-400
MC-101213,KWAN PRECISION,US Dollar,erp_south,08/17/2026,$32771.43,2621.71,CC-100
MC-100097,MERIDIAN TOOLING INTERNAL,usd,email_sheet,07-Aug-26,"$4,068.24",325.46,
MC-101119,Perez Castings SA,US Dollar,erp_south,07/21/2026,$68944.66,5515.57,CC-100
MC-100055,Meridian Tooling,US Dollar,erp_south,07/23/2026,$7347.15,587.77,CC-300
MC-102294,Kwan Precision Ltd,USD,erp_north,2026-08-06,$15542.10,1243.37,CC-400
MC-100381,KWAN PRECISION,US Dollar,erp_south,07/05/2026,$17491.01,1399.28,CC-400
MC-100660,Britewire Ltd.,Euro,erp_south,08/16/2026,  EUR 1729.33 ,138.35,CC-400
MC-100416, Nordic Steel Co. ,Euro,erp_south,07/02/2026,EUR 29423.70,2353.9,CC-300
MC-100028,PEREZ CASTINGS,USD,erp_north,2026-09-27,$38741.94,3099.36,CC-300
MC-101705,SATO INDUSTRIAL,USD,erp_north,2026-08-17,$53793.36,4303.47,CC-400
MC-101385,alpha fasteners inc,USD,erp_north,2026-09-26,$5070.19,405.62,CC-200
MC-100514,Rhein  Polymer GmbH,EUR,erp_north,2026-09-15,EUR 52022.55,4161.8,CC-200
MC-102319,Meridian Tooling (internal),US Dollar,erp_south,08/21/2026,$12451.88,996.15,CC-200
MC-100705,Sato Industrial K.K.,USD,erp_north,2026-09-07,$78352.26,6268.18,CC-400
MC-100546,Rhein Polymer GmbH,Euro,erp_south,09/25/2026,EUR 23076.82,1846.15,CC-400
MC-102117,Kwan Precision Ltd.,USD,erp_north,2026-07-06,$6028.69,482.3,CC-300
MC-101286,Kwan Precision Ltd,US Dollar,erp_south,07/26/2026,$43647.35,3491.79,CC-400
MC-101978,Perez Castings SA,usd,email_sheet,20-Aug-26,"$26,128.95",2090.32,
MC-101995,Rhein Polymer GmbH,Euro,erp_south,07/09/2026,EUR 31719.50,2537.56,CC-100
MC-102125,Rhein  Polymer GmbH,Euro,erp_south,09/02/2026,EUR 45054.86,3604.39,CC-100
MC-101180,Meridian Tooling,usd,email_sheet,24-Jul-26,"$18,329.65",1466.37,
MC-101760,PEREZ CASTINGS,USD,erp_north,2026-08-30,$89079.63,7126.37,CC-300
MC-100523,alpha fasteners inc,usd,email_sheet,27-Jul-26,$867.24,69.38,
MC-102120,alpha fasteners inc,USD,erp_north,2026-07-01,  $3554.18 ,284.33,CC-300
MC-102208,Alpha Fasteners Inc.,US Dollar,erp_south,07/27/2026,  $6237.18 ,498.97,CC-100
MC-102272,Sato Industrial KK,US Dollar,erp_south,07/10/2026,$7476.00,598.08,CC-400
MC-100603,Kwan Precision Ltd.,USD,erp_north,2026-08-08,$28973.72,2317.9,CC-100
MC-100727,Meridian Tooling,US Dollar,erp_south,08/27/2026,$11394.09,911.53,CC-400
MC-102346,Kwan  Precision Ltd.,USD,erp_north,2026-07-28,  $19411.20 ,1552.9,CC-400
MC-101693,Kwan Precision Ltd,US Dollar,erp_south,07/10/2026,$17191.47,1375.32,CC-400
MC-100833,Rhein Polymer Gmbh,EUR,erp_north,2026-09-18,EUR 23517.00,1881.36,CC-300
MC-100259,NORDIC STEEL,Euro,erp_south,07/03/2026,EUR 47416.37,3793.31,CC-100
MC-101301,Perez Castings S.A.,US Dollar,erp_south,09/07/2026,$40286.22,3222.9,CC-200
MC-101533,Kwan  Precision Ltd.,US Dollar,erp_south,07/25/2026,$8802.80,704.22,CC-300
MC-100517,RHEIN POLYMER,EUR,erp_north,2026-07-10,EUR 48133.20,3850.66,CC-200
MC-100267,Alpha Fasteners Inc.,US Dollar,erp_south,08/09/2026,  $5181.46 ,414.52,CC-200
MC-100118,MERIDIAN TOOLING INTERNAL,US Dollar,erp_south,07/27/2026,$11328.38,906.27,CC-300
MC-101051,Nordic Steel Co.,Euro,erp_south,09/08/2026,  EUR 29534.19 ,2362.74,CC-200
MC-101058,britewire ltd.,EUR,erp_north,2026-07-03,EUR 2911.89,232.95,CC-100
MC-101802,"Alpha Fasteners, Inc.",USD,erp_north,2026-07-14,$2814.24,225.14,CC-300
MC-101855,"Perez Castings, S.A.",USD,erp_north,2026-07-18,$97839.16,7827.13,CC-200
MC-102344,alpha fasteners inc,USD,erp_north,2026-07-19,$7099.36,567.95,CC-400
MC-102096,Britewire Ltd,EUR,erp_north,2026-08-29,EUR 1277.03,102.16,CC-300
MC-101897,Britewire Ltd.,Euro,erp_south,09/19/2026,EUR 2878.23,230.26,CC-400
MC-101730,Perez Castings SA,usd,email_sheet,17-Sep-26,"$56,391.72",4511.34,
MC-101218,Perez Castings SA,usd,email_sheet,01-Aug-26,"$9,503.28",,CC-100
MC-102040,Kwan  Precision Ltd.,USD,erp_north,2026-07-11,$3855.60,308.45,CC-400
MC-100396,Kwan Precision Ltd.,US Dollar,erp_south,08/23/2026,$11365.92,909.27,CC-300
MC-100350,Sato Industrial K.K.,US Dollar,erp_south,08/24/2026,$17323.50,1385.88,CC-200
MC-100595,Britewire Ltd.,Euro,erp_south,07/15/2026,EUR 2203.68,176.29,CC-400
MC-102380,Sato Industrial K.K.,USD,erp_north,2026-08-27,$15365.70,1229.26,CC-300
MC-102284,NORDIC STEEL,EUR,erp_north,2026-09-29,  EUR 2062.28 ,,CC-100
MC-100746,MERIDIAN TOOLING INTERNAL,US Dollar,erp_south,09/16/2026,$25056.01,2004.48,CC-200
MC-102287,nordic steel co.,eur,email_sheet,23-Jul-26,"EUR 47,432.28",3794.58,
MC-100036,Sato Industrial K.K.,US Dollar,erp_south,09/16/2026,$55309.54,4424.76,CC-400
MC-101260,Meridian Tooling,US Dollar,erp_south,09/01/2026,  $20792.90 ,1663.43,CC-100
MC-100804,Rhein Polymer GmbH,Euro,erp_south,09/11/2026,EUR 25831.62,2066.53,CC-400
MC-100735,NORDIC STEEL,Euro,erp_south,09/07/2026,EUR 48028.71,3842.3,CC-100
MC-100058,Rhein Polymer Gmbh,Euro,erp_south,09/05/2026,  EUR 17207.54 ,1376.6,CC-100
MC-100158,Rhein  Polymer GmbH,EUR,erp_north,2026-09-27,EUR 29132.27,2330.58,CC-300
MC-100664,Nordic Steel Co,eur,email_sheet,31-Jul-26,"EUR 82,626.94",6610.16,
MC-100383,Sato Industrial KK,USD,erp_north,2026-07-09,$10175.85,814.07,CC-300
MC-101549,britewire ltd.,EUR,erp_north,2026-09-03,EUR 2438.08,195.05,CC-400
MC-101523,"Perez Castings, S.A.",USD,erp_north,2026-09-09,$53565.76,4285.26,CC-400
MC-100140,PEREZ CASTINGS,USD,erp_north,2026-09-10,$81792.61,6543.41,CC-400
MC-100465,Sato Industrial K.K.,US Dollar,erp_south,07/06/2026,$47289.24,3783.14,CC-100
MC-100892,PEREZ CASTINGS,US Dollar,erp_south,09/11/2026,$36538.44,2923.08,CC-200
MC-100299,Alpha Fasteners Inc.,US Dollar,erp_south,07/03/2026,$8591.82,687.35,CC-400
MC-101469,Perez Castings S.A.,US Dollar,erp_south,08/03/2026,$63236.43,5058.91,CC-300
MC-100947,Nordic Steel Co.,EUR,erp_north,2026-09-26,EUR 39015.00,3121.2,CC-200
MC-100720,Sato Industrial K.K.,usd,email_sheet,04-Aug-26,"  $19,409.40 ",1552.75,CC-200
MC-101164,nordic steel co.,EUR,erp_north,2026-09-10,EUR 147870.87,11829.67,CC-200
MC-100832,Britewire Ltd,EUR,erp_north,2026-09-01,EUR 4263.96,341.12,CC-300
MC-100009,Alpha Fasteners Inc.,US Dollar,erp_south,08/24/2026,$4360.06,348.8,CC-100
MC-100637,Rhein Polymer Gmbh,eur,email_sheet,01-Jul-26,"EUR 38,871.21",3109.7,
MC-101168,NORDIC STEEL,EUR,erp_north,2026-08-24,EUR 64744.12,5179.53,CC-100
MC-100024,Meridian Tooling,US Dollar,erp_south,09/01/2026,$10943.89,875.51,CC-400
MC-101240,sato industrial k.k.,usd,email_sheet,28-Sep-26,"$70,617.98",5649.44,
MC-101782,alpha fasteners inc,US Dollar,erp_south,08/14/2026,$7017.76,561.42,CC-200
MC-101770,Meridian Tooling,usd,email_sheet,29-Aug-26,"  $3,187.84 ",255.03,
MC-101347,Sato Industrial KK,USD,erp_north,2026-08-29,$76744.64,6139.57,CC-100
MC-101953,Kwan Precision Ltd,US Dollar,erp_south,09/05/2026,$21693.71,1735.5,CC-200
MC-101313,Meridian Tooling (internal),USD,erp_north,2026-07-24,$14125.61,1130.05,CC-100
MC-101128,MERIDIAN TOOLING INTERNAL,usd,email_sheet,11-Jul-26,"$18,974.84",1517.99,
MC-100658,BRITEWIRE,EUR,erp_north,2026-09-02,EUR 1203.84,96.31,
MC-102072,britewire ltd.,EUR,erp_north,2026-07-19,EUR 722.77,57.82,CC-400
MC-101444,Sato Industrial KK,USD,erp_north,2026-08-01,$18603.10,1488.25,CC-300
MC-100556,Perez Castings SA,usd,email_sheet,31-Jul-26,"$40,790.75",3263.26,CC-300
MC-100971,Sato Industrial KK,usd,email_sheet,03-Sep-26,"$62,623.14",5009.85,
MC-101884,Meridian Tooling,USD,erp_north,2026-08-09,$12081.63,966.53,CC-300
MC-100020,sato industrial k.k.,US Dollar,erp_south,07/11/2026,$10717.38,,CC-300
MC-100279,britewire ltd.,Euro,erp_south,09/04/2026,EUR 765.48,61.24,CC-400
MC-100096,Rhein  Polymer GmbH,Euro,erp_south,09/19/2026,EUR 24343.58,1947.49,CC-100
MC-100639,Perez Castings SA,US Dollar,erp_south,08/27/2026,$66630.72,5330.46,CC-200
MC-100441,MERIDIAN TOOLING INTERNAL,usd,email_sheet,21-Jul-26,"$7,769.37",621.55,
MC-100172,Sato Industrial K.K.,US Dollar,erp_south,07/17/2026,$23687.18,1894.97,CC-100
MC-101437,RHEIN POLYMER,EUR,erp_north,2026-09-05,EUR 25211.40,2016.91,CC-100
MC-100651,PEREZ CASTINGS,USD,erp_north,2026-07-12,$102242.76,8179.42,CC-100
MC-102288,NORDIC STEEL,EUR,erp_north,2026-09-04,EUR 103413.74,8273.1,CC-200
MC-101396,Nordic Steel Co.,Euro,erp_south,08/08/2026,EUR 117515.92,9401.27,CC-200
MC-102024,Kwan Precision Ltd,USD,erp_north,2026-07-26,  $15644.43 ,1251.55,CC-300
MC-101337,Sato Industrial KK,US Dollar,erp_south,08/18/2026,  $48740.39 ,3899.23,CC-100
MC-101303,Alpha Fasteners Inc.,USD,erp_north,2026-09-25,$5914.58,473.17,CC-200
MC-102263,Perez Castings S.A.,USD,erp_north,2026-07-11,$73957.59,5916.61,CC-400
MC-101741,nordic steel co.,Euro,erp_south,08/14/2026,EUR 23881.37,1910.51,CC-400
MC-101085,Nordic Steel Co,Euro,erp_south,09/19/2026,EUR 82888.79,6631.1,CC-200
MC-101646,Meridian Tooling,US Dollar,erp_south,08/02/2026,$21915.17,1753.21,CC-100
MC-101907,"Perez Castings, S.A.",USD,erp_north,2026-08-09,$2086.96,166.96,CC-300
MC-100895,Sato Industrial KK,USD,erp_north,2026-09-16,$15779.79,1262.38,CC-400
MC-102181,sato industrial k.k.,USD,erp_north,2026-08-10,$104164.46,8333.16,CC-200
MC-102211,Kwan  Precision Ltd.,usd,email_sheet,20-Jul-26,"$1,744.35",139.55,
MC-100701,KWAN PRECISION,usd,email_sheet,15-Sep-26,"$15,979.80",1278.38,
MC-101767,nordic steel co.,eur,email_sheet,08-Sep-26,"EUR 11,266.02",901.28,
MC-101753,Kwan Precision Ltd,US Dollar,erp_south,07/15/2026,$17460.16,1396.81,CC-300
MC-101041,nordic steel co.,Euro,erp_south,07/30/2026,EUR 82010.35,6560.83,CC-100
MC-102355,Perez Castings SA,US Dollar,erp_south,08/13/2026,$95677.49,7654.2,CC-300
MC-101170,Britewire Ltd.,EUR,erp_north,2026-09-08,EUR 485.50,38.84,CC-200
MC-101896,britewire ltd.,EUR,erp_north,2026-07-16,  EUR 1469.70 ,117.58,CC-100
MC-101564,Rhein Polymer Gmbh,EUR,erp_north,2026-09-10,EUR 36294.48,2903.56,CC-200
MC-101435,Britewire Ltd.,eur,email_sheet,10-Jul-26,"  EUR 3,166.05 ",253.28,
MC-101950,BRITEWIRE,EUR,erp_north,2026-07-25,EUR 994.50,79.56,CC-200
MC-101167,britewire ltd.,Euro,erp_south,07/20/2026,EUR 672.60,53.81,CC-200
MC-101005,Alpha Fasteners,USD,erp_north,2026-08-01,$668.46,53.48,CC-300
MC-101062,britewire ltd.,Euro,erp_south,07/31/2026,EUR 3885.15,310.81,CC-300
MC-101281,BRITEWIRE,eur,email_sheet,20-Jul-26,"EUR 5,363.74",429.1,
MC-102019,"Alpha Fasteners, Inc.",US Dollar,erp_south,08/16/2026,$3846.31,307.7,CC-200
MC-100619,nordic steel co.,Euro,erp_south,07/27/2026,EUR 68979.67,5518.37,CC-100
MC-100447,SATO INDUSTRIAL,US Dollar,erp_south,09/07/2026,$42051.30,3364.1,CC-300
MC-100210,KWAN PRECISION,USD,erp_north,2026-09-19,$18812.29,1504.98,CC-300
MC-100640,Rhein Polymer Gmbh,EUR,erp_north,2026-08-25,  EUR 6547.38 ,523.79,CC-200
MC-100377,Meridian Tooling (internal),USD,erp_north,2026-08-02,$381.75,30.54,CC-400
MC-101229,Sato Industrial K.K.,USD,erp_north,2026-09-16,$15825.68,1266.05,CC-100
MC-101584,Kwan Precision Ltd,USD,erp_north,2026-07-17,$28786.00,2302.88,CC-300
MC-102124,Meridian Tooling,USD,erp_north,2026-07-07,$13868.88,1109.51,CC-300
MC-102376,britewire ltd.,EUR,erp_north,2026-08-24,EUR 507.36,,CC-100
MC-101366,Perez Castings S.A.,USD,erp_north,2026-09-04,$14025.39,1122.03,CC-300
MC-100930,britewire ltd.,EUR,erp_north,2026-09-27,EUR 2872.38,229.79,CC-200
MC-100300,SATO INDUSTRIAL,US Dollar,erp_south,08/09/2026,$19614.88,1569.19,CC-300
MC-102145,sato industrial k.k.,US Dollar,erp_south,08/27/2026,$51180.59,4094.45,CC-400
MC-100488,Meridian Tooling (internal),usd,email_sheet,25-Sep-26,"$6,892.50",551.4,
MC-100561,Kwan Precision Ltd,US Dollar,erp_south,07/10/2026,$16677.53,1334.2,CC-400
MC-100467,Perez Castings SA,USD,erp_north,2026-08-10,$12570.40,1005.63,CC-400
MC-101990,Britewire Ltd,eur,email_sheet,14-Aug-26,"EUR 3,399.56",271.96,
MC-101777,Meridian Tooling (internal),USD,erp_north,2026-08-29,$4404.38,352.35,CC-100
MC-100468,Alpha Fasteners,USD,erp_north,2026-07-07,$5867.56,469.4,CC-200
MC-102245,"Alpha Fasteners, Inc.",USD,erp_north,2026-08-21,  $7169.64 ,573.57,CC-200
MC-100853,SATO INDUSTRIAL,USD,erp_north,2026-07-29,$53287.66,4263.01,CC-100
MC-101587,Britewire Ltd.,EUR,erp_north,2026-09-19,EUR 1742.07,139.37,CC-200
MC-100883,Rhein  Polymer GmbH,Euro,erp_south,08/20/2026,  EUR 8503.40 ,680.27,CC-200
MC-102158,Alpha Fasteners,USD,erp_north,2026-08-23,$1877.17,150.17,CC-200
MC-101763,Kwan Precision Ltd,US Dollar,erp_south,09/10/2026,$31326.69,2506.14,CC-200
MC-102395,Perez Castings SA,USD,erp_north,2026-08-06,$24457.05,1956.56,CC-200
MC-100713,Britewire Ltd,EUR,erp_north,2026-08-26,  EUR 1171.20 ,93.7,CC-100
MC-100439,SATO INDUSTRIAL,USD,erp_north,2026-08-17,$73215.82,5857.27,CC-300
MC-100779,sato industrial k.k.,US Dollar,erp_south,09/25/2026,  $31845.96 ,2547.68,CC-400
MC-100021,MERIDIAN TOOLING INTERNAL,US Dollar,erp_south,07/04/2026,$4118.22,329.46,CC-100
MC-100180,NORDIC STEEL,EUR,erp_north,2026-08-20,EUR 58661.16,4692.89,CC-400
MC-101495,NORDIC STEEL,Euro,erp_south,08/18/2026,EUR 127435.04,10194.8,CC-100
MC-101458,Kwan  Precision Ltd.,US Dollar,erp_south,09/16/2026,$14402.11,1152.17,CC-200
MC-100854,Rhein  Polymer GmbH,EUR,erp_north,2026-08-16,EUR 19473.75,1557.9,CC-200
MC-101251,PEREZ CASTINGS,USD,erp_north,2026-09-18,$9946.56,795.72,CC-100
MC-101906,"Alpha Fasteners, Inc.",US Dollar,erp_south,09/06/2026,$4362.93,349.03,CC-300
MC-101029,Alpha Fasteners,US Dollar,erp_south,07/18/2026,$3210.76,256.86,CC-400
MC-101138,Perez Castings S.A.,USD,erp_north,2026-08-01,$70936.14,5674.89,CC-100
MC-101550,britewire ltd.,Euro,erp_south,07/18/2026,EUR 1358.16,108.65,CC-400
MC-101338,britewire ltd.,eur,email_sheet,16-Aug-26,"EUR 1,802.35",144.19,
MC-101139,Meridian Tooling,US Dollar,erp_south,09/16/2026,$20657.29,1652.58,CC-300
MC-101965,Rhein  Polymer GmbH,Euro,erp_south,07/31/2026,EUR 23467.62,1877.41,CC-200
MC-100229,KWAN PRECISION,US Dollar,erp_south,08/26/2026,  $8265.84 ,661.27,CC-100
MC-102258,RHEIN POLYMER,eur,email_sheet,12-Sep-26,"  EUR 14,758.70 ",1180.7,
MC-101064,Kwan Precision Ltd,US Dollar,erp_south,07/10/2026,$20287.19,1622.98,CC-300
MC-101070,Perez Castings S.A.,usd,email_sheet,13-Jul-26,"$63,329.16",5066.33,
MC-101273,Perez Castings S.A.,US Dollar,erp_south,07/23/2026,$51525.21,4122.02,CC-300
MC-101755,Meridian Tooling,USD,erp_north,2026-08-17,  $8548.68 ,683.89,CC-300
MC-101682, Nordic Steel Co. ,EUR,erp_north,2026-09-26,  EUR 29441.34 ,2355.31,CC-200
MC-100806,Sato Industrial K.K.,usd,email_sheet,18-Sep-26,"$83,360.69",6668.86,CC-200
MC-101268,Kwan  Precision Ltd.,USD,erp_north,2026-08-22,$32544.61,2603.57,CC-200
MC-100431,Meridian Tooling (internal),USD,erp_north,2026-09-22,$9767.72,781.42,CC-200
MC-101589,Rhein Polymer GmbH,EUR,erp_north,2026-09-13,  EUR 12839.06 ,1027.12,CC-400
MC-101275,alpha fasteners inc,US Dollar,erp_south,08/30/2026,$299.60,23.97,CC-200
MC-100344,MERIDIAN TOOLING INTERNAL,US Dollar,erp_south,07/01/2026,$8220.35,657.63,CC-300
MC-100620,nordic steel co.,eur,email_sheet,08-Aug-26,"EUR 7,234.00",578.72,
MC-101737,alpha fasteners inc,USD,erp_north,2026-08-18,$4716.06,377.28,CC-400
MC-102224,nordic steel co.,Euro,erp_south,07/15/2026,EUR 146931.17,11754.49,CC-200
MC-101377,Sato Industrial K.K.,USD,erp_north,2026-07-21,$17194.40,,CC-200
MC-101294,Perez Castings SA,US Dollar,erp_south,09/02/2026,$83746.86,6699.75,CC-400
MC-100178,britewire ltd.,eur,email_sheet,19-Aug-26,"EUR 1,964.16",157.13,
MC-100070,Kwan Precision Ltd.,US Dollar,erp_south,07/16/2026,$9713.61,777.09,CC-200
MC-100868,SATO INDUSTRIAL,usd,email_sheet,03-Aug-26,"$90,987.45",7279.0,
MC-102254,Nordic Steel Co,Euro,erp_south,09/07/2026,  EUR 184446.30 ,14755.7,CC-400
MC-100130,MERIDIAN TOOLING INTERNAL,US Dollar,erp_south,08/04/2026,$3669.25,293.54,CC-300
MC-101696,Britewire Ltd.,EUR,erp_north,2026-08-03,EUR 4223.77,337.9,CC-400
MC-100687,Meridian Tooling,USD,erp_north,2026-08-26,$14260.08,1140.81,CC-200
MC-101949,Sato Industrial K.K.,US Dollar,erp_south,08/25/2026,  $41904.51 ,3352.36,CC-300
MC-100977,KWAN PRECISION,US Dollar,erp_south,07/28/2026,$22169.14,1773.53,CC-100
MC-100127,NORDIC STEEL,eur,email_sheet,31-Jul-26,"EUR 62,727.99",5018.24,
MC-100284,RHEIN POLYMER,eur,email_sheet,20-Sep-26,"EUR 18,417.37",1473.39,
MC-101704,Meridian Tooling (internal),US Dollar,erp_south,08/21/2026,  $3827.36 ,306.19,CC-200
MC-101992,Sato Industrial KK,usd,email_sheet,02-Sep-26,"  $80,771.07 ",6461.69,
MC-100470,SATO INDUSTRIAL,USD,erp_north,2026-09-27,$124109.46,9928.76,CC-100
MC-102129,Britewire Ltd.,Euro,erp_south,08/14/2026,EUR 6339.40,507.15,CC-200
MC-101573,Alpha Fasteners,usd,email_sheet,11-Jul-26,"  $3,019.54 ",241.56,
MC-100125,sato industrial k.k.,usd,email_sheet,08-Aug-26,"$25,101.92",2008.15,
MC-101845,"Perez Castings, S.A.",USD,erp_north,2026-08-07,  $36703.63 ,,CC-200
MC-101401,Britewire Ltd.,EUR,erp_north,2026-09-21,EUR 6084.51,486.76,CC-400
MC-101146,Meridian Tooling (internal),US Dollar,erp_south,09/04/2026,$6164.04,493.12,CC-100
MC-100610,Meridian Tooling (internal),US Dollar,erp_south,08/22/2026,$3578.96,286.32,CC-100
MC-100458,Nordic Steel Co.,eur,email_sheet,07-Sep-26,"EUR 59,278.66",4742.29,
MC-101940,Meridian Tooling,USD,erp_north,2026-07-17,$19337.73,1547.02,CC-400
MC-102364,Sato Industrial KK,USD,erp_north,2026-08-07,  $42188.02 ,3375.04,CC-200
MC-100462,nordic steel co.,EUR,erp_north,2026-07-25,EUR 97588.60,7807.09,CC-300
MC-100549,MERIDIAN TOOLING INTERNAL,US Dollar,erp_south,07/31/2026,$10290.36,823.23,CC-200
MC-100504,Kwan Precision Ltd.,US Dollar,erp_south,08/23/2026,  $24698.49 ,1975.88,CC-100
MC-100308,Meridian Tooling (internal),usd,email_sheet,02-Aug-26,"$13,635.17",,
MC-101221,Britewire Ltd.,Euro,erp_south,09/08/2026,  EUR 4968.40 ,397.47,CC-400
MC-100363,KWAN PRECISION,usd,email_sheet,27-Sep-26,"  $6,198.30 ",495.86,
MC-100579,SATO INDUSTRIAL,US Dollar,erp_south,08/09/2026,$72456.12,,CC-200
MC-100929,NORDIC STEEL,eur,email_sheet,24-Sep-26,"EUR 54,666.00",4373.28,
MC-100108,sato industrial k.k.,US Dollar,erp_south,08/08/2026,$56495.74,4519.66,CC-300
MC-100507,Kwan  Precision Ltd.,USD,erp_north,2026-08-21,$5446.17,435.69,CC-300
MC-101754,Britewire Ltd.,eur,email_sheet,08-Sep-26,EUR 464.29,37.14,
MC-100694,PEREZ CASTINGS,US Dollar,erp_south,08/27/2026,$79999.23,,CC-200
MC-101136,sato industrial k.k.,USD,erp_north,2026-08-10,$37698.87,3015.91,CC-100
MC-101829,Britewire Ltd,EUR,erp_north,2026-09-18,EUR 4435.43,354.83,CC-300
MC-100732,RHEIN POLYMER,EUR,erp_north,2026-08-24,EUR 9921.44,793.72,CC-300
MC-102275,Kwan Precision Ltd.,USD,erp_north,2026-07-03,$3377.64,270.21,CC-400
MC-100188,Rhein Polymer GmbH,EUR,erp_north,2026-09-04,EUR 35010.64,2800.85,CC-100
MC-102227,NORDIC STEEL,EUR,erp_north,2026-08-27,EUR 61692.23,4935.38,CC-100
MC-101931,KWAN PRECISION,usd,email_sheet,30-Aug-26,"$7,836.36",626.91,
MC-102035,Rhein  Polymer GmbH,EUR,erp_north,2026-09-29,EUR 14375.30,1150.02,CC-200
MC-100936,Alpha Fasteners,US Dollar,erp_south,07/03/2026,$8528.95,682.32,CC-400
MC-100757,Perez Castings SA,US Dollar,erp_south,09/03/2026,$77960.31,6236.82,CC-100
MC-102309,Meridian Tooling (internal),US Dollar,erp_south,08/20/2026,$5318.89,425.51,CC-200
MC-102105,Alpha Fasteners,USD,erp_north,2026-07-10,$4990.65,399.25,CC-300
MC-102100,"Alpha Fasteners, Inc.",US Dollar,erp_south,07/04/2026,$5294.15,423.53,CC-100
MC-100280,Perez Castings SA,USD,erp_north,2026-08-11,$48768.07,3901.45,CC-300
MC-101742,Kwan  Precision Ltd.,USD,erp_north,2026-09-26,$14487.66,1159.01,CC-100
MC-101395,"Alpha Fasteners, Inc.",USD,erp_north,2026-08-10,$3956.18,316.49,CC-200
MC-101946, Nordic Steel Co. ,EUR,erp_north,2026-08-25,EUR 169224.30,13537.94,CC-300
MC-101181,Rhein Polymer Gmbh,EUR,erp_north,2026-09-01,EUR 22520.42,1801.63,CC-100
MC-100485,Nordic Steel Co.,EUR,erp_north,2026-07-22,EUR 26801.72,2144.14,CC-400
MC-101450,Nordic Steel Co.,EUR,erp_north,2026-07-12,EUR 61623.72,4929.9,CC-100
MC-101945,RHEIN POLYMER,eur,email_sheet,06-Aug-26,"  EUR 2,130.15 ",,
MC-100353,Alpha Fasteners Inc.,US Dollar,erp_south,07/11/2026,$4689.79,375.18,CC-200
MC-101714,britewire ltd.,Euro,erp_south,09/12/2026,EUR 1033.85,82.71,CC-200
MC-100421,Meridian Tooling (internal),US Dollar,erp_south,07/23/2026,$7656.45,612.52,CC-200
MC-102261,"Perez Castings, S.A.",usd,email_sheet,27-Aug-26,"$12,682.46",,
MC-101922,Sato Industrial KK,US Dollar,erp_south,09/02/2026,$94352.14,7548.17,CC-100
MC-102135,Rhein Polymer GmbH,eur,email_sheet,12-Aug-26,"  EUR 33,442.23 ",2675.38,
MC-101224,Rhein Polymer GmbH,EUR,erp_north,2026-08-26,EUR 43725.69,3498.06,CC-300
MC-101621,sato industrial k.k.,USD,erp_north,2026-09-01,$50932.84,4074.63,CC-100
MC-100935,RHEIN POLYMER,EUR,erp_north,2026-09-24,EUR 20563.84,1645.11,CC-400
MC-102369,britewire ltd.,EUR,erp_north,2026-08-15,EUR 201.78,16.14,CC-400
MC-101332,britewire ltd.,EUR,erp_north,2026-07-02,EUR 1285.80,,CC-400
MC-102223,SATO INDUSTRIAL,usd,email_sheet,13-Jul-26,"$48,702.80",3896.22,CC-400
MC-100361,Meridian Tooling,USD,erp_north,2026-09-17,$6193.54,495.48,CC-300
MC-101852,Sato Industrial K.K.,usd,email_sheet,22-Sep-26,"$97,629.57",7810.37,
MC-100649,Nordic Steel Co,Euro,erp_south,07/12/2026,EUR 26658.20,2132.66,CC-400
MC-102209,Alpha Fasteners,usd,email_sheet,17-Jul-26,"$10,026.76",802.14,
MC-100891,"Alpha Fasteners, Inc.",USD,erp_north,2026-08-19,$8740.61,699.25,CC-100
MC-101934,Britewire Ltd,Euro,erp_south,09/22/2026,  EUR 2771.38 ,221.71,CC-300
MC-102301,Perez Castings SA,USD,erp_north,2026-08-01,$92873.68,7429.89,CC-100
MC-100224,Nordic Steel Co,EUR,erp_north,2026-08-09,  EUR 170975.07 ,13678.01,CC-300
MC-101779,Meridian Tooling (internal),USD,erp_north,2026-07-13,$1805.16,144.41,CC-400
MC-102363,"Alpha Fasteners, Inc.",US Dollar,erp_south,07/03/2026,$5478.33,438.27,CC-400
MC-100185,Sato Industrial KK,US Dollar,erp_south,08/19/2026,  $14559.87 ,1164.79,CC-300
MC-101485,BRITEWIRE,Euro,erp_south,07/11/2026,EUR 5414.86,433.19,CC-400
MC-100858,Perez Castings S.A.,USD,erp_north,2026-08-31,$55538.54,4443.08,CC-300
MC-102172,BRITEWIRE,Euro,erp_south,08/08/2026,EUR 2387.54,191.0,CC-400
MC-100160,RHEIN POLYMER,EUR,erp_north,2026-07-25,EUR 58882.75,4710.62,CC-400
MC-101818,Rhein  Polymer GmbH,eur,email_sheet,19-Sep-26,"EUR 27,277.72",2182.22,
MC-100961,Meridian Tooling (internal),US Dollar,erp_south,08/10/2026,  $6380.74 ,510.46,CC-300
MC-102259,Britewire Ltd,EUR,erp_north,2026-08-21,  EUR 1655.62 ,132.45,CC-400
MC-100263,Kwan  Precision Ltd.,US Dollar,erp_south,07/25/2026,  $19346.10 ,1547.69,CC-100
MC-100368,BRITEWIRE,EUR,erp_north,2026-09-07,EUR 4286.86,342.95,CC-100
MC-101832,Perez Castings SA,US Dollar,erp_south,09/30/2026,$99285.96,7942.88,CC-100
MC-101834,Rhein Polymer Gmbh,eur,email_sheet,17-Sep-26,"  EUR 29,691.59 ",2375.33,CC-100
MC-100742,"Perez Castings, S.A.",US Dollar,erp_south,09/25/2026,$13170.64,1053.65,CC-200
MC-101700,Britewire Ltd.,Euro,erp_south,09/05/2026,EUR 2853.19,228.26,CC-100
MC-101179,Meridian Tooling,USD,erp_north,2026-07-18,  $3587.74 ,287.02,CC-400
MC-101513,Nordic Steel Co.,EUR,erp_north,2026-09-01,  EUR 63478.13 ,5078.25,CC-300
MC-101514,Alpha Fasteners Inc.,US Dollar,erp_south,07/31/2026,$5173.98,413.92,CC-300
MC-101996,alpha fasteners inc,US Dollar,erp_south,08/26/2026,$3063.74,245.1,CC-400
MC-101205,Meridian Tooling,US Dollar,erp_south,08/10/2026,$18871.57,1509.73,CC-100
MC-101811,Alpha Fasteners Inc.,USD,erp_north,2026-07-26,$1114.12,89.13,CC-400
MC-102175,Perez Castings SA,US Dollar,erp_south,08/04/2026,  $43089.04 ,3447.12,CC-300
MC-100795,Sato Industrial K.K.,US Dollar,erp_south,09/06/2026,$90266.03,,CC-100
MC-100380,Kwan  Precision Ltd.,US Dollar,erp_south,07/02/2026,$31267.99,2501.44,CC-400
MC-101025,Rhein Polymer GmbH,EUR,erp_north,2026-08-23,EUR 26975.60,2158.05,CC-300
MC-101317,Perez Castings S.A.,USD,erp_north,2026-07-24,$83475.77,6678.06,CC-200
MC-100788,Meridian Tooling (internal),USD,erp_north,2026-08-04,$17339.28,1387.14,CC-300
MC-101875,Britewire Ltd.,Euro,erp_south,08/25/2026,EUR 286.16,22.89,CC-200
MC-101364,"Perez Castings, S.A.",US Dollar,erp_south,09/03/2026,$94737.38,7578.99,CC-400
MC-101222,nordic steel co.,Euro,erp_south,08/18/2026,EUR 106070.12,8485.61,CC-100
MC-102368,Meridian Tooling (internal),US Dollar,erp_south,07/27/2026,$19240.18,,CC-100
MC-101721,Meridian Tooling,USD,erp_north,2026-07-18,  $10115.99 ,809.28,CC-100
MC-101734,Sato Industrial K.K.,usd,email_sheet,01-Aug-26,"$34,346.23",2747.7,
MC-102210,Sato Industrial KK,USD,erp_north,2026-08-05,$87570.55,7005.64,CC-300
MC-101674,Britewire Ltd,Euro,erp_south,09/24/2026,  EUR 1699.54 ,135.96,CC-100
MC-101034,Alpha Fasteners Inc.,USD,erp_north,2026-08-08,$3050.10,244.01,CC-100
MC-100578,Perez Castings S.A.,usd,email_sheet,30-Jul-26,"$19,855.20",1588.42,
MC-101039,britewire ltd.,eur,email_sheet,07-Aug-26,"  EUR 3,155.22 ",252.42,
MC-100207,Alpha Fasteners Inc.,USD,erp_north,2026-07-14,$6869.57,549.57,CC-100
MC-102221,Rhein Polymer Gmbh,Euro,erp_south,08/06/2026,EUR 10269.36,821.55,CC-300
MC-101554,Perez Castings S.A.,USD,erp_north,2026-08-25,$38390.90,3071.27,CC-300
MC-100762,RHEIN POLYMER,eur,email_sheet,16-Jul-26,"EUR 25,063.62",2005.09,
MC-101137,NORDIC STEEL,EUR,erp_north,2026-08-25,EUR 113565.52,9085.24,CC-300
MC-100143,BRITEWIRE,EUR,erp_north,2026-08-17,EUR 4530.21,362.42,CC-200
MC-100748,britewire ltd.,EUR,erp_north,2026-07-12,EUR 1327.59,106.21,CC-400
MC-100556,Perez Castings SA,usd,email_sheet,31-Jul-26,"$40,790.75",3263.26,CC-300
MC-100769,KWAN PRECISION,USD,erp_north,2026-09-12,  $35725.12 ,2858.01,CC-300
MC-101033, Nordic Steel Co. ,eur,email_sheet,08-Sep-26,"  EUR 123,060.70 ",9844.86,
MC-101267,Kwan Precision Ltd,US Dollar,erp_south,08/20/2026,$7477.36,598.19,CC-200
MC-100430,Kwan Precision Ltd,usd,email_sheet,01-Jul-26,"$7,265.20",581.22,
MC-101302,Rhein  Polymer GmbH,EUR,erp_north,2026-09-01,EUR 64638.14,5171.05,CC-100
MC-100493,Alpha Fasteners Inc.,USD,erp_north,2026-07-04,$324.72,25.98,CC-400
MC-101890,RHEIN POLYMER,Euro,erp_south,08/10/2026,EUR 41784.66,3342.77,CC-200
MC-102242,KWAN PRECISION,US Dollar,erp_south,07/15/2026,$30643.76,2451.5,CC-300
MC-101530,Meridian Tooling (internal),US Dollar,erp_south,08/06/2026,$2481.03,198.48,CC-400
MC-101646,Meridian Tooling,US Dollar,erp_south,08/02/2026,$21915.17,1753.21,CC-100
MC-101235,alpha fasteners inc,USD,erp_north,2026-07-13,$2455.60,196.45,CC-400
MC-101271,britewire ltd.,Euro,erp_south,09/25/2026,EUR 1333.08,106.65,CC-200
MC-102307,RHEIN POLYMER,EUR,erp_north,2026-08-25,EUR 40060.89,3204.87,CC-300
MC-102268,RHEIN POLYMER,Euro,erp_south,08/25/2026,EUR 12833.37,1026.67,CC-300
MC-101997,Perez Castings SA,USD,erp_north,2026-07-09,$13685.91,1094.87,CC-200
MC-100635,Britewire Ltd,Euro,erp_south,07/14/2026,EUR 4884.09,390.73,CC-400
MC-101459,Meridian Tooling,US Dollar,erp_south,07/11/2026,  $19962.90 ,1597.03,CC-100
MC-102318,Kwan Precision Ltd.,US Dollar,erp_south,08/15/2026,$29047.71,2323.82,CC-100
MC-101481,"Alpha Fasteners, Inc.",usd,email_sheet,06-Aug-26,"  $4,390.22 ",,
MC-100631,nordic steel co.,Euro,erp_south,08/16/2026,EUR 55524.07,4441.93,CC-200
MC-101324,britewire ltd.,Euro,erp_south,09/01/2026,EUR 2539.29,,CC-300
MC-101225,Rhein Polymer Gmbh,Euro,erp_south,09/10/2026,EUR 43912.00,3512.96,CC-300
MC-101394,Rhein Polymer Gmbh,eur,email_sheet,24-Sep-26,"EUR 28,237.23",2258.98,
MC-100765,Kwan  Precision Ltd.,US Dollar,erp_south,08/30/2026,  $7910.94 ,632.88,CC-200
MC-102377,Alpha Fasteners Inc.,US Dollar,erp_south,07/27/2026,$2192.86,175.43,CC-200
MC-102076,alpha fasteners inc,USD,erp_north,2026-07-15,  $5775.96 ,462.08,CC-400
MC-101430,Meridian Tooling (internal),USD,erp_north,2026-09-23,$11154.39,892.35,CC-400
MC-100146,britewire ltd.,EUR,erp_north,2026-09-18,EUR 6289.79,503.18,CC-400
MC-100905,Meridian Tooling (internal),usd,email_sheet,09-Jul-26,"$19,909.92",1592.79,
MC-101406,Alpha Fasteners Inc.,usd,email_sheet,15-Sep-26,"$3,757.02",300.56,
MC-101502,Nordic Steel Co,Euro,erp_south,08/27/2026,EUR 24827.52,1986.2,CC-200
MC-101651,Kwan Precision Ltd,usd,email_sheet,08-Jul-26,"$15,652.39",1252.19,
MC-101518,"Perez Castings, S.A.",US Dollar,erp_south,09/06/2026,$63186.00,5054.88,CC-100
MC-101649,Nordic Steel Co,eur,email_sheet,23-Sep-26,"  EUR 43,661.10 ",3492.89,
MC-102370,Alpha Fasteners,USD,erp_north,2026-07-12,$2933.70,234.7,
MC-100402,Rhein Polymer GmbH,Euro,erp_south,09/05/2026,EUR 72049.54,5763.96,CC-100
MC-100553,Sato Industrial K.K.,US Dollar,erp_south,09/06/2026,$53924.96,4314.0,CC-400
MC-101250,Sato Industrial KK,US Dollar,erp_south,09/16/2026,$4662.40,372.99,CC-400
MC-102332,Meridian Tooling,USD,erp_north,2026-09-01,$3137.43,250.99,CC-100
MC-100264,SATO INDUSTRIAL,usd,email_sheet,02-Sep-26,"$69,432.45",5554.6,
MC-100321,britewire ltd.,eur,email_sheet,19-Sep-26,"EUR 6,218.91",497.51,
MC-100111,Rhein Polymer GmbH,EUR,erp_north,2026-07-04,EUR 11089.25,887.14,CC-300
MC-100588,RHEIN POLYMER,EUR,erp_north,2026-08-03,EUR 29058.45,,CC-200
MC-101723,Britewire Ltd.,EUR,erp_north,2026-07-03,EUR 4953.48,396.28,CC-300
MC-101203,Rhein  Polymer GmbH,eur,email_sheet,15-Jul-26,"EUR 43,581.27",3486.5,
MC-101506,BRITEWIRE,EUR,erp_north,2026-07-31,EUR 3714.32,297.15,CC-200
MC-100454,britewire ltd.,EUR,erp_north,2026-09-09,EUR 2005.85,160.47,CC-200
MC-100592,RHEIN POLYMER,Euro,erp_south,08/27/2026,  EUR 22176.93 ,1774.15,CC-200
MC-100136,britewire ltd.,EUR,erp_north,2026-07-31,  EUR 124.62 ,9.97,CC-300
MC-102050,Britewire Ltd.,eur,email_sheet,10-Aug-26,"EUR 1,698.90",135.91,
MC-100653,"Perez Castings, S.A.",USD,erp_north,2026-08-31,$34430.54,2754.44,CC-300
MC-100338,Meridian Tooling (internal),usd,email_sheet,13-Jul-26,"$17,770.77",1421.66,
MC-101245,KWAN PRECISION,US Dollar,erp_south,07/15/2026,$23259.29,1860.74,CC-100
MC-102149,"Alpha Fasteners, Inc.",usd,email_sheet,28-Jul-26,"$4,385.70",350.86,
MC-101171,RHEIN POLYMER,Euro,erp_south,07/08/2026,EUR 17858.73,1428.7,CC-200
MC-102198,RHEIN POLYMER,eur,email_sheet,07-Aug-26,"EUR 19,322.57",1545.81,CC-100
MC-101416,Nordic Steel Co.,eur,email_sheet,11-Sep-26,"EUR 65,555.48",5244.44,CC-100
MC-101559,Britewire Ltd.,eur,email_sheet,02-Aug-26,"EUR 4,598.76",367.9,
MC-100541,KWAN PRECISION,USD,erp_north,2026-08-19,$21056.85,1684.55,CC-400
MC-100506,britewire ltd.,Euro,erp_south,09/15/2026,EUR 1120.47,89.64,CC-300
MC-100440,Kwan  Precision Ltd.,USD,erp_north,2026-07-02,$24525.09,1962.01,CC-300
MC-100220,RHEIN POLYMER,EUR,erp_north,2026-07-25,EUR 8270.24,,CC-300
MC-102398,"Perez Castings, S.A.",USD,erp_north,2026-07-25,  $122437.97 ,9795.04,CC-300
MC-101189,Kwan Precision Ltd,US Dollar,erp_south,08/15/2026,$8128.89,650.31,CC-200
MC-101361,britewire ltd.,Euro,erp_south,09/17/2026,EUR 1221.23,97.7,CC-200
MC-100845,NORDIC STEEL,Euro,erp_south,09/10/2026,EUR 25570.24,2045.62,CC-400
MC-102012,sato industrial k.k.,USD,erp_north,2026-08-22,$22501.80,1800.14,CC-400
MC-102352,Perez Castings SA,usd,email_sheet,25-Aug-26,"$92,277.21",7382.18,
MC-101565,britewire ltd.,EUR,erp_north,2026-07-30,EUR 3222.18,257.77,CC-100
MC-102037,nordic steel co.,eur,email_sheet,01-Jul-26,"EUR 63,101.56",5048.12,
MC-100606,"Alpha Fasteners, Inc.",US Dollar,erp_south,09/18/2026,$1303.72,104.3,CC-100
MC-102194,Sato Industrial K.K.,US Dollar,erp_south,07/12/2026,$24111.56,1928.92,CC-100
MC-100740,Nordic Steel Co,Euro,erp_south,08/10/2026,EUR 97173.72,7773.9,CC-200
MC-101455,Meridian Tooling (internal),US Dollar,erp_south,08/27/2026,$15195.93,1215.67,CC-300
MC-101580,Rhein  Polymer GmbH,eur,email_sheet,24-Jul-26,"EUR 14,017.50",1121.4,CC-200
MC-100298,britewire ltd.,EUR,erp_north,2026-08-28,EUR 4391.14,351.29,CC-100
MC-102047,Rhein  Polymer GmbH,eur,email_sheet,12-Jul-26,"EUR 47,214.56",3777.16,
MC-101084,Nordic Steel Co,EUR,erp_north,2026-07-02,EUR 69715.04,5577.2,CC-200
MC-100113,KWAN PRECISION,USD,erp_north,2026-08-17,$10086.11,806.89,CC-200
MC-101791,"Alpha Fasteners, Inc.",US Dollar,erp_south,07/29/2026,$2346.60,187.73,CC-200
MC-100871,Kwan  Precision Ltd.,US Dollar,erp_south,07/08/2026,$3524.09,281.93,CC-300
MC-100299,Alpha Fasteners Inc.,US Dollar,erp_south,07/03/2026,$8591.82,687.35,CC-400
MC-102021,BRITEWIRE,Euro,erp_south,09/29/2026,EUR 7400.90,592.07,CC-300
MC-100518,nordic steel co.,EUR,erp_north,2026-08-17,EUR 11311.50,904.92,CC-200
MC-101780,Alpha Fasteners,USD,erp_north,2026-09-07,$1894.54,151.56,CC-200
MC-101312,BRITEWIRE,EUR,erp_north,2026-07-17,  EUR 5700.33 ,456.03,CC-200
MC-102116,Perez Castings SA,US Dollar,erp_south,09/09/2026,  $40407.99 ,3232.64,CC-400
MC-101461,MERIDIAN TOOLING INTERNAL,US Dollar,erp_south,07/15/2026,  $15163.58 ,1213.09,CC-400
MC-102132,RHEIN POLYMER,EUR,erp_north,2026-09-22,EUR 34593.77,2767.5,CC-200
MC-100095,Rhein Polymer Gmbh,EUR,erp_north,2026-08-31,EUR 34759.10,2780.73,CC-200
MC-101720,Nordic Steel Co,Euro,erp_south,08/07/2026,EUR 81374.44,6509.96,CC-100
MC-100830,SATO INDUSTRIAL,US Dollar,erp_south,07/29/2026,$33442.40,2675.39,CC-200
MC-100863,Rhein  Polymer GmbH,EUR,erp_north,2026-08-13,EUR 29957.63,2396.61,CC-100
MC-101275,alpha fasteners inc,US Dollar,erp_south,08/30/2026,$299.60,23.97,CC-200
MC-100737,Nordic Steel Co.,EUR,erp_north,2026-07-12,EUR 110749.73,8859.98,CC-100
MC-101537,Meridian Tooling (internal),US Dollar,erp_south,07/04/2026,$11078.59,886.29,CC-200
MC-100347,PEREZ CASTINGS,US Dollar,erp_south,09/26/2026,$61641.90,4931.35,CC-300
MC-100167,Rhein  Polymer GmbH,Euro,erp_south,07/17/2026,EUR 33920.67,2713.65,CC-200
MC-102173,MERIDIAN TOOLING INTERNAL,USD,erp_north,2026-07-05,$17097.51,1367.8,CC-300
MC-100116,Sato Industrial KK,usd,email_sheet,14-Jul-26,"$30,029.22",2402.34,
MC-101022,KWAN PRECISION,USD,erp_north,2026-09-16,$19064.52,1525.16,CC-400
MC-100530,KWAN PRECISION,US Dollar,erp_south,09/06/2026,$20858.11,1668.65,CC-300
MC-101325,RHEIN POLYMER,EUR,erp_north,2026-07-17,  EUR 882.45 ,70.6,CC-400
MC-102094,Nordic Steel Co,Euro,erp_south,09/21/2026,EUR 59855.22,4788.42,CC-100
MC-100320,"Perez Castings, S.A.",USD,erp_north,2026-08-27,$19815.12,1585.21,CC-100
MC-100004,BRITEWIRE,EUR,erp_north,2026-08-24,EUR 1945.02,155.6,CC-400
MC-101263,Kwan  Precision Ltd.,US Dollar,erp_south,08/11/2026,$9971.77,797.74,CC-300
MC-101196,Kwan  Precision Ltd.,US Dollar,erp_south,08/23/2026,  $7128.81 ,570.3,CC-200
MC-101350,nordic steel co.,EUR,erp_north,2026-09-18,  EUR 3197.74 ,255.82,CC-300
MC-100473,Perez Castings SA,USD,erp_north,2026-08-03,$17642.52,1411.4,CC-200
MC-102081,Meridian Tooling (internal),usd,email_sheet,25-Sep-26,"$11,292.16",903.37,CC-100
MC-101575,KWAN PRECISION,USD,erp_north,2026-07-09,$6536.84,522.95,CC-400
MC-100578,Perez Castings S.A.,usd,email_sheet,30-Jul-26,"$19,855.20",1588.42,
MC-101321,Alpha Fasteners Inc.,US Dollar,erp_south,07/19/2026,$2103.69,168.3,CC-400
MC-102077,NORDIC STEEL,eur,email_sheet,15-Sep-26,"EUR 33,086.20",2646.9,
MC-101448,Alpha Fasteners,US Dollar,erp_south,07/02/2026,$2147.71,171.82,CC-100
MC-100739,Meridian Tooling,US Dollar,erp_south,07/22/2026,  $19473.16 ,1557.85,CC-300
MC-100227,Alpha Fasteners,USD,erp_north,2026-07-02,$3252.40,260.19,CC-200
MC-101134,Meridian Tooling (internal),US Dollar,erp_south,08/15/2026,$5497.44,439.8,CC-200
MC-101453,RHEIN POLYMER,Euro,erp_south,09/24/2026,EUR 67186.49,5374.92,CC-400
MC-101348,Meridian Tooling (internal),US Dollar,erp_south,07/21/2026,$577.72,46.22,CC-100
MC-100755,Britewire Ltd,EUR,erp_north,2026-08-16,EUR 1072.89,85.83,CC-100
MC-101177,KWAN PRECISION,USD,erp_north,2026-09-12,$11926.34,954.11,CC-400
MC-101898,Nordic Steel Co.,Euro,erp_south,08/11/2026,EUR 57538.86,4603.11,CC-200
MC-101733,alpha fasteners inc,USD,erp_north,2026-09-25,$4856.67,388.53,CC-100
MC-101309,Alpha Fasteners,US Dollar,erp_south,07/30/2026,$3574.17,285.93,CC-200
MC-100081,alpha fasteners inc,US Dollar,erp_south,08/30/2026,  $917.50 ,73.4,CC-400
MC-100665,"Perez Castings, S.A.",usd,email_sheet,11-Aug-26,"$9,428.28",754.26,
MC-101036,Meridian Tooling,US Dollar,erp_south,07/06/2026,$18528.66,1482.29,CC-400
MC-100768,RHEIN POLYMER,EUR,erp_north,2026-09-21,EUR 40512.93,3241.03,CC-300
MC-102236,"Perez Castings, S.A.",USD,erp_north,2026-08-10,$48427.12,3874.17,CC-300
MC-100452,Meridian Tooling (internal),USD,erp_north,2026-09-12,$18093.67,1447.49,CC-200
MC-100668, Nordic Steel Co. ,eur,email_sheet,23-Jul-26,"EUR 107,661.47",8612.92,
MC-101487,MERIDIAN TOOLING INTERNAL,USD,erp_north,2026-09-12,$17594.77,1407.58,CC-100
MC-101002,Perez Castings S.A.,USD,erp_north,2026-08-28,$73370.58,5869.65,CC-100
MC-100849,Meridian Tooling,USD,erp_north,2026-09-18,  $9061.54 ,724.92,CC-300
MC-102189,Kwan  Precision Ltd.,US Dollar,erp_south,09/22/2026,$3762.20,300.98,CC-200
MC-100453,"Alpha Fasteners, Inc.",US Dollar,erp_south,09/26/2026,$5267.96,421.44,CC-400
MC-102266,SATO INDUSTRIAL,USD,erp_north,2026-09-30,$41396.15,3311.69,CC-300
MC-101927,Britewire Ltd,EUR,erp_north,2026-07-05,EUR 1276.56,102.12,CC-300
MC-101967,Meridian Tooling (internal),USD,erp_north,2026-09-22,$18714.96,1497.2,CC-400
MC-101611,Alpha Fasteners,US Dollar,erp_south,07/29/2026,$4626.76,370.14,CC-200
MC-100515,Britewire Ltd,Euro,erp_south,09/22/2026,EUR 3682.76,294.62,CC-400
MC-100330,SATO INDUSTRIAL,usd,email_sheet,25-Aug-26,"$16,491.52",,
MC-100670,SATO INDUSTRIAL,US Dollar,erp_south,07/14/2026,$6183.80,494.7,CC-300
MC-100109,Perez Castings SA,usd,email_sheet,21-Jul-26,"$48,810.69",,
MC-100862,Nordic Steel Co.,eur,email_sheet,22-Sep-26,"EUR 66,485.87",5318.87,
MC-101010,britewire ltd.,Euro,erp_south,07/29/2026,EUR 3042.05,243.36,CC-400
MC-101729,alpha fasteners inc,USD,erp_north,2026-09-16,$1809.48,144.76,CC-100
MC-101187,MERIDIAN TOOLING INTERNAL,USD,erp_north,2026-08-13,$12743.49,1019.48,CC-400
MC-101606,NORDIC STEEL,EUR,erp_north,2026-09-04,EUR 5097.06,407.76,CC-200
MC-101389,KWAN PRECISION,USD,erp_north,2026-09-26,$12389.72,991.18,CC-100
MC-101426,RHEIN POLYMER,Euro,erp_south,07/20/2026,EUR 26023.56,2081.88,CC-400
MC-102269,Sato Industrial K.K.,US Dollar,erp_south,09/05/2026,$32509.49,2600.76,CC-200
MC-100354,"Alpha Fasteners, Inc.",US Dollar,erp_south,09/01/2026,  $7081.18 ,566.49,CC-400
MC-101955,Kwan  Precision Ltd.,US Dollar,erp_south,09/28/2026,$17888.49,1431.08,CC-100
MC-100527,Britewire Ltd.,Euro,erp_south,08/24/2026,EUR 5106.09,408.49,CC-100
MC-100986,Meridian Tooling (internal),US Dollar,erp_south,07/06/2026,  $11001.52 ,880.12,CC-300
MC-101923,Alpha Fasteners Inc.,usd,email_sheet,14-Aug-26,"$1,324.20",105.94,
MC-100311,Alpha Fasteners Inc.,USD,erp_north,2026-08-12,$1014.22,81.14,CC-100
MC-102331,britewire ltd.,eur,email_sheet,19-Sep-26,"EUR 4,804.26",384.34,
MC-102166,PEREZ CASTINGS,US Dollar,erp_south,08/26/2026,$47375.10,3790.01,CC-300
MC-101095,Sato Industrial KK,US Dollar,erp_south,08/11/2026,  $51271.38 ,4101.71,CC-100
MC-102139,britewire ltd.,Euro,erp_south,09/01/2026,EUR 3664.07,293.13,CC-300
MC-100019,NORDIC STEEL,Euro,erp_south,09/11/2026,EUR 16102.48,1288.2,CC-300
MC-102085,Alpha Fasteners Inc.,usd,email_sheet,16-Sep-26,"$1,271.04",,
MC-100357,Rhein Polymer GmbH,EUR,erp_north,2026-08-07,  EUR 9445.74 ,755.66,CC-400
MC-100360,Meridian Tooling,USD,erp_north,2026-09-14,$22969.69,1837.58,CC-200
MC-100762,RHEIN POLYMER,eur,email_sheet,16-Jul-26,"EUR 25,063.62",2005.09,
MC-101590,"Perez Castings, S.A.",usd,email_sheet,20-Sep-26,"  $105,914.26 ",8473.14,
MC-100738,Perez Castings S.A.,USD,erp_north,2026-09-14,$79603.58,6368.29,CC-100
MC-101151,Alpha Fasteners,usd,email_sheet,11-Sep-26,"$5,582.25",446.58,
MC-101382,Rhein Polymer Gmbh,Euro,erp_south,09/06/2026,EUR 34121.78,2729.74,CC-400
MC-100803,RHEIN POLYMER,Euro,erp_south,07/20/2026,EUR 57773.91,4621.91,CC-400
MC-100392,Alpha Fasteners,US Dollar,erp_south,08/06/2026,$1479.30,118.34,CC-200
MC-101779,Meridian Tooling (internal),USD,erp_north,2026-07-13,$1805.16,144.41,CC-400
MC-100789,MERIDIAN TOOLING INTERNAL,US Dollar,erp_south,07/09/2026,$297.14,23.77,CC-300
MC-100266,"Perez Castings, S.A.",USD,erp_north,2026-09-08,$77184.36,6174.75,CC-100
MC-100657,britewire ltd.,eur,email_sheet,30-Sep-26,"EUR 3,650.97",292.08,
MC-100222,PEREZ CASTINGS,USD,erp_north,2026-08-16,$61754.90,4940.39,CC-200
MC-101912,RHEIN POLYMER,eur,email_sheet,18-Aug-26,"EUR 36,855.42",2948.43,
MC-101320,Sato Industrial K.K.,usd,email_sheet,29-Aug-26,"$86,963.90",6957.11,
MC-102222,Perez Castings SA,USD,erp_north,2026-07-25,$22545.56,,CC-300
MC-101296,Alpha Fasteners,USD,erp_north,2026-08-28,$6233.45,498.68,CC-400
MC-100623,Sato Industrial KK,US Dollar,erp_south,07/16/2026,$11312.64,905.01,CC-400
MC-101527,Britewire Ltd,EUR,erp_north,2026-07-27,  EUR 2920.26 ,233.62,CC-300
MC-102193,"Perez Castings, S.A.",USD,erp_north,2026-08-29,$72876.48,5830.12,CC-100
MC-100397,Kwan  Precision Ltd.,usd,email_sheet,07-Sep-26,"$41,561.34",3324.91,CC-300
MC-102136, Nordic Steel Co. ,Euro,erp_south,09/21/2026,EUR 72125.59,5770.05,CC-300
MC-100370,Britewire Ltd,Euro,erp_south,09/21/2026,EUR 1325.56,106.04,CC-300
MC-102324,KWAN PRECISION,usd,email_sheet,07-Aug-26,"$28,982.02",2318.56,
MC-101418,Meridian Tooling (internal),US Dollar,erp_south,08/25/2026,$6301.62,504.13,CC-200
MC-100313,Meridian Tooling (internal),US Dollar,erp_south,07/18/2026,$17993.81,1439.5,CC-300
MC-100287,MERIDIAN TOOLING INTERNAL,US Dollar,erp_south,09/27/2026,  $15292.54 ,1223.4,CC-100
MC-100593,Kwan Precision Ltd.,US Dollar,erp_south,08/23/2026,$22196.94,1775.76,CC-100
MC-100835,RHEIN POLYMER,EUR,erp_north,2026-09-13,EUR 12033.88,962.71,CC-200
MC-101783,Kwan Precision Ltd.,USD,erp_north,2026-07-21,$11397.89,911.83,
MC-100701,KWAN PRECISION,usd,email_sheet,15-Sep-26,"$15,979.80",1278.38,
MC-102225,Alpha Fasteners,USD,erp_north,2026-09-05,$3667.87,293.43,CC-300
MC-102167,Meridian Tooling,US Dollar,erp_south,08/25/2026,$9287.64,743.01,CC-400
MC-101528,MERIDIAN TOOLING INTERNAL,USD,erp_north,2026-07-01,$8367.63,669.41,
MC-102092,SATO INDUSTRIAL,usd,email_sheet,09-Sep-26,"$28,604.98",2288.4,
MC-102340,alpha fasteners inc,USD,erp_north,2026-07-11,$7293.12,583.45,CC-100
MC-101126,Rhein Polymer Gmbh,EUR,erp_north,2026-08-27,EUR 4143.09,331.45,CC-300
MC-101510,Rhein  Polymer GmbH,EUR,erp_north,2026-07-12,EUR 28384.51,,CC-400
MC-102210,Sato Industrial KK,USD,erp_north,2026-08-05,$87570.55,7005.64,CC-300
MC-100438,Meridian Tooling,US Dollar,erp_south,09/02/2026,$20569.15,1645.53,CC-300
MC-100326,Rhein  Polymer GmbH,Euro,erp_south,07/19/2026,EUR 55968.93,4477.51,CC-200
MC-100992,Sato Industrial K.K.,US Dollar,erp_south,07/10/2026,  $5227.53 ,418.2,CC-300
MC-100838,Kwan Precision Ltd,USD,erp_north,2026-09-07,$22953.80,1836.3,CC-100
MC-101111,Nordic Steel Co.,Euro,erp_south,08/13/2026,EUR 70359.12,5628.73,CC-300
MC-100387,sato industrial k.k.,USD,erp_north,2026-07-26,$61805.53,4944.44,CC-300
MC-100017,Perez Castings SA,usd,email_sheet,20-Aug-26,"$65,385.44",5230.84,CC-100
MC-101659,alpha fasteners inc,USD,erp_north,2026-08-28,$2348.94,187.92,CC-300
MC-101686,Alpha Fasteners,USD,erp_north,2026-07-03,$3038.62,243.09,CC-300
MC-100281,Nordic Steel Co,EUR,erp_north,2026-09-25,  EUR 30923.97 ,2473.92,CC-100
MC-102316,Alpha Fasteners Inc.,US Dollar,erp_south,08/09/2026,$1504.56,120.36,CC-300
MC-100351,Sato Industrial K.K.,US Dollar,erp_south,08/13/2026,$42670.08,3413.61,CC-100
MC-101531,Perez Castings SA,US Dollar,erp_south,08/18/2026,$46510.72,3720.86,CC-300
MC-100847,SATO INDUSTRIAL,USD,erp_north,2026-08-07,$61008.53,4880.68,CC-200
MC-100731,Perez Castings SA,USD,erp_north,2026-09-12,$130650.41,10452.03,CC-400
MC-102366,britewire ltd.,Euro,erp_south,08/06/2026,EUR 2884.29,230.74,CC-300
MC-101202,BRITEWIRE,Euro,erp_south,08/13/2026,EUR 1376.89,110.15,CC-200
MC-100042,SATO INDUSTRIAL,US Dollar,erp_south,07/04/2026,$26879.16,2150.33,CC-400
MC-101133,Britewire Ltd,eur,email_sheet,25-Sep-26,"  EUR 3,573.04 ",285.84,CC-300
MC-102006,Alpha Fasteners Inc.,USD,erp_north,2026-07-20,$4784.99,382.8,CC-400
MC-100101,NORDIC STEEL,eur,email_sheet,23-Jul-26,"EUR 146,809.36",11744.75,CC-300
MC-100275,Kwan  Precision Ltd.,US Dollar,erp_south,09/30/2026,$19537.82,1563.03,CC-400
MC-100286,Kwan Precision Ltd.,usd,email_sheet,20-Jul-26,"$19,003.93",1520.31,CC-200
MC-100446,Nordic Steel Co,EUR,erp_north,2026-08-09,EUR 62922.24,5033.78,CC-100
MC-101411,alpha fasteners inc,US Dollar,erp_south,07/08/2026,$1469.90,117.59,CC-400
MC-100249,Rhein  Polymer GmbH,Euro,erp_south,08/21/2026,EUR 63844.07,5107.53,CC-200
MC-100134,Kwan  Precision Ltd.,usd,email_sheet,05-Aug-26,"$8,260.60",660.85,
MC-100574,SATO INDUSTRIAL,USD,erp_north,2026-08-06,$4562.22,364.98,CC-300
MC-101766,"Perez Castings, S.A.",US Dollar,erp_south,08/19/2026,$95057.61,7604.61,
MC-100876,"Perez Castings, S.A.",USD,erp_north,2026-09-12,  $46576.36 ,3726.11,CC-200
MC-101048, Nordic Steel Co. ,eur,email_sheet,09-Aug-26,"EUR 126,490.92",10119.27,
MC-100594,Meridian Tooling,USD,erp_north,2026-08-15,$6085.39,486.83,CC-100
MC-100856,Britewire Ltd,EUR,erp_north,2026-08-13,EUR 80.28,6.42,CC-400
MC-100128,Alpha Fasteners,US Dollar,erp_south,09/27/2026,$6606.16,528.49,CC-100
MC-101844,Meridian Tooling,USD,erp_north,2026-08-09,$11252.80,900.22,CC-200
MC-101784,SATO INDUSTRIAL,USD,erp_north,2026-09-24,$23934.11,1914.73,CC-100
MC-100747,Meridian Tooling (internal),USD,erp_north,2026-07-30,$23475.92,1878.07,CC-300
MC-101409,SATO INDUSTRIAL,USD,erp_north,2026-09-27,$59822.46,4785.8,CC-300
MC-100572,Rhein  Polymer GmbH,EUR,erp_north,2026-07-06,EUR 27934.51,2234.76,CC-300
MC-102086,Britewire Ltd.,EUR,erp_north,2026-07-19,  EUR 2667.62 ,213.41,CC-200
MC-101457,SATO INDUSTRIAL,US Dollar,erp_south,07/01/2026,$54440.48,4355.24,CC-200
MC-102059,Nordic Steel Co,Euro,erp_south,08/26/2026,EUR 56408.09,,CC-100
MC-101971, Nordic Steel Co. ,Euro,erp_south,09/12/2026,  EUR 99435.59 ,7954.85,CC-100
MC-100875,Nordic Steel Co.,eur,email_sheet,29-Aug-26,"EUR 99,198.28",7935.86,
MC-101701,Meridian Tooling (internal),USD,erp_north,2026-08-27,$14369.70,1149.58,CC-100
MC-100103,Britewire Ltd.,eur,email_sheet,22-Jul-26,"EUR 1,682.55",134.6,
MC-102289,Kwan  Precision Ltd.,USD,erp_north,2026-09-25,$15227.48,1218.2,CC-200
MC-100410,Perez Castings SA,USD,erp_north,2026-08-02,$142978.33,11438.27,CC-200
MC-101213,KWAN PRECISION,US Dollar,erp_south,08/17/2026,$32771.43,2621.71,CC-100
MC-102112,Rhein Polymer Gmbh,EUR,erp_north,2026-08-15,EUR 43182.55,3454.6,CC-400
MC-102230,"Perez Castings, S.A.",USD,erp_north,2026-07-14,$73146.89,5851.75,CC-400
MC-100604,britewire ltd.,Euro,erp_south,08/14/2026,EUR 4449.87,355.99,CC-200
MC-102397,britewire ltd.,EUR,erp_north,2026-07-13,EUR 420.24,33.62,CC-400
MC-101398,britewire ltd.,Euro,erp_south,09/02/2026,EUR 1275.01,102.0,CC-400
MC-100151,Rhein Polymer GmbH,Euro,erp_south,08/25/2026,EUR 2542.72,203.42,CC-400
MC-101699,"Perez Castings, S.A.",US Dollar,erp_south,08/01/2026,  $63629.55 ,5090.36,CC-100
MC-101759,"Perez Castings, S.A.",US Dollar,erp_south,07/11/2026,$90828.60,7266.29,CC-100
MC-101291,Britewire Ltd,Euro,erp_south,07/14/2026,EUR 3192.89,255.43,CC-200
MC-101534,Rhein Polymer Gmbh,Euro,erp_south,09/27/2026,EUR 30357.46,2428.6,CC-100
MC-100711,Alpha Fasteners,USD,erp_north,2026-09-11,$4254.10,340.33,CC-300
MC-100324,"Alpha Fasteners, Inc.",USD,erp_north,2026-07-22,$2412.60,193.01,CC-400
MC-100078,Kwan Precision Ltd.,usd,email_sheet,01-Jul-26,"$30,730.06",2458.4,
MC-100540,KWAN PRECISION,US Dollar,erp_south,07/02/2026,$22980.87,1838.47,CC-100
MC-100355,Rhein Polymer Gmbh,EUR,erp_north,2026-07-31,EUR 6221.28,497.7,CC-200
MC-100359,MERIDIAN TOOLING INTERNAL,US Dollar,erp_south,09/02/2026,$7671.92,613.75,CC-400
MC-101018,KWAN PRECISION,usd,email_sheet,15-Aug-26,"$8,057.03",644.56,
MC-100915,SATO INDUSTRIAL,USD,erp_north,2026-09-19,$124056.64,9924.53,CC-100
MC-100307,sato industrial k.k.,USD,erp_north,2026-08-04,$21485.66,1718.85,
MC-101558,alpha fasteners inc,US Dollar,erp_south,07/29/2026,$7292.97,583.44,CC-300
MC-101422,"Perez Castings, S.A.",US Dollar,erp_south,08/29/2026,  $72819.71 ,5825.58,CC-300
MC-101636,nordic steel co.,EUR,erp_north,2026-09-28,  EUR 31218.60 ,2497.49,CC-400
MC-101082,Kwan Precision Ltd.,US Dollar,erp_south,07/24/2026,  $34035.64 ,2722.85,CC-400
MC-100882,Sato Industrial K.K.,USD,erp_north,2026-07-03,$69588.93,5567.11,CC-300
MC-100698,Britewire Ltd,eur,email_sheet,09-Sep-26,"EUR 4,759.70",380.78,
MC-102000, Nordic Steel Co. ,EUR,erp_north,2026-07-23,  EUR 59704.79 ,4776.38,CC-400
MC-100003,Meridian Tooling (internal),USD,erp_north,2026-09-06,$5044.47,403.56,CC-100
MC-100215,Meridian Tooling,USD,erp_north,2026-09-28,$22320.32,1785.63,CC-300
MC-100976,Sato Industrial KK,US Dollar,erp_south,09/18/2026,$63720.56,5097.64,CC-400
MC-100098,SATO INDUSTRIAL,USD,erp_north,2026-07-13,$46376.77,3710.14,CC-300
MC-102201,KWAN PRECISION,US Dollar,erp_south,08/14/2026,$25500.90,2040.07,CC-100
MC-101081,RHEIN POLYMER,EUR,erp_north,2026-08-15,EUR 32744.02,2619.52,CC-300
MC-101952,Alpha Fasteners,USD,erp_north,2026-09-28,$5536.88,442.95,CC-100
MC-102152,Alpha Fasteners,US Dollar,erp_south,08/02/2026,$2888.62,231.09,CC-300
MC-101153,Perez Castings SA,USD,erp_north,2026-08-21,  $102110.96 ,8168.88,CC-400
MC-102138,sato industrial k.k.,USD,erp_north,2026-07-09,$96901.76,7752.14,CC-200
MC-100700,britewire ltd.,eur,email_sheet,10-Jul-26,"  EUR 5,438.31 ",435.06,
MC-100455,Sato Industrial K.K.,usd,email_sheet,09-Aug-26,"$10,856.16",868.49,
MC-101913,Rhein  Polymer GmbH,EUR,erp_north,2026-07-15,EUR 56709.41,4536.75,CC-300
MC-102055,Rhein Polymer Gmbh,EUR,erp_north,2026-09-04,EUR 37120.84,2969.67,CC-100
MC-100521,"Alpha Fasteners, Inc.",US Dollar,erp_south,09/04/2026,$7373.21,589.86,CC-100
MC-101037,RHEIN POLYMER,Euro,erp_south,07/23/2026,EUR 22776.48,1822.12,CC-300
MC-100389,"Alpha Fasteners, Inc.",US Dollar,erp_south,07/19/2026,$4092.99,327.44,CC-200
MC-100951,Alpha Fasteners Inc.,USD,erp_north,2026-07-08,$3540.52,283.24,CC-100
MC-101001,MERIDIAN TOOLING INTERNAL,US Dollar,erp_south,08/08/2026,$10884.46,870.76,CC-100
MC-102119,MERIDIAN TOOLING INTERNAL,US Dollar,erp_south,09/19/2026,$12099.34,967.95,CC-100
MC-101122,Meridian Tooling,US Dollar,erp_south,08/20/2026,$18931.03,1514.48,
MC-101781,Alpha Fasteners Inc.,USD,erp_north,2026-07-25,$6334.51,506.76,CC-400
MC-101397,Meridian Tooling,USD,erp_north,2026-09-19,$22795.43,1823.63,CC-200
MC-101764,Perez Castings S.A.,US Dollar,erp_south,08/09/2026,  $36332.07 ,2906.57,CC-100
MC-100501,MERIDIAN TOOLING INTERNAL,usd,email_sheet,05-Sep-26,"$7,922.89",633.83,
MC-102374,Sato Industrial K.K.,US Dollar,erp_south,07/13/2026,$40931.70,3274.54,CC-300
MC-100758,britewire ltd.,EUR,erp_north,2026-08-21,EUR 3539.49,283.16,CC-100
MC-101676,Perez Castings S.A.,usd,email_sheet,27-Sep-26,"$70,837.77",5667.02,
MC-100428,alpha fasteners inc,USD,erp_north,2026-09-07,  $2687.75 ,215.02,CC-200
MC-101123,Alpha Fasteners Inc.,USD,erp_north,2026-08-16,$9438.41,755.07,CC-300
MC-100073,PEREZ CASTINGS,US Dollar,erp_south,07/15/2026,$105803.69,8464.3,CC-200
MC-100025, Nordic Steel Co. ,Euro,erp_south,09/14/2026,  EUR 120462.89 ,9637.03,CC-100
MC-100505,Sato Industrial KK,usd,email_sheet,11-Sep-26,"$42,049.68",3363.97,CC-300
MC-100819,Alpha Fasteners Inc.,USD,erp_north,2026-07-24,$9813.92,,CC-100
MC-102296,Kwan Precision Ltd,USD,erp_north,2026-07-09,$33767.40,2701.39,CC-200
MC-101102,MERIDIAN TOOLING INTERNAL,US Dollar,erp_south,09/03/2026,$4507.48,360.6,CC-300
MC-100586,RHEIN POLYMER,EUR,erp_north,2026-07-27,EUR 76949.08,,CC-300
MC-101209,Perez Castings SA,usd,email_sheet,31-Aug-26,"$24,550.73",1964.06,
MC-100611,Rhein  Polymer GmbH,eur,email_sheet,09-Jul-26,"EUR 54,079.06",4326.32,
MC-100425,Rhein Polymer Gmbh,Euro,erp_south,09/06/2026,EUR 26476.55,2118.12,CC-400
MC-100648,Britewire Ltd.,eur,email_sheet,11-Sep-26,EUR 581.84,46.55,CC-300
MC-102052,Meridian Tooling,usd,email_sheet,15-Aug-26,"$2,574.44",205.96,CC-100
MC-100565,MERIDIAN TOOLING INTERNAL,USD,erp_north,2026-08-25,$5544.47,443.56,CC-200
MC-101183,Meridian Tooling,USD,erp_north,2026-07-11,$8873.32,709.87,CC-100
MC-100885,Kwan Precision Ltd.,USD,erp_north,2026-08-19,$32027.90,2562.23,CC-400
MC-100622,RHEIN POLYMER,Euro,erp_south,07/25/2026,EUR 16043.38,1283.47,CC-100
MC-102060,Britewire Ltd,Euro,erp_south,08/03/2026,EUR 3086.40,246.91,CC-400
MC-101980,Nordic Steel Co,EUR,erp_north,2026-08-17,EUR 42038.30,3363.06,CC-300
MC-101679,"Alpha Fasteners, Inc.",USD,erp_north,2026-09-23,$5140.87,411.27,CC-400
MC-101938,sato industrial k.k.,US Dollar,erp_south,07/31/2026,$117243.32,9379.47,CC-100
MC-101692,Meridian Tooling,usd,email_sheet,16-Aug-26,"$8,951.25",716.1,
MC-100500, Nordic Steel Co. ,Euro,erp_south,09/25/2026,EUR 76149.05,6091.92,CC-400
MC-100713,Britewire Ltd,EUR,erp_north,2026-08-26,  EUR 1171.20 ,93.7,CC-100
MC-101544,Rhein  Polymer GmbH,Euro,erp_south,08/05/2026,EUR 14439.20,1155.14,CC-200
MC-100164, Nordic Steel Co. ,EUR,erp_north,2026-07-29,  EUR 8094.03 ,647.52,CC-300
MC-100243,PEREZ CASTINGS,USD,erp_north,2026-08-10,$53444.40,4275.55,CC-200
MC-102372,Nordic Steel Co.,eur,email_sheet,21-Jul-26,"EUR 81,883.72",6550.7,
MC-100378,alpha fasteners inc,US Dollar,erp_south,08/14/2026,  $5022.70 ,401.82,CC-100
MC-101087,Kwan  Precision Ltd.,usd,email_sheet,20-Jul-26,"$4,534.20",,CC-200
MC-102146,"Perez Castings, S.A.",usd,email_sheet,22-Jul-26,"$51,826.24",4146.1,
MC-100294,"Perez Castings, S.A.",USD,erp_north,2026-07-24,$108650.05,8692.0,
MC-102114,Perez Castings SA,USD,erp_north,2026-08-15,$64146.10,5131.69,CC-300
MC-101600,Meridian Tooling (internal),USD,erp_north,2026-07-07,$7650.68,612.05,CC-100
MC-101645,Kwan Precision Ltd,usd,email_sheet,02-Aug-26,"$24,076.48",1926.12,CC-100
MC-102270,Britewire Ltd,EUR,erp_north,2026-09-06,EUR 3669.61,293.57,CC-400
MC-100315,PEREZ CASTINGS,US Dollar,erp_south,07/27/2026,$68990.19,5519.22,
MC-100528,sato industrial k.k.,USD,erp_north,2026-08-19,  $41586.77 ,3326.94,CC-400
MC-100189,nordic steel co.,eur,email_sheet,13-Jul-26,"  EUR 93,602.60 ",7488.21,
MC-100027,britewire ltd.,Euro,erp_south,09/03/2026,EUR 5404.85,432.39,CC-100
MC-101979,Perez Castings S.A.,USD,erp_north,2026-09-22,  $73171.50 ,5853.72,CC-200
MC-101344,Alpha Fasteners,usd,email_sheet,03-Aug-26,"  $1,898.71 ",151.9,
MC-101074,Meridian Tooling (internal),US Dollar,erp_south,07/20/2026,$24219.36,1937.55,CC-400
MC-101234,KWAN PRECISION,USD,erp_north,2026-07-05,$11802.51,944.2,CC-400
MC-101370,Nordic Steel Co.,eur,email_sheet,10-Jul-26,"EUR 23,407.43",1872.59,
MC-101942,Britewire Ltd,eur,email_sheet,22-Sep-26,"EUR 1,674.25",133.94,
MC-102216,Alpha Fasteners,USD,erp_north,2026-08-29,$784.44,62.76,CC-300
MC-101609,Kwan  Precision Ltd.,US Dollar,erp_south,09/30/2026,$13626.21,1090.1,CC-100
MC-100585,SATO INDUSTRIAL,USD,erp_north,2026-07-14,$60768.18,4861.45,CC-100
MC-100837,Sato Industrial K.K.,USD,erp_north,2026-08-26,  $29367.74 ,2349.42,CC-100
MC-100710,Britewire Ltd,EUR,erp_north,2026-07-24,EUR 7432.21,594.58,CC-300
MC-101957,Britewire Ltd,Euro,erp_south,07/28/2026,EUR 2457.21,196.58,CC-100
MC-102200,Sato Industrial KK,US Dollar,erp_south,07/28/2026,$607.19,48.58,CC-100
MC-101698,Alpha Fasteners,US Dollar,erp_south,07/03/2026,$4801.60,384.13,CC-300
MC-102141,KWAN PRECISION,USD,erp_north,2026-09-22,$9555.52,764.44,CC-200
MC-101736,Nordic Steel Co,EUR,erp_north,2026-08-21,EUR 95165.36,7613.23,CC-300
MC-100816,Meridian Tooling,US Dollar,erp_south,09/02/2026,$252.72,20.22,CC-300
MC-101874,PEREZ CASTINGS,US Dollar,erp_south,08/03/2026,$25112.82,2009.03,CC-100
MC-100957,Britewire Ltd.,Euro,erp_south,09/20/2026,EUR 2621.87,209.75,CC-200
MC-100302,PEREZ CASTINGS,US Dollar,erp_south,08/19/2026,$66953.27,5356.26,CC-300
MC-100571,KWAN PRECISION,US Dollar,erp_south,08/15/2026,$23162.27,1852.98,CC-100
MC-100630,Kwan Precision Ltd.,US Dollar,erp_south,08/18/2026,$1059.80,84.78,CC-300
MC-102023,KWAN PRECISION,usd,email_sheet,19-Jul-26,"$3,928.32",314.27,
MC-100553,Sato Industrial K.K.,US Dollar,erp_south,09/06/2026,$53924.96,4314.0,CC-400
MC-101924,Meridian Tooling,usd,email_sheet,17-Jul-26,"$3,519.17",281.53,
MC-102335,"Alpha Fasteners, Inc.",USD,erp_north,2026-09-19,$3751.31,300.1,CC-200
MC-102343,Rhein Polymer Gmbh,EUR,erp_north,2026-09-02,  EUR 7068.90 ,565.51,CC-100
MC-101616,KWAN PRECISION,USD,erp_north,2026-08-05,$32453.02,2596.24,CC-200
MC-101353,Rhein  Polymer GmbH,Euro,erp_south,08/28/2026,EUR 58170.63,4653.65,CC-300
MC-102285,Kwan  Precision Ltd.,usd,email_sheet,10-Aug-26,"$21,308.38",,
MC-101503,Britewire Ltd,Euro,erp_south,08/17/2026,EUR 4185.82,334.87,CC-100
MC-101252,nordic steel co.,EUR,erp_north,2026-08-05,EUR 64414.13,5153.13,CC-100
MC-100923, Nordic Steel Co. ,Euro,erp_south,07/23/2026,EUR 7687.68,615.01,CC-100
MC-101860,Kwan Precision Ltd.,US Dollar,erp_south,07/29/2026,$6685.38,534.83,CC-400
MC-100059,MERIDIAN TOOLING INTERNAL,US Dollar,erp_south,08/18/2026,$11175.06,894.0,CC-300
MC-101666,Britewire Ltd.,Euro,erp_south,08/18/2026,EUR 1063.89,85.11,CC-100
MC-101257,Alpha Fasteners,US Dollar,erp_south,09/02/2026,$6405.61,512.45,CC-300
MC-100023,Rhein  Polymer GmbH,eur,email_sheet,08-Sep-26,"EUR 45,943.05",3675.44,
MC-100744,Kwan Precision Ltd,USD,erp_north,2026-09-30,$15041.12,1203.29,CC-100
MC-100683,"Perez Castings, S.A.",USD,erp_north,2026-09-15,$107018.71,,CC-100
MC-101015,Meridian Tooling (internal),USD,erp_north,2026-07-21,$830.94,66.48,CC-300
MC-100346,MERIDIAN TOOLING INTERNAL,US Dollar,erp_south,09/18/2026,$8759.46,700.76,CC-400
MC-101715,Britewire Ltd.,eur,email_sheet,04-Sep-26,"EUR 3,404.62",272.37,
MC-101437,RHEIN POLYMER,EUR,erp_north,2026-09-05,EUR 25211.40,2016.91,CC-100
MC-100008,Rhein  Polymer GmbH,eur,email_sheet,05-Sep-26,"EUR 22,317.40",1785.39,
MC-100808,PEREZ CASTINGS,US Dollar,erp_south,08/12/2026,$41343.09,3307.45,CC-200
MC-100228,Kwan Precision Ltd.,USD,erp_north,2026-09-10,$1749.75,139.98,CC-400
MC-100489,Alpha Fasteners,USD,erp_north,2026-07-13,$5354.40,428.35,CC-100
MC-100829,Kwan  Precision Ltd.,US Dollar,erp_south,07/04/2026,$10669.76,853.58,CC-100
MC-101420,Alpha Fasteners Inc.,USD,erp_north,2026-07-10,  $8429.51 ,674.36,CC-300
MC-100449,Perez Castings S.A.,US Dollar,erp_south,09/03/2026,$25632.68,2050.61,CC-400
MC-102066,MERIDIAN TOOLING INTERNAL,US Dollar,erp_south,07/19/2026,  $2251.53 ,180.12,CC-200
MC-100015,PEREZ CASTINGS,US Dollar,erp_south,09/24/2026,$37024.64,2961.97,CC-100
MC-101114,Kwan Precision Ltd.,US Dollar,erp_south,09/09/2026,$5190.33,415.23,CC-400
MC-102358,Sato Industrial KK,US Dollar,erp_south,08/28/2026,  $76839.12 ,6147.13,CC-300
MC-102013, Nordic Steel Co. ,EUR,erp_north,2026-07-21,EUR 134643.85,10771.51,CC-200
MC-100823,Sato Industrial K.K.,usd,email_sheet,03-Jul-26,"$42,976.44",,
MC-101315,MERIDIAN TOOLING INTERNAL,US Dollar,erp_south,08/01/2026,$3381.82,270.55,CC-100
MC-101228,sato industrial k.k.,USD,erp_north,2026-08-08,$118058.41,9444.67,CC-300
MC-101009,Sato Industrial KK,usd,email_sheet,08-Aug-26,"$29,244.50",2339.56,
MC-102274,"Perez Castings, S.A.",USD,erp_north,2026-07-28,  $13140.54 ,1051.24,CC-200
MC-102203,Kwan Precision Ltd.,USD,erp_north,2026-09-14,$30287.40,2422.99,CC-300
MC-101106,Alpha Fasteners Inc.,USD,erp_north,2026-09-08,$7379.08,590.33,CC-400
MC-101634,Nordic Steel Co,EUR,erp_north,2026-07-07,EUR 82024.05,6561.92,CC-400
MC-101807,Meridian Tooling (internal),US Dollar,erp_south,08/20/2026,$14624.70,1169.98,CC-200
MC-102244,alpha fasteners inc,US Dollar,erp_south,07/19/2026,$6717.65,,CC-100
MC-100442,Kwan  Precision Ltd.,USD,erp_north,2026-09-22,$6672.72,533.82,CC-400
MC-101690, Nordic Steel Co. ,eur,email_sheet,31-Aug-26,"EUR 1,940.59",155.25,CC-100
MC-100285,BRITEWIRE,Euro,erp_south,07/10/2026,  EUR 3965.24 ,317.22,CC-400
MC-100783,Rhein Polymer Gmbh,Euro,erp_south,08/24/2026,EUR 27701.29,2216.1,CC-100
MC-100860,"Alpha Fasteners, Inc.",USD,erp_north,2026-09-08,$5498.97,439.92,CC-100
MC-101756,Rhein Polymer Gmbh,EUR,erp_north,2026-07-24,  EUR 12108.15 ,968.65,CC-100
MC-102214,Nordic Steel Co,EUR,erp_north,2026-07-03,EUR 88011.78,7040.94,CC-200
MC-100348,Rhein  Polymer GmbH,EUR,erp_north,2026-07-25,EUR 9248.81,739.9,CC-200
MC-100068,NORDIC STEEL,eur,email_sheet,04-Jul-26,"EUR 107,508.45",8600.68,
MC-100403,Sato Industrial KK,usd,email_sheet,21-Sep-26,"$44,045.16",3523.61,
MC-100754,Britewire Ltd,eur,email_sheet,22-Jul-26,"  EUR 5,382.30 ",430.58,
MC-100797,"Alpha Fasteners, Inc.",US Dollar,erp_south,07/27/2026,$567.96,45.44,CC-100
MC-101050,Nordic Steel Co,Euro,erp_south,08/29/2026,EUR 146932.48,11754.6,CC-300
MC-101752,Perez Castings S.A.,USD,erp_north,2026-09-30,$31377.70,2510.22,CC-400
MC-101808,Meridian Tooling (internal),USD,erp_north,2026-09-02,$20283.06,1622.64,CC-200
MC-100177,PEREZ CASTINGS,US Dollar,erp_south,09/04/2026,$812.82,65.03,CC-100
MC-100953,PEREZ CASTINGS,US Dollar,erp_south,07/01/2026,$32341.68,2587.33,CC-100
MC-101805,Meridian Tooling (internal),USD,erp_north,2026-07-25,$873.60,69.89,CC-400
MC-101633,NORDIC STEEL,EUR,erp_north,2026-09-29,EUR 70010.54,5600.84,CC-200
MC-100252,Kwan Precision Ltd.,usd,email_sheet,25-Jul-26,"  $5,049.00 ",403.92,
MC-100558, Nordic Steel Co. ,eur,email_sheet,10-Jul-26,"EUR 129,991.91",10399.35,
MC-101292,Kwan  Precision Ltd.,USD,erp_north,2026-07-25,$23019.20,1841.54,CC-100
MC-100193,BRITEWIRE,EUR,erp_north,2026-07-20,EUR 3892.27,311.38,CC-200
MC-100274,SATO INDUSTRIAL,usd,email_sheet,05-Jul-26,"$34,406.17",2752.49,
MC-101615,alpha fasteners inc,USD,erp_north,2026-07-21,  $10962.69 ,877.02,CC-200
MC-100445,RHEIN POLYMER,Euro,erp_south,08/22/2026,EUR 31486.46,2518.92,CC-300
MC-101593,Perez Castings S.A.,usd,email_sheet,16-Sep-26,"$63,757.84",5100.63,
MC-101626,Rhein Polymer Gmbh,EUR,erp_north,2026-07-13,EUR 32184.68,2574.77,CC-300
MC-100255,PEREZ CASTINGS,US Dollar,erp_south,07/14/2026,  $45406.76 ,3632.54,CC-400
MC-100451,Kwan  Precision Ltd.,usd,email_sheet,06-Aug-26,"  $7,638.62 ",611.09,
MC-101853,britewire ltd.,Euro,erp_south,09/10/2026,EUR 3222.92,257.83,CC-200
MC-101288,Alpha Fasteners,usd,email_sheet,11-Aug-26,"$6,915.36",553.23,CC-100
MC-102073,Perez Castings SA,USD,erp_north,2026-08-04,$70621.92,5649.75,CC-100
MC-101851,Kwan Precision Ltd,USD,erp_north,2026-08-06,$17016.03,1361.28,CC-400
MC-102396,"Perez Castings, S.A.",US Dollar,erp_south,07/19/2026,$18955.16,1516.41,CC-100
MC-100948,Sato Industrial KK,US Dollar,erp_south,09/18/2026,$17151.75,1372.14,CC-200
MC-100510,PEREZ CASTINGS,US Dollar,erp_south,08/12/2026,$22162.14,1772.97,CC-400
MC-101307,KWAN PRECISION,usd,email_sheet,09-Jul-26,"$15,809.47",1264.76,
MC-101287,Rhein Polymer GmbH,Euro,erp_south,07/30/2026,EUR 788.28,63.06,CC-400
MC-102302,KWAN PRECISION,USD,erp_north,2026-09-09,$14803.62,1184.29,CC-200
MC-101276,Sato Industrial KK,usd,email_sheet,08-Sep-26,"$47,237.34",3778.99,
MC-101298,Rhein Polymer Gmbh,EUR,erp_north,2026-08-30,EUR 39469.67,3157.57,CC-100
MC-102003,Rhein  Polymer GmbH,Euro,erp_south,08/06/2026,EUR 64874.73,5189.98,CC-200
MC-101928,"Alpha Fasteners, Inc.",usd,email_sheet,10-Jul-26,"  $2,253.88 ",180.31,
MC-100621,Nordic Steel Co.,EUR,erp_north,2026-09-30,EUR 30528.88,2442.31,CC-400
MC-101232,Rhein Polymer Gmbh,EUR,erp_north,2026-07-17,EUR 43032.56,3442.6,CC-400
MC-102299,Britewire Ltd,eur,email_sheet,02-Jul-26,EUR 112.23,8.98,CC-200
MC-101508,MERIDIAN TOOLING INTERNAL,usd,email_sheet,28-Jul-26,"$11,608.08",928.65,CC-300
MC-102056,Britewire Ltd,Euro,erp_south,08/05/2026,EUR 5542.15,443.37,CC-200
MC-100663,Perez Castings SA,usd,email_sheet,08-Jul-26,"  $89,096.73 ",7127.74,
MC-100774,NORDIC STEEL,EUR,erp_north,2026-08-04,  EUR 111381.74 ,8910.54,
MC-100573,Rhein  Polymer GmbH,EUR,erp_north,2026-07-15,EUR 25516.65,2041.33,CC-300
MC-101825,PEREZ CASTINGS,USD,erp_north,2026-09-02,$157534.78,12602.78,CC-100
MC-101610,Rhein Polymer GmbH,Euro,erp_south,08/08/2026,EUR 16485.17,1318.81,CC-400
MC-101121,Nordic Steel Co,eur,email_sheet,31-Jul-26,"EUR 190,950.77",15276.06,
MC-101417,Kwan Precision Ltd,USD,erp_north,2026-08-14,$26830.13,2146.41,CC-100
MC-102103,Nordic Steel Co.,eur,email_sheet,23-Jul-26,"EUR 45,138.60",3611.09,
MC-101387,Kwan Precision Ltd,US Dollar,erp_south,08/06/2026,$12777.28,1022.18,CC-200
MC-100139,Meridian Tooling (internal),USD,erp_north,2026-08-14,$11339.34,907.15,CC-200
MC-101719,Alpha Fasteners,US Dollar,erp_south,08/29/2026,$6552.72,524.22,CC-300
MC-100282,"Perez Castings, S.A.",USD,erp_north,2026-07-28,  $64528.37 ,5162.27,CC-100
MC-101930,Kwan Precision Ltd.,USD,erp_north,2026-09-07,  $22448.13 ,1795.85,CC-400
MC-100616,Kwan Precision Ltd,USD,erp_north,2026-08-17,  $26461.14 ,2116.89,CC-100
MC-101488,nordic steel co.,Euro,erp_south,08/30/2026,  EUR 15099.20 ,1207.94,CC-200
MC-101505,Britewire Ltd.,eur,email_sheet,04-Aug-26,"  EUR 1,764.36 ",141.15,
MC-100725,Sato Industrial KK,usd,email_sheet,12-Aug-26,"$57,944.73",4635.58,CC-200
MC-101889,Sato Industrial KK,US Dollar,erp_south,09/28/2026,$45190.60,3615.25,CC-200
MC-100677,PEREZ CASTINGS,US Dollar,erp_south,07/16/2026,$62085.02,4966.8,CC-400
MC-101152,MERIDIAN TOOLING INTERNAL,USD,erp_north,2026-08-27,$7455.63,596.45,CC-100
MC-100055,Meridian Tooling,US Dollar,erp_south,07/23/2026,$7347.15,587.77,CC-300
MC-101680,Alpha Fasteners,US Dollar,erp_south,09/06/2026,$3211.60,256.93,CC-100
MC-100166,Kwan Precision Ltd,usd,email_sheet,13-Sep-26,"$34,694.36",2775.55,
MC-101492,Rhein  Polymer GmbH,Euro,erp_south,08/23/2026,EUR 21371.84,1709.75,CC-200
MC-100872,nordic steel co.,Euro,erp_south,08/29/2026,EUR 86567.69,6925.42,CC-100
MC-100887,MERIDIAN TOOLING INTERNAL,US Dollar,erp_south,08/21/2026,$5471.14,437.69,CC-100
MC-100888,BRITEWIRE,Euro,erp_south,08/18/2026,  EUR 3355.61 ,268.45,CC-300
MC-101871,Alpha Fasteners,USD,erp_north,2026-07-28,$210.09,16.81,
MC-100498,Rhein Polymer GmbH,Euro,erp_south,09/20/2026,EUR 6593.45,527.48,CC-100
MC-100714,britewire ltd.,EUR,erp_north,2026-08-28,  EUR 3201.51 ,256.12,CC-200
MC-102267,"Perez Castings, S.A.",US Dollar,erp_south,07/02/2026,$40406.04,3232.48,CC-300
MC-101056,Kwan  Precision Ltd.,USD,erp_north,2026-07-08,$6933.36,554.67,CC-100
MC-102279,"Perez Castings, S.A.",US Dollar,erp_south,07/19/2026,$132794.12,10623.53,CC-200
MC-100364,britewire ltd.,Euro,erp_south,09/18/2026,EUR 648.96,51.92,CC-200
MC-101778,Kwan  Precision Ltd.,US Dollar,erp_south,09/03/2026,$17179.38,1374.35,CC-100
MC-101391,Kwan Precision Ltd.,USD,erp_north,2026-07-07,$12883.26,1030.66,CC-400
MC-101980,Nordic Steel Co,EUR,erp_north,2026-08-17,EUR 42038.30,3363.06,CC-300
MC-100800,britewire ltd.,Euro,erp_south,09/02/2026,  EUR 1546.38 ,123.71,CC-100
MC-100617,Perez Castings SA,usd,email_sheet,02-Sep-26,"$28,065.65",2245.25,
MC-100691,Alpha Fasteners,USD,erp_north,2026-09-15,$2058.32,164.67,CC-200
MC-100123,Nordic Steel Co.,Euro,erp_south,07/29/2026,EUR 109443.87,8755.51,CC-400
MC-100334,KWAN PRECISION,USD,erp_north,2026-07-25,$14612.72,,CC-300
MC-101434,Meridian Tooling (internal),US Dollar,erp_south,09/30/2026,$15675.81,1254.06,CC-100
MC-101944,Rhein Polymer Gmbh,EUR,erp_north,2026-08-03,EUR 36340.49,2907.24,CC-400
MC-101794,Sato Industrial KK,USD,erp_north,2026-08-10,  $71206.40 ,5696.51,CC-200
MC-101493,BRITEWIRE,EUR,erp_north,2026-08-14,EUR 4179.39,334.35,CC-100
MC-100918,Alpha Fasteners Inc.,usd,email_sheet,06-Aug-26,"$2,980.60",238.45,
MC-101079,alpha fasteners inc,US Dollar,erp_south,08/04/2026,$7942.43,635.39,CC-100
MC-102392,KWAN PRECISION,US Dollar,erp_south,09/24/2026,$2964.12,237.13,CC-400
MC-100581,Kwan Precision Ltd,USD,erp_north,2026-07-23,$23454.19,1876.34,CC-100
MC-101297,Kwan Precision Ltd,US Dollar,erp_south,08/25/2026,$23731.42,1898.51,CC-200
MC-101847,PEREZ CASTINGS,usd,email_sheet,30-Aug-26,"$81,252.98",6500.24,
MC-101194,"Alpha Fasteners, Inc.",USD,erp_north,2026-08-05,  $3594.01 ,287.52,CC-300
MC-100828,Rhein  Polymer GmbH,EUR,erp_north,2026-08-22,EUR 33100.56,2648.04,CC-100
MC-100991,sato industrial k.k.,USD,erp_north,2026-08-05,$82138.52,6571.08,CC-200
MC-101566,Rhein  Polymer GmbH,EUR,erp_north,2026-07-10,EUR 61030.69,4882.46,CC-100
MC-101195,"Alpha Fasteners, Inc.",usd,email_sheet,15-Sep-26,"$8,059.74",644.78,
MC-101926,Nordic Steel Co,Euro,erp_south,08/24/2026,  EUR 66986.99 ,5358.96,CC-200
MC-101674,Britewire Ltd,Euro,erp_south,09/24/2026,  EUR 1699.54 ,135.96,CC-100
MC-100409,RHEIN POLYMER,Euro,erp_south,09/29/2026,EUR 80804.98,6464.4,CC-100
MC-101864,Britewire Ltd,eur,email_sheet,27-Aug-26,"EUR 2,249.40",179.95,
MC-100297,Meridian Tooling (internal),USD,erp_north,2026-08-26,$26927.39,2154.19,CC-200
MC-100925,Sato Industrial K.K.,US Dollar,erp_south,07/16/2026,$35878.23,2870.26,CC-300
MC-101880,Perez Castings SA,US Dollar,erp_south,08/12/2026,$148756.72,11900.54,CC-300
MC-101354,Kwan Precision Ltd,US Dollar,erp_south,09/14/2026,$15729.09,1258.33,CC-100
MC-100728,MERIDIAN TOOLING INTERNAL,usd,email_sheet,20-Jul-26,"$16,991.96",1359.36,
MC-101413,KWAN PRECISION,US Dollar,erp_south,07/30/2026,$34776.79,2782.14,CC-300
MC-100671,sato industrial k.k.,USD,erp_north,2026-08-08,$54240.70,4339.26,CC-200
MC-101199,MERIDIAN TOOLING INTERNAL,usd,email_sheet,20-Jul-26,"$23,218.77",1857.5,
MC-100181,Perez Castings SA,US Dollar,erp_south,09/23/2026,$60612.07,4848.97,CC-100
MC-100293,nordic steel co.,eur,email_sheet,08-Jul-26,"EUR 108,702.46",8696.2,CC-300
MC-100201, Nordic Steel Co. ,EUR,erp_north,2026-09-07,EUR 33102.74,2648.22,CC-200
MC-101522,Kwan  Precision Ltd.,USD,erp_north,2026-08-05,$15443.49,1235.48,
MC-100126,"Alpha Fasteners, Inc.",US Dollar,erp_south,09/20/2026,$2649.15,211.93,CC-100
MC-100531,Britewire Ltd.,EUR,erp_north,2026-09-02,EUR 3043.04,243.44,CC-100
MC-100199,Nordic Steel Co,Euro,erp_south,08/20/2026,EUR 102174.83,8173.99,CC-300
MC-101343,Alpha Fasteners,USD,erp_north,2026-08-25,$5138.10,411.05,CC-200
MC-100692,britewire ltd.,EUR,erp_north,2026-07-19,EUR 4115.29,329.22,CC-400
MC-100934,Alpha Fasteners Inc.,USD,erp_north,2026-08-09,$6008.33,480.67,CC-200
MC-101929,Rhein Polymer Gmbh,EUR,erp_north,2026-08-31,EUR 31093.57,,CC-400
MC-100817,Meridian Tooling,usd,email_sheet,23-Aug-26,"$6,308.75",504.7,CC-300
MC-100216,Meridian Tooling,US Dollar,erp_south,08/16/2026,$7788.00,623.04,CC-300
MC-101277,Kwan Precision Ltd.,USD,erp_north,2026-07-21,$8997.78,719.82,CC-200
MC-100152,Rhein  Polymer GmbH,eur,email_sheet,05-Sep-26,"  EUR 16,429.98 ",1314.4,
MC-101964,Nordic Steel Co.,EUR,erp_north,2026-09-24,EUR 26195.54,2095.64,CC-400
MC-101489,NORDIC STEEL,EUR,erp_north,2026-08-24,EUR 90115.16,7209.21,CC-400
MC-100965,Rhein Polymer GmbH,EUR,erp_north,2026-07-20,EUR 12417.34,993.39,CC-200
MC-100478,Alpha Fasteners Inc.,USD,erp_north,2026-08-15,$1954.32,156.35,CC-300
MC-101282,Perez Castings S.A.,USD,erp_north,2026-07-03,$49855.68,3988.45,CC-200
MC-101911,PEREZ CASTINGS,USD,erp_north,2026-09-26,$65895.73,5271.66,CC-200
MC-101150,Kwan Precision Ltd,usd,email_sheet,01-Jul-26,"  $5,235.65 ",418.85,
MC-100812, Nordic Steel Co. ,eur,email_sheet,26-Aug-26,"EUR 16,127.87",1290.23,
MC-102257,Rhein  Polymer GmbH,eur,email_sheet,19-Jul-26,"EUR 9,059.01",724.72,CC-300
MC-101750,alpha fasteners inc,US Dollar,erp_south,09/28/2026,$1933.09,154.65,CC-300
MC-100843,Perez Castings S.A.,US Dollar,erp_south,09/28/2026,  $9017.64 ,,CC-200
MC-102314,Alpha Fasteners Inc.,US Dollar,erp_south,07/28/2026,$1414.32,113.15,CC-200
MC-101264,sato industrial k.k.,US Dollar,erp_south,07/22/2026,$14984.75,1198.78,CC-300
MC-101008,Kwan  Precision Ltd.,USD,erp_north,2026-08-01,$9156.70,732.54,CC-200
MC-102392,KWAN PRECISION,US Dollar,erp_south,09/24/2026,$2964.12,237.13,CC-400
MC-100967,Britewire Ltd.,Euro,erp_south,08/24/2026,EUR 5670.79,453.66,CC-400
MC-101093,"Alpha Fasteners, Inc.",USD,erp_north,2026-09-25,$2637.90,211.03,CC-200
MC-101628,Perez Castings SA,USD,erp_north,2026-09-10,$25437.84,2035.03,CC-400
MC-100972,Nordic Steel Co.,EUR,erp_north,2026-09-08,EUR 105815.96,8465.28,CC-200
MC-100187,"Perez Castings, S.A.",US Dollar,erp_south,09/04/2026,$34705.38,2776.43,
MC-100246,Rhein  Polymer GmbH,eur,email_sheet,24-Sep-26,"  EUR 3,174.92 ",253.99,
MC-101471, Nordic Steel Co. ,EUR,erp_north,2026-09-22,EUR 125024.79,10001.98,CC-100
MC-102087,RHEIN POLYMER,Euro,erp_south,07/02/2026,EUR 45665.12,3653.21,CC-200
MC-100595,Britewire Ltd.,Euro,erp_south,07/15/2026,EUR 2203.68,176.29,CC-400
MC-101326,Britewire Ltd,Euro,erp_south,09/09/2026,  EUR 365.70 ,29.26,CC-100
MC-100283,MERIDIAN TOOLING INTERNAL,usd,email_sheet,06-Jul-26,"  $7,232.29 ",578.58,
MC-101795,Kwan  Precision Ltd.,USD,erp_north,2026-07-08,$32130.64,2570.45,CC-300
MC-101467,Kwan Precision Ltd,USD,erp_north,2026-07-21,$12923.74,1033.9,CC-100
MC-100903,"Alpha Fasteners, Inc.",usd,email_sheet,02-Aug-26,"$3,628.10",290.25,
MC-101269,PEREZ CASTINGS,USD,erp_north,2026-08-12,  $25101.44 ,2008.12,CC-200
MC-101937,Alpha Fasteners,usd,email_sheet,14-Jul-26,$826.95,,
MC-100975,PEREZ CASTINGS,US Dollar,erp_south,08/16/2026,$90171.18,7213.69,CC-100
MC-101432,Rhein  Polymer GmbH,eur,email_sheet,27-Sep-26,"  EUR 12,544.32 ",1003.55,
MC-101595,Perez Castings S.A.,USD,erp_north,2026-09-13,$49455.58,3956.45,CC-400
MC-100122,SATO INDUSTRIAL,US Dollar,erp_south,08/10/2026,$21614.32,1729.15,CC-100
MC-101072,Perez Castings SA,USD,erp_north,2026-08-06,$15261.60,1220.93,CC-400
MC-101304,Britewire Ltd.,EUR,erp_north,2026-07-24,EUR 1952.44,,CC-300
MC-101918,Nordic Steel Co,Euro,erp_south,09/10/2026,EUR 90674.09,7253.93,CC-100
MC-102082,Kwan Precision Ltd,usd,email_sheet,15-Aug-26,"$29,558.97",2364.72,
MC-100869,nordic steel co.,EUR,erp_north,2026-07-27,  EUR 38369.84 ,3069.59,CC-300
MC-101683,Rhein  Polymer GmbH,EUR,erp_north,2026-07-24,EUR 10957.60,876.61,CC-300
MC-102341,Sato Industrial KK,usd,email_sheet,15-Sep-26,"$49,988.01",3999.04,
MC-100756,Britewire Ltd,EUR,erp_north,2026-07-12,EUR 2871.08,229.69,CC-300
MC-101156,Perez Castings S.A.,US Dollar,erp_south,07/16/2026,$65322.12,5225.77,CC-200
MC-101108,Alpha Fasteners Inc.,USD,erp_north,2026-07-26,$7690.39,615.23,CC-400
MC-100067,NORDIC STEEL,EUR,erp_north,2026-07-01,EUR 204881.78,16390.54,CC-300
MC-101731,RHEIN POLYMER,EUR,erp_north,2026-07-08,EUR 36401.46,2912.12,CC-300
MC-100332,Rhein  Polymer GmbH,EUR,erp_north,2026-08-03,EUR 23759.00,,CC-300
MC-100336,SATO INDUSTRIAL,USD,erp_north,2026-08-31,$7061.53,564.92,CC-300
MC-100912,Perez Castings S.A.,US Dollar,erp_south,09/10/2026,$77213.36,6177.07,CC-400
MC-101691,Alpha Fasteners,USD,erp_north,2026-08-22,$3685.88,294.87,CC-100
MC-100472,"Alpha Fasteners, Inc.",US Dollar,erp_south,08/30/2026,  $5336.60 ,426.93,CC-200
MC-100901,Nordic Steel Co.,EUR,erp_north,2026-07-21,EUR 49897.50,3991.8,CC-200
MC-101799,Perez Castings S.A.,US Dollar,erp_south,08/21/2026,$36356.55,2908.52,CC-200
MC-100884,Nordic Steel Co,Euro,erp_south,08/30/2026,  EUR 67233.40 ,,CC-400
MC-100477,Kwan Precision Ltd.,US Dollar,erp_south,07/07/2026,$2807.40,224.59,CC-200
MC-101329,MERIDIAN TOOLING INTERNAL,US Dollar,erp_south,09/06/2026,$9133.96,730.72,CC-200
MC-101342,PEREZ CASTINGS,US Dollar,erp_south,09/07/2026,$66825.76,5346.06,CC-400
MC-101511,Meridian Tooling (internal),US Dollar,erp_south,09/08/2026,$25384.11,,CC-300
MC-102321,Britewire Ltd.,EUR,erp_north,2026-09-22,EUR 2168.98,173.52,CC-400
MC-101340,Britewire Ltd,Euro,erp_south,07/16/2026,EUR 4674.20,373.94,CC-200
MC-100132,Rhein Polymer GmbH,eur,email_sheet,12-Aug-26,"EUR 46,206.32",3696.51,
MC-102325,alpha fasteners inc,USD,erp_north,2026-09-15,$6400.44,512.04,CC-200
MC-101925,Alpha Fasteners,US Dollar,erp_south,08/01/2026,$5509.93,440.79,CC-300
MC-100981, Nordic Steel Co. ,Euro,erp_south,09/28/2026,  EUR 65453.84 ,5236.31,CC-300
MC-101233,Rhein  Polymer GmbH,eur,email_sheet,16-Aug-26,"EUR 41,510.59",3320.85,
MC-102063,alpha fasteners inc,USD,erp_north,2026-08-23,$3175.10,254.01,CC-100
MC-101149,Britewire Ltd.,EUR,erp_north,2026-09-13,EUR 690.47,55.24,CC-400
MC-101154,Britewire Ltd,eur,email_sheet,04-Aug-26,"EUR 2,166.82",173.35,
MC-100256,BRITEWIRE,EUR,erp_north,2026-07-24,EUR 675.90,,CC-100
MC-100550,Nordic Steel Co,eur,email_sheet,02-Aug-26,"EUR 79,734.76",6378.78,CC-200
MC-101703,SATO INDUSTRIAL,US Dollar,erp_south,08/30/2026,$8853.00,708.24,CC-100
MC-100898,"Alpha Fasteners, Inc.",USD,erp_north,2026-08-18,$1449.00,115.92,CC-200
MC-100289,Perez Castings SA,usd,email_sheet,21-Aug-26,"$17,804.64",1424.37,
MC-101975,Meridian Tooling,USD,erp_north,2026-07-22,$8761.40,700.91,CC-300
MC-100777,Alpha Fasteners,USD,erp_north,2026-07-05,$4634.21,370.74,
MC-101900,alpha fasteners inc,US Dollar,erp_south,08/25/2026,$6495.59,519.65,CC-300
MC-100053,Nordic Steel Co.,EUR,erp_north,2026-09-27,EUR 42160.14,3372.81,CC-400
MC-101643,Sato Industrial K.K.,USD,erp_north,2026-09-07,$70694.59,5655.57,CC-300
MC-100557,Nordic Steel Co,EUR,erp_north,2026-09-02,  EUR 95506.91 ,,CC-400
MC-100040,"Alpha Fasteners, Inc.",usd,email_sheet,28-Sep-26,"$9,999.74",799.98,
MC-101608,Perez Castings SA,usd,email_sheet,19-Aug-26,"$89,413.67",,
MC-101172,Kwan Precision Ltd.,USD,erp_north,2026-09-10,$15215.06,1217.2,CC-200
MC-100261,nordic steel co.,Euro,erp_south,08/20/2026,EUR 142073.78,11365.9,
MC-101476, Nordic Steel Co. ,Euro,erp_south,07/13/2026,EUR 115400.01,9232.0,CC-200
MC-100083,PEREZ CASTINGS,USD,erp_north,2026-07-19,$52582.72,4206.62,CC-200
MC-101968,Sato Industrial KK,usd,email_sheet,10-Sep-26,"$49,267.69",3941.42,
MC-101083,Sato Industrial KK,USD,erp_north,2026-09-29,$50424.90,4033.99,CC-200
MC-102339,Alpha Fasteners Inc.,US Dollar,erp_south,07/21/2026,$6635.82,530.87,CC-200
MC-101412,RHEIN POLYMER,Euro,erp_south,07/01/2026,EUR 67687.40,5414.99,CC-300
MC-100030, Nordic Steel Co. ,eur,email_sheet,31-Aug-26,"EUR 108,221.81",8657.74,CC-400
MC-101543,nordic steel co.,EUR,erp_north,2026-08-01,EUR 40699.25,3255.94,CC-300
MC-102350,Sato Industrial KK,usd,email_sheet,27-Sep-26,"$78,937.12",6314.97,
MC-102300,Britewire Ltd,Euro,erp_south,08/24/2026,EUR 5034.96,402.8,CC-100
MC-101576,Perez Castings SA,usd,email_sheet,29-Jul-26,"$172,007.90",13760.63,
MC-102233,Kwan Precision Ltd.,US Dollar,erp_south,08/19/2026,$30440.82,2435.27,CC-400
MC-101020,britewire ltd.,Euro,erp_south,07/29/2026,  EUR 270.96 ,21.68,CC-200
MC-102291,MERIDIAN TOOLING INTERNAL,US Dollar,erp_south,08/16/2026,$15767.04,1261.36,CC-100
MC-101403,Kwan Precision Ltd,USD,erp_north,2026-07-29,$14430.21,1154.42,CC-100
MC-101438,nordic steel co.,Euro,erp_south,07/14/2026,EUR 86694.01,6935.52,CC-400
MC-101206,"Perez Castings, S.A.",USD,erp_north,2026-08-24,$35166.86,2813.35,CC-200
MC-100551,Kwan  Precision Ltd.,US Dollar,erp_south,08/06/2026,$5767.80,461.42,CC-400
MC-100048,Meridian Tooling,US Dollar,erp_south,09/13/2026,  $23455.87 ,,CC-100
MC-102342,Nordic Steel Co.,Euro,erp_south,08/08/2026,EUR 109022.08,8721.77,CC-400
MC-100893,Rhein  Polymer GmbH,EUR,erp_north,2026-09-09,EUR 33077.47,2646.2,CC-400
MC-100153,Sato Industrial K.K.,US Dollar,erp_south,09/18/2026,$95996.26,7679.7,CC-100
MC-100394,BRITEWIRE,EUR,erp_north,2026-07-07,EUR 1209.04,96.72,CC-300
MC-101147,PEREZ CASTINGS,USD,erp_north,2026-07-14,$35339.69,2827.18,CC-300
MC-101379,NORDIC STEEL,EUR,erp_north,2026-07-09,EUR 99126.92,7930.15,CC-100
MC-101158, Nordic Steel Co. ,Euro,erp_south,09/29/2026,  EUR 10446.84 ,835.75,CC-100
MC-100268,Britewire Ltd,Euro,erp_south,08/21/2026,  EUR 2716.85 ,217.35,CC-400
MC-100385,KWAN PRECISION,USD,erp_north,2026-07-02,$6300.07,504.01,CC-300
MC-101244,Alpha Fasteners,USD,erp_north,2026-09-27,$3178.04,254.24,CC-400
MC-100041,PEREZ CASTINGS,usd,email_sheet,27-Sep-26,"$56,844.83",4547.59,
MC-101333,sato industrial k.k.,USD,erp_north,2026-09-22,$30138.25,2411.06,CC-400
MC-100597,Rhein Polymer Gmbh,eur,email_sheet,01-Aug-26,"EUR 25,560.72",2044.86,
MC-101089,"Perez Castings, S.A.",US Dollar,erp_south,08/22/2026,$132780.26,10622.42,CC-300
MC-100680,Alpha Fasteners Inc.,US Dollar,erp_south,07/21/2026,$2220.22,177.62,CC-200
MC-102297,Nordic Steel Co,Euro,erp_south,08/17/2026,  EUR 75348.55 ,6027.88,CC-200
MC-100524,BRITEWIRE,eur,email_sheet,03-Jul-26,"EUR 3,189.44",255.16,
MC-101771,alpha fasteners inc,US Dollar,erp_south,08/12/2026,$3036.36,242.91,CC-100
MC-100244, Nordic Steel Co. ,EUR,erp_north,2026-09-23,EUR 62791.70,,CC-100
MC-101328,Sato Industrial K.K.,USD,erp_north,2026-08-29,  $23174.40 ,1853.95,CC-300
MC-101583,Kwan Precision Ltd.,USD,erp_north,2026-07-05,$15967.85,1277.43,CC-100
MC-100608,Meridian Tooling,USD,erp_north,2026-08-13,$20971.35,1677.71,
MC-101656,Rhein Polymer Gmbh,Euro,erp_south,09/07/2026,EUR 60540.11,4843.21,CC-400
MC-101016,Perez Castings S.A.,US Dollar,erp_south,09/07/2026,$41932.08,3354.57,CC-400
MC-101989, Nordic Steel Co. ,Euro,erp_south,08/03/2026,EUR 110095.14,8807.61,CC-300
MC-101545,"Perez Castings, S.A.",USD,erp_north,2026-07-13,$96952.85,7756.23,CC-100
MC-101675,Nordic Steel Co,EUR,erp_north,2026-07-02,EUR 165408.23,13232.66,CC-200
MC-102018,Meridian Tooling,USD,erp_north,2026-08-21,$2311.20,184.9,CC-100
MC-100225,Perez Castings SA,USD,erp_north,2026-08-12,$70330.68,5626.45,CC-100
MC-102384,Alpha Fasteners Inc.,usd,email_sheet,18-Sep-26,"  $4,087.16 ",326.97,
MC-102084,Alpha Fasteners,USD,erp_north,2026-09-10,$4293.33,343.47,CC-400
MC-102390,Nordic Steel Co,EUR,erp_north,2026-09-13,EUR 141968.06,11357.44,CC-400
MC-101599,Rhein  Polymer GmbH,eur,email_sheet,02-Sep-26,"  EUR 7,894.70 ",631.58,
MC-102139,britewire ltd.,Euro,erp_south,09/01/2026,EUR 3664.07,293.13,CC-300
MC-101360,Alpha Fasteners,USD,erp_north,2026-09-01,$4222.82,337.83,CC-300
MC-101256,Sato Industrial KK,usd,email_sheet,02-Sep-26,"$50,714.16",4057.13,
MC-100776,Britewire Ltd,EUR,erp_north,2026-07-24,EUR 2479.25,198.34,CC-300
MC-101812,sato industrial k.k.,US Dollar,erp_south,08/30/2026,$21935.23,1754.82,CC-100
MC-100205,Meridian Tooling (internal),US Dollar,erp_south,08/11/2026,$11331.00,906.48,CC-200
MC-101027,Perez Castings S.A.,USD,erp_north,2026-07-13,  $110424.39 ,8833.95,CC-400
MC-102391,Britewire Ltd.,EUR,erp_north,2026-07-07,EUR 4491.78,359.34,CC-200
MC-101478,Sato Industrial KK,USD,erp_north,2026-08-20,$34437.68,2755.01,CC-400
MC-101327,"Alpha Fasteners, Inc.",usd,email_sheet,26-Jul-26,"$4,787.30",382.98,
MC-101046,Rhein  Polymer GmbH,Euro,erp_south,07/31/2026,EUR 30251.27,2420.1,CC-100
MC-100693,NORDIC STEEL,EUR,erp_north,2026-07-15,EUR 44413.50,3553.08,CC-100
MC-101792,Sato Industrial K.K.,USD,erp_north,2026-07-03,$27892.20,2231.38,CC-200
MC-101115,Kwan Precision Ltd.,USD,erp_north,2026-07-04,$6964.31,,CC-300
MC-101507,Britewire Ltd,Euro,erp_south,09/03/2026,EUR 2078.84,166.31,CC-300
MC-101186,KWAN PRECISION,US Dollar,erp_south,09/20/2026,  $31906.91 ,2552.55,CC-100
MC-101369,Sato Industrial K.K.,USD,erp_north,2026-08-02,$6291.90,503.35,CC-100
MC-101173,Kwan  Precision Ltd.,USD,erp_north,2026-08-19,$12756.66,1020.53,CC-200
MC-101625,Rhein  Polymer GmbH,EUR,erp_north,2026-07-06,EUR 16824.32,1345.95,CC-400
MC-102144,sato industrial k.k.,USD,erp_north,2026-09-23,$29312.69,2345.02,CC-200
MC-102322,Alpha Fasteners,US Dollar,erp_south,09/08/2026,$1580.00,126.4,CC-200
MC-101627,KWAN PRECISION,US Dollar,erp_south,07/07/2026,$28055.61,2244.45,CC-300
MC-100157,Meridian Tooling,US Dollar,erp_south,08/19/2026,  $12861.65 ,1028.93,CC-400
MC-101688,PEREZ CASTINGS,US Dollar,erp_south,09/24/2026,  $6184.50 ,494.76,CC-400
MC-101184,Rhein Polymer GmbH,Euro,erp_south,07/31/2026,EUR 44321.28,3545.7,CC-400
MC-100305,Rhein Polymer GmbH,eur,email_sheet,29-Jul-26,"EUR 56,465.47",4517.24,
MC-100656,Kwan Precision Ltd,USD,erp_north,2026-09-29,$28304.73,2264.38,CC-300
MC-101419,NORDIC STEEL,Euro,erp_south,07/14/2026,EUR 77465.95,6197.28,CC-300
MC-100399,Perez Castings SA,USD,erp_north,2026-09-30,$84995.73,6799.66,CC-200
MC-100798,nordic steel co.,Euro,erp_south,08/21/2026,EUR 49763.42,3981.07,CC-200
MC-102382,BRITEWIRE,Euro,erp_south,07/21/2026,EUR 4799.19,383.94,CC-300
MC-100618,Kwan Precision Ltd.,USD,erp_north,2026-09-16,$14793.31,1183.46,CC-100
MC-101388, Nordic Steel Co. ,Euro,erp_south,07/07/2026,EUR 36099.21,2887.94,CC-300
MC-100508,britewire ltd.,Euro,erp_south,07/22/2026,EUR 1004.10,80.33,CC-100
MC-100079,sato industrial k.k.,USD,erp_north,2026-09-16,$32125.83,2570.07,CC-100
MC-100736,Meridian Tooling (internal),USD,erp_north,2026-08-19,$12309.46,984.76,CC-100
MC-101758,Alpha Fasteners Inc.,US Dollar,erp_south,08/08/2026,$2533.38,202.67,CC-200
MC-100274,SATO INDUSTRIAL,usd,email_sheet,05-Jul-26,"$34,406.17",2752.49,
MC-101536,Nordic Steel Co,EUR,erp_north,2026-08-18,EUR 94832.40,7586.59,CC-400
MC-100867,"Alpha Fasteners, Inc.",USD,erp_north,2026-07-25,$3116.19,249.3,CC-300
MC-100459,Rhein Polymer GmbH,EUR,erp_north,2026-08-15,EUR 987.48,79.0,CC-100
MC-100886, Nordic Steel Co. ,EUR,erp_north,2026-07-01,EUR 45752.55,3660.2,CC-100
MC-100062,KWAN PRECISION,USD,erp_north,2026-09-23,$30362.32,2428.99,CC-400
MC-100599,BRITEWIRE,EUR,erp_north,2026-08-28,EUR 3746.02,299.68,CC-400
MC-101726,Nordic Steel Co.,EUR,erp_north,2026-09-07,EUR 6352.71,508.22,CC-100
MC-100859,Kwan  Precision Ltd.,usd,email_sheet,08-Aug-26,"$9,583.18",766.65,CC-400
MC-100457,PEREZ CASTINGS,US Dollar,erp_south,07/25/2026,$99163.93,7933.11,CC-100
MC-101509,Kwan Precision Ltd,USD,erp_north,2026-07-01,$16698.05,1335.84,CC-400
MC-101117,sato industrial k.k.,USD,erp_north,2026-08-05,$10931.26,874.5,CC-400
MC-100870,sato industrial k.k.,US Dollar,erp_south,07/04/2026,$104326.13,8346.09,CC-100
MC-100790,Rhein Polymer Gmbh,EUR,erp_north,2026-08-10,  EUR 29918.68 ,2393.49,CC-200
MC-101306,Meridian Tooling,US Dollar,erp_south,07/01/2026,$4876.35,390.11,CC-300
MC-102252,MERIDIAN TOOLING INTERNAL,US Dollar,erp_south,09/29/2026,$15912.74,1273.02,CC-100
MC-101371,Kwan Precision Ltd,US Dollar,erp_south,09/06/2026,$16203.72,1296.3,CC-300
MC-101841,Perez Castings S.A.,US Dollar,erp_south,08/17/2026,$47518.25,3801.46,CC-400
MC-100760,KWAN PRECISION,US Dollar,erp_south,07/02/2026,  $13658.38 ,1092.67,CC-100
MC-100954,Kwan Precision Ltd.,US Dollar,erp_south,07/18/2026,$14819.87,1185.59,CC-300
MC-101470,Alpha Fasteners Inc.,USD,erp_north,2026-09-30,  $2891.62 ,231.33,CC-200
MC-100650,KWAN PRECISION,usd,email_sheet,21-Jul-26,"$17,236.84",1378.95,CC-400
MC-101910,SATO INDUSTRIAL,USD,erp_north,2026-08-17,$41452.08,3316.17,CC-300
MC-102351,BRITEWIRE,eur,email_sheet,21-Aug-26,"EUR 2,365.84",189.27,
MC-100379,Kwan Precision Ltd,US Dollar,erp_south,09/05/2026,$15424.99,1234.0,CC-100
MC-100564,BRITEWIRE,Euro,erp_south,07/30/2026,EUR 4069.63,325.57,CC-400
MC-101200,Nordic Steel Co,EUR,erp_north,2026-07-03,EUR 9341.72,747.34,CC-400
MC-101976,britewire ltd.,EUR,erp_north,2026-09-26,EUR 1076.35,86.11,CC-400
MC-100956,BRITEWIRE,eur,email_sheet,17-Aug-26,  EUR 999.34 ,79.95,
MC-100741,Nordic Steel Co.,EUR,erp_north,2026-09-11,EUR 4769.60,381.57,CC-400
MC-101521,MERIDIAN TOOLING INTERNAL,usd,email_sheet,03-Jul-26,"$8,691.08",695.29,
MC-100231,SATO INDUSTRIAL,US Dollar,erp_south,09/28/2026,  $109081.31 ,8726.5,CC-100
MC-101863,Kwan Precision Ltd,usd,email_sheet,21-Sep-26,"$5,552.20",444.18,
MC-100382,Rhein  Polymer GmbH,EUR,erp_north,2026-08-07,EUR 7570.90,605.67,CC-200
MC-101868,Britewire Ltd,EUR,erp_north,2026-09-09,EUR 4671.40,373.71,CC-300
MC-100072,Rhein  Polymer GmbH,EUR,erp_north,2026-08-14,EUR 38172.06,3053.76,CC-300
MC-101094,Kwan Precision Ltd.,usd,email_sheet,20-Aug-26,"  $10,336.59 ",826.93,
MC-100327,Kwan Precision Ltd,US Dollar,erp_south,08/06/2026,$39664.14,3173.13,CC-100
MC-101667,Kwan Precision Ltd,USD,erp_north,2026-08-09,  $6973.57 ,557.89,CC-100
MC-100171,Meridian Tooling,US Dollar,erp_south,08/13/2026,$7046.60,563.73,CC-300
MC-101592,britewire ltd.,EUR,erp_north,2026-07-14,EUR 893.38,71.47,CC-400
MC-100168,Meridian Tooling,US Dollar,erp_south,09/21/2026,$8173.71,653.9,CC-300
MC-101517,Britewire Ltd.,EUR,erp_north,2026-09-13,EUR 813.63,65.09,CC-200
MC-101578,Alpha Fasteners,US Dollar,erp_south,08/09/2026,$4649.90,371.99,CC-100
MC-101346,Britewire Ltd,Euro,erp_south,08/06/2026,EUR 4116.52,329.32,CC-100
MC-100272,Rhein Polymer Gmbh,EUR,erp_north,2026-09-08,  EUR 67662.97 ,5413.04,CC-100
MC-101215,Sato Industrial K.K.,usd,email_sheet,11-Jul-26,"$19,154.91",1532.39,CC-300
MC-100420,RHEIN POLYMER,EUR,erp_north,2026-09-09,EUR 2715.30,217.22,CC-400
MC-101118,alpha fasteners inc,USD,erp_north,2026-07-27,$4211.34,336.91,CC-200
MC-102067,Nordic Steel Co.,EUR,erp_north,2026-07-20,EUR 46541.16,3723.29,CC-100
MC-100195,Nordic Steel Co,eur,email_sheet,10-Sep-26,"EUR 96,533.77",7722.7,
MC-101066,Britewire Ltd,EUR,erp_north,2026-08-22,EUR 2561.99,204.96,CC-300
MC-100056,PEREZ CASTINGS,US Dollar,erp_south,07/14/2026,  $44484.45 ,3558.76,CC-100
MC-101127,MERIDIAN TOOLING INTERNAL,USD,erp_north,2026-07-20,  $2591.85 ,207.35,CC-300
MC-101706,nordic steel co.,eur,email_sheet,28-Aug-26,"  EUR 29,862.75 ",2389.02,
MC-101806,Rhein Polymer Gmbh,EUR,erp_north,2026-07-24,EUR 6152.60,492.21,CC-100
MC-101985,Sato Industrial K.K.,US Dollar,erp_south,08/06/2026,$41844.57,3347.57,CC-200
MC-100038,Kwan Precision Ltd,USD,erp_north,2026-09-09,$14567.82,1165.43,CC-300
MC-100306,"Alpha Fasteners, Inc.",US Dollar,erp_south,09/20/2026,  $10758.53 ,860.68,CC-400
MC-100006,Meridian Tooling (internal),USD,erp_north,2026-07-30,$10218.95,817.52,CC-200
MC-101104,Sato Industrial KK,USD,erp_north,2026-09-10,$60522.52,4841.8,CC-300
MC-100782,RHEIN POLYMER,Euro,erp_south,09/21/2026,  EUR 18207.92 ,1456.63,CC-100
MC-100408,Nordic Steel Co,eur,email_sheet,09-Jul-26,"EUR 58,702.85",4696.23,CC-200
MC-102180,Kwan  Precision Ltd.,USD,erp_north,2026-07-07,$18458.77,1476.7,CC-100
MC-100781,NORDIC STEEL,Euro,erp_south,07/15/2026,EUR 59944.39,,CC-400
MC-101190,Perez Castings S.A.,USD,erp_north,2026-07-03,$37319.71,2985.58,CC-100
MC-100534,Sato Industrial KK,usd,email_sheet,16-Jul-26,"$7,784.52",622.76,
MC-100583,Meridian Tooling (internal),USD,erp_north,2026-08-04,$8768.25,701.46,CC-200
MC-101933,Kwan  Precision Ltd.,usd,email_sheet,19-Aug-26,"$25,206.03",2016.48,
MC-100945,alpha fasteners inc,usd,email_sheet,05-Jul-26,$892.60,71.41,
MC-102115,Nordic Steel Co,EUR,erp_north,2026-07-12,EUR 117325.20,9386.02,CC-100
MC-102161,Kwan Precision Ltd.,usd,email_sheet,11-Aug-26,"$34,759.54",2780.76,
MC-102293,Rhein Polymer Gmbh,EUR,erp_north,2026-08-27,EUR 70221.26,5617.7,CC-400
MC-102290,NORDIC STEEL,EUR,erp_north,2026-07-06,EUR 54501.33,4360.11,CC-300
MC-101351,Kwan  Precision Ltd.,US Dollar,erp_south,08/24/2026,  $24879.30 ,1990.34,CC-100
MC-102362,Rhein  Polymer GmbH,Euro,erp_south,08/10/2026,EUR 58961.46,4716.92,CC-300
MC-100813,Nordic Steel Co,eur,email_sheet,21-Aug-26,"EUR 42,710.62",3416.85,
MC-100316,Rhein  Polymer GmbH,Euro,erp_south,07/16/2026,EUR 10179.00,814.32,CC-300
MC-102108,BRITEWIRE,Euro,erp_south,08/03/2026,  EUR 7649.14 ,611.93,CC-300
MC-101542,RHEIN POLYMER,eur,email_sheet,06-Jul-26,"EUR 27,450.64",2196.05,
MC-100516,Alpha Fasteners Inc.,usd,email_sheet,17-Jul-26,"$2,152.33",172.19,
MC-101653,Kwan Precision Ltd.,USD,erp_north,2026-09-11,$5283.45,422.68,CC-100
MC-100661,"Alpha Fasteners, Inc.",USD,erp_north,2026-07-22,$1665.76,133.26,CC-200
MC-100533,PEREZ CASTINGS,US Dollar,erp_south,08/14/2026,$34913.88,2793.11,CC-300
MC-101672,Britewire Ltd.,eur,email_sheet,21-Jul-26,"EUR 5,523.32",441.87,
MC-101604, Nordic Steel Co. ,Euro,erp_south,08/20/2026,EUR 48448.02,3875.84,CC-100
MC-100271,BRITEWIRE,EUR,erp_north,2026-09-13,EUR 171.80,13.74,CC-400
MC-100548,Kwan Precision Ltd.,USD,erp_north,2026-08-20,$21259.15,1700.73,CC-100
MC-101477,Sato Industrial KK,USD,erp_north,2026-09-17,  $24928.90 ,1994.31,CC-300
MC-100964,MERIDIAN TOOLING INTERNAL,USD,erp_north,2026-07-09,  $16797.04 ,1343.76,CC-400
MC-102310,Rhein  Polymer GmbH,EUR,erp_north,2026-08-22,EUR 17571.75,1405.74,CC-300
MC-102260,alpha fasteners inc,US Dollar,erp_south,09/17/2026,$2802.84,224.23,CC-200
MC-100598,sato industrial k.k.,USD,erp_north,2026-08-30,$122445.37,9795.63,CC-400
MC-100894,Meridian Tooling,US Dollar,erp_south,08/06/2026,$13811.24,1104.9,CC-200
MC-102178,Sato Industrial KK,USD,erp_north,2026-09-16,$15892.50,1271.4,CC-300
MC-100570,Kwan  Precision Ltd.,US Dollar,erp_south,07/21/2026,$21423.88,,CC-200
MC-100074,Sato Industrial KK,US Dollar,erp_south,09/21/2026,$52222.74,4177.82,CC-400
MC-100061,Rhein  Polymer GmbH,Euro,erp_south,08/15/2026,EUR 43388.77,3471.1,CC-200
MC-101247,KWAN PRECISION,USD,erp_north,2026-07-25,$22006.44,1760.52,CC-100
MC-101560,Perez Castings SA,US Dollar,erp_south,09/03/2026,  $46404.54 ,3712.36,CC-400
MC-101962,Perez Castings SA,US Dollar,erp_south,09/21/2026,$15115.84,1209.27,CC-400
MC-101259,Rhein Polymer Gmbh,eur,email_sheet,16-Aug-26,"EUR 16,331.42",1306.51,
MC-100809,RHEIN POLYMER,eur,email_sheet,19-Aug-26,"EUR 28,201.99",2256.16,CC-100
MC-100244, Nordic Steel Co. ,EUR,erp_north,2026-09-23,EUR 62791.70,,CC-100
MC-101049,Meridian Tooling (internal),USD,erp_north,2026-08-16,$1271.88,101.75,CC-300
MC-102388,Nordic Steel Co.,EUR,erp_north,2026-09-03,EUR 184031.28,14722.5,CC-200
MC-101246,Perez Castings SA,usd,email_sheet,12-Jul-26,"$80,600.34",6448.03,
MC-100107,Meridian Tooling,usd,email_sheet,08-Jul-26,"$1,019.70",81.58,
MC-100105,Alpha Fasteners,usd,email_sheet,30-Sep-26,$820.56,65.64,
MC-100673,britewire ltd.,Euro,erp_south,09/30/2026,EUR 867.60,69.41,CC-100
MC-100642,Rhein  Polymer GmbH,Euro,erp_south,08/16/2026,  EUR 28669.46 ,2293.56,CC-300
MC-102159,Kwan Precision Ltd.,usd,email_sheet,27-Sep-26,"$22,497.38",1799.79,
MC-100665,"Perez Castings, S.A.",usd,email_sheet,11-Aug-26,"$9,428.28",754.26,
MC-100509,Meridian Tooling (internal),USD,erp_north,2026-08-15,$13919.81,1113.58,CC-400
MC-100131,Kwan  Precision Ltd.,USD,erp_north,2026-07-14,$10138.19,811.06,CC-300
MC-100444,Perez Castings SA,USD,erp_north,2026-08-23,$33211.94,2656.96,CC-300
MC-102202,britewire ltd.,Euro,erp_south,09/04/2026,  EUR 7365.70 ,589.26,CC-400
MC-101532,Perez Castings S.A.,USD,erp_north,2026-08-07,$110972.16,8877.77,CC-200
MC-100866,Meridian Tooling,USD,erp_north,2026-09-21,$24318.29,1945.46,CC-100
MC-102215,SATO INDUSTRIAL,US Dollar,erp_south,08/12/2026,$26260.08,2100.81,CC-100
MC-101932,PEREZ CASTINGS,US Dollar,erp_south,09/09/2026,  $32416.41 ,2593.31,CC-200
MC-101060,Meridian Tooling (internal),US Dollar,erp_south,08/11/2026,$12082.36,966.59,CC-300
MC-100208,Sato Industrial K.K.,USD,erp_north,2026-08-04,$65832.14,5266.57,CC-200
MC-100057,Sato Industrial KK,USD,erp_north,2026-07-21,  $58097.97 ,4647.84,CC-400
MC-102388,Nordic Steel Co.,EUR,erp_north,2026-09-03,EUR 184031.28,14722.5,CC-200
MC-100102,NORDIC STEEL,EUR,erp_north,2026-08-29,EUR 206141.84,16491.35,CC-400
MC-101640,Kwan  Precision Ltd.,US Dollar,erp_south,07/25/2026,$18403.26,1472.26,CC-300
MC-102277,Rhein Polymer Gmbh,EUR,erp_north,2026-07-31,EUR 15139.87,1211.19,CC-300
MC-101903,Alpha Fasteners,US Dollar,erp_south,09/02/2026,$2264.22,181.14,CC-400
MC-101966,Meridian Tooling (internal),USD,erp_north,2026-09-03,$20501.89,1640.15,CC-300
MC-102179,Perez Castings S.A.,USD,erp_north,2026-08-12,$11592.36,927.39,CC-200
MC-100086,Britewire Ltd,Euro,erp_south,07/04/2026,EUR 6271.97,501.76,CC-200
MC-100245,PEREZ CASTINGS,USD,erp_north,2026-09-11,$102587.85,8207.03,CC-100
MC-102228,Rhein Polymer GmbH,EUR,erp_north,2026-08-04,EUR 6454.00,516.32,CC-100
MC-100771,Sato Industrial KK,US Dollar,erp_south,09/02/2026,$77245.46,6179.64,CC-200
MC-101358,Rhein  Polymer GmbH,eur,email_sheet,11-Jul-26,"EUR 74,921.29",5993.7,
MC-101901,Sato Industrial K.K.,US Dollar,erp_south,09/08/2026,$33260.31,2660.82,CC-100
MC-101539,Kwan Precision Ltd.,US Dollar,erp_south,08/18/2026,$11810.52,944.84,CC-200
MC-101877,Rhein  Polymer GmbH,EUR,erp_north,2026-08-06,EUR 12892.44,1031.4,CC-300
MC-100708,NORDIC STEEL,eur,email_sheet,26-Aug-26,"EUR 14,290.40",1143.23,
MC-101109,Kwan Precision Ltd,US Dollar,erp_south,08/21/2026,  $7636.43 ,610.91,CC-200
MC-102207,britewire ltd.,Euro,erp_south,09/19/2026,EUR 4058.07,324.65,CC-400
MC-100785,Kwan  Precision Ltd.,usd,email_sheet,23-Aug-26,"$7,707.86",616.63,
MC-100429,RHEIN POLYMER,EUR,erp_north,2026-09-06,EUR 33438.60,2675.09,CC-400
MC-100538,"Alpha Fasteners, Inc.",US Dollar,erp_south,07/04/2026,$2810.74,224.86,CC-300
MC-100675,NORDIC STEEL,Euro,erp_south,08/21/2026,EUR 92466.76,7397.34,CC-100
MC-102028,KWAN PRECISION,US Dollar,erp_south,07/06/2026,$6088.32,487.07,CC-300
MC-102204,SATO INDUSTRIAL,usd,email_sheet,31-Jul-26,"$24,185.96",,
MC-102009,Britewire Ltd,EUR,erp_north,2026-09-24,EUR 7168.90,573.51,CC-400
MC-100418,sato industrial k.k.,US Dollar,erp_south,09/02/2026,$24536.44,1962.92,CC-300
MC-101461,MERIDIAN TOOLING INTERNAL,US Dollar,erp_south,07/15/2026,  $15163.58 ,1213.09,CC-400
MC-101484,PEREZ CASTINGS,US Dollar,erp_south,08/05/2026,$68831.17,5506.49,CC-300
MC-100497,Perez Castings SA,US Dollar,erp_south,09/27/2026,$35125.33,2810.03,CC-400
MC-101597,alpha fasteners inc,US Dollar,erp_south,07/23/2026,$8765.43,701.23,CC-300
MC-101073,PEREZ CASTINGS,US Dollar,erp_south,07/19/2026,  $119074.10 ,9525.93,CC-100
MC-102311,MERIDIAN TOOLING INTERNAL,US Dollar,erp_south,09/22/2026,  $9264.20 ,741.14,CC-200
MC-100025, Nordic Steel Co. ,Euro,erp_south,09/14/2026,  EUR 120462.89 ,9637.03,CC-100
MC-101973,Kwan  Precision Ltd.,US Dollar,erp_south,07/04/2026,$11279.56,902.36,CC-100
MC-100851,Sato Industrial K.K.,US Dollar,erp_south,09/29/2026,$45503.83,,CC-300
MC-101004,Britewire Ltd,eur,email_sheet,29-Jul-26,"EUR 1,606.93",128.55,
MC-101888,Rhein Polymer GmbH,Euro,erp_south,07/01/2026,EUR 15910.83,1272.87,
MC-101598,Perez Castings SA,US Dollar,erp_south,07/20/2026,$38062.22,3044.98,CC-200
MC-100436,Nordic Steel Co.,eur,email_sheet,14-Sep-26,"  EUR 83,236.24 ",6658.9,
MC-101316,"Perez Castings, S.A.",US Dollar,erp_south,08/18/2026,$116890.92,9351.27,CC-400
MC-101279,MERIDIAN TOOLING INTERNAL,USD,erp_north,2026-08-03,$13973.59,1117.89,CC-400
MC-101623,BRITEWIRE,EUR,erp_north,2026-09-06,EUR 6886.73,550.94,CC-300
MC-101480,RHEIN POLYMER,Euro,erp_south,09/30/2026,  EUR 6944.13 ,555.53,CC-200
MC-101648,sato industrial k.k.,usd,email_sheet,27-Aug-26,"$88,738.49",7099.08,
MC-101003,KWAN PRECISION,US Dollar,erp_south,07/13/2026,$9827.68,786.21,CC-300
MC-101278,RHEIN POLYMER,EUR,erp_north,2026-08-16,EUR 11066.18,885.29,CC-400
MC-101032,Kwan Precision Ltd.,USD,erp_north,2026-08-12,  $10334.30 ,826.74,CC-100
MC-101998,Sato Industrial KK,USD,erp_north,2026-07-28,$45400.61,3632.05,CC-200
MC-100054,britewire ltd.,eur,email_sheet,25-Sep-26,"EUR 2,829.56",226.36,
MC-102367,Meridian Tooling (internal),US Dollar,erp_south,07/02/2026,$5814.68,465.17,CC-100
MC-100304,alpha fasteners inc,USD,erp_north,2026-09-27,$6707.00,536.56,CC-100
MC-102176,Meridian Tooling (internal),USD,erp_north,2026-09-16,$5981.15,478.49,CC-400
MC-101098,Sato Industrial KK,usd,email_sheet,24-Jul-26,"$19,015.34",1521.23,
MC-101441,KWAN PRECISION,usd,email_sheet,16-Sep-26,"$18,328.73",1466.3,
MC-101546,Britewire Ltd,Euro,erp_south,08/21/2026,EUR 6074.08,485.93,CC-400
MC-100335,Kwan Precision Ltd,usd,email_sheet,24-Jul-26,"$14,846.86",1187.75,
MC-100995,Rhein Polymer GmbH,eur,email_sheet,20-Sep-26,"  EUR 67,954.89 ",5436.39,
MC-100569,Alpha Fasteners,USD,erp_north,2026-07-04,$3782.55,302.6,CC-300
MC-101614,Rhein Polymer Gmbh,EUR,erp_north,2026-09-29,EUR 46250.14,3700.01,CC-400
MC-100088,SATO INDUSTRIAL,US Dollar,erp_south,09/01/2026,$27213.48,2177.08,CC-300
MC-100874,Rhein  Polymer GmbH,eur,email_sheet,17-Jul-26,"EUR 31,901.06",2552.08,
MC-101768,sato industrial k.k.,US Dollar,erp_south,08/03/2026,$65710.88,5256.87,CC-100
MC-101241,Nordic Steel Co.,EUR,erp_north,2026-08-14,EUR 26829.09,2146.33,CC-400
MC-102186,Britewire Ltd,Euro,erp_south,09/28/2026,EUR 2871.07,,CC-400
MC-100712,Meridian Tooling,usd,email_sheet,02-Jul-26,"$15,847.24",1267.78,CC-400
MC-101068,Meridian Tooling (internal),US Dollar,erp_south,08/28/2026,  $16322.50 ,1305.8,CC-100
MC-101197,Rhein Polymer Gmbh,Euro,erp_south,07/25/2026,  EUR 50429.31 ,4034.34,CC-400
MC-100221,PEREZ CASTINGS,USD,erp_north,2026-07-24,$1336.14,106.89,CC-300
MC-102075,Rhein  Polymer GmbH,EUR,erp_north,2026-09-06,EUR 27180.24,2174.42,CC-200
MC-100221,PEREZ CASTINGS,USD,erp_north,2026-07-24,$1336.14,106.89,CC-300
MC-100319,SATO INDUSTRIAL,US Dollar,erp_south,08/09/2026,$9670.30,773.62,CC-300
MC-100519,Britewire Ltd,eur,email_sheet,19-Jul-26,"EUR 6,638.00",531.04,
MC-100878,Sato Industrial K.K.,US Dollar,erp_south,07/13/2026,$74987.06,5998.96,CC-100
MC-100629,Britewire Ltd,EUR,erp_north,2026-07-10,EUR 3647.56,291.8,CC-100
MC-100825,Rhein Polymer GmbH,EUR,erp_north,2026-08-12,EUR 27454.31,2196.34,CC-300
MC-101198,Rhein  Polymer GmbH,EUR,erp_north,2026-07-04,  EUR 63115.95 ,5049.28,CC-300
MC-101290,Perez Castings SA,usd,email_sheet,12-Jul-26,"$34,389.75",2751.18,
MC-101030,Rhein  Polymer GmbH,EUR,erp_north,2026-07-25,EUR 25385.74,,CC-300
MC-102142,alpha fasteners inc,US Dollar,erp_south,08/14/2026,$2330.28,186.42,CC-300
MC-100138,Nordic Steel Co.,Euro,erp_south,08/31/2026,EUR 40195.82,3215.67,CC-100
MC-100163,RHEIN POLYMER,EUR,erp_north,2026-07-13,  EUR 29097.57 ,2327.81,CC-300
MC-101463,Britewire Ltd.,EUR,erp_north,2026-08-20,EUR 823.80,65.9,CC-100
MC-101618,Nordic Steel Co,Euro,erp_south,07/02/2026,EUR 127479.06,10198.32,CC-200
MC-101678,Rhein Polymer Gmbh,EUR,erp_north,2026-08-29,EUR 8052.55,,CC-100
MC-100001,BRITEWIRE,eur,email_sheet,03-Aug-26,"  EUR 2,713.74 ",217.1,
MC-101579,Meridian Tooling (internal),USD,erp_north,2026-08-22,$11364.93,909.19,CC-400
MC-101045,Meridian Tooling (internal),US Dollar,erp_south,09/08/2026,  $14345.32 ,1147.63,CC-400
MC-100960,RHEIN POLYMER,Euro,erp_south,07/01/2026,EUR 9356.62,748.53,CC-200
MC-102128,Kwan Precision Ltd,USD,erp_north,2026-08-16,$21796.22,,CC-100
MC-101547,"Perez Castings, S.A.",USD,erp_north,2026-07-04,$1229.95,98.4,CC-200
MC-101914,Perez Castings S.A.,USD,erp_north,2026-08-08,$48723.77,3897.9,CC-300
MC-101504,sato industrial k.k.,USD,erp_north,2026-07-05,  $63901.20 ,,CC-200
MC-101602,Rhein  Polymer GmbH,Euro,erp_south,07/29/2026,EUR 4822.32,385.79,CC-100
MC-101813,Rhein Polymer GmbH,Euro,erp_south,08/02/2026,EUR 6246.99,,CC-100
MC-101302,Rhein  Polymer GmbH,EUR,erp_north,2026-09-01,EUR 64638.14,5171.05,CC-100
MC-101999,Kwan  Precision Ltd.,USD,erp_north,2026-07-08,$10164.98,813.2,CC-200
MC-101059,Rhein Polymer Gmbh,eur,email_sheet,06-Jul-26,"EUR 28,759.04",2300.72,
MC-100633,Kwan  Precision Ltd.,USD,erp_north,2026-09-18,$22219.75,1777.58,CC-200
MC-101242,Alpha Fasteners Inc.,USD,erp_north,2026-07-09,  $6553.97 ,524.32,CC-300
MC-101642,Sato Industrial K.K.,usd,email_sheet,10-Aug-26,"$37,701.89",3016.15,
MC-101823,BRITEWIRE,EUR,erp_north,2026-09-22,EUR 2094.12,167.53,CC-400
MC-100655,Kwan  Precision Ltd.,usd,email_sheet,29-Jul-26,"$4,186.55",334.92,
MC-100016,Sato Industrial KK,US Dollar,erp_south,09/08/2026,$41297.56,3303.8,CC-100
MC-102354,RHEIN POLYMER,Euro,erp_south,08/06/2026,EUR 22148.19,1771.86,CC-100
MC-101787,sato industrial k.k.,usd,email_sheet,17-Aug-26,"$79,430.20",6354.42,CC-200
MC-100137,Britewire Ltd,Euro,erp_south,07/21/2026,EUR 3036.68,242.93,CC-300
MC-101895,Sato Industrial K.K.,US Dollar,erp_south,09/15/2026,$98640.91,7891.27,CC-200
MC-101581, Nordic Steel Co. ,EUR,erp_north,2026-07-29,EUR 44426.84,,CC-100
MC-100697,Rhein  Polymer GmbH,eur,email_sheet,14-Jul-26,"EUR 48,989.31",3919.14,
MC-101097,Meridian Tooling,usd,email_sheet,14-Aug-26,"$2,728.94",218.32,CC-200
MC-102196,"Alpha Fasteners, Inc.",US Dollar,erp_south,07/20/2026,$1281.36,102.51,CC-400
MC-102246,"Alpha Fasteners, Inc.",US Dollar,erp_south,07/28/2026,  $3804.08 ,304.33,CC-200
MC-100448,alpha fasteners inc,US Dollar,erp_south,08/02/2026,$491.40,,CC-200
MC-101392,Alpha Fasteners Inc.,usd,email_sheet,11-Sep-26,"  $4,580.12 ",366.41,
MC-100035,Britewire Ltd.,EUR,erp_north,2026-08-17,EUR 2649.41,211.95,CC-100
MC-101266,Kwan  Precision Ltd.,US Dollar,erp_south,08/04/2026,$8980.36,718.43,
MC-100327,Kwan Precision Ltd,US Dollar,erp_south,08/06/2026,$39664.14,3173.13,CC-100
MC-100317,Perez Castings SA,USD,erp_north,2026-07-15,$110259.92,8820.79,CC-200
MC-100135,Meridian Tooling,US Dollar,erp_south,08/27/2026,$3580.57,286.45,CC-200
MC-101169,Alpha Fasteners,usd,email_sheet,27-Aug-26,$798.68,63.89,
MC-101552,Kwan  Precision Ltd.,US Dollar,erp_south,08/29/2026,$12667.71,1013.42,CC-400
MC-100526,nordic steel co.,EUR,erp_north,2026-08-01,EUR 118609.48,9488.76,CC-200
MC-100087,Alpha Fasteners Inc.,US Dollar,erp_south,07/31/2026,$4938.49,395.08,CC-400
MC-101503,Britewire Ltd,Euro,erp_south,08/17/2026,EUR 4185.82,334.87,CC-100
MC-101362,"Alpha Fasteners, Inc.",USD,erp_north,2026-07-07,$2616.03,209.28,CC-200
MC-101962,Perez Castings SA,US Dollar,erp_south,09/21/2026,$15115.84,1209.27,CC-400
MC-101801,Kwan Precision Ltd.,US Dollar,erp_south,08/31/2026,$25203.18,2016.25,CC-100
MC-101681,Meridian Tooling (internal),USD,erp_north,2026-09-10,  $10206.14 ,816.49,CC-300
MC-100148,MERIDIAN TOOLING INTERNAL,usd,email_sheet,22-Sep-26,"  $5,988.51 ",479.08,
MC-100303,nordic steel co.,eur,email_sheet,01-Aug-26,"EUR 109,110.33",8728.83,CC-100
MC-102262,Meridian Tooling,usd,email_sheet,01-Aug-26,"$14,649.56",1171.96,
MC-101857,sato industrial k.k.,US Dollar,erp_south,08/13/2026,  $68812.06 ,5504.96,CC-300
MC-101052,PEREZ CASTINGS,USD,erp_north,2026-09-17,$67965.41,5437.23,CC-200
MC-102281, Nordic Steel Co. ,Euro,erp_south,09/13/2026,EUR 6264.58,501.17,CC-100
MC-100365,sato industrial k.k.,USD,erp_north,2026-09-18,$25980.24,2078.42,CC-400
MC-100589,Rhein Polymer GmbH,EUR,erp_north,2026-08-10,  EUR 12931.17 ,1034.49,CC-300
MC-101873,Rhein  Polymer GmbH,Euro,erp_south,08/11/2026,EUR 41787.42,3342.99,CC-400
MC-100162,"Alpha Fasteners, Inc.",US Dollar,erp_south,09/12/2026,$7184.38,574.75,CC-400
MC-100198,MERIDIAN TOOLING INTERNAL,US Dollar,erp_south,09/19/2026,$14770.73,1181.66,CC-300
MC-101892,Rhein  Polymer GmbH,eur,email_sheet,01-Jul-26,"EUR 43,364.68",3469.17,
MC-100704,Rhein Polymer GmbH,Euro,erp_south,07/19/2026,EUR 52257.39,,CC-400
MC-100192,Kwan  Precision Ltd.,USD,erp_north,2026-09-25,$37110.40,2968.83,CC-400
MC-100404,sato industrial k.k.,US Dollar,erp_south,09/06/2026,  $35129.36 ,2810.35,CC-100
MC-102218,SATO INDUSTRIAL,USD,erp_north,2026-09-11,$30871.35,2469.71,CC-400
MC-100250,BRITEWIRE,eur,email_sheet,20-Aug-26,"EUR 4,951.46",396.12,
MC-100483, Nordic Steel Co. ,EUR,erp_north,2026-09-20,EUR 22451.22,1796.1,CC-100
MC-101182,Britewire Ltd,eur,email_sheet,27-Sep-26,"EUR 4,072.37",325.79,
MC-101339,Kwan Precision Ltd,USD,erp_north,2026-09-03,$7268.16,581.45,CC-300
MC-101280,BRITEWIRE,EUR,erp_north,2026-07-31,  EUR 574.35 ,45.95,CC-100
MC-101031,Rhein Polymer GmbH,Euro,erp_south,09/11/2026,EUR 19790.25,1583.22,CC-100
MC-101632,Rhein Polymer Gmbh,Euro,erp_south,07/15/2026,EUR 30661.46,2452.92,CC-300
MC-100791,KWAN PRECISION,USD,erp_north,2026-08-17,  $24284.64 ,1942.77,CC-100
MC-100799,Britewire Ltd.,EUR,erp_north,2026-07-22,  EUR 138.72 ,11.1,CC-400
MC-100384,Meridian Tooling (internal),US Dollar,erp_south,08/07/2026,$8030.79,642.46,CC-400
MC-100750,"Perez Castings, S.A.",US Dollar,erp_south,08/25/2026,$73618.11,5889.45,CC-300
MC-101201,MERIDIAN TOOLING INTERNAL,US Dollar,erp_south,08/06/2026,$1692.24,135.38,CC-100
MC-100422,Alpha Fasteners,US Dollar,erp_south,07/03/2026,$6177.39,494.19,CC-300
MC-100314,Nordic Steel Co.,eur,email_sheet,21-Sep-26,"EUR 92,688.74",7415.1,CC-300
MC-101021,sato industrial k.k.,USD,erp_north,2026-08-24,$60384.37,4830.75,CC-200
MC-101381,RHEIN POLYMER,Euro,erp_south,09/11/2026,EUR 37667.37,3013.39,CC-200
MC-101322,Britewire Ltd.,Euro,erp_south,08/17/2026,EUR 1811.00,144.88,CC-400
MC-101479,Kwan Precision Ltd.,US Dollar,erp_south,08/14/2026,$15763.80,1261.1,CC-300
MC-100543,BRITEWIRE,EUR,erp_north,2026-08-21,EUR 5621.49,449.72,CC-200
MC-100913,Alpha Fasteners,USD,erp_north,2026-09-10,$3400.30,272.02,CC-300
MC-100662,alpha fasteners inc,USD,erp_north,2026-09-23,$79.97,6.4,CC-300
MC-102101,britewire ltd.,EUR,erp_north,2026-08-11,EUR 1209.12,96.73,CC-100
MC-101905,MERIDIAN TOOLING INTERNAL,US Dollar,erp_south,07/27/2026,$24442.07,1955.37,
MC-100902,Nordic Steel Co.,EUR,erp_north,2026-07-01,EUR 33435.99,2674.88,CC-200
MC-102090,Kwan  Precision Ltd.,US Dollar,erp_south,09/27/2026,  $16519.84 ,1321.59,CC-100
MC-100685,Rhein Polymer Gmbh,Euro,erp_south,08/27/2026,EUR 9325.29,746.02,CC-400
MC-101551,Nordic Steel Co,EUR,erp_north,2026-07-16,EUR 12302.57,984.21,CC-300
MC-100433,PEREZ CASTINGS,USD,erp_north,2026-08-11,$65783.37,5262.67,CC-200
MC-100159,Kwan  Precision Ltd.,USD,erp_north,2026-07-24,$39720.44,3177.64,CC-200
MC-100999,Kwan Precision Ltd,US Dollar,erp_south,09/16/2026,$726.06,58.08,CC-300
MC-102045,BRITEWIRE,Euro,erp_south,07/29/2026,EUR 4254.32,340.35,CC-200
MC-101384,"Perez Castings, S.A.",USD,erp_north,2026-08-28,$24802.83,1984.23,CC-100
MC-102353,britewire ltd.,eur,email_sheet,13-Aug-26,"EUR 3,360.78",268.86,
MC-100202,Rhein  Polymer GmbH,EUR,erp_north,2026-09-29,  EUR 47142.01 ,3771.36,CC-100
MC-101023,Meridian Tooling (internal),usd,email_sheet,19-Aug-26,$457.08,36.57,
MC-100842,sato industrial k.k.,USD,erp_north,2026-08-15,$86175.33,6894.03,CC-100
MC-101981,Rhein  Polymer GmbH,EUR,erp_north,2026-08-09,EUR 37399.07,2991.93,CC-100
MC-101824,Sato Industrial KK,USD,erp_north,2026-09-07,  $24260.52 ,1940.84,CC-300
MC-100112,Rhein  Polymer GmbH,EUR,erp_north,2026-07-01,EUR 32184.74,2574.78,CC-100
MC-102375,Kwan Precision Ltd,usd,email_sheet,06-Jul-26,"$19,414.02",1553.12,CC-400
MC-102113,Perez Castings S.A.,US Dollar,erp_south,07/14/2026,  $95353.29 ,7628.26,CC-200
MC-101331,NORDIC STEEL,EUR,erp_north,2026-08-05,EUR 225510.66,18040.85,CC-100
MC-101904,SATO INDUSTRIAL,USD,erp_north,2026-08-31,$61973.02,4957.84,CC-300
MC-101446,alpha fasteners inc,US Dollar,erp_south,08/19/2026,$7530.48,602.44,CC-100
MC-100980,PEREZ CASTINGS,usd,email_sheet,30-Aug-26,"$139,086.82",11126.95,
MC-100922,sato industrial k.k.,USD,erp_north,2026-09-16,$41845.14,3347.61,CC-100
MC-101624,Alpha Fasteners Inc.,USD,erp_north,2026-07-02,$3827.92,306.23,CC-200
MC-102156,alpha fasteners inc,USD,erp_north,2026-08-22,$4788.85,383.11,CC-300
MC-102226,Meridian Tooling,US Dollar,erp_south,09/11/2026,$6791.35,543.31,CC-400
MC-100865,Rhein  Polymer GmbH,EUR,erp_north,2026-09-03,EUR 12349.00,987.92,CC-400
MC-101915,MERIDIAN TOOLING INTERNAL,USD,erp_north,2026-07-18,$7318.47,585.48,CC-300
MC-101319,PEREZ CASTINGS,USD,erp_north,2026-07-18,$49622.53,3969.8,CC-300
MC-101483,Kwan  Precision Ltd.,USD,erp_north,2026-07-06,$4839.40,387.15,CC-100
MC-102357,Rhein Polymer GmbH,EUR,erp_north,2026-09-20,  EUR 27543.17 ,2203.45,CC-200
MC-101663,Kwan Precision Ltd.,US Dollar,erp_south,07/08/2026,$12087.02,966.96,CC-200
MC-102220,SATO INDUSTRIAL,USD,erp_north,2026-08-04,$26370.30,2109.62,CC-300
MC-100815,SATO INDUSTRIAL,USD,erp_north,2026-08-28,$116590.16,9327.21,CC-100
MC-100352,Meridian Tooling,USD,erp_north,2026-09-14,  $11618.29 ,929.46,CC-300
MC-102122,sato industrial k.k.,USD,erp_north,2026-08-11,$58308.69,4664.7,CC-400
MC-101473,Britewire Ltd.,Euro,erp_south,07/03/2026,  EUR 1349.18 ,107.93,CC-200
MC-101773,Alpha Fasteners,usd,email_sheet,14-Jul-26,"  $7,737.60 ",619.01,
MC-100679,Perez Castings SA,US Dollar,erp_south,07/19/2026,$1438.82,115.11,CC-200
MC-102137,Sato Industrial K.K.,US Dollar,erp_south,07/29/2026,$47082.54,3766.6,CC-300
MC-101093,"Alpha Fasteners, Inc.",USD,erp_north,2026-09-25,$2637.90,211.03,CC-200
MC-100080,MERIDIAN TOOLING INTERNAL,US Dollar,erp_south,09/10/2026,$15192.92,1215.43,CC-100
MC-100612,nordic steel co.,Euro,erp_south,08/05/2026,EUR 5561.76,444.94,CC-100
MC-100301,Meridian Tooling,USD,erp_north,2026-07-25,$2842.70,227.42,CC-400
MC-100836,Rhein  Polymer GmbH,Euro,erp_south,09/04/2026,EUR 70256.20,5620.5,CC-200
MC-100752,KWAN PRECISION,US Dollar,erp_south,09/25/2026,$23157.79,1852.62,CC-100
MC-101239,Alpha Fasteners,USD,erp_north,2026-09-02,$5559.54,444.76,CC-400
MC-102027,Kwan Precision Ltd.,usd,email_sheet,19-Jul-26,"$20,222.91",1617.83,
MC-101054,Rhein  Polymer GmbH,EUR,erp_north,2026-09-19,EUR 22084.08,1766.73,CC-200
MC-100242,Sato Industrial K.K.,usd,email_sheet,24-Sep-26,"  $3,723.00 ",297.84,
MC-102271,RHEIN POLYMER,Euro,erp_south,07/17/2026,EUR 15264.22,1221.14,CC-200
MC-100641,Rhein Polymer GmbH,Euro,erp_south,08/19/2026,EUR 44262.89,3541.03,CC-300
MC-100696,sato industrial k.k.,usd,email_sheet,16-Jul-26,"$62,476.80",4998.14,
MC-100209, Nordic Steel Co. ,Euro,erp_south,07/20/2026,  EUR 96603.68 ,7728.29,CC-400
MC-100502,NORDIC STEEL,EUR,erp_north,2026-08-15,EUR 23471.91,1877.75,CC-100
MC-100770,Rhein Polymer GmbH,eur,email_sheet,21-Aug-26,"EUR 35,343.72",2827.5,
MC-101776, Nordic Steel Co. ,Euro,erp_south,07/07/2026,EUR 83963.67,6717.09,CC-300
MC-100753,Alpha Fasteners Inc.,USD,erp_north,2026-08-17,$715.58,57.25,CC-400
MC-100435,KWAN PRECISION,usd,email_sheet,24-Sep-26,"$13,245.63",1059.65,
MC-101563,Meridian Tooling (internal),US Dollar,erp_south,08/03/2026,$14289.11,1143.13,CC-300
MC-101063,NORDIC STEEL,EUR,erp_north,2026-09-25,EUR 84606.78,6768.54,CC-200
MC-102306,"Perez Castings, S.A.",US Dollar,erp_south,09/20/2026,$15230.40,1218.43,CC-200
MC-101445,Britewire Ltd,Euro,erp_south,09/07/2026,EUR 4538.55,363.08,CC-100
MC-100974,Rhein Polymer GmbH,EUR,erp_north,2026-09-23,EUR 16890.24,1351.22,CC-400
MC-101712,KWAN PRECISION,usd,email_sheet,12-Sep-26,"$12,352.84",988.23,
MC-100551,Kwan  Precision Ltd.,US Dollar,erp_south,08/06/2026,$5767.80,461.42,CC-400
MC-101568,Meridian Tooling (internal),USD,erp_north,2026-09-23,$14109.56,1128.76,CC-400
MC-100600,nordic steel co.,Euro,erp_south,09/05/2026,EUR 73739.28,5899.14,CC-100
MC-100601,Kwan Precision Ltd,USD,erp_north,2026-07-12,  $30200.49 ,2416.04,CC-200
MC-101515,"Alpha Fasteners, Inc.",US Dollar,erp_south,08/31/2026,$541.87,43.35,CC-400
MC-101013,sato industrial k.k.,US Dollar,erp_south,09/25/2026,$19295.00,1543.6,CC-100
MC-101007,SATO INDUSTRIAL,US Dollar,erp_south,07/31/2026,$98630.55,7890.44,CC-300
MC-102053,Alpha Fasteners Inc.,USD,erp_north,2026-08-13,$281.31,22.5,CC-400
MC-101427,RHEIN POLYMER,eur,email_sheet,17-Jul-26,"EUR 52,547.72",4203.82,
MC-101274,MERIDIAN TOOLING INTERNAL,US Dollar,erp_south,09/21/2026,$10206.28,816.5,CC-100
MC-101386,sato industrial k.k.,USD,erp_north,2026-07-31,$42931.25,3434.5,CC-100
MC-101295,Meridian Tooling (internal),USD,erp_north,2026-07-31,$7141.43,571.31,CC-100
MC-100466,"Alpha Fasteners, Inc.",usd,email_sheet,31-Jul-26,"$2,668.25",213.46,
MC-101499,"Alpha Fasteners, Inc.",USD,erp_north,2026-09-12,$924.40,73.95,CC-400
MC-102147,"Alpha Fasteners, Inc.",USD,erp_north,2026-08-13,$7963.75,637.1,CC-400
MC-102008,britewire ltd.,eur,email_sheet,26-Jul-26,"EUR 3,593.82",287.51,
MC-100277,Rhein Polymer Gmbh,eur,email_sheet,24-Aug-26,"EUR 21,258.96",1700.72,
MC-101069,SATO INDUSTRIAL,US Dollar,erp_south,08/06/2026,$51737.94,4139.04,CC-400
MC-101548,Rhein  Polymer GmbH,Euro,erp_south,09/18/2026,EUR 13846.92,1107.75,CC-100
MC-101017,Meridian Tooling,US Dollar,erp_south,08/27/2026,$24859.10,1988.73,CC-200
MC-102033,Perez Castings SA,US Dollar,erp_south,07/05/2026,$91359.24,7308.74,CC-100
MC-101465,Nordic Steel Co,EUR,erp_north,2026-07-12,  EUR 28685.30 ,2294.82,CC-200
MC-100722,Kwan Precision Ltd,USD,erp_north,2026-09-17,  $9248.12 ,739.85,CC-200
MC-100940,Rhein Polymer Gmbh,EUR,erp_north,2026-08-05,  EUR 26663.71 ,2133.1,CC-200
MC-100786,alpha fasteners inc,USD,erp_north,2026-09-04,$1703.06,136.24,CC-200
MC-100659,Meridian Tooling,US Dollar,erp_south,08/11/2026,$15971.38,1277.71,CC-400
MC-101466,KWAN PRECISION,US Dollar,erp_south,07/25/2026,  $7111.60 ,568.93,CC-400
MC-101323,Kwan Precision Ltd.,US Dollar,erp_south,09/08/2026,$22777.41,1822.19,CC-300
MC-102011,Alpha Fasteners Inc.,US Dollar,erp_south,08/14/2026,  $2714.67 ,217.17,CC-400
MC-101399,Rhein Polymer Gmbh,EUR,erp_north,2026-07-15,  EUR 27399.62 ,2191.97,CC-200
MC-102068,Kwan  Precision Ltd.,usd,email_sheet,07-Sep-26,"$25,291.36",2023.31,
MC-101449,PEREZ CASTINGS,US Dollar,erp_south,07/20/2026,$33342.44,2667.4,CC-100
MC-102004,nordic steel co.,EUR,erp_north,2026-09-10,EUR 56346.88,4507.75,CC-100
MC-100906,Perez Castings S.A.,US Dollar,erp_south,09/02/2026,$39492.26,3159.38,CC-200
MC-101846,Kwan  Precision Ltd.,USD,erp_north,2026-09-24,$25786.85,,CC-200
MC-102234,"Alpha Fasteners, Inc.",usd,email_sheet,15-Sep-26,"$4,739.90",379.19,
MC-101496,RHEIN POLYMER,EUR,erp_north,2026-09-17,EUR 40223.57,3217.89,CC-200
MC-102329,BRITEWIRE,Euro,erp_south,07/14/2026,EUR 3715.92,297.27,CC-400
MC-100563,Meridian Tooling (internal),usd,email_sheet,20-Jul-26,"$17,493.06",1399.44,
MC-101249,RHEIN POLYMER,EUR,erp_north,2026-07-13,EUR 34357.20,2748.58,CC-100
MC-101774,SATO INDUSTRIAL,usd,email_sheet,23-Aug-26,"$26,049.34",2083.95,
MC-100388,MERIDIAN TOOLING INTERNAL,USD,erp_north,2026-07-03,$12386.36,990.91,CC-200
MC-100022,Kwan Precision Ltd,US Dollar,erp_south,09/19/2026,$14104.42,1128.35,CC-200
MC-101883,Meridian Tooling (internal),USD,erp_north,2026-09-15,$354.60,28.37,CC-200
MC-101876,PEREZ CASTINGS,US Dollar,erp_south,07/03/2026,$19564.32,1565.15,CC-200
MC-100124,Britewire Ltd.,eur,email_sheet,13-Jul-26,"EUR 1,323.84",105.91,CC-400
MC-101447,alpha fasteners inc,USD,erp_north,2026-09-30,  $441.25 ,35.3,CC-300
MC-101181,Rhein Polymer Gmbh,EUR,erp_north,2026-09-01,EUR 22520.42,1801.63,CC-100
MC-100773,Meridian Tooling (internal),USD,erp_north,2026-07-24,  $7284.60 ,582.77,
MC-100880,Perez Castings SA,usd,email_sheet,01-Aug-26,"$34,177.29",2734.18,
MC-102283,Sato Industrial KK,usd,email_sheet,30-Jul-26,"$21,402.36",1712.19,
MC-102212,Britewire Ltd,Euro,erp_south,09/15/2026,  EUR 1850.16 ,148.01,CC-400
MC-101745,Britewire Ltd.,eur,email_sheet,26-Sep-26,"EUR 1,706.52",136.52,
MC-101144,PEREZ CASTINGS,USD,erp_north,2026-07-17,  $24492.87 ,1959.43,CC-200
MC-101526,Meridian Tooling,US Dollar,erp_south,08/19/2026,$24994.50,1999.56,CC-200
MC-101166,MERIDIAN TOOLING INTERNAL,US Dollar,erp_south,08/30/2026,$24546.22,1963.7,CC-200
MC-100050,RHEIN POLYMER,Euro,erp_south,07/16/2026,EUR 5148.16,411.85,CC-400
MC-101887,Perez Castings SA,US Dollar,erp_south,08/22/2026,$18526.43,1482.11,CC-100
MC-101702,Britewire Ltd.,EUR,erp_north,2026-07-21,EUR 1630.14,130.41,CC-200
MC-102088,Perez Castings S.A.,US Dollar,erp_south,09/11/2026,$70750.18,,CC-200
MC-101647,PEREZ CASTINGS,USD,erp_north,2026-09-17,$6292.02,503.36,CC-200
MC-100133,Sato Industrial K.K.,US Dollar,erp_south,07/12/2026,  $78686.08 ,6294.89,CC-200
MC-101105,Rhein Polymer GmbH,Euro,erp_south,07/27/2026,EUR 46020.12,3681.61,CC-100
MC-100703,"Perez Castings, S.A.",USD,erp_north,2026-08-09,$82226.12,6578.09,CC-200
MC-100482,MERIDIAN TOOLING INTERNAL,US Dollar,erp_south,07/06/2026,  $13168.68 ,1053.49,CC-400
MC-101345,Nordic Steel Co,Euro,erp_south,09/03/2026,EUR 83694.01,6695.52,CC-200
MC-101145,Perez Castings S.A.,US Dollar,erp_south,07/25/2026,$88054.13,7044.33,CC-100
MC-101529,Nordic Steel Co.,Euro,erp_south,09/22/2026,EUR 86811.58,6944.93,CC-400
MC-100203,Rhein  Polymer GmbH,eur,email_sheet,10-Aug-26,"EUR 26,262.18",2100.97,
MC-101241,Nordic Steel Co.,EUR,erp_north,2026-08-14,EUR 26829.09,2146.33,CC-400
MC-100066,Britewire Ltd.,EUR,erp_north,2026-07-13,EUR 1465.50,117.24,CC-400
MC-100846,Kwan  Precision Ltd.,US Dollar,erp_south,09/23/2026,$6733.44,538.68,CC-400
MC-100733,nordic steel co.,EUR,erp_north,2026-08-23,EUR 32490.80,2599.26,CC-400
MC-102360,PEREZ CASTINGS,USD,erp_north,2026-07-26,$61724.06,4937.92,
MC-100801,britewire ltd.,EUR,erp_north,2026-08-28,EUR 5579.15,446.33,CC-200
MC-102199,PEREZ CASTINGS,US Dollar,erp_south,07/01/2026,$111495.77,8919.66,CC-100
MC-102143,Britewire Ltd,EUR,erp_north,2026-09-28,EUR 4455.27,356.42,CC-300
MC-100907,Rhein  Polymer GmbH,eur,email_sheet,03-Aug-26,"EUR 35,371.20",2829.7,
MC-100031,Rhein  Polymer GmbH,eur,email_sheet,03-Sep-26,"EUR 13,028.22",1042.26,
MC-101819,RHEIN POLYMER,eur,email_sheet,04-Jul-26,"EUR 6,024.37",481.95,CC-100
MC-100417,MERIDIAN TOOLING INTERNAL,US Dollar,erp_south,09/17/2026,  $5983.90 ,478.71,CC-100
MC-100881,Sato Industrial KK,US Dollar,erp_south,08/21/2026,  $50205.85 ,4016.47,CC-200
MC-100632,Meridian Tooling,USD,erp_north,2026-07-22,$10373.76,829.9,CC-400
MC-102365, Nordic Steel Co. ,Euro,erp_south,09/20/2026,EUR 60197.68,4815.81,CC-100
MC-100010,Kwan  Precision Ltd.,USD,erp_north,2026-08-30,$27102.27,2168.18,CC-400
MC-100064,Rhein Polymer Gmbh,EUR,erp_north,2026-09-22,EUR 57005.73,4560.46,
MC-101163,britewire ltd.,EUR,erp_north,2026-07-09,EUR 415.00,33.2,CC-200
MC-101429,Nordic Steel Co,Euro,erp_south,07/18/2026,  EUR 99532.22 ,7962.58,CC-200
MC-100776,Britewire Ltd,EUR,erp_north,2026-07-24,EUR 2479.25,198.34,CC-300
MC-100077,Perez Castings S.A.,USD,erp_north,2026-09-05,$24148.81,1931.9,CC-300
MC-100491,Sato Industrial KK,US Dollar,erp_south,07/09/2026,$20069.28,1605.54,CC-100
MC-100686,Perez Castings SA,USD,erp_north,2026-07-28,$30261.93,2420.95,CC-400
MC-100258,Alpha Fasteners Inc.,USD,erp_north,2026-08-02,$766.36,,CC-300
MC-100532,PEREZ CASTINGS,USD,erp_north,2026-07-10,$92857.30,7428.58,CC-100
MC-100065,"Alpha Fasteners, Inc.",US Dollar,erp_south,07/27/2026,$5223.06,417.84,CC-300
MC-102304,SATO INDUSTRIAL,USD,erp_north,2026-08-09,$38837.28,3106.98,CC-100
MC-101435,Britewire Ltd.,eur,email_sheet,10-Jul-26,"  EUR 3,166.05 ",253.28,
MC-101284,Kwan Precision Ltd.,usd,email_sheet,27-Jul-26,"$28,163.09",2253.05,
MC-100296, Nordic Steel Co. ,eur,email_sheet,25-Sep-26,"EUR 85,833.25",6866.66,
MC-100591,britewire ltd.,Euro,erp_south,07/27/2026,EUR 4054.66,324.37,CC-400
MC-101443,PEREZ CASTINGS,US Dollar,erp_south,08/27/2026,$87227.83,6978.23,CC-200
MC-100767,Meridian Tooling (internal),USD,erp_north,2026-09-12,$11628.68,930.29,CC-400
MC-101916,Sato Industrial KK,US Dollar,erp_south,08/01/2026,$104548.89,8363.91,CC-300
MC-100032,SATO INDUSTRIAL,US Dollar,erp_south,08/23/2026,$40542.40,3243.39,CC-300
MC-101285,Britewire Ltd.,eur,email_sheet,09-Sep-26,"EUR 2,674.41",,
MC-102099,Rhein Polymer Gmbh,Euro,erp_south,09/09/2026,EUR 67756.73,5420.54,CC-100
MC-100724,Kwan Precision Ltd.,US Dollar,erp_south,07/09/2026,  $1563.18 ,125.05,CC-300
MC-101193,Alpha Fasteners,USD,erp_north,2026-08-04,$7630.14,610.41,CC-100
MC-101305,Britewire Ltd,eur,email_sheet,17-Jul-26,"EUR 5,222.65",417.81,CC-400
MC-100626,PEREZ CASTINGS,USD,erp_north,2026-07-25,$30704.09,,CC-200
MC-101376,"Alpha Fasteners, Inc.",US Dollar,erp_south,09/28/2026,$5706.87,456.55,CC-200
MC-100291,NORDIC STEEL,EUR,erp_north,2026-09-23,EUR 151880.99,12150.48,CC-200
MC-100745,alpha fasteners inc,US Dollar,erp_south,07/05/2026,$5000.04,400.0,CC-300
MC-101212,Rhein Polymer GmbH,Euro,erp_south,09/08/2026,EUR 30967.18,2477.37,CC-300
MC-102243,britewire ltd.,eur,email_sheet,29-Aug-26,"  EUR 3,028.60 ",242.29,
MC-100251,Rhein Polymer GmbH,EUR,erp_north,2026-07-22,EUR 11662.00,932.96,CC-400
MC-102237,Meridian Tooling (internal),USD,erp_north,2026-09-22,$24494.21,1959.54,
MC-101637,alpha fasteners inc,usd,email_sheet,26-Aug-26,"$5,075.51",406.04,CC-300
MC-100476,Britewire Ltd,EUR,erp_north,2026-08-01,EUR 5850.46,468.04,CC-200
MC-102038,Britewire Ltd,EUR,erp_north,2026-07-02,EUR 3495.45,279.64,CC-100
MC-101538,"Perez Castings, S.A.",USD,erp_north,2026-08-03,$48636.22,3890.9,CC-200
MC-101816,nordic steel co.,EUR,erp_north,2026-08-16,EUR 156201.24,12496.1,CC-200
MC-102020,Rhein Polymer Gmbh,EUR,erp_north,2026-07-27,EUR 20914.20,1673.14,CC-400
MC-101616,KWAN PRECISION,USD,erp_north,2026-08-05,$32453.02,2596.24,CC-200
MC-100982, Nordic Steel Co. ,Euro,erp_south,08/20/2026,EUR 25197.91,2015.83,CC-100
MC-100979,PEREZ CASTINGS,usd,email_sheet,10-Aug-26,"$7,862.46",629.0,
MC-100706,NORDIC STEEL,EUR,erp_north,2026-07-07,EUR 31439.10,2515.13,CC-200
MC-100487,Perez Castings SA,USD,erp_north,2026-07-07,$35577.24,2846.18,CC-200
MC-101687,Meridian Tooling,USD,erp_north,2026-09-28,$5693.01,455.44,CC-100
MC-101831,Meridian Tooling (internal),US Dollar,erp_south,09/10/2026,$8026.68,642.13,CC-300
MC-102185,Sato Industrial K.K.,USD,erp_north,2026-09-14,$6886.98,550.96,CC-100
MC-100273,KWAN PRECISION,usd,email_sheet,18-Sep-26,"  $17,305.04 ",,
MC-101709,Perez Castings S.A.,usd,email_sheet,10-Jul-26,"  $1,664.12 ",133.13,
MC-102253,"Perez Castings, S.A.",USD,erp_north,2026-08-05,$119685.85,9574.87,CC-200
MC-102286,"Perez Castings, S.A.",usd,email_sheet,27-Aug-26,"$53,873.19",,
MC-100963,Sato Industrial KK,US Dollar,erp_south,07/04/2026,$36667.60,2933.41,CC-400
MC-100877,Rhein Polymer Gmbh,Euro,erp_south,09/01/2026,EUR 3831.80,306.54,CC-100
MC-102095,Rhein Polymer GmbH,Euro,erp_south,08/18/2026,EUR 16866.15,1349.29,CC-400
MC-102389,NORDIC STEEL,EUR,erp_north,2026-09-08,EUR 107653.70,8612.3,CC-300
MC-101508,MERIDIAN TOOLING INTERNAL,usd,email_sheet,28-Jul-26,"$11,608.08",928.65,CC-300
MC-100411,MERIDIAN TOOLING INTERNAL,US Dollar,erp_south,09/30/2026,$14556.18,1164.49,CC-200
MC-102217,KWAN PRECISION,USD,erp_north,2026-07-16,$33851.74,2708.14,CC-300
MC-102134,NORDIC STEEL,EUR,erp_north,2026-08-16,EUR 39021.44,3121.72,CC-300
MC-101452,Meridian Tooling,US Dollar,erp_south,07/16/2026,  $5203.23 ,416.26,CC-100
MC-100667,KWAN PRECISION,US Dollar,erp_south,08/11/2026,$16636.84,1330.95,CC-400
MC-101262,SATO INDUSTRIAL,US Dollar,erp_south,09/02/2026,  $90405.50 ,7232.44,CC-200
MC-100149,KWAN PRECISION,US Dollar,erp_south,08/26/2026,$23135.80,1850.86,CC-100
MC-100644,Rhein Polymer Gmbh,eur,email_sheet,03-Jul-26,"EUR 32,296.20",2583.7,CC-400
MC-102241,Perez Castings SA,US Dollar,erp_south,09/06/2026,  $88904.84 ,7112.39,CC-200
MC-101757,britewire ltd.,EUR,erp_north,2026-09-26,EUR 3727.79,298.22,CC-400
MC-100218,RHEIN POLYMER,eur,email_sheet,09-Sep-26,"EUR 14,095.66",1127.65,
MC-100239,MERIDIAN TOOLING INTERNAL,USD,erp_north,2026-08-05,  $15471.63 ,1237.73,CC-200
MC-101131,MERIDIAN TOOLING INTERNAL,USD,erp_north,2026-09-18,$10045.51,803.64,CC-100
MC-102255,NORDIC STEEL,EUR,erp_north,2026-08-07,EUR 38105.48,3048.44,CC-100
MC-101749,Meridian Tooling,US Dollar,erp_south,09/23/2026,$19763.31,1581.06,CC-300
MC-101216,Meridian Tooling,usd,email_sheet,06-Aug-26,"$10,183.40",814.67,
MC-100792, Nordic Steel Co. ,Euro,erp_south,08/26/2026,  EUR 102461.10 ,8196.89,CC-300
MC-100191,"Alpha Fasteners, Inc.",USD,erp_north,2026-08-09,$350.44,28.04,CC-300
MC-100333,nordic steel co.,eur,email_sheet,28-Sep-26,"  EUR 98,746.13 ",7899.69,CC-400
MC-102326,KWAN PRECISION,usd,email_sheet,25-Jul-26,"$23,462.09",1876.97,
MC-102036,Perez Castings SA,US Dollar,erp_south,07/24/2026,$57459.06,4596.72,CC-400
MC-100962,Alpha Fasteners Inc.,usd,email_sheet,18-Aug-26,"$3,531.60",282.53,CC-200
MC-101668,BRITEWIRE,EUR,erp_north,2026-08-09,  EUR 3103.98 ,248.32,CC-300
MC-102123,Meridian Tooling,US Dollar,erp_south,07/29/2026,$13120.95,,CC-400
MC-102031,Perez Castings S.A.,US Dollar,erp_south,07/27/2026,$8101.83,,CC-100
MC-101579,Meridian Tooling (internal),USD,erp_north,2026-08-22,$11364.93,909.19,CC-400
MC-101040,Rhein Polymer GmbH,EUR,erp_north,2026-09-22,EUR 52069.37,4165.55,CC-400
MC-101357,Kwan  Precision Ltd.,US Dollar,erp_south,08/31/2026,$13160.38,1052.83,
MC-100775,Rhein Polymer Gmbh,EUR,erp_north,2026-08-17,  EUR 53122.44 ,4249.8,CC-200
MC-100582,Perez Castings S.A.,US Dollar,erp_south,08/02/2026,$87677.60,7014.21,CC-200
MC-100925,Sato Industrial K.K.,US Dollar,erp_south,07/16/2026,$35878.23,2870.26,CC-300
MC-102187,Kwan Precision Ltd.,usd,email_sheet,23-Aug-26,"$17,165.75",1373.26,
MC-100839,Rhein Polymer Gmbh,Euro,erp_south,08/20/2026,EUR 29258.95,2340.72,CC-200
MC-100627,Britewire Ltd,EUR,erp_north,2026-07-21,  EUR 5644.70 ,451.58,CC-400
MC-102323,Alpha Fasteners,USD,erp_north,2026-09-30,$5870.59,469.65,CC-100
MC-100323,britewire ltd.,Euro,erp_south,09/24/2026,EUR 2269.08,181.53,CC-300
MC-102387,Sato Industrial K.K.,USD,erp_north,2026-08-07,  $35726.47 ,2858.12,CC-100
MC-100295,Kwan Precision Ltd.,USD,erp_north,2026-08-25,$3365.70,269.26,CC-400
MC-101049,Meridian Tooling (internal),USD,erp_north,2026-08-16,$1271.88,101.75,CC-300
MC-101867,Rhein  Polymer GmbH,eur,email_sheet,08-Jul-26,"EUR 56,999.78",4559.98,
MC-101160,SATO INDUSTRIAL,USD,erp_north,2026-08-30,$40642.11,3251.37,CC-300
MC-100778,Rhein Polymer Gmbh,eur,email_sheet,04-Sep-26,"EUR 62,181.75",4974.54,
MC-101076,Meridian Tooling (internal),USD,erp_north,2026-09-16,  $5297.63 ,423.81,CC-400
MC-100939,sato industrial k.k.,US Dollar,erp_south,07/22/2026,$36954.84,2956.39,CC-200
MC-101879,Meridian Tooling,USD,erp_north,2026-07-03,$5589.22,447.14,CC-200
MC-100437,Alpha Fasteners Inc.,US Dollar,erp_south,08/19/2026,$1962.36,,CC-200
MC-100119,sato industrial k.k.,usd,email_sheet,06-Aug-26,"$6,994.10",559.53,
MC-102205,BRITEWIRE,EUR,erp_north,2026-07-26,EUR 1631.83,130.55,CC-100
MC-102061,nordic steel co.,Euro,erp_south,09/04/2026,EUR 45695.12,3655.61,CC-200
MC-100329,"Perez Castings, S.A.",usd,email_sheet,31-Aug-26,"  $58,520.71 ",4681.66,
MC-101814,sato industrial k.k.,usd,email_sheet,09-Jul-26,"$35,636.76",2850.94,
MC-101365,MERIDIAN TOOLING INTERNAL,USD,erp_north,2026-09-01,$2325.60,186.05,CC-400
MC-101839,Sato Industrial KK,USD,erp_north,2026-09-07,$10079.04,806.32,CC-100
MC-101026,Meridian Tooling (internal),US Dollar,erp_south,08/06/2026,$16011.91,1280.95,CC-400
MC-101253,Perez Castings SA,USD,erp_north,2026-07-31,$59076.70,4726.14,CC-200
MC-101024,SATO INDUSTRIAL,US Dollar,erp_south,08/30/2026,$24960.90,1996.87,CC-400
MC-101380,Meridian Tooling,USD,erp_north,2026-09-01,$4443.98,355.52,CC-200
MC-100076,Sato Industrial KK,USD,erp_north,2026-07-28,$12640.46,1011.24,CC-200
MC-101053,Kwan Precision Ltd,US Dollar,erp_south,09/20/2026,$8235.08,658.81,CC-200
MC-100900,sato industrial k.k.,US Dollar,erp_south,08/21/2026,$77154.52,6172.36,CC-100
MC-102381,Rhein Polymer Gmbh,EUR,erp_north,2026-08-18,EUR 18493.85,1479.51,CC-300
MC-100371,sato industrial k.k.,USD,erp_north,2026-08-22,$33276.31,2662.1,CC-200
MC-101204,Britewire Ltd,Euro,erp_south,07/06/2026,EUR 5478.70,438.3,CC-400
MC-100032,SATO INDUSTRIAL,US Dollar,erp_south,08/23/2026,$40542.40,3243.39,CC-300
MC-100949,"Perez Castings, S.A.",USD,erp_north,2026-08-23,  $55309.41 ,4424.75,CC-400
MC-100941,Alpha Fasteners Inc.,USD,erp_north,2026-08-22,$5682.05,454.56,CC-100
MC-100577,Sato Industrial KK,USD,erp_north,2026-09-18,$54932.22,4394.58,CC-300
MC-102002,BRITEWIRE,eur,email_sheet,10-Jul-26,"  EUR 3,525.77 ",282.06,CC-200
MC-100819,Alpha Fasteners Inc.,USD,erp_north,2026-07-24,$9813.92,,CC-100
MC-100552,Britewire Ltd,EUR,erp_north,2026-08-30,EUR 2455.56,196.44,CC-400
MC-100406,Sato Industrial KK,US Dollar,erp_south,08/19/2026,$53555.01,4284.4,CC-300
MC-101613,britewire ltd.,Euro,erp_south,07/25/2026,  EUR 2096.52 ,167.72,CC-300
MC-100968,MERIDIAN TOOLING INTERNAL,USD,erp_north,2026-07-09,$907.60,72.61,CC-400
MC-101746,Sato Industrial K.K.,usd,email_sheet,12-Jul-26,"  $29,633.62 ",,
MC-100689,KWAN PRECISION,USD,erp_north,2026-07-22,$2492.05,199.36,CC-300
MC-101738,Rhein Polymer Gmbh,EUR,erp_north,2026-08-29,EUR 30031.74,2402.54,CC-300
MC-100236,Britewire Ltd.,Euro,erp_south,09/06/2026,EUR 3898.36,311.87,CC-200
MC-102394,Rhein  Polymer GmbH,eur,email_sheet,18-Aug-26,"EUR 65,878.69",5270.3,
MC-101986,Sato Industrial KK,usd,email_sheet,27-Sep-26,"  $41,135.46 ",3290.84,
MC-101983,sato industrial k.k.,USD,erp_north,2026-09-15,$25781.40,2062.51,CC-400
MC-100499,RHEIN POLYMER,EUR,erp_north,2026-07-29,  EUR 31217.48 ,2497.4,CC-300
MC-100822,Kwan Precision Ltd.,US Dollar,erp_south,09/19/2026,$15822.59,1265.81,CC-200
MC-100794,Rhein Polymer Gmbh,eur,email_sheet,04-Jul-26,"  EUR 52,820.00 ",,
MC-100990,alpha fasteners inc,US Dollar,erp_south,08/31/2026,$5982.68,478.61,CC-200
MC-100567,Meridian Tooling (internal),US Dollar,erp_south,08/13/2026,$11970.06,957.6,CC-400
MC-100390,Meridian Tooling (internal),USD,erp_north,2026-09-16,$10026.59,802.13,CC-200
MC-100743,RHEIN POLYMER,EUR,erp_north,2026-09-17,EUR 35853.56,2868.28,CC-200
MC-101217,Alpha Fasteners Inc.,US Dollar,erp_south,09/21/2026,$2312.00,184.96,CC-100
MC-100235,Rhein Polymer GmbH,eur,email_sheet,10-Jul-26,"EUR 17,657.12",1412.57,
MC-102312,MERIDIAN TOOLING INTERNAL,USD,erp_north,2026-08-26,$29221.68,2337.73,CC-400
MC-100480,Rhein  Polymer GmbH,EUR,erp_north,2026-07-28,EUR 20819.70,1665.58,CC-100
MC-102042,britewire ltd.,Euro,erp_south,07/24/2026,EUR 2706.89,216.55,CC-400
MC-101677,RHEIN POLYMER,EUR,erp_north,2026-08-18,EUR 14463.29,1157.06,CC-100
MC-102385,Meridian Tooling,USD,erp_north,2026-08-01,$23659.78,1892.78,CC-300
MC-102165,Perez Castings S.A.,US Dollar,erp_south,09/28/2026,$126393.66,10111.49,CC-200
MC-100120,RHEIN POLYMER,EUR,erp_north,2026-09-20,EUR 20053.71,1604.3,CC-200
MC-101272,Rhein  Polymer GmbH,eur,email_sheet,28-Aug-26,"  EUR 19,771.57 ",1581.73,
MC-100926,MERIDIAN TOOLING INTERNAL,US Dollar,erp_south,09/27/2026,  $4837.08 ,386.97,CC-400
MC-101594,Sato Industrial K.K.,US Dollar,erp_south,09/06/2026,$9371.89,749.75,
MC-100223,RHEIN POLYMER,EUR,erp_north,2026-09-05,EUR 6880.46,550.44,CC-400
MC-100766,SATO INDUSTRIAL,US Dollar,erp_south,08/26/2026,$46479.06,3718.32,CC-300
MC-100613,Meridian Tooling,US Dollar,erp_south,08/13/2026,$14855.00,1188.4,CC-100
MC-101245,KWAN PRECISION,US Dollar,erp_south,07/15/2026,$23259.29,1860.74,CC-100
MC-101540,Alpha Fasteners,US Dollar,erp_south,07/22/2026,  $1772.38 ,141.79,CC-400
MC-100052,sato industrial k.k.,USD,erp_north,2026-09-09,$11333.52,906.68,CC-100
MC-100529,Rhein  Polymer GmbH,eur,email_sheet,29-Aug-26,"  EUR 26,325.25 ",2106.02,
MC-101899, Nordic Steel Co. ,Euro,erp_south,08/10/2026,EUR 57832.09,4626.57,CC-400
MC-101119,Perez Castings SA,US Dollar,erp_south,07/21/2026,$68944.66,5515.57,CC-100
MC-100818,Rhein Polymer GmbH,Euro,erp_south,08/10/2026,EUR 34644.58,2771.57,CC-200
MC-100155,Sato Industrial KK,US Dollar,erp_south,07/04/2026,$57871.12,4629.69,CC-300
MC-100231,SATO INDUSTRIAL,US Dollar,erp_south,09/28/2026,  $109081.31 ,8726.5,CC-100
MC-100248,RHEIN POLYMER,EUR,erp_north,2026-07-16,EUR 45775.35,3662.03,CC-400
MC-100761,Alpha Fasteners Inc.,USD,erp_north,2026-07-11,$8196.66,655.73,CC-200
MC-101894,Kwan  Precision Ltd.,US Dollar,erp_south,07/04/2026,$11901.83,952.15,CC-400
MC-102029,Britewire Ltd.,EUR,erp_north,2026-08-04,EUR 2133.96,170.72,CC-300
MC-101130,sato industrial k.k.,US Dollar,erp_south,08/10/2026,$27668.52,2213.48,CC-100
MC-100542,PEREZ CASTINGS,US Dollar,erp_south,08/01/2026,$11928.15,954.25,CC-300
MC-100793,sato industrial k.k.,US Dollar,erp_south,07/13/2026,$22126.00,1770.08,CC-200
MC-101725,"Alpha Fasteners, Inc.",US Dollar,erp_south,08/30/2026,$3462.09,276.97,CC-200
MC-100628, Nordic Steel Co. ,Euro,erp_south,09/15/2026,  EUR 23670.00 ,1893.6,CC-100
MC-102264,PEREZ CASTINGS,US Dollar,erp_south,08/13/2026,$58075.71,4646.06,CC-300
MC-102386,"Perez Castings, S.A.",USD,erp_north,2026-07-29,$69865.80,5589.26,CC-400
MC-101367,alpha fasteners inc,USD,erp_north,2026-07-20,$63.03,5.04,CC-300
MC-101620,Perez Castings S.A.,US Dollar,erp_south,07/05/2026,$17492.75,1399.42,CC-400
MC-102337,alpha fasteners inc,US Dollar,erp_south,09/01/2026,$4110.15,328.81,CC-300
MC-101071,NORDIC STEEL,Euro,erp_south,07/02/2026,EUR 78579.18,6286.33,CC-300
MC-100554,Sato Industrial KK,USD,erp_north,2026-07-15,$24551.74,1964.14,CC-200
MC-101828,Britewire Ltd.,Euro,erp_south,08/10/2026,EUR 2396.08,191.69,CC-300
MC-100826,Rhein Polymer Gmbh,EUR,erp_north,2026-09-01,EUR 61661.86,4932.95,CC-200
MC-102194,Sato Industrial K.K.,US Dollar,erp_south,07/12/2026,$24111.56,1928.92,CC-100
MC-101984,Rhein  Polymer GmbH,EUR,erp_north,2026-08-30,EUR 27424.02,2193.92,CC-300
MC-101837,"Alpha Fasteners, Inc.",usd,email_sheet,05-Sep-26,"$2,807.82",224.63,
MC-100535,sato industrial k.k.,USD,erp_north,2026-08-30,$49385.55,3950.84,CC-200
MC-102239,Alpha Fasteners Inc.,US Dollar,erp_south,07/22/2026,$2729.04,218.32,CC-400
MC-100154,Perez Castings SA,US Dollar,erp_south,08/27/2026,$85019.17,6801.53,CC-400
MC-102164,Kwan  Precision Ltd.,US Dollar,erp_south,08/08/2026,$5023.44,401.88,CC-400
MC-102356,MERIDIAN TOOLING INTERNAL,USD,erp_north,2026-08-18,$1357.26,108.58,CC-300
MC-100322,Nordic Steel Co,EUR,erp_north,2026-09-03,EUR 34867.35,2789.39,CC-400
MC-101710,PEREZ CASTINGS,US Dollar,erp_south,09/14/2026,$67673.69,5413.9,CC-400
MC-100014,Perez Castings S.A.,US Dollar,erp_south,08/14/2026,$53650.24,4292.02,CC-100
MC-101798,Meridian Tooling,US Dollar,erp_south,07/17/2026,$9142.26,731.38,CC-200
MC-102359,Meridian Tooling (internal),USD,erp_north,2026-09-09,$17788.78,1423.1,CC-100
MC-100082,Meridian Tooling (internal),US Dollar,erp_south,09/09/2026,$11626.15,930.09,CC-100
MC-101943,Meridian Tooling (internal),USD,erp_north,2026-07-23,$6208.62,496.69,CC-200
MC-101988,"Alpha Fasteners, Inc.",US Dollar,erp_south,08/27/2026,$7467.20,597.38,CC-300
MC-101383,Meridian Tooling (internal),US Dollar,erp_south,09/18/2026,$3281.46,262.52,CC-100
MC-101574,Sato Industrial K.K.,USD,erp_north,2026-08-15,  $31221.45 ,2497.72,CC-100
MC-102058,MERIDIAN TOOLING INTERNAL,US Dollar,erp_south,07/08/2026,$13372.11,1069.77,CC-400
MC-100251,Rhein Polymer GmbH,EUR,erp_north,2026-07-22,EUR 11662.00,932.96,CC-400
MC-101494,Rhein Polymer Gmbh,Euro,erp_south,08/08/2026,EUR 20170.54,1613.64,CC-200
MC-100831,Meridian Tooling,USD,erp_north,2026-07-19,$14729.83,1178.39,CC-200
MC-102080,Rhein Polymer Gmbh,EUR,erp_north,2026-07-23,EUR 18138.65,1451.09,CC-300
MC-101174,Meridian Tooling (internal),USD,erp_north,2026-08-18,$14893.28,1191.46,CC-300
MC-100413,Kwan  Precision Ltd.,US Dollar,erp_south,09/15/2026,$19304.76,1544.38,CC-200
MC-101817,Nordic Steel Co.,EUR,erp_north,2026-08-24,EUR 38411.16,3072.89,CC-200
MC-100165,KWAN PRECISION,US Dollar,erp_south,07/05/2026,$6356.75,508.54,CC-400
MC-102163,KWAN PRECISION,usd,email_sheet,06-Jul-26,"$7,991.98",639.36,
MC-100614,"Alpha Fasteners, Inc.",usd,email_sheet,28-Sep-26,"$7,443.69",595.5,
MC-101014,Meridian Tooling,US Dollar,erp_south,08/24/2026,$13022.45,1041.8,CC-200
MC-102349,Nordic Steel Co.,EUR,erp_north,2026-09-18,EUR 10572.12,,CC-300
MC-101237,Rhein Polymer GmbH,eur,email_sheet,24-Aug-26,"EUR 18,354.75",1468.38,CC-300
MC-100555,Meridian Tooling,USD,erp_north,2026-07-19,$3536.19,,CC-300
MC-101211,Sato Industrial KK,USD,erp_north,2026-08-22,$80698.22,6455.86,CC-400
MC-102336,Alpha Fasteners Inc.,USD,erp_north,2026-09-28,$2406.66,192.53,CC-100
MC-100634,BRITEWIRE,Euro,erp_south,09/13/2026,EUR 627.33,50.19,CC-200
MC-101055,Alpha Fasteners Inc.,US Dollar,erp_south,09/26/2026,$1919.61,153.57,CC-200
MC-101708,Nordic Steel Co,eur,email_sheet,20-Jul-26,"EUR 30,525.99",2442.08,
MC-100796,PEREZ CASTINGS,US Dollar,erp_south,08/20/2026,$139838.24,11187.06,CC-100
MC-102315,MERIDIAN TOOLING INTERNAL,usd,email_sheet,25-Sep-26,"  $18,940.03 ",1515.2,
MC-100174,Meridian Tooling,US Dollar,erp_south,09/14/2026,  $9811.30 ,784.9,CC-400
MC-100245,PEREZ CASTINGS,USD,erp_north,2026-09-11,$102587.85,8207.03,CC-100
MC-101080,Nordic Steel Co,eur,email_sheet,07-Aug-26,"EUR 93,592.35",7487.39,
MC-101654,Alpha Fasteners,usd,email_sheet,07-Sep-26,"$4,386.79",350.94,
MC-101574,Sato Industrial K.K.,USD,erp_north,2026-08-15,  $31221.45 ,2497.72,CC-100
MC-100144,nordic steel co.,Euro,erp_south,07/27/2026,EUR 35668.00,2853.44,CC-100
MC-100145,Sato Industrial KK,USD,erp_north,2026-09-04,$53695.82,4295.67,CC-300
MC-100090,Alpha Fasteners,usd,email_sheet,09-Aug-26,"  $3,045.24 ",243.62,CC-400
MC-100682,alpha fasteners inc,usd,email_sheet,16-Sep-26,"  $3,737.59 ",299.01,
MC-100310,"Perez Castings, S.A.",usd,email_sheet,24-Jul-26,"$131,958.18",10556.65,CC-100
MC-100093,nordic steel co.,eur,email_sheet,15-Jul-26,"  EUR 134,619.79 ",10769.58,
MC-102215,SATO INDUSTRIAL,US Dollar,erp_south,08/12/2026,$26260.08,2100.81,CC-100
MC-101956,"Alpha Fasteners, Inc.",usd,email_sheet,16-Aug-26,$187.02,14.96,
MC-100924,SATO INDUSTRIAL,USD,erp_north,2026-08-07,  $22926.16 ,1834.09,CC-400
MC-101909,Perez Castings S.A.,US Dollar,erp_south,09/15/2026,$95090.51,7607.24,CC-100
MC-101035,Alpha Fasteners Inc.,USD,erp_north,2026-09-10,$4280.06,342.4,CC-200
MC-101400,Perez Castings SA,USD,erp_north,2026-08-09,$82821.27,6625.7,
MC-101500,nordic steel co.,eur,email_sheet,08-Jul-26,"EUR 13,860.77",1108.86,CC-400
MC-101468,sato industrial k.k.,US Dollar,erp_south,08/23/2026,$37046.98,2963.76,CC-400
MC-100998,Meridian Tooling (internal),US Dollar,erp_south,09/01/2026,$17375.32,1390.03,CC-400
MC-100853,SATO INDUSTRIAL,USD,erp_north,2026-07-29,$53287.66,4263.01,CC-100
MC-101142,nordic steel co.,EUR,erp_north,2026-08-22,EUR 64600.56,5168.04,CC-200
MC-101143,Rhein Polymer GmbH,Euro,erp_south,08/27/2026,  EUR 59189.22 ,,CC-200
MC-102048,Kwan  Precision Ltd.,USD,erp_north,2026-08-09,$25166.36,2013.31,CC-400
MC-100401,SATO INDUSTRIAL,US Dollar,erp_south,08/01/2026,$10539.90,843.19,CC-200
MC-101103,"Alpha Fasteners, Inc.",usd,email_sheet,12-Aug-26,$531.09,42.49,
MC-100084,MERIDIAN TOOLING INTERNAL,US Dollar,erp_south,07/05/2026,$17730.88,1418.47,CC-100
MC-100322,Nordic Steel Co,EUR,erp_north,2026-09-03,EUR 34867.35,2789.39,CC-400
MC-100114,Rhein  Polymer GmbH,eur,email_sheet,03-Jul-26,"EUR 18,712.24",1496.98,
MC-102188,Rhein  Polymer GmbH,Euro,erp_south,08/17/2026,EUR 10690.35,855.23,CC-300
MC-101585,Perez Castings SA,US Dollar,erp_south,09/30/2026,$76192.32,6095.39,CC-200
MC-101567,"Alpha Fasteners, Inc.",USD,erp_north,2026-08-14,$144.08,11.53,CC-200
MC-101501,Perez Castings SA,USD,erp_north,2026-09-17,$94948.92,7595.91,CC-200
MC-101660,Kwan Precision Ltd.,USD,erp_north,2026-07-17,$36140.45,2891.24,CC-200
MC-101556,RHEIN POLYMER,EUR,erp_north,2026-09-14,EUR 11266.92,901.35,CC-300
MC-102007,Nordic Steel Co,EUR,erp_north,2026-07-03,EUR 37585.86,3006.87,CC-400
MC-100625,SATO INDUSTRIAL,USD,erp_north,2026-07-02,  $30866.39 ,2469.31,CC-100
MC-101885,Perez Castings S.A.,USD,erp_north,2026-08-23,  $58218.10 ,4657.45,CC-400
MC-101866,NORDIC STEEL,EUR,erp_north,2026-09-21,EUR 96188.62,7695.09,CC-100
MC-100952,Perez Castings SA,USD,erp_north,2026-09-30,$79115.50,,CC-100
MC-100624,Nordic Steel Co,Euro,erp_south,09/16/2026,EUR 100062.24,8004.98,CC-300
MC-100234,Britewire Ltd,EUR,erp_north,2026-09-19,EUR 4754.28,380.34,CC-300
MC-102183,MERIDIAN TOOLING INTERNAL,usd,email_sheet,23-Jul-26,"$7,417.97",593.44,
MC-102034,Meridian Tooling,USD,erp_north,2026-08-28,$6857.82,548.63,CC-200
MC-101826,Kwan Precision Ltd.,US Dollar,erp_south,07/16/2026,$12164.08,973.13,CC-200
MC-102378,Perez Castings SA,USD,erp_north,2026-09-11,$34535.50,2762.84,CC-300
MC-101314,"Perez Castings, S.A.",US Dollar,erp_south,08/30/2026,$56052.81,4484.22,
MC-101525,Sato Industrial KK,usd,email_sheet,15-Sep-26,"$9,934.43",,
MC-101562,Sato Industrial KK,usd,email_sheet,30-Jul-26,"  $68,874.87 ",5509.99,
MC-101752,Perez Castings S.A.,USD,erp_north,2026-09-30,$31377.70,2510.22,CC-400
MC-101605,MERIDIAN TOOLING INTERNAL,usd,email_sheet,30-Aug-26,"$19,930.87",1594.47,
MC-100343,Perez Castings S.A.,US Dollar,erp_south,09/12/2026,$27538.84,2203.11,CC-400
MC-100996,Meridian Tooling (internal),US Dollar,erp_south,08/21/2026,$1226.16,98.09,CC-200
MC-102062,Kwan Precision Ltd.,USD,erp_north,2026-08-15,$8858.15,708.65,CC-300
MC-101110,Perez Castings SA,USD,erp_north,2026-09-03,$31861.92,2548.95,CC-300
MC-101359,BRITEWIRE,Euro,erp_south,08/19/2026,EUR 2454.80,196.38,CC-100
MC-102107,"Perez Castings, S.A.",US Dollar,erp_south,09/10/2026,$46786.32,3742.91,CC-300
MC-100709,Nordic Steel Co.,EUR,erp_north,2026-07-06,EUR 68417.36,5473.39,CC-200
MC-101878,Perez Castings S.A.,USD,erp_north,2026-08-26,  $30927.98 ,2474.24,CC-300
MC-101378,Nordic Steel Co.,EUR,erp_north,2026-07-04,EUR 26178.45,,CC-400
MC-100424,Britewire Ltd.,eur,email_sheet,29-Jul-26,"EUR 2,343.86",187.51,
MC-100292,Nordic Steel Co,eur,email_sheet,11-Jul-26,"EUR 73,834.43",5906.75,
MC-101065,NORDIC STEEL,EUR,erp_north,2026-08-24,EUR 131654.92,,CC-100
MC-101638,Britewire Ltd,EUR,erp_north,2026-08-13,  EUR 140.67 ,11.25,CC-300
MC-101012,alpha fasteners inc,USD,erp_north,2026-07-12,$6866.66,549.33,CC-300
MC-102127,sato industrial k.k.,US Dollar,erp_south,09/12/2026,$19119.24,1529.54,CC-300
MC-101717,sato industrial k.k.,USD,erp_north,2026-07-03,$73588.40,,CC-400
MC-100937,nordic steel co.,Euro,erp_south,09/12/2026,EUR 47946.86,3835.75,CC-100
MC-100834,BRITEWIRE,Euro,erp_south,08/08/2026,EUR 46.79,3.74,CC-200
MC-100254,Meridian Tooling,USD,erp_north,2026-08-03,  $2619.75 ,209.58,CC-100
MC-101482, Nordic Steel Co. ,Euro,erp_south,09/12/2026,EUR 132771.16,10621.69,CC-100
MC-101710,PEREZ CASTINGS,US Dollar,erp_south,09/14/2026,$67673.69,5413.9,CC-400
MC-101407,SATO INDUSTRIAL,USD,erp_north,2026-08-11,$66380.75,,CC-100
MC-100630,Kwan Precision Ltd.,US Dollar,erp_south,08/18/2026,$1059.80,84.78,CC-300
MC-102184,Britewire Ltd.,Euro,erp_south,07/24/2026,EUR 5037.19,402.98,CC-300
MC-100723,Rhein Polymer Gmbh,EUR,erp_north,2026-09-26,EUR 39056.81,3124.54,CC-200
MC-100969, Nordic Steel Co. ,EUR,erp_north,2026-07-04,EUR 57775.32,4622.03,CC-400
MC-100496,"Alpha Fasteners, Inc.",USD,erp_north,2026-08-18,$2488.70,199.1,CC-200
MC-100950,Rhein  Polymer GmbH,Euro,erp_south,08/30/2026,EUR 53418.99,4273.52,CC-300
MC-100805,SATO INDUSTRIAL,US Dollar,erp_south,07/31/2026,$24910.19,1992.82,CC-400
MC-101829,Britewire Ltd,EUR,erp_north,2026-09-18,EUR 4435.43,354.83,CC-300
MC-102177,Perez Castings SA,US Dollar,erp_south,07/22/2026,  $72331.35 ,5786.51,CC-100
MC-101739,Kwan Precision Ltd.,US Dollar,erp_south,09/30/2026,$9528.67,762.29,CC-300
MC-100337,Perez Castings S.A.,usd,email_sheet,19-Jul-26,"$125,291.33",10023.31,
MC-100730,Meridian Tooling (internal),USD,erp_north,2026-07-31,$25653.59,2052.29,CC-200
MC-100608,Meridian Tooling,USD,erp_north,2026-08-13,$20971.35,1677.71,
MC-101148,Britewire Ltd.,EUR,erp_north,2026-07-15,EUR 6362.04,508.96,CC-300
MC-101713,Nordic Steel Co.,Euro,erp_south,08/05/2026,EUR 101604.07,8128.33,CC-100
MC-101908,alpha fasteners inc,usd,email_sheet,07-Sep-26,"$6,735.82",538.87,
MC-100909,sato industrial k.k.,USD,erp_north,2026-07-15,$50557.26,4044.58,CC-100
MC-102151,Kwan Precision Ltd.,USD,erp_north,2026-08-19,$8945.52,715.64,CC-300
MC-102010,Rhein Polymer Gmbh,Euro,erp_south,09/01/2026,EUR 32601.43,2608.11,CC-300
MC-101810,MERIDIAN TOOLING INTERNAL,US Dollar,erp_south,08/03/2026,  $12656.43 ,1012.51,CC-300
MC-101994,Perez Castings SA,USD,erp_north,2026-07-11,$56426.84,4514.15,CC-200
MC-100719,Sato Industrial K.K.,USD,erp_north,2026-08-30,$12212.64,977.01,CC-200
MC-101569,KWAN PRECISION,US Dollar,erp_south,08/16/2026,$14659.02,,CC-400
MC-100434,Nordic Steel Co.,Euro,erp_south,09/20/2026,EUR 139613.72,11169.1,CC-200
MC-101299,Meridian Tooling,USD,erp_north,2026-08-03,  $14972.77 ,1197.82,CC-300
MC-102174,Rhein Polymer Gmbh,EUR,erp_north,2026-09-18,EUR 25427.91,2034.23,CC-200
MC-100405,Alpha Fasteners,US Dollar,erp_south,08/22/2026,  $2773.18 ,,CC-300
MC-100821,SATO INDUSTRIAL,US Dollar,erp_south,07/10/2026,$74720.34,5977.63,CC-400
MC-101789,Kwan Precision Ltd,USD,erp_north,2026-07-26,$11130.56,890.44,CC-100
MC-101858,Meridian Tooling,USD,erp_north,2026-08-10,$22932.27,1834.58,CC-400
MC-101557,britewire ltd.,EUR,erp_north,2026-09-07,EUR 979.91,78.39,CC-300
MC-100545,Perez Castings SA,usd,email_sheet,15-Sep-26,"$60,606.00",4848.48,
MC-100212,SATO INDUSTRIAL,US Dollar,erp_south,09/28/2026,  $41966.36 ,3357.31,CC-300
MC-100896,RHEIN POLYMER,Euro,erp_south,08/06/2026,EUR 36622.99,2929.84,CC-200
MC-101941,MERIDIAN TOOLING INTERNAL,US Dollar,erp_south,07/09/2026,$7554.45,604.36,CC-400
MC-101891,Kwan Precision Ltd,US Dollar,erp_south,08/30/2026,  $4372.43 ,349.79,CC-400
MC-100916,KWAN PRECISION,usd,email_sheet,09-Sep-26,"$3,123.90",249.91,
MC-101289,RHEIN POLYMER,EUR,erp_north,2026-07-09,EUR 10139.16,811.13,CC-200
MC-100814,Perez Castings S.A.,US Dollar,erp_south,07/23/2026,$120632.36,9650.59,CC-200
MC-101265,Nordic Steel Co.,Euro,erp_south,07/03/2026,EUR 110158.16,8812.65,CC-200
MC-100342,Meridian Tooling,usd,email_sheet,17-Sep-26,"$9,669.36",773.55,
MC-101410,NORDIC STEEL,EUR,erp_north,2026-07-06,EUR 135930.25,10874.42,CC-300
MC-101214,Rhein Polymer Gmbh,Euro,erp_south,09/11/2026,EUR 11993.07,,CC-200
MC-100966, Nordic Steel Co. ,EUR,erp_north,2026-08-17,EUR 119815.32,9585.23,
MC-101230,nordic steel co.,Euro,erp_south,07/14/2026,  EUR 99640.17 ,7971.21,CC-300
MC-100695,RHEIN POLYMER,EUR,erp_north,2026-09-05,EUR 42746.68,3419.73,CC-300
MC-102121,Meridian Tooling (internal),US Dollar,erp_south,08/19/2026,$20560.34,1644.83,CC-300
MC-100605,britewire ltd.,eur,email_sheet,11-Jul-26,"EUR 3,122.24",249.78,
MC-100104,Britewire Ltd,EUR,erp_north,2026-09-17,EUR 4903.10,392.25,CC-100
MC-100645,Rhein  Polymer GmbH,Euro,erp_south,07/20/2026,EUR 11791.92,943.35,CC-400
MC-101404,PEREZ CASTINGS,US Dollar,erp_south,09/22/2026,$29424.80,,CC-300
MC-100494,"Perez Castings, S.A.",USD,erp_north,2026-08-04,$74585.10,5966.81,CC-100
MC-101019,SATO INDUSTRIAL,US Dollar,erp_south,07/24/2026,$70392.85,5631.43,CC-100
MC-100091,MERIDIAN TOOLING INTERNAL,usd,email_sheet,05-Jul-26,"  $16,011.79 ",1280.94,
MC-101112,Perez Castings SA,USD,erp_north,2026-07-02,  $21286.00 ,1702.88,CC-200
MC-100908,KWAN PRECISION,USD,erp_north,2026-09-13,$11109.24,888.74,CC-200
MC-101474,Alpha Fasteners,US Dollar,erp_south,08/05/2026,$3063.21,245.06,CC-200
MC-101741,nordic steel co.,Euro,erp_south,08/14/2026,EUR 23881.37,1910.51,CC-400
MC-102150,Britewire Ltd.,Euro,erp_south,07/10/2026,EUR 1124.82,89.99,CC-300
MC-100238,Meridian Tooling (internal),USD,erp_north,2026-09-09,$16528.06,1322.24,CC-400
MC-100942,alpha fasteners inc,USD,erp_north,2026-09-25,  $3180.41 ,254.43,CC-300
MC-101270,alpha fasteners inc,US Dollar,erp_south,07/24/2026,$2684.04,214.72,CC-300
MC-100938,Perez Castings SA,USD,erp_north,2026-09-15,$14570.70,1165.66,CC-400
MC-101424,Sato Industrial K.K.,USD,erp_north,2026-09-19,$41827.42,3346.19,CC-400
MC-101862,Britewire Ltd.,eur,email_sheet,12-Aug-26,EUR 38.04,3.04,
MC-101669,Britewire Ltd,Euro,erp_south,07/18/2026,EUR 2672.88,213.83,CC-300
MC-100005,britewire ltd.,EUR,erp_north,2026-08-26,  EUR 3237.14 ,258.97,CC-200
MC-100247,MERIDIAN TOOLING INTERNAL,USD,erp_north,2026-09-14,$17604.06,1408.32,
MC-100018,Meridian Tooling,USD,erp_north,2026-08-10,  $15481.27 ,1238.5,CC-200
MC-102169,Alpha Fasteners Inc.,US Dollar,erp_south,07/31/2026,  $1901.62 ,,CC-300
MC-101970,sato industrial k.k.,US Dollar,erp_south,08/22/2026,$87625.15,7010.01,CC-200
MC-102232,Kwan Precision Ltd.,USD,erp_north,2026-09-14,$5954.08,476.33,CC-300
MC-100811,Alpha Fasteners Inc.,USD,erp_north,2026-09-19,  $3051.30 ,244.1,CC-100
MC-101300,PEREZ CASTINGS,US Dollar,erp_south,07/20/2026,$90831.53,7266.52,CC-200
MC-101335, Nordic Steel Co. ,Euro,erp_south,08/11/2026,EUR 85960.10,6876.81,CC-200
MC-100482,MERIDIAN TOOLING INTERNAL,US Dollar,erp_south,07/06/2026,  $13168.68 ,1053.49,CC-400
MC-100260,Perez Castings S.A.,US Dollar,erp_south,08/05/2026,$2923.48,233.88,CC-200
MC-101804,Meridian Tooling,USD,erp_north,2026-08-11,  $3862.89 ,309.03,CC-200
MC-101570,Sato Industrial K.K.,USD,erp_north,2026-08-09,  $80464.37 ,6437.15,CC-300
MC-102229,MERIDIAN TOOLING INTERNAL,US Dollar,erp_south,08/09/2026,$14863.35,1189.07,CC-300
MC-100184,Britewire Ltd,EUR,erp_north,2026-08-01,  EUR 5286.72 ,422.94,CC-100
MC-101743,Perez Castings SA,US Dollar,erp_south,07/09/2026,$25974.04,2077.92,CC-300
MC-101630,Rhein Polymer GmbH,Euro,erp_south,08/06/2026,EUR 26963.19,2157.06,CC-100
MC-101716, Nordic Steel Co. ,Euro,erp_south,08/25/2026,EUR 57410.71,4592.86,CC-200
MC-100520,Kwan Precision Ltd.,usd,email_sheet,08-Jul-26,"  $5,600.06 ",448.0,
MC-102016,sato industrial k.k.,USD,erp_north,2026-07-01,$69275.66,5542.05,CC-200
MC-101658,Perez Castings SA,US Dollar,erp_south,08/21/2026,  $95657.87 ,7652.63,
MC-101612,"Alpha Fasteners, Inc.",US Dollar,erp_south,08/09/2026,$1580.49,126.44,CC-300
MC-102126,BRITEWIRE,Euro,erp_south,07/09/2026,EUR 3849.30,307.94,CC-100
MC-101886,MERIDIAN TOOLING INTERNAL,USD,erp_north,2026-07-29,$19412.48,1553.0,CC-400
MC-100607,Meridian Tooling (internal),US Dollar,erp_south,09/07/2026,$21594.42,1727.55,CC-200
MC-100230,Perez Castings SA,USD,erp_north,2026-07-29,$72852.04,5828.16,CC-400
MC-100331,SATO INDUSTRIAL,US Dollar,erp_south,08/04/2026,$13271.96,1061.76,CC-100
MC-101440,Rhein  Polymer GmbH,Euro,erp_south,07/29/2026,EUR 768.17,61.45,CC-300
MC-101927,Britewire Ltd,EUR,erp_north,2026-07-05,EUR 1276.56,102.12,CC-300
MC-101091,Britewire Ltd,EUR,erp_north,2026-08-06,EUR 5568.24,445.46,CC-300
MC-101101,Alpha Fasteners,usd,email_sheet,16-Jul-26,"$5,633.02",450.64,
MC-101129,Kwan Precision Ltd.,US Dollar,erp_south,09/20/2026,$12877.74,1030.22,CC-100
MC-100461,MERIDIAN TOOLING INTERNAL,US Dollar,erp_south,08/25/2026,$18162.36,1452.99,CC-200
MC-100958,KWAN PRECISION,USD,erp_north,2026-07-08,$25095.39,2007.63,
MC-101662,sato industrial k.k.,US Dollar,erp_south,09/19/2026,$23943.24,1915.46,CC-200
MC-100559,alpha fasteners inc,US Dollar,erp_south,09/15/2026,$7280.56,582.44,CC-100
MC-102348,nordic steel co.,eur,email_sheet,10-Aug-26,"EUR 54,077.91",4326.23,
MC-101519,Perez Castings S.A.,US Dollar,erp_south,09/21/2026,$97067.35,7765.39,CC-400
MC-102140,Alpha Fasteners Inc.,USD,erp_north,2026-08-06,  $2524.97 ,,CC-200
MC-100459,Rhein Polymer GmbH,EUR,erp_north,2026-08-15,EUR 987.48,79.0,CC-100
MC-102032,Britewire Ltd,EUR,erp_north,2026-07-04,EUR 1137.33,90.99,CC-100
MC-102065,Meridian Tooling (internal),US Dollar,erp_south,08/04/2026,$13581.28,1086.5,CC-200
MC-102097,Rhein Polymer GmbH,Euro,erp_south,09/26/2026,EUR 41025.64,3282.05,CC-100
MC-102373,Rhein  Polymer GmbH,eur,email_sheet,20-Aug-26,"EUR 37,823.60",3025.89,
MC-100069,Kwan  Precision Ltd.,US Dollar,erp_south,08/22/2026,$14347.71,1147.82,CC-200
MC-101572,Britewire Ltd,eur,email_sheet,21-Sep-26,"EUR 2,416.84",193.35,
MC-100808,PEREZ CASTINGS,US Dollar,erp_south,08/12/2026,$41343.09,3307.45,CC-200
MC-100011,MERIDIAN TOOLING INTERNAL,US Dollar,erp_south,09/15/2026,$3104.53,248.36,CC-400
MC-102025,MERIDIAN TOOLING INTERNAL,USD,erp_north,2026-09-19,$6698.40,535.87,CC-400
MC-102192,Kwan  Precision Ltd.,usd,email_sheet,10-Jul-26,"$4,665.80",,
MC-100917,Alpha Fasteners Inc.,US Dollar,erp_south,09/17/2026,$532.56,42.6,CC-400
MC-101451,nordic steel co.,eur,email_sheet,25-Jul-26,"EUR 106,893.05",8551.44,
MC-100176,NORDIC STEEL,EUR,erp_north,2026-09-26,EUR 111635.92,8930.87,CC-100
MC-100994,MERIDIAN TOOLING INTERNAL,USD,erp_north,2026-07-30,  $14914.39 ,1193.15,CC-200
MC-101255,"Alpha Fasteners, Inc.",USD,erp_north,2026-07-20,$3196.05,255.68,CC-100
MC-101664,Kwan Precision Ltd.,US Dollar,erp_south,07/27/2026,  $16565.46 ,1325.24,CC-200
MC-102191,Britewire Ltd,EUR,erp_north,2026-09-02,EUR 1083.35,86.67,CC-300
MC-102140,Alpha Fasteners Inc.,USD,erp_north,2026-08-06,  $2524.97 ,,CC-200
MC-101790,"Perez Castings, S.A.",USD,erp_north,2026-08-27,  $103540.02 ,8283.2,CC-200
MC-100156,PEREZ CASTINGS,US Dollar,erp_south,08/24/2026,  $105125.77 ,8410.06,CC-100
MC-101460,alpha fasteners inc,usd,email_sheet,03-Aug-26,"$5,971.23",477.7,
MC-102046,KWAN PRECISION,usd,email_sheet,01-Jul-26,"$17,891.20",1431.3,
MC-101850,Rhein  Polymer GmbH,Euro,erp_south,09/13/2026,EUR 42518.16,3401.45,CC-300
MC-102303,britewire ltd.,EUR,erp_north,2026-09-20,EUR 3654.37,292.35,CC-100
MC-102005,Nordic Steel Co,EUR,erp_north,2026-07-03,EUR 1754.44,140.36,CC-300
MC-101185,SATO INDUSTRIAL,US Dollar,erp_south,08/12/2026,$53727.57,4298.21,CC-300
MC-101006,Kwan Precision Ltd.,USD,erp_north,2026-09-11,$7420.90,593.67,CC-100
MC-100560,Meridian Tooling (internal),US Dollar,erp_south,09/03/2026,$14576.28,1166.1,CC-100
MC-102256,Rhein Polymer Gmbh,Euro,erp_south,08/30/2026,EUR 34079.56,2726.36,CC-400
MC-100910,britewire ltd.,EUR,erp_north,2026-08-14,EUR 2959.01,236.72,CC-300
MC-101311,Rhein  Polymer GmbH,EUR,erp_north,2026-07-14,EUR 40184.15,3214.73,CC-100
MC-102049,britewire ltd.,eur,email_sheet,26-Sep-26,"EUR 2,058.90",164.71,
MC-100269,Meridian Tooling (internal),USD,erp_north,2026-07-20,$16824.41,1345.95,CC-300
MC-101993,Alpha Fasteners Inc.,USD,erp_north,2026-07-03,$1073.52,85.88,CC-200
MC-100265,Perez Castings SA,USD,erp_north,2026-07-16,$33419.12,2673.53,CC-200
MC-100914,SATO INDUSTRIAL,US Dollar,erp_south,08/14/2026,$132466.64,10597.33,CC-400
MC-102278,Alpha Fasteners Inc.,US Dollar,erp_south,08/31/2026,  $5799.44 ,463.96,CC-400
MC-102231,sato industrial k.k.,US Dollar,erp_south,08/31/2026,$37810.39,3024.83,CC-100
MC-101868,Britewire Ltd,EUR,erp_north,2026-09-09,EUR 4671.40,373.71,CC-300
MC-100873,Nordic Steel Co,eur,email_sheet,01-Aug-26,"EUR 17,252.71",,
MC-102093,Meridian Tooling,USD,erp_north,2026-09-14,$20495.73,1639.66,CC-300
MC-100475,sato industrial k.k.,USD,erp_north,2026-08-03,$56366.15,4509.29,CC-400
MC-101652,Perez Castings SA,usd,email_sheet,02-Jul-26,"$30,029.40",,
MC-101960,Meridian Tooling (internal),usd,email_sheet,26-Sep-26,"$11,276.46",902.12,
MC-100045,Alpha Fasteners,US Dollar,erp_south,07/13/2026,$3929.10,314.33,CC-300
MC-100161,Meridian Tooling (internal),US Dollar,erp_south,08/26/2026,$12993.50,1039.48,CC-400
MC-100288,"Perez Castings, S.A.",US Dollar,erp_south,07/22/2026,$7085.55,566.84,CC-100
MC-101948,Britewire Ltd.,Euro,erp_south,08/07/2026,EUR 1877.82,150.23,CC-400
MC-100575,Rhein Polymer GmbH,Euro,erp_south,07/26/2026,EUR 16070.40,1285.63,CC-200
MC-100850,Sato Industrial K.K.,US Dollar,erp_south,07/24/2026,$16871.60,1349.73,CC-100
MC-100911,alpha fasteners inc,usd,email_sheet,08-Sep-26,"$5,726.72",458.14,
MC-101254,"Alpha Fasteners, Inc.",USD,erp_north,2026-08-05,$6388.52,511.08,CC-200
MC-101833,Perez Castings SA,US Dollar,erp_south,08/22/2026,$97740.84,7819.27,CC-300
MC-101722,Alpha Fasteners,US Dollar,erp_south,08/24/2026,$4442.88,355.43,CC-100
MC-102133,"Perez Castings, S.A.",US Dollar,erp_south,08/08/2026,$81153.49,,CC-300
MC-101735,Meridian Tooling (internal),US Dollar,erp_south,07/23/2026,$283.00,,CC-300
MC-100932,Rhein Polymer Gmbh,EUR,erp_north,2026-08-17,EUR 8826.40,706.11,CC-100
MC-101100,"Perez Castings, S.A.",USD,erp_north,2026-08-24,$26094.41,2087.55,CC-400
MC-101207,Rhein  Polymer GmbH,EUR,erp_north,2026-07-30,EUR 22646.61,1811.73,CC-300
MC-102295,MERIDIAN TOOLING INTERNAL,USD,erp_north,2026-08-22,$7236.76,578.94,CC-100
MC-101843,Nordic Steel Co,EUR,erp_north,2026-07-22,EUR 40412.43,3232.99,CC-300
MC-101848,Sato Industrial K.K.,USD,erp_north,2026-08-25,$72240.35,5779.23,CC-400
MC-101694,RHEIN POLYMER,Euro,erp_south,09/12/2026,  EUR 9561.60 ,764.93,CC-300
MC-100085,Meridian Tooling,US Dollar,erp_south,07/06/2026,$14614.86,1169.19,CC-100
MC-100469,Rhein  Polymer GmbH,EUR,erp_north,2026-08-09,EUR 36000.28,2880.02,CC-300
MC-102273,PEREZ CASTINGS,US Dollar,erp_south,09/22/2026,$61556.10,4924.49,CC-200
MC-102379,Alpha Fasteners Inc.,US Dollar,erp_south,09/08/2026,$3170.47,253.64,CC-100
MC-100233,Sato Industrial K.K.,US Dollar,erp_south,09/12/2026,$59574.19,4765.94,CC-400
MC-101376,"Alpha Fasteners, Inc.",US Dollar,erp_south,09/28/2026,$5706.87,456.55,CC-200
MC-101711,SATO INDUSTRIAL,USD,erp_north,2026-08-05,$41568.48,3325.48,CC-400
MC-100182,alpha fasteners inc,USD,erp_north,2026-09-07,$4675.70,374.06,CC-400
MC-100988,Rhein  Polymer GmbH,eur,email_sheet,12-Sep-26,"EUR 49,901.24",3992.1,
MC-101000,nordic steel co.,Euro,erp_south,09/22/2026,EUR 132736.78,10618.94,CC-200
MC-101641,nordic steel co.,Euro,erp_south,07/03/2026,EUR 66561.92,5324.95,CC-100
MC-101356,"Perez Castings, S.A.",USD,erp_north,2026-09-12,  $125768.51 ,10061.48,CC-300
MC-101462,Nordic Steel Co,eur,email_sheet,22-Sep-26,"  EUR 61,129.79 ",4890.38,
MC-100049,Alpha Fasteners Inc.,USD,erp_north,2026-07-30,$6105.36,488.43,CC-400
MC-101258,Rhein Polymer Gmbh,Euro,erp_south,08/31/2026,EUR 31691.57,2535.33,CC-300
MC-100486,Meridian Tooling,USD,erp_north,2026-09-14,$9274.08,741.93,CC-200
MC-101594,Sato Industrial K.K.,US Dollar,erp_south,09/06/2026,$9371.89,749.75,
MC-101908,alpha fasteners inc,usd,email_sheet,07-Sep-26,"$6,735.82",538.87,
MC-100106,britewire ltd.,EUR,erp_north,2026-08-27,EUR 2010.16,160.81,CC-200
MC-100443, Nordic Steel Co. ,EUR,erp_north,2026-07-14,EUR 18457.67,1476.61,CC-100
MC-101954,Britewire Ltd,EUR,erp_north,2026-09-26,EUR 109.53,8.76,CC-100
MC-100646,Rhein Polymer GmbH,Euro,erp_south,09/06/2026,EUR 47503.65,3800.29,CC-200
MC-101762,Meridian Tooling (internal),USD,erp_north,2026-07-10,$9731.80,778.54,CC-400
MC-100726,Rhein Polymer GmbH,EUR,erp_north,2026-09-05,EUR 34234.44,2738.76,CC-300
MC-102238,"Alpha Fasteners, Inc.",US Dollar,erp_south,09/05/2026,  $1148.50 ,91.88,CC-100
MC-101856,Alpha Fasteners Inc.,US Dollar,erp_south,07/31/2026,$6987.90,559.03,CC-200
MC-102330, Nordic Steel Co. ,eur,email_sheet,07-Jul-26,"EUR 110,236.19",8818.9,CC-300
MC-100029,Kwan Precision Ltd,usd,email_sheet,07-Sep-26,"$12,238.53",979.08,
MC-100169,Kwan Precision Ltd,US Dollar,erp_south,08/07/2026,  $16195.41 ,1295.63,CC-400
MC-101001,MERIDIAN TOOLING INTERNAL,US Dollar,erp_south,08/08/2026,$10884.46,870.76,CC-100
MC-102148,KWAN PRECISION,US Dollar,erp_south,08/09/2026,  $2900.40 ,232.03,CC-200
MC-100197,PEREZ CASTINGS,US Dollar,erp_south,09/27/2026,$50347.32,4027.79,CC-100
MC-100495,BRITEWIRE,Euro,erp_south,07/16/2026,EUR 1777.44,142.2,CC-100
MC-102026,Perez Castings SA,USD,erp_north,2026-07-16,$47511.45,3800.92,CC-400
MC-100647,britewire ltd.,EUR,erp_north,2026-08-24,EUR 4066.21,325.3,CC-100
MC-100044,Alpha Fasteners Inc.,US Dollar,erp_south,07/22/2026,$1503.15,120.25,CC-400
MC-100373,Sato Industrial K.K.,usd,email_sheet,11-Aug-26,"$17,151.12",1372.09,
MC-100678,Kwan  Precision Ltd.,USD,erp_north,2026-08-22,$13946.24,1115.7,CC-200
MC-100566,nordic steel co.,Euro,erp_south,08/29/2026,  EUR 127707.52 ,10216.6,CC-200
MC-100460,Sato Industrial KK,USD,erp_north,2026-07-07,$57287.70,4583.02,CC-400
MC-101932,PEREZ CASTINGS,US Dollar,erp_south,09/09/2026,  $32416.41 ,2593.31,CC-200
MC-101155,RHEIN POLYMER,EUR,erp_north,2026-09-16,EUR 18529.63,1482.37,CC-400
MC-100039,Kwan Precision Ltd,usd,email_sheet,15-Sep-26,"$13,707.72",1096.62,CC-100
MC-100973,Rhein  Polymer GmbH,EUR,erp_north,2026-09-25,EUR 7969.14,637.53,CC-100
MC-101786,Perez Castings SA,USD,erp_north,2026-07-02,$36379.86,2910.39,CC-200
MC-101498,Britewire Ltd,Euro,erp_south,09/15/2026,EUR 1379.85,110.39,CC-200
MC-101835,Meridian Tooling,USD,erp_north,2026-07-26,$4208.10,336.65,CC-400
MC-102308,Nordic Steel Co.,Euro,erp_south,09/10/2026,EUR 70756.44,5660.52,CC-100
MC-101840,Sato Industrial K.K.,US Dollar,erp_south,09/27/2026,$79979.43,6398.35,CC-400
MC-102083,Alpha Fasteners,usd,email_sheet,08-Sep-26,"$6,964.91",557.19,
MC-100827,Kwan  Precision Ltd.,USD,erp_north,2026-07-18,$27860.89,2228.87,CC-200
MC-101935,nordic steel co.,Euro,erp_south,07/05/2026,EUR 39341.58,3147.33,CC-100
MC-102044,Sato Industrial K.K.,USD,erp_north,2026-08-10,$35111.09,2808.89,CC-400
MC-100309, Nordic Steel Co. ,Euro,erp_south,07/03/2026,  EUR 57204.06 ,4576.32,CC-100
MC-100276,"Alpha Fasteners, Inc.",USD,erp_north,2026-07-16,$6266.38,501.31,CC-100
MC-100636,Rhein  Polymer GmbH,eur,email_sheet,15-Aug-26,"EUR 58,601.77",4688.14,
MC-100654,Rhein Polymer Gmbh,Euro,erp_south,09/14/2026,  EUR 50993.54 ,4079.48,CC-400
MC-100622,RHEIN POLYMER,Euro,erp_south,07/25/2026,EUR 16043.38,1283.47,CC-100
MC-101859,SATO INDUSTRIAL,USD,erp_north,2026-08-21,$68971.77,5517.74,CC-400
MC-100844,Alpha Fasteners,usd,email_sheet,05-Sep-26,"$5,864.31",,
MC-100393,Britewire Ltd,EUR,erp_north,2026-08-17,EUR 4123.07,329.85,CC-100
MC-102155,britewire ltd.,Euro,erp_south,09/18/2026,EUR 1390.55,111.24,CC-400
MC-100349,Meridian Tooling (internal),US Dollar,erp_south,08/08/2026,$11735.11,938.81,CC-400
MC-100784,Perez Castings S.A.,USD,erp_north,2026-07-31,$50232.99,4018.64,CC-400
MC-100047,Perez Castings S.A.,US Dollar,erp_south,08/01/2026,$39106.92,3128.55,CC-200
MC-101978,Perez Castings SA,usd,email_sheet,20-Aug-26,"$26,128.95",2090.32,
MC-102251,Kwan Precision Ltd.,US Dollar,erp_south,07/03/2026,  $3321.00 ,265.68,CC-100
MC-101655,Alpha Fasteners Inc.,usd,email_sheet,19-Aug-26,"  $1,481.75 ",118.54,
MC-102069,RHEIN POLYMER,EUR,erp_north,2026-09-05,  EUR 18001.75 ,1440.14,CC-400
MC-100402,Rhein Polymer GmbH,Euro,erp_south,09/05/2026,EUR 72049.54,5763.96,CC-100
MC-101107,Meridian Tooling (internal),US Dollar,erp_south,08/21/2026,$2924.56,233.96,CC-300
MC-101154,Britewire Ltd,eur,email_sheet,04-Aug-26,"EUR 2,166.82",173.35,
MC-101439,"Alpha Fasteners, Inc.",usd,email_sheet,05-Jul-26,"  $5,382.84 ",430.63,
MC-101976,britewire ltd.,EUR,erp_north,2026-09-26,EUR 1076.35,86.11,CC-400
MC-102001,PEREZ CASTINGS,US Dollar,erp_south,07/13/2026,$47439.20,3795.14,CC-100
MC-100989,RHEIN POLYMER,eur,email_sheet,04-Aug-26,"  EUR 53,613.87 ",4289.11,
MC-101865,Sato Industrial K.K.,USD,erp_north,2026-07-13,$17519.19,1401.54,CC-300
MC-101310,Meridian Tooling,US Dollar,erp_south,07/24/2026,$15767.31,1261.38,CC-300
MC-100033,britewire ltd.,Euro,erp_south,07/29/2026,EUR 2702.12,216.17,CC-100
MC-100787,Alpha Fasteners Inc.,usd,email_sheet,04-Aug-26,$936.12,74.89,CC-100
MC-101043,Perez Castings SA,USD,erp_north,2026-07-03,$33785.12,2702.81,CC-200
MC-100481,Sato Industrial KK,USD,erp_north,2026-08-19,  $96833.22 ,7746.66,CC-100
MC-101243,RHEIN POLYMER,Euro,erp_south,07/24/2026,EUR 38871.34,3109.71,CC-200
MC-100931,Rhein Polymer GmbH,eur,email_sheet,21-Sep-26,"EUR 43,330.61",3466.45,
MC-100108,sato industrial k.k.,US Dollar,erp_south,08/08/2026,$56495.74,4519.66,CC-300
MC-101685,Meridian Tooling (internal),USD,erp_north,2026-09-29,$21632.19,1730.58,CC-100
MC-101248,"Perez Castings, S.A.",US Dollar,erp_south,08/23/2026,$60224.14,4817.93,CC-200
MC-100759,Perez Castings S.A.,USD,erp_north,2026-08-20,$59505.95,,CC-100
MC-100092,Alpha Fasteners,USD,erp_north,2026-07-09,$2607.09,208.57,CC-200
MC-101175,Kwan Precision Ltd.,USD,erp_north,2026-08-19,$11992.14,959.37,CC-400
MC-101415,Nordic Steel Co,EUR,erp_north,2026-07-11,EUR 92205.92,7376.47,CC-200
MC-101341,Britewire Ltd,eur,email_sheet,05-Aug-26,"EUR 1,689.05",135.12,
MC-101472,RHEIN POLYMER,Euro,erp_south,08/20/2026,EUR 52458.79,4196.7,CC-100
MC-102327,"Alpha Fasteners, Inc.",USD,erp_north,2026-08-03,$3017.63,241.41,CC-300
MC-101607,Britewire Ltd.,Euro,erp_south,07/14/2026,EUR 3533.12,282.65,CC-100
MC-100764,Rhein  Polymer GmbH,eur,email_sheet,15-Jul-26,"EUR 28,731.85",2298.55,
MC-101373,RHEIN POLYMER,EUR,erp_north,2026-09-07,  EUR 27675.18 ,2214.01,CC-100
MC-101951,MERIDIAN TOOLING INTERNAL,US Dollar,erp_south,08/12/2026,  $16205.75 ,1296.46,CC-300
MC-100834,BRITEWIRE,Euro,erp_south,08/08/2026,EUR 46.79,3.74,CC-200
MC-101728,Britewire Ltd,EUR,erp_north,2026-08-23,EUR 3105.92,,CC-100
MC-100257,Meridian Tooling (internal),US Dollar,erp_south,08/21/2026,  $14205.03 ,1136.4,CC-300
MC-100944,Alpha Fasteners Inc.,USD,erp_north,2026-09-27,$5890.47,471.24,CC-100
MC-101219,alpha fasteners inc,usd,email_sheet,15-Jul-26,$960.24,76.82,
MC-101161,SATO INDUSTRIAL,USD,erp_north,2026-07-27,$54906.30,4392.5,CC-100
MC-100772,Alpha Fasteners,USD,erp_north,2026-08-06,$3276.90,262.15,CC-300
MC-101486,Perez Castings S.A.,US Dollar,erp_south,08/29/2026,$90960.39,,CC-400
MC-102249,"Alpha Fasteners, Inc.",US Dollar,erp_south,07/19/2026,$1224.28,97.94,CC-100
MC-100312,"Alpha Fasteners, Inc.",USD,erp_north,2026-09-30,$912.56,73.0,CC-300
MC-100290,NORDIC STEEL,EUR,erp_north,2026-09-26,EUR 123303.42,9864.27,CC-100
MC-100763,RHEIN POLYMER,Euro,erp_south,09/02/2026,EUR 44140.67,3531.25,CC-200
MC-100183,Alpha Fasteners Inc.,USD,erp_north,2026-08-09,$6072.58,485.81,CC-300
MC-101176,NORDIC STEEL,eur,email_sheet,26-Aug-26,"EUR 30,272.01",2421.76,
MC-101349,"Perez Castings, S.A.",US Dollar,erp_south,07/18/2026,$121393.81,9711.5,CC-400
MC-102298,Meridian Tooling (internal),USD,erp_north,2026-08-14,$10833.65,866.69,CC-400
MC-101099,Sato Industrial KK,US Dollar,erp_south,09/08/2026,$45268.69,3621.5,CC-300
MC-100391,MERIDIAN TOOLING INTERNAL,USD,erp_north,2026-07-15,  $14061.16 ,,CC-300
MC-101919, Nordic Steel Co. ,EUR,erp_north,2026-08-23,EUR 36332.64,2906.61,CC-300
MC-101456,Kwan Precision Ltd.,US Dollar,erp_south,08/06/2026,$31011.02,2480.88,CC-300
MC-101092,"Perez Castings, S.A.",US Dollar,erp_south,08/16/2026,$50219.14,4017.53,CC-300
MC-102022,alpha fasteners inc,USD,erp_north,2026-07-27,$2387.35,190.99,CC-300
MC-100904,Meridian Tooling,USD,erp_north,2026-07-16,$9929.34,794.35,CC-200
MC-100366,SATO INDUSTRIAL,USD,erp_north,2026-09-29,$41453.41,,CC-400
MC-100345,Kwan Precision Ltd.,usd,email_sheet,06-Aug-26,"$24,418.71",1953.5,
MC-101372,Britewire Ltd,EUR,erp_north,2026-07-24,EUR 2806.16,,CC-400
MC-101639,Britewire Ltd,eur,email_sheet,05-Sep-26,"EUR 4,298.58",343.89,
MC-100919,Perez Castings SA,USD,erp_north,2026-07-31,$33294.66,2663.57,CC-300
MC-100211,NORDIC STEEL,eur,email_sheet,15-Aug-26,"EUR 59,251.70",4740.14,
MC-101603,sato industrial k.k.,US Dollar,erp_south,08/04/2026,$42733.77,3418.7,CC-400
MC-100537,Kwan Precision Ltd.,USD,erp_north,2026-09-14,  $2498.22 ,199.86,CC-400
MC-101220,Rhein Polymer GmbH,eur,email_sheet,06-Jul-26,"EUR 1,365.12",109.21,
MC-100175,nordic steel co.,EUR,erp_north,2026-09-30,  EUR 201529.72 ,16122.38,CC-300
