key,pop,NOM_ENT,stores,NOM_MUN,per10k
01001,948990,Aguascalientes,247.0,Aguascalientes,2.602767152446285
01002,51536,Aguascalientes,3.0,Asientos,0.5821173548587395
01003,58250,Aguascalientes,9.0,Calvillo,1.5450643776824033
01004,17000,Aguascalientes,3.0,Cosío,1.7647058823529413
01005,129929,Aguascalientes,38.0,Jesús María,2.924674245164667
01006,47646,Aguascalientes,8.0,Pabellón de Arteaga,1.6790496578936323
01007,57369,Aguascalientes,7.0,Rincón de Romos,1.2201711725844968
01008,9552,Aguascalientes,1.0,San José de Gracia,1.0469011725293131
01009,22485,Aguascalientes,2.0,Tepezalá,0.88948187680676
01010,20853,Aguascalientes,2.0,El Llano,0.9590946146837386
01011,61997,Aguascalientes,14.0,San Francisco de los Romo,2.258173782602384
02001,561375,Baja California,161.0,Ensenada,2.8679581384992208
02002,1049792,Baja California,461.0,Mexicali,4.391346095226483
02003,108440,Baja California,63.0,Tecate,5.809664330505348
02004,1922523,Baja California,694.0,Tijuana,3.609839778249727
02005,126890,Baja California,55.0,Playas de Rosarito,4.3344629206399246
03001,73021,Baja California Sur,8.0,Comondú,1.0955752454773284
03002,64022,Baja California Sur,18.0,Mulegé,2.8115335353472246
03003,292241,Baja California Sur,149.0,La Paz,5.09853169130957
03008,351111,Baja California Sur,142.0,Los Cabos,4.0443050773117335
03009,18052,Baja California Sur,10.0,Loreto,5.539552404165743
04001,59232,Campeche,6.0,Calkiní,1.012965964343598
04002,294077,Campeche,64.0,Campeche,2.1763007647656907
04003,248845,Campeche,58.0,Carmen,2.3307681488476764
04004,93467,Campeche,9.0,Champotón,0.9629066943413183
04005,31917,Campeche,1.0,Hecelchakán,0.31331265469812325
04006,42140,Campeche,1.0,Hopelchén,0.23730422401518747
04007,8683,Campeche,0.0,Palizada,0.0
04008,11452,Campeche,1.0,Tenabo,0.8732099196646873
04009,59923,Campeche,7.0,Escárcega,1.1681658127930845
04010,31714,Campeche,2.0,Calakmul,0.6306363120388472
04011,46913,Campeche,1.0,Candelaria,0.21316053119604375
05001,1022,Coahuila de Zaragoza,0.0,Abasolo,0.0
05002,163058,Coahuila de Zaragoza,71.0,Acuña,4.3542788455641555
05003,23056,Coahuila de Zaragoza,8.0,Allende,3.4698126301179735
05004,29578,Coahuila de Zaragoza,17.0,Arteaga,5.747515044965853
05005,1643,Coahuila de Zaragoza,1.0,Candela,6.086427267194157
05006,29128,Coahuila de Zaragoza,12.0,Castaños,4.11974732216424
05007,12715,Coahuila de Zaragoza,7.0,Cuatro Ciénegas,5.505308690523004
05008,3047,Coahuila de Zaragoza,1.0,Escobedo,3.281916639317361
05009,59035,Coahuila de Zaragoza,13.0,Francisco I. Madero,2.2020835097823324
05010,82409,Coahuila de Zaragoza,40.0,Frontera,4.8538387797449305
05011,11898,Coahuila de Zaragoza,1.0,General Cepeda,0.8404773911581779
05012,1643,Coahuila de Zaragoza,0.0,Guerrero,0.0
05013,1735,Coahuila de Zaragoza,0.0,Hidalgo,0.0
05014,9502,Coahuila de Zaragoza,0.0,Jiménez,0.0
05015,1584,Coahuila de Zaragoza,0.0,Juárez,0.0
05016,1764,Coahuila de Zaragoza,1.0,Lamadrid,5.668934240362812
05017,118337,Coahuila de Zaragoza,21.0,Matamoros,1.7745928999383118
05018,237951,Coahuila de Zaragoza,133.0,Monclova,5.589386050069132
05019,7928,Coahuila de Zaragoza,4.0,Morelos,5.045408678102927
05020,71627,Coahuila de Zaragoza,27.0,Múzquiz,3.769528250520055
05021,6539,Coahuila de Zaragoza,5.0,Nadadores,7.6464291176020796
05022,33129,Coahuila de Zaragoza,10.0,Nava,3.0185034260013883
05023,9642,Coahuila de Zaragoza,2.0,Ocampo,2.0742584526031944
05024,44472,Coahuila de Zaragoza,13.0,Parras,2.9231876236733227
05025,176327,Coahuila de Zaragoza,103.0,Piedras Negras,5.841419635109768
05026,3239,Coahuila de Zaragoza,1.0,Progreso,3.0873726458783577
05027,122243,Coahuila de Zaragoza,57.0,Ramos Arizpe,4.662843680210728
05028,64811,Coahuila de Zaragoza,36.0,Sabinas,5.554612642915555
05029,2471,Coahuila de Zaragoza,1.0,Sacramento,4.046944556859571
05030,879958,Coahuila de Zaragoza,320.0,Saltillo,3.6365371983662858
05031,24759,Coahuila de Zaragoza,12.0,San Buenaventura,4.846722403974312
05032,42260,Coahuila de Zaragoza,23.0,San Juan de Sabinas,5.442498816848083
05033,101041,Coahuila de Zaragoza,19.0,San Pedro,1.8804247780603915
05034,6744,Coahuila de Zaragoza,0.0,Sierra Mojada,0.0
05035,720848,Coahuila de Zaragoza,208.0,Torreón,2.8854904223914053
05036,20305,Coahuila de Zaragoza,0.0,Viesca,0.0
05037,6188,Coahuila de Zaragoza,2.0,Villa Unión,3.2320620555914674
05038,13135,Coahuila de Zaragoza,4.0,Zaragoza,3.0452988199467073
06001,27626,Colima,3.0,Armería,1.085933540867299
06002,157048,Colima,46.0,Colima,2.9290408028118793
06003,21661,Colima,2.0,Comala,0.9233184063524307
06004,20837,Colima,1.0,Coquimatlán,0.4799155348658636
06005,31267,Colima,4.0,Cuauhtémoc,1.2793040585921258
06006,5623,Colima,0.0,Ixtlahuacán,0.0
06007,191031,Colima,76.0,Manzanillo,3.9784118807942166
06008,10231,Colima,2.0,Minatitlán,1.954843123839312
06009,116305,Colima,14.0,Tecomán,1.203731567860367
06010,149762,Colima,28.0,Villa de Álvarez,1.8696331512666766
07001,17994,Chiapas,1.0,Acacoyagua,0.5557408024897188
07002,31970,Chiapas,2.0,Acala,0.6255864873318736
07003,26899,Chiapas,2.0,Acapetahua,0.7435220640172497
07004,36160,Chiapas,0.0,Altamirano,0.0
07005,24512,Chiapas,0.0,Amatán,0.0
07006,31735,Chiapas,0.0,Amatenango de la Frontera,0.0
07007,11283,Chiapas,1.0,Amatenango del Valle,0.8862891075068687
07008,31947,Chiapas,1.0,Angel Albino Corzo,0.3130184367859267
07009,41135,Chiapas,7.0,Arriaga,1.7017138689680322
07010,7365,Chiapas,0.0,Bejucal de Ocampo,0.0
07011,20157,Chiapas,0.0,Bella Vista,0.0
07012,64632,Chiapas,5.0,Berriozábal,0.7736105953707142
07013,37263,Chiapas,1.0,Bochil,0.2683627190510694
07014,24273,Chiapas,0.0,El Bosque,0.0
07015,50112,Chiapas,3.0,Cacahoatán,0.5986590038314176
07016,17619,Chiapas,2.0,Catazajá,1.1351382030762245
07017,88106,Chiapas,3.0,Cintalapa,0.34049894445327217
07018,9900,Chiapas,0.0,Coapilla,0.0
07019,166178,Chiapas,17.0,Comitán de Domínguez,1.0229994343414892
07020,49920,Chiapas,0.0,La Concordia,0.0
07021,22192,Chiapas,1.0,Copainalá,0.45061283345349673
07022,21915,Chiapas,0.0,Chalchihuitán,0.0
07023,101967,Chiapas,0.0,Chamula,0.0
07024,13678,Chiapas,0.0,Chanal,0.0
07025,7472,Chiapas,0.0,Chapultenango,0.0
07026,47371,Chiapas,0.0,Chenalhó,0.0
07027,112075,Chiapas,11.0,Chiapa de Corzo,0.9814856123131832
07028,6156,Chiapas,0.0,Chiapilla,0.0
07029,5402,Chiapas,0.0,Chicoasén,0.0
07030,36785,Chiapas,0.0,Chicomuselo,0.0
07031,137262,Chiapas,0.0,Chilón,0.0
07032,30896,Chiapas,4.0,Escuintla,1.2946659761781458
07033,7245,Chiapas,0.0,Francisco León,0.0
07034,80897,Chiapas,1.0,Frontera Comalapa,0.12361397826866262
07035,14556,Chiapas,0.0,Frontera Hidalgo,0.0
07036,7701,Chiapas,0.0,La Grandeza,0.0
07037,36333,Chiapas,2.0,Huehuetán,0.5504637657226213
07038,22975,Chiapas,0.0,Huixtán,0.0
07039,27893,Chiapas,0.0,Huitiupán,0.0
07040,53242,Chiapas,3.0,Huixtla,0.5634649336989594
07041,46409,Chiapas,0.0,La Independencia,0.0
07042,11377,Chiapas,0.0,Ixhuatán,0.0
07043,10961,Chiapas,0.0,Ixtacomitán,0.0
07044,28999,Chiapas,0.0,Ixtapa,0.0
07045,6284,Chiapas,0.0,Ixtapangajoya,0.0
07046,41063,Chiapas,2.0,Jiquipilas,0.48705647419818326
07047,24966,Chiapas,0.0,Jitotol,0.0
07048,21807,Chiapas,1.0,Juárez,0.45856834961250975
07049,31259,Chiapas,0.0,Larráinzar,0.0
07050,5232,Chiapas,0.0,La Libertad,0.0
07051,46130,Chiapas,2.0,Mapastepec,0.43355733795794493
07052,141027,Chiapas,1.0,Las Margaritas,0.07090840760989031
07053,7901,Chiapas,0.0,Mazapa de Madero,0.0
07054,28250,Chiapas,1.0,Mazatán,0.35398230088495575
07055,5876,Chiapas,0.0,Metapa,0.0
07056,13755,Chiapas,0.0,Mitontic,0.0
07057,76398,Chiapas,0.0,Motozintla,0.0
07058,4765,Chiapas,0.0,Nicolás Ruíz,0.0
07059,234661,Chiapas,3.0,Ocosingo,0.12784399623286358
07060,14088,Chiapas,0.0,Ocotepec,0.0
07061,97397,Chiapas,5.0,Ocozocoautla de Espinosa,0.5133628345842275
07062,18469,Chiapas,0.0,Ostuacán,0.0
07063,3983,Chiapas,0.0,Osumacinta,0.0
07064,54932,Chiapas,0.0,Oxchuc,0.0
07065,132265,Chiapas,14.0,Palenque,1.0584810796507012
07066,26391,Chiapas,0.0,Pantelhó,0.0
07067,12266,Chiapas,0.0,Pantepec,0.0
07068,31919,Chiapas,2.0,Pichucalco,0.6265860459287572
07069,51193,Chiapas,1.0,Pijijiapan,0.19533920653214307
07070,12263,Chiapas,0.0,El Porvenir,0.0
07071,30297,Chiapas,1.0,Villa Comaltitlán,0.33006568307093115
07072,38354,Chiapas,0.0,Pueblo Nuevo Solistahuacán,0.0
07073,10866,Chiapas,0.0,Rayón,0.0
07074,44829,Chiapas,6.0,Reforma,1.3384193267750786
07075,28829,Chiapas,0.0,Las Rosas,0.0
07076,29889,Chiapas,0.0,Sabanilla,0.0
07077,64251,Chiapas,0.0,Salto de Agua,0.0
07078,215874,Chiapas,30.0,San Cristóbal de las Casas,1.3896995469579476
07079,41793,Chiapas,4.0,San Fernando,0.9570980786256071
07080,41902,Chiapas,0.0,Siltepec,0.0
07081,52935,Chiapas,0.0,Simojovel,0.0
07082,15518,Chiapas,0.0,Sitalá,0.0
07083,19092,Chiapas,0.0,Socoltenango,0.0
07084,8561,Chiapas,0.0,Solosuchiapa,0.0
07085,10890,Chiapas,1.0,Soyaló,0.9182736455463728
07086,25627,Chiapas,1.0,Suchiapa,0.39021344675537517
07087,41672,Chiapas,5.0,Suchiate,1.1998464196582839
07088,2308,Chiapas,0.0,Sunuapa,0.0
07089,353706,Chiapas,57.0,Tapachula,1.6115078624620447
07090,4547,Chiapas,0.0,Tapalapa,0.0
07091,13592,Chiapas,0.0,Tapilula,0.0
07092,45273,Chiapas,1.0,Tecpatán,0.22088220352086232
07093,48162,Chiapas,0.0,Tenejapa,0.0
07094,49499,Chiapas,2.0,Teopisca,0.4040485666377098
07096,83505,Chiapas,0.0,Tila,0.0
07097,91913,Chiapas,7.0,Tonalá,0.7615897642335687
07098,7211,Chiapas,0.0,Totolapa,0.0
07099,83111,Chiapas,2.0,La Trinitaria,0.24064203294389433
07100,38025,Chiapas,0.0,Tumbalá,0.0
07101,604147,Chiapas,137.0,Tuxtla Gutiérrez,2.267660023140064
07102,41024,Chiapas,5.0,Tuxtla Chico,1.218798751950078
07103,30302,Chiapas,0.0,Tuzantán,0.0
07104,16560,Chiapas,0.0,Tzimol,0.0
07105,16008,Chiapas,0.0,Unión Juárez,0.0
07106,67292,Chiapas,1.0,Venustiano Carranza,0.14860607501634668
07107,81230,Chiapas,1.0,Villa Corzo,0.12310722639418933
07108,109536,Chiapas,8.0,Villaflores,0.7303534910896874
07109,40285,Chiapas,0.0,Yajalón,0.0
07110,7526,Chiapas,0.0,San Lucas,0.0
07111,45373,Chiapas,0.0,Zinacantán,0.0
07112,37948,Chiapas,0.0,San Juan Cancuc,0.0
07113,8480,Chiapas,0.0,Aldama,0.0
07114,23603,Chiapas,0.0,Benemérito de las Américas,0.0
07115,14714,Chiapas,0.0,Maravilla Tenejapa,0.0
07116,12892,Chiapas,0.0,Marqués de Comillas,0.0
07117,8412,Chiapas,0.0,Montecristo de Guerrero,0.0
07118,6047,Chiapas,0.0,San Andrés Duraznal,0.0
07119,4959,Chiapas,0.0,Santiago el Pinar,0.0
08001,14635,Chihuahua,5.0,Ahumada,3.4164673727365904
08002,26047,Chihuahua,10.0,Aldama,3.839213729028295
08003,8487,Chihuahua,2.0,Allende,2.3565453045834803
08004,24344,Chihuahua,7.0,Aquiles Serdán,2.8754518567203418
08005,26093,Chihuahua,7.0,Ascensión,2.6827118384240984
08006,5807,Chihuahua,0.0,Bachíniva,0.0
08007,16440,Chihuahua,1.0,Balleza,0.6082725060827251
08008,11270,Chihuahua,0.0,Batopilas,0.0
08009,23351,Chihuahua,3.0,Bocoyna,1.28474155282429
08010,25146,Chihuahua,4.0,Buenaventura,1.5907102521275749
08011,49499,Chihuahua,19.0,Camargo,3.8384613830582435
08012,8113,Chihuahua,0.0,Carichí,0.0
08013,11815,Chihuahua,1.0,Casas Grandes,0.8463817181548878
08014,2034,Chihuahua,0.0,Coronado,0.0
08015,1230,Chihuahua,0.0,Coyame del Sotol,0.0
08016,3704,Chihuahua,1.0,La Cruz,2.699784017278618
08017,180638,Chihuahua,48.0,Cuauhtémoc,2.6572481980535656
08018,5099,Chihuahua,0.0,Cusihuiriachi,0.0
08019,937674,Chihuahua,375.0,Chihuahua,3.9992577377638714
08020,6222,Chihuahua,0.0,Chínipas,0.0
08021,150506,Chihuahua,35.0,Delicias,2.325488684836485
08022,2456,Chihuahua,1.0,Dr. Belisario Domínguez,4.071661237785016
08023,6656,Chihuahua,1.0,Galeana,1.5024038461538463
08024,3791,Chihuahua,1.0,Santa Isabel,2.637826431020839
08025,7023,Chihuahua,2.0,Gómez Farías,2.847785846504343
08026,2448,Chihuahua,0.0,Gran Morelos,0.0
08027,50180,Chihuahua,2.0,Guachochi,0.3985651654045436
08028,4237,Chihuahua,0.0,Guadalupe,0.0
08029,50514,Chihuahua,0.0,Guadalupe y Calvo,0.0
08030,8196,Chihuahua,0.0,Guazapares,0.0
08031,35473,Chihuahua,4.0,Guerrero,1.1276181884813803
08032,116662,Chihuahua,33.0,Hidalgo del Parral,2.828684575954467
08033,824,Chihuahua,0.0,Huejotitán,0.0
08034,5196,Chihuahua,0.0,Ignacio Zaragoza,0.0
08035,11005,Chihuahua,1.0,Janos,0.9086778736937755
08036,40859,Chihuahua,9.0,Jiménez,2.202697080202648
08037,1512450,Chihuahua,406.0,Juárez,2.684386260702833
08038,4980,Chihuahua,0.0,Julimes,0.0
08039,4122,Chihuahua,1.0,López,2.42600679281902
08040,25144,Chihuahua,3.0,Madera,1.1931275851097678
08041,1302,Chihuahua,0.0,Maguarichi,0.0
08042,1178,Chihuahua,0.0,Manuel Benavides,0.0
08043,2742,Chihuahua,0.0,Matachí,0.0
08044,4314,Chihuahua,0.0,Matamoros,0.0
08045,44853,Chihuahua,16.0,Meoqui,3.5672084364479524
08046,7266,Chihuahua,0.0,Morelos,0.0
08047,4447,Chihuahua,0.0,Moris,0.0
08048,22712,Chihuahua,0.0,Namiquipa,0.0
08049,2757,Chihuahua,0.0,Nonoava,0.0
08050,65753,Chihuahua,19.0,Nuevo Casas Grandes,2.88960199534622
08051,8127,Chihuahua,2.0,Ocampo,2.4609326934908333
08052,24534,Chihuahua,13.0,Ojinaga,5.298769055188718
08053,5111,Chihuahua,0.0,Praxedis G. Guerrero,0.0
08054,7695,Chihuahua,0.0,Riva Palacio,0.0
08055,16776,Chihuahua,1.0,Rosales,0.5960896518836433
08056,2079,Chihuahua,0.0,Rosario,0.0
08057,2197,Chihuahua,0.0,San Francisco de Borja,0.0
08058,2696,Chihuahua,0.0,San Francisco de Conchos,0.0
08059,5004,Chihuahua,0.0,San Francisco del Oro,0.0
08060,11582,Chihuahua,3.0,Santa Bárbara,2.5902262130892764
08061,3414,Chihuahua,0.0,Satevó,0.0
08062,29862,Chihuahua,5.0,Saucillo,1.674368762976358
08063,5320,Chihuahua,0.0,Temósachic,0.0
08064,1448,Chihuahua,0.0,El Tule,0.0
08065,17043,Chihuahua,0.0,Urique,0.0
08066,6512,Chihuahua,0.0,Uruachi,0.0
08067,4775,Chihuahua,2.0,Valle de Zaragoza,4.18848167539267
09002,432205,Ciudad de México,81.0,Azcapotzalco,1.8741106650779145
09003,614447,Ciudad de México,110.0,Coyoacán,1.7902276355812623
09004,217686,Ciudad de México,32.0,Cuajimalpa de Morelos,1.4700072581608372
09005,1173351,Ciudad de México,116.0,Gustavo A. Madero,0.9886214781425166
09006,404695,Ciudad de México,59.0,Iztacalco,1.4578880391405875
09007,1835486,Ciudad de México,164.0,Iztapalapa,0.8934963274032055
09008,247622,Ciudad de México,21.0,La Magdalena Contreras,0.8480668115110935
09009,152685,Ciudad de México,0.0,Milpa Alta,0.0
09010,759137,Ciudad de México,114.0,Álvaro Obregón,1.5017052258024575
09011,392313,Ciudad de México,27.0,Tláhuac,0.6882259828249383
09012,699928,Ciudad de México,85.0,Tlalpan,1.2144106250928666
09013,442178,Ciudad de México,22.0,Xochimilco,0.4975371909050202
09014,434153,Ciudad de México,179.0,Benito Juárez,4.122970473542737
09015,545884,Ciudad de México,248.0,Cuauhtémoc,4.543089740677507
09016,414470,Ciudad de México,125.0,Miguel Hidalgo,3.0158998238714503
09017,443704,Ciudad de México,106.0,Venustiano Carranza,2.388980040747886
10001,31454,Durango,6.0,Canatlán,1.907547529725949
10002,4321,Durango,0.0,Canelas,0.0
10003,4084,Durango,0.0,Coneto de Comonfort,0.0
10004,34955,Durango,8.0,Cuencamé,2.2886568445143753
10005,688697,Durango,201.0,Durango,2.9185548942423156
10006,10038,Durango,0.0,General Simón Bolívar,0.0
10007,372750,Durango,80.0,Gómez Palacio,2.146210596914822
10008,36695,Durango,8.0,Guadalupe Victoria,2.1801335331789073
10009,9869,Durango,2.0,Guanaceví,2.026547775863816
10010,3843,Durango,1.0,Hidalgo,2.602133749674733
10011,4748,Durango,1.0,Indé,2.1061499578770007
10012,163313,Durango,32.0,Lerdo,1.9594276022117039
10013,26932,Durango,9.0,Mapimí,3.341749591563939
10014,48583,Durango,1.0,Mezquital,0.20583331618055697
10015,12894,Durango,3.0,Nazas,2.3266635644485807
10016,19060,Durango,5.0,Nombre de Dios,2.623294858342078
10017,8003,Durango,1.0,Ocampo,1.249531425715357
10018,10384,Durango,2.0,El Oro,1.926040061633282
10019,4924,Durango,0.0,Otáez,0.0
10020,12656,Durango,2.0,Pánuco de Coronado,1.5802781289506955
10021,11118,Durango,2.0,Peñón Blanco,1.7988846914912755
10022,25623,Durango,4.0,Poanas,1.5610974515084104
10023,51269,Durango,10.0,Pueblo Nuevo,1.9504964013341395
10024,12818,Durango,3.0,Rodeo,2.3404587299110626
10025,2837,Durango,0.0,San Bernardo,0.0
10026,17333,Durango,0.0,San Dimas,0.0
10027,5251,Durango,1.0,San Juan de Guadalupe,1.9043991620643688
10028,12013,Durango,2.0,San Juan del Río,1.6648630650129028
10029,2103,Durango,1.0,San Luis del Cordero,4.755111745126011
10030,1633,Durango,0.0,San Pedro del Gallo,0.0
10031,6727,Durango,1.0,Santa Clara,1.486546751895347
10032,49207,Durango,11.0,Santiago Papasquiaro,2.2354543052817686
10033,6917,Durango,1.0,Súchil,1.4457134595923087
10034,26300,Durango,3.0,Tamazula,1.1406844106463878
10035,11378,Durango,3.0,Tepehuanes,2.6366672525927224
10036,21143,Durango,5.0,Tlahualilo,2.3648488861561745
10037,9320,Durango,0.0,Topia,0.0
10038,23476,Durango,8.0,Vicente Guerrero,3.407735559720566
10039,27981,Durango,4.0,Nuevo Ideal,1.429541474572031
11001,92040,Guanajuato,5.0,Abasolo,0.5432420686657975
11002,108697,Guanajuato,12.0,Acámbaro,1.103986310569749
11003,174615,Guanajuato,28.0,San Miguel de Allende,1.6035277610743637
11004,63392,Guanajuato,6.0,Apaseo el Alto,0.9464916708732963
11005,117883,Guanajuato,22.0,Apaseo el Grande,1.8662572211429977
11006,5296,Guanajuato,0.0,Atarjea,0.0
11007,521169,Guanajuato,101.0,Celaya,1.9379510293206235
11008,41240,Guanajuato,2.0,Manuel Doblado,0.48496605237633367
11009,82216,Guanajuato,3.0,Comonfort,0.364892478349713
11010,11083,Guanajuato,1.0,Coroneo,0.9022827754218172
11011,97928,Guanajuato,9.0,Cortazar,0.9190425618821992
11012,30857,Guanajuato,1.0,Cuerámaro,0.3240755744239556
11013,27390,Guanajuato,2.0,Doctor Mora,0.7301935012778387
11014,163038,Guanajuato,23.0,Dolores Hidalgo Cuna de la Independencia Nacional,1.4107140666593063
11015,194500,Guanajuato,53.0,Guanajuato,2.7249357326478147
11016,21128,Guanajuato,1.0,Huanímaro,0.473305566073457
11017,592953,Guanajuato,92.0,Irapuato,1.5515563628145908
11018,38782,Guanajuato,4.0,Jaral del Progreso,1.031406322520757
11019,49517,Guanajuato,0.0,Jerécuaro,0.0
11020,1721215,Guanajuato,289.0,León,1.6790464875102762
11021,47261,Guanajuato,6.0,Moroleón,1.2695457142252597
11022,26383,Guanajuato,0.0,Ocampo,0.0
11023,154960,Guanajuato,14.0,Pénjamo,0.9034589571502323
11024,12403,Guanajuato,0.0,Pueblo Nuevo,0.0
11025,83842,Guanajuato,9.0,Purísima del Rincón,1.0734476753894229
11026,65766,Guanajuato,2.0,Romita,0.3041085059149104
11027,273417,Guanajuato,39.0,Salamanca,1.4263926529806121
11028,94126,Guanajuato,6.0,Salvatierra,0.637443426895863
11029,41054,Guanajuato,2.0,San Diego de la Unión,0.48716324840454034
11030,119793,Guanajuato,6.0,San Felipe,0.5008639903834113
11031,130871,Guanajuato,23.0,San Francisco del Rincón,1.7574558152684705
11032,89558,Guanajuato,15.0,San José Iturbide,1.6748922485986735
11033,128536,Guanajuato,15.0,San Luis de la Paz,1.1669882367585735
11034,5723,Guanajuato,0.0,Santa Catarina,0.0
11035,82340,Guanajuato,5.0,Santa Cruz de Juventino Rosas,0.6072382803011902
11036,6714,Guanajuato,0.0,Santiago Maravatío,0.0
11037,203556,Guanajuato,30.0,Silao de la Victoria,1.4737959087425574
11038,11304,Guanajuato,0.0,Tarandacuao,0.0
11039,35905,Guanajuato,0.0,Tarimoro,0.0
11040,20007,Guanajuato,0.0,Tierra Blanca,0.0
11041,61494,Guanajuato,15.0,Uriangato,2.439262367060201
11042,150054,Guanajuato,16.0,Valle de Santiago,1.0662828048569182
11043,21253,Guanajuato,0.0,Victoria,0.0
11044,65791,Guanajuato,8.0,Villagrán,1.2159717894544846
11045,11143,Guanajuato,0.0,Xichú,0.0
11046,68741,Guanajuato,6.0,Yuriria,0.8728415356192083
12001,779566,Guerrero,258.0,Acapulco de Juárez,3.3095337662237703
12002,25205,Guerrero,0.0,Ahuacuotzingo,0.0
12003,37655,Guerrero,0.0,Ajuchitlán del Progreso,0.0
12004,21225,Guerrero,0.0,Alcozauca de Guerrero,0.0
12005,7813,Guerrero,0.0,Alpoyeca,0.0
12006,11112,Guerrero,0.0,Apaxtla,0.0
12007,33267,Guerrero,0.0,Arcelia,0.0
12008,9147,Guerrero,1.0,Atenango del Río,1.0932546190007653
12009,5811,Guerrero,0.0,Atlamajalcingo del Monte,0.0
12010,28491,Guerrero,0.0,Atlixtac,0.0
12011,60680,Guerrero,5.0,Atoyac de Álvarez,0.8239947264337507
12012,69123,Guerrero,3.0,Ayutla de los Libres,0.43400894058417605
12013,15099,Guerrero,1.0,Azoyú,0.6622955162593549
12014,15442,Guerrero,2.0,Benito Juárez,1.2951690195570522
12015,12982,Guerrero,2.0,Buenavista de Cuéllar,1.5405946695424435
12016,12408,Guerrero,0.0,Coahuayutla de José María Izazaga,0.0
12017,15579,Guerrero,0.0,Cocula,0.0
12018,14463,Guerrero,1.0,Copala,0.6914194842010648
12019,15598,Guerrero,0.0,Copalillo,0.0
12020,21648,Guerrero,0.0,Copanatoyac,0.0
12021,73056,Guerrero,7.0,Coyuca de Benítez,0.9581690757774858
12022,38554,Guerrero,0.0,Coyuca de Catalán,0.0
12023,26627,Guerrero,3.0,Cuajinicuilapa,1.1266759304465392
12024,7874,Guerrero,0.0,Cualác,0.0
12025,17024,Guerrero,0.0,Cuautepec,0.0
12026,8272,Guerrero,0.0,Cuetzala del Progreso,0.0
12027,20537,Guerrero,0.0,Cutzamala de Pinzón,0.0
12028,123722,Guerrero,4.0,Chilapa de Álvarez,0.32330547517822217
12029,283354,Guerrero,71.0,Chilpancingo de los Bravo,2.505699584265618
12030,22250,Guerrero,4.0,Florencio Villarreal,1.7977528089887642
12031,6278,Guerrero,0.0,General Canuto A. Neri,0.0
12032,37254,Guerrero,0.0,General Heliodoro Castillo,0.0
12033,17488,Guerrero,0.0,Huamuxtitlán,0.0
12034,36593,Guerrero,2.0,Huitzuco de los Figueroa,0.5465526193534282
12035,154173,Guerrero,33.0,Iguala de la Independencia,2.1404526084333835
12036,11739,Guerrero,1.0,Igualapa,0.8518613169775959
12037,6138,Guerrero,0.0,Ixcateopan de Cuauhtémoc,0.0
12038,126001,Guerrero,26.0,Zihuatanejo de Azueta,2.063475686700899
12039,26093,Guerrero,3.0,Juan R. Escudero,1.1497336450388993
12040,26357,Guerrero,1.0,Leonardo Bravo,0.3794058504382138
12041,29625,Guerrero,0.0,Malinaltepec,0.0
12042,18613,Guerrero,0.0,Mártir de Cuilapan,0.0
12043,18859,Guerrero,0.0,Metlatónoc,0.0
12044,12402,Guerrero,0.0,Mochitlán,0.0
12045,28446,Guerrero,0.0,Olinalá,0.0
12046,68207,Guerrero,7.0,Ometepec,1.0262876244373744
12047,7076,Guerrero,0.0,Pedro Ascencio Alquisiras,0.0
12048,44583,Guerrero,6.0,Petatlán,1.3458044546127448
12049,12753,Guerrero,0.0,Pilcaya,0.0
12050,38482,Guerrero,0.0,Pungarabato,0.0
12051,36143,Guerrero,0.0,Quechultenango,0.0
12052,46270,Guerrero,1.0,San Luis Acatlán,0.2161227577263886
12053,50124,Guerrero,5.0,San Marcos,0.9975261351847419
12054,24139,Guerrero,0.0,San Miguel Totolapan,0.0
12055,105586,Guerrero,12.0,Taxco de Alarcón,1.1365143106093611
12056,46063,Guerrero,1.0,Tecoanapa,0.21709397998393504
12057,65237,Guerrero,10.0,Técpan de Galeana,1.532872449683462
12058,53817,Guerrero,4.0,Teloloapan,0.7432595648215248
12059,30806,Guerrero,0.0,Tepecoacuilco de Trujano,0.0
12060,13552,Guerrero,0.0,Tetipac,0.0
12061,43171,Guerrero,3.0,Tixtla de Guerrero,0.6949109355817563
12062,22781,Guerrero,0.0,Tlacoachistlahuaca,0.0
12063,10092,Guerrero,0.0,Tlacoapa,0.0
12064,11681,Guerrero,0.0,Tlalchapa,0.0
12065,7602,Guerrero,0.0,Tlalixtaquilla de Maldonado,0.0
12066,96125,Guerrero,0.0,Tlapa de Comonfort,0.0
12067,22209,Guerrero,0.0,Tlapehuala,0.0
12068,26349,Guerrero,2.0,La Unión de Isidoro Montes de Oca,0.7590420888838286
12069,11966,Guerrero,0.0,Xalpatláhuac,0.0
12070,7862,Guerrero,0.0,Xochihuehuetlán,0.0
12071,29891,Guerrero,0.0,Xochistlahuaca,0.0
12072,12004,Guerrero,0.0,Zapotitlán Tablas,0.0
12073,18031,Guerrero,0.0,Zirándaro,0.0
12074,21977,Guerrero,0.0,Zitlala,0.0
12075,53126,Guerrero,3.0,Eduardo Neri,0.5646952527952416
12076,40197,Guerrero,0.0,Acatepec,0.0
12077,14280,Guerrero,3.0,Marquelia,2.100840336134454
12078,21241,Guerrero,0.0,Cochoapa el Grande,0.0
12079,18381,Guerrero,0.0,José Joaquín de Herrera,0.0
12080,7559,Guerrero,1.0,Juchitán,1.3229263130043656
12081,11679,Guerrero,0.0,Iliatenco,0.0
13001,22268,Hidalgo,2.0,Acatlán,0.8981498113885397
13002,46065,Hidalgo,2.0,Acaxochitlán,0.43416910886790405
13003,61002,Hidalgo,6.0,Actopan,0.983574309039048
13004,10313,Hidalgo,1.0,Agua Blanca de Iturbide,0.9696499563657519
13005,18872,Hidalgo,0.0,Ajacuba,0.0
13006,19162,Hidalgo,0.0,Alfajayucan,0.0
13007,12546,Hidalgo,0.0,Almoloya,0.0
13008,46681,Hidalgo,6.0,Apan,1.2853195090079474
13009,19836,Hidalgo,2.0,El Arenal,1.008267795926598
13010,31525,Hidalgo,5.0,Atitalaquia,1.5860428231562254
13011,19812,Hidalgo,1.0,Atlapexco,0.5047445992327882
13012,30135,Hidalgo,5.0,Atotonilco el Grande,1.6592002654720426
13013,62470,Hidalgo,9.0,Atotonilco de Tula,1.440691531935329
13014,16150,Hidalgo,1.0,Calnali,0.6191950464396285
13015,19431,Hidalgo,0.0,Cardonal,0.0
13016,60421,Hidalgo,2.0,Cuautepec de Hinojosa,0.3310107412985551
13017,12967,Hidalgo,0.0,Chapantongo,0.0
13018,22903,Hidalgo,0.0,Chapulhuacán,0.0
13019,18909,Hidalgo,0.0,Chilcuautla,0.0
13020,2593,Hidalgo,0.0,Eloxochitlán,0.0
13021,15175,Hidalgo,3.0,Emiliano Zapata,1.9769357495881383
13022,16285,Hidalgo,1.0,Epazoyucan,0.6140620202640467
13023,36248,Hidalgo,4.0,Francisco I. Madero,1.1035091591260209
13024,17607,Hidalgo,2.0,Huasca de Ocampo,1.1359118532401886
13025,20673,Hidalgo,0.0,Huautla,0.0
13026,12766,Hidalgo,0.0,Huazalingo,0.0
13027,22846,Hidalgo,0.0,Huehuetla,0.0
13028,126781,Hidalgo,4.0,Huejutla de Reyes,0.31550468918844304
13029,47425,Hidalgo,4.0,Huichapan,0.8434370057986293
13030,98654,Hidalgo,13.0,Ixmiquilpan,1.3177367364729256
13031,12290,Hidalgo,0.0,Jacala de Ledezma,0.0
13032,10523,Hidalgo,0.0,Jaltocán,0.0
13033,2895,Hidalgo,0.0,Juárez Hidalgo,0.0
13034,9474,Hidalgo,1.0,Lolotla,1.055520371543171
13035,13078,Hidalgo,1.0,Metepec,0.764642911760208
13036,9449,Hidalgo,1.0,San Agustín Metzquititlán,1.0583130489998942
13037,20962,Hidalgo,1.0,Metztitlán,0.47705371624844956
13038,8878,Hidalgo,0.0,Mineral del Chico,0.0
13039,14324,Hidalgo,1.0,Mineral del Monte,0.6981290142418318
13040,9819,Hidalgo,0.0,La Misión,0.0
13041,47222,Hidalgo,7.0,Mixquiahuala de Juárez,1.4823599169878445
13042,11578,Hidalgo,1.0,Molango de Escamilla,0.8637070305752289
13043,6265,Hidalgo,0.0,Nicolás Flores,0.0
13044,16948,Hidalgo,0.0,Nopala de Villagrán,0.0
13045,9295,Hidalgo,1.0,Omitlán de Juárez,1.0758472296933836
13046,38492,Hidalgo,1.0,San Felipe Orizatlán,0.259794242959576
13047,4748,Hidalgo,0.0,Pacula,0.0
13048,314331,Hidalgo,88.0,Pachuca de Soto,2.7995966035803024
13049,18723,Hidalgo,0.0,Pisaflores,0.0
13050,23641,Hidalgo,4.0,Progreso de Obregón,1.691975804745992
13051,202749,Hidalgo,51.0,Mineral de la Reforma,2.515425476821094
13052,38891,Hidalgo,10.0,San Agustín Tlaxiaca,2.571288987169268
13053,17699,Hidalgo,0.0,San Bartolo Tutotepec,0.0
13054,36796,Hidalgo,4.0,San Salvador,1.0870746820306556
13055,18329,Hidalgo,1.0,Santiago de Anaya,0.545583501554913
13056,39561,Hidalgo,6.0,Santiago Tulantepec de Lugo Guerrero,1.516645180859938
13057,15142,Hidalgo,3.0,Singuilucan,1.9812442213710209
13058,17441,Hidalgo,2.0,Tasquillo,1.146723238346425
13059,38010,Hidalgo,3.0,Tecozautla,0.7892659826361483
13060,17503,Hidalgo,0.0,Tenango de Doria,0.0
13061,56245,Hidalgo,7.0,Tepeapulco,1.2445550715619165
13062,31235,Hidalgo,0.0,Tepehuacán de Guerrero,0.0
13063,90546,Hidalgo,7.0,Tepeji del Río de Ocampo,0.7730877123230182
13064,10830,Hidalgo,0.0,Tepetitlán,0.0
13065,11768,Hidalgo,1.0,Tetepango,0.849762066621346
13066,13032,Hidalgo,2.0,Villa de Tezontepec,1.534683855125844
13067,55134,Hidalgo,3.0,Tezontepec de Aldama,0.5441288497116117
13068,14340,Hidalgo,0.0,Tianguistengo,0.0
13069,168302,Hidalgo,30.0,Tizayuca,1.782510011764566
13070,19067,Hidalgo,4.0,Tlahuelilpan,2.0978654219331827
13071,9086,Hidalgo,0.0,Tlahuiltepa,0.0
13072,11113,Hidalgo,1.0,Tlanalapa,0.8998470260055791
13073,37722,Hidalgo,0.0,Tlanchinol,0.0
13074,28626,Hidalgo,3.0,Tlaxcoapan,1.0479983232026828
13075,21362,Hidalgo,5.0,Tolcayuca,2.340604812283494
13076,115107,Hidalgo,27.0,Tula de Allende,2.345643618546222
13077,168369,Hidalgo,28.0,Tulancingo de Bravo,1.6630139752567277
13078,18260,Hidalgo,0.0,Xochiatipan,0.0
13079,7015,Hidalgo,0.0,Xochicoatlán,0.0
13080,24674,Hidalgo,0.0,Yahualica,0.0
13081,38155,Hidalgo,2.0,Zacualtipán de Ángeles,0.524177696239025
13082,21443,Hidalgo,5.0,Zapotlán de Juárez,2.331763279391876
13083,57906,Hidalgo,13.0,Zempoala,2.245017787448624
13084,39927,Hidalgo,3.0,Zimapán,0.751371252535878
14001,23175,Jalisco,4.0,Acatic,1.725997842502697
14002,25250,Jalisco,7.0,Acatlán de Juárez,2.772277227722772
14003,23630,Jalisco,3.0,Ahualulco de Mercado,1.2695725772323319
14004,5743,Jalisco,0.0,Amacueca,0.0
14005,16490,Jalisco,3.0,Amatitán,1.8192844147968465
14006,60386,Jalisco,13.0,Ameca,2.152816878084324
14007,9433,Jalisco,1.0,San Juanito de Escobedo,1.060108131029365
14008,80609,Jalisco,14.0,Arandas,1.7367787716011858
14009,21115,Jalisco,6.0,El Arenal,2.8415818138763913
14010,7758,Jalisco,1.0,Atemajac de Brizuela,1.288992008249549
14011,5599,Jalisco,0.0,Atengo,0.0
14012,4176,Jalisco,0.0,Atenguillo,0.0
14013,64009,Jalisco,9.0,Atotonilco el Alto,1.4060522738989831
14014,8689,Jalisco,1.0,Atoyac,1.150880423523996
14015,64931,Jalisco,17.0,Autlán de Navarro,2.618163897059956
14016,41552,Jalisco,3.0,Ayotlán,0.7219869079707354
14017,12880,Jalisco,1.0,Ayutla,0.7763975155279503
14018,67937,Jalisco,12.0,La Barca,1.7663423465858075
14019,7043,Jalisco,0.0,Bolaños,0.0
14020,10940,Jalisco,2.0,Cabo Corrientes,1.8281535648994516
14021,20548,Jalisco,3.0,Casimiro Castillo,1.4599961066770488
14022,40139,Jalisco,14.0,Cihuatlán,3.487879618326316
14023,115141,Jalisco,23.0,Zapotlán el Grande,1.997550828983594
14024,29267,Jalisco,4.0,Cocula,1.3667270304438446
14025,19689,Jalisco,3.0,Colotlán,1.523693432881304
14026,6334,Jalisco,1.0,Concepción de Buenos Aires,1.5787811809283232
14027,18370,Jalisco,1.0,Cuautitlán de García Barragán,0.5443658138268916
14028,2166,Jalisco,0.0,Cuautla,0.0
14029,17820,Jalisco,0.0,Cuquío,0.0
14030,55196,Jalisco,20.0,Chapala,3.6234509747083123
14031,3270,Jalisco,0.0,Chimaltitán,0.0
14032,5983,Jalisco,1.0,Chiquilistlán,1.671402306535183
14033,21226,Jalisco,3.0,Degollado,1.413360972392349
14034,1981,Jalisco,0.0,Ejutla,0.0
14035,53039,Jalisco,7.0,Encarnación de Díaz,1.3197835554968986
14036,20011,Jalisco,3.0,Etzatlán,1.4991754535005746
14037,25920,Jalisco,5.0,El Grullo,1.9290123456790123
14038,4199,Jalisco,0.0,Guachinango,0.0
14039,1385629,Jalisco,281.0,Guadalajara,2.0279598651587114
14040,8732,Jalisco,1.0,Hostotipaquillo,1.1452130096197892
14041,5920,Jalisco,1.0,Huejúcar,1.6891891891891893
14042,10015,Jalisco,1.0,Huejuquilla el Alto,0.9985022466300548
14043,23258,Jalisco,8.0,La Huerta,3.439676670392983
14044,67969,Jalisco,8.0,Ixtlahuacán de los Membrillos,1.1770071650311171
14045,20465,Jalisco,1.0,Ixtlahuacán del Río,0.4886391399951136
14046,32678,Jalisco,5.0,Jalostotitlán,1.5300814003304977
14047,24894,Jalisco,8.0,Jamay,3.213625773278702
14048,18982,Jalisco,2.0,Jesús María,1.0536297545042672
14049,9425,Jalisco,0.0,Jilotlán de los Dolores,0.0
14050,47105,Jalisco,13.0,Jocotepec,2.759791954144995
14051,30855,Jalisco,3.0,Juanacatlán,0.9722897423432182
14052,5534,Jalisco,1.0,Juchitlán,1.8070112034694616
14053,172403,Jalisco,33.0,Lagos de Moreno,1.9141198239009762
14054,5368,Jalisco,1.0,El Limón,1.8628912071535022
14055,21781,Jalisco,4.0,Magdalena,1.8364629723153207
14056,1815,Jalisco,0.0,Santa María del Oro,0.0
14057,4099,Jalisco,1.0,La Manzanilla de la Paz,2.4396194193705782
14058,14451,Jalisco,3.0,Mascota,2.0759809009757113
14059,14043,Jalisco,3.0,Mazamitla,2.1362956633198036
14060,5307,Jalisco,0.0,Mexticacán,0.0
14061,22083,Jalisco,0.0,Mezquitic,0.0
14062,3638,Jalisco,0.0,Mixtlán,0.0
14063,106050,Jalisco,19.0,Ocotlán,1.7916077322017916
14064,33588,Jalisco,2.0,Ojuelos de Jalisco,0.5954507562224605
14065,11386,Jalisco,1.0,Pihuamo,0.8782715615668365
14066,53659,Jalisco,7.0,Poncitlán,1.30453418811383
14067,291839,Jalisco,125.0,Puerto Vallarta,4.283183536127797
14068,11303,Jalisco,2.0,Villa Purificación,1.7694417411306733
14069,7734,Jalisco,0.0,Quitupan,0.0
14070,232852,Jalisco,27.0,El Salto,1.1595348118117945
14071,2924,Jalisco,0.0,San Cristóbal de la Barranca,0.0
14072,7609,Jalisco,1.0,San Diego de Alejandría,1.3142331449599158
14073,72230,Jalisco,21.0,San Juan de los Lagos,2.9073792053163507
14074,16792,Jalisco,2.0,San Julián,1.1910433539780847
14075,3791,Jalisco,1.0,San Marcos,2.637826431020839
14076,3095,Jalisco,0.0,San Martín de Bolaños,0.0
14077,28102,Jalisco,6.0,San Martín Hidalgo,2.135079353782649
14078,31965,Jalisco,4.0,San Miguel el Alto,1.2513686844986704
14079,16431,Jalisco,1.0,Gómez Farías,0.6086056843770921
14080,5086,Jalisco,0.0,San Sebastián del Oeste,0.0
14081,3515,Jalisco,0.0,Santa María de los Ángeles,0.0
14082,37186,Jalisco,6.0,Sayula,1.6135104609261548
14083,87690,Jalisco,16.0,Tala,1.8246094195461284
14084,14997,Jalisco,3.0,Talpa de Allende,2.000400080016003
14085,38955,Jalisco,7.0,Tamazula de Gordiano,1.7969451931716083
14086,21245,Jalisco,3.0,Tapalpa,1.4120969639915275
14087,16705,Jalisco,3.0,Tecalitlán,1.7958695001496559
14088,16603,Jalisco,3.0,Tecolotlán,1.806902367042101
14089,4072,Jalisco,1.0,Techaluta de Montenegro,2.455795677799607
14090,7302,Jalisco,3.0,Tenamaxtlán,4.108463434675431
14091,39839,Jalisco,3.0,Teocaltiche,0.7530309495720274
14092,11039,Jalisco,2.0,Teocuitatlán de Corona,1.8117583114412537
14093,150190,Jalisco,25.0,Tepatitlán de Morelos,1.6645582262467542
14094,44353,Jalisco,4.0,Tequila,0.9018555678308119
14095,9647,Jalisco,2.0,Teuchitlán,2.073183373069348
14096,22758,Jalisco,3.0,Tizapán el Alto,1.318217769575534
14097,727750,Jalisco,120.0,Tlajomulco de Zúñiga,1.6489178976296803
14098,687127,Jalisco,114.0,San Pedro Tlaquepaque,1.659081945550095
14099,11219,Jalisco,0.0,Tolimán,0.0
14100,36316,Jalisco,4.0,Tomatlán,1.101442890186144
14101,569913,Jalisco,50.0,Tonalá,0.8773268902446514
14102,5961,Jalisco,1.0,Tonaya,1.6775708773695688
14103,7565,Jalisco,1.0,Tonila,1.3218770654329148
14104,4180,Jalisco,1.0,Totatiche,2.3923444976076556
14105,23573,Jalisco,2.0,Tototlán,0.8484282865990752
14106,5482,Jalisco,0.0,Tuxcacuesco,0.0
14107,6702,Jalisco,3.0,Tuxcueca,4.476275738585497
14108,37518,Jalisco,5.0,Tuxpan,1.332693640385948
14109,19069,Jalisco,1.0,Unión de San Antonio,0.5244113482615764
14110,13799,Jalisco,3.0,Unión de Tula,2.1740705848249875
14111,6627,Jalisco,1.0,Valle de Guadalupe,1.5089784216085709
14112,6151,Jalisco,1.0,Valle de Juárez,1.6257519102584945
14113,16548,Jalisco,2.0,San Gabriel,1.208605269518975
14114,19063,Jalisco,2.0,Villa Corona,1.0491528091066464
14115,5525,Jalisco,1.0,Villa Guerrero,1.8099547511312217
14116,20088,Jalisco,5.0,Villa Hidalgo,2.489048187972919
14117,4388,Jalisco,0.0,Cañadas de Obregón,0.0
14118,22394,Jalisco,2.0,Yahualica de González Gallo,0.8930963650977941
14119,30472,Jalisco,4.0,Zacoalco de Torres,1.3126804935678658
14120,1476491,Jalisco,309.0,Zapopan,2.0927997529277187
14121,33713,Jalisco,4.0,Zapotiltic,1.186485925310711
14122,7466,Jalisco,0.0,Zapotitlán de Vadillo,0.0
14123,19279,Jalisco,1.0,Zapotlán del Rey,0.5186991026505524
14124,64806,Jalisco,14.0,Zapotlanejo,2.160293799956794
14125,18341,Jalisco,4.0,San Ignacio Cerro Gordo,2.1809061665121856
15001,67872,México,2.0,Acambay de Ruíz Castañeda,0.29467232437529467
15002,171507,México,19.0,Acolman,1.1078265027083443
15003,49266,México,5.0,Aculco,1.0148987131084317
15004,15333,México,0.0,Almoloya de Alquisiras,0.0
15005,174587,México,16.0,Almoloya de Juárez,0.916448532823177
15006,12694,México,1.0,Almoloya del Río,0.7877737513786042
15007,23675,México,0.0,Amanalco,0.0
15008,25244,México,0.0,Amatepec,0.0
15009,53441,México,7.0,Amecameca,1.3098557287475907
15010,31898,México,3.0,Apaxco,0.9404978368549752
15011,75489,México,3.0,Atenco,0.39740889401104795
15012,12984,México,3.0,Atizapán,2.310536044362292
15013,523674,México,70.0,Atizapán de Zaragoza,1.336709479561712
15014,109384,México,19.0,Atlacomulco,1.736999926863161
15015,31900,México,0.0,Atlautla,0.0
15016,29128,México,3.0,Axapusco,1.02993683054106
15017,10053,México,0.0,Ayapango,0.0
15018,68489,México,7.0,Calimaya,1.0220619369533794
15019,36921,México,5.0,Capulhuac,1.3542428428265756
15020,293444,México,36.0,Coacalco de Berriozábal,1.2268098853614318
15021,38643,México,1.0,Coatepec Harinas,0.25877908029914864
15022,15107,México,1.0,Cocotitlán,0.6619447938041968
15023,40885,México,3.0,Coyotepec,0.7337654396477926
15024,178847,México,34.0,Cuautitlán,1.901066274525153
15025,400057,México,44.0,Chalco,1.0998432723336924
15026,31737,México,2.0,Chapa de Mota,0.630179286006869
15027,12772,México,1.0,Chapultepec,0.7829627309740057
15028,30045,México,3.0,Chiautla,0.9985022466300548
15029,200750,México,24.0,Chicoloapan,1.1955168119551682
15030,27692,México,4.0,Chiconcuac,1.444460494005489
15031,705193,México,24.0,Chimalhuacán,0.3403323629134152
15032,37436,México,0.0,Donato Guerra,0.0
15033,1645352,México,86.0,Ecatepec de Morelos,0.5226845076311938
15034,10827,México,0.0,Ecatzingo,0.0
15035,163244,México,17.0,Huehuetoca,1.041385900860062
15036,46757,México,1.0,Hueypoxtla,0.21387171974249844
15037,284965,México,16.0,Huixquilucan,0.5614724615303633
15038,11929,México,0.0,Isidro Fabela,0.0
15039,542211,México,34.0,Ixtapaluca,0.6270621584586075
15040,36911,México,8.0,Ixtapan de la Sal,2.1673755790956624
15041,6475,México,0.0,Ixtapan del Oro,0.0
15042,160139,México,10.0,Ixtlahuaca,0.6244575025446644
15043,30687,México,0.0,Xalatlaco,0.0
15044,28217,México,2.0,Jaltenco,0.7087925718538469
15045,87671,México,15.0,Jilotepec,1.7109420446898063
15046,19877,México,2.0,Jilotzingo,1.0061880565477688
15047,76826,México,2.0,Jiquipilco,0.2603285346106787
15048,69264,México,8.0,Jocotitlán,1.155001155001155
15049,15428,México,0.0,Joquicingo,0.0
15050,27116,México,2.0,Juchitepec,0.737571913261543
15051,170327,México,21.0,Lerma,1.2329225548503762
15052,28155,México,1.0,Malinalco,0.3551767004084532
15053,61220,México,7.0,Melchor Ocampo,1.1434171839268212
15054,242307,México,80.0,Metepec,3.3015967347208295
15055,13807,México,4.0,Mexicaltzingo,2.8970811907003693
15056,33164,México,1.0,Morelos,0.3015317814497648
15057,834434,México,92.0,Naucalpan de Juárez,1.1025437602015258
15058,1077208,México,60.0,Nezahualcóyotl,0.5569954920498177
15059,57082,México,6.0,Nextlalpan,1.0511194422059493
15060,430601,México,28.0,Nicolás Romero,0.6502539473898109
15061,10351,México,0.0,Nopaltepec,0.0
15062,72103,México,10.0,Ocoyoacac,1.3869048444586216
15063,36223,México,0.0,Ocuilan,0.0
15064,36937,México,2.0,El Oro,0.5414624901859924
15065,36331,México,2.0,Otumba,0.5504940684264127
15066,4891,México,0.0,Otzoloapan,0.0
15067,88783,México,7.0,Otzolotepec,0.7884392282306297
15068,30785,México,3.0,Ozumba,0.974500568458665
15069,4862,México,0.0,Papalotla,0.0
15070,304088,México,19.0,La Paz,0.6248191313040963
15071,14985,México,4.0,Polotitlán,2.6693360026693362
15072,15972,México,3.0,Rayón,1.8782870022539444
15073,31962,México,5.0,San Antonio la Isla,1.5643576747387524
15074,144924,México,5.0,San Felipe del Progreso,0.3450084182054042
15075,29182,México,3.0,San Martín de las Pirámides,1.028030978000137
15076,97418,México,25.0,San Mateo Atenco,2.5662608552834176
15077,6692,México,0.0,San Simón de Guerrero,0.0
15078,9729,México,0.0,Santo Tomás,0.0
15079,14323,México,1.0,Soyaniquilpan de Juárez,0.6981777560566921
15080,24145,México,0.0,Sultepec,0.0
15081,547503,México,87.0,Tecámac,1.5890323888636229
15082,79282,México,3.0,Tejupilco,0.3783961050427588
15083,14130,México,2.0,Temamatla,1.4154281670205238
15084,43593,México,2.0,Temascalapa,0.4587892551556443
15085,66414,México,3.0,Temascalcingo,0.4517119884361731
15086,35014,México,0.0,Temascaltepec,0.0
15087,105766,México,7.0,Temoaya,0.6618383979728835
15088,104677,México,12.0,Tenancingo,1.146383637284217
15089,11359,México,1.0,Tenango del Aire,0.8803591865481116
15090,90518,México,10.0,Tenango del Valle,1.104752645882587
15091,65459,México,7.0,Teoloyucan,1.0693716677614995
15092,58507,México,7.0,Teotihuacán,1.1964380330558737
15093,32564,México,2.0,Tepetlaoxtoc,0.6141751627564181
15094,20500,México,1.0,Tepetlixpa,0.48780487804878053
15095,103696,México,10.0,Tepotzotlán,0.9643573522604536
15096,39489,México,4.0,Tequixquiac,1.0129403124920864
15097,18482,México,1.0,Texcaltitlán,0.5410669840926307
15098,5736,México,1.0,Texcalyacac,1.7433751743375174
15099,277562,México,30.0,Texcoco,1.0808395961983268
15100,47044,México,4.0,Tezoyuca,0.8502678343678259
15101,84259,México,12.0,Tianguistenco,1.4241802062687665
15102,16414,México,1.0,Timilpan,0.6092360180333861
15103,49196,México,3.0,Tlalmanalco,0.6098056752581511
15104,672202,México,106.0,Tlalnepantla de Baz,1.576906941663369
15105,31762,México,0.0,Tlatlaya,0.0
15106,910608,México,191.0,Toluca,2.0974996925131344
15107,12912,México,2.0,Tonatico,1.5489467162329615
15108,157645,México,9.0,Tultepec,0.5709029782105363
15109,516341,México,40.0,Tultitlán,0.7746818478486117
15110,61590,México,15.0,Valle de Bravo,2.4354603019970775
15111,53275,México,1.0,Villa de Allende,0.18770530267480057
15112,51498,México,3.0,Villa del Carbón,0.5825468950250495
15113,69086,México,6.0,Villa Guerrero,0.8684827606172018
15114,108196,México,4.0,Villa Victoria,0.36969943435986546
15115,54633,México,7.0,Xonacatlán,1.2812768839346182
15116,5109,México,0.0,Zacazonapan,0.0
15117,13522,México,0.0,Zacualpan,0.0
15118,203872,México,29.0,Zinacantepec,1.4224611520954324
15119,18833,México,0.0,Zumpahuacán,0.0
15120,280455,México,27.0,Zumpango,0.9627212921859122
15121,555163,México,77.0,Cuautitlán Izcalli,1.3869800400963321
15122,391731,México,14.0,Valle de Chalco Solidaridad,0.35738810561329076
15123,28822,México,0.0,Luvianos,0.0
15124,100082,México,3.0,San José del Rincón,0.29975420155472515
15125,14883,México,3.0,Tonanitla,2.015722636565209
16001,11301,Michoacán de Ocampo,1.0,Acuitzio,0.8848774444739403
16002,14754,Michoacán de Ocampo,0.0,Aguililla,0.0
16003,23000,Michoacán de Ocampo,3.0,Álvaro Obregón,1.3043478260869563
16004,14943,Michoacán de Ocampo,1.0,Angamacutiro,0.6692096633875393
16005,10892,Michoacán de Ocampo,0.0,Angangueo,0.0
16006,126191,Michoacán de Ocampo,28.0,Apatzingán,2.218858714171375
16007,3529,Michoacán de Ocampo,0.0,Aporo,0.0
16008,24676,Michoacán de Ocampo,3.0,Aquila,1.2157562003566218
16009,36268,Michoacán de Ocampo,4.0,Ario,1.1029006286533585
16010,20332,Michoacán de Ocampo,0.0,Arteaga,0.0
16011,11681,Michoacán de Ocampo,0.0,Briseñas,0.0
16012,45538,Michoacán de Ocampo,0.0,Buenavista,0.0
16013,9176,Michoacán de Ocampo,0.0,Carácuaro,0.0
16014,17022,Michoacán de Ocampo,3.0,Coahuayana,1.7624250969333803
16015,19633,Michoacán de Ocampo,0.0,Coalcomán de Vázquez Pallares,0.0
16016,20965,Michoacán de Ocampo,1.0,Coeneo,0.4769854519437157
16017,35070,Michoacán de Ocampo,0.0,Contepec,0.0
16018,9484,Michoacán de Ocampo,1.0,Copándaro,1.054407423028258
16019,20198,Michoacán de Ocampo,0.0,Cotija,0.0
16020,29910,Michoacán de Ocampo,2.0,Cuitzeo,0.6686726847208291
16021,13539,Michoacán de Ocampo,1.0,Charapan,0.738606987222099
16022,25138,Michoacán de Ocampo,3.0,Charo,1.1934123637520884
16023,10417,Michoacán de Ocampo,1.0,Chavinda,0.9599692809830086
16024,20586,Michoacán de Ocampo,0.0,Cherán,0.0
16025,40560,Michoacán de Ocampo,2.0,Chilchota,0.49309664694280075
16026,4773,Michoacán de Ocampo,0.0,Chinicuila,0.0
16027,4944,Michoacán de Ocampo,0.0,Chucándiro,0.0
16028,5233,Michoacán de Ocampo,0.0,Churintzio,0.0
16029,12342,Michoacán de Ocampo,0.0,Churumuco,0.0
16030,11850,Michoacán de Ocampo,1.0,Ecuandureo,0.8438818565400843
16031,16112,Michoacán de Ocampo,0.0,Epitacio Huerta,0.0
16032,15715,Michoacán de Ocampo,1.0,Erongarícuaro,0.6363347120585428
16033,21466,Michoacán de Ocampo,1.0,Gabriel Zamora,0.46585297680052173
16034,125712,Michoacán de Ocampo,10.0,Hidalgo,0.7954690085274277
16035,30627,Michoacán de Ocampo,0.0,La Huacana,0.0
16036,11644,Michoacán de Ocampo,1.0,Huandacareo,0.8588114050154586
16037,7945,Michoacán de Ocampo,0.0,Huaniqueo,0.0
16038,41973,Michoacán de Ocampo,0.0,Huetamo,0.0
16039,9015,Michoacán de Ocampo,1.0,Huiramba,1.1092623405435384
16040,18385,Michoacán de Ocampo,1.0,Indaparapeo,0.5439216752787599
16041,16043,Michoacán de Ocampo,1.0,Irimbo,0.6233248145608676
16042,14302,Michoacán de Ocampo,1.0,Ixtlán,0.6992029086841002
16043,68781,Michoacán de Ocampo,9.0,Jacona,1.3085008941422778
16044,12946,Michoacán de Ocampo,1.0,Jiménez,0.7724393635099644
16045,36158,Michoacán de Ocampo,6.0,Jiquilpan,1.6593838154765197
16046,14936,Michoacán de Ocampo,0.0,Juárez,0.0
16047,19834,Michoacán de Ocampo,2.0,Jungapeo,1.0083694665725522
16048,5745,Michoacán de Ocampo,1.0,Lagunillas,1.7406440382941688
16049,19086,Michoacán de Ocampo,1.0,Madero,0.523944252331552
16050,89311,Michoacán de Ocampo,9.0,Maravatío,1.0077146152209695
16051,13983,Michoacán de Ocampo,2.0,Marcos Castellanos,1.430308231423872
16052,196003,Michoacán de Ocampo,52.0,Lázaro Cárdenas,2.653020617031372
16053,849053,Michoacán de Ocampo,172.0,Morelia,2.0257863761155073
16054,7983,Michoacán de Ocampo,0.0,Morelos,0.0
16055,45732,Michoacán de Ocampo,7.0,Múgica,1.5306568704626957
16056,32598,Michoacán de Ocampo,0.0,Nahuatzen,0.0
16057,8196,Michoacán de Ocampo,0.0,Nocupétaro,0.0
16058,20981,Michoacán de Ocampo,1.0,Nuevo Parangaricutiro,0.47662170535246173
16059,9027,Michoacán de Ocampo,0.0,Nuevo Urecho,0.0
16060,9437,Michoacán de Ocampo,0.0,Numarán,0.0
16061,24774,Michoacán de Ocampo,0.0,Ocampo,0.0
16062,21028,Michoacán de Ocampo,2.0,Pajacuarán,0.9511128019783147
16063,14889,Michoacán de Ocampo,2.0,Panindícuaro,1.3432735576600177
16064,26832,Michoacán de Ocampo,0.0,Parácuaro,0.0
16065,39657,Michoacán de Ocampo,0.0,Paracho,0.0
16066,98382,Michoacán de Ocampo,21.0,Pátzcuaro,2.1345368055132035
16067,16621,Michoacán de Ocampo,0.0,Penjamillo,0.0
16068,29389,Michoacán de Ocampo,5.0,Peribán,1.7013168192180748
16069,106490,Michoacán de Ocampo,19.0,La Piedad,1.784205089679782
16070,15503,Michoacán de Ocampo,3.0,Purépero,1.9351093336773526
16071,69260,Michoacán de Ocampo,9.0,Puruándiro,1.2994513427663876
16072,13961,Michoacán de Ocampo,1.0,Queréndaro,0.7162810686913544
16073,27176,Michoacán de Ocampo,5.0,Quiroga,1.8398586988519283
16074,10553,Michoacán de Ocampo,1.0,Cojumatlán de Régules,0.947597839476926
16075,78935,Michoacán de Ocampo,8.0,Los Reyes,1.0134921137644897
16076,78477,Michoacán de Ocampo,18.0,Sahuayo,2.293665660002294
16077,17677,Michoacán de Ocampo,0.0,San Lucas,0.0
16078,12812,Michoacán de Ocampo,0.0,Santa Ana Maya,0.0
16079,49896,Michoacán de Ocampo,1.0,Salvador Escalante,0.20041686708353376
16080,19833,Michoacán de Ocampo,0.0,Senguio,0.0
16081,9076,Michoacán de Ocampo,0.0,Susupuato,0.0
16082,79540,Michoacán de Ocampo,4.0,Tacámbaro,0.5028916268544129
16083,33453,Michoacán de Ocampo,1.0,Tancítaro,0.298926852599169
16084,31716,Michoacán de Ocampo,2.0,Tangamandapio,0.630596544330937
16085,35256,Michoacán de Ocampo,3.0,Tangancícuaro,0.8509189925119128
16086,15534,Michoacán de Ocampo,3.0,Tanhuato,1.9312475859405176
16087,15589,Michoacán de Ocampo,2.0,Taretan,1.2829559304637885
16088,114513,Michoacán de Ocampo,16.0,Tarímbaro,1.3972212761869833
16089,24074,Michoacán de Ocampo,0.0,Tepalcatepec,0.0
16090,16325,Michoacán de Ocampo,1.0,Tingambato,0.6125574272588055
16091,14934,Michoacán de Ocampo,1.0,Tingüindín,0.6696129637069774
16092,12836,Michoacán de Ocampo,0.0,Tiquicheo de Nicolás Romero,0.0
16093,28556,Michoacán de Ocampo,1.0,Tlalpujahua,0.35018910211514215
16094,6420,Michoacán de Ocampo,0.0,Tlazazalca,0.0
16095,12325,Michoacán de Ocampo,1.0,Tocumbo,0.8113590263691683
16096,5971,Michoacán de Ocampo,0.0,Tumbiscatío,0.0
16097,29056,Michoacán de Ocampo,0.0,Turicato,0.0
16098,25757,Michoacán de Ocampo,3.0,Tuxpan,1.1647319175369804
16099,14329,Michoacán de Ocampo,0.0,Tuzantla,0.0
16100,14911,Michoacán de Ocampo,0.0,Tzintzuntzan,0.0
16101,8855,Michoacán de Ocampo,0.0,Tzitzio,0.0
16102,356786,Michoacán de Ocampo,53.0,Uruapan,1.4854842959084715
16103,23469,Michoacán de Ocampo,5.0,Venustiano Carranza,2.130469981677958
16104,15864,Michoacán de Ocampo,0.0,Villamar,0.0
16105,20982,Michoacán de Ocampo,3.0,Vista Hermosa,1.4297969688304262
16106,32303,Michoacán de Ocampo,5.0,Yurécuaro,1.5478438535120576
16107,76829,Michoacán de Ocampo,14.0,Zacapu,1.82222858556014
16108,204860,Michoacán de Ocampo,33.0,Zamora,1.6108561944742752
16109,3232,Michoacán de Ocampo,0.0,Zináparo,0.0
16110,49005,Michoacán de Ocampo,6.0,Zinapécuaro,1.2243648607284972
16111,18402,Michoacán de Ocampo,1.0,Ziracuaretiro,0.5434191935659167
16112,157056,Michoacán de Ocampo,26.0,Zitácuaro,1.6554604726976365
16113,26213,Michoacán de Ocampo,0.0,José Sixto Verduzco,0.0
17001,17598,Morelos,1.0,Amacuzac,0.5682463916354131
17002,25232,Morelos,2.0,Atlatlahucan,0.7926442612555485
17003,39174,Morelos,3.0,Axochiapan,0.7658140603461479
17004,89834,Morelos,7.0,Ayala,0.7792149965491907
17005,10520,Morelos,2.0,Coatlán del Río,1.9011406844106462
17006,187118,Morelos,43.0,Cuautla,2.2980151562115885
17007,378476,Morelos,108.0,Cuernavaca,2.8535494985150978
17008,107053,Morelos,17.0,Emiliano Zapata,1.5879984680485366
17009,24515,Morelos,3.0,Huitzilac,1.223740566999796
17010,18402,Morelos,6.0,Jantetelco,3.2605151613955003
17011,215357,Morelos,35.0,Jiutepec,1.6252083749309287
17012,57682,Morelos,24.0,Jojutla,4.160743386151659
17013,16694,Morelos,1.0,Jonacatepec de Leandro Valle,0.5990176111177669
17014,9653,Morelos,1.0,Mazatepec,1.0359473738734073
17015,27149,Morelos,6.0,Miacatlán,2.2100261519761317
17016,19219,Morelos,1.0,Ocuituco,0.5203184348821478
17017,67823,Morelos,11.0,Puente de Ixtla,1.6218686876133466
17018,122263,Morelos,20.0,Temixco,1.6358178680385724
17019,28122,Morelos,3.0,Tepalcingo,1.0667804565820356
17020,54987,Morelos,0.0,Tepoztlán,0.0
17021,7617,Morelos,2.0,Tetecala,2.625705658395694
17022,22708,Morelos,0.0,Tetela del Volcán,0.0
17023,7943,Morelos,0.0,Tlalnepantla,0.0
17024,52399,Morelos,7.0,Tlaltizapán de Zapata,1.3359033569342926
17025,33789,Morelos,5.0,Tlaquiltenango,1.4797715232768063
17026,19408,Morelos,3.0,Tlayacapan,1.5457543281121187
17027,12750,Morelos,0.0,Totolapan,0.0
17028,73539,Morelos,20.0,Xochitepec,2.719645358245285
17029,105780,Morelos,29.0,Yautepec,2.74153904329741
17030,56083,Morelos,7.0,Yecapixtla,1.248150063299039
17031,36094,Morelos,14.0,Zacatepec,3.878761012910733
17032,9965,Morelos,0.0,Zacualpan de Amilpas,0.0
17033,16574,Morelos,0.0,Temoac,0.0
18001,37232,Nayarit,8.0,Acaponeta,2.1486892995272884
18002,15393,Nayarit,2.0,Ahuacatlán,1.2992918859221723
18003,11536,Nayarit,1.0,Amatlán de Cañas,0.8668515950069349
18004,77436,Nayarit,24.0,Compostela,3.099333643266698
18005,12230,Nayarit,1.0,Huajicori,0.8176614881439084
18006,29299,Nayarit,7.0,Ixtlán del Río,2.3891600395917947
18007,19321,Nayarit,1.0,Jala,0.5175715542673774
18008,65229,Nayarit,8.0,Xalisco,1.2264483588587898
18009,47550,Nayarit,0.0,Del Nayar,0.0
18010,33567,Nayarit,3.0,Rosamorada,0.893734918223255
18011,24096,Nayarit,3.0,Ruíz,1.245019920318725
18012,41518,Nayarit,10.0,San Blas,2.4085938629028374
18013,7683,Nayarit,1.0,San Pedro Lagunillas,1.3015749056358195
18014,24911,Nayarit,6.0,Santa María del Oro,2.408574525310104
18015,93981,Nayarit,9.0,Santiago Ixcuintla,0.9576403741181728
18016,37135,Nayarit,5.0,Tecuala,1.3464386697185942
18017,425924,Nayarit,90.0,Tepic,2.1130530329354533
18018,30064,Nayarit,7.0,Tuxpan,2.3283661522086216
18019,13719,Nayarit,0.0,La Yesca,0.0
18020,187632,Nayarit,63.0,Bahía de Banderas,3.357636224098235
19001,2974,Nuevo León,1.0,Abasolo,3.3624747814391394
19002,3382,Nuevo León,1.0,Agualeguas,2.9568302779420463
19003,1407,Nuevo León,0.0,Los Aldamas,0.0
19004,35289,Nuevo León,23.0,Allende,6.51761172036612
19005,18030,Nuevo León,4.0,Anáhuac,2.218524681087077
19006,656464,Nuevo León,227.0,Apodaca,3.4579200077993617
19007,14992,Nuevo León,1.0,Aramberri,0.6670224119530417
19008,3661,Nuevo León,1.0,Bustamante,2.731494127287626
19009,122337,Nuevo León,62.0,Cadereyta Jiménez,5.067967990060243
19010,104478,Nuevo León,22.0,El Carmen,2.105706464518846
19011,7340,Nuevo León,3.0,Cerralvo,4.087193460490464
19012,68747,Nuevo León,18.0,Ciénega de Flores,2.6182960711012844
19013,9930,Nuevo León,4.0,China,4.028197381671702
19014,36088,Nuevo León,4.0,Doctor Arroyo,1.108401684770561
19015,1360,Nuevo León,0.0,Doctor Coss,0.0
19016,3256,Nuevo León,0.0,Doctor González,0.0
19017,40903,Nuevo León,10.0,Galeana,2.4448084492580007
19018,397205,Nuevo León,121.0,García,3.0462859228861667
19019,132169,Nuevo León,59.0,San Pedro Garza García,4.463981720373159
19020,5506,Nuevo León,4.0,General Bravo,7.26480203414457
19021,481213,Nuevo León,118.0,General Escobedo,2.452136579851334
19022,14109,Nuevo León,4.0,General Terán,2.83506981359416
19023,1808,Nuevo León,1.0,General Treviño,5.530973451327434
19024,6282,Nuevo León,0.0,General Zaragoza,0.0
19025,102149,Nuevo León,26.0,General Zuazua,2.545301471380043
19026,643143,Nuevo León,237.0,Guadalupe,3.6850280575237546
19027,1959,Nuevo León,0.0,Los Herreras,0.0
19028,1386,Nuevo León,0.0,Higueras,0.0
19029,7026,Nuevo León,2.0,Hualahuises,2.846569883290635
19030,3298,Nuevo León,0.0,Iturbide,0.0
19031,471523,Nuevo León,126.0,Juárez,2.6721920245672
19032,5351,Nuevo León,1.0,Lampazos de Naranjo,1.8688095683049897
19033,84666,Nuevo León,33.0,Linares,3.8976684855786266
19034,5119,Nuevo León,2.0,Marín,3.907013088493846
19035,1483,Nuevo León,0.0,Melchor Ocampo,0.0
19036,7652,Nuevo León,0.0,Mier y Noriega,0.0
19037,6048,Nuevo León,1.0,Mina,1.6534391534391533
19038,67428,Nuevo León,32.0,Montemorelos,4.745802930533309
19039,1142994,Nuevo León,533.0,Monterrey,4.663191582807959
19040,906,Nuevo León,0.0,Parás,0.0
19041,147624,Nuevo León,49.0,Pesquería,3.3192434834444264
19042,5389,Nuevo León,2.0,Los Ramones,3.7112636852848393
19043,2377,Nuevo León,0.0,Rayones,0.0
19044,34709,Nuevo León,12.0,Sabinas Hidalgo,3.4573165461407704
19045,86766,Nuevo León,24.0,Salinas Victoria,2.7660604384205794
19046,412199,Nuevo León,130.0,San Nicolás de los Garza,3.153816481844934
19047,16086,Nuevo León,2.0,Hidalgo,1.2433171702101204
19048,306322,Nuevo León,75.0,Santa Catarina,2.4484039670673345
19049,46784,Nuevo León,26.0,Santiago,5.557455540355677
19050,1552,Nuevo León,2.0,Vallecillo,12.88659793814433
19051,3573,Nuevo León,0.0,Villaldama,0.0
20001,841,Oaxaca,0.0,Abejones,0.0
20002,45167,Oaxaca,0.0,Acatlán de Pérez Figueroa,0.0
20003,2547,Oaxaca,0.0,Asunción Cacalotepec,0.0
20004,1107,Oaxaca,0.0,Asunción Cuyotepeji,0.0
20005,15261,Oaxaca,4.0,Asunción Ixtaltepec,2.6210602188585286
20006,20464,Oaxaca,4.0,Asunción Nochixtlán,1.9546520719311962
20007,2395,Oaxaca,0.0,Asunción Ocotlán,0.0
20008,734,Oaxaca,0.0,Asunción Tlacolulita,0.0
20009,6857,Oaxaca,0.0,Ayotzintepec,0.0
20010,13474,Oaxaca,0.0,El Barrio de la Soledad,0.0
20011,1402,Oaxaca,0.0,Calihualá,0.0
20012,11166,Oaxaca,0.0,Candelaria Loxicha,0.0
20013,3043,Oaxaca,1.0,Ciénega de Zimatlán,3.2862306933946765
20014,28082,Oaxaca,8.0,Ciudad Ixtepec,2.848799943024001
20015,5356,Oaxaca,0.0,Coatecas Altas,0.0
20016,9563,Oaxaca,0.0,Coicoyán de las Flores,0.0
20017,3607,Oaxaca,0.0,La Compañía,0.0
20018,752,Oaxaca,0.0,Concepción Buenavista,0.0
20019,2754,Oaxaca,0.0,Concepción Pápalo,0.0
20020,4847,Oaxaca,0.0,Constancia del Rosario,0.0
20021,14488,Oaxaca,0.0,Cosolapa,0.0
20022,803,Oaxaca,0.0,Cosoltepec,0.0
20023,26882,Oaxaca,0.0,Cuilápam de Guerrero,0.0
20024,3644,Oaxaca,0.0,Cuyamecalco Villa de Zaragoza,0.0
20025,11356,Oaxaca,1.0,Chahuites,0.8805917576611483
20026,9035,Oaxaca,0.0,Chalcatongo de Hidalgo,0.0
20027,2179,Oaxaca,0.0,Chiquihuitlán de Benito Juárez,0.0
20028,23148,Oaxaca,2.0,Heroica Ciudad de Ejutla de Crespo,0.8640055296353897
20029,4215,Oaxaca,0.0,Eloxochitlán de Flores Magón,0.0
20030,8730,Oaxaca,3.0,El Espinal,3.436426116838488
20031,7185,Oaxaca,0.0,Tamazulápam del Espíritu Santo,0.0
20032,1077,Oaxaca,0.0,Fresnillo de Trujano,0.0
20033,2929,Oaxaca,0.0,Guadalupe Etla,0.0
20034,1288,Oaxaca,0.0,Guadalupe de Ramírez,0.0
20035,657,Oaxaca,0.0,Guelatao de Juárez,0.0
20036,5256,Oaxaca,0.0,Guevea de Humboldt,0.0
20037,4424,Oaxaca,0.0,Mesones Hidalgo,0.0
20038,1885,Oaxaca,0.0,Villa Hidalgo,0.0
20039,78313,Oaxaca,0.0,Heroica Ciudad de Huajuapan de León,0.0
20040,6385,Oaxaca,0.0,Huautepec,0.0
20041,31710,Oaxaca,0.0,Huautla de Jiménez,0.0
20042,8385,Oaxaca,0.0,Ixtlán de Juárez,0.0
20043,113570,Oaxaca,15.0,Heroica Ciudad de Juchitán de Zaragoza,1.320771330456987
20044,40934,Oaxaca,4.0,Loma Bonita,0.9771827820393805
20045,7888,Oaxaca,1.0,Magdalena Apasco,1.2677484787018256
20046,2943,Oaxaca,0.0,Magdalena Jaltepec,0.0
20047,81,Oaxaca,0.0,Santa Magdalena Jicotlán,0.0
20048,1433,Oaxaca,0.0,Magdalena Mixtepec,0.0
20049,1184,Oaxaca,0.0,Magdalena Ocotlán,0.0
20050,3750,Oaxaca,0.0,Magdalena Peñasco,0.0
20051,4764,Oaxaca,0.0,Magdalena Teitipac,0.0
20052,5996,Oaxaca,0.0,Magdalena Tequisistlán,0.0
20053,1297,Oaxaca,0.0,Magdalena Tlacotepec,0.0
20054,404,Oaxaca,0.0,Magdalena Zahuatlán,0.0
20055,3739,Oaxaca,0.0,Mariscala de Juárez,0.0
20056,1446,Oaxaca,0.0,Mártires de Tacubaya,0.0
20057,38183,Oaxaca,6.0,Matías Romero Avendaño,1.5713799334782497
20058,12722,Oaxaca,0.0,Mazatlán Villa de Flores,0.0
20059,50375,Oaxaca,1.0,Miahuatlán de Porfirio Díaz,0.19851116625310175
20060,2487,Oaxaca,0.0,Mixistlán de la Reforma,0.0
20061,2893,Oaxaca,0.0,Monjas,0.0
20062,498,Oaxaca,0.0,Natividad,0.0
20063,4293,Oaxaca,0.0,Nazareno Etla,0.0
20064,8494,Oaxaca,0.0,Nejapa de Madero,0.0
20065,1079,Oaxaca,0.0,Ixpantepec Nieves,0.0
20066,5342,Oaxaca,0.0,Santiago Niltepec,0.0
20067,270955,Oaxaca,45.0,Oaxaca de Juárez,1.660792382498939
20068,23751,Oaxaca,5.0,Ocotlán de Morelos,2.1051745189676225
20069,3052,Oaxaca,0.0,La Pe,0.0
20070,6416,Oaxaca,0.0,Pinotepa de Don Luis,0.0
20071,3255,Oaxaca,0.0,Pluma Hidalgo,0.0
20072,8059,Oaxaca,1.0,San José del Progreso,1.2408487405385284
20073,34652,Oaxaca,0.0,Putla Villa de Guerrero,0.0
20074,456,Oaxaca,0.0,Santa Catarina Quioquitani,0.0
20075,2660,Oaxaca,0.0,Reforma de Pineda,0.0
20076,3411,Oaxaca,0.0,La Reforma,0.0
20077,4370,Oaxaca,0.0,Reyes Etla,0.0
20078,1301,Oaxaca,0.0,Rojas de Cuauhtémoc,0.0
20079,84438,Oaxaca,21.0,Salina Cruz,2.487031905066439
20080,1593,Oaxaca,0.0,San Agustín Amatengo,0.0
20081,1871,Oaxaca,0.0,San Agustín Atenango,0.0
20082,4163,Oaxaca,0.0,San Agustín Chayuco,0.0
20083,11391,Oaxaca,0.0,San Agustín de las Juntas,0.0
20084,4168,Oaxaca,0.0,San Agustín Etla,0.0
20085,26194,Oaxaca,0.0,San Agustín Loxicha,0.0
20086,1032,Oaxaca,0.0,San Agustín Tlacotepec,0.0
20087,5521,Oaxaca,0.0,San Agustín Yatareni,0.0
20088,2881,Oaxaca,0.0,San Andrés Cabecera Nueva,0.0
20089,2308,Oaxaca,0.0,San Andrés Dinicuiti,0.0
20090,6234,Oaxaca,0.0,San Andrés Huaxpaltepec,0.0
20091,6279,Oaxaca,0.0,San Andrés Huayápam,0.0
20092,1776,Oaxaca,0.0,San Andrés Ixtlahuaca,0.0
20093,518,Oaxaca,0.0,San Andrés Lagunas,0.0
20094,1850,Oaxaca,0.0,San Andrés Nuxiño,0.0
20095,4562,Oaxaca,0.0,San Andrés Paxtlán,0.0
20096,756,Oaxaca,0.0,San Andrés Sinaxtla,0.0
20097,1771,Oaxaca,0.0,San Andrés Solaga,0.0
20098,4233,Oaxaca,0.0,San Andrés Teotilálpam,0.0
20099,381,Oaxaca,0.0,San Andrés Tepetlapa,0.0
20100,393,Oaxaca,0.0,San Andrés Yaá,0.0
20101,748,Oaxaca,0.0,San Andrés Zabache,0.0
20102,5326,Oaxaca,0.0,San Andrés Zautla,0.0
20103,6064,Oaxaca,1.0,San Antonino Castillo Velasco,1.6490765171503958
20104,2705,Oaxaca,0.0,San Antonino el Alto,0.0
20105,7678,Oaxaca,0.0,San Antonino Monte Verde,0.0
20106,249,Oaxaca,0.0,San Antonio Acutla,0.0
20107,26282,Oaxaca,2.0,San Antonio de la Cal,0.7609770945894528
20108,2936,Oaxaca,0.0,San Antonio Huitepec,0.0
20109,1232,Oaxaca,0.0,San Antonio Nanahuatípam,0.0
20110,1668,Oaxaca,0.0,San Antonio Sinicahua,0.0
20111,4873,Oaxaca,0.0,San Antonio Tepetlapa,0.0
20112,2576,Oaxaca,0.0,San Baltazar Chichicápam,0.0
20113,3169,Oaxaca,0.0,San Baltazar Loxicha,0.0
20114,674,Oaxaca,0.0,San Baltazar Yatzachi el Bajo,0.0
20115,10391,Oaxaca,1.0,San Bartolo Coyotepec,0.96237128284092
20116,4131,Oaxaca,0.0,San Bartolomé Ayautla,0.0
20117,2213,Oaxaca,0.0,San Bartolomé Loxicha,0.0
20118,2389,Oaxaca,0.0,San Bartolomé Quialana,0.0
20119,735,Oaxaca,0.0,San Bartolomé Yucuañe,0.0
20120,449,Oaxaca,0.0,San Bartolomé Zoogocho,0.0
20121,596,Oaxaca,0.0,San Bartolo Soyaltepec,0.0
20122,653,Oaxaca,0.0,San Bartolo Yautepec,0.0
20123,2829,Oaxaca,0.0,San Bernardo Mixtepec,0.0
20124,19696,Oaxaca,1.0,San Blas Atempa,0.5077173030056864
20125,11662,Oaxaca,0.0,San Carlos Yautepec,0.0
20126,5396,Oaxaca,0.0,San Cristóbal Amatlán,0.0
20127,1252,Oaxaca,0.0,San Cristóbal Amoltepec,0.0
20128,1342,Oaxaca,0.0,San Cristóbal Lachirioag,0.0
20129,356,Oaxaca,0.0,San Cristóbal Suchixtlahuaca,0.0
20130,5180,Oaxaca,0.0,San Dionisio del Mar,0.0
20131,11411,Oaxaca,1.0,San Dionisio Ocotepec,0.8763473841030585
20132,1380,Oaxaca,1.0,San Dionisio Ocotlán,7.246376811594203
20133,3934,Oaxaca,0.0,San Esteban Atatlahuca,0.0
20134,28500,Oaxaca,0.0,San Felipe Jalapa de Díaz,0.0
20135,8231,Oaxaca,0.0,San Felipe Tejalápam,0.0
20136,12191,Oaxaca,0.0,San Felipe Usila,0.0
20137,3450,Oaxaca,0.0,San Francisco Cahuacuá,0.0
20138,451,Oaxaca,0.0,San Francisco Cajonos,0.0
20139,2195,Oaxaca,0.0,San Francisco Chapulapa,0.0
20140,812,Oaxaca,0.0,San Francisco Chindúa,0.0
20141,8710,Oaxaca,0.0,San Francisco del Mar,0.0
20142,842,Oaxaca,0.0,San Francisco Huehuetlán,0.0
20143,9461,Oaxaca,0.0,San Francisco Ixhuatán,0.0
20144,1075,Oaxaca,0.0,San Francisco Jaltepetongo,0.0
20145,5215,Oaxaca,0.0,San Francisco Lachigoló,0.0
20146,2803,Oaxaca,0.0,San Francisco Logueche,0.0
20147,376,Oaxaca,0.0,San Francisco Nuxaño,0.0
20148,2182,Oaxaca,0.0,San Francisco Ozolotepec,0.0
20149,2019,Oaxaca,0.0,San Francisco Sola,0.0
20150,13856,Oaxaca,1.0,San Francisco Telixtlahuaca,0.7217090069284064
20151,312,Oaxaca,0.0,San Francisco Teopan,0.0
20152,2472,Oaxaca,0.0,San Francisco Tlapancingo,0.0
20153,4910,Oaxaca,0.0,San Gabriel Mixtepec,0.0
20154,2329,Oaxaca,0.0,San Ildefonso Amatlán,0.0
20155,1060,Oaxaca,0.0,San Ildefonso Sola,0.0
20156,3677,Oaxaca,0.0,San Ildefonso Villa Alta,0.0
20157,16827,Oaxaca,4.0,San Jacinto Amilpas,2.377131990253759
20158,2233,Oaxaca,0.0,San Jacinto Tlacotepec,0.0
20159,5537,Oaxaca,0.0,San Jerónimo Coatlán,0.0
20160,1429,Oaxaca,0.0,San Jerónimo Silacayoapilla,0.0
20161,2730,Oaxaca,0.0,San Jerónimo Sosola,0.0
20162,2046,Oaxaca,0.0,San Jerónimo Taviche,0.0
20163,1577,Oaxaca,0.0,San Jerónimo Tecóatl,0.0
20164,2881,Oaxaca,0.0,San Jorge Nuchita,0.0
20165,1629,Oaxaca,0.0,San José Ayuquila,0.0
20166,11310,Oaxaca,0.0,San José Chiltepec,0.0
20167,2149,Oaxaca,0.0,San José del Peñasco,0.0
20168,938,Oaxaca,0.0,San José Estancia Grande,0.0
20169,4251,Oaxaca,0.0,San José Independencia,0.0
20170,3700,Oaxaca,0.0,San José Lachiguiri,0.0
20171,18102,Oaxaca,0.0,San José Tenango,0.0
20172,408,Oaxaca,0.0,San Juan Achiutla,0.0
20173,1457,Oaxaca,0.0,San Juan Atepec,0.0
20174,4564,Oaxaca,0.0,Ánimas Trujano,0.0
20175,1424,Oaxaca,0.0,San Juan Bautista Atatlahuca,0.0
20176,2725,Oaxaca,0.0,San Juan Bautista Coixtlahuaca,0.0
20177,10365,Oaxaca,1.0,San Juan Bautista Cuicatlán,0.964785335262904
20178,6692,Oaxaca,1.0,San Juan Bautista Guelache,1.4943215780035863
20179,1447,Oaxaca,0.0,San Juan Bautista Jayacatlán,0.0
20180,2344,Oaxaca,0.0,San Juan Bautista Lo de Soto,0.0
20181,453,Oaxaca,0.0,San Juan Bautista Suchitepec,0.0
20182,2181,Oaxaca,0.0,San Juan Bautista Tlacoatzintepec,0.0
20183,1475,Oaxaca,0.0,San Juan Bautista Tlachichilco,0.0
20184,159452,Oaxaca,20.0,San Juan Bautista Tuxtepec,1.2542959636755888
20185,8939,Oaxaca,0.0,San Juan Cacahuatepec,0.0
20186,524,Oaxaca,0.0,San Juan Cieneguilla,0.0
20187,1808,Oaxaca,0.0,San Juan Coatzóspam,0.0
20188,9609,Oaxaca,0.0,San Juan Colorado,0.0
20189,3116,Oaxaca,0.0,San Juan Comaltepec,0.0
20190,22444,Oaxaca,0.0,San Juan Cotzocón,0.0
20191,296,Oaxaca,0.0,San Juan Chicomezúchil,0.0
20192,1522,Oaxaca,0.0,San Juan Chilateca,0.0
20193,2807,Oaxaca,0.0,San Juan del Estado,0.0
20194,1372,Oaxaca,0.0,San Juan del Río,0.0
20195,1056,Oaxaca,0.0,San Juan Diuxi,0.0
20196,407,Oaxaca,0.0,San Juan Evangelista Analco,0.0
20197,3288,Oaxaca,0.0,San Juan Guelavía,0.0
20198,29802,Oaxaca,0.0,San Juan Guichicovi,0.0
20199,494,Oaxaca,0.0,San Juan Ihualtepec,0.0
20200,3703,Oaxaca,0.0,San Juan Juquila Mixes,0.0
20201,1880,Oaxaca,0.0,San Juan Juquila Vijanos,0.0
20202,4577,Oaxaca,0.0,San Juan Lachao,0.0
20203,3538,Oaxaca,0.0,San Juan Lachigalla,0.0
20204,634,Oaxaca,0.0,San Juan Lajarcia,0.0
20205,16989,Oaxaca,0.0,San Juan Lalana,0.0
20206,2421,Oaxaca,0.0,San Juan de los Cués,0.0
20207,19032,Oaxaca,0.0,San Juan Mazatlán,0.0
20208,6941,Oaxaca,0.0,San Juan Mixtepec,0.0
20209,607,Oaxaca,0.0,San Juan Mixtepec,0.0
20210,5773,Oaxaca,0.0,San Juan Ñumí,0.0
20211,3411,Oaxaca,0.0,San Juan Ozolotepec,0.0
20212,3117,Oaxaca,0.0,San Juan Petlapa,0.0
20213,4203,Oaxaca,0.0,San Juan Quiahije,0.0
20214,2033,Oaxaca,0.0,San Juan Quiotepec,0.0
20215,879,Oaxaca,0.0,San Juan Sayultepec,0.0
20216,1241,Oaxaca,0.0,San Juan Tabaá,0.0
20217,3325,Oaxaca,0.0,San Juan Tamazola,0.0
20218,544,Oaxaca,0.0,San Juan Teita,0.0
20219,2668,Oaxaca,0.0,San Juan Teitipac,0.0
20220,2692,Oaxaca,0.0,San Juan Tepeuxila,0.0
20221,1494,Oaxaca,0.0,San Juan Teposcolula,0.0
20222,1426,Oaxaca,0.0,San Juan Yaeé,0.0
20223,440,Oaxaca,0.0,San Juan Yatzona,0.0
20224,643,Oaxaca,0.0,San Juan Yucuita,0.0
20225,5903,Oaxaca,0.0,San Lorenzo,0.0
20226,2971,Oaxaca,0.0,San Lorenzo Albarradas,0.0
20227,18339,Oaxaca,0.0,San Lorenzo Cacaotepec,0.0
20228,833,Oaxaca,0.0,San Lorenzo Cuaunecuiltitla,0.0
20229,9148,Oaxaca,0.0,San Lorenzo Texmelúcan,0.0
20230,932,Oaxaca,0.0,San Lorenzo Victoria,0.0
20231,3187,Oaxaca,0.0,San Lucas Camotlán,0.0
20232,22185,Oaxaca,0.0,San Lucas Ojitlán,0.0
20233,1720,Oaxaca,0.0,San Lucas Quiaviní,0.0
20234,7163,Oaxaca,0.0,San Lucas Zoquiápam,0.0
20235,3829,Oaxaca,0.0,San Luis Amatlán,0.0
20236,1372,Oaxaca,0.0,San Marcial Ozolotepec,0.0
20237,1568,Oaxaca,0.0,San Marcos Arteaga,0.0
20238,994,Oaxaca,0.0,San Martín de los Cansecos,0.0
20239,1000,Oaxaca,0.0,San Martín Huamelúlpam,0.0
20240,2749,Oaxaca,0.0,San Martín Itunyoso,0.0
20241,1034,Oaxaca,0.0,San Martín Lachilá,0.0
20242,12436,Oaxaca,0.0,San Martín Peras,0.0
20243,1975,Oaxaca,0.0,San Martín Tilcajete,0.0
20244,3934,Oaxaca,0.0,San Martín Toxpalan,0.0
20245,1324,Oaxaca,0.0,San Martín Zacatepec,0.0
20246,611,Oaxaca,0.0,San Mateo Cajonos,0.0
20247,1619,Oaxaca,0.0,Capulálpam de Méndez,0.0
20248,15571,Oaxaca,0.0,San Mateo del Mar,0.0
20249,3831,Oaxaca,0.0,San Mateo Yoloxochitlán,0.0
20250,1239,Oaxaca,0.0,San Mateo Etlatongo,0.0
20251,1217,Oaxaca,0.0,San Mateo Nejápam,0.0
20252,2384,Oaxaca,0.0,San Mateo Peñasco,0.0
20253,2021,Oaxaca,0.0,San Mateo Piñas,0.0
20254,3207,Oaxaca,0.0,San Mateo Río Hondo,0.0
20255,1977,Oaxaca,0.0,San Mateo Sindihui,0.0
20256,229,Oaxaca,0.0,San Mateo Tlapiltepec,0.0
20257,1052,Oaxaca,0.0,San Melchor Betaza,0.0
20258,698,Oaxaca,0.0,San Miguel Achiutla,0.0
20259,2142,Oaxaca,0.0,San Miguel Ahuehuetitlán,0.0
20260,2191,Oaxaca,0.0,San Miguel Aloápam,0.0
20261,6932,Oaxaca,0.0,San Miguel Amatitlán,0.0
20262,991,Oaxaca,0.0,San Miguel Amatlán,0.0
20263,3184,Oaxaca,0.0,San Miguel Coatlán,0.0
20264,2169,Oaxaca,0.0,San Miguel Chicahua,0.0
20265,6711,Oaxaca,0.0,San Miguel Chimalapa,0.0
20266,8551,Oaxaca,0.0,San Miguel del Puerto,0.0
20267,245,Oaxaca,0.0,San Miguel del Río,0.0
20268,1149,Oaxaca,0.0,San Miguel Ejutla,0.0
20269,4313,Oaxaca,0.0,San Miguel el Grande,0.0
20270,1311,Oaxaca,0.0,San Miguel Huautla,0.0
20271,3194,Oaxaca,0.0,San Miguel Mixtepec,0.0
20272,6252,Oaxaca,0.0,San Miguel Panixtlahuaca,0.0
20273,3818,Oaxaca,0.0,San Miguel Peras,0.0
20274,1328,Oaxaca,0.0,San Miguel Piedras,0.0
20275,7286,Oaxaca,0.0,San Miguel Quetzaltepec,0.0
20276,691,Oaxaca,0.0,San Miguel Santa Flor,0.0
20277,12350,Oaxaca,0.0,Villa Sola de Vega,0.0
20278,38682,Oaxaca,1.0,San Miguel Soyaltepec,0.25851817382762005
20279,2932,Oaxaca,0.0,San Miguel Suchixtepec,0.0
20280,2011,Oaxaca,0.0,Villa Talea de Castro,0.0
20281,305,Oaxaca,0.0,San Miguel Tecomatlán,0.0
20282,653,Oaxaca,0.0,San Miguel Tenango,0.0
20283,1044,Oaxaca,0.0,San Miguel Tequixtepec,0.0
20284,3141,Oaxaca,0.0,San Miguel Tilquiápam,0.0
20285,3668,Oaxaca,0.0,San Miguel Tlacamama,0.0
20286,3100,Oaxaca,0.0,San Miguel Tlacotepec,0.0
20287,307,Oaxaca,0.0,San Miguel Tulancingo,0.0
20288,585,Oaxaca,0.0,San Miguel Yotao,0.0
20289,1214,Oaxaca,0.0,San Nicolás,0.0
20290,1043,Oaxaca,0.0,San Nicolás Hidalgo,0.0
20291,4308,Oaxaca,0.0,San Pablo Coatlán,0.0
20292,1510,Oaxaca,0.0,San Pablo Cuatro Venados,0.0
20293,17116,Oaxaca,5.0,San Pablo Etla,2.921243281140453
20294,7035,Oaxaca,1.0,San Pablo Huitzo,1.4214641080312722
20295,10020,Oaxaca,1.0,San Pablo Huixtepec,0.998003992015968
20296,955,Oaxaca,0.0,San Pablo Macuiltianguis,0.0
20297,2751,Oaxaca,0.0,San Pablo Tijaltepec,0.0
20298,13587,Oaxaca,1.0,San Pablo Villa de Mitla,0.7359976448075366
20299,1125,Oaxaca,0.0,San Pablo Yaganiza,0.0
20300,6632,Oaxaca,0.0,San Pedro Amuzgos,0.0
20301,1594,Oaxaca,0.0,San Pedro Apóstol,0.0
20302,4559,Oaxaca,0.0,San Pedro Atoyac,0.0
20303,1081,Oaxaca,0.0,San Pedro Cajonos,0.0
20304,716,Oaxaca,0.0,San Pedro Coxcaltepec Cántaros,0.0
20305,4333,Oaxaca,0.0,San Pedro Comitancillo,0.0
20306,4654,Oaxaca,0.0,San Pedro el Alto,0.0
20307,9735,Oaxaca,0.0,San Pedro Huamelula,0.0
20308,3307,Oaxaca,0.0,San Pedro Huilotepec,0.0
20309,10368,Oaxaca,0.0,San Pedro Ixcatlán,0.0
20310,14552,Oaxaca,1.0,San Pedro Ixtlahuaca,0.6871907641561298
20311,483,Oaxaca,0.0,San Pedro Jaltepetongo,0.0
20312,11279,Oaxaca,0.0,San Pedro Jicayán,0.0
20313,730,Oaxaca,0.0,San Pedro Jocotipac,0.0
20314,1755,Oaxaca,0.0,San Pedro Juchatengo,0.0
20315,1899,Oaxaca,0.0,San Pedro Mártir,0.0
20316,738,Oaxaca,0.0,San Pedro Mártir Quiechapa,0.0
20317,1257,Oaxaca,0.0,San Pedro Mártir Yucuxaco,0.0
20318,49780,Oaxaca,11.0,San Pedro Mixtepec,2.2097227802330255
20319,972,Oaxaca,0.0,San Pedro Mixtepec,0.0
20320,706,Oaxaca,0.0,San Pedro Molinos,0.0
20321,751,Oaxaca,0.0,San Pedro Nopala,0.0
20322,786,Oaxaca,0.0,San Pedro Ocopetatillo,0.0
20323,2404,Oaxaca,0.0,San Pedro Ocotepec,0.0
20324,48204,Oaxaca,4.0,San Pedro Pochutla,0.8298066550493736
20325,11930,Oaxaca,0.0,San Pedro Quiatoni,0.0
20326,5052,Oaxaca,0.0,San Pedro Sochiápam,0.0
20327,15479,Oaxaca,2.0,San Pedro Tapanatepec,1.2920731313392337
20328,1441,Oaxaca,0.0,San Pedro Taviche,0.0
20329,1153,Oaxaca,0.0,San Pedro Teozacoalco,0.0
20330,4296,Oaxaca,0.0,San Pedro Teutila,0.0
20331,982,Oaxaca,0.0,San Pedro Tidaá,0.0
20332,373,Oaxaca,0.0,San Pedro Topiltepec,0.0
20333,3294,Oaxaca,0.0,San Pedro Totolápam,0.0
20334,50541,Oaxaca,2.0,Villa de Tututepec,0.3957183276943471
20335,867,Oaxaca,0.0,San Pedro Yaneri,0.0
20336,1697,Oaxaca,0.0,San Pedro Yólox,0.0
20337,5616,Oaxaca,0.0,San Pedro y San Pablo Ayutla,0.0
20338,10361,Oaxaca,1.0,Villa de Etla,0.9651578033008397
20339,4353,Oaxaca,1.0,San Pedro y San Pablo Teposcolula,2.297266253158741
20340,1747,Oaxaca,0.0,San Pedro y San Pablo Tequixtepec,0.0
20341,241,Oaxaca,0.0,San Pedro Yucunama,0.0
20342,4105,Oaxaca,1.0,San Raymundo Jalpan,2.43605359317905
20343,1999,Oaxaca,0.0,San Sebastián Abasolo,0.0
20344,2809,Oaxaca,0.0,San Sebastián Coatlán,0.0
20345,4188,Oaxaca,0.0,San Sebastián Ixcapa,0.0
20346,1542,Oaxaca,0.0,San Sebastián Nicananduta,0.0
20347,4202,Oaxaca,0.0,San Sebastián Río Hondo,0.0
20348,8192,Oaxaca,0.0,San Sebastián Tecomaxtlahuaca,0.0
20349,2189,Oaxaca,0.0,San Sebastián Teitipac,0.0
20350,16878,Oaxaca,1.0,San Sebastián Tutla,0.5924872615238772
20351,2802,Oaxaca,0.0,San Simón Almolongas,0.0
20352,4940,Oaxaca,0.0,San Simón Zahuatlán,0.0
20353,2406,Oaxaca,0.0,Santa Ana,0.0
20354,477,Oaxaca,0.0,Santa Ana Ateixtlahuaca,0.0
20355,681,Oaxaca,0.0,Santa Ana Cuauhtémoc,0.0
20356,2179,Oaxaca,0.0,Santa Ana del Valle,0.0
20357,848,Oaxaca,0.0,Santa Ana Tavela,0.0
20358,1958,Oaxaca,0.0,Santa Ana Tlapacoyan,0.0
20359,637,Oaxaca,0.0,Santa Ana Yareni,0.0
20360,3981,Oaxaca,0.0,Santa Ana Zegache,0.0
20361,825,Oaxaca,0.0,Santa Catalina Quierí,0.0
20362,1495,Oaxaca,0.0,Santa Catarina Cuixtla,0.0
20363,2675,Oaxaca,0.0,Santa Catarina Ixtepeji,0.0
20364,18654,Oaxaca,0.0,Santa Catarina Juquila,0.0
20365,1059,Oaxaca,0.0,Santa Catarina Lachatao,0.0
20366,3676,Oaxaca,0.0,Santa Catarina Loxicha,0.0
20367,4582,Oaxaca,0.0,Santa Catarina Mechoacán,0.0
20368,2067,Oaxaca,0.0,Santa Catarina Minas,0.0
20369,2193,Oaxaca,0.0,Santa Catarina Quiané,0.0
20370,662,Oaxaca,0.0,Santa Catarina Tayata,0.0
20371,986,Oaxaca,0.0,Santa Catarina Ticuá,0.0
20372,1316,Oaxaca,0.0,Santa Catarina Yosonotú,0.0
20373,403,Oaxaca,0.0,Santa Catarina Zapoquila,0.0
20374,1645,Oaxaca,0.0,Santa Cruz Acatepec,0.0
20375,13200,Oaxaca,0.0,Santa Cruz Amilpas,0.0
20376,365,Oaxaca,0.0,Santa Cruz de Bravo,0.0
20377,10860,Oaxaca,0.0,Santa Cruz Itundujia,0.0
20378,3720,Oaxaca,0.0,Santa Cruz Mixtepec,0.0
20379,2951,Oaxaca,0.0,Santa Cruz Nundaco,0.0
20380,2242,Oaxaca,0.0,Santa Cruz Papalutla,0.0
20381,2940,Oaxaca,0.0,Santa Cruz Tacache de Mina,0.0
20382,1182,Oaxaca,0.0,Santa Cruz Tacahua,0.0
20383,595,Oaxaca,0.0,Santa Cruz Tayata,0.0
20384,4794,Oaxaca,0.0,Santa Cruz Xitla,0.0
20385,100402,Oaxaca,11.0,Santa Cruz Xoxocotlán,1.0955957052648353
20386,19079,Oaxaca,0.0,Santa Cruz Zenzontepec,0.0
20387,2891,Oaxaca,0.0,Santa Gertrudis,0.0
20388,2809,Oaxaca,0.0,Santa Inés del Monte,0.0
20389,908,Oaxaca,0.0,Santa Inés Yatzeche,0.0
20390,50362,Oaxaca,9.0,Santa Lucía del Camino,1.7870616734839762
20391,3375,Oaxaca,0.0,Santa Lucía Miahuatlán,0.0
20392,6726,Oaxaca,0.0,Santa Lucía Monteverde,0.0
20393,4173,Oaxaca,0.0,Santa Lucía Ocotlán,0.0
20394,2796,Oaxaca,0.0,Santa María Alotepec,0.0
20395,1629,Oaxaca,0.0,Santa María Apazco,0.0
20396,3259,Oaxaca,0.0,Santa María la Asunción,0.0
20397,40123,Oaxaca,2.0,Heroica Ciudad de Tlaxiaco,0.4984672133190439
20398,4874,Oaxaca,1.0,Ayoquezco de Aldama,2.051702913418137
20399,41921,Oaxaca,2.0,Santa María Atzompa,0.47708785572863244
20400,1713,Oaxaca,0.0,Santa María Camotlán,0.0
20401,27046,Oaxaca,4.0,Santa María Colotepec,1.4789617688382755
20402,1067,Oaxaca,0.0,Santa María Cortijo,0.0
20403,3751,Oaxaca,1.0,Santa María Coyotepec,2.6659557451346307
20404,761,Oaxaca,0.0,Santa María Chachoápam,0.0
20405,1815,Oaxaca,0.0,Villa de Chilapa de Díaz,0.0
20406,21469,Oaxaca,0.0,Santa María Chilchotla,0.0
20407,9578,Oaxaca,0.0,Santa María Chimalapa,0.0
20408,499,Oaxaca,0.0,Santa María del Rosario,0.0
20409,8939,Oaxaca,0.0,Santa María del Tule,0.0
20410,3418,Oaxaca,0.0,Santa María Ecatepec,0.0
20411,908,Oaxaca,0.0,Santa María Guelacé,0.0
20412,3178,Oaxaca,0.0,Santa María Guienagati,0.0
20413,50862,Oaxaca,9.0,Santa María Huatulco,1.769493924737525
20414,11995,Oaxaca,0.0,Santa María Huazolotitlán,0.0
20415,4878,Oaxaca,0.0,Santa María Ipalapa,0.0
20416,461,Oaxaca,0.0,Santa María Ixcatlán,0.0
20417,9682,Oaxaca,0.0,Santa María Jacatepec,0.0
20418,11735,Oaxaca,1.0,Santa María Jalapa del Marqués,0.8521516829995739
20419,592,Oaxaca,0.0,Santa María Jaltianguis,0.0
20420,1679,Oaxaca,0.0,Santa María Lachixío,0.0
20421,4690,Oaxaca,0.0,Santa María Mixtequilla,0.0
20422,603,Oaxaca,0.0,Santa María Nativitas,0.0
20423,453,Oaxaca,0.0,Santa María Nduayaco,0.0
20424,3793,Oaxaca,0.0,Santa María Ozolotepec,0.0
20425,2058,Oaxaca,0.0,Santa María Pápalo,0.0
20426,8967,Oaxaca,0.0,Santa María Peñoles,0.0
20427,16706,Oaxaca,0.0,Santa María Petapa,0.0
20428,2224,Oaxaca,0.0,Santa María Quiegolani,0.0
20429,1516,Oaxaca,0.0,Santa María Sola,0.0
20430,317,Oaxaca,0.0,Santa María Tataltepec,0.0
20431,1830,Oaxaca,0.0,Santa María Tecomavaca,0.0
20432,903,Oaxaca,0.0,Santa María Temaxcalapa,0.0
20433,2694,Oaxaca,0.0,Santa María Temaxcaltepec,0.0
20434,3985,Oaxaca,0.0,Santa María Teopoxco,0.0
20435,3576,Oaxaca,0.0,Santa María Tepantlali,0.0
20436,896,Oaxaca,0.0,Santa María Texcatitlán,0.0
20437,9653,Oaxaca,0.0,Santa María Tlahuitoltepec,0.0
20438,1839,Oaxaca,0.0,Santa María Tlalixtac,0.0
20439,25347,Oaxaca,2.0,Santa María Tonameca,0.7890480135716258
20440,812,Oaxaca,0.0,Santa María Totolapilla,0.0
20441,9234,Oaxaca,0.0,Santa María Xadani,0.0
20442,250,Oaxaca,0.0,Santa María Yalina,0.0
20443,434,Oaxaca,0.0,Santa María Yavesía,0.0
20444,481,Oaxaca,0.0,Santa María Yolotepec,0.0
20445,1699,Oaxaca,0.0,Santa María Yosoyúa,0.0
20446,6008,Oaxaca,0.0,Santa María Yucuhiti,0.0
20447,17100,Oaxaca,0.0,Santa María Zacatepec,0.0
20448,2469,Oaxaca,0.0,Santa María Zaniza,0.0
20449,3294,Oaxaca,0.0,Santa María Zoquitlán,0.0
20450,13855,Oaxaca,0.0,Santiago Amoltepec,0.0
20451,1019,Oaxaca,0.0,Santiago Apoala,0.0
20452,4421,Oaxaca,0.0,Santiago Apóstol,0.0
20453,3918,Oaxaca,0.0,Santiago Astata,0.0
20454,3556,Oaxaca,0.0,Santiago Atitlán,0.0
20455,2904,Oaxaca,0.0,Santiago Ayuquililla,0.0
20456,1667,Oaxaca,0.0,Santiago Cacaloxtepec,0.0
20457,3346,Oaxaca,0.0,Santiago Camotlán,0.0
20458,1157,Oaxaca,0.0,Santiago Comaltepec,0.0
20459,4877,Oaxaca,1.0,Santiago Chazumba,2.0504408447816282
20460,5242,Oaxaca,0.0,Santiago Choápam,0.0
20461,527,Oaxaca,0.0,Santiago del Río,0.0
20462,4600,Oaxaca,1.0,Santiago Huajolotitlán,2.1739130434782608
20463,525,Oaxaca,0.0,Santiago Huauclilla,0.0
20464,341,Oaxaca,0.0,Santiago Ihuitlán Plumas,0.0
20465,1636,Oaxaca,0.0,Santiago Ixcuintepec,0.0
20466,13880,Oaxaca,0.0,Santiago Ixtayutla,0.0
20467,19112,Oaxaca,1.0,Santiago Jamiltepec,0.5232314776056928
20468,14198,Oaxaca,0.0,Santiago Jocotepec,0.0
20469,34735,Oaxaca,0.0,Santiago Juxtlahuaca,0.0
20470,4394,Oaxaca,0.0,Santiago Lachiguiri,0.0
20471,431,Oaxaca,0.0,Santiago Lalopa,0.0
20472,3361,Oaxaca,0.0,Santiago Laollaga,0.0
20473,1291,Oaxaca,0.0,Santiago Laxopa,0.0
20474,3440,Oaxaca,0.0,Santiago Llano Grande,0.0
20475,10175,Oaxaca,0.0,Santiago Matatlán,0.0
20476,421,Oaxaca,0.0,Santiago Miltepec,0.0
20477,1327,Oaxaca,0.0,Santiago Minas,0.0
20478,1599,Oaxaca,0.0,Santiago Nacaltepec,0.0
20479,174,Oaxaca,0.0,Santiago Nejapilla,0.0
20480,1351,Oaxaca,0.0,Santiago Nundiche,0.0
20481,1898,Oaxaca,0.0,Santiago Nuyoó,0.0
20482,55840,Oaxaca,4.0,Santiago Pinotepa Nacional,0.7163323782234956
20483,10886,Oaxaca,0.0,Santiago Suchilquitongo,0.0
20484,4458,Oaxaca,0.0,Santiago Tamazola,0.0
20485,3134,Oaxaca,0.0,Santiago Tapextla,0.0
20486,2419,Oaxaca,1.0,Villa Tejúpam de la Unión,4.13393964448119
20487,1966,Oaxaca,0.0,Santiago Tenango,0.0
20488,130,Oaxaca,0.0,Santiago Tepetlapa,0.0
20489,4909,Oaxaca,0.0,Santiago Tetepec,0.0
20490,2974,Oaxaca,0.0,Santiago Texcalcingo,0.0
20491,4930,Oaxaca,0.0,Santiago Textitlán,0.0
20492,2764,Oaxaca,0.0,Santiago Tilantongo,0.0
20493,545,Oaxaca,0.0,Santiago Tillo,0.0
20494,6300,Oaxaca,0.0,Santiago Tlazoyaltepec,0.0
20495,3029,Oaxaca,0.0,Santiago Xanica,0.0
20496,1893,Oaxaca,0.0,Santiago Xiacuí,0.0
20497,4233,Oaxaca,0.0,Santiago Yaitepec,0.0
20498,7593,Oaxaca,0.0,Santiago Yaveo,0.0
20499,1922,Oaxaca,0.0,Santiago Yolomécatl,0.0
20500,7991,Oaxaca,0.0,Santiago Yosondúa,0.0
20501,998,Oaxaca,0.0,Santiago Yucuyachi,0.0
20502,5089,Oaxaca,0.0,Santiago Zacatepec,0.0
20503,425,Oaxaca,0.0,Santiago Zoochila,0.0
20504,1590,Oaxaca,0.0,Nuevo Zoquiápam,0.0
20505,7681,Oaxaca,0.0,Santo Domingo Ingenio,0.0
20506,798,Oaxaca,0.0,Santo Domingo Albarradas,0.0
20507,3155,Oaxaca,0.0,Santo Domingo Armenta,0.0
20508,1618,Oaxaca,0.0,Santo Domingo Chihuitán,0.0
20509,11384,Oaxaca,0.0,Santo Domingo de Morelos,0.0
20510,760,Oaxaca,0.0,Santo Domingo Ixcatlán,0.0
20511,3335,Oaxaca,0.0,Santo Domingo Nuxaá,0.0
20512,1101,Oaxaca,0.0,Santo Domingo Ozolotepec,0.0
20513,9027,Oaxaca,0.0,Santo Domingo Petapa,0.0
20514,941,Oaxaca,0.0,Santo Domingo Roayaga,0.0
20515,67739,Oaxaca,12.0,Santo Domingo Tehuantepec,1.7715053366598266
20516,5260,Oaxaca,0.0,Santo Domingo Teojomulco,0.0
20517,6029,Oaxaca,0.0,Santo Domingo Tepuxtepec,0.0
20518,113,Oaxaca,0.0,Santo Domingo Tlatayápam,0.0
20519,3386,Oaxaca,0.0,Santo Domingo Tomaltepec,0.0
20520,7393,Oaxaca,0.0,Santo Domingo Tonalá,0.0
20521,250,Oaxaca,0.0,Santo Domingo Tonaltepec,0.0
20522,1205,Oaxaca,0.0,Santo Domingo Xagacía,0.0
20523,1633,Oaxaca,0.0,Santo Domingo Yanhuitlán,0.0
20524,327,Oaxaca,0.0,Santo Domingo Yodohino,0.0
20525,12483,Oaxaca,1.0,Santo Domingo Zanatepec,0.8010894816951053
20526,16688,Oaxaca,0.0,Santos Reyes Nopala,0.0
20527,2490,Oaxaca,0.0,Santos Reyes Pápalo,0.0
20528,904,Oaxaca,0.0,Santos Reyes Tepejillo,0.0
20529,1474,Oaxaca,0.0,Santos Reyes Yucuná,0.0
20530,3923,Oaxaca,0.0,Santo Tomás Jalieza,0.0
20531,2612,Oaxaca,0.0,Santo Tomás Mazaltepec,0.0
20532,4066,Oaxaca,0.0,Santo Tomás Ocotepec,0.0
20533,2726,Oaxaca,0.0,Santo Tomás Tamazulapan,0.0
20534,3512,Oaxaca,0.0,San Vicente Coatlán,0.0
20535,3227,Oaxaca,0.0,San Vicente Lachixío,0.0
20536,449,Oaxaca,0.0,San Vicente Nuñú,0.0
20537,6710,Oaxaca,0.0,Silacayoápam,0.0
20538,713,Oaxaca,0.0,Sitio de Xitlapehua,0.0
20539,6348,Oaxaca,0.0,Soledad Etla,0.0
20540,8326,Oaxaca,1.0,Villa de Tamazulápam del Progreso,1.2010569300984866
20541,1558,Oaxaca,0.0,Tanetze de Zaragoza,0.0
20542,887,Oaxaca,0.0,Taniche,0.0
20543,6386,Oaxaca,0.0,Tataltepec de Valdés,0.0
20544,1032,Oaxaca,0.0,Teococuilco de Marcos Pérez,0.0
20545,10099,Oaxaca,0.0,Teotitlán de Flores Magón,0.0
20546,6392,Oaxaca,0.0,Teotitlán del Valle,0.0
20547,1005,Oaxaca,0.0,Teotongo,0.0
20548,1960,Oaxaca,0.0,Tepelmeme Villa de Morelos,0.0
20549,11465,Oaxaca,0.0,"Heroica Villa Tezoatlán de Segura y Luna, Cuna de la Independencia de Oaxaca",0.0
20550,5764,Oaxaca,0.0,San Jerónimo Tlacochahuaya,0.0
20551,30254,Oaxaca,1.0,Tlacolula de Matamoros,0.3305348053149996
20552,410,Oaxaca,0.0,Tlacotepec Plumas,0.0
20553,12067,Oaxaca,0.0,Tlalixtac de Cabrera,0.0
20554,5904,Oaxaca,0.0,Totontepec Villa de Morelos,0.0
20555,3419,Oaxaca,0.0,Trinidad Zaachila,0.0
20556,306,Oaxaca,0.0,La Trinidad Vista Hermosa,0.0
20557,14542,Oaxaca,1.0,Unión Hidalgo,0.687663320038509
20558,1376,Oaxaca,0.0,Valerio Trujano,0.0
20559,23067,Oaxaca,1.0,San Juan Bautista Valle Nacional,0.43351974682446787
20560,6467,Oaxaca,0.0,Villa Díaz Ordaz,0.0
20561,2954,Oaxaca,0.0,Yaxe,0.0
20562,1682,Oaxaca,0.0,Magdalena Yodocono de Porfirio Díaz,0.0
20563,1245,Oaxaca,0.0,Yogana,0.0
20564,1195,Oaxaca,0.0,Yutanduchi de Guerrero,0.0
20565,46464,Oaxaca,1.0,Villa de Zaachila,0.21522038567493113
20566,3144,Oaxaca,0.0,San Mateo Yucutindoo,0.0
20567,3382,Oaxaca,0.0,Zapotitlán Lagunas,0.0
20568,1695,Oaxaca,0.0,Zapotitlán Palmas,0.0
20569,1454,Oaxaca,0.0,Santa Inés de Zaragoza,0.0
20570,22093,Oaxaca,2.0,Zimatlán de Álvarez,0.9052641108043272
21001,72894,Puebla,5.0,Acajete,0.6859275111806185
21002,9170,Puebla,0.0,Acateno,0.0
21003,37955,Puebla,3.0,Acatlán,0.7904096956922672
21004,63743,Puebla,5.0,Acatzingo,0.7843998556704265
21005,3070,Puebla,0.0,Acteopan,0.0
21006,14542,Puebla,0.0,Ahuacatlán,0.0
21007,3162,Puebla,0.0,Ahuatlán,0.0
21008,11439,Puebla,2.0,Ahuazotepec,1.7484045808200017
21009,2207,Puebla,0.0,Ahuehuetitla,0.0
21010,74768,Puebla,2.0,Ajalpan,0.26749411512946714
21011,1885,Puebla,0.0,Albino Zertuche,0.0
21012,6591,Puebla,1.0,Aljojuca,1.5172204521316948
21013,22629,Puebla,2.0,Altepexi,0.8838216447920809
21014,4812,Puebla,0.0,Amixtlán,0.0
21015,125876,Puebla,23.0,Amozoc,1.827195017318631
21016,9021,Puebla,0.0,Aquixtla,0.0
21017,29742,Puebla,2.0,Atempan,0.6724497343823549
21018,3859,Puebla,0.0,Atexcal,0.0
21019,141793,Puebla,26.0,Atlixco,1.8336589253348192
21020,7704,Puebla,1.0,Atoyatempan,1.2980269989615785
21021,1512,Puebla,0.0,Atzala,0.0
21022,12857,Puebla,0.0,Atzitzihuacán,0.0
21023,9051,Puebla,0.0,Atzitzintla,0.0
21024,976,Puebla,0.0,Axutla,0.0
21025,8208,Puebla,0.0,Ayotoxco de Guerrero,0.0
21026,15271,Puebla,1.0,Calpan,0.6548359635911205
21027,4128,Puebla,0.0,Caltepec,0.0
21028,2758,Puebla,0.0,Camocuautla,0.0
21029,3811,Puebla,0.0,Caxhuacan,0.0
21030,772,Puebla,0.0,Coatepec,0.0
21031,2820,Puebla,0.0,Coatzingo,0.0
21032,1382,Puebla,0.0,Cohetzala,0.0
21033,5403,Puebla,0.0,Cohuecan,0.0
21034,46836,Puebla,5.0,Coronango,1.0675548723204373
21035,20653,Puebla,0.0,Coxcatlán,0.0
21036,14806,Puebla,0.0,Coyomeapan,0.0
21037,2334,Puebla,0.0,Coyotepec,0.0
21038,10542,Puebla,4.0,Cuapiaxtla de Madero,3.7943464238284954
21039,9837,Puebla,0.0,Cuautempan,0.0
21040,12340,Puebla,0.0,Cuautinchán,0.0
21041,137435,Puebla,39.0,Cuautlancingo,2.8377050969549242
21042,3315,Puebla,0.0,Cuayuca de Andrade,0.0
21043,49864,Puebla,0.0,Cuetzalan del Progreso,0.0
21044,17139,Puebla,0.0,Cuyoaco,0.0
21045,47410,Puebla,5.0,Chalchicomula de Sesma,1.054629824931449
21046,8193,Puebla,0.0,Chapulco,0.0
21047,21699,Puebla,1.0,Chiautla,0.46085073044840774
21048,22039,Puebla,0.0,Chiautzingo,0.0
21049,17382,Puebla,0.0,Chiconcuautla,0.0
21050,26928,Puebla,0.0,Chichiquila,0.0
21051,37030,Puebla,3.0,Chietla,0.8101539292465568
21052,1215,Puebla,0.0,Chigmecatitlán,0.0
21053,66464,Puebla,11.0,Chignahuapan,1.6550312951372173
21054,35223,Puebla,1.0,Chignautla,0.28390540271981374
21055,5082,Puebla,0.0,Chila,0.0
21056,1317,Puebla,0.0,Chila de la Sal,0.0
21057,6687,Puebla,0.0,Honey,0.0
21058,21002,Puebla,0.0,Chilchotla,0.0
21059,2846,Puebla,1.0,Chinantla,3.5137034434293746
21060,7982,Puebla,0.0,Domingo Arenas,0.0
21061,14461,Puebla,0.0,Eloxochitlán,0.0
21062,4943,Puebla,1.0,Epatlán,2.0230629172567265
21063,14766,Puebla,2.0,Esperanza,1.3544629554381689
21064,17824,Puebla,1.0,Francisco Z. Mena,0.5610412926391383
21065,22694,Puebla,3.0,General Felipe Ángeles,1.321935313298669
21066,6451,Puebla,0.0,Guadalupe,0.0
21067,18784,Puebla,1.0,Guadalupe Victoria,0.5323679727427598
21068,7011,Puebla,0.0,Hermenegildo Galeana,0.0
21069,29233,Puebla,1.0,Huaquechula,0.34207915711695686
21070,6111,Puebla,0.0,Huatlatlauca,0.0
21071,103946,Puebla,13.0,Huauchinango,1.2506493756373502
21072,17082,Puebla,0.0,Huehuetla,0.0
21073,9760,Puebla,0.0,Huehuetlán el Chico,0.0
21074,90794,Puebla,22.0,Huejotzingo,2.4230676035861403
21075,13080,Puebla,0.0,Hueyapan,0.0
21076,27600,Puebla,1.0,Hueytamalco,0.36231884057971014
21077,5951,Puebla,0.0,Hueytlalpan,0.0
21078,15928,Puebla,0.0,Huitzilan de Serdán,0.0
21079,5782,Puebla,0.0,Huitziltepec,0.0
21080,2633,Puebla,0.0,Atlequizayan,0.0
21081,4065,Puebla,0.0,Ixcamilpa de Guerrero,0.0
21082,8804,Puebla,0.0,Ixcaquixtla,0.0
21083,25319,Puebla,0.0,Ixtacamaxtitlán,0.0
21084,6950,Puebla,0.0,Ixtepec,0.0
21085,82809,Puebla,10.0,Izúcar de Matamoros,1.2075982079242595
21086,12050,Puebla,0.0,Jalpan,0.0
21087,13308,Puebla,0.0,Jolalpan,0.0
21088,4457,Puebla,0.0,Jonotla,0.0
21089,12131,Puebla,0.0,Jopala,0.0
21090,23783,Puebla,2.0,Juan C. Bonilla,0.8409368035992096
21091,9828,Puebla,1.0,Juan Galindo,1.0175010175010175
21092,5293,Puebla,0.0,Juan N. Méndez,0.0
21093,7650,Puebla,0.0,Lafragua,0.0
21094,37257,Puebla,6.0,Libres,1.610435622835977
21095,650,Puebla,0.0,La Magdalena Tlatlauquitepec,0.0
21096,3176,Puebla,0.0,Mazapiltepec de Juárez,0.0
21097,2668,Puebla,0.0,Mixtla,0.0
21098,6668,Puebla,1.0,Molcaxac,1.4997000599880024
21099,20659,Puebla,0.0,Cañada Morelos,0.0
21100,9310,Puebla,0.0,Naupan,0.0
21101,3317,Puebla,0.0,Nauzontla,0.0
21102,14075,Puebla,1.0,Nealtican,0.7104795737122558
21103,6644,Puebla,0.0,Nicolás Bravo,0.0
21104,32772,Puebla,3.0,Nopalucan,0.9154155986818014
21105,5077,Puebla,0.0,Ocotepec,0.0
21106,42669,Puebla,1.0,Ocoyucan,0.2343621833180998
21107,11993,Puebla,0.0,Olintla,0.0
21108,19903,Puebla,4.0,Oriental,2.0097472742802593
21109,20274,Puebla,0.0,Pahuatlán,0.0
21110,50226,Puebla,2.0,Palmar de Bravo,0.398200135388046
21111,18528,Puebla,0.0,Pantepec,0.0
21112,9350,Puebla,0.0,Petlalcingo,0.0
21113,4627,Puebla,0.0,Piaxtla,0.0
21114,1692181,Puebla,337.0,Puebla,1.9915127282483374
21115,57992,Puebla,5.0,Quecholac,0.8621878879845496
21116,22855,Puebla,0.0,Quimixtlán,0.0
21117,15952,Puebla,1.0,Rafael Lara Grajales,0.6268806419257773
21118,30021,Puebla,2.0,Los Reyes de Juárez,0.66620032643816
21119,154448,Puebla,49.0,San Andrés Cholula,3.1725888324873095
21120,5938,Puebla,0.0,San Antonio Cañada,0.0
21121,1270,Puebla,0.0,San Diego la Mesa Tochimiltzingo,0.0
21122,11063,Puebla,0.0,San Felipe Teotlalcingo,0.0
21123,3793,Puebla,0.0,San Felipe Tepatlán,0.0
21124,15954,Puebla,0.0,San Gabriel Chilac,0.0
21125,9671,Puebla,0.0,San Gregorio Atzompa,0.0
21126,6597,Puebla,0.0,San Jerónimo Tecuanipan,0.0
21127,3606,Puebla,0.0,San Jerónimo Xayacatlán,0.0
21128,10443,Puebla,3.0,San José Chiapa,2.8727377190462513
21129,14018,Puebla,0.0,San José Miahuatlán,0.0
21130,3604,Puebla,0.0,San Juan Atenco,0.0
21131,975,Puebla,0.0,San Juan Atzompa,0.0
21132,155738,Puebla,32.0,San Martín Texmelucan,2.054732948927044
21133,692,Puebla,0.0,San Martín Totoltepec,0.0
21134,20974,Puebla,2.0,San Matías Tlalancaleca,0.9535615523982073
21135,526,Puebla,0.0,San Miguel Ixitlán,0.0
21136,12461,Puebla,3.0,San Miguel Xoxtla,2.4075114356793192
21137,10464,Puebla,0.0,San Nicolás Buenos Aires,0.0
21138,11780,Puebla,0.0,San Nicolás de los Ranchos,0.0
21139,3759,Puebla,0.0,San Pablo Anicano,0.0
21140,138433,Puebla,33.0,San Pedro Cholula,2.383824666083954
21141,3488,Puebla,0.0,San Pedro Yeloixtlahuaca,0.0
21142,30639,Puebla,4.0,San Salvador el Seco,1.3055256372597017
21143,34880,Puebla,2.0,San Salvador el Verde,0.573394495412844
21144,16790,Puebla,4.0,San Salvador Huixcolotla,2.3823704586063132
21145,13189,Puebla,0.0,San Sebastián Tlacotepec,0.0
21146,749,Puebla,0.0,Santa Catarina Tlaltempan,0.0
21147,6341,Puebla,0.0,Santa Inés Ahuatempan,0.0
21148,11498,Puebla,2.0,Santa Isabel Cholula,1.7394329448599757
21149,30309,Puebla,2.0,Santiago Miahuatlán,0.659870005608895
21150,6105,Puebla,0.0,Huehuetlán el Grande,0.0
21151,9315,Puebla,0.0,Santo Tomás Hueyotlipan,0.0
21152,12631,Puebla,0.0,Soltepec,0.0
21153,23625,Puebla,1.0,Tecali de Herrera,0.42328042328042326
21154,80771,Puebla,12.0,Tecamachalco,1.4856817422094564
21155,6830,Puebla,0.0,Tecomatlán,0.0
21156,327312,Puebla,32.0,Tehuacán,0.9776604585227551
21157,12672,Puebla,1.0,Tehuitzingo,0.7891414141414143
21158,6743,Puebla,0.0,Tenampulco,0.0
21159,3836,Puebla,0.0,Teopantlán,0.0
21160,3689,Puebla,0.0,Teotlalco,0.0
21161,22218,Puebla,2.0,Tepanco de López,0.9001710324961743
21162,4155,Puebla,0.0,Tepango de Rodríguez,0.0
21163,18854,Puebla,2.0,Tepatlaxco de Hidalgo,1.0607828577490188
21164,84270,Puebla,19.0,Tepeaca,2.2546576480360745
21165,1216,Puebla,0.0,Tepemaxalco,0.0
21166,8918,Puebla,1.0,Tepeojuma,1.121327651939897
21167,10373,Puebla,0.0,Tepetzintla,0.0
21168,7523,Puebla,0.0,Tepexco,0.0
21169,22331,Puebla,0.0,Tepexi de Rodríguez,0.0
21170,19200,Puebla,1.0,Tepeyahualco,0.5208333333333334
21171,3851,Puebla,2.0,Tepeyahualco de Cuauhtémoc,5.193456245131134
21172,27216,Puebla,1.0,Tetela de Ocampo,0.36743092298647856
21173,6653,Puebla,1.0,Teteles de Avila Castillo,1.5030813166992334
21174,103583,Puebla,15.0,Teziutlán,1.4481140727725592
21175,14432,Puebla,0.0,Tianguismanalco,0.0
21176,9664,Puebla,0.0,Tilapa,0.0
21177,54757,Puebla,2.0,Tlacotepec de Benito Juárez,0.3652501050094052
21178,15977,Puebla,0.0,Tlacuilotepec,0.0
21179,31639,Puebla,1.0,Tlachichuca,0.31606561522172005
21180,41547,Puebla,1.0,Tlahuapan,0.24069126531398174
21181,7425,Puebla,0.0,Tlaltenango,0.0
21182,5390,Puebla,0.0,Tlanepantla,0.0
21183,20433,Puebla,0.0,Tlaola,0.0
21184,6422,Puebla,0.0,Tlapacoya,0.0
21185,10344,Puebla,0.0,Tlapanalá,0.0
21186,55576,Puebla,2.0,Tlatlauquitepec,0.35986756873470566
21187,4934,Puebla,0.0,Tlaxco,0.0
21188,19315,Puebla,0.0,Tochimilco,0.0
21189,22454,Puebla,3.0,Tochtepec,1.3360648436804132
21190,1187,Puebla,0.0,Totoltepec de Guerrero,0.0
21191,9871,Puebla,1.0,Tulcingo,1.013068584743187
21192,5924,Puebla,0.0,Tuzamapan de Galeana,0.0
21193,6476,Puebla,0.0,Tzicatlacoyan,0.0
21194,28395,Puebla,5.0,Venustiano Carranza,1.7608733932030287
21195,26559,Puebla,0.0,Vicente Guerrero,0.0
21196,1570,Puebla,0.0,Xayacatlán de Bravo,0.0
21197,80591,Puebla,9.0,Xicotepec,1.1167500093062501
21198,1312,Puebla,0.0,Xicotlán,0.0
21199,42943,Puebla,1.0,Xiutetelco,0.23286682346366114
21200,3443,Puebla,0.0,Xochiapulco,0.0
21201,3375,Puebla,0.0,Xochiltepec,0.0
21202,13025,Puebla,0.0,Xochitlán de Vicente Suárez,0.0
21203,7178,Puebla,0.0,Xochitlán Todos Santos,0.0
21204,7926,Puebla,0.0,Yaonáhuac,0.0
21205,26392,Puebla,2.0,Yehualtepec,0.7578053955744165
21206,4647,Puebla,0.0,Zacapala,0.0
21207,57887,Puebla,2.0,Zacapoaxtla,0.3455007169139876
21208,87361,Puebla,11.0,Zacatlán,1.25914309588947
21209,8595,Puebla,0.0,Zapotitlán,0.0
21210,5675,Puebla,0.0,Zapotitlán de Méndez,0.0
21211,16752,Puebla,3.0,Zaragoza,1.7908309455587392
21212,20717,Puebla,1.0,Zautla,0.4826953709513926
21213,11967,Puebla,0.0,Zihuateutla,0.0
21214,18359,Puebla,1.0,Zinacatepec,0.5446919766871834
21215,4539,Puebla,0.0,Zongozotla,0.0
21216,2452,Puebla,0.0,Zoquiapan,0.0
21217,20335,Puebla,0.0,Zoquitlán,0.0
22001,66841,Querétaro,2.0,Amealco de Bonfil,0.2992175461169043
22002,27365,Querétaro,1.0,Pinal de Amoles,0.3654302941713868
22003,13142,Querétaro,0.0,Arroyo Seco,0.0
22004,69075,Querétaro,5.0,Cadereyta de Montes,0.7238508867173362
22005,67121,Querétaro,11.0,Colón,1.6388313642526184
22006,212567,Querétaro,67.0,Corregidora,3.1519473860006495
22007,45141,Querétaro,11.0,Ezequiel Montes,2.4368091092355066
22008,36808,Querétaro,5.0,Huimilpan,1.358400347750489
22009,27343,Querétaro,2.0,Jalpan de Serra,0.731448634019676
22010,18794,Querétaro,0.0,Landa de Matamoros,0.0
22011,231668,Querétaro,69.0,El Marqués,2.978400124315831
22012,77404,Querétaro,8.0,Pedro Escobedo,1.033538318433156
22013,19141,Querétaro,1.0,Peñamiller,0.5224387440572593
22014,1049777,Querétaro,375.0,Querétaro,3.572187235955827
22015,8359,Querétaro,0.0,San Joaquín,0.0
22016,297804,Querétaro,67.0,San Juan del Río,2.249801883117755
22017,72201,Querétaro,16.0,Tequisquiapan,2.216035788977992
22018,27916,Querétaro,2.0,Tolimán,0.7164350193437455
23001,88626,Quintana Roo,29.0,Cozumel,3.2721774648523008
23002,83990,Quintana Roo,4.0,Felipe Carrillo Puerto,0.47624717228241453
23003,22686,Quintana Roo,2.0,Isla Mujeres,0.8816009873931059
23004,233648,Quintana Roo,36.0,Othón P. Blanco,1.5407792919263166
23005,911503,Quintana Roo,260.0,Benito Juárez,2.852431643121306
23006,39165,Quintana Roo,2.0,José María Morelos,0.5106600280863015
23007,29171,Quintana Roo,5.0,Lázaro Cárdenas,1.7140310582427756
23008,333800,Quintana Roo,129.0,Solidaridad,3.8645895745955663
23009,46721,Quintana Roo,21.0,Tulum,4.494766807217311
23010,41754,Quintana Roo,2.0,Bacalar,0.47899602433299804
23011,26921,Quintana Roo,10.0,Puerto Morelos,3.7145722670034544
24001,18974,San Luis Potosí,1.0,Ahualulco,0.5270369979972593
24002,7785,San Luis Potosí,0.0,Alaquines,0.0
24003,48359,San Luis Potosí,1.0,Aquismón,0.20678674083417772
24004,4013,San Luis Potosí,0.0,Armadillo de los Infante,0.0
24005,18317,San Luis Potosí,2.0,Cárdenas,1.0918818583829228
24006,9579,San Luis Potosí,0.0,Catorce,0.0
24007,19840,San Luis Potosí,3.0,Cedral,1.5120967741935485
24008,22075,San Luis Potosí,1.0,Cerritos,0.45300113250283125
24009,5050,San Luis Potosí,0.0,Cerro de San Pedro,0.0
24010,30320,San Luis Potosí,3.0,Ciudad del Maíz,0.9894459102902374
24011,48106,San Luis Potosí,6.0,Ciudad Fernández,1.2472456658213114
24012,20300,San Luis Potosí,4.0,Tancanhuitz,1.9704433497536946
24013,179371,San Luis Potosí,56.0,Ciudad Valles,3.1220208394891036
24014,15660,San Luis Potosí,1.0,Coxcatlán,0.6385696040868455
24015,21814,San Luis Potosí,2.0,Charcas,0.9168423947923352
24016,40899,San Luis Potosí,8.0,Ebano,1.9560380449399741
24017,25119,San Luis Potosí,5.0,Guadalcázar,1.9905251005215177
24018,15334,San Luis Potosí,1.0,Huehuetlán,0.6521455588887439
24019,5453,San Luis Potosí,0.0,Lagunillas,0.0
24020,102199,San Luis Potosí,21.0,Matehuala,2.054814626366207
24021,58469,San Luis Potosí,6.0,Mexquitic de Carmona,1.0261848158853408
24022,19036,San Luis Potosí,1.0,Moctezuma,0.5253204454717377
24023,15301,San Luis Potosí,1.0,Rayón,0.6535520554212144
24024,97943,San Luis Potosí,13.0,Rioverde,1.327302614786151
24025,31107,San Luis Potosí,2.0,Salinas,0.6429421030636192
24026,9382,San Luis Potosí,0.0,San Antonio,0.0
24027,10215,San Luis Potosí,1.0,San Ciro de Acosta,0.9789525208027411
24028,911908,San Luis Potosí,260.0,San Luis Potosí,2.8511648104852685
24029,18468,San Luis Potosí,1.0,San Martín Chalchicuautla,0.5414771496642842
24030,4779,San Luis Potosí,0.0,San Nicolás Tolentino,0.0
24031,12163,San Luis Potosí,0.0,Santa Catarina,0.0
24032,39880,San Luis Potosí,2.0,Santa María del Río,0.5015045135406219
24033,10785,San Luis Potosí,0.0,Santo Domingo,0.0
24034,14945,San Luis Potosí,2.0,San Vicente Tancuayalab,1.3382402141184344
24035,332072,San Luis Potosí,66.0,Soledad de Graciano Sánchez,1.987520778626322
24036,29184,San Luis Potosí,5.0,Tamasopo,1.713267543859649
24037,95037,San Luis Potosí,9.0,Tamazunchale,0.9469995896335112
24038,14348,San Luis Potosí,1.0,Tampacán,0.6969612489545581
24039,13603,San Luis Potosí,1.0,Tampamolón Corona,0.7351319561861354
24040,36968,San Luis Potosí,8.0,Tamuín,2.164033758926639
24041,18208,San Luis Potosí,0.0,Tanlajás,0.0
24042,13448,San Luis Potosí,2.0,Tanquián de Escobedo,1.48720999405116
24043,7966,San Luis Potosí,0.0,Tierra Nueva,0.0
24044,7557,San Luis Potosí,0.0,Vanegas,0.0
24045,14188,San Luis Potosí,0.0,Venado,0.0
24046,18206,San Luis Potosí,3.0,Villa de Arriaga,1.647808414808305
24047,9277,San Luis Potosí,1.0,Villa de Guadalupe,1.0779346771585643
24048,5298,San Luis Potosí,1.0,Villa de la Paz,1.8875047187617968
24049,38389,San Luis Potosí,1.0,Villa de Ramos,0.26049128656646436
24050,52912,San Luis Potosí,10.0,Villa de Reyes,1.8899304505594194
24051,15458,San Luis Potosí,2.0,Villa Hidalgo,1.2938284383490748
24052,10304,San Luis Potosí,0.0,Villa Juárez,0.0
24053,32544,San Luis Potosí,4.0,Axtla de Terrazas,1.2291052114060965
24054,49741,San Luis Potosí,3.0,Xilitla,0.6031241832693351
24055,27386,San Luis Potosí,3.0,Zaragoza,1.0954502300445483
24056,17258,San Luis Potosí,1.0,Villa de Arista,0.5794414184725923
24057,28996,San Luis Potosí,2.0,Matlapa,0.6897503103876397
24058,20959,San Luis Potosí,2.0,El Naranjo,0.9542440001908489
25001,459310,Sinaloa,173.0,Ahome,3.766519344233742
25002,44093,Sinaloa,14.0,Angostura,3.1751071598666454
25003,26542,Sinaloa,4.0,Badiraguato,1.5070454374199382
25004,24899,Sinaloa,5.0,Concordia,2.0081127756134785
25005,17012,Sinaloa,1.0,Cosalá,0.5878203620973431
25006,1003530,Sinaloa,330.0,Culiacán,3.288391976323578
25007,29334,Sinaloa,4.0,Choix,1.3636053726051682
25008,55339,Sinaloa,9.0,Elota,1.6263394712589676
25009,59988,Sinaloa,15.0,Escuinapa,2.500500100020004
25010,96593,Sinaloa,19.0,El Fuerte,1.9670162434130838
25011,289370,Sinaloa,82.0,Guasave,2.8337422676849706
25012,501441,Sinaloa,151.0,Mazatlán,3.0113213718064538
25013,40358,Sinaloa,8.0,Mocorito,1.982258783884236
25014,52345,Sinaloa,13.0,Rosario,2.4835227815455156
25015,79492,Sinaloa,32.0,Salvador Alvarado,4.025562320736678
25016,19505,Sinaloa,3.0,San Ignacio,1.5380671622660855
25017,78670,Sinaloa,15.0,Sinaloa,1.9066988686920046
25018,149122,Sinaloa,28.0,Navolato,1.8776572202626036
26001,2563,Sonora,1.0,Aconchi,3.901677721420211
26002,91929,Sonora,47.0,Agua Prieta,5.112641277507642
26003,24976,Sonora,4.0,Alamos,1.6015374759769379
26004,9492,Sonora,5.0,Altar,5.267593763168985
26005,1177,Sonora,1.0,Arivechi,8.496176720475786
26006,2788,Sonora,1.0,Arizpe,3.586800573888092
26007,626,Sonora,0.0,Atil,0.0
26008,979,Sonora,0.0,Bacadéhuachi,0.0
26009,759,Sonora,0.0,Bacanora,0.0
26010,1221,Sonora,0.0,Bacerac,0.0
26011,1475,Sonora,1.0,Bacoachi,6.779661016949153
26012,23151,Sonora,6.0,Bácum,2.591680704937152
26013,1825,Sonora,1.0,Banámichi,5.47945205479452
26014,3191,Sonora,1.0,Baviácora,3.1338138514572234
26015,1169,Sonora,0.0,Bavispe,0.0
26016,4988,Sonora,1.0,Benjamín Hill,2.0048115477145148
26017,89122,Sonora,44.0,Caborca,4.937052579609973
26018,436484,Sonora,163.0,Cajeme,3.734386598363285
26019,39451,Sonora,23.0,Cananea,5.830016983092951
26020,4946,Sonora,3.0,Carbó,6.06550748079256
26021,1848,Sonora,2.0,La Colorada,10.822510822510823
26022,863,Sonora,0.0,Cucurpe,0.0
26023,5829,Sonora,2.0,Cumpas,3.4311202607651397
26024,753,Sonora,0.0,Divisaderos,0.0
26025,51431,Sonora,24.0,Empalme,4.666446306702183
26026,61309,Sonora,13.0,Etchojoa,2.1204064656086383
26027,9041,Sonora,2.0,Fronteras,2.2121446742616966
26028,1009,Sonora,0.0,Granados,0.0
26029,156863,Sonora,74.0,Guaymas,4.717492334074957
26030,936263,Sonora,340.0,Hermosillo,3.6314582547852474
26031,1186,Sonora,0.0,Huachinera,0.0
26032,888,Sonora,1.0,Huásabas,11.26126126126126
26033,77682,Sonora,27.0,Huatabampo,3.475708658376458
26034,943,Sonora,0.0,Huépac,0.0
26035,12536,Sonora,7.0,Imuris,5.583918315252074
26036,33049,Sonora,15.0,Magdalena,4.53871524100578
26037,1101,Sonora,0.0,Mazatán,0.0
26038,5173,Sonora,3.0,Moctezuma,5.799342741156003
26039,5774,Sonora,2.0,Naco,3.4638032559750607
26040,1531,Sonora,0.0,Nácori Chico,0.0
26041,14369,Sonora,5.0,Nacozari de García,3.479713271626418
26042,164387,Sonora,65.0,Navojoa,3.954083960410495
26043,264782,Sonora,97.0,Nogales,3.66339101600562
26044,365,Sonora,0.0,Onavas,0.0
26045,2438,Sonora,1.0,Opodepe,4.1017227235438884
26046,496,Sonora,0.0,Oquitoa,0.0
26047,9122,Sonora,2.0,Pitiquito,2.1925016443762333
26048,62689,Sonora,52.0,Puerto Peñasco,8.294916173491362
26049,3090,Sonora,1.0,Quiriego,3.236245954692557
26050,1496,Sonora,1.0,Rayón,6.684491978609625
26051,4830,Sonora,2.0,Rosario,4.140786749482402
26052,5257,Sonora,2.0,Sahuaripa,3.804451207913259
26053,369,Sonora,0.0,San Felipe de Jesús,0.0
26054,537,Sonora,0.0,San Javier,0.0
26055,199021,Sonora,91.0,San Luis Río Colorado,4.572381808954834
26056,10729,Sonora,2.0,San Miguel de Horcasitas,1.8641066268990585
26057,1458,Sonora,0.0,San Pedro de la Cueva,0.0
26058,16203,Sonora,11.0,Santa Ana,6.788866259334691
26059,1835,Sonora,0.0,Santa Cruz,0.0
26060,2058,Sonora,0.0,Sáric,0.0
26061,1368,Sonora,0.0,Soyopa,0.0
26062,1114,Sonora,0.0,Suaqui Grande,0.0
26063,1178,Sonora,1.0,Tepache,8.488964346349745
26064,1381,Sonora,0.0,Trincheras,0.0
26065,1473,Sonora,0.0,Tubutama,0.0
26066,8548,Sonora,6.0,Ures,7.019185774450163
26067,1429,Sonora,1.0,Villa Hidalgo,6.997900629811056
26068,1043,Sonora,0.0,Villa Pesqueira,0.0
26069,4793,Sonora,2.0,Yécora,4.1727519298977676
26070,13627,Sonora,6.0,General Plutarco Elías Calles,4.403023409407793
26071,21692,Sonora,7.0,Benito Juárez,3.2269961276046466
26072,14279,Sonora,3.0,San Ignacio Río Muerto,2.1009874641081305
27001,58524,Tabasco,3.0,Balancán,0.5126102111954071
27002,243229,Tabasco,28.0,Cárdenas,1.1511785190088353
27003,107731,Tabasco,8.0,Centla,0.7425903407561426
27004,683607,Tabasco,160.0,Centro,2.34052606248912
27005,214877,Tabasco,18.0,Comalcalco,0.8376885380938863
27006,137257,Tabasco,9.0,Cunduacán,0.6557042628062686
27007,32181,Tabasco,7.0,Emiliano Zapata,2.1751965445449177
27008,190885,Tabasco,14.0,Huimanguillo,0.7334258846949734
27009,37749,Tabasco,1.0,Jalapa,0.2649076796736337
27010,91185,Tabasco,4.0,Jalpa de Méndez,0.4386686406755497
27011,30798,Tabasco,1.0,Jonuta,0.32469640885771806
27012,158601,Tabasco,13.0,Macuspana,0.8196669630077994
27013,150300,Tabasco,17.0,Nacajuca,1.1310711909514304
27014,96741,Tabasco,19.0,Paraíso,1.9640069877301247
27015,47905,Tabasco,1.0,Tacotalpa,0.20874647740319383
27016,58718,Tabasco,8.0,Teapa,1.3624442249395414
27017,62310,Tabasco,8.0,Tenosique,1.2839030653185683
28001,9822,Tamaulipas,1.0,Abasolo,1.0181225819588677
28002,28725,Tamaulipas,8.0,Aldama,2.78503046127067
28003,269790,Tamaulipas,81.0,Altamira,3.002335149560769
28004,8850,Tamaulipas,1.0,Antiguo Morelos,1.1299435028248588
28005,4256,Tamaulipas,0.0,Burgos,0.0
28006,7542,Tamaulipas,0.0,Bustamante,0.0
28007,16546,Tamaulipas,1.0,Camargo,0.60437567992264
28008,4143,Tamaulipas,0.0,Casas,0.0
28009,205933,Tamaulipas,87.0,Ciudad Madero,4.224675015660433
28010,1671,Tamaulipas,0.0,Cruillas,0.0
28011,8288,Tamaulipas,1.0,Gómez Farías,1.2065637065637065
28012,41470,Tamaulipas,11.0,González,2.652519893899204
28013,15032,Tamaulipas,5.0,Güémez,3.326237360298031
28014,3803,Tamaulipas,1.0,Guerrero,2.6295030239284776
28015,15677,Tamaulipas,4.0,Gustavo Díaz Ordaz,2.5515085794475985
28016,17012,Tamaulipas,1.0,Hidalgo,0.5878203620973431
28017,15994,Tamaulipas,4.0,Jaumave,2.500937851694385
28018,6375,Tamaulipas,2.0,Jiménez,3.1372549019607843
28019,14645,Tamaulipas,4.0,Llera,2.7313076135199723
28020,2048,Tamaulipas,0.0,Mainero,0.0
28021,106144,Tamaulipas,21.0,El Mante,1.9784443774495026
28022,541979,Tamaulipas,217.0,Matamoros,4.0038451674326865
28023,4280,Tamaulipas,0.0,Méndez,0.0
28024,6385,Tamaulipas,0.0,Mier,0.0
28025,26237,Tamaulipas,6.0,Miguel Alemán,2.2868468193772156
28026,3704,Tamaulipas,0.0,Miquihuana,0.0
28027,425058,Tamaulipas,221.0,Nuevo Laredo,5.199290449773913
28028,3810,Tamaulipas,1.0,Nuevo Morelos,2.6246719160104988
28029,13190,Tamaulipas,2.0,Ocampo,1.5163002274450341
28030,13618,Tamaulipas,5.0,Padilla,3.6716111029519753
28031,1917,Tamaulipas,1.0,Palmillas,5.216484089723526
28032,704767,Tamaulipas,213.0,Reynosa,3.0222754470626465
28033,132484,Tamaulipas,31.0,Río Bravo,2.3399051960991515
28034,7411,Tamaulipas,0.0,San Carlos,0.0
28035,51405,Tamaulipas,19.0,San Fernando,3.696138507927244
28036,926,Tamaulipas,0.0,San Nicolás,0.0
28037,23673,Tamaulipas,5.0,Soto la Marina,2.112110843577071
28038,297562,Tamaulipas,141.0,Tampico,4.738508277266586
28039,28230,Tamaulipas,3.0,Tula,1.0626992561105209
28040,60055,Tamaulipas,26.0,Valle Hermoso,4.329364748980102
28041,349688,Tamaulipas,128.0,Victoria,3.6604058474983416
28042,5361,Tamaulipas,1.0,Villagrán,1.8653236336504384
28043,22229,Tamaulipas,2.0,Xicoténcatl,0.8997255836969724
29001,11403,Tlaxcala,1.0,Amaxac de Guerrero,0.8769622029290537
29002,16003,Tlaxcala,2.0,Apetatitlán de Antonio Carvajal,1.2497656689370744
29003,7087,Tlaxcala,1.0,Atlangatepec,1.4110342881332016
29004,18111,Tlaxcala,0.0,Atltzayanca,0.0
29005,80725,Tlaxcala,25.0,Apizaco,3.096934035305048
29006,51172,Tlaxcala,12.0,Calpulalpan,2.345032439615415
29007,17332,Tlaxcala,2.0,El Carmen Tequexquitla,1.1539349180706209
29008,16222,Tlaxcala,4.0,Cuapiaxtla,2.4657872025644183
29009,5928,Tlaxcala,0.0,Cuaxomulco,0.0
29010,73215,Tlaxcala,12.0,Chiautempan,1.6390083999180496
29011,4755,Tlaxcala,0.0,Muñoz de Domingo Arenas,0.0
29012,9416,Tlaxcala,0.0,Españita,0.0
29013,98764,Tlaxcala,16.0,Huamantla,1.6200234903406099
29014,15190,Tlaxcala,4.0,Hueyotlipan,2.6333113890717574
29015,38970,Tlaxcala,3.0,Ixtacuixtla de Mariano Matamoros,0.7698229407236336
29016,7504,Tlaxcala,1.0,Ixtenco,1.3326226012793176
29017,11592,Tlaxcala,0.0,Mazatecochco de José María Morelos,0.0
29018,38579,Tlaxcala,2.0,Contla de Juan Cuamatzi,0.518416755229529
29019,22274,Tlaxcala,3.0,Tepetitla de Lardizábal,1.346861811978091
29020,9432,Tlaxcala,1.0,Sanctórum de Lázaro Cárdenas,1.0602205258693809
29021,18686,Tlaxcala,2.0,Nanacamilpa de Mariano Arista,1.0703200256876806
29022,6432,Tlaxcala,1.0,Acuamanala de Miguel Hidalgo,1.5547263681592038
29023,26309,Tlaxcala,2.0,Natívitas,0.7601961306016953
29024,28357,Tlaxcala,1.0,Panotla,0.3526466128292838
29025,82688,Tlaxcala,7.0,San Pablo del Monte,0.8465557275541796
29026,24116,Tlaxcala,3.0,Santa Cruz Tlaxcala,1.2439873942610715
29027,12974,Tlaxcala,2.0,Tenancingo,1.5415446277169724
29028,25257,Tlaxcala,3.0,Teolocholco,1.187789523696401
29029,13328,Tlaxcala,2.0,Tepeyanco,1.5006002400960383
29030,15475,Tlaxcala,0.0,Terrenate,0.0
29031,35284,Tlaxcala,4.0,Tetla de la Solidaridad,1.1336583153837434
29032,13561,Tlaxcala,1.0,Tetlatlahuca,0.7374087456677236
29033,99896,Tlaxcala,26.0,Tlaxcala,2.602706815087691
29034,45438,Tlaxcala,4.0,Tlaxco,0.8803204366389366
29035,6294,Tlaxcala,0.0,Tocatlán,0.0
29036,22529,Tlaxcala,5.0,Totolac,2.219361711571752
29037,9207,Tlaxcala,1.0,Ziltlaltépec de Trinidad Sánchez Santos,1.0861301183881829
29038,18006,Tlaxcala,1.0,Tzompantepec,0.5553704320781961
29039,25607,Tlaxcala,4.0,Xaloztoc,1.5620728706994182
29040,10601,Tlaxcala,1.0,Xaltocan,0.9433072351664937
29041,33499,Tlaxcala,5.0,Papalotla de Xicohténcatl,1.4925818681154661
29042,14197,Tlaxcala,2.0,Xicohtzinco,1.4087483271113617
29043,42242,Tlaxcala,8.0,Yauhquemehcan,1.893849723024478
29044,45717,Tlaxcala,4.0,Zacatelco,0.8749480499595336
29045,6211,Tlaxcala,0.0,Benito Juárez,0.0
29046,4951,Tlaxcala,0.0,Emiliano Zapata,0.0
29047,3534,Tlaxcala,0.0,Lázaro Cárdenas,0.0
29048,19036,Tlaxcala,4.0,La Magdalena Tlaltelulco,2.101281781886951
29049,5884,Tlaxcala,1.0,San Damián Texóloc,1.699524133242692
29050,11761,Tlaxcala,0.0,San Francisco Tetlanohcan,0.0
29051,4092,Tlaxcala,1.0,San Jerónimo Zacualpan,2.4437927663734116
29052,6436,Tlaxcala,0.0,San José Teacalco,0.0
29053,7688,Tlaxcala,1.0,San Juan Huactzinco,1.300728407908429
29054,5689,Tlaxcala,0.0,San Lorenzo Axocomanitla,0.0
29055,3077,Tlaxcala,0.0,San Lucas Tecopilco,0.0
29056,7952,Tlaxcala,1.0,Santa Ana Nopalucan,1.2575452716297788
29057,4636,Tlaxcala,0.0,Santa Apolonia Teacalco,0.0
29058,9463,Tlaxcala,0.0,Santa Catarina Ayometla,0.0
29059,7750,Tlaxcala,1.0,Santa Cruz Quilehtla,1.2903225806451613
29060,5443,Tlaxcala,1.0,Santa Isabel Xiloxoxtla,1.8372221201543268
30001,9701,Veracruz de Ignacio de la Llave,1.0,Acajete,1.0308215647871353
30002,3441,Veracruz de Ignacio de la Llave,0.0,Acatlán,0.0
30003,80815,Veracruz de Ignacio de la Llave,17.0,Acayucan,2.1035698818288684
30004,41742,Veracruz de Ignacio de la Llave,4.0,Actopan,0.9582674524459777
30005,5253,Veracruz de Ignacio de la Llave,0.0,Acula,0.0
30006,23100,Veracruz de Ignacio de la Llave,1.0,Acultzingo,0.4329004329004329
30007,6538,Veracruz de Ignacio de la Llave,0.0,Camarón de Tejeda,0.0
30008,10338,Veracruz de Ignacio de la Llave,0.0,Alpatláhuac,0.0
30009,28184,Veracruz de Ignacio de la Llave,2.0,Alto Lucero de Gutiérrez Barrios,0.709622480840193
30010,64234,Veracruz de Ignacio de la Llave,3.0,Altotonga,0.46704237631161066
30011,57035,Veracruz de Ignacio de la Llave,18.0,Alvarado,3.1559568685894623
30012,7866,Veracruz de Ignacio de la Llave,1.0,Amatitlán,1.2712941774726672
30013,26843,Veracruz de Ignacio de la Llave,7.0,Naranjos Amatlán,2.607756212047834
30014,46955,Veracruz de Ignacio de la Llave,7.0,Amatlán de los Reyes,1.490789053348951
30015,33839,Veracruz de Ignacio de la Llave,3.0,Angel R. Cabada,0.8865510210112592
30016,28682,Veracruz de Ignacio de la Llave,9.0,La Antigua,3.1378564953629455
30017,4709,Veracruz de Ignacio de la Llave,0.0,Apazapan,0.0
30018,1978,Veracruz de Ignacio de la Llave,0.0,Aquila,0.0
30019,6909,Veracruz de Ignacio de la Llave,0.0,Astacinga,0.0
30020,11577,Veracruz de Ignacio de la Llave,0.0,Atlahuilco,0.0
30021,23461,Veracruz de Ignacio de la Llave,0.0,Atoyac,0.0
30022,22651,Veracruz de Ignacio de la Llave,0.0,Atzacan,0.0
30023,49180,Veracruz de Ignacio de la Llave,1.0,Atzalan,0.20333468889792597
30024,16485,Veracruz de Ignacio de la Llave,1.0,Tlaltetela,0.6066120715802245
30025,27217,Veracruz de Ignacio de la Llave,0.0,Ayahualulco,0.0
30026,25993,Veracruz de Ignacio de la Llave,1.0,Banderilla,0.3847189627976763
30027,16120,Veracruz de Ignacio de la Llave,1.0,Benito Juárez,0.6203473945409429
30028,144550,Veracruz de Ignacio de la Llave,61.0,Boca del Río,4.219993081978554
30029,13701,Veracruz de Ignacio de la Llave,0.0,Calcahualco,0.0
30030,41835,Veracruz de Ignacio de la Llave,2.0,Camerino Z. Mendoza,0.47806860284450814
30031,18888,Veracruz de Ignacio de la Llave,0.0,Carrillo Puerto,0.0
30032,49451,Veracruz de Ignacio de la Llave,2.0,Catemaco,0.40444075953974645
30033,24421,Veracruz de Ignacio de la Llave,3.0,Cazones de Herrera,1.2284509233856107
30034,25011,Veracruz de Ignacio de la Llave,7.0,Cerro Azul,2.7987685418415897
30035,11165,Veracruz de Ignacio de la Llave,1.0,Citlaltépetl,0.8956560680698612
30036,11018,Veracruz de Ignacio de la Llave,1.0,Coacoatzintla,0.907605736068252
30037,8176,Veracruz de Ignacio de la Llave,0.0,Coahuitlán,0.0
30038,93911,Veracruz de Ignacio de la Llave,10.0,Coatepec,1.0648379849005973
30039,310698,Veracruz de Ignacio de la Llave,78.0,Coatzacoalcos,2.510476411177413
30040,55016,Veracruz de Ignacio de la Llave,8.0,Coatzintla,1.4541224371092045
30041,2355,Veracruz de Ignacio de la Llave,0.0,Coetzala,0.0
30042,5743,Veracruz de Ignacio de la Llave,1.0,Colipa,1.7412502176562772
30043,19876,Veracruz de Ignacio de la Llave,0.0,Comapa,0.0
30044,204721,Veracruz de Ignacio de la Llave,30.0,Córdoba,1.4654090200809882
30045,54737,Veracruz de Ignacio de la Llave,11.0,Cosamaloapan de Carpio,2.009609587664651
30046,16167,Veracruz de Ignacio de la Llave,0.0,Cosautlán de Carvajal,0.0
30047,59471,Veracruz de Ignacio de la Llave,3.0,Coscomatepec,0.5044475458626894
30048,130903,Veracruz de Ignacio de la Llave,16.0,Cosoleacaque,1.2222790921522042
30049,22050,Veracruz de Ignacio de la Llave,8.0,Cotaxtla,3.6281179138321997
30050,16333,Veracruz de Ignacio de la Llave,0.0,Coxquihui,0.0
30051,23096,Veracruz de Ignacio de la Llave,1.0,Coyutla,0.4329754069968826
30052,11869,Veracruz de Ignacio de la Llave,2.0,Cuichapa,1.6850619260257813
30053,28075,Veracruz de Ignacio de la Llave,3.0,Cuitláhuac,1.068566340160285
30054,11461,Veracruz de Ignacio de la Llave,1.0,Chacaltianguis,0.8725242125468982
30055,13527,Veracruz de Ignacio de la Llave,0.0,Chalma,0.0
30056,6610,Veracruz de Ignacio de la Llave,0.0,Chiconamel,0.0
30057,13881,Veracruz de Ignacio de la Llave,0.0,Chiconquiaco,0.0
30058,53858,Veracruz de Ignacio de la Llave,2.0,Chicontepec,0.3713468751160459
30059,22638,Veracruz de Ignacio de la Llave,2.0,Chinameca,0.8834702712253732
30060,16283,Veracruz de Ignacio de la Llave,1.0,Chinampa de Gorostiza,0.6141374439599583
30061,81080,Veracruz de Ignacio de la Llave,12.0,Las Choapas,1.480019733596448
30062,20839,Veracruz de Ignacio de la Llave,1.0,Chocamán,0.4798694755026633
30063,13359,Veracruz de Ignacio de la Llave,0.0,Chontla,0.0
30064,4008,Veracruz de Ignacio de la Llave,0.0,Chumatlán,0.0
30065,85489,Veracruz de Ignacio de la Llave,12.0,Emiliano Zapata,1.4036893635438477
30066,26830,Veracruz de Ignacio de la Llave,2.0,Espinal,0.7454342154304882
30067,19179,Veracruz de Ignacio de la Llave,0.0,Filomeno Mata,0.0
30068,66372,Veracruz de Ignacio de la Llave,9.0,Fortín,1.3559934912312421
30069,24085,Veracruz de Ignacio de la Llave,6.0,Gutiérrez Zamora,2.4911770811708536
30070,18275,Veracruz de Ignacio de la Llave,0.0,Hidalgotitlán,0.0
30071,59920,Veracruz de Ignacio de la Llave,4.0,Huatusco,0.6675567423230975
30072,21796,Veracruz de Ignacio de la Llave,1.0,Huayacocotla,0.4587997797761057
30073,41670,Veracruz de Ignacio de la Llave,2.0,Hueyapan de Ocampo,0.47996160307175423
30074,7293,Veracruz de Ignacio de la Llave,0.0,Huiloapan de Cuauhtémoc,0.0
30075,16525,Veracruz de Ignacio de la Llave,1.0,Ignacio de la Llave,0.6051437216338881
30076,13377,Veracruz de Ignacio de la Llave,0.0,Ilamatlán,0.0
30077,42807,Veracruz de Ignacio de la Llave,3.0,Isla,0.7008199593524423
30078,12379,Veracruz de Ignacio de la Llave,0.0,Ixcatepec,0.0
30079,11387,Veracruz de Ignacio de la Llave,0.0,Ixhuacán de los Reyes,0.0
30080,23132,Veracruz de Ignacio de la Llave,1.0,Ixhuatlán del Café,0.43230157357772786
30081,27295,Veracruz de Ignacio de la Llave,1.0,Ixhuatlancillo,0.3663674665689687
30082,15831,Veracruz de Ignacio de la Llave,2.0,Ixhuatlán del Sureste,1.2633440717579434
30083,50836,Veracruz de Ignacio de la Llave,1.0,Ixhuatlán de Madero,0.1967109922102447
30084,5574,Veracruz de Ignacio de la Llave,0.0,Ixmatlahuacan,0.0
30085,74004,Veracruz de Ignacio de la Llave,5.0,Ixtaczoquitlán,0.6756391546402897
30086,46794,Veracruz de Ignacio de la Llave,1.0,Jalacingo,0.21370261144591188
30087,488531,Veracruz de Ignacio de la Llave,69.0,Xalapa,1.4123975755888571
30088,5054,Veracruz de Ignacio de la Llave,0.0,Jalcomulco,0.0
30089,38669,Veracruz de Ignacio de la Llave,5.0,Jáltipan,1.2930254208797745
30090,11132,Veracruz de Ignacio de la Llave,1.0,Jamapa,0.8983111749910169
30091,28524,Veracruz de Ignacio de la Llave,1.0,Jesús Carranza,0.35058196606366565
30092,39623,Veracruz de Ignacio de la Llave,3.0,Xico,0.7571360068646997
30093,16585,Veracruz de Ignacio de la Llave,1.0,Jilotepec,0.6029544769369912
30094,38367,Veracruz de Ignacio de la Llave,4.0,Juan Rodríguez Clara,1.0425626189172987
30095,15059,Veracruz de Ignacio de la Llave,1.0,Juchique de Ferrer,0.6640547181087721
30096,1543,Veracruz de Ignacio de la Llave,0.0,Landero y Coss,0.0
30097,19123,Veracruz de Ignacio de la Llave,4.0,Lerdo de Tejada,2.091722010144852
30098,3299,Veracruz de Ignacio de la Llave,0.0,Magdalena,0.0
30099,18327,Veracruz de Ignacio de la Llave,0.0,Maltrata,0.0
30100,23918,Veracruz de Ignacio de la Llave,3.0,Manlio Fabio Altamirano,1.254285475374195
30101,38670,Veracruz de Ignacio de la Llave,0.0,Mariano Escobedo,0.0
30102,108842,Veracruz de Ignacio de la Llave,15.0,Martínez de la Torre,1.3781444662905862
30103,12799,Veracruz de Ignacio de la Llave,0.0,Mecatlán,0.0
30104,17134,Veracruz de Ignacio de la Llave,0.0,Mecayapan,0.0
30105,95202,Veracruz de Ignacio de la Llave,25.0,Medellín de Bravo,2.625995252200584
30106,4841,Veracruz de Ignacio de la Llave,0.0,Miahuatlán,0.0
30107,2934,Veracruz de Ignacio de la Llave,0.0,Las Minas,0.0
30108,144776,Veracruz de Ignacio de la Llave,43.0,Minatitlán,2.970105542355087
30109,65761,Veracruz de Ignacio de la Llave,6.0,Misantla,0.9123948845060141
30110,12125,Veracruz de Ignacio de la Llave,0.0,Mixtla de Altamirano,0.0
30111,16493,Veracruz de Ignacio de la Llave,3.0,Moloacán,1.8189534954223006
30112,22835,Veracruz de Ignacio de la Llave,1.0,Naolinco,0.4379242391066345
30113,4614,Veracruz de Ignacio de la Llave,0.0,Naranjal,0.0
30114,10130,Veracruz de Ignacio de la Llave,2.0,Nautla,1.9743336623889436
30115,37314,Veracruz de Ignacio de la Llave,4.0,Nogales,1.071983705847671
30116,17027,Veracruz de Ignacio de la Llave,3.0,Oluta,1.7619075585834263
30117,23773,Veracruz de Ignacio de la Llave,1.0,Omealca,0.4206452698439406
30118,123182,Veracruz de Ignacio de la Llave,23.0,Orizaba,1.8671559156370248
30119,5651,Veracruz de Ignacio de la Llave,0.0,Otatitlán,0.0
30120,10343,Veracruz de Ignacio de la Llave,3.0,Oteapan,2.9005124238615485
30121,22756,Veracruz de Ignacio de la Llave,6.0,Ozuluama de Mascareñas,2.6366672525927224
30122,18051,Veracruz de Ignacio de la Llave,1.0,Pajapan,0.5539859287574095
30123,96185,Veracruz de Ignacio de la Llave,24.0,Pánuco,2.495191557935229
30124,159910,Veracruz de Ignacio de la Llave,12.0,Papantla,0.7504221124382465
30125,31894,Veracruz de Ignacio de la Llave,3.0,Paso del Macho,0.9406157898037248
30126,33442,Veracruz de Ignacio de la Llave,5.0,Paso de Ovejas,1.4951258895999042
30127,28258,Veracruz de Ignacio de la Llave,0.0,La Perla,0.0
30128,77432,Veracruz de Ignacio de la Llave,8.0,Perote,1.0331645831180907
30129,18053,Veracruz de Ignacio de la Llave,3.0,Platón Sánchez,1.6617736664266327
30130,39327,Veracruz de Ignacio de la Llave,1.0,Playa Vicente,0.2542782312406235
30131,189457,Veracruz de Ignacio de la Llave,69.0,Poza Rica de Hidalgo,3.6419873638873197
30132,20300,Veracruz de Ignacio de la Llave,1.0,Las Vigas de Ramírez,0.49261083743842365
30133,57909,Veracruz de Ignacio de la Llave,15.0,Pueblo Viejo,2.5902709423405685
30134,23544,Veracruz de Ignacio de la Llave,4.0,Puente Nacional,1.6989466530750936
30135,24127,Veracruz de Ignacio de la Llave,0.0,Rafael Delgado,0.0
30136,8343,Veracruz de Ignacio de la Llave,1.0,Rafael Lucio,1.198609612849095
30137,6308,Veracruz de Ignacio de la Llave,0.0,Los Reyes,0.0
30138,41795,Veracruz de Ignacio de la Llave,5.0,Río Blanco,1.1963153487259242
30139,6126,Veracruz de Ignacio de la Llave,1.0,Saltabarranca,1.632386549134835
30140,3134,Veracruz de Ignacio de la Llave,0.0,San Andrés Tenejapan,0.0
30141,162428,Veracruz de Ignacio de la Llave,10.0,San Andrés Tuxtla,0.6156573989706209
30142,32631,Veracruz de Ignacio de la Llave,3.0,San Juan Evangelista,0.9193711501333088
30143,57085,Veracruz de Ignacio de la Llave,2.0,Santiago Tuxtla,0.3503547341683454
30144,32400,Veracruz de Ignacio de la Llave,7.0,Sayula de Alemán,2.160493827160494
30145,16574,Veracruz de Ignacio de la Llave,2.0,Soconusco,1.2067093037287318
30146,3925,Veracruz de Ignacio de la Llave,0.0,Sochiapa,0.0
30147,24578,Veracruz de Ignacio de la Llave,0.0,Soledad Atzompa,0.0
30148,28130,Veracruz de Ignacio de la Llave,2.0,Soledad de Doblado,0.7109847138286527
30149,34385,Veracruz de Ignacio de la Llave,0.0,Soteapan,0.0
30150,11631,Veracruz de Ignacio de la Llave,1.0,Tamalín,0.8597713008339781
30151,21902,Veracruz de Ignacio de la Llave,2.0,Tamiahua,0.9131586156515387
30152,11561,Veracruz de Ignacio de la Llave,2.0,Tampico Alto,1.7299541562148602
30153,5795,Veracruz de Ignacio de la Llave,0.0,Tancoco,0.0
30154,11991,Veracruz de Ignacio de la Llave,0.0,Tantima,0.0
30155,99959,Veracruz de Ignacio de la Llave,7.0,Tantoyuca,0.7002871177182645
30156,6041,Veracruz de Ignacio de la Llave,0.0,Tatatila,0.0
30157,20145,Veracruz de Ignacio de la Llave,1.0,Castillo de Teayo,0.4964010920824026
30158,24551,Veracruz de Ignacio de la Llave,7.0,Tecolutla,2.8512076901144554
30159,29686,Veracruz de Ignacio de la Llave,0.0,Tehuipango,0.0
30160,107270,Veracruz de Ignacio de la Llave,14.0,Álamo Temapache,1.3051179267269508
30161,34408,Veracruz de Ignacio de la Llave,6.0,Tempoal,1.7437805161590327
30162,6448,Veracruz de Ignacio de la Llave,0.0,Tenampa,0.0
30163,5040,Veracruz de Ignacio de la Llave,0.0,Tenochtitlán,0.0
30164,16957,Veracruz de Ignacio de la Llave,1.0,Teocelo,0.5897269564191779
30165,8925,Veracruz de Ignacio de la Llave,0.0,Tepatlaxco,0.0
30166,9405,Veracruz de Ignacio de la Llave,0.0,Tepetlán,0.0
30167,14619,Veracruz de Ignacio de la Llave,1.0,Tepetzintla,0.6840413160954922
30168,16343,Veracruz de Ignacio de la Llave,0.0,Tequila,0.0
30169,22709,Veracruz de Ignacio de la Llave,1.0,José Azueta,0.44035404465190015
30170,10824,Veracruz de Ignacio de la Llave,0.0,Texcatepec,0.0
30171,5575,Veracruz de Ignacio de la Llave,0.0,Texhuacán,0.0
30172,19925,Veracruz de Ignacio de la Llave,1.0,Texistepec,0.5018820577164367
30173,54537,Veracruz de Ignacio de la Llave,0.0,Tezonapa,0.0
30174,95602,Veracruz de Ignacio de la Llave,17.0,Tierra Blanca,1.7782054768728688
30175,92726,Veracruz de Ignacio de la Llave,16.0,Tihuatlán,1.725513879602269
30176,4489,Veracruz de Ignacio de la Llave,1.0,Tlacojalpan,2.2276676319893074
30177,11685,Veracruz de Ignacio de la Llave,0.0,Tlacolulan,0.0
30178,12898,Veracruz de Ignacio de la Llave,1.0,Tlacotalpan,0.7753140021708792
30179,4284,Veracruz de Ignacio de la Llave,0.0,Tlacotepec de Mejía,0.0
30180,10900,Veracruz de Ignacio de la Llave,0.0,Tlachichilco,0.0
30181,37795,Veracruz de Ignacio de la Llave,4.0,Tlalixcoyan,1.0583410504034925
30182,19664,Veracruz de Ignacio de la Llave,0.0,Tlalnelhuayocan,0.0
30183,61377,Veracruz de Ignacio de la Llave,4.0,Tlapacoyan,0.6517099239128663
30184,7933,Veracruz de Ignacio de la Llave,0.0,Tlaquilpa,0.0
30185,5548,Veracruz de Ignacio de la Llave,1.0,Tlilapan,1.802451333813987
30186,7197,Veracruz de Ignacio de la Llave,1.0,Tomatlán,1.3894678338196471
30187,6105,Veracruz de Ignacio de la Llave,0.0,Tonayán,0.0
30188,17217,Veracruz de Ignacio de la Llave,2.0,Totutla,1.161642562583493
30189,154600,Veracruz de Ignacio de la Llave,44.0,Tuxpan,2.846054333764554
30190,2258,Veracruz de Ignacio de la Llave,0.0,Tuxtilla,0.0
30191,30097,Veracruz de Ignacio de la Llave,7.0,Ursulo Galván,2.325813203973818
30192,20204,Veracruz de Ignacio de la Llave,3.0,Vega de Alatorre,1.4848544842605425
30193,607209,Veracruz de Ignacio de la Llave,210.0,Veracruz,3.458446762152735
30194,12492,Veracruz de Ignacio de la Llave,0.0,Villa Aldama,0.0
30195,5900,Veracruz de Ignacio de la Llave,0.0,Xoxocotla,0.0
30196,17902,Veracruz de Ignacio de la Llave,3.0,Yanga,1.6757904144788291
30197,11205,Veracruz de Ignacio de la Llave,0.0,Yecuatla,0.0
30198,6788,Veracruz de Ignacio de la Llave,0.0,Zacualpan,0.0
30199,11899,Veracruz de Ignacio de la Llave,0.0,Zaragoza,0.0
30200,12581,Veracruz de Ignacio de la Llave,0.0,Zentla,0.0
30201,45028,Veracruz de Ignacio de la Llave,0.0,Zongolica,0.0
30202,14644,Veracruz de Ignacio de la Llave,0.0,Zontecomatlán de López y Fuentes,0.0
30203,14524,Veracruz de Ignacio de la Llave,1.0,Zozocolco de Hidalgo,0.6885155604516663
30204,44104,Veracruz de Ignacio de la Llave,15.0,Agua Dulce,3.40105205877018
30205,19402,Veracruz de Ignacio de la Llave,5.0,El Higo,2.5770539119678384
30206,29209,Veracruz de Ignacio de la Llave,8.0,Nanchital de Lázaro Cárdenas del Río,2.7388818514841318
30207,44978,Veracruz de Ignacio de la Llave,6.0,Tres Valles,1.3339855040241897
30208,23376,Veracruz de Ignacio de la Llave,2.0,Carlos A. Carrillo,0.8555783709787816
30209,15044,Veracruz de Ignacio de la Llave,1.0,Tatahuicapan de Juárez,0.6647168306301516
30210,30891,Veracruz de Ignacio de la Llave,0.0,Uxpanapa,0.0
30211,30351,Veracruz de Ignacio de la Llave,2.0,San Rafael,0.6589568712727751
30212,13062,Veracruz de Ignacio de la Llave,0.0,Santiago Sochiapan,0.0
31001,6550,Yucatán,0.0,Abalá,0.0
31002,16772,Yucatán,1.0,Acanceh,0.5962318149296446
31003,12285,Yucatán,1.0,Akil,0.814000814000814
31004,6195,Yucatán,0.0,Baca,0.0
31005,2167,Yucatán,0.0,Bokobá,0.0
31006,9159,Yucatán,0.0,Buctzotz,0.0
31007,7490,Yucatán,0.0,Cacalchén,0.0
31008,3949,Yucatán,0.0,Calotmul,0.0
31009,4466,Yucatán,1.0,Cansahcab,2.239140170174653
31010,2755,Yucatán,0.0,Cantamayec,0.0
31011,8389,Yucatán,1.0,Celestún,1.1920371915603767
31012,3736,Yucatán,0.0,Cenotillo,0.0
31013,16671,Yucatán,4.0,Conkal,2.3993761621978287
31014,1714,Yucatán,0.0,Cuncunul,0.0
31015,5560,Yucatán,0.0,Cuzamá,0.0
31016,3104,Yucatán,0.0,Chacsinkín,0.0
31017,4686,Yucatán,0.0,Chankom,0.0
31018,3385,Yucatán,0.0,Chapab,0.0
31019,38934,Yucatán,1.0,Chemax,0.2568449170390918
31020,4497,Yucatán,0.0,Chicxulub Pueblo,0.0
31021,9406,Yucatán,0.0,Chichimilá,0.0
31022,4363,Yucatán,0.0,Chikindzonot,0.0
31023,4863,Yucatán,0.0,Chocholá,0.0
31024,3244,Yucatán,0.0,Chumayel,0.0
31025,6003,Yucatán,0.0,Dzán,0.0
31026,3622,Yucatán,2.0,Dzemul,5.521811154058532
31027,8345,Yucatán,1.0,Dzidzantún,1.1983223487118035
31028,2936,Yucatán,0.0,Dzilam de Bravo,0.0
31029,6240,Yucatán,0.0,Dzilam González,0.0
31030,4015,Yucatán,0.0,Dzitás,0.0
31031,2818,Yucatán,0.0,Dzoncauich,0.0
31032,16779,Yucatán,0.0,Espita,0.0
31033,21255,Yucatán,0.0,Halachó,0.0
31034,6514,Yucatán,0.0,Hocabá,0.0
31035,6384,Yucatán,0.0,Hoctún,0.0
31036,8090,Yucatán,0.0,Homún,0.0
31037,5250,Yucatán,0.0,Huhí,0.0
31038,35137,Yucatán,2.0,Hunucmá,0.5692005578165467
31039,4186,Yucatán,0.0,Ixil,0.0
31040,28555,Yucatán,3.0,Izamal,1.0506040973559796
31041,141939,Yucatán,22.0,Kanasín,1.54996160322392
31042,5553,Yucatán,0.0,Kantunil,0.0
31043,3405,Yucatán,0.0,Kaua,0.0
31044,7530,Yucatán,0.0,Kinchil,0.0
31045,2677,Yucatán,1.0,Kopomá,3.7355248412401942
31046,3296,Yucatán,0.0,Mama,0.0
31047,5968,Yucatán,0.0,Maní,0.0
31048,23991,Yucatán,1.0,Maxcanú,0.41682297528239753
31049,3965,Yucatán,0.0,Mayapán,0.0
31050,995129,Yucatán,307.0,Mérida,3.0850271673320746
31051,3430,Yucatán,0.0,Mocochá,0.0
31052,37804,Yucatán,5.0,Motul,1.3226113638768384
31053,13494,Yucatán,1.0,Muna,0.7410701052319549
31054,2990,Yucatán,0.0,Muxupip,0.0
31055,7080,Yucatán,0.0,Opichén,0.0
31056,33854,Yucatán,2.0,Oxkutzcab,0.590772139185916
31057,7766,Yucatán,0.0,Panabá,0.0
31058,25954,Yucatán,1.0,Peto,0.385297064036372
31059,66008,Yucatán,26.0,Progreso,3.9389164949703064
31060,976,Yucatán,0.0,Quintana Roo,0.0
31061,3974,Yucatán,0.0,Río Lagartos,0.0
31062,4962,Yucatán,0.0,Sacalum,0.0
31063,5631,Yucatán,0.0,Samahil,0.0
31064,1701,Yucatán,0.0,Sanahcat,0.0
31065,2118,Yucatán,0.0,San Felipe,0.0
31066,4220,Yucatán,0.0,Santa Elena,0.0
31067,10053,Yucatán,0.0,Seyé,0.0
31068,3206,Yucatán,0.0,Sinanché,0.0
31069,8967,Yucatán,0.0,Sotuta,0.0
31070,3971,Yucatán,1.0,Sucilá,2.518257365902795
31071,1949,Yucatán,0.0,Sudzal,0.0
31072,1857,Yucatán,0.0,Suma,0.0
31073,5854,Yucatán,0.0,Tahdziú,0.0
31074,3774,Yucatán,0.0,Tahmek,0.0
31075,6921,Yucatán,0.0,Teabo,0.0
31076,17939,Yucatán,0.0,Tecoh,0.0
31077,2683,Yucatán,0.0,Tekal de Venegas,0.0
31078,3747,Yucatán,0.0,Tekantó,0.0
31079,45062,Yucatán,2.0,Tekax,0.4438329412809019
31080,11020,Yucatán,0.0,Tekit,0.0
31081,3355,Yucatán,0.0,Tekom,0.0
31082,3512,Yucatán,1.0,Telchac Pueblo,2.847380410022779
31083,1915,Yucatán,2.0,Telchac Puerto,10.443864229765012
31084,7037,Yucatán,0.0,Temax,0.0
31085,16680,Yucatán,0.0,Temozón,0.0
31086,2133,Yucatán,0.0,Tepakán,0.0
31087,5464,Yucatán,0.0,Tetiz,0.0
31088,1917,Yucatán,0.0,Teya,0.0
31089,40495,Yucatán,2.0,Ticul,0.49388813433757256
31090,7503,Yucatán,0.0,Timucuy,0.0
31091,12700,Yucatán,2.0,Tinum,1.574803149606299
31092,7888,Yucatán,0.0,Tixcacalcupul,0.0
31093,18420,Yucatán,1.0,Tixkokob,0.5428881650380022
31094,5444,Yucatán,0.0,Tixmehuac,0.0
31095,5690,Yucatán,0.0,Tixpéhual,0.0
31096,80672,Yucatán,5.0,Tizimín,0.6197937326457754
31097,3684,Yucatán,0.0,Tunkás,0.0
31098,15346,Yucatán,1.0,Tzucacab,0.6516356053694774
31099,4191,Yucatán,0.0,Uayma,0.0
31100,4049,Yucatán,0.0,Ucú,0.0
31101,69147,Yucatán,19.0,Umán,2.7477692452311744
31102,85460,Yucatán,16.0,Valladolid,1.8722209220688042
31103,3451,Yucatán,0.0,Xocchel,0.0
31104,16350,Yucatán,0.0,Yaxcabá,0.0
31105,3293,Yucatán,0.0,Yaxkukul,0.0
31106,2215,Yucatán,0.0,Yobaín,0.0
32001,6260,Zacatecas,0.0,Apozol,0.0
32002,4942,Zacatecas,0.0,Apulco,0.0
32003,2277,Zacatecas,0.0,Atolinga,0.0
32004,4493,Zacatecas,0.0,Benito Juárez,0.0
32005,45759,Zacatecas,8.0,Calera,1.7482899538888526
32006,8255,Zacatecas,0.0,Cañitas de Felipe Pescador,0.0
32007,12115,Zacatecas,5.0,Concepción del Oro,4.127115146512588
32008,13466,Zacatecas,2.0,Cuauhtémoc,1.4852220406950838
32009,10086,Zacatecas,1.0,Chalchihuites,0.99147332936744
32010,240532,Zacatecas,46.0,Fresnillo,1.9124274524803353
32011,3362,Zacatecas,0.0,Trinidad García de la Cadena,0.0
32012,8168,Zacatecas,0.0,Genaro Codina,0.0
32013,6644,Zacatecas,2.0,General Enrique Estrada,3.0102347983142685
32014,20191,Zacatecas,1.0,General Francisco R. Murguía,0.49527016987766825
32015,1579,Zacatecas,0.0,El Plateado de Joaquín Amaro,0.0
32016,23526,Zacatecas,1.0,General Pánfilo Natera,0.42506163393692087
32017,211740,Zacatecas,70.0,Guadalupe,3.3059412487012376
32018,4547,Zacatecas,1.0,Huanusco,2.1992522542335604
32019,25296,Zacatecas,4.0,Jalpa,1.5812776723592663
32020,59910,Zacatecas,10.0,Jerez,1.669170422300117
32021,4465,Zacatecas,0.0,Jiménez del Teul,0.0
32022,19749,Zacatecas,2.0,Juan Aldama,1.0127095042786978
32023,12251,Zacatecas,3.0,Juchipila,2.4487796914537587
32024,53709,Zacatecas,6.0,Loreto,1.1171312070602692
32025,13184,Zacatecas,2.0,Luis Moya,1.5169902912621358
32026,17774,Zacatecas,3.0,Mazapil,1.687858669967368
32027,2736,Zacatecas,0.0,Melchor Ocampo,0.0
32028,2451,Zacatecas,0.0,Mezquital del Oro,0.0
32029,23713,Zacatecas,2.0,Miguel Auza,0.8434192215240586
32030,2446,Zacatecas,1.0,Momax,4.088307440719542
32031,8683,Zacatecas,0.0,Monte Escobedo,0.0
32032,13207,Zacatecas,8.0,Morelos,6.057393806314833
32033,4530,Zacatecas,1.0,Moyahua de Estrada,2.207505518763797
32034,27945,Zacatecas,3.0,Nochistlán de Mejía,1.0735373054213633
32035,16284,Zacatecas,0.0,Noria de Ángeles,0.0
32036,44144,Zacatecas,2.0,Ojocaliente,0.45306270387821673
32037,17577,Zacatecas,1.0,Pánuco,0.5689253001080958
32038,72241,Zacatecas,2.0,Pinos,0.276851095638211
32039,64535,Zacatecas,6.0,Río Grande,0.929728054544046
32040,21844,Zacatecas,2.0,Sain Alto,0.9155832265152902
32041,2509,Zacatecas,0.0,El Salvador,0.0
32042,63665,Zacatecas,5.0,Sombrerete,0.7853608733212911
32043,1365,Zacatecas,0.0,Susticacán,0.0
32044,16588,Zacatecas,2.0,Tabasco,1.2056908608632746
32045,8321,Zacatecas,1.0,Tepechitlán,1.2017786323759163
32046,6490,Zacatecas,1.0,Tepetongo,1.5408320493066257
32047,5356,Zacatecas,1.0,Teúl de González Ortega,1.8670649738610905
32048,27302,Zacatecas,4.0,Tlaltenango de Sánchez Román,1.465094132298
32049,32461,Zacatecas,5.0,Valparaíso,1.540309910353963
32050,10276,Zacatecas,1.0,Vetagrande,0.9731413001167769
32051,34623,Zacatecas,3.0,Villa de Cos,0.8664760419374404
32052,19525,Zacatecas,0.0,Villa García,0.0
32053,13208,Zacatecas,1.0,Villa González Ortega,0.7571168988491823
32054,19446,Zacatecas,1.0,Villa Hidalgo,0.5142445747197367
32055,31558,Zacatecas,4.0,Villanueva,1.2675074466062488
32056,149607,Zacatecas,62.0,Zacatecas,4.14419111405215
32057,20455,Zacatecas,3.0,Trancoso,1.466634074798338
32058,2767,Zacatecas,0.0,Santa María de la Paz,0.0
